global_batch_id,family_id,partition,family_batch_id,site_rank_start,site_count_maximum,global_site_offset,fault_index_start,fault_count_maximum,vector_count,baseline_records,maximum_enabled_transactions,checkpoint_after_batch,status
0,opentitan_hmac_sha256,GENERALIZATION_TRAIN,0,0,64,0,0,128,64,64,8192,REQUIRED,AMENDED / AUTHORIZED
1,opentitan_hmac_sha256,GENERALIZATION_TRAIN,1,64,64,64,128,128,64,64,8192,REQUIRED,AMENDED / AUTHORIZED
2,opentitan_hmac_sha256,GENERALIZATION_TRAIN,2,128,64,128,256,128,64,64,8192,REQUIRED,AMENDED / AUTHORIZED
3,opentitan_hmac_sha256,GENERALIZATION_TRAIN,3,192,64,192,384,128,64,64,8192,REQUIRED,AMENDED / AUTHORIZED
4,opentitan_hmac_sha256,GENERALIZATION_TRAIN,4,256,64,256,512,128,64,64,8192,REQUIRED,AMENDED / AUTHORIZED
5,opentitan_hmac_sha256,GENERALIZATION_TRAIN,5,320,64,320,640,128,64,64,8192,REQUIRED,AMENDED / AUTHORIZED
6,opentitan_hmac_sha256,GENERALIZATION_TRAIN,6,384,64,384,768,128,64,64,8192,REQUIRED,AMENDED / AUTHORIZED
7,opentitan_hmac_sha256,GENERALIZATION_TRAIN,7,448,64,448,896,128,64,64,8192,REQUIRED,AMENDED / AUTHORIZED
8,opentitan_hmac_sha256,GENERALIZATION_TRAIN,8,512,64,512,1024,128,64,64,8192,REQUIRED,AMENDED / AUTHORIZED
9,opentitan_hmac_sha256,GENERALIZATION_TRAIN,9,576,64,576,1152,128,64,64,8192,REQUIRED,AMENDED / AUTHORIZED
10,opentitan_hmac_sha256,GENERALIZATION_TRAIN,10,640,64,640,1280,128,64,64,8192,REQUIRED,AMENDED / AUTHORIZED
11,opentitan_hmac_sha256,GENERALIZATION_TRAIN,11,704,64,704,1408,128,64,64,8192,REQUIRED,AMENDED / AUTHORIZED
12,opentitan_hmac_sha256,GENERALIZATION_TRAIN,12,768,64,768,1536,128,64,64,8192,REQUIRED,AMENDED / AUTHORIZED
13,opentitan_hmac_sha256,GENERALIZATION_TRAIN,13,832,64,832,1664,128,64,64,8192,REQUIRED,AMENDED / AUTHORIZED
14,opentitan_hmac_sha256,GENERALIZATION_TRAIN,14,896,64,896,1792,128,64,64,8192,REQUIRED,AMENDED / AUTHORIZED
15,opentitan_hmac_sha256,GENERALIZATION_TRAIN,15,960,64,960,1920,128,64,64,8192,REQUIRED,AMENDED / AUTHORIZED
16,opentitan_hmac_sha256,GENERALIZATION_TRAIN,16,1024,64,1024,2048,128,64,64,8192,REQUIRED,AMENDED / AUTHORIZED
17,opentitan_hmac_sha256,GENERALIZATION_TRAIN,17,1088,64,1088,2176,128,64,64,8192,REQUIRED,AMENDED / AUTHORIZED
18,opentitan_hmac_sha256,GENERALIZATION_TRAIN,18,1152,64,1152,2304,128,64,64,8192,REQUIRED,AMENDED / AUTHORIZED
19,opentitan_hmac_sha256,GENERALIZATION_TRAIN,19,1216,64,1216,2432,128,64,64,8192,REQUIRED,AMENDED / AUTHORIZED
20,opentitan_hmac_sha256,GENERALIZATION_TRAIN,20,1280,64,1280,2560,128,64,64,8192,REQUIRED,AMENDED / AUTHORIZED
21,opentitan_hmac_sha256,GENERALIZATION_TRAIN,21,1344,64,1344,2688,128,64,64,8192,REQUIRED,AMENDED / AUTHORIZED
22,opentitan_hmac_sha256,GENERALIZATION_TRAIN,22,1408,64,1408,2816,128,64,64,8192,REQUIRED,AMENDED / AUTHORIZED
23,opentitan_hmac_sha256,GENERALIZATION_TRAIN,23,1472,64,1472,2944,128,64,64,8192,REQUIRED,AMENDED / AUTHORIZED
24,opentitan_hmac_sha256,GENERALIZATION_TRAIN,24,1536,64,1536,3072,128,64,64,8192,REQUIRED,AMENDED / AUTHORIZED
25,opentitan_hmac_sha256,GENERALIZATION_TRAIN,25,1600,64,1600,3200,128,64,64,8192,REQUIRED,AMENDED / AUTHORIZED
26,opentitan_hmac_sha256,GENERALIZATION_TRAIN,26,1664,64,1664,3328,128,64,64,8192,REQUIRED,AMENDED / AUTHORIZED
27,opentitan_hmac_sha256,GENERALIZATION_TRAIN,27,1728,64,1728,3456,128,64,64,8192,REQUIRED,AMENDED / AUTHORIZED
28,opentitan_hmac_sha256,GENERALIZATION_TRAIN,28,1792,64,1792,3584,128,64,64,8192,REQUIRED,AMENDED / AUTHORIZED
29,opentitan_hmac_sha256,GENERALIZATION_TRAIN,29,1856,64,1856,3712,128,64,64,8192,REQUIRED,AMENDED / AUTHORIZED
30,opentitan_hmac_sha256,GENERALIZATION_TRAIN,30,1920,64,1920,3840,128,64,64,8192,REQUIRED,AMENDED / AUTHORIZED
31,opentitan_hmac_sha256,GENERALIZATION_TRAIN,31,1984,64,1984,3968,128,64,64,8192,REQUIRED,AMENDED / AUTHORIZED
32,opentitan_hmac_sha256,GENERALIZATION_TRAIN,32,2048,64,2048,4096,128,64,64,8192,REQUIRED,AMENDED / AUTHORIZED
33,opentitan_hmac_sha256,GENERALIZATION_TRAIN,33,2112,64,2112,4224,128,64,64,8192,REQUIRED,AMENDED / AUTHORIZED
34,opentitan_hmac_sha256,GENERALIZATION_TRAIN,34,2176,64,2176,4352,128,64,64,8192,REQUIRED,AMENDED / AUTHORIZED
35,opentitan_hmac_sha256,GENERALIZATION_TRAIN,35,2240,64,2240,4480,128,64,64,8192,REQUIRED,AMENDED / AUTHORIZED
36,opentitan_hmac_sha256,GENERALIZATION_TRAIN,36,2304,64,2304,4608,128,64,64,8192,REQUIRED,AMENDED / AUTHORIZED
37,opentitan_hmac_sha256,GENERALIZATION_TRAIN,37,2368,64,2368,4736,128,64,64,8192,REQUIRED,AMENDED / AUTHORIZED
38,opentitan_hmac_sha256,GENERALIZATION_TRAIN,38,2432,64,2432,4864,128,64,64,8192,REQUIRED,AMENDED / AUTHORIZED
39,opentitan_hmac_sha256,GENERALIZATION_TRAIN,39,2496,64,2496,4992,128,64,64,8192,REQUIRED,AMENDED / AUTHORIZED
40,opentitan_hmac_sha256,GENERALIZATION_TRAIN,40,2560,64,2560,5120,128,64,64,8192,REQUIRED,AMENDED / AUTHORIZED
41,opentitan_hmac_sha256,GENERALIZATION_TRAIN,41,2624,64,2624,5248,128,64,64,8192,REQUIRED,AMENDED / AUTHORIZED
42,opentitan_hmac_sha256,GENERALIZATION_TRAIN,42,2688,64,2688,5376,128,64,64,8192,REQUIRED,AMENDED / AUTHORIZED
43,opentitan_hmac_sha256,GENERALIZATION_TRAIN,43,2752,64,2752,5504,128,64,64,8192,REQUIRED,AMENDED / AUTHORIZED
44,opentitan_hmac_sha256,GENERALIZATION_TRAIN,44,2816,64,2816,5632,128,64,64,8192,REQUIRED,AMENDED / AUTHORIZED
45,opentitan_hmac_sha256,GENERALIZATION_TRAIN,45,2880,64,2880,5760,128,64,64,8192,REQUIRED,AMENDED / AUTHORIZED
46,opentitan_hmac_sha256,GENERALIZATION_TRAIN,46,2944,64,2944,5888,128,64,64,8192,REQUIRED,AMENDED / AUTHORIZED
47,opentitan_hmac_sha256,GENERALIZATION_TRAIN,47,3008,64,3008,6016,128,64,64,8192,REQUIRED,AMENDED / AUTHORIZED
48,opentitan_hmac_sha256,GENERALIZATION_TRAIN,48,3072,64,3072,6144,128,64,64,8192,REQUIRED,AMENDED / AUTHORIZED
49,opentitan_hmac_sha256,GENERALIZATION_TRAIN,49,3136,64,3136,6272,128,64,64,8192,REQUIRED,AMENDED / AUTHORIZED
50,opentitan_hmac_sha256,GENERALIZATION_TRAIN,50,3200,64,3200,6400,128,64,64,8192,REQUIRED,AMENDED / AUTHORIZED
51,opentitan_hmac_sha256,GENERALIZATION_TRAIN,51,3264,64,3264,6528,128,64,64,8192,REQUIRED,AMENDED / AUTHORIZED
52,opentitan_hmac_sha256,GENERALIZATION_TRAIN,52,3328,64,3328,6656,128,64,64,8192,REQUIRED,AMENDED / AUTHORIZED
53,opentitan_hmac_sha256,GENERALIZATION_TRAIN,53,3392,64,3392,6784,128,64,64,8192,REQUIRED,AMENDED / AUTHORIZED
54,opentitan_hmac_sha256,GENERALIZATION_TRAIN,54,3456,64,3456,6912,128,64,64,8192,REQUIRED,AMENDED / AUTHORIZED
55,opentitan_hmac_sha256,GENERALIZATION_TRAIN,55,3520,64,3520,7040,128,64,64,8192,REQUIRED,AMENDED / AUTHORIZED
56,opentitan_hmac_sha256,GENERALIZATION_TRAIN,56,3584,64,3584,7168,128,64,64,8192,REQUIRED,AMENDED / AUTHORIZED
57,opentitan_hmac_sha256,GENERALIZATION_TRAIN,57,3648,64,3648,7296,128,64,64,8192,REQUIRED,AMENDED / AUTHORIZED
58,opentitan_hmac_sha256,GENERALIZATION_TRAIN,58,3712,64,3712,7424,128,64,64,8192,REQUIRED,AMENDED / AUTHORIZED
59,opentitan_hmac_sha256,GENERALIZATION_TRAIN,59,3776,64,3776,7552,128,64,64,8192,REQUIRED,AMENDED / AUTHORIZED
60,opentitan_hmac_sha256,GENERALIZATION_TRAIN,60,3840,64,3840,7680,128,64,64,8192,REQUIRED,AMENDED / AUTHORIZED
61,opentitan_hmac_sha256,GENERALIZATION_TRAIN,61,3904,64,3904,7808,128,64,64,8192,REQUIRED,AMENDED / AUTHORIZED
62,opentitan_hmac_sha256,GENERALIZATION_TRAIN,62,3968,64,3968,7936,128,64,64,8192,REQUIRED,AMENDED / AUTHORIZED
63,opentitan_hmac_sha256,GENERALIZATION_TRAIN,63,4032,64,4032,8064,128,64,64,8192,REQUIRED,AMENDED / AUTHORIZED
64,opentitan_hmac_sha256,GENERALIZATION_TRAIN,64,4096,64,4096,8192,128,64,64,8192,REQUIRED,AMENDED / AUTHORIZED
65,opentitan_hmac_sha256,GENERALIZATION_TRAIN,65,4160,64,4160,8320,128,64,64,8192,REQUIRED,AMENDED / AUTHORIZED
66,opentitan_hmac_sha256,GENERALIZATION_TRAIN,66,4224,64,4224,8448,128,64,64,8192,REQUIRED,AMENDED / AUTHORIZED
67,opentitan_hmac_sha256,GENERALIZATION_TRAIN,67,4288,64,4288,8576,128,64,64,8192,REQUIRED,AMENDED / AUTHORIZED
68,opentitan_hmac_sha256,GENERALIZATION_TRAIN,68,4352,64,4352,8704,128,64,64,8192,REQUIRED,AMENDED / AUTHORIZED
69,opentitan_hmac_sha256,GENERALIZATION_TRAIN,69,4416,64,4416,8832,128,64,64,8192,REQUIRED,AMENDED / AUTHORIZED
70,opentitan_hmac_sha256,GENERALIZATION_TRAIN,70,4480,64,4480,8960,128,64,64,8192,REQUIRED,AMENDED / AUTHORIZED
71,opentitan_hmac_sha256,GENERALIZATION_TRAIN,71,4544,64,4544,9088,128,64,64,8192,REQUIRED,AMENDED / AUTHORIZED
72,opentitan_hmac_sha256,GENERALIZATION_TRAIN,72,4608,64,4608,9216,128,64,64,8192,REQUIRED,AMENDED / AUTHORIZED
73,opentitan_hmac_sha256,GENERALIZATION_TRAIN,73,4672,64,4672,9344,128,64,64,8192,REQUIRED,AMENDED / AUTHORIZED
74,opentitan_hmac_sha256,GENERALIZATION_TRAIN,74,4736,64,4736,9472,128,64,64,8192,REQUIRED,AMENDED / AUTHORIZED
75,opentitan_hmac_sha256,GENERALIZATION_TRAIN,75,4800,64,4800,9600,128,64,64,8192,REQUIRED,AMENDED / AUTHORIZED
76,opentitan_hmac_sha256,GENERALIZATION_TRAIN,76,4864,64,4864,9728,128,64,64,8192,REQUIRED,AMENDED / AUTHORIZED
77,opentitan_hmac_sha256,GENERALIZATION_TRAIN,77,4928,64,4928,9856,128,64,64,8192,REQUIRED,AMENDED / AUTHORIZED
78,opentitan_hmac_sha256,GENERALIZATION_TRAIN,78,4992,64,4992,9984,128,64,64,8192,REQUIRED,AMENDED / AUTHORIZED
79,opentitan_hmac_sha256,GENERALIZATION_TRAIN,79,5056,64,5056,10112,128,64,64,8192,REQUIRED,AMENDED / AUTHORIZED
80,opentitan_hmac_sha256,GENERALIZATION_TRAIN,80,5120,64,5120,10240,128,64,64,8192,REQUIRED,AMENDED / AUTHORIZED
81,opentitan_hmac_sha256,GENERALIZATION_TRAIN,81,5184,64,5184,10368,128,64,64,8192,REQUIRED,AMENDED / AUTHORIZED
82,opentitan_hmac_sha256,GENERALIZATION_TRAIN,82,5248,64,5248,10496,128,64,64,8192,REQUIRED,AMENDED / AUTHORIZED
83,opentitan_hmac_sha256,GENERALIZATION_TRAIN,83,5312,64,5312,10624,128,64,64,8192,REQUIRED,AMENDED / AUTHORIZED
84,opentitan_hmac_sha256,GENERALIZATION_TRAIN,84,5376,64,5376,10752,128,64,64,8192,REQUIRED,AMENDED / AUTHORIZED
85,opentitan_hmac_sha256,GENERALIZATION_TRAIN,85,5440,64,5440,10880,128,64,64,8192,REQUIRED,AMENDED / AUTHORIZED
86,opentitan_hmac_sha256,GENERALIZATION_TRAIN,86,5504,64,5504,11008,128,64,64,8192,REQUIRED,AMENDED / AUTHORIZED
87,opentitan_hmac_sha256,GENERALIZATION_TRAIN,87,5568,64,5568,11136,128,64,64,8192,REQUIRED,AMENDED / AUTHORIZED
88,opentitan_hmac_sha256,GENERALIZATION_TRAIN,88,5632,64,5632,11264,128,64,64,8192,REQUIRED,AMENDED / AUTHORIZED
89,opentitan_hmac_sha256,GENERALIZATION_TRAIN,89,5696,64,5696,11392,128,64,64,8192,REQUIRED,AMENDED / AUTHORIZED
90,opentitan_hmac_sha256,GENERALIZATION_TRAIN,90,5760,64,5760,11520,128,64,64,8192,REQUIRED,AMENDED / AUTHORIZED
91,opentitan_hmac_sha256,GENERALIZATION_TRAIN,91,5824,64,5824,11648,128,64,64,8192,REQUIRED,AMENDED / AUTHORIZED
92,opentitan_hmac_sha256,GENERALIZATION_TRAIN,92,5888,64,5888,11776,128,64,64,8192,REQUIRED,AMENDED / AUTHORIZED
93,opentitan_hmac_sha256,GENERALIZATION_TRAIN,93,5952,64,5952,11904,128,64,64,8192,REQUIRED,AMENDED / AUTHORIZED
94,opentitan_hmac_sha256,GENERALIZATION_TRAIN,94,6016,64,6016,12032,128,64,64,8192,REQUIRED,AMENDED / AUTHORIZED
95,opentitan_hmac_sha256,GENERALIZATION_TRAIN,95,6080,64,6080,12160,128,64,64,8192,REQUIRED,AMENDED / AUTHORIZED
96,opentitan_hmac_sha256,GENERALIZATION_TRAIN,96,6144,64,6144,12288,128,64,64,8192,REQUIRED,AMENDED / AUTHORIZED
97,opentitan_hmac_sha256,GENERALIZATION_TRAIN,97,6208,64,6208,12416,128,64,64,8192,REQUIRED,AMENDED / AUTHORIZED
98,opentitan_hmac_sha256,GENERALIZATION_TRAIN,98,6272,64,6272,12544,128,64,64,8192,REQUIRED,AMENDED / AUTHORIZED
99,opentitan_hmac_sha256,GENERALIZATION_TRAIN,99,6336,64,6336,12672,128,64,64,8192,REQUIRED,AMENDED / AUTHORIZED
100,opentitan_hmac_sha256,GENERALIZATION_TRAIN,100,6400,64,6400,12800,128,64,64,8192,REQUIRED,AMENDED / AUTHORIZED
101,opentitan_hmac_sha256,GENERALIZATION_TRAIN,101,6464,64,6464,12928,128,64,64,8192,REQUIRED,AMENDED / AUTHORIZED
102,opentitan_hmac_sha256,GENERALIZATION_TRAIN,102,6528,64,6528,13056,128,64,64,8192,REQUIRED,AMENDED / AUTHORIZED
103,opentitan_hmac_sha256,GENERALIZATION_TRAIN,103,6592,64,6592,13184,128,64,64,8192,REQUIRED,AMENDED / AUTHORIZED
104,opentitan_hmac_sha256,GENERALIZATION_TRAIN,104,6656,64,6656,13312,128,64,64,8192,REQUIRED,AMENDED / AUTHORIZED
105,opentitan_hmac_sha256,GENERALIZATION_TRAIN,105,6720,64,6720,13440,128,64,64,8192,REQUIRED,AMENDED / AUTHORIZED
106,opentitan_hmac_sha256,GENERALIZATION_TRAIN,106,6784,64,6784,13568,128,64,64,8192,REQUIRED,AMENDED / AUTHORIZED
107,opentitan_hmac_sha256,GENERALIZATION_TRAIN,107,6848,64,6848,13696,128,64,64,8192,REQUIRED,AMENDED / AUTHORIZED
108,opentitan_hmac_sha256,GENERALIZATION_TRAIN,108,6912,64,6912,13824,128,64,64,8192,REQUIRED,AMENDED / AUTHORIZED
109,opentitan_hmac_sha256,GENERALIZATION_TRAIN,109,6976,64,6976,13952,128,64,64,8192,REQUIRED,AMENDED / AUTHORIZED
110,opentitan_hmac_sha256,GENERALIZATION_TRAIN,110,7040,64,7040,14080,128,64,64,8192,REQUIRED,AMENDED / AUTHORIZED
111,opentitan_hmac_sha256,GENERALIZATION_TRAIN,111,7104,64,7104,14208,128,64,64,8192,REQUIRED,AMENDED / AUTHORIZED
112,opentitan_hmac_sha256,GENERALIZATION_TRAIN,112,7168,64,7168,14336,128,64,64,8192,REQUIRED,AMENDED / AUTHORIZED
113,opentitan_hmac_sha256,GENERALIZATION_TRAIN,113,7232,64,7232,14464,128,64,64,8192,REQUIRED,AMENDED / AUTHORIZED
114,opentitan_hmac_sha256,GENERALIZATION_TRAIN,114,7296,64,7296,14592,128,64,64,8192,REQUIRED,AMENDED / AUTHORIZED
115,opentitan_hmac_sha256,GENERALIZATION_TRAIN,115,7360,64,7360,14720,128,64,64,8192,REQUIRED,AMENDED / AUTHORIZED
116,opentitan_hmac_sha256,GENERALIZATION_TRAIN,116,7424,64,7424,14848,128,64,64,8192,REQUIRED,AMENDED / AUTHORIZED
117,opentitan_hmac_sha256,GENERALIZATION_TRAIN,117,7488,64,7488,14976,128,64,64,8192,REQUIRED,AMENDED / AUTHORIZED
118,opentitan_hmac_sha256,GENERALIZATION_TRAIN,118,7552,64,7552,15104,128,64,64,8192,REQUIRED,AMENDED / AUTHORIZED
119,opentitan_hmac_sha256,GENERALIZATION_TRAIN,119,7616,64,7616,15232,128,64,64,8192,REQUIRED,AMENDED / AUTHORIZED
120,opentitan_hmac_sha256,GENERALIZATION_TRAIN,120,7680,64,7680,15360,128,64,64,8192,REQUIRED,AMENDED / AUTHORIZED
121,opentitan_hmac_sha256,GENERALIZATION_TRAIN,121,7744,64,7744,15488,128,64,64,8192,REQUIRED,AMENDED / AUTHORIZED
122,opentitan_hmac_sha256,GENERALIZATION_TRAIN,122,7808,64,7808,15616,128,64,64,8192,REQUIRED,AMENDED / AUTHORIZED
123,opentitan_hmac_sha256,GENERALIZATION_TRAIN,123,7872,64,7872,15744,128,64,64,8192,REQUIRED,AMENDED / AUTHORIZED
124,opentitan_hmac_sha256,GENERALIZATION_TRAIN,124,7936,64,7936,15872,128,64,64,8192,REQUIRED,AMENDED / AUTHORIZED
125,opentitan_hmac_sha256,GENERALIZATION_TRAIN,125,8000,64,8000,16000,128,64,64,8192,REQUIRED,AMENDED / AUTHORIZED
126,opentitan_hmac_sha256,GENERALIZATION_TRAIN,126,8064,64,8064,16128,128,64,64,8192,REQUIRED,AMENDED / AUTHORIZED
127,opentitan_hmac_sha256,GENERALIZATION_TRAIN,127,8128,64,8128,16256,128,64,64,8192,REQUIRED,AMENDED / AUTHORIZED
128,opentitan_hmac_sha256,GENERALIZATION_TRAIN,128,8192,64,8192,16384,128,64,64,8192,REQUIRED,AMENDED / AUTHORIZED
129,opentitan_hmac_sha256,GENERALIZATION_TRAIN,129,8256,64,8256,16512,128,64,64,8192,REQUIRED,AMENDED / AUTHORIZED
130,opentitan_hmac_sha256,GENERALIZATION_TRAIN,130,8320,64,8320,16640,128,64,64,8192,REQUIRED,AMENDED / AUTHORIZED
131,opentitan_hmac_sha256,GENERALIZATION_TRAIN,131,8384,64,8384,16768,128,64,64,8192,REQUIRED,AMENDED / AUTHORIZED
132,opentitan_hmac_sha256,GENERALIZATION_TRAIN,132,8448,64,8448,16896,128,64,64,8192,REQUIRED,AMENDED / AUTHORIZED
133,opentitan_hmac_sha256,GENERALIZATION_TRAIN,133,8512,64,8512,17024,128,64,64,8192,REQUIRED,AMENDED / AUTHORIZED
134,opentitan_hmac_sha256,GENERALIZATION_TRAIN,134,8576,64,8576,17152,128,64,64,8192,REQUIRED,AMENDED / AUTHORIZED
135,opentitan_hmac_sha256,GENERALIZATION_TRAIN,135,8640,64,8640,17280,128,64,64,8192,REQUIRED,AMENDED / AUTHORIZED
136,opentitan_hmac_sha256,GENERALIZATION_TRAIN,136,8704,64,8704,17408,128,64,64,8192,REQUIRED,AMENDED / AUTHORIZED
137,opentitan_hmac_sha256,GENERALIZATION_TRAIN,137,8768,64,8768,17536,128,64,64,8192,REQUIRED,AMENDED / AUTHORIZED
138,opentitan_hmac_sha256,GENERALIZATION_TRAIN,138,8832,64,8832,17664,128,64,64,8192,REQUIRED,AMENDED / AUTHORIZED
139,opentitan_hmac_sha256,GENERALIZATION_TRAIN,139,8896,64,8896,17792,128,64,64,8192,REQUIRED,AMENDED / AUTHORIZED
140,opentitan_hmac_sha256,GENERALIZATION_TRAIN,140,8960,64,8960,17920,128,64,64,8192,REQUIRED,AMENDED / AUTHORIZED
141,opentitan_hmac_sha256,GENERALIZATION_TRAIN,141,9024,64,9024,18048,128,64,64,8192,REQUIRED,AMENDED / AUTHORIZED
142,opentitan_hmac_sha256,GENERALIZATION_TRAIN,142,9088,64,9088,18176,128,64,64,8192,REQUIRED,AMENDED / AUTHORIZED
143,opentitan_hmac_sha256,GENERALIZATION_TRAIN,143,9152,64,9152,18304,128,64,64,8192,REQUIRED,AMENDED / AUTHORIZED
144,opentitan_hmac_sha256,GENERALIZATION_TRAIN,144,9216,64,9216,18432,128,64,64,8192,REQUIRED,AMENDED / AUTHORIZED
145,opentitan_hmac_sha256,GENERALIZATION_TRAIN,145,9280,64,9280,18560,128,64,64,8192,REQUIRED,AMENDED / AUTHORIZED
146,opentitan_hmac_sha256,GENERALIZATION_TRAIN,146,9344,64,9344,18688,128,64,64,8192,REQUIRED,AMENDED / AUTHORIZED
147,opentitan_hmac_sha256,GENERALIZATION_TRAIN,147,9408,64,9408,18816,128,64,64,8192,REQUIRED,AMENDED / AUTHORIZED
148,opentitan_hmac_sha256,GENERALIZATION_TRAIN,148,9472,64,9472,18944,128,64,64,8192,REQUIRED,AMENDED / AUTHORIZED
149,opentitan_hmac_sha256,GENERALIZATION_TRAIN,149,9536,64,9536,19072,128,64,64,8192,REQUIRED,AMENDED / AUTHORIZED
150,opentitan_hmac_sha256,GENERALIZATION_TRAIN,150,9600,64,9600,19200,128,64,64,8192,REQUIRED,AMENDED / AUTHORIZED
151,opentitan_hmac_sha256,GENERALIZATION_TRAIN,151,9664,64,9664,19328,128,64,64,8192,REQUIRED,AMENDED / AUTHORIZED
152,opentitan_hmac_sha256,GENERALIZATION_TRAIN,152,9728,64,9728,19456,128,64,64,8192,REQUIRED,AMENDED / AUTHORIZED
153,opentitan_hmac_sha256,GENERALIZATION_TRAIN,153,9792,64,9792,19584,128,64,64,8192,REQUIRED,AMENDED / AUTHORIZED
154,opentitan_hmac_sha256,GENERALIZATION_TRAIN,154,9856,64,9856,19712,128,64,64,8192,REQUIRED,AMENDED / AUTHORIZED
155,opentitan_hmac_sha256,GENERALIZATION_TRAIN,155,9920,64,9920,19840,128,64,64,8192,REQUIRED,AMENDED / AUTHORIZED
156,opentitan_hmac_sha256,GENERALIZATION_TRAIN,156,9984,64,9984,19968,128,64,64,8192,REQUIRED,AMENDED / AUTHORIZED
157,opentitan_hmac_sha256,GENERALIZATION_TRAIN,157,10048,64,10048,20096,128,64,64,8192,REQUIRED,AMENDED / AUTHORIZED
158,opentitan_hmac_sha256,GENERALIZATION_TRAIN,158,10112,64,10112,20224,128,64,64,8192,REQUIRED,AMENDED / AUTHORIZED
159,opentitan_hmac_sha256,GENERALIZATION_TRAIN,159,10176,64,10176,20352,128,64,64,8192,REQUIRED,AMENDED / AUTHORIZED
160,opentitan_hmac_sha256,GENERALIZATION_TRAIN,160,10240,64,10240,20480,128,64,64,8192,REQUIRED,AMENDED / AUTHORIZED
161,opentitan_hmac_sha256,GENERALIZATION_TRAIN,161,10304,64,10304,20608,128,64,64,8192,REQUIRED,AMENDED / AUTHORIZED
162,opentitan_hmac_sha256,GENERALIZATION_TRAIN,162,10368,64,10368,20736,128,64,64,8192,REQUIRED,AMENDED / AUTHORIZED
163,opentitan_hmac_sha256,GENERALIZATION_TRAIN,163,10432,64,10432,20864,128,64,64,8192,REQUIRED,AMENDED / AUTHORIZED
164,opentitan_hmac_sha256,GENERALIZATION_TRAIN,164,10496,64,10496,20992,128,64,64,8192,REQUIRED,AMENDED / AUTHORIZED
165,opentitan_hmac_sha256,GENERALIZATION_TRAIN,165,10560,64,10560,21120,128,64,64,8192,REQUIRED,AMENDED / AUTHORIZED
166,opentitan_hmac_sha256,GENERALIZATION_TRAIN,166,10624,64,10624,21248,128,64,64,8192,REQUIRED,AMENDED / AUTHORIZED
167,opentitan_hmac_sha256,GENERALIZATION_TRAIN,167,10688,64,10688,21376,128,64,64,8192,REQUIRED,AMENDED / AUTHORIZED
168,opentitan_hmac_sha256,GENERALIZATION_TRAIN,168,10752,64,10752,21504,128,64,64,8192,REQUIRED,AMENDED / AUTHORIZED
169,opentitan_hmac_sha256,GENERALIZATION_TRAIN,169,10816,64,10816,21632,128,64,64,8192,REQUIRED,AMENDED / AUTHORIZED
170,opentitan_hmac_sha256,GENERALIZATION_TRAIN,170,10880,64,10880,21760,128,64,64,8192,REQUIRED,AMENDED / AUTHORIZED
171,opentitan_hmac_sha256,GENERALIZATION_TRAIN,171,10944,64,10944,21888,128,64,64,8192,REQUIRED,AMENDED / AUTHORIZED
172,opentitan_hmac_sha256,GENERALIZATION_TRAIN,172,11008,64,11008,22016,128,64,64,8192,REQUIRED,AMENDED / AUTHORIZED
173,opentitan_hmac_sha256,GENERALIZATION_TRAIN,173,11072,64,11072,22144,128,64,64,8192,REQUIRED,AMENDED / AUTHORIZED
174,opentitan_hmac_sha256,GENERALIZATION_TRAIN,174,11136,64,11136,22272,128,64,64,8192,REQUIRED,AMENDED / AUTHORIZED
175,opentitan_hmac_sha256,GENERALIZATION_TRAIN,175,11200,64,11200,22400,128,64,64,8192,REQUIRED,AMENDED / AUTHORIZED
176,opentitan_hmac_sha256,GENERALIZATION_TRAIN,176,11264,64,11264,22528,128,64,64,8192,REQUIRED,AMENDED / AUTHORIZED
177,opentitan_hmac_sha256,GENERALIZATION_TRAIN,177,11328,64,11328,22656,128,64,64,8192,REQUIRED,AMENDED / AUTHORIZED
178,opentitan_hmac_sha256,GENERALIZATION_TRAIN,178,11392,64,11392,22784,128,64,64,8192,REQUIRED,AMENDED / AUTHORIZED
179,opentitan_hmac_sha256,GENERALIZATION_TRAIN,179,11456,64,11456,22912,128,64,64,8192,REQUIRED,AMENDED / AUTHORIZED
180,opentitan_hmac_sha256,GENERALIZATION_TRAIN,180,11520,64,11520,23040,128,64,64,8192,REQUIRED,AMENDED / AUTHORIZED
181,opentitan_hmac_sha256,GENERALIZATION_TRAIN,181,11584,64,11584,23168,128,64,64,8192,REQUIRED,AMENDED / AUTHORIZED
182,opentitan_hmac_sha256,GENERALIZATION_TRAIN,182,11648,64,11648,23296,128,64,64,8192,REQUIRED,AMENDED / AUTHORIZED
183,opentitan_hmac_sha256,GENERALIZATION_TRAIN,183,11712,64,11712,23424,128,64,64,8192,REQUIRED,AMENDED / AUTHORIZED
184,opentitan_hmac_sha256,GENERALIZATION_TRAIN,184,11776,64,11776,23552,128,64,64,8192,REQUIRED,AMENDED / AUTHORIZED
185,opentitan_hmac_sha256,GENERALIZATION_TRAIN,185,11840,64,11840,23680,128,64,64,8192,REQUIRED,AMENDED / AUTHORIZED
186,opentitan_hmac_sha256,GENERALIZATION_TRAIN,186,11904,64,11904,23808,128,64,64,8192,REQUIRED,AMENDED / AUTHORIZED
187,opentitan_hmac_sha256,GENERALIZATION_TRAIN,187,11968,64,11968,23936,128,64,64,8192,REQUIRED,AMENDED / AUTHORIZED
188,opentitan_hmac_sha256,GENERALIZATION_TRAIN,188,12032,64,12032,24064,128,64,64,8192,REQUIRED,AMENDED / AUTHORIZED
189,opentitan_hmac_sha256,GENERALIZATION_TRAIN,189,12096,64,12096,24192,128,64,64,8192,REQUIRED,AMENDED / AUTHORIZED
190,opentitan_hmac_sha256,GENERALIZATION_TRAIN,190,12160,64,12160,24320,128,64,64,8192,REQUIRED,AMENDED / AUTHORIZED
191,opentitan_hmac_sha256,GENERALIZATION_TRAIN,191,12224,64,12224,24448,128,64,64,8192,REQUIRED,AMENDED / AUTHORIZED
192,opentitan_hmac_sha256,GENERALIZATION_TRAIN,192,12288,64,12288,24576,128,64,64,8192,REQUIRED,AMENDED / AUTHORIZED
193,opentitan_hmac_sha256,GENERALIZATION_TRAIN,193,12352,64,12352,24704,128,64,64,8192,REQUIRED,AMENDED / AUTHORIZED
194,opentitan_hmac_sha256,GENERALIZATION_TRAIN,194,12416,64,12416,24832,128,64,64,8192,REQUIRED,AMENDED / AUTHORIZED
195,opentitan_hmac_sha256,GENERALIZATION_TRAIN,195,12480,64,12480,24960,128,64,64,8192,REQUIRED,AMENDED / AUTHORIZED
196,opentitan_hmac_sha256,GENERALIZATION_TRAIN,196,12544,64,12544,25088,128,64,64,8192,REQUIRED,AMENDED / AUTHORIZED
197,opentitan_hmac_sha256,GENERALIZATION_TRAIN,197,12608,64,12608,25216,128,64,64,8192,REQUIRED,AMENDED / AUTHORIZED
198,opentitan_hmac_sha256,GENERALIZATION_TRAIN,198,12672,64,12672,25344,128,64,64,8192,REQUIRED,AMENDED / AUTHORIZED
199,opentitan_hmac_sha256,GENERALIZATION_TRAIN,199,12736,64,12736,25472,128,64,64,8192,REQUIRED,AMENDED / AUTHORIZED
200,opentitan_hmac_sha256,GENERALIZATION_TRAIN,200,12800,64,12800,25600,128,64,64,8192,REQUIRED,AMENDED / AUTHORIZED
201,opentitan_hmac_sha256,GENERALIZATION_TRAIN,201,12864,64,12864,25728,128,64,64,8192,REQUIRED,AMENDED / AUTHORIZED
202,opentitan_hmac_sha256,GENERALIZATION_TRAIN,202,12928,64,12928,25856,128,64,64,8192,REQUIRED,AMENDED / AUTHORIZED
203,opentitan_hmac_sha256,GENERALIZATION_TRAIN,203,12992,64,12992,25984,128,64,64,8192,REQUIRED,AMENDED / AUTHORIZED
204,opentitan_hmac_sha256,GENERALIZATION_TRAIN,204,13056,64,13056,26112,128,64,64,8192,REQUIRED,AMENDED / AUTHORIZED
205,opentitan_hmac_sha256,GENERALIZATION_TRAIN,205,13120,64,13120,26240,128,64,64,8192,REQUIRED,AMENDED / AUTHORIZED
206,opentitan_hmac_sha256,GENERALIZATION_TRAIN,206,13184,64,13184,26368,128,64,64,8192,REQUIRED,AMENDED / AUTHORIZED
207,opentitan_hmac_sha256,GENERALIZATION_TRAIN,207,13248,64,13248,26496,128,64,64,8192,REQUIRED,AMENDED / AUTHORIZED
208,opentitan_hmac_sha256,GENERALIZATION_TRAIN,208,13312,64,13312,26624,128,64,64,8192,REQUIRED,AMENDED / AUTHORIZED
209,opentitan_hmac_sha256,GENERALIZATION_TRAIN,209,13376,64,13376,26752,128,64,64,8192,REQUIRED,AMENDED / AUTHORIZED
210,opentitan_hmac_sha256,GENERALIZATION_TRAIN,210,13440,64,13440,26880,128,64,64,8192,REQUIRED,AMENDED / AUTHORIZED
211,opentitan_hmac_sha256,GENERALIZATION_TRAIN,211,13504,64,13504,27008,128,64,64,8192,REQUIRED,AMENDED / AUTHORIZED
212,opentitan_hmac_sha256,GENERALIZATION_TRAIN,212,13568,64,13568,27136,128,64,64,8192,REQUIRED,AMENDED / AUTHORIZED
213,opentitan_hmac_sha256,GENERALIZATION_TRAIN,213,13632,64,13632,27264,128,64,64,8192,REQUIRED,AMENDED / AUTHORIZED
214,opentitan_hmac_sha256,GENERALIZATION_TRAIN,214,13696,64,13696,27392,128,64,64,8192,REQUIRED,AMENDED / AUTHORIZED
215,opentitan_hmac_sha256,GENERALIZATION_TRAIN,215,13760,64,13760,27520,128,64,64,8192,REQUIRED,AMENDED / AUTHORIZED
216,opentitan_hmac_sha256,GENERALIZATION_TRAIN,216,13824,64,13824,27648,128,64,64,8192,REQUIRED,AMENDED / AUTHORIZED
217,opentitan_hmac_sha256,GENERALIZATION_TRAIN,217,13888,64,13888,27776,128,64,64,8192,REQUIRED,AMENDED / AUTHORIZED
218,opentitan_hmac_sha256,GENERALIZATION_TRAIN,218,13952,64,13952,27904,128,64,64,8192,REQUIRED,AMENDED / AUTHORIZED
219,opentitan_hmac_sha256,GENERALIZATION_TRAIN,219,14016,64,14016,28032,128,64,64,8192,REQUIRED,AMENDED / AUTHORIZED
220,opentitan_hmac_sha256,GENERALIZATION_TRAIN,220,14080,64,14080,28160,128,64,64,8192,REQUIRED,AMENDED / AUTHORIZED
221,opentitan_hmac_sha256,GENERALIZATION_TRAIN,221,14144,64,14144,28288,128,64,64,8192,REQUIRED,AMENDED / AUTHORIZED
222,opentitan_hmac_sha256,GENERALIZATION_TRAIN,222,14208,64,14208,28416,128,64,64,8192,REQUIRED,AMENDED / AUTHORIZED
223,opentitan_hmac_sha256,GENERALIZATION_TRAIN,223,14272,64,14272,28544,128,64,64,8192,REQUIRED,AMENDED / AUTHORIZED
224,opentitan_hmac_sha256,GENERALIZATION_TRAIN,224,14336,64,14336,28672,128,64,64,8192,REQUIRED,AMENDED / AUTHORIZED
225,opentitan_hmac_sha256,GENERALIZATION_TRAIN,225,14400,64,14400,28800,128,64,64,8192,REQUIRED,AMENDED / AUTHORIZED
226,opentitan_hmac_sha256,GENERALIZATION_TRAIN,226,14464,64,14464,28928,128,64,64,8192,REQUIRED,AMENDED / AUTHORIZED
227,opentitan_hmac_sha256,GENERALIZATION_TRAIN,227,14528,64,14528,29056,128,64,64,8192,REQUIRED,AMENDED / AUTHORIZED
228,opentitan_hmac_sha256,GENERALIZATION_TRAIN,228,14592,64,14592,29184,128,64,64,8192,REQUIRED,AMENDED / AUTHORIZED
229,opentitan_hmac_sha256,GENERALIZATION_TRAIN,229,14656,64,14656,29312,128,64,64,8192,REQUIRED,AMENDED / AUTHORIZED
230,opentitan_hmac_sha256,GENERALIZATION_TRAIN,230,14720,64,14720,29440,128,64,64,8192,REQUIRED,AMENDED / AUTHORIZED
231,opentitan_hmac_sha256,GENERALIZATION_TRAIN,231,14784,64,14784,29568,128,64,64,8192,REQUIRED,AMENDED / AUTHORIZED
232,opentitan_hmac_sha256,GENERALIZATION_TRAIN,232,14848,64,14848,29696,128,64,64,8192,REQUIRED,AMENDED / AUTHORIZED
233,opentitan_hmac_sha256,GENERALIZATION_TRAIN,233,14912,64,14912,29824,128,64,64,8192,REQUIRED,AMENDED / AUTHORIZED
234,opentitan_hmac_sha256,GENERALIZATION_TRAIN,234,14976,64,14976,29952,128,64,64,8192,REQUIRED,AMENDED / AUTHORIZED
235,opentitan_hmac_sha256,GENERALIZATION_TRAIN,235,15040,64,15040,30080,128,64,64,8192,REQUIRED,AMENDED / AUTHORIZED
236,opentitan_hmac_sha256,GENERALIZATION_TRAIN,236,15104,64,15104,30208,128,64,64,8192,REQUIRED,AMENDED / AUTHORIZED
237,opentitan_hmac_sha256,GENERALIZATION_TRAIN,237,15168,64,15168,30336,128,64,64,8192,REQUIRED,AMENDED / AUTHORIZED
238,opentitan_hmac_sha256,GENERALIZATION_TRAIN,238,15232,64,15232,30464,128,64,64,8192,REQUIRED,AMENDED / AUTHORIZED
239,opentitan_hmac_sha256,GENERALIZATION_TRAIN,239,15296,64,15296,30592,128,64,64,8192,REQUIRED,AMENDED / AUTHORIZED
240,opentitan_hmac_sha256,GENERALIZATION_TRAIN,240,15360,64,15360,30720,128,64,64,8192,REQUIRED,AMENDED / AUTHORIZED
241,opentitan_hmac_sha256,GENERALIZATION_TRAIN,241,15424,64,15424,30848,128,64,64,8192,REQUIRED,AMENDED / AUTHORIZED
242,opentitan_hmac_sha256,GENERALIZATION_TRAIN,242,15488,64,15488,30976,128,64,64,8192,REQUIRED,AMENDED / AUTHORIZED
243,opentitan_hmac_sha256,GENERALIZATION_TRAIN,243,15552,64,15552,31104,128,64,64,8192,REQUIRED,AMENDED / AUTHORIZED
244,opentitan_hmac_sha256,GENERALIZATION_TRAIN,244,15616,64,15616,31232,128,64,64,8192,REQUIRED,AMENDED / AUTHORIZED
245,opentitan_hmac_sha256,GENERALIZATION_TRAIN,245,15680,64,15680,31360,128,64,64,8192,REQUIRED,AMENDED / AUTHORIZED
246,opentitan_hmac_sha256,GENERALIZATION_TRAIN,246,15744,64,15744,31488,128,64,64,8192,REQUIRED,AMENDED / AUTHORIZED
247,opentitan_hmac_sha256,GENERALIZATION_TRAIN,247,15808,64,15808,31616,128,64,64,8192,REQUIRED,AMENDED / AUTHORIZED
248,opentitan_hmac_sha256,GENERALIZATION_TRAIN,248,15872,64,15872,31744,128,64,64,8192,REQUIRED,AMENDED / AUTHORIZED
249,opentitan_hmac_sha256,GENERALIZATION_TRAIN,249,15936,64,15936,31872,128,64,64,8192,REQUIRED,AMENDED / AUTHORIZED
250,opentitan_hmac_sha256,GENERALIZATION_TRAIN,250,16000,64,16000,32000,128,64,64,8192,REQUIRED,AMENDED / AUTHORIZED
251,opentitan_hmac_sha256,GENERALIZATION_TRAIN,251,16064,64,16064,32128,128,64,64,8192,REQUIRED,AMENDED / AUTHORIZED
252,opentitan_hmac_sha256,GENERALIZATION_TRAIN,252,16128,64,16128,32256,128,64,64,8192,REQUIRED,AMENDED / AUTHORIZED
253,opentitan_hmac_sha256,GENERALIZATION_TRAIN,253,16192,64,16192,32384,128,64,64,8192,REQUIRED,AMENDED / AUTHORIZED
254,opentitan_hmac_sha256,GENERALIZATION_TRAIN,254,16256,64,16256,32512,128,64,64,8192,REQUIRED,AMENDED / AUTHORIZED
255,opentitan_hmac_sha256,GENERALIZATION_TRAIN,255,16320,64,16320,32640,128,64,64,8192,REQUIRED,AMENDED / AUTHORIZED
256,opentitan_hmac_sha256,GENERALIZATION_TRAIN,256,16384,64,16384,32768,128,64,64,8192,REQUIRED,AMENDED / AUTHORIZED
257,opentitan_hmac_sha256,GENERALIZATION_TRAIN,257,16448,64,16448,32896,128,64,64,8192,REQUIRED,AMENDED / AUTHORIZED
258,opentitan_hmac_sha256,GENERALIZATION_TRAIN,258,16512,64,16512,33024,128,64,64,8192,REQUIRED,AMENDED / AUTHORIZED
259,opentitan_hmac_sha256,GENERALIZATION_TRAIN,259,16576,64,16576,33152,128,64,64,8192,REQUIRED,AMENDED / AUTHORIZED
260,opentitan_hmac_sha256,GENERALIZATION_TRAIN,260,16640,64,16640,33280,128,64,64,8192,REQUIRED,AMENDED / AUTHORIZED
261,opentitan_hmac_sha256,GENERALIZATION_TRAIN,261,16704,64,16704,33408,128,64,64,8192,REQUIRED,AMENDED / AUTHORIZED
262,opentitan_hmac_sha256,GENERALIZATION_TRAIN,262,16768,64,16768,33536,128,64,64,8192,REQUIRED,AMENDED / AUTHORIZED
263,opentitan_hmac_sha256,GENERALIZATION_TRAIN,263,16832,64,16832,33664,128,64,64,8192,REQUIRED,AMENDED / AUTHORIZED
264,opentitan_hmac_sha256,GENERALIZATION_TRAIN,264,16896,64,16896,33792,128,64,64,8192,REQUIRED,AMENDED / AUTHORIZED
265,opentitan_hmac_sha256,GENERALIZATION_TRAIN,265,16960,64,16960,33920,128,64,64,8192,REQUIRED,AMENDED / AUTHORIZED
266,opentitan_hmac_sha256,GENERALIZATION_TRAIN,266,17024,64,17024,34048,128,64,64,8192,REQUIRED,AMENDED / AUTHORIZED
267,opentitan_hmac_sha256,GENERALIZATION_TRAIN,267,17088,64,17088,34176,128,64,64,8192,REQUIRED,AMENDED / AUTHORIZED
268,opentitan_hmac_sha256,GENERALIZATION_TRAIN,268,17152,64,17152,34304,128,64,64,8192,REQUIRED,AMENDED / AUTHORIZED
269,opentitan_hmac_sha256,GENERALIZATION_TRAIN,269,17216,64,17216,34432,128,64,64,8192,REQUIRED,AMENDED / AUTHORIZED
270,opentitan_hmac_sha256,GENERALIZATION_TRAIN,270,17280,64,17280,34560,128,64,64,8192,REQUIRED,AMENDED / AUTHORIZED
271,opentitan_hmac_sha256,GENERALIZATION_TRAIN,271,17344,64,17344,34688,128,64,64,8192,REQUIRED,AMENDED / AUTHORIZED
272,opentitan_hmac_sha256,GENERALIZATION_TRAIN,272,17408,64,17408,34816,128,64,64,8192,REQUIRED,AMENDED / AUTHORIZED
273,opentitan_hmac_sha256,GENERALIZATION_TRAIN,273,17472,64,17472,34944,128,64,64,8192,REQUIRED,AMENDED / AUTHORIZED
274,opentitan_hmac_sha256,GENERALIZATION_TRAIN,274,17536,64,17536,35072,128,64,64,8192,REQUIRED,AMENDED / AUTHORIZED
275,opentitan_hmac_sha256,GENERALIZATION_TRAIN,275,17600,64,17600,35200,128,64,64,8192,REQUIRED,AMENDED / AUTHORIZED
276,opentitan_hmac_sha256,GENERALIZATION_TRAIN,276,17664,64,17664,35328,128,64,64,8192,REQUIRED,AMENDED / AUTHORIZED
277,opentitan_hmac_sha256,GENERALIZATION_TRAIN,277,17728,64,17728,35456,128,64,64,8192,REQUIRED,AMENDED / AUTHORIZED
278,opentitan_hmac_sha256,GENERALIZATION_TRAIN,278,17792,64,17792,35584,128,64,64,8192,REQUIRED,AMENDED / AUTHORIZED
279,opentitan_hmac_sha256,GENERALIZATION_TRAIN,279,17856,64,17856,35712,128,64,64,8192,REQUIRED,AMENDED / AUTHORIZED
280,opentitan_hmac_sha256,GENERALIZATION_TRAIN,280,17920,64,17920,35840,128,64,64,8192,REQUIRED,AMENDED / AUTHORIZED
281,opentitan_hmac_sha256,GENERALIZATION_TRAIN,281,17984,64,17984,35968,128,64,64,8192,REQUIRED,AMENDED / AUTHORIZED
282,opentitan_hmac_sha256,GENERALIZATION_TRAIN,282,18048,64,18048,36096,128,64,64,8192,REQUIRED,AMENDED / AUTHORIZED
283,opentitan_hmac_sha256,GENERALIZATION_TRAIN,283,18112,64,18112,36224,128,64,64,8192,REQUIRED,AMENDED / AUTHORIZED
284,opentitan_hmac_sha256,GENERALIZATION_TRAIN,284,18176,64,18176,36352,128,64,64,8192,REQUIRED,AMENDED / AUTHORIZED
285,opentitan_hmac_sha256,GENERALIZATION_TRAIN,285,18240,64,18240,36480,128,64,64,8192,REQUIRED,AMENDED / AUTHORIZED
286,opentitan_hmac_sha256,GENERALIZATION_TRAIN,286,18304,64,18304,36608,128,64,64,8192,REQUIRED,AMENDED / AUTHORIZED
287,opentitan_hmac_sha256,GENERALIZATION_TRAIN,287,18368,24,18368,36736,48,64,64,3072,REQUIRED,AMENDED / AUTHORIZED
288,picorv32_cpu,GENERALIZATION_TRAIN,0,0,64,18392,36784,128,48,48,6144,REQUIRED,AMENDED / AUTHORIZED
289,picorv32_cpu,GENERALIZATION_TRAIN,1,64,64,18456,36912,128,48,48,6144,REQUIRED,AMENDED / AUTHORIZED
290,picorv32_cpu,GENERALIZATION_TRAIN,2,128,64,18520,37040,128,48,48,6144,REQUIRED,AMENDED / AUTHORIZED
291,picorv32_cpu,GENERALIZATION_TRAIN,3,192,64,18584,37168,128,48,48,6144,REQUIRED,AMENDED / AUTHORIZED
292,picorv32_cpu,GENERALIZATION_TRAIN,4,256,64,18648,37296,128,48,48,6144,REQUIRED,AMENDED / AUTHORIZED
293,picorv32_cpu,GENERALIZATION_TRAIN,5,320,64,18712,37424,128,48,48,6144,REQUIRED,AMENDED / AUTHORIZED
294,picorv32_cpu,GENERALIZATION_TRAIN,6,384,64,18776,37552,128,48,48,6144,REQUIRED,AMENDED / AUTHORIZED
295,picorv32_cpu,GENERALIZATION_TRAIN,7,448,64,18840,37680,128,48,48,6144,REQUIRED,AMENDED / AUTHORIZED
296,picorv32_cpu,GENERALIZATION_TRAIN,8,512,64,18904,37808,128,48,48,6144,REQUIRED,AMENDED / AUTHORIZED
297,picorv32_cpu,GENERALIZATION_TRAIN,9,576,64,18968,37936,128,48,48,6144,REQUIRED,AMENDED / AUTHORIZED
298,picorv32_cpu,GENERALIZATION_TRAIN,10,640,64,19032,38064,128,48,48,6144,REQUIRED,AMENDED / AUTHORIZED
299,picorv32_cpu,GENERALIZATION_TRAIN,11,704,64,19096,38192,128,48,48,6144,REQUIRED,AMENDED / AUTHORIZED
300,picorv32_cpu,GENERALIZATION_TRAIN,12,768,64,19160,38320,128,48,48,6144,REQUIRED,AMENDED / AUTHORIZED
301,picorv32_cpu,GENERALIZATION_TRAIN,13,832,64,19224,38448,128,48,48,6144,REQUIRED,AMENDED / AUTHORIZED
302,picorv32_cpu,GENERALIZATION_TRAIN,14,896,64,19288,38576,128,48,48,6144,REQUIRED,AMENDED / AUTHORIZED
303,picorv32_cpu,GENERALIZATION_TRAIN,15,960,64,19352,38704,128,48,48,6144,REQUIRED,AMENDED / AUTHORIZED
304,picorv32_cpu,GENERALIZATION_TRAIN,16,1024,64,19416,38832,128,48,48,6144,REQUIRED,AMENDED / AUTHORIZED
305,picorv32_cpu,GENERALIZATION_TRAIN,17,1088,64,19480,38960,128,48,48,6144,REQUIRED,AMENDED / AUTHORIZED
306,picorv32_cpu,GENERALIZATION_TRAIN,18,1152,64,19544,39088,128,48,48,6144,REQUIRED,AMENDED / AUTHORIZED
307,picorv32_cpu,GENERALIZATION_TRAIN,19,1216,64,19608,39216,128,48,48,6144,REQUIRED,AMENDED / AUTHORIZED
308,picorv32_cpu,GENERALIZATION_TRAIN,20,1280,64,19672,39344,128,48,48,6144,REQUIRED,AMENDED / AUTHORIZED
309,picorv32_cpu,GENERALIZATION_TRAIN,21,1344,64,19736,39472,128,48,48,6144,REQUIRED,AMENDED / AUTHORIZED
310,picorv32_cpu,GENERALIZATION_TRAIN,22,1408,64,19800,39600,128,48,48,6144,REQUIRED,AMENDED / AUTHORIZED
311,picorv32_cpu,GENERALIZATION_TRAIN,23,1472,64,19864,39728,128,48,48,6144,REQUIRED,AMENDED / AUTHORIZED
312,picorv32_cpu,GENERALIZATION_TRAIN,24,1536,64,19928,39856,128,48,48,6144,REQUIRED,AMENDED / AUTHORIZED
313,picorv32_cpu,GENERALIZATION_TRAIN,25,1600,64,19992,39984,128,48,48,6144,REQUIRED,AMENDED / AUTHORIZED
314,picorv32_cpu,GENERALIZATION_TRAIN,26,1664,64,20056,40112,128,48,48,6144,REQUIRED,AMENDED / AUTHORIZED
315,picorv32_cpu,GENERALIZATION_TRAIN,27,1728,64,20120,40240,128,48,48,6144,REQUIRED,AMENDED / AUTHORIZED
316,picorv32_cpu,GENERALIZATION_TRAIN,28,1792,64,20184,40368,128,48,48,6144,REQUIRED,AMENDED / AUTHORIZED
317,picorv32_cpu,GENERALIZATION_TRAIN,29,1856,64,20248,40496,128,48,48,6144,REQUIRED,AMENDED / AUTHORIZED
318,picorv32_cpu,GENERALIZATION_TRAIN,30,1920,64,20312,40624,128,48,48,6144,REQUIRED,AMENDED / AUTHORIZED
319,picorv32_cpu,GENERALIZATION_TRAIN,31,1984,64,20376,40752,128,48,48,6144,REQUIRED,AMENDED / AUTHORIZED
320,picorv32_cpu,GENERALIZATION_TRAIN,32,2048,64,20440,40880,128,48,48,6144,REQUIRED,AMENDED / AUTHORIZED
321,picorv32_cpu,GENERALIZATION_TRAIN,33,2112,64,20504,41008,128,48,48,6144,REQUIRED,AMENDED / AUTHORIZED
322,picorv32_cpu,GENERALIZATION_TRAIN,34,2176,64,20568,41136,128,48,48,6144,REQUIRED,AMENDED / AUTHORIZED
323,picorv32_cpu,GENERALIZATION_TRAIN,35,2240,64,20632,41264,128,48,48,6144,REQUIRED,AMENDED / AUTHORIZED
324,picorv32_cpu,GENERALIZATION_TRAIN,36,2304,64,20696,41392,128,48,48,6144,REQUIRED,AMENDED / AUTHORIZED
325,picorv32_cpu,GENERALIZATION_TRAIN,37,2368,64,20760,41520,128,48,48,6144,REQUIRED,AMENDED / AUTHORIZED
326,picorv32_cpu,GENERALIZATION_TRAIN,38,2432,64,20824,41648,128,48,48,6144,REQUIRED,AMENDED / AUTHORIZED
327,picorv32_cpu,GENERALIZATION_TRAIN,39,2496,64,20888,41776,128,48,48,6144,REQUIRED,AMENDED / AUTHORIZED
328,picorv32_cpu,GENERALIZATION_TRAIN,40,2560,64,20952,41904,128,48,48,6144,REQUIRED,AMENDED / AUTHORIZED
329,picorv32_cpu,GENERALIZATION_TRAIN,41,2624,64,21016,42032,128,48,48,6144,REQUIRED,AMENDED / AUTHORIZED
330,picorv32_cpu,GENERALIZATION_TRAIN,42,2688,64,21080,42160,128,48,48,6144,REQUIRED,AMENDED / AUTHORIZED
331,picorv32_cpu,GENERALIZATION_TRAIN,43,2752,64,21144,42288,128,48,48,6144,REQUIRED,AMENDED / AUTHORIZED
332,picorv32_cpu,GENERALIZATION_TRAIN,44,2816,64,21208,42416,128,48,48,6144,REQUIRED,AMENDED / AUTHORIZED
333,picorv32_cpu,GENERALIZATION_TRAIN,45,2880,64,21272,42544,128,48,48,6144,REQUIRED,AMENDED / AUTHORIZED
334,picorv32_cpu,GENERALIZATION_TRAIN,46,2944,64,21336,42672,128,48,48,6144,REQUIRED,AMENDED / AUTHORIZED
335,picorv32_cpu,GENERALIZATION_TRAIN,47,3008,64,21400,42800,128,48,48,6144,REQUIRED,AMENDED / AUTHORIZED
336,picorv32_cpu,GENERALIZATION_TRAIN,48,3072,64,21464,42928,128,48,48,6144,REQUIRED,AMENDED / AUTHORIZED
337,picorv32_cpu,GENERALIZATION_TRAIN,49,3136,64,21528,43056,128,48,48,6144,REQUIRED,AMENDED / AUTHORIZED
338,picorv32_cpu,GENERALIZATION_TRAIN,50,3200,64,21592,43184,128,48,48,6144,REQUIRED,AMENDED / AUTHORIZED
339,picorv32_cpu,GENERALIZATION_TRAIN,51,3264,64,21656,43312,128,48,48,6144,REQUIRED,AMENDED / AUTHORIZED
340,picorv32_cpu,GENERALIZATION_TRAIN,52,3328,64,21720,43440,128,48,48,6144,REQUIRED,AMENDED / AUTHORIZED
341,picorv32_cpu,GENERALIZATION_TRAIN,53,3392,64,21784,43568,128,48,48,6144,REQUIRED,AMENDED / AUTHORIZED
342,picorv32_cpu,GENERALIZATION_TRAIN,54,3456,64,21848,43696,128,48,48,6144,REQUIRED,AMENDED / AUTHORIZED
343,picorv32_cpu,GENERALIZATION_TRAIN,55,3520,64,21912,43824,128,48,48,6144,REQUIRED,AMENDED / AUTHORIZED
344,picorv32_cpu,GENERALIZATION_TRAIN,56,3584,64,21976,43952,128,48,48,6144,REQUIRED,AMENDED / AUTHORIZED
345,picorv32_cpu,GENERALIZATION_TRAIN,57,3648,64,22040,44080,128,48,48,6144,REQUIRED,AMENDED / AUTHORIZED
346,picorv32_cpu,GENERALIZATION_TRAIN,58,3712,64,22104,44208,128,48,48,6144,REQUIRED,AMENDED / AUTHORIZED
347,picorv32_cpu,GENERALIZATION_TRAIN,59,3776,64,22168,44336,128,48,48,6144,REQUIRED,AMENDED / AUTHORIZED
348,picorv32_cpu,GENERALIZATION_TRAIN,60,3840,64,22232,44464,128,48,48,6144,REQUIRED,AMENDED / AUTHORIZED
349,picorv32_cpu,GENERALIZATION_TRAIN,61,3904,64,22296,44592,128,48,48,6144,REQUIRED,AMENDED / AUTHORIZED
350,picorv32_cpu,GENERALIZATION_TRAIN,62,3968,64,22360,44720,128,48,48,6144,REQUIRED,AMENDED / AUTHORIZED
351,picorv32_cpu,GENERALIZATION_TRAIN,63,4032,64,22424,44848,128,48,48,6144,REQUIRED,AMENDED / AUTHORIZED
352,picorv32_cpu,GENERALIZATION_TRAIN,64,4096,64,22488,44976,128,48,48,6144,REQUIRED,AMENDED / AUTHORIZED
353,picorv32_cpu,GENERALIZATION_TRAIN,65,4160,64,22552,45104,128,48,48,6144,REQUIRED,AMENDED / AUTHORIZED
354,picorv32_cpu,GENERALIZATION_TRAIN,66,4224,64,22616,45232,128,48,48,6144,REQUIRED,AMENDED / AUTHORIZED
355,picorv32_cpu,GENERALIZATION_TRAIN,67,4288,64,22680,45360,128,48,48,6144,REQUIRED,AMENDED / AUTHORIZED
356,picorv32_cpu,GENERALIZATION_TRAIN,68,4352,64,22744,45488,128,48,48,6144,REQUIRED,AMENDED / AUTHORIZED
357,picorv32_cpu,GENERALIZATION_TRAIN,69,4416,64,22808,45616,128,48,48,6144,REQUIRED,AMENDED / AUTHORIZED
358,picorv32_cpu,GENERALIZATION_TRAIN,70,4480,64,22872,45744,128,48,48,6144,REQUIRED,AMENDED / AUTHORIZED
359,picorv32_cpu,GENERALIZATION_TRAIN,71,4544,64,22936,45872,128,48,48,6144,REQUIRED,AMENDED / AUTHORIZED
360,picorv32_cpu,GENERALIZATION_TRAIN,72,4608,64,23000,46000,128,48,48,6144,REQUIRED,AMENDED / AUTHORIZED
361,picorv32_cpu,GENERALIZATION_TRAIN,73,4672,64,23064,46128,128,48,48,6144,REQUIRED,AMENDED / AUTHORIZED
362,picorv32_cpu,GENERALIZATION_TRAIN,74,4736,64,23128,46256,128,48,48,6144,REQUIRED,AMENDED / AUTHORIZED
363,picorv32_cpu,GENERALIZATION_TRAIN,75,4800,64,23192,46384,128,48,48,6144,REQUIRED,AMENDED / AUTHORIZED
364,picorv32_cpu,GENERALIZATION_TRAIN,76,4864,64,23256,46512,128,48,48,6144,REQUIRED,AMENDED / AUTHORIZED
365,picorv32_cpu,GENERALIZATION_TRAIN,77,4928,64,23320,46640,128,48,48,6144,REQUIRED,AMENDED / AUTHORIZED
366,picorv32_cpu,GENERALIZATION_TRAIN,78,4992,64,23384,46768,128,48,48,6144,REQUIRED,AMENDED / AUTHORIZED
367,picorv32_cpu,GENERALIZATION_TRAIN,79,5056,64,23448,46896,128,48,48,6144,REQUIRED,AMENDED / AUTHORIZED
368,picorv32_cpu,GENERALIZATION_TRAIN,80,5120,64,23512,47024,128,48,48,6144,REQUIRED,AMENDED / AUTHORIZED
369,picorv32_cpu,GENERALIZATION_TRAIN,81,5184,64,23576,47152,128,48,48,6144,REQUIRED,AMENDED / AUTHORIZED
370,picorv32_cpu,GENERALIZATION_TRAIN,82,5248,64,23640,47280,128,48,48,6144,REQUIRED,AMENDED / AUTHORIZED
371,picorv32_cpu,GENERALIZATION_TRAIN,83,5312,64,23704,47408,128,48,48,6144,REQUIRED,AMENDED / AUTHORIZED
372,picorv32_cpu,GENERALIZATION_TRAIN,84,5376,64,23768,47536,128,48,48,6144,REQUIRED,AMENDED / AUTHORIZED
373,picorv32_cpu,GENERALIZATION_TRAIN,85,5440,64,23832,47664,128,48,48,6144,REQUIRED,AMENDED / AUTHORIZED
374,picorv32_cpu,GENERALIZATION_TRAIN,86,5504,64,23896,47792,128,48,48,6144,REQUIRED,AMENDED / AUTHORIZED
375,picorv32_cpu,GENERALIZATION_TRAIN,87,5568,64,23960,47920,128,48,48,6144,REQUIRED,AMENDED / AUTHORIZED
376,picorv32_cpu,GENERALIZATION_TRAIN,88,5632,64,24024,48048,128,48,48,6144,REQUIRED,AMENDED / AUTHORIZED
377,picorv32_cpu,GENERALIZATION_TRAIN,89,5696,64,24088,48176,128,48,48,6144,REQUIRED,AMENDED / AUTHORIZED
378,picorv32_cpu,GENERALIZATION_TRAIN,90,5760,64,24152,48304,128,48,48,6144,REQUIRED,AMENDED / AUTHORIZED
379,picorv32_cpu,GENERALIZATION_TRAIN,91,5824,64,24216,48432,128,48,48,6144,REQUIRED,AMENDED / AUTHORIZED
380,picorv32_cpu,GENERALIZATION_TRAIN,92,5888,64,24280,48560,128,48,48,6144,REQUIRED,AMENDED / AUTHORIZED
381,picorv32_cpu,GENERALIZATION_TRAIN,93,5952,64,24344,48688,128,48,48,6144,REQUIRED,AMENDED / AUTHORIZED
382,picorv32_cpu,GENERALIZATION_TRAIN,94,6016,64,24408,48816,128,48,48,6144,REQUIRED,AMENDED / AUTHORIZED
383,picorv32_cpu,GENERALIZATION_TRAIN,95,6080,64,24472,48944,128,48,48,6144,REQUIRED,AMENDED / AUTHORIZED
384,picorv32_cpu,GENERALIZATION_TRAIN,96,6144,64,24536,49072,128,48,48,6144,REQUIRED,AMENDED / AUTHORIZED
385,picorv32_cpu,GENERALIZATION_TRAIN,97,6208,64,24600,49200,128,48,48,6144,REQUIRED,AMENDED / AUTHORIZED
386,picorv32_cpu,GENERALIZATION_TRAIN,98,6272,64,24664,49328,128,48,48,6144,REQUIRED,AMENDED / AUTHORIZED
387,picorv32_cpu,GENERALIZATION_TRAIN,99,6336,64,24728,49456,128,48,48,6144,REQUIRED,AMENDED / AUTHORIZED
388,picorv32_cpu,GENERALIZATION_TRAIN,100,6400,64,24792,49584,128,48,48,6144,REQUIRED,AMENDED / AUTHORIZED
389,picorv32_cpu,GENERALIZATION_TRAIN,101,6464,64,24856,49712,128,48,48,6144,REQUIRED,AMENDED / AUTHORIZED
390,picorv32_cpu,GENERALIZATION_TRAIN,102,6528,64,24920,49840,128,48,48,6144,REQUIRED,AMENDED / AUTHORIZED
391,picorv32_cpu,GENERALIZATION_TRAIN,103,6592,64,24984,49968,128,48,48,6144,REQUIRED,AMENDED / AUTHORIZED
392,picorv32_cpu,GENERALIZATION_TRAIN,104,6656,64,25048,50096,128,48,48,6144,REQUIRED,AMENDED / AUTHORIZED
393,picorv32_cpu,GENERALIZATION_TRAIN,105,6720,64,25112,50224,128,48,48,6144,REQUIRED,AMENDED / AUTHORIZED
394,picorv32_cpu,GENERALIZATION_TRAIN,106,6784,64,25176,50352,128,48,48,6144,REQUIRED,AMENDED / AUTHORIZED
395,picorv32_cpu,GENERALIZATION_TRAIN,107,6848,64,25240,50480,128,48,48,6144,REQUIRED,AMENDED / AUTHORIZED
396,picorv32_cpu,GENERALIZATION_TRAIN,108,6912,64,25304,50608,128,48,48,6144,REQUIRED,AMENDED / AUTHORIZED
397,picorv32_cpu,GENERALIZATION_TRAIN,109,6976,64,25368,50736,128,48,48,6144,REQUIRED,AMENDED / AUTHORIZED
398,picorv32_cpu,GENERALIZATION_TRAIN,110,7040,64,25432,50864,128,48,48,6144,REQUIRED,AMENDED / AUTHORIZED
399,picorv32_cpu,GENERALIZATION_TRAIN,111,7104,64,25496,50992,128,48,48,6144,REQUIRED,AMENDED / AUTHORIZED
400,picorv32_cpu,GENERALIZATION_TRAIN,112,7168,64,25560,51120,128,48,48,6144,REQUIRED,AMENDED / AUTHORIZED
401,picorv32_cpu,GENERALIZATION_TRAIN,113,7232,64,25624,51248,128,48,48,6144,REQUIRED,AMENDED / AUTHORIZED
402,picorv32_cpu,GENERALIZATION_TRAIN,114,7296,64,25688,51376,128,48,48,6144,REQUIRED,AMENDED / AUTHORIZED
403,picorv32_cpu,GENERALIZATION_TRAIN,115,7360,64,25752,51504,128,48,48,6144,REQUIRED,AMENDED / AUTHORIZED
404,picorv32_cpu,GENERALIZATION_TRAIN,116,7424,64,25816,51632,128,48,48,6144,REQUIRED,AMENDED / AUTHORIZED
405,picorv32_cpu,GENERALIZATION_TRAIN,117,7488,64,25880,51760,128,48,48,6144,REQUIRED,AMENDED / AUTHORIZED
406,picorv32_cpu,GENERALIZATION_TRAIN,118,7552,64,25944,51888,128,48,48,6144,REQUIRED,AMENDED / AUTHORIZED
407,picorv32_cpu,GENERALIZATION_TRAIN,119,7616,64,26008,52016,128,48,48,6144,REQUIRED,AMENDED / AUTHORIZED
408,picorv32_cpu,GENERALIZATION_TRAIN,120,7680,64,26072,52144,128,48,48,6144,REQUIRED,AMENDED / AUTHORIZED
409,picorv32_cpu,GENERALIZATION_TRAIN,121,7744,64,26136,52272,128,48,48,6144,REQUIRED,AMENDED / AUTHORIZED
410,picorv32_cpu,GENERALIZATION_TRAIN,122,7808,64,26200,52400,128,48,48,6144,REQUIRED,AMENDED / AUTHORIZED
411,picorv32_cpu,GENERALIZATION_TRAIN,123,7872,64,26264,52528,128,48,48,6144,REQUIRED,AMENDED / AUTHORIZED
412,picorv32_cpu,GENERALIZATION_TRAIN,124,7936,64,26328,52656,128,48,48,6144,REQUIRED,AMENDED / AUTHORIZED
413,picorv32_cpu,GENERALIZATION_TRAIN,125,8000,64,26392,52784,128,48,48,6144,REQUIRED,AMENDED / AUTHORIZED
414,picorv32_cpu,GENERALIZATION_TRAIN,126,8064,64,26456,52912,128,48,48,6144,REQUIRED,AMENDED / AUTHORIZED
415,picorv32_cpu,GENERALIZATION_TRAIN,127,8128,64,26520,53040,128,48,48,6144,REQUIRED,AMENDED / AUTHORIZED
416,picorv32_cpu,GENERALIZATION_TRAIN,128,8192,64,26584,53168,128,48,48,6144,REQUIRED,AMENDED / AUTHORIZED
417,picorv32_cpu,GENERALIZATION_TRAIN,129,8256,64,26648,53296,128,48,48,6144,REQUIRED,AMENDED / AUTHORIZED
418,picorv32_cpu,GENERALIZATION_TRAIN,130,8320,64,26712,53424,128,48,48,6144,REQUIRED,AMENDED / AUTHORIZED
419,picorv32_cpu,GENERALIZATION_TRAIN,131,8384,64,26776,53552,128,48,48,6144,REQUIRED,AMENDED / AUTHORIZED
420,picorv32_cpu,GENERALIZATION_TRAIN,132,8448,64,26840,53680,128,48,48,6144,REQUIRED,AMENDED / AUTHORIZED
421,picorv32_cpu,GENERALIZATION_TRAIN,133,8512,64,26904,53808,128,48,48,6144,REQUIRED,AMENDED / AUTHORIZED
422,picorv32_cpu,GENERALIZATION_TRAIN,134,8576,64,26968,53936,128,48,48,6144,REQUIRED,AMENDED / AUTHORIZED
423,picorv32_cpu,GENERALIZATION_TRAIN,135,8640,64,27032,54064,128,48,48,6144,REQUIRED,AMENDED / AUTHORIZED
424,picorv32_cpu,GENERALIZATION_TRAIN,136,8704,64,27096,54192,128,48,48,6144,REQUIRED,AMENDED / AUTHORIZED
425,picorv32_cpu,GENERALIZATION_TRAIN,137,8768,64,27160,54320,128,48,48,6144,REQUIRED,AMENDED / AUTHORIZED
426,picorv32_cpu,GENERALIZATION_TRAIN,138,8832,64,27224,54448,128,48,48,6144,REQUIRED,AMENDED / AUTHORIZED
427,picorv32_cpu,GENERALIZATION_TRAIN,139,8896,64,27288,54576,128,48,48,6144,REQUIRED,AMENDED / AUTHORIZED
428,picorv32_cpu,GENERALIZATION_TRAIN,140,8960,64,27352,54704,128,48,48,6144,REQUIRED,AMENDED / AUTHORIZED
429,picorv32_cpu,GENERALIZATION_TRAIN,141,9024,64,27416,54832,128,48,48,6144,REQUIRED,AMENDED / AUTHORIZED
430,picorv32_cpu,GENERALIZATION_TRAIN,142,9088,64,27480,54960,128,48,48,6144,REQUIRED,AMENDED / AUTHORIZED
431,picorv32_cpu,GENERALIZATION_TRAIN,143,9152,64,27544,55088,128,48,48,6144,REQUIRED,AMENDED / AUTHORIZED
432,picorv32_cpu,GENERALIZATION_TRAIN,144,9216,64,27608,55216,128,48,48,6144,REQUIRED,AMENDED / AUTHORIZED
433,picorv32_cpu,GENERALIZATION_TRAIN,145,9280,64,27672,55344,128,48,48,6144,REQUIRED,AMENDED / AUTHORIZED
434,picorv32_cpu,GENERALIZATION_TRAIN,146,9344,64,27736,55472,128,48,48,6144,REQUIRED,AMENDED / AUTHORIZED
435,picorv32_cpu,GENERALIZATION_TRAIN,147,9408,64,27800,55600,128,48,48,6144,REQUIRED,AMENDED / AUTHORIZED
436,picorv32_cpu,GENERALIZATION_TRAIN,148,9472,64,27864,55728,128,48,48,6144,REQUIRED,AMENDED / AUTHORIZED
437,picorv32_cpu,GENERALIZATION_TRAIN,149,9536,64,27928,55856,128,48,48,6144,REQUIRED,AMENDED / AUTHORIZED
438,picorv32_cpu,GENERALIZATION_TRAIN,150,9600,64,27992,55984,128,48,48,6144,REQUIRED,AMENDED / AUTHORIZED
439,picorv32_cpu,GENERALIZATION_TRAIN,151,9664,1,28056,56112,2,48,48,96,REQUIRED,AMENDED / AUTHORIZED
440,secworks_aes,GENERALIZATION_TRAIN,0,0,64,28057,56114,128,64,64,8192,REQUIRED,AMENDED / AUTHORIZED
441,secworks_aes,GENERALIZATION_TRAIN,1,64,64,28121,56242,128,64,64,8192,REQUIRED,AMENDED / AUTHORIZED
442,secworks_aes,GENERALIZATION_TRAIN,2,128,64,28185,56370,128,64,64,8192,REQUIRED,AMENDED / AUTHORIZED
443,secworks_aes,GENERALIZATION_TRAIN,3,192,64,28249,56498,128,64,64,8192,REQUIRED,AMENDED / AUTHORIZED
444,secworks_aes,GENERALIZATION_TRAIN,4,256,64,28313,56626,128,64,64,8192,REQUIRED,AMENDED / AUTHORIZED
445,secworks_aes,GENERALIZATION_TRAIN,5,320,64,28377,56754,128,64,64,8192,REQUIRED,AMENDED / AUTHORIZED
446,secworks_aes,GENERALIZATION_TRAIN,6,384,64,28441,56882,128,64,64,8192,REQUIRED,AMENDED / AUTHORIZED
447,secworks_aes,GENERALIZATION_TRAIN,7,448,64,28505,57010,128,64,64,8192,REQUIRED,AMENDED / AUTHORIZED
448,secworks_aes,GENERALIZATION_TRAIN,8,512,64,28569,57138,128,64,64,8192,REQUIRED,AMENDED / AUTHORIZED
449,secworks_aes,GENERALIZATION_TRAIN,9,576,64,28633,57266,128,64,64,8192,REQUIRED,AMENDED / AUTHORIZED
450,secworks_aes,GENERALIZATION_TRAIN,10,640,64,28697,57394,128,64,64,8192,REQUIRED,AMENDED / AUTHORIZED
451,secworks_aes,GENERALIZATION_TRAIN,11,704,64,28761,57522,128,64,64,8192,REQUIRED,AMENDED / AUTHORIZED
452,secworks_aes,GENERALIZATION_TRAIN,12,768,64,28825,57650,128,64,64,8192,REQUIRED,AMENDED / AUTHORIZED
453,secworks_aes,GENERALIZATION_TRAIN,13,832,64,28889,57778,128,64,64,8192,REQUIRED,AMENDED / AUTHORIZED
454,secworks_aes,GENERALIZATION_TRAIN,14,896,64,28953,57906,128,64,64,8192,REQUIRED,AMENDED / AUTHORIZED
455,secworks_aes,GENERALIZATION_TRAIN,15,960,64,29017,58034,128,64,64,8192,REQUIRED,AMENDED / AUTHORIZED
456,secworks_aes,GENERALIZATION_TRAIN,16,1024,64,29081,58162,128,64,64,8192,REQUIRED,AMENDED / AUTHORIZED
457,secworks_aes,GENERALIZATION_TRAIN,17,1088,64,29145,58290,128,64,64,8192,REQUIRED,AMENDED / AUTHORIZED
458,secworks_aes,GENERALIZATION_TRAIN,18,1152,64,29209,58418,128,64,64,8192,REQUIRED,AMENDED / AUTHORIZED
459,secworks_aes,GENERALIZATION_TRAIN,19,1216,64,29273,58546,128,64,64,8192,REQUIRED,AMENDED / AUTHORIZED
460,secworks_aes,GENERALIZATION_TRAIN,20,1280,64,29337,58674,128,64,64,8192,REQUIRED,AMENDED / AUTHORIZED
461,secworks_aes,GENERALIZATION_TRAIN,21,1344,64,29401,58802,128,64,64,8192,REQUIRED,AMENDED / AUTHORIZED
462,secworks_aes,GENERALIZATION_TRAIN,22,1408,64,29465,58930,128,64,64,8192,REQUIRED,AMENDED / AUTHORIZED
463,secworks_aes,GENERALIZATION_TRAIN,23,1472,64,29529,59058,128,64,64,8192,REQUIRED,AMENDED / AUTHORIZED
464,secworks_aes,GENERALIZATION_TRAIN,24,1536,64,29593,59186,128,64,64,8192,REQUIRED,AMENDED / AUTHORIZED
465,secworks_aes,GENERALIZATION_TRAIN,25,1600,64,29657,59314,128,64,64,8192,REQUIRED,AMENDED / AUTHORIZED
466,secworks_aes,GENERALIZATION_TRAIN,26,1664,64,29721,59442,128,64,64,8192,REQUIRED,AMENDED / AUTHORIZED
467,secworks_aes,GENERALIZATION_TRAIN,27,1728,64,29785,59570,128,64,64,8192,REQUIRED,AMENDED / AUTHORIZED
468,secworks_aes,GENERALIZATION_TRAIN,28,1792,64,29849,59698,128,64,64,8192,REQUIRED,AMENDED / AUTHORIZED
469,secworks_aes,GENERALIZATION_TRAIN,29,1856,64,29913,59826,128,64,64,8192,REQUIRED,AMENDED / AUTHORIZED
470,secworks_aes,GENERALIZATION_TRAIN,30,1920,64,29977,59954,128,64,64,8192,REQUIRED,AMENDED / AUTHORIZED
471,secworks_aes,GENERALIZATION_TRAIN,31,1984,64,30041,60082,128,64,64,8192,REQUIRED,AMENDED / AUTHORIZED
472,secworks_aes,GENERALIZATION_TRAIN,32,2048,64,30105,60210,128,64,64,8192,REQUIRED,AMENDED / AUTHORIZED
473,secworks_aes,GENERALIZATION_TRAIN,33,2112,64,30169,60338,128,64,64,8192,REQUIRED,AMENDED / AUTHORIZED
474,secworks_aes,GENERALIZATION_TRAIN,34,2176,64,30233,60466,128,64,64,8192,REQUIRED,AMENDED / AUTHORIZED
475,secworks_aes,GENERALIZATION_TRAIN,35,2240,64,30297,60594,128,64,64,8192,REQUIRED,AMENDED / AUTHORIZED
476,secworks_aes,GENERALIZATION_TRAIN,36,2304,64,30361,60722,128,64,64,8192,REQUIRED,AMENDED / AUTHORIZED
477,secworks_aes,GENERALIZATION_TRAIN,37,2368,64,30425,60850,128,64,64,8192,REQUIRED,AMENDED / AUTHORIZED
478,secworks_aes,GENERALIZATION_TRAIN,38,2432,64,30489,60978,128,64,64,8192,REQUIRED,AMENDED / AUTHORIZED
479,secworks_aes,GENERALIZATION_TRAIN,39,2496,64,30553,61106,128,64,64,8192,REQUIRED,AMENDED / AUTHORIZED
480,secworks_aes,GENERALIZATION_TRAIN,40,2560,64,30617,61234,128,64,64,8192,REQUIRED,AMENDED / AUTHORIZED
481,secworks_aes,GENERALIZATION_TRAIN,41,2624,64,30681,61362,128,64,64,8192,REQUIRED,AMENDED / AUTHORIZED
482,secworks_aes,GENERALIZATION_TRAIN,42,2688,64,30745,61490,128,64,64,8192,REQUIRED,AMENDED / AUTHORIZED
483,secworks_aes,GENERALIZATION_TRAIN,43,2752,64,30809,61618,128,64,64,8192,REQUIRED,AMENDED / AUTHORIZED
484,secworks_aes,GENERALIZATION_TRAIN,44,2816,64,30873,61746,128,64,64,8192,REQUIRED,AMENDED / AUTHORIZED
485,secworks_aes,GENERALIZATION_TRAIN,45,2880,64,30937,61874,128,64,64,8192,REQUIRED,AMENDED / AUTHORIZED
486,secworks_aes,GENERALIZATION_TRAIN,46,2944,64,31001,62002,128,64,64,8192,REQUIRED,AMENDED / AUTHORIZED
487,secworks_aes,GENERALIZATION_TRAIN,47,3008,64,31065,62130,128,64,64,8192,REQUIRED,AMENDED / AUTHORIZED
488,secworks_aes,GENERALIZATION_TRAIN,48,3072,64,31129,62258,128,64,64,8192,REQUIRED,AMENDED / AUTHORIZED
489,secworks_aes,GENERALIZATION_TRAIN,49,3136,64,31193,62386,128,64,64,8192,REQUIRED,AMENDED / AUTHORIZED
490,secworks_aes,GENERALIZATION_TRAIN,50,3200,64,31257,62514,128,64,64,8192,REQUIRED,AMENDED / AUTHORIZED
491,secworks_aes,GENERALIZATION_TRAIN,51,3264,64,31321,62642,128,64,64,8192,REQUIRED,AMENDED / AUTHORIZED
492,secworks_aes,GENERALIZATION_TRAIN,52,3328,64,31385,62770,128,64,64,8192,REQUIRED,AMENDED / AUTHORIZED
493,secworks_aes,GENERALIZATION_TRAIN,53,3392,64,31449,62898,128,64,64,8192,REQUIRED,AMENDED / AUTHORIZED
494,secworks_aes,GENERALIZATION_TRAIN,54,3456,64,31513,63026,128,64,64,8192,REQUIRED,AMENDED / AUTHORIZED
495,secworks_aes,GENERALIZATION_TRAIN,55,3520,64,31577,63154,128,64,64,8192,REQUIRED,AMENDED / AUTHORIZED
496,secworks_aes,GENERALIZATION_TRAIN,56,3584,64,31641,63282,128,64,64,8192,REQUIRED,AMENDED / AUTHORIZED
497,secworks_aes,GENERALIZATION_TRAIN,57,3648,64,31705,63410,128,64,64,8192,REQUIRED,AMENDED / AUTHORIZED
498,secworks_aes,GENERALIZATION_TRAIN,58,3712,64,31769,63538,128,64,64,8192,REQUIRED,AMENDED / AUTHORIZED
499,secworks_aes,GENERALIZATION_TRAIN,59,3776,64,31833,63666,128,64,64,8192,REQUIRED,AMENDED / AUTHORIZED
500,secworks_aes,GENERALIZATION_TRAIN,60,3840,64,31897,63794,128,64,64,8192,REQUIRED,AMENDED / AUTHORIZED
501,secworks_aes,GENERALIZATION_TRAIN,61,3904,64,31961,63922,128,64,64,8192,REQUIRED,AMENDED / AUTHORIZED
502,secworks_aes,GENERALIZATION_TRAIN,62,3968,64,32025,64050,128,64,64,8192,REQUIRED,AMENDED / AUTHORIZED
503,secworks_aes,GENERALIZATION_TRAIN,63,4032,64,32089,64178,128,64,64,8192,REQUIRED,AMENDED / AUTHORIZED
504,secworks_aes,GENERALIZATION_TRAIN,64,4096,64,32153,64306,128,64,64,8192,REQUIRED,AMENDED / AUTHORIZED
505,secworks_aes,GENERALIZATION_TRAIN,65,4160,64,32217,64434,128,64,64,8192,REQUIRED,AMENDED / AUTHORIZED
506,secworks_aes,GENERALIZATION_TRAIN,66,4224,64,32281,64562,128,64,64,8192,REQUIRED,AMENDED / AUTHORIZED
507,secworks_aes,GENERALIZATION_TRAIN,67,4288,64,32345,64690,128,64,64,8192,REQUIRED,AMENDED / AUTHORIZED
508,secworks_aes,GENERALIZATION_TRAIN,68,4352,64,32409,64818,128,64,64,8192,REQUIRED,AMENDED / AUTHORIZED
509,secworks_aes,GENERALIZATION_TRAIN,69,4416,64,32473,64946,128,64,64,8192,REQUIRED,AMENDED / AUTHORIZED
510,secworks_aes,GENERALIZATION_TRAIN,70,4480,64,32537,65074,128,64,64,8192,REQUIRED,AMENDED / AUTHORIZED
511,secworks_aes,GENERALIZATION_TRAIN,71,4544,64,32601,65202,128,64,64,8192,REQUIRED,AMENDED / AUTHORIZED
512,secworks_aes,GENERALIZATION_TRAIN,72,4608,64,32665,65330,128,64,64,8192,REQUIRED,AMENDED / AUTHORIZED
513,secworks_aes,GENERALIZATION_TRAIN,73,4672,64,32729,65458,128,64,64,8192,REQUIRED,AMENDED / AUTHORIZED
514,secworks_aes,GENERALIZATION_TRAIN,74,4736,64,32793,65586,128,64,64,8192,REQUIRED,AMENDED / AUTHORIZED
515,secworks_aes,GENERALIZATION_TRAIN,75,4800,64,32857,65714,128,64,64,8192,REQUIRED,AMENDED / AUTHORIZED
516,secworks_aes,GENERALIZATION_TRAIN,76,4864,64,32921,65842,128,64,64,8192,REQUIRED,AMENDED / AUTHORIZED
517,secworks_aes,GENERALIZATION_TRAIN,77,4928,64,32985,65970,128,64,64,8192,REQUIRED,AMENDED / AUTHORIZED
518,secworks_aes,GENERALIZATION_TRAIN,78,4992,64,33049,66098,128,64,64,8192,REQUIRED,AMENDED / AUTHORIZED
519,secworks_aes,GENERALIZATION_TRAIN,79,5056,64,33113,66226,128,64,64,8192,REQUIRED,AMENDED / AUTHORIZED
520,secworks_aes,GENERALIZATION_TRAIN,80,5120,64,33177,66354,128,64,64,8192,REQUIRED,AMENDED / AUTHORIZED
521,secworks_aes,GENERALIZATION_TRAIN,81,5184,64,33241,66482,128,64,64,8192,REQUIRED,AMENDED / AUTHORIZED
522,secworks_aes,GENERALIZATION_TRAIN,82,5248,64,33305,66610,128,64,64,8192,REQUIRED,AMENDED / AUTHORIZED
523,secworks_aes,GENERALIZATION_TRAIN,83,5312,64,33369,66738,128,64,64,8192,REQUIRED,AMENDED / AUTHORIZED
524,secworks_aes,GENERALIZATION_TRAIN,84,5376,64,33433,66866,128,64,64,8192,REQUIRED,AMENDED / AUTHORIZED
525,secworks_aes,GENERALIZATION_TRAIN,85,5440,64,33497,66994,128,64,64,8192,REQUIRED,AMENDED / AUTHORIZED
526,secworks_aes,GENERALIZATION_TRAIN,86,5504,64,33561,67122,128,64,64,8192,REQUIRED,AMENDED / AUTHORIZED
527,secworks_aes,GENERALIZATION_TRAIN,87,5568,64,33625,67250,128,64,64,8192,REQUIRED,AMENDED / AUTHORIZED
528,secworks_aes,GENERALIZATION_TRAIN,88,5632,64,33689,67378,128,64,64,8192,REQUIRED,AMENDED / AUTHORIZED
529,secworks_aes,GENERALIZATION_TRAIN,89,5696,64,33753,67506,128,64,64,8192,REQUIRED,AMENDED / AUTHORIZED
530,secworks_aes,GENERALIZATION_TRAIN,90,5760,64,33817,67634,128,64,64,8192,REQUIRED,AMENDED / AUTHORIZED
531,secworks_aes,GENERALIZATION_TRAIN,91,5824,64,33881,67762,128,64,64,8192,REQUIRED,AMENDED / AUTHORIZED
532,secworks_aes,GENERALIZATION_TRAIN,92,5888,64,33945,67890,128,64,64,8192,REQUIRED,AMENDED / AUTHORIZED
533,secworks_aes,GENERALIZATION_TRAIN,93,5952,64,34009,68018,128,64,64,8192,REQUIRED,AMENDED / AUTHORIZED
534,secworks_aes,GENERALIZATION_TRAIN,94,6016,64,34073,68146,128,64,64,8192,REQUIRED,AMENDED / AUTHORIZED
535,secworks_aes,GENERALIZATION_TRAIN,95,6080,64,34137,68274,128,64,64,8192,REQUIRED,AMENDED / AUTHORIZED
536,secworks_aes,GENERALIZATION_TRAIN,96,6144,64,34201,68402,128,64,64,8192,REQUIRED,AMENDED / AUTHORIZED
537,secworks_aes,GENERALIZATION_TRAIN,97,6208,64,34265,68530,128,64,64,8192,REQUIRED,AMENDED / AUTHORIZED
538,secworks_aes,GENERALIZATION_TRAIN,98,6272,64,34329,68658,128,64,64,8192,REQUIRED,AMENDED / AUTHORIZED
539,secworks_aes,GENERALIZATION_TRAIN,99,6336,64,34393,68786,128,64,64,8192,REQUIRED,AMENDED / AUTHORIZED
540,secworks_aes,GENERALIZATION_TRAIN,100,6400,64,34457,68914,128,64,64,8192,REQUIRED,AMENDED / AUTHORIZED
541,secworks_aes,GENERALIZATION_TRAIN,101,6464,64,34521,69042,128,64,64,8192,REQUIRED,AMENDED / AUTHORIZED
542,secworks_aes,GENERALIZATION_TRAIN,102,6528,64,34585,69170,128,64,64,8192,REQUIRED,AMENDED / AUTHORIZED
543,secworks_aes,GENERALIZATION_TRAIN,103,6592,64,34649,69298,128,64,64,8192,REQUIRED,AMENDED / AUTHORIZED
544,secworks_aes,GENERALIZATION_TRAIN,104,6656,64,34713,69426,128,64,64,8192,REQUIRED,AMENDED / AUTHORIZED
545,secworks_aes,GENERALIZATION_TRAIN,105,6720,64,34777,69554,128,64,64,8192,REQUIRED,AMENDED / AUTHORIZED
546,secworks_aes,GENERALIZATION_TRAIN,106,6784,64,34841,69682,128,64,64,8192,REQUIRED,AMENDED / AUTHORIZED
547,secworks_aes,GENERALIZATION_TRAIN,107,6848,64,34905,69810,128,64,64,8192,REQUIRED,AMENDED / AUTHORIZED
548,secworks_aes,GENERALIZATION_TRAIN,108,6912,64,34969,69938,128,64,64,8192,REQUIRED,AMENDED / AUTHORIZED
549,secworks_aes,GENERALIZATION_TRAIN,109,6976,64,35033,70066,128,64,64,8192,REQUIRED,AMENDED / AUTHORIZED
550,secworks_aes,GENERALIZATION_TRAIN,110,7040,64,35097,70194,128,64,64,8192,REQUIRED,AMENDED / AUTHORIZED
551,secworks_aes,GENERALIZATION_TRAIN,111,7104,64,35161,70322,128,64,64,8192,REQUIRED,AMENDED / AUTHORIZED
552,secworks_aes,GENERALIZATION_TRAIN,112,7168,64,35225,70450,128,64,64,8192,REQUIRED,AMENDED / AUTHORIZED
553,secworks_aes,GENERALIZATION_TRAIN,113,7232,64,35289,70578,128,64,64,8192,REQUIRED,AMENDED / AUTHORIZED
554,secworks_aes,GENERALIZATION_TRAIN,114,7296,64,35353,70706,128,64,64,8192,REQUIRED,AMENDED / AUTHORIZED
555,secworks_aes,GENERALIZATION_TRAIN,115,7360,64,35417,70834,128,64,64,8192,REQUIRED,AMENDED / AUTHORIZED
556,secworks_aes,GENERALIZATION_TRAIN,116,7424,64,35481,70962,128,64,64,8192,REQUIRED,AMENDED / AUTHORIZED
557,secworks_aes,GENERALIZATION_TRAIN,117,7488,64,35545,71090,128,64,64,8192,REQUIRED,AMENDED / AUTHORIZED
558,secworks_aes,GENERALIZATION_TRAIN,118,7552,64,35609,71218,128,64,64,8192,REQUIRED,AMENDED / AUTHORIZED
559,secworks_aes,GENERALIZATION_TRAIN,119,7616,64,35673,71346,128,64,64,8192,REQUIRED,AMENDED / AUTHORIZED
560,secworks_aes,GENERALIZATION_TRAIN,120,7680,64,35737,71474,128,64,64,8192,REQUIRED,AMENDED / AUTHORIZED
561,secworks_aes,GENERALIZATION_TRAIN,121,7744,64,35801,71602,128,64,64,8192,REQUIRED,AMENDED / AUTHORIZED
562,secworks_aes,GENERALIZATION_TRAIN,122,7808,64,35865,71730,128,64,64,8192,REQUIRED,AMENDED / AUTHORIZED
563,secworks_aes,GENERALIZATION_TRAIN,123,7872,64,35929,71858,128,64,64,8192,REQUIRED,AMENDED / AUTHORIZED
564,secworks_aes,GENERALIZATION_TRAIN,124,7936,64,35993,71986,128,64,64,8192,REQUIRED,AMENDED / AUTHORIZED
565,secworks_aes,GENERALIZATION_TRAIN,125,8000,64,36057,72114,128,64,64,8192,REQUIRED,AMENDED / AUTHORIZED
566,secworks_aes,GENERALIZATION_TRAIN,126,8064,64,36121,72242,128,64,64,8192,REQUIRED,AMENDED / AUTHORIZED
567,secworks_aes,GENERALIZATION_TRAIN,127,8128,64,36185,72370,128,64,64,8192,REQUIRED,AMENDED / AUTHORIZED
568,secworks_aes,GENERALIZATION_TRAIN,128,8192,64,36249,72498,128,64,64,8192,REQUIRED,AMENDED / AUTHORIZED
569,secworks_aes,GENERALIZATION_TRAIN,129,8256,64,36313,72626,128,64,64,8192,REQUIRED,AMENDED / AUTHORIZED
570,secworks_aes,GENERALIZATION_TRAIN,130,8320,64,36377,72754,128,64,64,8192,REQUIRED,AMENDED / AUTHORIZED
571,secworks_aes,GENERALIZATION_TRAIN,131,8384,64,36441,72882,128,64,64,8192,REQUIRED,AMENDED / AUTHORIZED
572,secworks_aes,GENERALIZATION_TRAIN,132,8448,64,36505,73010,128,64,64,8192,REQUIRED,AMENDED / AUTHORIZED
573,secworks_aes,GENERALIZATION_TRAIN,133,8512,64,36569,73138,128,64,64,8192,REQUIRED,AMENDED / AUTHORIZED
574,secworks_aes,GENERALIZATION_TRAIN,134,8576,64,36633,73266,128,64,64,8192,REQUIRED,AMENDED / AUTHORIZED
575,secworks_aes,GENERALIZATION_TRAIN,135,8640,64,36697,73394,128,64,64,8192,REQUIRED,AMENDED / AUTHORIZED
576,secworks_aes,GENERALIZATION_TRAIN,136,8704,64,36761,73522,128,64,64,8192,REQUIRED,AMENDED / AUTHORIZED
577,secworks_aes,GENERALIZATION_TRAIN,137,8768,64,36825,73650,128,64,64,8192,REQUIRED,AMENDED / AUTHORIZED
578,secworks_aes,GENERALIZATION_TRAIN,138,8832,64,36889,73778,128,64,64,8192,REQUIRED,AMENDED / AUTHORIZED
579,secworks_aes,GENERALIZATION_TRAIN,139,8896,64,36953,73906,128,64,64,8192,REQUIRED,AMENDED / AUTHORIZED
580,secworks_aes,GENERALIZATION_TRAIN,140,8960,64,37017,74034,128,64,64,8192,REQUIRED,AMENDED / AUTHORIZED
581,secworks_aes,GENERALIZATION_TRAIN,141,9024,64,37081,74162,128,64,64,8192,REQUIRED,AMENDED / AUTHORIZED
582,secworks_aes,GENERALIZATION_TRAIN,142,9088,64,37145,74290,128,64,64,8192,REQUIRED,AMENDED / AUTHORIZED
583,secworks_aes,GENERALIZATION_TRAIN,143,9152,64,37209,74418,128,64,64,8192,REQUIRED,AMENDED / AUTHORIZED
584,secworks_aes,GENERALIZATION_TRAIN,144,9216,64,37273,74546,128,64,64,8192,REQUIRED,AMENDED / AUTHORIZED
585,secworks_aes,GENERALIZATION_TRAIN,145,9280,64,37337,74674,128,64,64,8192,REQUIRED,AMENDED / AUTHORIZED
586,secworks_aes,GENERALIZATION_TRAIN,146,9344,64,37401,74802,128,64,64,8192,REQUIRED,AMENDED / AUTHORIZED
587,secworks_aes,GENERALIZATION_TRAIN,147,9408,64,37465,74930,128,64,64,8192,REQUIRED,AMENDED / AUTHORIZED
588,secworks_aes,GENERALIZATION_TRAIN,148,9472,64,37529,75058,128,64,64,8192,REQUIRED,AMENDED / AUTHORIZED
589,secworks_aes,GENERALIZATION_TRAIN,149,9536,64,37593,75186,128,64,64,8192,REQUIRED,AMENDED / AUTHORIZED
590,secworks_aes,GENERALIZATION_TRAIN,150,9600,64,37657,75314,128,64,64,8192,REQUIRED,AMENDED / AUTHORIZED
591,secworks_aes,GENERALIZATION_TRAIN,151,9664,64,37721,75442,128,64,64,8192,REQUIRED,AMENDED / AUTHORIZED
592,secworks_aes,GENERALIZATION_TRAIN,152,9728,64,37785,75570,128,64,64,8192,REQUIRED,AMENDED / AUTHORIZED
593,secworks_aes,GENERALIZATION_TRAIN,153,9792,64,37849,75698,128,64,64,8192,REQUIRED,AMENDED / AUTHORIZED
594,secworks_aes,GENERALIZATION_TRAIN,154,9856,64,37913,75826,128,64,64,8192,REQUIRED,AMENDED / AUTHORIZED
595,secworks_aes,GENERALIZATION_TRAIN,155,9920,64,37977,75954,128,64,64,8192,REQUIRED,AMENDED / AUTHORIZED
596,secworks_aes,GENERALIZATION_TRAIN,156,9984,64,38041,76082,128,64,64,8192,REQUIRED,AMENDED / AUTHORIZED
597,secworks_aes,GENERALIZATION_TRAIN,157,10048,64,38105,76210,128,64,64,8192,REQUIRED,AMENDED / AUTHORIZED
598,secworks_aes,GENERALIZATION_TRAIN,158,10112,64,38169,76338,128,64,64,8192,REQUIRED,AMENDED / AUTHORIZED
599,secworks_aes,GENERALIZATION_TRAIN,159,10176,64,38233,76466,128,64,64,8192,REQUIRED,AMENDED / AUTHORIZED
600,secworks_aes,GENERALIZATION_TRAIN,160,10240,64,38297,76594,128,64,64,8192,REQUIRED,AMENDED / AUTHORIZED
601,secworks_aes,GENERALIZATION_TRAIN,161,10304,64,38361,76722,128,64,64,8192,REQUIRED,AMENDED / AUTHORIZED
602,secworks_aes,GENERALIZATION_TRAIN,162,10368,64,38425,76850,128,64,64,8192,REQUIRED,AMENDED / AUTHORIZED
603,secworks_aes,GENERALIZATION_TRAIN,163,10432,64,38489,76978,128,64,64,8192,REQUIRED,AMENDED / AUTHORIZED
604,secworks_aes,GENERALIZATION_TRAIN,164,10496,64,38553,77106,128,64,64,8192,REQUIRED,AMENDED / AUTHORIZED
605,secworks_aes,GENERALIZATION_TRAIN,165,10560,64,38617,77234,128,64,64,8192,REQUIRED,AMENDED / AUTHORIZED
606,secworks_aes,GENERALIZATION_TRAIN,166,10624,64,38681,77362,128,64,64,8192,REQUIRED,AMENDED / AUTHORIZED
607,secworks_aes,GENERALIZATION_TRAIN,167,10688,64,38745,77490,128,64,64,8192,REQUIRED,AMENDED / AUTHORIZED
608,secworks_aes,GENERALIZATION_TRAIN,168,10752,64,38809,77618,128,64,64,8192,REQUIRED,AMENDED / AUTHORIZED
609,secworks_aes,GENERALIZATION_TRAIN,169,10816,64,38873,77746,128,64,64,8192,REQUIRED,AMENDED / AUTHORIZED
610,secworks_aes,GENERALIZATION_TRAIN,170,10880,64,38937,77874,128,64,64,8192,REQUIRED,AMENDED / AUTHORIZED
611,secworks_aes,GENERALIZATION_TRAIN,171,10944,64,39001,78002,128,64,64,8192,REQUIRED,AMENDED / AUTHORIZED
612,secworks_aes,GENERALIZATION_TRAIN,172,11008,64,39065,78130,128,64,64,8192,REQUIRED,AMENDED / AUTHORIZED
613,secworks_aes,GENERALIZATION_TRAIN,173,11072,64,39129,78258,128,64,64,8192,REQUIRED,AMENDED / AUTHORIZED
614,secworks_aes,GENERALIZATION_TRAIN,174,11136,64,39193,78386,128,64,64,8192,REQUIRED,AMENDED / AUTHORIZED
615,secworks_aes,GENERALIZATION_TRAIN,175,11200,64,39257,78514,128,64,64,8192,REQUIRED,AMENDED / AUTHORIZED
616,secworks_aes,GENERALIZATION_TRAIN,176,11264,64,39321,78642,128,64,64,8192,REQUIRED,AMENDED / AUTHORIZED
617,secworks_aes,GENERALIZATION_TRAIN,177,11328,64,39385,78770,128,64,64,8192,REQUIRED,AMENDED / AUTHORIZED
618,secworks_aes,GENERALIZATION_TRAIN,178,11392,64,39449,78898,128,64,64,8192,REQUIRED,AMENDED / AUTHORIZED
619,secworks_aes,GENERALIZATION_TRAIN,179,11456,64,39513,79026,128,64,64,8192,REQUIRED,AMENDED / AUTHORIZED
620,secworks_aes,GENERALIZATION_TRAIN,180,11520,64,39577,79154,128,64,64,8192,REQUIRED,AMENDED / AUTHORIZED
621,secworks_aes,GENERALIZATION_TRAIN,181,11584,64,39641,79282,128,64,64,8192,REQUIRED,AMENDED / AUTHORIZED
622,secworks_aes,GENERALIZATION_TRAIN,182,11648,64,39705,79410,128,64,64,8192,REQUIRED,AMENDED / AUTHORIZED
623,secworks_aes,GENERALIZATION_TRAIN,183,11712,64,39769,79538,128,64,64,8192,REQUIRED,AMENDED / AUTHORIZED
624,secworks_aes,GENERALIZATION_TRAIN,184,11776,64,39833,79666,128,64,64,8192,REQUIRED,AMENDED / AUTHORIZED
625,secworks_aes,GENERALIZATION_TRAIN,185,11840,64,39897,79794,128,64,64,8192,REQUIRED,AMENDED / AUTHORIZED
626,secworks_aes,GENERALIZATION_TRAIN,186,11904,64,39961,79922,128,64,64,8192,REQUIRED,AMENDED / AUTHORIZED
627,secworks_aes,GENERALIZATION_TRAIN,187,11968,64,40025,80050,128,64,64,8192,REQUIRED,AMENDED / AUTHORIZED
628,secworks_aes,GENERALIZATION_TRAIN,188,12032,64,40089,80178,128,64,64,8192,REQUIRED,AMENDED / AUTHORIZED
629,secworks_aes,GENERALIZATION_TRAIN,189,12096,64,40153,80306,128,64,64,8192,REQUIRED,AMENDED / AUTHORIZED
630,secworks_aes,GENERALIZATION_TRAIN,190,12160,64,40217,80434,128,64,64,8192,REQUIRED,AMENDED / AUTHORIZED
631,secworks_aes,GENERALIZATION_TRAIN,191,12224,64,40281,80562,128,64,64,8192,REQUIRED,AMENDED / AUTHORIZED
632,secworks_aes,GENERALIZATION_TRAIN,192,12288,64,40345,80690,128,64,64,8192,REQUIRED,AMENDED / AUTHORIZED
633,secworks_aes,GENERALIZATION_TRAIN,193,12352,64,40409,80818,128,64,64,8192,REQUIRED,AMENDED / AUTHORIZED
634,secworks_aes,GENERALIZATION_TRAIN,194,12416,64,40473,80946,128,64,64,8192,REQUIRED,AMENDED / AUTHORIZED
635,secworks_aes,GENERALIZATION_TRAIN,195,12480,64,40537,81074,128,64,64,8192,REQUIRED,AMENDED / AUTHORIZED
636,secworks_aes,GENERALIZATION_TRAIN,196,12544,64,40601,81202,128,64,64,8192,REQUIRED,AMENDED / AUTHORIZED
637,secworks_aes,GENERALIZATION_TRAIN,197,12608,64,40665,81330,128,64,64,8192,REQUIRED,AMENDED / AUTHORIZED
638,secworks_aes,GENERALIZATION_TRAIN,198,12672,64,40729,81458,128,64,64,8192,REQUIRED,AMENDED / AUTHORIZED
639,secworks_aes,GENERALIZATION_TRAIN,199,12736,64,40793,81586,128,64,64,8192,REQUIRED,AMENDED / AUTHORIZED
640,secworks_aes,GENERALIZATION_TRAIN,200,12800,64,40857,81714,128,64,64,8192,REQUIRED,AMENDED / AUTHORIZED
641,secworks_aes,GENERALIZATION_TRAIN,201,12864,64,40921,81842,128,64,64,8192,REQUIRED,AMENDED / AUTHORIZED
642,secworks_aes,GENERALIZATION_TRAIN,202,12928,64,40985,81970,128,64,64,8192,REQUIRED,AMENDED / AUTHORIZED
643,secworks_aes,GENERALIZATION_TRAIN,203,12992,64,41049,82098,128,64,64,8192,REQUIRED,AMENDED / AUTHORIZED
644,secworks_aes,GENERALIZATION_TRAIN,204,13056,64,41113,82226,128,64,64,8192,REQUIRED,AMENDED / AUTHORIZED
645,secworks_aes,GENERALIZATION_TRAIN,205,13120,64,41177,82354,128,64,64,8192,REQUIRED,AMENDED / AUTHORIZED
646,secworks_aes,GENERALIZATION_TRAIN,206,13184,64,41241,82482,128,64,64,8192,REQUIRED,AMENDED / AUTHORIZED
647,secworks_aes,GENERALIZATION_TRAIN,207,13248,64,41305,82610,128,64,64,8192,REQUIRED,AMENDED / AUTHORIZED
648,secworks_aes,GENERALIZATION_TRAIN,208,13312,64,41369,82738,128,64,64,8192,REQUIRED,AMENDED / AUTHORIZED
649,secworks_aes,GENERALIZATION_TRAIN,209,13376,64,41433,82866,128,64,64,8192,REQUIRED,AMENDED / AUTHORIZED
650,secworks_aes,GENERALIZATION_TRAIN,210,13440,64,41497,82994,128,64,64,8192,REQUIRED,AMENDED / AUTHORIZED
651,secworks_aes,GENERALIZATION_TRAIN,211,13504,64,41561,83122,128,64,64,8192,REQUIRED,AMENDED / AUTHORIZED
652,secworks_aes,GENERALIZATION_TRAIN,212,13568,64,41625,83250,128,64,64,8192,REQUIRED,AMENDED / AUTHORIZED
653,secworks_aes,GENERALIZATION_TRAIN,213,13632,64,41689,83378,128,64,64,8192,REQUIRED,AMENDED / AUTHORIZED
654,secworks_aes,GENERALIZATION_TRAIN,214,13696,64,41753,83506,128,64,64,8192,REQUIRED,AMENDED / AUTHORIZED
655,secworks_aes,GENERALIZATION_TRAIN,215,13760,64,41817,83634,128,64,64,8192,REQUIRED,AMENDED / AUTHORIZED
656,secworks_aes,GENERALIZATION_TRAIN,216,13824,64,41881,83762,128,64,64,8192,REQUIRED,AMENDED / AUTHORIZED
657,secworks_aes,GENERALIZATION_TRAIN,217,13888,64,41945,83890,128,64,64,8192,REQUIRED,AMENDED / AUTHORIZED
658,secworks_aes,GENERALIZATION_TRAIN,218,13952,64,42009,84018,128,64,64,8192,REQUIRED,AMENDED / AUTHORIZED
659,secworks_aes,GENERALIZATION_TRAIN,219,14016,64,42073,84146,128,64,64,8192,REQUIRED,AMENDED / AUTHORIZED
660,secworks_aes,GENERALIZATION_TRAIN,220,14080,64,42137,84274,128,64,64,8192,REQUIRED,AMENDED / AUTHORIZED
661,secworks_aes,GENERALIZATION_TRAIN,221,14144,64,42201,84402,128,64,64,8192,REQUIRED,AMENDED / AUTHORIZED
662,secworks_aes,GENERALIZATION_TRAIN,222,14208,64,42265,84530,128,64,64,8192,REQUIRED,AMENDED / AUTHORIZED
663,secworks_aes,GENERALIZATION_TRAIN,223,14272,64,42329,84658,128,64,64,8192,REQUIRED,AMENDED / AUTHORIZED
664,secworks_aes,GENERALIZATION_TRAIN,224,14336,64,42393,84786,128,64,64,8192,REQUIRED,AMENDED / AUTHORIZED
665,secworks_aes,GENERALIZATION_TRAIN,225,14400,64,42457,84914,128,64,64,8192,REQUIRED,AMENDED / AUTHORIZED
666,secworks_aes,GENERALIZATION_TRAIN,226,14464,64,42521,85042,128,64,64,8192,REQUIRED,AMENDED / AUTHORIZED
667,secworks_aes,GENERALIZATION_TRAIN,227,14528,64,42585,85170,128,64,64,8192,REQUIRED,AMENDED / AUTHORIZED
668,secworks_aes,GENERALIZATION_TRAIN,228,14592,64,42649,85298,128,64,64,8192,REQUIRED,AMENDED / AUTHORIZED
669,secworks_aes,GENERALIZATION_TRAIN,229,14656,64,42713,85426,128,64,64,8192,REQUIRED,AMENDED / AUTHORIZED
670,secworks_aes,GENERALIZATION_TRAIN,230,14720,64,42777,85554,128,64,64,8192,REQUIRED,AMENDED / AUTHORIZED
671,secworks_aes,GENERALIZATION_TRAIN,231,14784,64,42841,85682,128,64,64,8192,REQUIRED,AMENDED / AUTHORIZED
672,secworks_aes,GENERALIZATION_TRAIN,232,14848,64,42905,85810,128,64,64,8192,REQUIRED,AMENDED / AUTHORIZED
673,secworks_aes,GENERALIZATION_TRAIN,233,14912,64,42969,85938,128,64,64,8192,REQUIRED,AMENDED / AUTHORIZED
674,secworks_aes,GENERALIZATION_TRAIN,234,14976,64,43033,86066,128,64,64,8192,REQUIRED,AMENDED / AUTHORIZED
675,secworks_aes,GENERALIZATION_TRAIN,235,15040,64,43097,86194,128,64,64,8192,REQUIRED,AMENDED / AUTHORIZED
676,secworks_aes,GENERALIZATION_TRAIN,236,15104,64,43161,86322,128,64,64,8192,REQUIRED,AMENDED / AUTHORIZED
677,secworks_aes,GENERALIZATION_TRAIN,237,15168,64,43225,86450,128,64,64,8192,REQUIRED,AMENDED / AUTHORIZED
678,secworks_aes,GENERALIZATION_TRAIN,238,15232,64,43289,86578,128,64,64,8192,REQUIRED,AMENDED / AUTHORIZED
679,secworks_aes,GENERALIZATION_TRAIN,239,15296,64,43353,86706,128,64,64,8192,REQUIRED,AMENDED / AUTHORIZED
680,secworks_aes,GENERALIZATION_TRAIN,240,15360,64,43417,86834,128,64,64,8192,REQUIRED,AMENDED / AUTHORIZED
681,secworks_aes,GENERALIZATION_TRAIN,241,15424,64,43481,86962,128,64,64,8192,REQUIRED,AMENDED / AUTHORIZED
682,secworks_aes,GENERALIZATION_TRAIN,242,15488,64,43545,87090,128,64,64,8192,REQUIRED,AMENDED / AUTHORIZED
683,secworks_aes,GENERALIZATION_TRAIN,243,15552,64,43609,87218,128,64,64,8192,REQUIRED,AMENDED / AUTHORIZED
684,secworks_aes,GENERALIZATION_TRAIN,244,15616,64,43673,87346,128,64,64,8192,REQUIRED,AMENDED / AUTHORIZED
685,secworks_aes,GENERALIZATION_TRAIN,245,15680,64,43737,87474,128,64,64,8192,REQUIRED,AMENDED / AUTHORIZED
686,secworks_aes,GENERALIZATION_TRAIN,246,15744,64,43801,87602,128,64,64,8192,REQUIRED,AMENDED / AUTHORIZED
687,secworks_aes,GENERALIZATION_TRAIN,247,15808,64,43865,87730,128,64,64,8192,REQUIRED,AMENDED / AUTHORIZED
688,secworks_aes,GENERALIZATION_TRAIN,248,15872,64,43929,87858,128,64,64,8192,REQUIRED,AMENDED / AUTHORIZED
689,secworks_aes,GENERALIZATION_TRAIN,249,15936,64,43993,87986,128,64,64,8192,REQUIRED,AMENDED / AUTHORIZED
690,secworks_aes,GENERALIZATION_TRAIN,250,16000,64,44057,88114,128,64,64,8192,REQUIRED,AMENDED / AUTHORIZED
691,secworks_aes,GENERALIZATION_TRAIN,251,16064,64,44121,88242,128,64,64,8192,REQUIRED,AMENDED / AUTHORIZED
692,secworks_aes,GENERALIZATION_TRAIN,252,16128,64,44185,88370,128,64,64,8192,REQUIRED,AMENDED / AUTHORIZED
693,secworks_aes,GENERALIZATION_TRAIN,253,16192,64,44249,88498,128,64,64,8192,REQUIRED,AMENDED / AUTHORIZED
694,secworks_aes,GENERALIZATION_TRAIN,254,16256,64,44313,88626,128,64,64,8192,REQUIRED,AMENDED / AUTHORIZED
695,secworks_aes,GENERALIZATION_TRAIN,255,16320,64,44377,88754,128,64,64,8192,REQUIRED,AMENDED / AUTHORIZED
696,secworks_aes,GENERALIZATION_TRAIN,256,16384,64,44441,88882,128,64,64,8192,REQUIRED,AMENDED / AUTHORIZED
697,secworks_aes,GENERALIZATION_TRAIN,257,16448,64,44505,89010,128,64,64,8192,REQUIRED,AMENDED / AUTHORIZED
698,secworks_aes,GENERALIZATION_TRAIN,258,16512,64,44569,89138,128,64,64,8192,REQUIRED,AMENDED / AUTHORIZED
699,secworks_aes,GENERALIZATION_TRAIN,259,16576,64,44633,89266,128,64,64,8192,REQUIRED,AMENDED / AUTHORIZED
700,secworks_aes,GENERALIZATION_TRAIN,260,16640,64,44697,89394,128,64,64,8192,REQUIRED,AMENDED / AUTHORIZED
701,secworks_aes,GENERALIZATION_TRAIN,261,16704,64,44761,89522,128,64,64,8192,REQUIRED,AMENDED / AUTHORIZED
702,secworks_aes,GENERALIZATION_TRAIN,262,16768,64,44825,89650,128,64,64,8192,REQUIRED,AMENDED / AUTHORIZED
703,secworks_aes,GENERALIZATION_TRAIN,263,16832,64,44889,89778,128,64,64,8192,REQUIRED,AMENDED / AUTHORIZED
704,secworks_aes,GENERALIZATION_TRAIN,264,16896,64,44953,89906,128,64,64,8192,REQUIRED,AMENDED / AUTHORIZED
705,secworks_aes,GENERALIZATION_TRAIN,265,16960,64,45017,90034,128,64,64,8192,REQUIRED,AMENDED / AUTHORIZED
706,secworks_aes,GENERALIZATION_TRAIN,266,17024,64,45081,90162,128,64,64,8192,REQUIRED,AMENDED / AUTHORIZED
707,secworks_aes,GENERALIZATION_TRAIN,267,17088,64,45145,90290,128,64,64,8192,REQUIRED,AMENDED / AUTHORIZED
708,secworks_aes,GENERALIZATION_TRAIN,268,17152,64,45209,90418,128,64,64,8192,REQUIRED,AMENDED / AUTHORIZED
709,secworks_aes,GENERALIZATION_TRAIN,269,17216,64,45273,90546,128,64,64,8192,REQUIRED,AMENDED / AUTHORIZED
710,secworks_aes,GENERALIZATION_TRAIN,270,17280,64,45337,90674,128,64,64,8192,REQUIRED,AMENDED / AUTHORIZED
711,secworks_aes,GENERALIZATION_TRAIN,271,17344,64,45401,90802,128,64,64,8192,REQUIRED,AMENDED / AUTHORIZED
712,secworks_aes,GENERALIZATION_TRAIN,272,17408,64,45465,90930,128,64,64,8192,REQUIRED,AMENDED / AUTHORIZED
713,secworks_aes,GENERALIZATION_TRAIN,273,17472,64,45529,91058,128,64,64,8192,REQUIRED,AMENDED / AUTHORIZED
714,secworks_aes,GENERALIZATION_TRAIN,274,17536,64,45593,91186,128,64,64,8192,REQUIRED,AMENDED / AUTHORIZED
715,secworks_aes,GENERALIZATION_TRAIN,275,17600,64,45657,91314,128,64,64,8192,REQUIRED,AMENDED / AUTHORIZED
716,secworks_aes,GENERALIZATION_TRAIN,276,17664,64,45721,91442,128,64,64,8192,REQUIRED,AMENDED / AUTHORIZED
717,secworks_aes,GENERALIZATION_TRAIN,277,17728,64,45785,91570,128,64,64,8192,REQUIRED,AMENDED / AUTHORIZED
718,secworks_aes,GENERALIZATION_TRAIN,278,17792,64,45849,91698,128,64,64,8192,REQUIRED,AMENDED / AUTHORIZED
719,secworks_aes,GENERALIZATION_TRAIN,279,17856,64,45913,91826,128,64,64,8192,REQUIRED,AMENDED / AUTHORIZED
720,secworks_aes,GENERALIZATION_TRAIN,280,17920,64,45977,91954,128,64,64,8192,REQUIRED,AMENDED / AUTHORIZED
721,secworks_aes,GENERALIZATION_TRAIN,281,17984,64,46041,92082,128,64,64,8192,REQUIRED,AMENDED / AUTHORIZED
722,secworks_aes,GENERALIZATION_TRAIN,282,18048,64,46105,92210,128,64,64,8192,REQUIRED,AMENDED / AUTHORIZED
723,secworks_aes,GENERALIZATION_TRAIN,283,18112,64,46169,92338,128,64,64,8192,REQUIRED,AMENDED / AUTHORIZED
724,secworks_aes,GENERALIZATION_TRAIN,284,18176,64,46233,92466,128,64,64,8192,REQUIRED,AMENDED / AUTHORIZED
725,secworks_aes,GENERALIZATION_TRAIN,285,18240,64,46297,92594,128,64,64,8192,REQUIRED,AMENDED / AUTHORIZED
726,secworks_aes,GENERALIZATION_TRAIN,286,18304,64,46361,92722,128,64,64,8192,REQUIRED,AMENDED / AUTHORIZED
727,secworks_aes,GENERALIZATION_TRAIN,287,18368,64,46425,92850,128,64,64,8192,REQUIRED,AMENDED / AUTHORIZED
728,secworks_aes,GENERALIZATION_TRAIN,288,18432,64,46489,92978,128,64,64,8192,REQUIRED,AMENDED / AUTHORIZED
729,secworks_aes,GENERALIZATION_TRAIN,289,18496,64,46553,93106,128,64,64,8192,REQUIRED,AMENDED / AUTHORIZED
730,secworks_aes,GENERALIZATION_TRAIN,290,18560,64,46617,93234,128,64,64,8192,REQUIRED,AMENDED / AUTHORIZED
731,secworks_aes,GENERALIZATION_TRAIN,291,18624,64,46681,93362,128,64,64,8192,REQUIRED,AMENDED / AUTHORIZED
732,secworks_aes,GENERALIZATION_TRAIN,292,18688,64,46745,93490,128,64,64,8192,REQUIRED,AMENDED / AUTHORIZED
733,secworks_aes,GENERALIZATION_TRAIN,293,18752,64,46809,93618,128,64,64,8192,REQUIRED,AMENDED / AUTHORIZED
734,secworks_aes,GENERALIZATION_TRAIN,294,18816,64,46873,93746,128,64,64,8192,REQUIRED,AMENDED / AUTHORIZED
735,secworks_aes,GENERALIZATION_TRAIN,295,18880,64,46937,93874,128,64,64,8192,REQUIRED,AMENDED / AUTHORIZED
736,secworks_aes,GENERALIZATION_TRAIN,296,18944,64,47001,94002,128,64,64,8192,REQUIRED,AMENDED / AUTHORIZED
737,secworks_aes,GENERALIZATION_TRAIN,297,19008,64,47065,94130,128,64,64,8192,REQUIRED,AMENDED / AUTHORIZED
738,secworks_aes,GENERALIZATION_TRAIN,298,19072,64,47129,94258,128,64,64,8192,REQUIRED,AMENDED / AUTHORIZED
739,secworks_aes,GENERALIZATION_TRAIN,299,19136,64,47193,94386,128,64,64,8192,REQUIRED,AMENDED / AUTHORIZED
740,secworks_aes,GENERALIZATION_TRAIN,300,19200,64,47257,94514,128,64,64,8192,REQUIRED,AMENDED / AUTHORIZED
741,secworks_aes,GENERALIZATION_TRAIN,301,19264,64,47321,94642,128,64,64,8192,REQUIRED,AMENDED / AUTHORIZED
742,secworks_aes,GENERALIZATION_TRAIN,302,19328,64,47385,94770,128,64,64,8192,REQUIRED,AMENDED / AUTHORIZED
743,secworks_aes,GENERALIZATION_TRAIN,303,19392,64,47449,94898,128,64,64,8192,REQUIRED,AMENDED / AUTHORIZED
744,secworks_aes,GENERALIZATION_TRAIN,304,19456,64,47513,95026,128,64,64,8192,REQUIRED,AMENDED / AUTHORIZED
745,secworks_aes,GENERALIZATION_TRAIN,305,19520,64,47577,95154,128,64,64,8192,REQUIRED,AMENDED / AUTHORIZED
746,secworks_aes,GENERALIZATION_TRAIN,306,19584,64,47641,95282,128,64,64,8192,REQUIRED,AMENDED / AUTHORIZED
747,secworks_aes,GENERALIZATION_TRAIN,307,19648,64,47705,95410,128,64,64,8192,REQUIRED,AMENDED / AUTHORIZED
748,secworks_aes,GENERALIZATION_TRAIN,308,19712,64,47769,95538,128,64,64,8192,REQUIRED,AMENDED / AUTHORIZED
749,secworks_aes,GENERALIZATION_TRAIN,309,19776,64,47833,95666,128,64,64,8192,REQUIRED,AMENDED / AUTHORIZED
750,secworks_aes,GENERALIZATION_TRAIN,310,19840,64,47897,95794,128,64,64,8192,REQUIRED,AMENDED / AUTHORIZED
751,secworks_aes,GENERALIZATION_TRAIN,311,19904,64,47961,95922,128,64,64,8192,REQUIRED,AMENDED / AUTHORIZED
752,secworks_aes,GENERALIZATION_TRAIN,312,19968,64,48025,96050,128,64,64,8192,REQUIRED,AMENDED / AUTHORIZED
753,secworks_aes,GENERALIZATION_TRAIN,313,20032,64,48089,96178,128,64,64,8192,REQUIRED,AMENDED / AUTHORIZED
754,secworks_aes,GENERALIZATION_TRAIN,314,20096,64,48153,96306,128,64,64,8192,REQUIRED,AMENDED / AUTHORIZED
755,secworks_aes,GENERALIZATION_TRAIN,315,20160,64,48217,96434,128,64,64,8192,REQUIRED,AMENDED / AUTHORIZED
756,secworks_aes,GENERALIZATION_TRAIN,316,20224,64,48281,96562,128,64,64,8192,REQUIRED,AMENDED / AUTHORIZED
757,secworks_aes,GENERALIZATION_TRAIN,317,20288,64,48345,96690,128,64,64,8192,REQUIRED,AMENDED / AUTHORIZED
758,secworks_aes,GENERALIZATION_TRAIN,318,20352,64,48409,96818,128,64,64,8192,REQUIRED,AMENDED / AUTHORIZED
759,secworks_aes,GENERALIZATION_TRAIN,319,20416,64,48473,96946,128,64,64,8192,REQUIRED,AMENDED / AUTHORIZED
760,secworks_aes,GENERALIZATION_TRAIN,320,20480,64,48537,97074,128,64,64,8192,REQUIRED,AMENDED / AUTHORIZED
761,secworks_aes,GENERALIZATION_TRAIN,321,20544,64,48601,97202,128,64,64,8192,REQUIRED,AMENDED / AUTHORIZED
762,secworks_aes,GENERALIZATION_TRAIN,322,20608,64,48665,97330,128,64,64,8192,REQUIRED,AMENDED / AUTHORIZED
763,secworks_aes,GENERALIZATION_TRAIN,323,20672,64,48729,97458,128,64,64,8192,REQUIRED,AMENDED / AUTHORIZED
764,secworks_aes,GENERALIZATION_TRAIN,324,20736,64,48793,97586,128,64,64,8192,REQUIRED,AMENDED / AUTHORIZED
765,secworks_aes,GENERALIZATION_TRAIN,325,20800,64,48857,97714,128,64,64,8192,REQUIRED,AMENDED / AUTHORIZED
766,secworks_aes,GENERALIZATION_TRAIN,326,20864,64,48921,97842,128,64,64,8192,REQUIRED,AMENDED / AUTHORIZED
767,secworks_aes,GENERALIZATION_TRAIN,327,20928,64,48985,97970,128,64,64,8192,REQUIRED,AMENDED / AUTHORIZED
768,secworks_aes,GENERALIZATION_TRAIN,328,20992,64,49049,98098,128,64,64,8192,REQUIRED,AMENDED / AUTHORIZED
769,secworks_aes,GENERALIZATION_TRAIN,329,21056,64,49113,98226,128,64,64,8192,REQUIRED,AMENDED / AUTHORIZED
770,secworks_aes,GENERALIZATION_TRAIN,330,21120,64,49177,98354,128,64,64,8192,REQUIRED,AMENDED / AUTHORIZED
771,secworks_aes,GENERALIZATION_TRAIN,331,21184,64,49241,98482,128,64,64,8192,REQUIRED,AMENDED / AUTHORIZED
772,secworks_aes,GENERALIZATION_TRAIN,332,21248,64,49305,98610,128,64,64,8192,REQUIRED,AMENDED / AUTHORIZED
773,secworks_aes,GENERALIZATION_TRAIN,333,21312,64,49369,98738,128,64,64,8192,REQUIRED,AMENDED / AUTHORIZED
774,secworks_aes,GENERALIZATION_TRAIN,334,21376,64,49433,98866,128,64,64,8192,REQUIRED,AMENDED / AUTHORIZED
775,secworks_aes,GENERALIZATION_TRAIN,335,21440,64,49497,98994,128,64,64,8192,REQUIRED,AMENDED / AUTHORIZED
776,secworks_aes,GENERALIZATION_TRAIN,336,21504,64,49561,99122,128,64,64,8192,REQUIRED,AMENDED / AUTHORIZED
777,secworks_aes,GENERALIZATION_TRAIN,337,21568,64,49625,99250,128,64,64,8192,REQUIRED,AMENDED / AUTHORIZED
778,secworks_aes,GENERALIZATION_TRAIN,338,21632,64,49689,99378,128,64,64,8192,REQUIRED,AMENDED / AUTHORIZED
779,secworks_aes,GENERALIZATION_TRAIN,339,21696,64,49753,99506,128,64,64,8192,REQUIRED,AMENDED / AUTHORIZED
780,secworks_aes,GENERALIZATION_TRAIN,340,21760,64,49817,99634,128,64,64,8192,REQUIRED,AMENDED / AUTHORIZED
781,secworks_aes,GENERALIZATION_TRAIN,341,21824,64,49881,99762,128,64,64,8192,REQUIRED,AMENDED / AUTHORIZED
782,secworks_aes,GENERALIZATION_TRAIN,342,21888,64,49945,99890,128,64,64,8192,REQUIRED,AMENDED / AUTHORIZED
783,secworks_aes,GENERALIZATION_TRAIN,343,21952,64,50009,100018,128,64,64,8192,REQUIRED,AMENDED / AUTHORIZED
784,secworks_aes,GENERALIZATION_TRAIN,344,22016,64,50073,100146,128,64,64,8192,REQUIRED,AMENDED / AUTHORIZED
785,secworks_aes,GENERALIZATION_TRAIN,345,22080,64,50137,100274,128,64,64,8192,REQUIRED,AMENDED / AUTHORIZED
786,secworks_aes,GENERALIZATION_TRAIN,346,22144,64,50201,100402,128,64,64,8192,REQUIRED,AMENDED / AUTHORIZED
787,secworks_aes,GENERALIZATION_TRAIN,347,22208,64,50265,100530,128,64,64,8192,REQUIRED,AMENDED / AUTHORIZED
788,secworks_aes,GENERALIZATION_TRAIN,348,22272,64,50329,100658,128,64,64,8192,REQUIRED,AMENDED / AUTHORIZED
789,secworks_aes,GENERALIZATION_TRAIN,349,22336,64,50393,100786,128,64,64,8192,REQUIRED,AMENDED / AUTHORIZED
790,secworks_aes,GENERALIZATION_TRAIN,350,22400,64,50457,100914,128,64,64,8192,REQUIRED,AMENDED / AUTHORIZED
791,secworks_aes,GENERALIZATION_TRAIN,351,22464,64,50521,101042,128,64,64,8192,REQUIRED,AMENDED / AUTHORIZED
792,secworks_aes,GENERALIZATION_TRAIN,352,22528,64,50585,101170,128,64,64,8192,REQUIRED,AMENDED / AUTHORIZED
793,secworks_aes,GENERALIZATION_TRAIN,353,22592,64,50649,101298,128,64,64,8192,REQUIRED,AMENDED / AUTHORIZED
794,secworks_aes,GENERALIZATION_TRAIN,354,22656,64,50713,101426,128,64,64,8192,REQUIRED,AMENDED / AUTHORIZED
795,secworks_aes,GENERALIZATION_TRAIN,355,22720,64,50777,101554,128,64,64,8192,REQUIRED,AMENDED / AUTHORIZED
796,secworks_aes,GENERALIZATION_TRAIN,356,22784,64,50841,101682,128,64,64,8192,REQUIRED,AMENDED / AUTHORIZED
797,secworks_aes,GENERALIZATION_TRAIN,357,22848,64,50905,101810,128,64,64,8192,REQUIRED,AMENDED / AUTHORIZED
798,secworks_aes,GENERALIZATION_TRAIN,358,22912,64,50969,101938,128,64,64,8192,REQUIRED,AMENDED / AUTHORIZED
799,secworks_aes,GENERALIZATION_TRAIN,359,22976,64,51033,102066,128,64,64,8192,REQUIRED,AMENDED / AUTHORIZED
800,secworks_aes,GENERALIZATION_TRAIN,360,23040,64,51097,102194,128,64,64,8192,REQUIRED,AMENDED / AUTHORIZED
801,secworks_aes,GENERALIZATION_TRAIN,361,23104,64,51161,102322,128,64,64,8192,REQUIRED,AMENDED / AUTHORIZED
802,secworks_aes,GENERALIZATION_TRAIN,362,23168,64,51225,102450,128,64,64,8192,REQUIRED,AMENDED / AUTHORIZED
803,secworks_aes,GENERALIZATION_TRAIN,363,23232,64,51289,102578,128,64,64,8192,REQUIRED,AMENDED / AUTHORIZED
804,secworks_aes,GENERALIZATION_TRAIN,364,23296,64,51353,102706,128,64,64,8192,REQUIRED,AMENDED / AUTHORIZED
805,secworks_aes,GENERALIZATION_TRAIN,365,23360,64,51417,102834,128,64,64,8192,REQUIRED,AMENDED / AUTHORIZED
806,secworks_aes,GENERALIZATION_TRAIN,366,23424,64,51481,102962,128,64,64,8192,REQUIRED,AMENDED / AUTHORIZED
807,secworks_aes,GENERALIZATION_TRAIN,367,23488,64,51545,103090,128,64,64,8192,REQUIRED,AMENDED / AUTHORIZED
808,secworks_aes,GENERALIZATION_TRAIN,368,23552,64,51609,103218,128,64,64,8192,REQUIRED,AMENDED / AUTHORIZED
809,secworks_aes,GENERALIZATION_TRAIN,369,23616,64,51673,103346,128,64,64,8192,REQUIRED,AMENDED / AUTHORIZED
810,secworks_aes,GENERALIZATION_TRAIN,370,23680,64,51737,103474,128,64,64,8192,REQUIRED,AMENDED / AUTHORIZED
811,secworks_aes,GENERALIZATION_TRAIN,371,23744,64,51801,103602,128,64,64,8192,REQUIRED,AMENDED / AUTHORIZED
812,secworks_aes,GENERALIZATION_TRAIN,372,23808,64,51865,103730,128,64,64,8192,REQUIRED,AMENDED / AUTHORIZED
813,secworks_aes,GENERALIZATION_TRAIN,373,23872,64,51929,103858,128,64,64,8192,REQUIRED,AMENDED / AUTHORIZED
814,secworks_aes,GENERALIZATION_TRAIN,374,23936,64,51993,103986,128,64,64,8192,REQUIRED,AMENDED / AUTHORIZED
815,secworks_aes,GENERALIZATION_TRAIN,375,24000,64,52057,104114,128,64,64,8192,REQUIRED,AMENDED / AUTHORIZED
816,secworks_aes,GENERALIZATION_TRAIN,376,24064,64,52121,104242,128,64,64,8192,REQUIRED,AMENDED / AUTHORIZED
817,secworks_aes,GENERALIZATION_TRAIN,377,24128,64,52185,104370,128,64,64,8192,REQUIRED,AMENDED / AUTHORIZED
818,secworks_aes,GENERALIZATION_TRAIN,378,24192,64,52249,104498,128,64,64,8192,REQUIRED,AMENDED / AUTHORIZED
819,secworks_aes,GENERALIZATION_TRAIN,379,24256,64,52313,104626,128,64,64,8192,REQUIRED,AMENDED / AUTHORIZED
820,secworks_aes,GENERALIZATION_TRAIN,380,24320,64,52377,104754,128,64,64,8192,REQUIRED,AMENDED / AUTHORIZED
821,secworks_aes,GENERALIZATION_TRAIN,381,24384,64,52441,104882,128,64,64,8192,REQUIRED,AMENDED / AUTHORIZED
822,secworks_aes,GENERALIZATION_TRAIN,382,24448,64,52505,105010,128,64,64,8192,REQUIRED,AMENDED / AUTHORIZED
823,secworks_aes,GENERALIZATION_TRAIN,383,24512,64,52569,105138,128,64,64,8192,REQUIRED,AMENDED / AUTHORIZED
824,secworks_aes,GENERALIZATION_TRAIN,384,24576,64,52633,105266,128,64,64,8192,REQUIRED,AMENDED / AUTHORIZED
825,secworks_aes,GENERALIZATION_TRAIN,385,24640,64,52697,105394,128,64,64,8192,REQUIRED,AMENDED / AUTHORIZED
826,secworks_aes,GENERALIZATION_TRAIN,386,24704,64,52761,105522,128,64,64,8192,REQUIRED,AMENDED / AUTHORIZED
827,secworks_aes,GENERALIZATION_TRAIN,387,24768,64,52825,105650,128,64,64,8192,REQUIRED,AMENDED / AUTHORIZED
828,secworks_aes,GENERALIZATION_TRAIN,388,24832,64,52889,105778,128,64,64,8192,REQUIRED,AMENDED / AUTHORIZED
829,secworks_aes,GENERALIZATION_TRAIN,389,24896,64,52953,105906,128,64,64,8192,REQUIRED,AMENDED / AUTHORIZED
830,secworks_aes,GENERALIZATION_TRAIN,390,24960,64,53017,106034,128,64,64,8192,REQUIRED,AMENDED / AUTHORIZED
831,secworks_aes,GENERALIZATION_TRAIN,391,25024,64,53081,106162,128,64,64,8192,REQUIRED,AMENDED / AUTHORIZED
832,secworks_aes,GENERALIZATION_TRAIN,392,25088,64,53145,106290,128,64,64,8192,REQUIRED,AMENDED / AUTHORIZED
833,secworks_aes,GENERALIZATION_TRAIN,393,25152,64,53209,106418,128,64,64,8192,REQUIRED,AMENDED / AUTHORIZED
834,secworks_aes,GENERALIZATION_TRAIN,394,25216,64,53273,106546,128,64,64,8192,REQUIRED,AMENDED / AUTHORIZED
835,secworks_aes,GENERALIZATION_TRAIN,395,25280,64,53337,106674,128,64,64,8192,REQUIRED,AMENDED / AUTHORIZED
836,secworks_aes,GENERALIZATION_TRAIN,396,25344,64,53401,106802,128,64,64,8192,REQUIRED,AMENDED / AUTHORIZED
837,secworks_aes,GENERALIZATION_TRAIN,397,25408,64,53465,106930,128,64,64,8192,REQUIRED,AMENDED / AUTHORIZED
838,secworks_aes,GENERALIZATION_TRAIN,398,25472,64,53529,107058,128,64,64,8192,REQUIRED,AMENDED / AUTHORIZED
839,secworks_aes,GENERALIZATION_TRAIN,399,25536,64,53593,107186,128,64,64,8192,REQUIRED,AMENDED / AUTHORIZED
840,secworks_aes,GENERALIZATION_TRAIN,400,25600,64,53657,107314,128,64,64,8192,REQUIRED,AMENDED / AUTHORIZED
841,secworks_aes,GENERALIZATION_TRAIN,401,25664,64,53721,107442,128,64,64,8192,REQUIRED,AMENDED / AUTHORIZED
842,secworks_aes,GENERALIZATION_TRAIN,402,25728,64,53785,107570,128,64,64,8192,REQUIRED,AMENDED / AUTHORIZED
843,secworks_aes,GENERALIZATION_TRAIN,403,25792,64,53849,107698,128,64,64,8192,REQUIRED,AMENDED / AUTHORIZED
844,secworks_aes,GENERALIZATION_TRAIN,404,25856,64,53913,107826,128,64,64,8192,REQUIRED,AMENDED / AUTHORIZED
845,secworks_aes,GENERALIZATION_TRAIN,405,25920,64,53977,107954,128,64,64,8192,REQUIRED,AMENDED / AUTHORIZED
846,secworks_aes,GENERALIZATION_TRAIN,406,25984,64,54041,108082,128,64,64,8192,REQUIRED,AMENDED / AUTHORIZED
847,secworks_aes,GENERALIZATION_TRAIN,407,26048,64,54105,108210,128,64,64,8192,REQUIRED,AMENDED / AUTHORIZED
848,secworks_aes,GENERALIZATION_TRAIN,408,26112,64,54169,108338,128,64,64,8192,REQUIRED,AMENDED / AUTHORIZED
849,secworks_aes,GENERALIZATION_TRAIN,409,26176,64,54233,108466,128,64,64,8192,REQUIRED,AMENDED / AUTHORIZED
850,secworks_aes,GENERALIZATION_TRAIN,410,26240,64,54297,108594,128,64,64,8192,REQUIRED,AMENDED / AUTHORIZED
851,secworks_aes,GENERALIZATION_TRAIN,411,26304,64,54361,108722,128,64,64,8192,REQUIRED,AMENDED / AUTHORIZED
852,secworks_aes,GENERALIZATION_TRAIN,412,26368,64,54425,108850,128,64,64,8192,REQUIRED,AMENDED / AUTHORIZED
853,secworks_aes,GENERALIZATION_TRAIN,413,26432,64,54489,108978,128,64,64,8192,REQUIRED,AMENDED / AUTHORIZED
854,secworks_aes,GENERALIZATION_TRAIN,414,26496,64,54553,109106,128,64,64,8192,REQUIRED,AMENDED / AUTHORIZED
855,secworks_sha256,GENERALIZATION_CALIBRATION,0,0,64,54617,109234,128,64,64,8192,REQUIRED,AMENDED / AUTHORIZED
856,secworks_sha256,GENERALIZATION_CALIBRATION,1,64,64,54681,109362,128,64,64,8192,REQUIRED,AMENDED / AUTHORIZED
857,secworks_sha256,GENERALIZATION_CALIBRATION,2,128,64,54745,109490,128,64,64,8192,REQUIRED,AMENDED / AUTHORIZED
858,secworks_sha256,GENERALIZATION_CALIBRATION,3,192,64,54809,109618,128,64,64,8192,REQUIRED,AMENDED / AUTHORIZED
859,secworks_sha256,GENERALIZATION_CALIBRATION,4,256,64,54873,109746,128,64,64,8192,REQUIRED,AMENDED / AUTHORIZED
860,secworks_sha256,GENERALIZATION_CALIBRATION,5,320,64,54937,109874,128,64,64,8192,REQUIRED,AMENDED / AUTHORIZED
861,secworks_sha256,GENERALIZATION_CALIBRATION,6,384,64,55001,110002,128,64,64,8192,REQUIRED,AMENDED / AUTHORIZED
862,secworks_sha256,GENERALIZATION_CALIBRATION,7,448,64,55065,110130,128,64,64,8192,REQUIRED,AMENDED / AUTHORIZED
863,secworks_sha256,GENERALIZATION_CALIBRATION,8,512,64,55129,110258,128,64,64,8192,REQUIRED,AMENDED / AUTHORIZED
864,secworks_sha256,GENERALIZATION_CALIBRATION,9,576,64,55193,110386,128,64,64,8192,REQUIRED,AMENDED / AUTHORIZED
865,secworks_sha256,GENERALIZATION_CALIBRATION,10,640,64,55257,110514,128,64,64,8192,REQUIRED,AMENDED / AUTHORIZED
866,secworks_sha256,GENERALIZATION_CALIBRATION,11,704,64,55321,110642,128,64,64,8192,REQUIRED,AMENDED / AUTHORIZED
867,secworks_sha256,GENERALIZATION_CALIBRATION,12,768,64,55385,110770,128,64,64,8192,REQUIRED,AMENDED / AUTHORIZED
868,secworks_sha256,GENERALIZATION_CALIBRATION,13,832,64,55449,110898,128,64,64,8192,REQUIRED,AMENDED / AUTHORIZED
869,secworks_sha256,GENERALIZATION_CALIBRATION,14,896,64,55513,111026,128,64,64,8192,REQUIRED,AMENDED / AUTHORIZED
870,secworks_sha256,GENERALIZATION_CALIBRATION,15,960,64,55577,111154,128,64,64,8192,REQUIRED,AMENDED / AUTHORIZED
871,secworks_sha256,GENERALIZATION_CALIBRATION,16,1024,64,55641,111282,128,64,64,8192,REQUIRED,AMENDED / AUTHORIZED
872,secworks_sha256,GENERALIZATION_CALIBRATION,17,1088,64,55705,111410,128,64,64,8192,REQUIRED,AMENDED / AUTHORIZED
873,secworks_sha256,GENERALIZATION_CALIBRATION,18,1152,64,55769,111538,128,64,64,8192,REQUIRED,AMENDED / AUTHORIZED
874,secworks_sha256,GENERALIZATION_CALIBRATION,19,1216,64,55833,111666,128,64,64,8192,REQUIRED,AMENDED / AUTHORIZED
875,secworks_sha256,GENERALIZATION_CALIBRATION,20,1280,64,55897,111794,128,64,64,8192,REQUIRED,AMENDED / AUTHORIZED
876,secworks_sha256,GENERALIZATION_CALIBRATION,21,1344,64,55961,111922,128,64,64,8192,REQUIRED,AMENDED / AUTHORIZED
877,secworks_sha256,GENERALIZATION_CALIBRATION,22,1408,64,56025,112050,128,64,64,8192,REQUIRED,AMENDED / AUTHORIZED
878,secworks_sha256,GENERALIZATION_CALIBRATION,23,1472,64,56089,112178,128,64,64,8192,REQUIRED,AMENDED / AUTHORIZED
879,secworks_sha256,GENERALIZATION_CALIBRATION,24,1536,64,56153,112306,128,64,64,8192,REQUIRED,AMENDED / AUTHORIZED
880,secworks_sha256,GENERALIZATION_CALIBRATION,25,1600,64,56217,112434,128,64,64,8192,REQUIRED,AMENDED / AUTHORIZED
881,secworks_sha256,GENERALIZATION_CALIBRATION,26,1664,64,56281,112562,128,64,64,8192,REQUIRED,AMENDED / AUTHORIZED
882,secworks_sha256,GENERALIZATION_CALIBRATION,27,1728,64,56345,112690,128,64,64,8192,REQUIRED,AMENDED / AUTHORIZED
883,secworks_sha256,GENERALIZATION_CALIBRATION,28,1792,64,56409,112818,128,64,64,8192,REQUIRED,AMENDED / AUTHORIZED
884,secworks_sha256,GENERALIZATION_CALIBRATION,29,1856,64,56473,112946,128,64,64,8192,REQUIRED,AMENDED / AUTHORIZED
885,secworks_sha256,GENERALIZATION_CALIBRATION,30,1920,64,56537,113074,128,64,64,8192,REQUIRED,AMENDED / AUTHORIZED
886,secworks_sha256,GENERALIZATION_CALIBRATION,31,1984,64,56601,113202,128,64,64,8192,REQUIRED,AMENDED / AUTHORIZED
887,secworks_sha256,GENERALIZATION_CALIBRATION,32,2048,64,56665,113330,128,64,64,8192,REQUIRED,AMENDED / AUTHORIZED
888,secworks_sha256,GENERALIZATION_CALIBRATION,33,2112,64,56729,113458,128,64,64,8192,REQUIRED,AMENDED / AUTHORIZED
889,secworks_sha256,GENERALIZATION_CALIBRATION,34,2176,64,56793,113586,128,64,64,8192,REQUIRED,AMENDED / AUTHORIZED
890,secworks_sha256,GENERALIZATION_CALIBRATION,35,2240,64,56857,113714,128,64,64,8192,REQUIRED,AMENDED / AUTHORIZED
891,secworks_sha256,GENERALIZATION_CALIBRATION,36,2304,64,56921,113842,128,64,64,8192,REQUIRED,AMENDED / AUTHORIZED
892,secworks_sha256,GENERALIZATION_CALIBRATION,37,2368,64,56985,113970,128,64,64,8192,REQUIRED,AMENDED / AUTHORIZED
893,secworks_sha256,GENERALIZATION_CALIBRATION,38,2432,64,57049,114098,128,64,64,8192,REQUIRED,AMENDED / AUTHORIZED
894,secworks_sha256,GENERALIZATION_CALIBRATION,39,2496,64,57113,114226,128,64,64,8192,REQUIRED,AMENDED / AUTHORIZED
895,secworks_sha256,GENERALIZATION_CALIBRATION,40,2560,64,57177,114354,128,64,64,8192,REQUIRED,AMENDED / AUTHORIZED
896,secworks_sha256,GENERALIZATION_CALIBRATION,41,2624,64,57241,114482,128,64,64,8192,REQUIRED,AMENDED / AUTHORIZED
897,secworks_sha256,GENERALIZATION_CALIBRATION,42,2688,64,57305,114610,128,64,64,8192,REQUIRED,AMENDED / AUTHORIZED
898,secworks_sha256,GENERALIZATION_CALIBRATION,43,2752,64,57369,114738,128,64,64,8192,REQUIRED,AMENDED / AUTHORIZED
899,secworks_sha256,GENERALIZATION_CALIBRATION,44,2816,64,57433,114866,128,64,64,8192,REQUIRED,AMENDED / AUTHORIZED
900,secworks_sha256,GENERALIZATION_CALIBRATION,45,2880,64,57497,114994,128,64,64,8192,REQUIRED,AMENDED / AUTHORIZED
901,secworks_sha256,GENERALIZATION_CALIBRATION,46,2944,64,57561,115122,128,64,64,8192,REQUIRED,AMENDED / AUTHORIZED
902,secworks_sha256,GENERALIZATION_CALIBRATION,47,3008,64,57625,115250,128,64,64,8192,REQUIRED,AMENDED / AUTHORIZED
903,secworks_sha256,GENERALIZATION_CALIBRATION,48,3072,64,57689,115378,128,64,64,8192,REQUIRED,AMENDED / AUTHORIZED
904,secworks_sha256,GENERALIZATION_CALIBRATION,49,3136,64,57753,115506,128,64,64,8192,REQUIRED,AMENDED / AUTHORIZED
905,secworks_sha256,GENERALIZATION_CALIBRATION,50,3200,64,57817,115634,128,64,64,8192,REQUIRED,AMENDED / AUTHORIZED
906,secworks_sha256,GENERALIZATION_CALIBRATION,51,3264,64,57881,115762,128,64,64,8192,REQUIRED,AMENDED / AUTHORIZED
907,secworks_sha256,GENERALIZATION_CALIBRATION,52,3328,64,57945,115890,128,64,64,8192,REQUIRED,AMENDED / AUTHORIZED
908,secworks_sha256,GENERALIZATION_CALIBRATION,53,3392,64,58009,116018,128,64,64,8192,REQUIRED,AMENDED / AUTHORIZED
909,secworks_sha256,GENERALIZATION_CALIBRATION,54,3456,64,58073,116146,128,64,64,8192,REQUIRED,AMENDED / AUTHORIZED
910,secworks_sha256,GENERALIZATION_CALIBRATION,55,3520,64,58137,116274,128,64,64,8192,REQUIRED,AMENDED / AUTHORIZED
911,secworks_sha256,GENERALIZATION_CALIBRATION,56,3584,64,58201,116402,128,64,64,8192,REQUIRED,AMENDED / AUTHORIZED
912,secworks_sha256,GENERALIZATION_CALIBRATION,57,3648,64,58265,116530,128,64,64,8192,REQUIRED,AMENDED / AUTHORIZED
913,secworks_sha256,GENERALIZATION_CALIBRATION,58,3712,64,58329,116658,128,64,64,8192,REQUIRED,AMENDED / AUTHORIZED
914,secworks_sha256,GENERALIZATION_CALIBRATION,59,3776,64,58393,116786,128,64,64,8192,REQUIRED,AMENDED / AUTHORIZED
915,secworks_sha256,GENERALIZATION_CALIBRATION,60,3840,64,58457,116914,128,64,64,8192,REQUIRED,AMENDED / AUTHORIZED
916,secworks_sha256,GENERALIZATION_CALIBRATION,61,3904,64,58521,117042,128,64,64,8192,REQUIRED,AMENDED / AUTHORIZED
917,secworks_sha256,GENERALIZATION_CALIBRATION,62,3968,64,58585,117170,128,64,64,8192,REQUIRED,AMENDED / AUTHORIZED
918,secworks_sha256,GENERALIZATION_CALIBRATION,63,4032,64,58649,117298,128,64,64,8192,REQUIRED,AMENDED / AUTHORIZED
919,secworks_sha256,GENERALIZATION_CALIBRATION,64,4096,64,58713,117426,128,64,64,8192,REQUIRED,AMENDED / AUTHORIZED
920,secworks_sha256,GENERALIZATION_CALIBRATION,65,4160,64,58777,117554,128,64,64,8192,REQUIRED,AMENDED / AUTHORIZED
921,secworks_sha256,GENERALIZATION_CALIBRATION,66,4224,64,58841,117682,128,64,64,8192,REQUIRED,AMENDED / AUTHORIZED
922,secworks_sha256,GENERALIZATION_CALIBRATION,67,4288,64,58905,117810,128,64,64,8192,REQUIRED,AMENDED / AUTHORIZED
923,secworks_sha256,GENERALIZATION_CALIBRATION,68,4352,64,58969,117938,128,64,64,8192,REQUIRED,AMENDED / AUTHORIZED
924,secworks_sha256,GENERALIZATION_CALIBRATION,69,4416,64,59033,118066,128,64,64,8192,REQUIRED,AMENDED / AUTHORIZED
925,secworks_sha256,GENERALIZATION_CALIBRATION,70,4480,64,59097,118194,128,64,64,8192,REQUIRED,AMENDED / AUTHORIZED
926,secworks_sha256,GENERALIZATION_CALIBRATION,71,4544,64,59161,118322,128,64,64,8192,REQUIRED,AMENDED / AUTHORIZED
927,secworks_sha256,GENERALIZATION_CALIBRATION,72,4608,64,59225,118450,128,64,64,8192,REQUIRED,AMENDED / AUTHORIZED
928,secworks_sha256,GENERALIZATION_CALIBRATION,73,4672,64,59289,118578,128,64,64,8192,REQUIRED,AMENDED / AUTHORIZED
929,secworks_sha256,GENERALIZATION_CALIBRATION,74,4736,64,59353,118706,128,64,64,8192,REQUIRED,AMENDED / AUTHORIZED
930,secworks_sha256,GENERALIZATION_CALIBRATION,75,4800,64,59417,118834,128,64,64,8192,REQUIRED,AMENDED / AUTHORIZED
931,secworks_sha256,GENERALIZATION_CALIBRATION,76,4864,64,59481,118962,128,64,64,8192,REQUIRED,AMENDED / AUTHORIZED
932,secworks_sha256,GENERALIZATION_CALIBRATION,77,4928,64,59545,119090,128,64,64,8192,REQUIRED,AMENDED / AUTHORIZED
933,secworks_sha256,GENERALIZATION_CALIBRATION,78,4992,64,59609,119218,128,64,64,8192,REQUIRED,AMENDED / AUTHORIZED
934,secworks_sha256,GENERALIZATION_CALIBRATION,79,5056,64,59673,119346,128,64,64,8192,REQUIRED,AMENDED / AUTHORIZED
935,secworks_sha256,GENERALIZATION_CALIBRATION,80,5120,64,59737,119474,128,64,64,8192,REQUIRED,AMENDED / AUTHORIZED
936,secworks_sha256,GENERALIZATION_CALIBRATION,81,5184,64,59801,119602,128,64,64,8192,REQUIRED,AMENDED / AUTHORIZED
937,secworks_sha256,GENERALIZATION_CALIBRATION,82,5248,64,59865,119730,128,64,64,8192,REQUIRED,AMENDED / AUTHORIZED
938,secworks_sha256,GENERALIZATION_CALIBRATION,83,5312,64,59929,119858,128,64,64,8192,REQUIRED,AMENDED / AUTHORIZED
939,secworks_sha256,GENERALIZATION_CALIBRATION,84,5376,64,59993,119986,128,64,64,8192,REQUIRED,AMENDED / AUTHORIZED
940,secworks_sha256,GENERALIZATION_CALIBRATION,85,5440,64,60057,120114,128,64,64,8192,REQUIRED,AMENDED / AUTHORIZED
941,secworks_sha256,GENERALIZATION_CALIBRATION,86,5504,64,60121,120242,128,64,64,8192,REQUIRED,AMENDED / AUTHORIZED
942,secworks_sha256,GENERALIZATION_CALIBRATION,87,5568,64,60185,120370,128,64,64,8192,REQUIRED,AMENDED / AUTHORIZED
943,secworks_sha256,GENERALIZATION_CALIBRATION,88,5632,64,60249,120498,128,64,64,8192,REQUIRED,AMENDED / AUTHORIZED
944,secworks_sha256,GENERALIZATION_CALIBRATION,89,5696,64,60313,120626,128,64,64,8192,REQUIRED,AMENDED / AUTHORIZED
945,secworks_sha256,GENERALIZATION_CALIBRATION,90,5760,64,60377,120754,128,64,64,8192,REQUIRED,AMENDED / AUTHORIZED
946,secworks_sha256,GENERALIZATION_CALIBRATION,91,5824,64,60441,120882,128,64,64,8192,REQUIRED,AMENDED / AUTHORIZED
947,secworks_sha256,GENERALIZATION_CALIBRATION,92,5888,64,60505,121010,128,64,64,8192,REQUIRED,AMENDED / AUTHORIZED
948,secworks_sha256,GENERALIZATION_CALIBRATION,93,5952,64,60569,121138,128,64,64,8192,REQUIRED,AMENDED / AUTHORIZED
949,secworks_sha256,GENERALIZATION_CALIBRATION,94,6016,64,60633,121266,128,64,64,8192,REQUIRED,AMENDED / AUTHORIZED
950,secworks_sha256,GENERALIZATION_CALIBRATION,95,6080,64,60697,121394,128,64,64,8192,REQUIRED,AMENDED / AUTHORIZED
951,secworks_sha256,GENERALIZATION_CALIBRATION,96,6144,64,60761,121522,128,64,64,8192,REQUIRED,AMENDED / AUTHORIZED
952,secworks_sha256,GENERALIZATION_CALIBRATION,97,6208,64,60825,121650,128,64,64,8192,REQUIRED,AMENDED / AUTHORIZED
953,secworks_sha256,GENERALIZATION_CALIBRATION,98,6272,64,60889,121778,128,64,64,8192,REQUIRED,AMENDED / AUTHORIZED
954,secworks_sha256,GENERALIZATION_CALIBRATION,99,6336,64,60953,121906,128,64,64,8192,REQUIRED,AMENDED / AUTHORIZED
955,secworks_sha256,GENERALIZATION_CALIBRATION,100,6400,64,61017,122034,128,64,64,8192,REQUIRED,AMENDED / AUTHORIZED
956,secworks_sha256,GENERALIZATION_CALIBRATION,101,6464,64,61081,122162,128,64,64,8192,REQUIRED,AMENDED / AUTHORIZED
957,secworks_sha256,GENERALIZATION_CALIBRATION,102,6528,64,61145,122290,128,64,64,8192,REQUIRED,AMENDED / AUTHORIZED
958,secworks_sha256,GENERALIZATION_CALIBRATION,103,6592,64,61209,122418,128,64,64,8192,REQUIRED,AMENDED / AUTHORIZED
959,secworks_sha256,GENERALIZATION_CALIBRATION,104,6656,64,61273,122546,128,64,64,8192,REQUIRED,AMENDED / AUTHORIZED
960,secworks_sha256,GENERALIZATION_CALIBRATION,105,6720,64,61337,122674,128,64,64,8192,REQUIRED,AMENDED / AUTHORIZED
961,secworks_sha256,GENERALIZATION_CALIBRATION,106,6784,64,61401,122802,128,64,64,8192,REQUIRED,AMENDED / AUTHORIZED
962,secworks_sha256,GENERALIZATION_CALIBRATION,107,6848,64,61465,122930,128,64,64,8192,REQUIRED,AMENDED / AUTHORIZED
963,secworks_sha256,GENERALIZATION_CALIBRATION,108,6912,64,61529,123058,128,64,64,8192,REQUIRED,AMENDED / AUTHORIZED
964,secworks_sha256,GENERALIZATION_CALIBRATION,109,6976,64,61593,123186,128,64,64,8192,REQUIRED,AMENDED / AUTHORIZED
965,secworks_sha256,GENERALIZATION_CALIBRATION,110,7040,64,61657,123314,128,64,64,8192,REQUIRED,AMENDED / AUTHORIZED
966,secworks_sha256,GENERALIZATION_CALIBRATION,111,7104,64,61721,123442,128,64,64,8192,REQUIRED,AMENDED / AUTHORIZED
967,secworks_sha256,GENERALIZATION_CALIBRATION,112,7168,64,61785,123570,128,64,64,8192,REQUIRED,AMENDED / AUTHORIZED
968,secworks_sha256,GENERALIZATION_CALIBRATION,113,7232,64,61849,123698,128,64,64,8192,REQUIRED,AMENDED / AUTHORIZED
969,secworks_sha256,GENERALIZATION_CALIBRATION,114,7296,64,61913,123826,128,64,64,8192,REQUIRED,AMENDED / AUTHORIZED
970,secworks_sha256,GENERALIZATION_CALIBRATION,115,7360,64,61977,123954,128,64,64,8192,REQUIRED,AMENDED / AUTHORIZED
971,secworks_sha256,GENERALIZATION_CALIBRATION,116,7424,64,62041,124082,128,64,64,8192,REQUIRED,AMENDED / AUTHORIZED
972,secworks_sha256,GENERALIZATION_CALIBRATION,117,7488,64,62105,124210,128,64,64,8192,REQUIRED,AMENDED / AUTHORIZED
973,secworks_sha256,GENERALIZATION_CALIBRATION,118,7552,64,62169,124338,128,64,64,8192,REQUIRED,AMENDED / AUTHORIZED
974,secworks_sha256,GENERALIZATION_CALIBRATION,119,7616,64,62233,124466,128,64,64,8192,REQUIRED,AMENDED / AUTHORIZED
975,secworks_sha256,GENERALIZATION_CALIBRATION,120,7680,64,62297,124594,128,64,64,8192,REQUIRED,AMENDED / AUTHORIZED
976,secworks_sha256,GENERALIZATION_CALIBRATION,121,7744,64,62361,124722,128,64,64,8192,REQUIRED,AMENDED / AUTHORIZED
977,secworks_sha256,GENERALIZATION_CALIBRATION,122,7808,64,62425,124850,128,64,64,8192,REQUIRED,AMENDED / AUTHORIZED
978,secworks_sha256,GENERALIZATION_CALIBRATION,123,7872,64,62489,124978,128,64,64,8192,REQUIRED,AMENDED / AUTHORIZED
979,secworks_sha256,GENERALIZATION_CALIBRATION,124,7936,64,62553,125106,128,64,64,8192,REQUIRED,AMENDED / AUTHORIZED
980,secworks_sha256,GENERALIZATION_CALIBRATION,125,8000,64,62617,125234,128,64,64,8192,REQUIRED,AMENDED / AUTHORIZED
981,secworks_sha256,GENERALIZATION_CALIBRATION,126,8064,64,62681,125362,128,64,64,8192,REQUIRED,AMENDED / AUTHORIZED
982,secworks_sha256,GENERALIZATION_CALIBRATION,127,8128,64,62745,125490,128,64,64,8192,REQUIRED,AMENDED / AUTHORIZED
983,secworks_sha256,GENERALIZATION_CALIBRATION,128,8192,64,62809,125618,128,64,64,8192,REQUIRED,AMENDED / AUTHORIZED
984,secworks_sha256,GENERALIZATION_CALIBRATION,129,8256,64,62873,125746,128,64,64,8192,REQUIRED,AMENDED / AUTHORIZED
985,secworks_sha256,GENERALIZATION_CALIBRATION,130,8320,64,62937,125874,128,64,64,8192,REQUIRED,AMENDED / AUTHORIZED
986,secworks_sha256,GENERALIZATION_CALIBRATION,131,8384,64,63001,126002,128,64,64,8192,REQUIRED,AMENDED / AUTHORIZED
987,secworks_sha256,GENERALIZATION_CALIBRATION,132,8448,64,63065,126130,128,64,64,8192,REQUIRED,AMENDED / AUTHORIZED
988,secworks_sha256,GENERALIZATION_CALIBRATION,133,8512,64,63129,126258,128,64,64,8192,REQUIRED,AMENDED / AUTHORIZED
989,secworks_sha256,GENERALIZATION_CALIBRATION,134,8576,64,63193,126386,128,64,64,8192,REQUIRED,AMENDED / AUTHORIZED
990,secworks_sha256,GENERALIZATION_CALIBRATION,135,8640,64,63257,126514,128,64,64,8192,REQUIRED,AMENDED / AUTHORIZED
991,secworks_sha256,GENERALIZATION_CALIBRATION,136,8704,64,63321,126642,128,64,64,8192,REQUIRED,AMENDED / AUTHORIZED
992,secworks_sha256,GENERALIZATION_CALIBRATION,137,8768,64,63385,126770,128,64,64,8192,REQUIRED,AMENDED / AUTHORIZED
993,secworks_sha256,GENERALIZATION_CALIBRATION,138,8832,64,63449,126898,128,64,64,8192,REQUIRED,AMENDED / AUTHORIZED
994,secworks_sha256,GENERALIZATION_CALIBRATION,139,8896,64,63513,127026,128,64,64,8192,REQUIRED,AMENDED / AUTHORIZED
995,secworks_sha256,GENERALIZATION_CALIBRATION,140,8960,64,63577,127154,128,64,64,8192,REQUIRED,AMENDED / AUTHORIZED
996,secworks_sha256,GENERALIZATION_CALIBRATION,141,9024,64,63641,127282,128,64,64,8192,REQUIRED,AMENDED / AUTHORIZED
997,secworks_sha256,GENERALIZATION_CALIBRATION,142,9088,37,63705,127410,74,64,64,4736,REQUIRED,AMENDED / AUTHORIZED
