family_id,signature_sha256,fault_instances,candidate_sites,site_rank_min,site_rank_max
opentitan_hmac_sha256,00d96b653ab6f60267e87700c4e8d66ddddb3c182a2db5ad1c0ae5814aaedd81,2,2,132,290
opentitan_hmac_sha256,016b476bf02b008418090e97d123fe4089cf4c05e46a1562369c2a271e8e6031,2,2,140,308
opentitan_hmac_sha256,02c7896bb830648023d3d9a1cfbf4ab314123e77ead970d4d19006989fcdd8df,2,2,98,284
opentitan_hmac_sha256,047c8ed50297648fc6b1072301748363d61f20642e4664f85156da2d8c93a659,1,1,815,815
opentitan_hmac_sha256,09ece136af3ecc9e2d366046c20e38355c920f7f5367c6cc3fe0f673901af45b,2,2,138,304
opentitan_hmac_sha256,0a141356753058f09edf3e33d858914f64dc70824dcb0f89afc2298c491ee645,2,2,121,299
opentitan_hmac_sha256,0d014940f81842a3c83eb400e41ff76469059c5b062e7e8265d034443be857e2,636,582,0,963
opentitan_hmac_sha256,12ea5baf0760907c7493e6b1644b63b3c5374896763d2441ba8df47b9e4b7644,2,2,99,339
opentitan_hmac_sha256,15672cb71d99163518ce527df8102b84f772d1cae7b26259927930b02faf6e67,2,2,120,286
opentitan_hmac_sha256,1bf790d4de491018514f2a5e64f1fa342a012a703566ad1a438075143f0f4542,2,2,104,279
opentitan_hmac_sha256,1c65e4db1cef71296c6224d6318520cdff711d93c59bfeaa8e9413838cf1f06c,2,2,115,314
opentitan_hmac_sha256,24ebd4fdcef051669839b8eae18e6216073fcc861fe975b3d79ea9f7df9be428,2,2,113,302
opentitan_hmac_sha256,308f70c575bf2c421860647cacae642584e24612b03c1d5e0cc7e6ab3320f056,2,2,125,297
opentitan_hmac_sha256,30a48ad97850a33a19ee2a412cd31df2d47d9e3200993446c2e8cd80c2866c68,1,1,268,268
opentitan_hmac_sha256,31c55125797267ea9400b218b2564b6b963e3c2cfb917564dee01ea722275515,3,3,867,871
opentitan_hmac_sha256,4b797e5e1356544301b25f679c124417724e2c10fc09ea90c4d628043728c1f4,2,2,142,311
opentitan_hmac_sha256,4eb73518fb4e5736db8d46965e96da76588aa9ac07ebfc42484a6d1e126bd463,2,2,123,313
opentitan_hmac_sha256,505c880a42a3bde43554f83281792497e5cd43371b311683fd2d11dfa83b19e4,1,1,273,273
opentitan_hmac_sha256,52b9a24b0a8110652fb063c2681592b620c8fea983594be70871de7470844f25,2,2,139,310
opentitan_hmac_sha256,571d0ef9566654b8a17406314ee95abd407d7bd91dc0dc28d0b2da5ad57d3713,1,1,274,274
opentitan_hmac_sha256,575c15de42c88430b4f8cb65f36c8f36e57cb28b875425a950d92f6bad0730b6,2,2,114,307
opentitan_hmac_sha256,603e50b72c2fa59c481693fd96ed2d3b8b51e135494202e2309f114c0728a6a9,2,2,145,289
opentitan_hmac_sha256,615a418460dadcc7becd4cf52f22be9d2110c65a3bdce1e9cae9a63a0f3c927c,2,2,116,293
opentitan_hmac_sha256,63e31d6e7b51f250191f4e9782eaada9d77536c91315e25d3b79c3c8877c6361,2,2,124,276
opentitan_hmac_sha256,64ff946c0b1e19a8c4c3d75ef6426c2fed19264f4cb378a6db834c2a8a87c557,2,2,144,315
opentitan_hmac_sha256,6502f22494cdcc9922e776c556ccd88188675fafcdcaab35a699a4b74a2949d7,7,7,83,869
opentitan_hmac_sha256,65ebf6aec33a5562bb9ac152ce2c779825b2d8891a20e7e8e595b563f6037ac7,1,1,95,95
opentitan_hmac_sha256,6dc027b1e1845187726ecaaee3ee1ae977fded44d3f69d7dbf28ca46e438c918,2,2,100,282
opentitan_hmac_sha256,70863480440e006eed5972af89749b0cd0f3d8e136144f4f5681c99542ba7def,2,2,149,288
opentitan_hmac_sha256,712f28a7fff3157bd00f4a588a77ee79c54ea6e4f15a8a581237d9e8f4d51936,2,2,107,316
opentitan_hmac_sha256,8216001a034a6402561b9d205e1c0a314bfa83c2ddc01e47f92c32590a0b5990,2,2,122,298
opentitan_hmac_sha256,896b0d683524d7e94349c9b649b1ed9c705e0aaab551bd676dbdfb5c1be02425,2,2,136,300
opentitan_hmac_sha256,8b7421a3c16366d0e2131f87eb3a8e8197b8f99a02cbaf13a6a54e00006e0784,2,2,105,305
opentitan_hmac_sha256,8c9d57d6f072bfabd19fcca94bbe7db0dc30b046b1f9131104cba3e01583cdde,2,2,108,277
opentitan_hmac_sha256,8d90924bb895af3b5ac41156efa93810f5ef9040a922e15bbc8ddb282556f8ef,2,2,137,292
opentitan_hmac_sha256,921e1940791039dbce8abcb0961e04e0382849b531561f81ae515f17558d84ea,2,2,148,323
opentitan_hmac_sha256,922816c1edb5083217c822ab7743bf2e64d4ee383df875abb69d34e82f149e84,1,1,73,73
opentitan_hmac_sha256,92a22b5999a705b36f2792a2daf52c39490afb037cdf1337b52483f0cadc7889,2,2,143,318
opentitan_hmac_sha256,93b65a6c4ee8adcd616eb82e4864e8e694b824e97e6e6f98c9e1131d88fc4d1d,6,6,11,436
opentitan_hmac_sha256,957f9db610550b0d5218aeeae7daba1be27b461375eaedf4e9939443424c1381,2,2,103,329
opentitan_hmac_sha256,99a828d9d903734eb3fae4a2e64517b75a37eb63d1b3f26ffe0d9cd5bf7bed04,1,1,275,275
opentitan_hmac_sha256,99bcbb90ade0ebfc828d6588b523aefe68889584c836ec5186f323204884ba06,1,1,949,949
opentitan_hmac_sha256,99c849eb1dde9109ce51826707a50b74cac19ba4b01026e53099ff0d191b00ac,2,2,146,319
opentitan_hmac_sha256,9c9274bd54d5d77812eac4ef9bed0fbcea27173332e6da60b83b56b16c15b3d5,2,2,127,320
opentitan_hmac_sha256,a084f89af1a507b3b8421fdffad7979461fed22b81130c74aed851187fc1b500,1,1,95,95
opentitan_hmac_sha256,a183a5597bd732e8c431482b3b64ae2b4364c84a5829909137220c6f65e6c19c,2,2,133,294
opentitan_hmac_sha256,a5de2614290a59fc11d232dc87c2be7a0e1cbd973bf33822b9e98e92042c09a8,2,2,101,306
opentitan_hmac_sha256,a91f3d22dcb1b7fa15b0b063b4b12ed31ec261a5d108169626b89bf597895e9f,1,1,876,876
opentitan_hmac_sha256,abdecbfb157c16849bc749004e515409cc89cd07bf28d625e3f8d5c196792239,2,2,112,317
opentitan_hmac_sha256,ad393fbd9d9aec1f28dc88c0546ceb22a0dcce0bca71a251deb15bc5bdd6261d,2,2,106,278
opentitan_hmac_sha256,b05f137ea9f993d5349ca18cd2c3a65158adce3d62f57983565651a9207925b9,2,2,109,303
opentitan_hmac_sha256,b625c97b5be3d676c7d9c7d9fe7df00dd3706b00dc6c7b0138c12c1afaa65917,2,2,126,280
opentitan_hmac_sha256,b6373467f5bd5da02f2d4fb8292d9ae0d58edfeec4c18960f6114b5a7e69f2c9,2,2,110,352
opentitan_hmac_sha256,b82e93e3eb78f143a479a27a622faf358876c2487b9b6b4d9a41aa375e2a64c0,2,2,134,295
opentitan_hmac_sha256,c30aafaec25bb3c044f783a6118f7e1f2d62b7311823ba717526031bc1a96d18,2,2,147,309
opentitan_hmac_sha256,c34c962b7057d36dc38deaf8ea7998548d5f2f7850877a4e84dbca1df4b02604,2,2,130,287
opentitan_hmac_sha256,c39ee722b83281562223f9c58886d00ecbd567e57a0866bb7653e52c25bee48c,2,2,111,321
opentitan_hmac_sha256,c4c22319ee16327793afdd3d6f92b148f6fcc3d126f09a2b9b66f67690014903,2,2,141,291
opentitan_hmac_sha256,c7807e0f5a04fa094ca52dd809904a22555236b770f060a718a913e4a7ca4daf,2,2,93,876
opentitan_hmac_sha256,c89362b661fac469be8bc2ea251e2d602a7a1843c67eaffdefd9c47fb709660d,2,2,135,322
opentitan_hmac_sha256,cb7039d2a1999b6200908a8b13f82879b583d2e6ddd011b940139dd97e689bf0,2,2,128,285
opentitan_hmac_sha256,ce76172d9f38ae8952e712ca9a617eebdd9681bb7fbc5ca51b57ed3952a9203f,2,2,119,324
opentitan_hmac_sha256,cf1efb1dc24521dba573a85a2f2bdc7fa8ad970bdf79cb65012c75f6ba2db180,2,2,131,312
opentitan_hmac_sha256,cf407cf89abc08f9662ced8ee96c0016407a39b3d4d7edb4adcb3c3e76ad47c0,2,2,150,330
opentitan_hmac_sha256,cff6ef004b8dc5dc6436a69f47f4235531dc6a3b8c2550757f02aadccd93af4e,1,1,4,4
opentitan_hmac_sha256,d232eae8e99010cd449ff5a2f20a65a5e68f779a2cf73ea2651fe6b6400a6806,2,2,118,283
opentitan_hmac_sha256,d4c880a845d12ce1535dbcf4a28d4a15e65daf7597fadcb8f3af6e6c77629a2a,1,1,97,97
opentitan_hmac_sha256,df4ee4674a8c79e4fca7ca4cc904547bd7734ce3913013a85c6c7de896ff5de5,2,2,102,281
opentitan_hmac_sha256,e57dcfeac2ee7b9eebe33a2778d4ebc679578f0606fd55aeeb5b5ed629e24c99,1,1,272,272
opentitan_hmac_sha256,e6e1e4a2ac39c57f3bfc7dd0b0caf5efbbdc26abd1a72968ef7c2a2f32b2eb82,2,2,129,296
opentitan_hmac_sha256,f0601f251aff5df742ca47f021bbb6d1be40bd596444cc22b6fc111575b0f422,1,1,78,78
opentitan_hmac_sha256,f1919174c5cf31cf404d5aa8cb70089d0ddc660aca365b83815809c1057db65c,2,2,117,301
picorv32_cpu,006ceca7e9e1827d5f2b431c9e14c249098f16be28e524d16d4e370da6e73def,1,1,10,10
picorv32_cpu,008902c33d22a78af69b2bb334391bbc8419f30f31622804d0d220880647644a,1,1,1055,1055
picorv32_cpu,009b4fb5a189b882391b09f30d60dbbb4bbaa614f4d00cb6fca1f62328046e8b,4,4,1232,1649
picorv32_cpu,02a01ef0489c87ae561caa872e264e303a6d1fa34562c6aaeead5b1d4a5b9cb4,1,1,1958,1958
picorv32_cpu,02e6207bdb6e20267d06a4c130ebd0e0e7473024b9b3ab4010884854a141b86b,1,1,1946,1946
picorv32_cpu,0478da58e9f23339be339076feb06ddc456f2d007c4f157877d3cd26357db165,3,3,1085,1565
picorv32_cpu,068dadc64e90dd39b87681ac7870f4eb1864f76b6bb951d560f777e5fe58cb69,1,1,1441,1441
picorv32_cpu,08a5470f0e47b1390ad9030037f4b248fa2b452c78cd0d99fe2ec6f5fffce121,1,1,1943,1943
picorv32_cpu,0b63fb8dbc83fc2212350309dc3431958d21848ece830aa165984a97fe392148,2,2,1434,1610
picorv32_cpu,0c3da395ff8559d674ace7298866eb1cfb8bc9887c6eab8597b57a1b93666c1e,1,1,1505,1505
picorv32_cpu,0d2be45cbb44fbf4d8ccb6f81a0f091ae60ef9940e9742e2aa45f8e630df56b4,1,1,1611,1611
picorv32_cpu,0d641d8a34218d04538e20694720371d7a8e369bb789870b4ef29ce2cfd24046,3,3,1080,1560
picorv32_cpu,0faf5e97d4b57b7949b8ce174376fa8a0f3f875c6a71f1f1fe2e624f98c005e4,2,2,1342,1782
picorv32_cpu,106e5e39c75266cee0fc490038ded0c92ee021a6311b8b19475cbfb15c60f02c,1,1,1402,1402
picorv32_cpu,109ddd1066b0e88b1b959da1d1357cabcee5f5eff698c4c9192682fc21916d47,1,1,1224,1224
picorv32_cpu,11db9fc3bd542e127e1019e3a363cbbce7d6dbde0ebeba7d8305ab64acb57476,1,1,1051,1051
picorv32_cpu,129a30473fc36162804ba5909b2c61432ca03c6ad8fffdfcb7b8acfedc1eccbc,3,3,1101,1581
picorv32_cpu,12b1fe7bc7f1d692d4d6e889ecf3fb253b0e4fa361eda254a3e2656c8da2edb1,1,1,1589,1589
picorv32_cpu,13d95c1a5a91f396ed9cd8a4d8a0dc19132e120214961e8f14130fceb581c7c7,3,3,1082,1562
picorv32_cpu,13ecb8a99738176fe9d1cc4bb77de5471ae8a037085d8c440184b304a13d7bd3,1,1,1211,1211
picorv32_cpu,148dc3da883deae70a9603efce89cf2a52f51a9a318e7500f9f475cbfb93ea02,1,1,42,42
picorv32_cpu,14e91e6b3991944fdf1373446d8e8aa6c665613b3f690f0876aeff6f731fcbb3,1,1,1970,1970
picorv32_cpu,158b3cb87d6ed796129f5a5e9ba19ce37aa014a2c7a8acb7b6a5dbd5e1a1d7f7,2,2,61,1999
picorv32_cpu,159539c28b3b139449fa8e826bb5763baa513aacc696b0686593b9b37cd3f3be,1,1,1637,1637
picorv32_cpu,1784a839eb9a0bd208f663bb0e1e1dc9138c933f573e7d073835fcabf8eac30f,1,1,32,32
picorv32_cpu,1865430b64f0787576d174af047aeb298ae59c641c7a20378bc312333748c5a4,2,2,94,1381
picorv32_cpu,188a6c272e43dc95881ecf003278615aaeb115bffcfacf07c20156d0368ad3b9,3,3,1103,1583
picorv32_cpu,1ab62f3151467f4bcaecf52f1b730813b9a531a8ae07571bfaa9b804878c3f50,3,3,1081,1561
picorv32_cpu,1aefc9514f31df24b9f6f75331ab04cf1d99ea35ab84aee682953f056e4579dd,1,1,31,31
picorv32_cpu,1b792b057aa610c185dbcecada0acc6e19a46a2844a14ada0aa9811e97e64891,22,22,1213,1636
picorv32_cpu,1c7c9831016a5f484e7baa33abca5443be1bb945bd868da59f2336c3eb6f0cba,1,1,1239,1239
picorv32_cpu,1cc69a8a2072d9d86f845d6e96bbf68e49c0db1d042985ddbfc09ef7bb201ea5,1,1,1526,1526
picorv32_cpu,1f5e97fdfdd0cbd0f29234fff64ecf20c350424f6265a7b84092382f8a1458b8,2,2,105,1392
picorv32_cpu,1fb25309e6348a5aa24a33ff9e411bb9a19f4cf5773bdc86bd40f3d301f5a4c0,1,1,1058,1058
picorv32_cpu,201d09a4380a209f747d8faba1ce165bb84d074b4605ba39825c4f2801be1e0c,1,1,11,11
picorv32_cpu,203118448d9ed4d47c0bf076c78fc1639f0b179be93570fe56128f62d3d8676a,2,2,101,1388
picorv32_cpu,210780adc08766f0dbac3c7bf0f8de67de82e978566126b6dbc1f6e0d974e7cb,1,1,1223,1223
picorv32_cpu,23010a519e35424e9769ad7661a5ea602547e709f13c4d3e6845bf7c4485f675,1,1,1588,1588
picorv32_cpu,230b524e65583e7374769de464ac8f3c3e0d866662c5c136bcc5c22c736adbc3,2,2,88,1375
picorv32_cpu,2443199cc28cfd1ae2c748d07c0b52af197a026b2e6f3e4c7b236a4169cf176f,53,53,1204,1555
picorv32_cpu,24e660657a16e23995a51708cd9b09e70442e942384010a7ba2f2af08bd5965f,1,1,1949,1949
picorv32_cpu,257d3fe3d3fa8ff95d98936c1f78dc6b31100dc8ebea8d0124f60c058fd607ed,2,2,68,2006
picorv32_cpu,273253bec27811cff3245244fb24402e140665df3a3a1713aa125110a327b8a3,2,2,71,2009
picorv32_cpu,27fee74410c474916a0a3a7636ddb5276b0c47dfc7a8793ee275dd8b3339fc9c,4,4,87,1942
picorv32_cpu,288e2645912e8c952c8fbee0e3dcd3c8eb9bd3f9f06addb73b960de88a152f19,2,2,107,1394
picorv32_cpu,289804ee7166934189e3848692df15bf0cad55c7a289525af78d9940a2995371,2,2,0,1495
picorv32_cpu,28b7852fea1fb763e2250756aafb39f0c2d4feff5a43d7aedd38a431c94ee32e,1,1,1683,1683
picorv32_cpu,297aa9649b173d2986bf4ad13c5f1739aa8dbdfbb80ddd35753ed4e509826209,1,1,1229,1229
picorv32_cpu,2ab1beb29bc954dcf19631972cc8aaa9f78c9750ecdba4af1088fe634f9273a8,3,3,1079,1559
picorv32_cpu,2bcffb83560eda30af1a3654fa0ccef934553344f66479be5ee8ab6e17ada5ec,1,1,1941,1941
picorv32_cpu,2bed29830ef15dee0648697b5ee56a1bcc01b2758be4d30ea979c1cf92eb63f5,2,2,1205,1206
picorv32_cpu,2dd6fb394ce3384c618e9cb00da7da013ac3ffa8d5dc85ca4aca54d6dd5f617c,1,1,1059,1059
picorv32_cpu,2eb7038c55c4e6dbd449e222329e82fbfbc4a29db8c5e58d2bbc72048dd94d21,1,1,1057,1057
picorv32_cpu,2ebe54317ed610601033216652893af41469cd8a5c6b01ac7fd77be12786c35e,1,1,1435,1435
picorv32_cpu,2f6dd7f7793d6a9d451f5b6df826d6e0b386328f1c94eee4ef194609c6e3d585,2,2,69,2007
picorv32_cpu,314c645af3eb93f311efb5be8cd843e5a9d5aeacc802bb7117adb91a48df483d,3,3,1098,1578
picorv32_cpu,31a1c6da4503691e1613560786c046e20d256f64871ff03dedb638ce15c4ee2b,2,2,1343,1783
picorv32_cpu,31d81a579442f178fb69b4ad376a0df78d5ecd5b30bd7565f3626938bcc0175a,3,3,86,1941
picorv32_cpu,33795f625b3e97fba69f2c81db4bbc43f7b5bf1ede8f82fa37e44bf3f522383d,1,1,1476,1476
picorv32_cpu,33ca0a94eeca655527d54de79eb190af770d4afc56da9721f0491f048616c42d,2,2,106,1393
picorv32_cpu,36103d0af5e31d53eebb213e881aa23c6813432324bcc840678824a6e1842601,1,1,1962,1962
picorv32_cpu,364aa90081648ed2f0b1e7816f3d0b2050ae945746f89965372a2f1315056b20,5,5,1448,1497
picorv32_cpu,3858dddfefeab5210786fb599b9b03d03f3c380d107fe232ec63dd787ddb8fe3,1,1,1527,1527
picorv32_cpu,387bd31c8d8d8f01d299a935b7c72700ad31826e06247a2a5a45e2ad0f134353,2,2,3,1496
picorv32_cpu,38b7828cc310253a4fcad99ebef5f1008bd5672f1644cc482bff36e191c2d93a,2,2,108,1395
picorv32_cpu,398d40c2bb1297e3ac12d2a5cc142d640ec158b8b4925ba3ef2641959b710ae6,2,2,59,1997
picorv32_cpu,3ab648b41e16c007a3b8f79dd8c5f0dc7b36a303d2887aaea62d39baa3ab2b1e,2,2,49,1987
picorv32_cpu,3b05e04c98d33326101ecbfe9cd20f633b0cf22e9b6984cd9180a181e05dc64e,2,2,95,1382
picorv32_cpu,3e42cd085d413106ca7c02a71b1a2259417dbe09a1caf3c621cd5726275cdc2b,3,3,1093,1573
picorv32_cpu,3ebc709c1e59139e1c70d1c49ba9b236a88f45e0bb4cf346af3ee42bc3b2f3d3,1,1,1242,1242
picorv32_cpu,3f4275596d0d745f31ffeeb36ad964f83fc5c1e2f6536fe57459d363e7174220,3,3,1097,1577
picorv32_cpu,40094135035b8a5b4a95fef4ae8c7d3d019d942d46117af0fb2d8e98d8c24568,1,1,1503,1503
picorv32_cpu,425298a6d78128257eb9b4343a3b9e19acdfd44a5b2076cf3cefa7d178504584,1,1,1965,1965
picorv32_cpu,4290d5d5c0dc9e8e3c39a91c2a74dfe22e120b79c106b550ce46d805d9e8bade,1,1,33,33
picorv32_cpu,42a2cc7b79eb48ceffc42cace17699d1095565934f04dcc6350b8a05e2149454,1,1,1615,1615
picorv32_cpu,432ce36d2ae1feaf797ba96767f12be5433deac181aabfb24d5ae496998f65ec,1,1,24,24
picorv32_cpu,4377a4738d5d2eaafcb6e52ffb60744f3613a125363392200c20c5e989d9c7f5,1,1,1075,1075
picorv32_cpu,44a912d7105e8501e379deceefd2ff12da50f0114f6b487afc6c155839d3afc7,2,2,64,2002
picorv32_cpu,44ba981e3e0329ba2107b186968978d12032740eeb8d50247f9c8cabc50d8bbd,1,1,1966,1966
picorv32_cpu,455510a713dbd7fe38f0cbdb96fed7a41f71593a1c7b465a16e5f4703add2dc4,1,1,1204,1204
picorv32_cpu,4788393174e2cf0a970e685ffaa61ad85644b047f79f0cd8ef96ab68b05226f1,2,2,1053,1589
picorv32_cpu,47cf80902306f0ebc3a41881649fde834123b169fde03392784f482c1240ed2e,1,1,1230,1230
picorv32_cpu,4a40ff5558429e534034bd00ae4fee1fc966c14670b4970de3693317957b8a34,1,1,19,19
picorv32_cpu,4c4d6e2b8a840960645359f7f76307366c6d9f2ca65f9ebd0ea407cba32159db,3,3,1106,1586
picorv32_cpu,4d08e1b7b0a7cb30a3194cef4a6154b85d5f73226d40c662e64a97ffd9a84b86,2,2,1782,1783
picorv32_cpu,4e0bbdb1a46547018d84d7baa755ad4fa6c055727c86163e056f7732006eb03f,2,2,90,1377
picorv32_cpu,4eb048c3ec859db94c66be6829682611cb3427b5fd3988766a547a766eda5aa7,1,1,1951,1951
picorv32_cpu,50442dd86ff72c08b72212f65ecc12aa81550a80842fc913d298fa90c8755657,1,1,1516,1516
picorv32_cpu,5106ecc9d722b23282e366673bea80301392a76cdc1409d45d45731e1b712e61,1,1,21,21
picorv32_cpu,518f7707023f29a0f27ed32ed3793436bb58d71e0f2d814727c946ed73a22908,1,1,1069,1069
picorv32_cpu,52003c2eacb981fe9bd5361b356fbc46a1906fc00ad6b931a78d4b5f7e93d449,2,2,1,1511
picorv32_cpu,5203a67157bf7f08ff78921877518e092769d025c39cdc418a669aee6ffce844,2,2,70,2008
picorv32_cpu,528b2930f25e7bc4177875e982c76b389e66a6f9233e25df578803e28e4d598c,1,1,1241,1241
picorv32_cpu,532a474adcf9f2345b2a2e8ee28877c8edefea44cca23d670dadaccec3c890a4,1,1,1228,1228
picorv32_cpu,554e804c6cf6deb51a1dda80af5c8dfe189627c6b3f5c686c58c49d2b9a4b6ec,5,5,81,1684
picorv32_cpu,55c074069b92c6600cf94573635e3bc4455ec38c6a7ba39c14a5af3d91c62c4c,2,2,92,1379
picorv32_cpu,5617a701073a492b3247d9bc56cf14a01abfe96735dba8d0affb70a044ea927c,1,1,34,34
picorv32_cpu,56befdb9ad21bf093c98b6ca96dbf1a5e0a037498523d646fe44357e0aed9023,3,3,1105,1585
picorv32_cpu,56f72f3aa59fbecc2fd23f4e7ddcb8bc9d68ff295c53fcf446ac41518b276414,1,1,4,4
picorv32_cpu,5843e91f6004eeca7c7b251c6a66d5f8a132fa923775b05d8c52ffc2fb6f4aad,2,2,48,1986
picorv32_cpu,588222273e7153b867173d79d6e7a1c4757e9707c431e5c2101504238dcca52a,2,2,100,1387
picorv32_cpu,5b54199226f2857b57020bfb2eed8851f9bde968c815855cedbe4a2173394cb7,3,3,1087,1567
picorv32_cpu,5b72b8114ec9a3bfc65aac678812d525560b47542e81f592e8a6632b765dd38c,1,1,1940,1940
picorv32_cpu,5c5fd56267bf4f531fdbddf0a6626365fe4ee2970384924b23d30c0563863d92,1,1,1945,1945
picorv32_cpu,5cdb167f93f8ce76bb0971047e20c444145b00889c679b26839eabdbfde3a798,2,2,72,2010
picorv32_cpu,5e1ebf73d4ef6860d39302f8f7756e8fa425959e9340cdce2fa608f371111566,2,2,62,2000
picorv32_cpu,5f3181b0a90eb17c3ff02870e21c67b940f5a29f6b2c6a773f2e2d062d836b37,1,1,1459,1459
picorv32_cpu,5f3636e8190522b2845d332e164e740d602c8d31e5bb21f5807e5a4f97971be1,2,2,1243,1520
picorv32_cpu,607e2c7e25a65e8fc62690ff8e2a0f8a5c1d5c6324466147b18900b76c84196b,1,1,1074,1074
picorv32_cpu,608744d0a31a758cf70bce45249acc4aa77c0ffb64605509933b7c189880a62b,1,1,1065,1065
picorv32_cpu,60e6afedabc30f2af4ea850f80680efee350a0149db12a9c2206d8fe5d51a0a9,1,1,1210,1210
picorv32_cpu,610ae58d4af39e99f466e7501791ebb2749f05d493b42ab69772589e94f700b9,1,1,1600,1600
picorv32_cpu,617da1b07c0922401ab9417bd3fbf51996e98f112e018ebe48f3f8b6d0438028,2,2,99,1386
picorv32_cpu,61c875213686ae69184a5ff4c8c501995efa42bf1d3d83c83f4cb19e6f26f144,1,1,1608,1608
picorv32_cpu,6221e9161dc9ca8c755ad87f01405176ba25bf3b6d90f91a8e0ab30320eb3cbc,1,1,1226,1226
picorv32_cpu,624ae5263fa8785ece70ee7713997cabe30bd1b83b22feb0a5f4fd645e47e7d1,2,2,111,1398
picorv32_cpu,62df8e756788497ecad1a57bbc627a2fddc639830fae85f38623601d32f8e2e3,3,3,1091,1571
picorv32_cpu,6402228f59e92e1b39b1dd5574b1f29078957608f75c1fafcf49d35cf17c6dae,1,1,1438,1438
picorv32_cpu,646fe36d9fe65b557e19563905cefbaa070581d5a03d0c101c40f1b7273cbcf0,3,3,83,1442
picorv32_cpu,65e1011750fc1a9c378141625742641620cd3094d467926692d1432c527c4e3e,1,1,1207,1207
picorv32_cpu,66104659ce81f0a3e2296ad4b741327eca2529aeea1a07d2ac731de87577e3bf,2,2,1064,1590
picorv32_cpu,6725197167fc22fa969d05771524ab84d570ed2f8dd9e33fdb62e77e63d78695,2,2,114,1401
picorv32_cpu,6a3b4a3656723d66aa34e8417f62858137804f0a9c4bf14720d78beff846f707,1,1,1066,1066
picorv32_cpu,6b2e09b7bf36d9d7d4fc1541eb65b83ef4eb20b5b26da19359d178e45a43b90a,1,1,1625,1625
picorv32_cpu,6b5ea5f49ae64c03b603e365545ee58c3b6ef423d76f43d8843f9f0c8fb1e457,2,2,98,1385
picorv32_cpu,6bb89e1d7efd554e7a39942592c2486a2ccc65b40407d66bc1285bbee3d1be34,1,1,1648,1648
picorv32_cpu,6c18a9567e6a43e9a4df50b1cd0b5603f1c140b3a11d6701b8bb5c6d7e63331f,2,2,46,1984
picorv32_cpu,6daa1f67a6eb493b751e217dde2b7305e864e8c495efa46e51ca18479de98733,2,2,65,2003
picorv32_cpu,6f29dffcc6d6c65ec50cb1494850171554899b235ca9e110f6d18f057d6bd155,1,1,1070,1070
picorv32_cpu,6f66d5a553376ede51ba61ffabc64de9afa2b65b089d14618c37384f762d2d2e,3,3,1088,1568
picorv32_cpu,70176ffb4a6f140f0201e4eaa583a9239e14468832e9154e74bfcbcf116857d3,1,1,1062,1062
picorv32_cpu,70bfee0f358998c1ea0f066a3d62bc716b1115afb48ab829a8daeb1e8dcee9a1,1,1,1643,1643
picorv32_cpu,7107bf16b491b72962725145142192aa5f74905472f27704483427e5106876a1,1,1,1649,1649
picorv32_cpu,71bd117065a69f82e64bc92266cebd26e6469ed599ed5e13b964c17fe601ed8d,1,1,1518,1518
picorv32_cpu,73672a28185ae6d8b5e356af31ef146d8907a71b3d6c6b115d76d8802efb4287,2,2,74,2012
picorv32_cpu,746d2bccd185a6ac84ad88a379133b17a41b903d79d361b57f604d6d205ae7dd,1,1,1527,1527
picorv32_cpu,748efbb71519490829035b5b742f53251b4dda1fb9650c2607f64b0a2b0572b5,3,3,1445,1684
picorv32_cpu,78a73be60e2bdf222427765df013112a06dd2243eaf18f51487e6ee3629c5990,1,1,1523,1523
picorv32_cpu,78dbcfcc8a403823bdab3c4d125df30a0afa0965a9c182a5910f568988cc840a,1,1,1068,1068
picorv32_cpu,7989eda5eb043cdf1a6a43d1735a64ecce565f803be4db93fe4065d032c0375d,1,1,86,86
picorv32_cpu,79b325d3dc91a84b8d98e595076d4d4811350e4aeb90d73523ae232caa5faab9,3,3,1094,1574
picorv32_cpu,7a215de81584354e7a74bba345f2321b876d5ad20617e550c997344b3dcb9a9e,2,2,1487,1635
picorv32_cpu,7b0ea4c68ee2f78077409dce81c21fd610f7eb8521e93353324dfbe810a8d65c,1,1,16,16
picorv32_cpu,7bbe15b889c4370c41c3acea1e8be2f5e17a8fa8d7cc9be29fa9238b11978172,3,3,115,1339
picorv32_cpu,7c3087bbd2eb68fe05c57298ff0f7368369c341fc1a4774b0e5695276295d0df,2,2,104,1391
picorv32_cpu,7cb1683fe3569867e799d330aa5e2008943ed6da3626a495c5a1798c87beabd4,1,1,14,14
picorv32_cpu,7ef1fa7756ed7d074f4836b42ce78da73a243a98ecc23c2baccc78e52fe9981d,3,3,1086,1566
picorv32_cpu,7f2977045208d86e4882e244e8af14d90b94c7f57e37bee621cc935161e95afa,10,10,1234,1621
picorv32_cpu,7f9839eda05052b8c26df180b20a96a1f9dd602ab8444bdd279b0505ae5fb87d,2,2,89,1376
picorv32_cpu,7ff1192debac7712d7534039ca38a80d6d49a82fdc7af429f0cf81c0ca091f45,1,1,1049,1049
picorv32_cpu,80be3b04a96024a24bd18bd61926700fabd99c5bd15544781c90b8357f83c79a,3,3,1107,1587
picorv32_cpu,81081678ad21d235d5673a55f6a84b2191298622a278760df066d1b12111271c,1,1,1373,1373
picorv32_cpu,8112f7cc5180c485ce51ce752995f421babb12485535bb2d6d14b12a054c5ea1,1,1,1475,1475
picorv32_cpu,834530b59ffb08ce9a11fecf37994f5a2fc2a9ec56cf15bacb2fb7d3adf961d1,1,1,1067,1067
picorv32_cpu,83456c275cfbc7fbd936577199af1289f8199b2bc4401b8b83a148aa1e8016c3,1,1,1961,1961
picorv32_cpu,8350b4cd28c01c3152d7a36773eda4cc380727353e18bd0a9562a37f2ae10554,1,1,1626,1626
picorv32_cpu,86c4a8ff85f7eff6a6993dcb260ba27b2f8e7a59c5d7f4607c9ea1f26dad09fc,3,3,6,1557
picorv32_cpu,871a75ae3267baa76cc8bffe92d6b58b3ffc2af3c2dbd693ad10953f16dd44a7,1,1,1950,1950
picorv32_cpu,87fe31e3ad6a60fb0afd8e4cc36046f4310079437fadef53dad6b041a05c58d9,3,3,1090,1570
picorv32_cpu,882994695995e95199fc07d6057d3e273ef2c0e292493b80c0a333929a1e3e64,1,1,1230,1230
picorv32_cpu,8979a265693aa8cf984f3e2612b6d57fe35250df753af94f469f21192381dec1,2,2,1344,1784
picorv32_cpu,89b250fd3bf1edd285de0e70eee99351b56aab916c36bf4969a113b1e42be3d5,1,1,1462,1462
picorv32_cpu,8a087ecb3971c8872a96801793ee17cac0c261d7f1b44c61daab556aef15de65,2,2,91,1378
picorv32_cpu,8a87cae8b3fcad78f5b49a8610124e1abb05de4b59f04a5fb332ca9df71313c5,3,3,1078,1558
picorv32_cpu,8cb1deb9c3cbd46b82866313066332cde063a0a6e4bd54baa6b3a7e544f9aadc,4,4,12,1563
picorv32_cpu,8cca1f21749c78407329002b2db52a6780b1306d3cc27055b042fada5a13a7a5,4,4,1445,1491
picorv32_cpu,8cffe806a42cbfd6ab62bf15d4f084cfd4205bbb9f5a557a914f7abac8a3aa32,2,2,53,1991
picorv32_cpu,8d1e41d9e4a5d9b9796655e8de6530ce6791b876f487419e1569e630faa9709c,4,4,1211,1642
picorv32_cpu,8d73a70ced9e132f05938603fffc0a9373c7c933d45084a107641ba447556642,1,1,1444,1444
picorv32_cpu,8f1dd3497ea6a57d2be9c12dfec2ed4ed04f5731b885d121d6309250906e472b,4,4,44,1982
picorv32_cpu,908352d1e35baf42e7aba0dcd668fabe24207a92a6d2d3fafcf0a06f2ea79608,2,2,73,2011
picorv32_cpu,91c90cce20acf1ad0d3b109b63ebcd0a6cd39b1218abba4b708388c83fafeac9,2,2,1590,1591
picorv32_cpu,92f72a82b8ae3e04a9bffede9718ae17f70870319ddc3a901132dc1e5c6cf5bd,1,1,1052,1052
picorv32_cpu,9529496b01a89ed6481828d906736611523cb08b3fc1e7e0e3869e5254849796,1,1,1956,1956
picorv32_cpu,955aff6232caef686f5382f1f032f82f578b417ac6147b07585b0b2772d6434d,2,2,1076,1556
picorv32_cpu,95b5e8323c649f83fae0b9f48dd021f9ca45a695ec60a773e22c15212d385bad,2,2,112,1399
picorv32_cpu,9620bf546c5f7e907bd87e0b4601a930a06487e2e6eed4a7109cc80ddfae00c9,1,1,1952,1952
picorv32_cpu,99057fd8f03703926c6b997f27cdf0c0a114d40c858d9e322b68d4fa06afb190,2,2,102,1389
picorv32_cpu,994e93834bf79be86cc0c5950fe78570cc1ba8c404a6227aea353ffa4cbdfca9,1,1,1212,1212
picorv32_cpu,99ed35df70de6d5b4aa5a59295dc5fec894599409d662529c19ee4df9d47c2a5,1,1,25,25
picorv32_cpu,99f64af043d1789f0ade2af178aed698ea3cb151239b000b0868f66197bad1f7,1,1,15,15
picorv32_cpu,9b68289db877b6e449e3b53b89e3d987f2e79b487030a92ed564ae3480eafba1,1,1,1498,1498
picorv32_cpu,9b981844ba839c6d96f9fffd487fd6e6c7c786005854fddd32851d8a66d18358,1,1,1371,1371
picorv32_cpu,9c2ff9216af3db0db5e02f02e8619ce32c200dea9ea9a9ea0b69c9616df5ddcc,1,1,1046,1046
picorv32_cpu,9d0a17f48cfea63eae8bb66f865f81343954eba5c2257281a8bf25162736f0b5,1,1,28,28
picorv32_cpu,9db8dd56daf7d40a2e7fb882596ae114873e41695ff0a50a07d08f0b96836ab0,2,2,1640,1641
picorv32_cpu,9e38a5b13ee0ab524be3c5d20416d6eb7bab942a29a1e914ebd4aa5897ba60fd,1,1,1948,1948
picorv32_cpu,9f65510c82e41cba3fa7047212dce4635a879a7e655f92823c3ca4181f0dd1b7,1,1,1439,1439
picorv32_cpu,a109560be4f19e9a9d5f49bc8de7e2631b6e6b5e29f60258ac60ed42773703f2,1,1,13,13
picorv32_cpu,a15dcef6c1721d20671c3486f65e6f29b00b4575d6bab0a179188780ddea37f9,2,2,60,1998
picorv32_cpu,a2c6dbdef5889e18fdcf6378543e754f46d8d9105bd38638e511f004a3e516fd,1,1,1341,1341
picorv32_cpu,a3167f142b2334b640dc2aad77d0907b12af0f867f26da9c53410fb36e714003,1,1,1047,1047
picorv32_cpu,a3b88579a65ba857c7ac95e5e62b8c30d7b0bd528c9834489cbc2ded49fa2c55,1,1,1942,1942
picorv32_cpu,a5205e1308ca4d9aebba0c22190f868199ce28dc2e20537495eb41a2d38833f2,2,2,57,1995
picorv32_cpu,a59a25f64aa06910ddc46e5bd31f3ea3c653f771bdaf4bb6c7887c982f86c73e,1,1,1638,1638
picorv32_cpu,a5bf81503bd4b7b8606a6edeb72606e2d538d422f0559fd1e167f4b0ad9f448e,1,1,1502,1502
picorv32_cpu,a608384a63e621c5640aaacb1ac1f68c1fd94d2a996c4d95344bde9059476e3a,1,1,1521,1521
picorv32_cpu,a7b1e59fa841825f42ab6a2514353de70319b863e8ee70f8328f8245a132cdc8,5,5,44,1982
picorv32_cpu,ab96456ba52d2722d2e9bad274de9a30347ed02fd9f70d763f4d2da3fd914f05,3,3,1480,1623
picorv32_cpu,abdb6da3c06f5c4d9e1c63d21e4f15150f9f4529a9032e3f2b9ef8847efd1b20,1,1,1208,1208
picorv32_cpu,ac529312c8bef43f2a87cd4eb4a6bb9143242f81c92fbe1267ed877655f45b14,2,2,58,1996
picorv32_cpu,ad38cae58719fab70802fe5ca1598d1e84bc1d9aa55cdc95d6c7fb4113449dc1,3,3,1092,1572
picorv32_cpu,ada432ed64aaa8990d0e1461593ecc4486078a3ca8d06d7836c144f2821f0487,1,1,1220,1220
picorv32_cpu,ada9cdb44841f5d77c7c71d0699f044b9370afa4ba07e75c1b055527192c39f9,1,1,1227,1227
picorv32_cpu,adf82ed3e22e65c2531764e79e3d9e157ffb536aa37fa7cf89132e74ebb6b48d,5,5,1231,1646
picorv32_cpu,ae319c90c5973a0db65716032e20217989cd595f49c1a08ccefd419c2dea2afe,1,1,1073,1073
picorv32_cpu,ae42c914bca1006f610a3baf98728ab16a8247b0ec7768890b2537d89208912a,1,1,1964,1964
picorv32_cpu,ae712b35c175f562f104ec3bb1da24843d2f4f8e622e3c5fddb0761eb73279f3,1,1,1944,1944
picorv32_cpu,af08957879ec2d60bc1d34595112dcd3790ab2aea1ab853de294a814e3532b68,1,1,1646,1646
picorv32_cpu,af343f1fddb2dd647ad59f990afe1cb992676b412f3ac10e578eb2f9299d8de4,4,4,18,1569
picorv32_cpu,af8e0f3295b4cc24f32caf1f80f11666603578c02274701913e7218ab781afed,1,1,1954,1954
picorv32_cpu,b163ebb6c24f574a370a884b218a504abfc030e76e1a9b578c33f467685b6bab,1,1,1056,1056
picorv32_cpu,b1749d06699ba1be9a312909f95f69b826df97a6692aa6fa28900db767ea6613,2,2,87,1374
picorv32_cpu,b1ec614fcc8fbbffecc8bf5abf195861d1eedb9e7e0ea550c3a2147c6c970ae0,39,35,42,1653
picorv32_cpu,b48b10dd0b9c6e9987012ca6679d99ee404699c59249b69ee88296170ca47341,2,2,109,1396
picorv32_cpu,b49643ff4313c9c1da35ff4571571fdc5581e9b906c23396fa0cbd9be95e4245,2,2,85,1372
picorv32_cpu,b4e875af6e4179c45adef541f3a1a41681afa2b176865de3bb33d30d1e63339d,1,1,1947,1947
picorv32_cpu,b50fb4e18b04622c2edda56535c3401a6f9cb7ad298debb5a910754c04a67f80,1,1,1520,1520
picorv32_cpu,b5d6e8dae1f2cd1d6078784fd623fb74f9a402b41ba4556a545bd4238267a0f1,1,1,1071,1071
picorv32_cpu,b6f7110d59c3c1216c479d18dfada9dd6ddca92887fad457b2b8a4aa5eb67929,2,2,55,1993
picorv32_cpu,b801dbc0b7d6c2ced8e3aeb8cc8d7d1e2ecc23a2aca0d49e6bbcbc9c7bb956de,2,2,93,1380
picorv32_cpu,b85254e76f40e24212c62607820e17df1a17f53f427a55d71a89cab5937c45f2,1,1,8,8
picorv32_cpu,b8e9fc94ea9dc2566b33d81bf55c7d6828a5f4f6a1bb1284ec4e29de96b5e67d,1,1,7,7
picorv32_cpu,b98f90f45e2386590eec3d4567e2305deb0051b4684e976ea3a9e9e8a5198981,2,2,47,1985
picorv32_cpu,b9ee220895a48d7317fc6cf58be23a7074c2c8225449db47660650b40d8eb156,3,3,43,1402
picorv32_cpu,bb1a7c3d210417472a76175d5e54c80ca54202e6942397c111b4e5465d5882fe,1,1,20,20
picorv32_cpu,bce8987f3510574d2cc68b4079921cc2c58c352f360468bf8ed23cf96edc2d1b,1,1,1529,1529
picorv32_cpu,bd0bdec46ffee2b461c037ed5cef47858a9089e5b15d2b999d0616f5c2972bc2,2,2,84,1370
picorv32_cpu,be19f9cd56f693024b59896ee950c9aa688b5a12921772e00b2e62c709cb5315,1,1,1953,1953
picorv32_cpu,bf8025f410b274f658ca0482c69b5de28f1f5425b6d66b21783730e3fe6a4775,1,1,35,35
picorv32_cpu,c13b24afa0457ca64dcfea31403a163f9ef6ec3815217d6ff5d3d0c484ae6862,3,3,1099,1579
picorv32_cpu,c348143d1ff95022d9b12fb05d6c5e0e8db1dbba929015bbdbb1aba7579225cc,2,2,1446,1491
picorv32_cpu,c34f5bfe9e54cd564a46b52bed1717eb2b3f580737a6beb9a96fe80f0008cbd3,1,1,1959,1959
picorv32_cpu,c3f5adfddff05386ac5c1ae8a0a25f96814a95d49cec909838252d086bd213ed,1,1,1464,1464
picorv32_cpu,c3fdf76139b4b942ed5d97a0150741e81de52d19cf8b8b477f6733e861bc0615,2,2,1341,1781
picorv32_cpu,c47d786bfd41922c443e0a0d26c58028058e033e27051fc1581a4f0478e595fb,26,26,1784,1809
picorv32_cpu,c4b7e5b72afa540f9ae8b2d12738937a8b1e031ecf4efa46859c380a0c027d03,3,3,1084,1564
picorv32_cpu,c6d3dcc552a12e43cd628e1ab24c53af48c8b7b34c312bde95a38bfea6e9529f,3,3,1095,1575
picorv32_cpu,c74726066fc6decd14bfacfecfd49050ffb5be23c50c8aceccabd1465d80f017,2,2,96,1383
picorv32_cpu,c77e76cd207cf0696330ac29380b9a675627779d9ea6a21385a6fb93b233fa3c,1,1,1528,1528
picorv32_cpu,c7a6e2913fcc4d0b392eaab6f28ee559851c792a3725c4a54a3cd90f423f3d17,5,5,56,1994
picorv32_cpu,c82f0648e57b1d913ce7de965f7e5d4fb9a3a39c23c76b589836acecb579a078,2,2,97,1384
picorv32_cpu,c97100c20847ab00ee929c81e0d1079ff4d2b4e8e1c51aab637c9ce0e3e204e4,1,1,1061,1061
picorv32_cpu,c9c62b845da06494e3f95d749c5189f1185ef9f7b237669067b4e1d2a5cc7208,1,1,1048,1048
picorv32_cpu,c9f5a0ee18755c2399bbd73b10d4a1118b88f8a2f3660e949bd6e324ab532655,1,1,1072,1072
picorv32_cpu,ca041cbe6ee020615b40e9c7c9beccaf3ee4b6f9a02801bbc87cedd87ea599e0,2,2,52,1990
picorv32_cpu,ca2eb3542f9b9b92959c5dd5b36d5dbe3db9a3170a08642b2ecd7256f8ab4859,1,1,1218,1218
picorv32_cpu,ca84f2d9887d479912ddbfd6b5ae1bb3ba73fed86c677fc45d4f79565bad9097,2,2,1528,1529
picorv32_cpu,cb2e3844b855d8f57f18bb2dce3ac5e4a6d7beedac16edc7f1608f080930ab02,1,1,30,30
picorv32_cpu,cb4a0169c429a059b865d2313bd13d92e74dfdf4eab66718bef03d1ab9fc460d,1,1,9,9
picorv32_cpu,cbb8cb32ca5d7b41bc316e9ac15e99671f839f2c1a19f7bdfd695bdec30da0c7,26,26,1238,1622
picorv32_cpu,cc80bf03df3fc9fa1c9e40299a6ba930c5fe4a4357c1658f953190082f1741c7,1,1,23,23
picorv32_cpu,ccafbf24c6584dafd49f9e7eac86ef638c211dc3c79887734e341d64b48142e7,3,3,1102,1582
picorv32_cpu,cf521bdafc1f4e755dd4ae4dc48ee7e4360c238abfe8cbbcbb0cec59f1296d56,2,2,2,1512
picorv32_cpu,d02918bc6bb04e8ceb21fdb6dce752bc77c51ab5d3c9d4dcda54f173d4222a20,1,1,1957,1957
picorv32_cpu,d15c47f99271054f4247e6d1232da4cb02194cc7738d9b66629506b6b3785940,1,1,36,36
picorv32_cpu,d24ed6892c0e3cd201feb0d2f91b7bd9cb94e6cb872b0a98c089ba074dfb6c22,3,3,43,1498
picorv32_cpu,d255dd2493288be37f7c2f9fce43f26a309e25d5885949f30b565ccca554a59f,1,1,1593,1593
picorv32_cpu,d37b6006a2fab3604de8075213936f2d6409b87ffc114f358012a627a0cc95fd,2,2,1524,1639
picorv32_cpu,d3b743b60a65ab163befb05c7c18b2e14a99303466d33ec5cee4615f180a648d,1,1,1530,1530
picorv32_cpu,d4207781285d1da35da0cfc2b46a5379791ffa11556ddf02d02702b2c631e9c1,1,1,1060,1060
picorv32_cpu,d4eb074cd83408b78a68f11240eca3d9750c58ee948eab021a141125757ca45c,2,2,1,1511
picorv32_cpu,d6f1803c63b5c642ae627cc0654359b4c7e563ac0b38d3f7ba4865986fc980f8,1,1,5,5
picorv32_cpu,d86a8ae930012ab968a23c1f26cc1db50dcb103adc900ed58d4df24862de1a7d,1,1,1221,1221
picorv32_cpu,d8c95d9fb89f21c35b0d02fbc432594401bb1ac4fadd471a965e655902281f29,2,2,1447,1492
picorv32_cpu,db034095a5016cb5fd2bac3a88828da31314be633b56054f19314a521477b929,1,1,1968,1968
picorv32_cpu,db3687a946fbc895bceaa696eaef33007dd9bd219d450429ea2c0a4620ef064a,2,2,1342,1343
picorv32_cpu,dcee3b956e49ed60cb0ac6709ca0e17b808e4d1cd41c80d216fefa15af024715,1,1,1588,1588
picorv32_cpu,ddaf2740cccfb20ff2c46f69da03bab80e878de1846d1fa501928e6e6ebe364a,1,1,1219,1219
picorv32_cpu,ddc87d589fdd75e8e27aea0438b6e7b2cf6848f4127e4e933489eed167b186b9,2,2,113,1400
picorv32_cpu,dde7e148b51dd869a5203d90efaa6539cf1b296e4ebcf70a74f787bcf2ec16c2,1,1,29,29
picorv32_cpu,de0bb24016b0b647576e1a26a382c0a00ca2ea56070a73c5337bae10c8c9a85c,1,1,1504,1504
picorv32_cpu,defb2ef67b89ca7dcd583243d75b6bc46a9d0faba8b092fa6b2fdd1177cea1b9,1,1,1222,1222
picorv32_cpu,e0a664563d304d2956fa95378c68cea79d42f7ccbf3f035fb86195b8d6bcc2e4,1,1,1403,1403
picorv32_cpu,e0ecbd8f892cf3eb96e303501bb5715d3341bece2930295f9d8d4cfd4f14cf4c,1,1,1781,1781
picorv32_cpu,e2a32fda06a0076f2ad6ed2ea8a198821ba935906987751f6e14d255edf19f02,1,1,1638,1638
picorv32_cpu,e32586261259a0600337c58db0eb7e6968e43d489119fce3b5c58307631cc648,2,2,110,1397
picorv32_cpu,e4137ea7ae3264aeb88c608156fd9fbc82a07f3d690e4610a724ef3c068540a0,2,2,63,2001
picorv32_cpu,e5a1d474e2de0405555b5d0ad62aa74f9b2479dfabe6dcfef0742faa346b925b,1,1,1225,1225
picorv32_cpu,e62404cbfbc65d0880be617bfed3ffbb5d2c1a0cc3e23e6dff8f896da066b7b4,2,2,0,1495
picorv32_cpu,e714a4bb88f5e61c83d641995dae658f94fd9a58f35a1eaae28400eb2f055b45,1,1,1967,1967
picorv32_cpu,e74cd368acb96b99a2b3ffb55843fdf3c7d315eb3c111dd4e4a825eb75646390,1,1,1209,1209
picorv32_cpu,e77626487d46fdf769620424af729b2e8be0664acbfdfbd1bf343da6e606d359,1,1,26,26
picorv32_cpu,e79dde4a921869d2cbe5dc6f2af2850087c484953312b5a6141565c709522adb,3,3,1104,1584
picorv32_cpu,e80f96ac1beb209e96ac36adf5b31fa901b1b92219b9ac2c97fdf5dadd15ad43,1,1,1063,1063
picorv32_cpu,e85cd0d64192bf0d1cfafc1450cd58c0ef9a6d0960f5ee5716b0e030ddf1e98a,2,2,45,1983
picorv32_cpu,e943947d038ec6b0e8a6c3140ffcb2cb9792273ce7db4cac8931d138b01e5408,2,2,1461,1516
picorv32_cpu,ea953bc3992119908722bfdddea86c124c1bdb10e80693a1f4e0a50643abbbfc,5,5,50,1988
picorv32_cpu,ea982b91b1a9ee1343c482b7638ee4ee30c389e6197b840a8accc12c1e0f7893,2,2,103,1390
picorv32_cpu,eb920cd7b47d335cd9dd79713b7ed38a7ea125710d518cec4f666d690e2b5463,1,1,1207,1207
picorv32_cpu,ec3da6d91b2dd13fa424555bf8c25decbc9276dfa9569d449bc5400c7144a1ee,1,1,1054,1054
picorv32_cpu,ec5922d119fec0df2a21160f639027cbfd2c460145cde38447fa20f99204ebd6,1,1,1955,1955
picorv32_cpu,ecf00b2fae7da05bfba222ac7d8ef0a8a2023dd15ed4a7a57c4c79b792974dfe,3,3,1096,1576
picorv32_cpu,edc8ae4d58215464466c5341f3662e9bf695d3caee8713ffa129e7b4ee51e256,2,2,51,1989
picorv32_cpu,eeedde37fbffa6f0e4a7611483ccfe0b063c8e4538514d13da670b4d99b92a1a,1,1,1969,1969
picorv32_cpu,ef09f55411f7bb6a12f8436d7a9f06b1d2f9ed396902509ada8536832c23d5c4,2,2,67,2005
picorv32_cpu,f0c0c08026442d71c4c24543b472414ed40107b42a5fef584d4bdd470f98e840,1,1,1045,1045
picorv32_cpu,f0e07751c05b27f638806b6778f1f2fb096494eda46739ab25fba513a2ffb78e,1,1,1436,1436
picorv32_cpu,f1d45d32499b024662b7b99b2cf139ffaaad1e8f20b5b969ac98e52691e04d2d,1,1,1050,1050
picorv32_cpu,f2918d2d2576da5a738eb3ee8f4df2cccfa5cda639a87646c49f74a8d3916b9c,1,1,27,27
picorv32_cpu,f2d7f2e2d9204ca0abadbe513db9bd36563c197ee4b1525a3988c773d03e79f5,1,1,1963,1963
picorv32_cpu,f521b3ac3913d05300c245496692023a3f7002d1b8c619ebae1cdfc237b573a3,1,1,17,17
picorv32_cpu,f5a26577a8fb6a2467702bda8288ee50bce29367748c0bc1c1b08f4efc74a9c7,1,1,1340,1340
picorv32_cpu,f5e63eefa9f8fbdfb74ba8b84e850e96a11a913948f3fdaf836a798921e036df,1,1,1526,1526
picorv32_cpu,f62e3e49d781aa8a6b69dfbe75fcb90e1d773f97695aa1bbbf7536f88041b295,1,1,1044,1044
picorv32_cpu,f8b4d7f23226e0e15de1d524f02d9ece24ff9bf01a342fa77cf5badefe863cd5,1,1,1960,1960
picorv32_cpu,f909f677b8b41b2fc0314083ca89627cc9f4bc841cde58ac853553e91cd4446e,2,2,66,2004
picorv32_cpu,fc0a59ac5c7702ea60762f4244a514036c375b4b9b6d4fde13bc5ac7efe605e1,1,1,22,22
picorv32_cpu,febde5d260ea625ef481212cab4a63c5c04e751dea5700402a258092719762df,3,3,1100,1580
picorv32_cpu,ffbbc2c62578dcd100f136c1f7c63aa93f2249a719f1d1bc100560a56fd73311,2,2,54,1992
secworks_aes,000e1c0192a3a1d834a6a8891a6b90279f90dc31f47064f9cd63d7818d6b43d1,1,1,1533,1533
secworks_aes,000e357676d8cbcba799d8c796c4dd92fec4c7fcc22c36eeaf0eb7dbc3c3a64c,1,1,97,97
secworks_aes,0017af40c4225f4959a3493c25f9f560624eb7356f413703a355a529ad3e94b9,1,1,2039,2039
secworks_aes,002757521cf9f809f96dfefb413097cbe129b7fcee853d04597f424a45d665b2,1,1,1866,1866
secworks_aes,0051bb987c0797c03b0c889141c151bc8dcba14f870b769fbcb80e6f8fc729c2,1,1,1723,1723
secworks_aes,0065c426e5a3a8eff4a1497cb83fd3882edbb5007a83eddea6236f4947085dfe,1,1,424,424
secworks_aes,00748ee9ae8c9b41a232febaa93e925f6b07861ade4cb239e22411b72fd60697,1,1,1395,1395
secworks_aes,00940066eb0a03a03f5051390fee51d57af2949896d341b190e55f5a2cd0edf1,1,1,294,294
secworks_aes,00bb926b3ce81d6f5aca2ff28e843091243d90e73e9b077f1f725f354849ee85,1,1,170,170
secworks_aes,00d9c35f93988563710dab0e484ae011b590922de1facff10d30459f608f715d,1,1,478,478
secworks_aes,00dc42d4b3b2ac0924b98fd0290be0217e754e92766554a81b7c7e554b5fc886,1,1,2014,2014
secworks_aes,01080bfa9cfeeff858a1e465d3db4cc6383d23d4fea463739abe3365d31af8d0,1,1,108,108
secworks_aes,014350be7ef436cc7e9b651cf8463ef45cfc9b6abd7d58f08f5981c370c719b9,1,1,1416,1416
secworks_aes,0165a7fb2d96ddec3c4533fc90af8970bf7f18680d37377f9939286aff94f4ba,1,1,1830,1830
secworks_aes,01673adb54c75148e870e98df509bf5ccb910595bd97c6c2342b240a314e7538,1,1,1444,1444
secworks_aes,01cf4691231075dec8cca9a671a2ecac9eb3b2c972746161daa15f569ed2c247,1,1,423,423
secworks_aes,01df0d6e1da165929618f0dc16b676d0ee2a21b0ff79b7f8f5031c46aa90b395,1,1,940,940
secworks_aes,01ed9280f7fb17f00c7c7c0095ea7fca32edceea88fa94015120f8317a81d93e,1,1,1718,1718
secworks_aes,01f795d1400de2dcf3e1919e2e1f8b2bce8fca4fb7c8916d5afb911a80a3caf5,1,1,1334,1334
secworks_aes,01f9415b1d751cfc2032dce56af03413ad7d12f59565f99b8d77b3eafa4b7481,1,1,71,71
secworks_aes,01fc2dba529b232ea98e956c1bc863c9e652f01089da8804a68382f9d5736399,1,1,1383,1383
secworks_aes,020e80ff25cbab2ac3825e6b906c1566097daa24bb5714ec2063dd65e1f1203e,1,1,963,963
secworks_aes,022d5c5eb1a9b51fa13f7b738ffadbdab25cf0a5bf50ef5e6f81490961141d72,1,1,1271,1271
secworks_aes,022fceb1eb96b523ca7d4177532f65e73f64b7770d0e24fc95781d91df5d01d8,1,1,1742,1742
secworks_aes,0238f22a204dfdbc28add12c90222e46d0f10113831cef452bd4ea845d823a56,1,1,1093,1093
secworks_aes,02404203dd69a65fcb7deb52dd99ca0fe7a1a6fbb48ac2b808347d9d3ac6eaac,1,1,1450,1450
secworks_aes,0251553567df21ee6dfd51ebddf984e85b3d7bfbf5bdd650bb6e24c2ac49cdee,1,1,174,174
secworks_aes,0254aefc18181470824f436932a4a9133efebffbbafb723043f26a539a8b5e50,1,1,528,528
secworks_aes,0257059d9b9bdaf98e91d8f841e24e40db79a52673413189080a54921b04271c,1,1,1587,1587
secworks_aes,0285df65e659d9ed53b74fccf3c273c000a4da19da1ae27ba6b389ba02415ebc,1,1,268,268
secworks_aes,02a31a0c1b8de1fd1509df71cd48df8cfade9a9369ed5ee3512cfae541040d21,1,1,504,504
secworks_aes,02a4230632f28d7db3a553dff1e3ad57438aff608cadf562c5368d106e746347,1,1,102,102
secworks_aes,02b1fd3d1538602d4bcc335ad19744087c0b8d3d0627b75716bb3b386b8970d4,1,1,1477,1477
secworks_aes,02b9918edb6584a6bad333eb951a5e1c042891a0c92d80e6126e92ce38566132,1,1,1312,1312
secworks_aes,02c9829433e6be188ac5cc8ce582be01889de51cfe50cde9239ab6886f919aab,1,1,1023,1023
secworks_aes,02d1deb91f5c68631e6013d3e242b962ffda7916cd7e8ae18693f83139d45797,1,1,1312,1312
secworks_aes,02d362738a7e2272c98a4c225fe1fdd3d73b2d7fa738b05d9ce5478852872245,1,1,1097,1097
secworks_aes,02d45e09fb04c2f4060318eadce113ac199772260598fb09ffad63bc0cea5470,1,1,1199,1199
secworks_aes,02f17f96e14a9c03a967d50396a5353cb0603927e6a5f0dc24f16d75ff273828,1,1,518,518
secworks_aes,02f475620460ea17c6a696677d23abb9bdba376a271e28d46a81816fe239f519,1,1,948,948
secworks_aes,03547a5ea9eacddd90988fc9021a021cf2295e54cf759e75e1f464ab25b0a463,1,1,1232,1232
secworks_aes,0359ffa048430996fab0a9fc422e4a6b1b3962bbc6efbb0f815aaa1947fbcb57,1,1,1503,1503
secworks_aes,0364d3e227b2d6aebced744dc6e32b12e07330f9c3022292a621bb54831ca753,1,1,468,468
secworks_aes,0367ad78123af048d499ca0db8f8d9cbfa70ab5d1caa33efb534adb692c30f0b,1,1,1230,1230
secworks_aes,038ed4f10a368419922aea86fe7d36ce2e85ac9556e976bf6f06841062fdad81,1,1,1207,1207
secworks_aes,0391f1ef4612398701cdbc97a258ae7628aed61608d1ed3c163120bbb5dfce6c,1,1,510,510
secworks_aes,03a92aeceeecce2ff0240af1cdc25d51bd75f1bae9683f1fcb87cf4509652b71,1,1,1543,1543
secworks_aes,03ab0104e43783397f3865ba9c42cc76349cc22dbc76c36098306726619dfa89,1,1,1258,1258
secworks_aes,03b77852d709a6ce9193e0adf818136fcb4e23bb39727bbbca24f9a249bf65f1,1,1,403,403
secworks_aes,03d20e5d1969010690948db1620251bc49c10b526d35c5b243c1a4a521a394d1,1,1,1733,1733
secworks_aes,03d93cb5fe5be5b48b35e7ecea175b4e01dcf01efe803c63b19db17e924c15d1,1,1,1446,1446
secworks_aes,03f9fbc2392e27a776f1bcc84df45219a560250f1878eae29766fbb7dec347d4,1,1,1185,1185
secworks_aes,03fb2f48997cf522167f886ed0e85a79e894d8f89c1214f4144f14a862c0f889,1,1,1868,1868
secworks_aes,0409a4b866c5e1b25e2ca35e1e195aa5ecbbf7b45e86b252b89a89c3bc72e8d2,1,1,1344,1344
secworks_aes,040d3f6d1b4206f5810c0df5d3dfdc13b91ce04602b5fed3da72c3b82b231dc8,1,1,828,828
secworks_aes,040e3ed388f3246d6d2fd1acdcfb4f6f2948ac1de418c0511b3cef63309384a6,1,1,1654,1654
secworks_aes,040ecee8f7021331f3f3cd7a09da5bfc6180afd4a2c32bd5c194369db295574c,1,1,660,660
secworks_aes,0418b8b7369b0695b90c424cd3114b6c3f7ee987bc195a1ed3732dc588d27771,1,1,1958,1958
secworks_aes,04388c1afe70465dbf56ec82f4eefe65c2e121a023902af97f01a7925e2c9650,1,1,74,74
secworks_aes,04443c6af59a0f8028dc1e73dd2c049ef2ecbe6f128c09eaa7d836591f25a01c,1,1,580,580
secworks_aes,046fd9eebaa7f0af0cc2a70498380d672adf9a0ddb512003e8d3d58ec3969fa2,1,1,341,341
secworks_aes,047f300e605adc47bc2c30a81bb728d7a03e13f14391faaad936ef9e4366c4ea,1,1,38,38
secworks_aes,0487e1753081cddece01fcb1eeb61b6c046f1eaf2d994fffeca12f95ad338d85,1,1,433,433
secworks_aes,04958f11923929f3a8cd23c935b0e59fbd1d60896e76007df7a795367dd174f4,1,1,661,661
secworks_aes,049ab7758e0fd41355e2732b6359525c03ffa54ee7af8ff64f6287cb05c0671c,1,1,398,398
secworks_aes,04cc893ac48a8f17cd5fe2599eef1fe14590d16480e358df20989b020f12bd67,1,1,896,896
secworks_aes,04d043d26bb043ba041f0d3ba2418be42f62d941573ff44e36b2fa06f0b14541,1,1,163,163
secworks_aes,04d3e7e66a314c6790c97b4a6f2db70c4b99575fd85aed594d2ae6c109f4abec,1,1,1842,1842
secworks_aes,04d76baf5eca93890e26cccc1ee1d296cc7994f2cdad27ead6fe30447bb25cde,1,1,1622,1622
secworks_aes,04dcc53c7bcd3047e67ac43fce2d4d3acb9d4504a39debddc5195672b27d0dd6,1,1,240,240
secworks_aes,050031c9e118f1ec4abd7b0984dde5c96f3d22f91af1e9c4c57430c099ac54a6,1,1,645,645
secworks_aes,0521131647b174a272ce812ab494d2bdf7351fc71ff4cc4b529fc2b13fe0df43,1,1,1053,1053
secworks_aes,052233af8073273d53930d203214c17de350f3bacd1773eabfc453f4bdaa43ac,1,1,35,35
secworks_aes,0534f9dc85479f6e6971c8f05531b26a0bb96e66b2063e23412f17239dfc0a94,1,1,1155,1155
secworks_aes,05744619297d1f5a29a256aba8fc682e67854aba5ceb723e76930a0e6bfd60e7,1,1,866,866
secworks_aes,058a04c68a5f343d904e76a8c354cc53e894d86778be5c7f21bea48bc594b964,1,1,1153,1153
secworks_aes,058ced28548bc610c80be6fbf81c78155ce0d9e6e82a1460ed46c3af621d2de4,1,1,854,854
secworks_aes,05ab79b1e45c4e9e475e25f1953f2dd7017971dd0efc24a301a4f2d9d4801fc7,1,1,1504,1504
secworks_aes,05bd48c01eacd704f6755e9dce62f6e74922e6671d40e599068ac647a4a832a5,1,1,1972,1972
secworks_aes,05e6e994f3e71df5c9183c5716e12d938e2f89e4e218ae18e91e799b9440dbf8,1,1,306,306
secworks_aes,05e90cf8d169752861f8122aa42404bfaab9725b60a76997bed853f597761877,1,1,492,492
secworks_aes,0608e41b5084d1d841e97635ce2224cf534f5c22832426eb3638803a6a2cae4b,1,1,146,146
secworks_aes,060cea383b89e8e183fa72a1f391f09349618d1a7ff814f19ff72fddec898ee2,1,1,1017,1017
secworks_aes,0614533bebdeef78d9c05d364b419933763c56fb6087dde843eccb7017851f2d,1,1,348,348
secworks_aes,062ceea57cc034c08219395d3495a6c297686abd9b5bd2b640bff595cd66625b,1,1,1522,1522
secworks_aes,063a939e787e9fac9fb580882d6ca6b34861d0733a55bc6d05ab58e45527eabd,1,1,1390,1390
secworks_aes,06938310c216af8c00a1555a645eaabed40a255fadcfc8e50e96f9fe46b71f3d,1,1,664,664
secworks_aes,0697268546f0b746b99f7d56c8c563211d56d432a8017f08f807e21bdb27dcd3,1,1,25,25
secworks_aes,06b147f6510410d2063bc19d3120351da675283dded3f3fa155c6dae2c342fa0,1,1,902,902
secworks_aes,06b63b67f3242a34519eb367144bc076a06ee328dcbc847072e914992781556c,1,1,1778,1778
secworks_aes,06bbbae9143f80c541d9ddd415e6cf29758c4e56a37383fd68954729c11fd1a0,1,1,700,700
secworks_aes,06d829deae4c24a5c0daf51867c0b62ebd0d7a1b28a86f2e3f2cb49df0b73472,1,1,861,861
secworks_aes,06dff28c6259bfbd1badd2c0d3b1c368028b703938a73db8ba62a6ca5247a8e7,1,1,669,669
secworks_aes,070b45bfe9ce7a0eae04b99327c3567c5143bbcaf34d09c56621c647686e3892,1,1,566,566
secworks_aes,072907b13ac9768027aab937687f29952e9c812a289dcebf7e7f4f1e894798a3,1,1,398,398
secworks_aes,072ec7d5811f8d2a4bdd3ee4e94f0b391986d8ff4f356ad73b2a28873518dc36,1,1,399,399
secworks_aes,07355b28cb6233398bffe517831211c06864ded956ac282041a2ac9fc2d7770d,1,1,1030,1030
secworks_aes,0738ca9957326eecb335e622b4f433f1f20f20477644dfc5271a2235b70920a3,1,1,1480,1480
secworks_aes,07635092eb3d1760349eb74d9b12a9347420c671139407da24cbff9b0109d20d,1,1,107,107
secworks_aes,07639fa89e7b77a850ff9d10377bb5a44c3dd2740d5ab65b14afc5e2076ce102,1,1,701,701
secworks_aes,076603fc3f3b59b39f5ebc455eadd1fad5c00cc4aeafc1703f843740f5572af0,1,1,902,902
secworks_aes,077c1a228ec1746df8048b72496b7d757c5afc45bf193a07fa605a1d3f5fb666,1,1,1167,1167
secworks_aes,0785aeaefe02eff85cf37a0ee51d9f7ee8312cf156368e1827951b046682b1c8,1,1,1102,1102
secworks_aes,078b1f8b1bacd2dd48c25d657678373e03c3229d80f94d9dc3826c22eceb8f56,1,1,1804,1804
secworks_aes,07ca48a0cfa988a370f66fd8ead485561b67ecc3039ba392132920974c12415f,1,1,1334,1334
secworks_aes,07de0890a2042a52752163e96e4eeb267203e0e6377c8377da201fc745d2559e,1,1,18,18
secworks_aes,07e8d6008fb4eb485fd54e2d1a09ee75e80444ecdb1474b2496fb884160c5f6c,1,1,1332,1332
secworks_aes,07f8fc6e6c8f3ca901bd09848bfe303432317daf05c903c8b9cc76ede9f82b79,1,1,1236,1236
secworks_aes,08128696f9e5505436c98a9426f97f67a3cabfc65000c72ee27f7d352c68d9fb,1,1,980,980
secworks_aes,08417307099b8ebbf255be75477cc3b9c46db6eb4589df416b46f393d41c493f,1,1,2017,2017
secworks_aes,084822e8915393dc45ed0ddbd4ade8fb8dec48077a8a2cb04286a454dcd02875,1,1,452,452
secworks_aes,085759bbf19b756ddc052795731420c64decf320b5344733f63829c496a184b7,1,1,1502,1502
secworks_aes,085e920974586d1dee40a1d2dc0dd35e0d4860f0f9ec086ce5a09826153e827f,1,1,1517,1517
secworks_aes,08621f179caaf876708bc31e3d78d28f33a71d0aa719e62de4f58062b730e104,1,1,579,579
secworks_aes,087750a81102b58d1e4769c8d914ead21f862e8e8f6bc84bcce6a5689445fce7,1,1,954,954
secworks_aes,08a39deb278f31b456dcf6946c6f14cd3e88d3a41389f9f1875a7a27b6a5ec76,1,1,967,967
secworks_aes,08da972c4513cdaf79a7b1d968f29449963a4d7f65282a649d76f944bc3eaf72,1,1,1071,1071
secworks_aes,08dba28378bdb35a9287c409fad302bf2b3d39047aa6404b997e930349d648d6,1,1,715,715
secworks_aes,08e187c221e7213219a5626eb63d1e60889c9887f5ced05eeb35c45c2e26a555,1,1,142,142
secworks_aes,08e5e0d6ddd928af4111fea111dffd3688c882de126c187d3ba020c1e42d45be,1,1,512,512
secworks_aes,08fcaa519f7e0a84657a322b6058393771f1342309569ea2dd6c71a6e8f727e9,1,1,1561,1561
secworks_aes,091fd7a7162e8edf5de91296742fb3e0e2d01223e633cf3dca989d1f513f3029,1,1,1228,1228
secworks_aes,096b77a2d55f6ab8bc3a63ddcf5a8edeba599c846e3b23172179a6be1abbdaf7,1,1,1769,1769
secworks_aes,0970eec8abc1a502a74c14b59a2ecc6a11199002a67c648160231444a16aeeee,1,1,785,785
secworks_aes,0975ba6cc0e60053a0cc31b2d9579c89c9d257194b10587aeca10db83107552f,1,1,1659,1659
secworks_aes,0982b93c7412ee98f0a0bc16cb80237cbc7f470f98fee3e198021b80c8251098,1,1,1446,1446
secworks_aes,0987f17b70f7488490279d9915e2d670885804038fd8135f8100c9922dec19e3,1,1,749,749
secworks_aes,0995d7a0aad8900850024d83f9ef54835399830aff9cac1584153896eacc6103,1,1,110,110
secworks_aes,09b422eaa5f392d4bcb64a0d0c73d8e834b40997470328bd50aa15fc9894a2a4,1,1,852,852
secworks_aes,09b60f1a05aac2fdb321bcd35b604370f2963920e90398bca99ee96f44ef208b,1,1,1822,1822
secworks_aes,09b90705dbe6962251e9d272ad75924a59755566634232f32c5337a6c5fb8b15,1,1,909,909
secworks_aes,09cfaef3c70585ea248ebf28bfcf6bc1a968ca3c0d064c83c71a2e90c3528f86,1,1,1838,1838
secworks_aes,09d917890db12fd476398071157f7a79ddaf343e78debb4a1081ba372519a5ac,1,1,711,711
secworks_aes,09fc9ca65ff26c8b0fcf251f7ef89de8c1df8ff133a59d9dbe8e6c26c19a5a89,1,1,707,707
secworks_aes,0a03b5dde6ac1b2f3508d497a231a3dbc9c7cd309601b54df40702a1d327acd1,1,1,132,132
secworks_aes,0a0e167fb2618d65acbc483a25ca38e8fcc917c1d8e40f59f4bcff73d5167d0b,1,1,1133,1133
secworks_aes,0a13f21b588d8a6eecd05a545238ad7b994f8d69aa67380d5bed1374711e09f7,1,1,387,387
secworks_aes,0a18bc11f765cb246d03642d0e89c9951083af72877b559b61b3db31f85cf926,1,1,1644,1644
secworks_aes,0a26a34d54dc936060c549274da211530195a846df5d3cea30bea86651a3e920,1,1,338,338
secworks_aes,0a4d6fb0fb63c455a93a004714f2387b91b131ae96e8b0b588216b4f8f313be0,1,1,405,405
secworks_aes,0a4dee660437e527bd7b6e8d3465b20241f43c1a18b3e0555f149c2d3990044b,1,1,520,520
secworks_aes,0a63bde0b4361eeb413b3e40bc109e0fcc5b86b1d23fc6da2fc236c440d1ba0a,1,1,620,620
secworks_aes,0ab0ada7f8a18033268f8ac8928e5714ff726ee9a8d132bb4e97329664a414ce,1,1,436,436
secworks_aes,0ab815d290f68f3196ccb8bb138b7a260e98ba22c2c9373d48a55f69bc2423b8,1,1,1346,1346
secworks_aes,0ad6d3b89b171338a3d520e306c77c622060efa65262360e6ea0c121e6ef928c,1,1,1474,1474
secworks_aes,0ada3a6b465f4581399c48b90f0e34e04e5fedad5f18749aec702f9e5acfb3e4,1,1,1041,1041
secworks_aes,0ae3754a830de4bf9849cb4e7181ba92fdf44b1176e5e57ba291e6d6f26b38c4,1,1,229,229
secworks_aes,0aec17b1dc284fb8414721c48dfff874b38cf00f4749f2e6fe3466e189433b0a,1,1,698,698
secworks_aes,0af11af1897600e3eaf35fa6472b1d40e91c5cec1f558894948bf1ab8b6540ea,1,1,1989,1989
secworks_aes,0b0050492d6942ce11238b5e283697d5a9f81079342235da588af2c4a41ed43e,1,1,1555,1555
secworks_aes,0b0f5417eacd6b060a4a46037f6edee3728a9135aae8953a88ce8fac4cdd2bde,1,1,960,960
secworks_aes,0b11405b63e50b402502f639804af5c47166c287fa087bc0cbbdf66dbeae8977,1,1,728,728
secworks_aes,0b171027caec7c1862009d02ef28ea4b7ab743f48356b1ccd077ca95c8d89cf8,1,1,443,443
secworks_aes,0b2d0e0d86a324d11a5c3069b5a4da5a9c62335130e59245911149f047265a97,1,1,1371,1371
secworks_aes,0b517812675006c4f1a2722dd7f15a5a73fc9ec04b2c0871d5e894d05e06e04b,1,1,532,532
secworks_aes,0b5e9f19f521329f652f50d880a80de2e3d1fa2be13f7b60bf428bc83ed353ec,1,1,1001,1001
secworks_aes,0b612209d90cc730434ddc5cfff6905d188eddef5b75b116abf83c0ab2078cb0,1,1,1480,1480
secworks_aes,0b8685360b4ceeb4c3f1afa6139e4986072e370e97cc5848073c54fbd32215d7,1,1,806,806
secworks_aes,0b9154cd644a432d429b9f4ea534d83ee54af9cf1376eaedff4de030c530ce8a,1,1,610,610
secworks_aes,0b9e555715f64630ea38e335202832fe9c222ccd3116dee6fdf68ac6cc45dd32,1,1,1557,1557
secworks_aes,0ba0336205eaddfeb5d72dd52b77b59275b69db73097b835166571bb6f4acf4d,1,1,1299,1299
secworks_aes,0bb655946fcb5a6d9d943cc054ddd28c140de5be6b78d00495de728d3692e832,1,1,1952,1952
secworks_aes,0bcf5c0b2569771426d23b37d42707f89a075f176b9d77f34cb8b454d37ab87b,1,1,186,186
secworks_aes,0bd0b20b53df1f046354df2fc3b88f34f6f0cfbc5ad78b960df0c8fbccedd09a,1,1,1887,1887
secworks_aes,0bd9d6d176aabd80091957cb762979d12506481c0294602a5f9c32a54ce04dcd,1,1,782,782
secworks_aes,0c023b727b3c3323d958e610a320ecdc26d68c208255ae186c82545261b1e23e,1,1,98,98
secworks_aes,0c06a263de85065ddef189fc3fa26296ae437cf5562303cb7f3b53d6328223b0,1,1,526,526
secworks_aes,0c09f429e48ece3df8037ce3ff5252833f98fc1de31ec9e00f1115f0d0077784,1,1,1903,1903
secworks_aes,0c142913d30672a68c667929758abe67703bc68c71edeff76f7a5a1818b8d886,1,1,1825,1825
secworks_aes,0c1765915c4851b21ea6bf4e4738da3d09880b892bff94fc1e87b81c7bcfca7e,1,1,529,529
secworks_aes,0c1f6ab9b398d28e4001e09c8498eca06a00fab1173eb3dff8cc073dc550a4a9,1,1,1681,1681
secworks_aes,0c2f9dd4c51fe4ff6c25dcf9f673856e9448573baa0efafc666e6ce348577920,1,1,1960,1960
secworks_aes,0c39c05795047014c89609b8d0f33117be035a22ce27498e91d47a20d19c2209,1,1,1459,1459
secworks_aes,0c473554a8416cd8eef05e7cb89ea07abf4e27183f17c8954d43b1a417744765,1,1,1286,1286
secworks_aes,0c51b45adf031edbb96e6bac357d972b15f3b1b1ad9dfde6ab3be2e8a731b093,1,1,1976,1976
secworks_aes,0c53f4cc9859418816742b1bb01614ce002df127854a103cbb9ccf4d1128db64,1,1,683,683
secworks_aes,0c5b834a5302ad6daa4cdc0613f669537c6fcae3d6c0e857f2266fe3f4874c25,1,1,1114,1114
secworks_aes,0c8597ec13e865376cd24e0ac9dff66410322d67b9ad628b4313331d5bcb5831,1,1,1254,1254
secworks_aes,0c9ae63223a635bcfed6bfed2edc8493367312a3373e2235c1685699ee550229,1,1,808,808
secworks_aes,0c9c1b7d2f54086fff5a8fac9637130e609510dedfffef3e10f5af4c0f8e20c3,1,1,952,952
secworks_aes,0c9ff994b461daab326fc715758cd887a51ff07e4d369f2f33dfd2f6e68160cb,1,1,21,21
secworks_aes,0cbe96ae2e02f43fc6f434e7f663857070fbd88acdd5313fe11f1f05a5000217,1,1,706,706
secworks_aes,0ccfb5feacbf56465402db2dce23a4f1f67e992d6890ac212f8d568c19e15357,1,1,49,49
secworks_aes,0cd6afe09188f92b8d2fc4be1cc3199a6098b04a5f42e24f4cc4227075c80c72,1,1,147,147
secworks_aes,0ceb0447c1f7d5cef309627cfee4636512bfe52005b8b99cd67a21db08f64d94,1,1,1127,1127
secworks_aes,0ceb77595fdfb364c3235fb436c3afbb91c33f64a62f14c72dc74d62a3b1bbef,1,1,1248,1248
secworks_aes,0cf32f01ea4e700d74b61887485d9514e688748013eea5e8fc68d9cf927c8318,1,1,1613,1613
secworks_aes,0d3d60a05546a922b67267fe5a2898f53e72fb0d45d9493f06a9562ba7faaa44,1,1,1694,1694
secworks_aes,0d4bef4e66d5def922c9f6da7d9ad2ba26794f6cf6ce5f6f054c204998b01828,1,1,569,569
secworks_aes,0d6e74fcc21adc2a679b5dc91700645c70ed964042c8d8c47831e0695d95e1fd,1,1,344,344
secworks_aes,0d70003d00ef9abab64e0634b83d3ace761b58fa8e9c6b00307d211b66df88ce,1,1,537,537
secworks_aes,0d7e0adab34e67aea230134f277fe27f2ccff1a6707e49907c6570a7f2dd407a,1,1,846,846
secworks_aes,0d8c67efb3975cab97c61f45189b6ec341821b0415f57b3482bb086fbb361f43,1,1,376,376
secworks_aes,0da3752677153f913dddd6c519e783d723b4810a386ec865555db64057ab1809,1,1,667,667
secworks_aes,0dc16dfe0b2c9a6e61424c50343a288202937be6b16f675736a2e026ed4c16ac,1,1,81,81
secworks_aes,0dc5dcc44130dd5060663dd80ab91b033efc311a54a244303f034c8e9ce1eb10,1,1,1207,1207
secworks_aes,0dd81e95e023322d805eb4e04d1d321059737dd9ddbe5bd773f93038b86359dd,1,1,1382,1382
secworks_aes,0dd9886eac6f8141b56f907c0055952882cbca7951c3eb5f2e4865185951177a,1,1,118,118
secworks_aes,0dfc1e508806c2baee937c92cfde46d877d3dae8c49f3c190624ceb508f0934f,1,1,587,587
secworks_aes,0e0e075a333eedc73c1d28561933d7087c3df6e1218c1131fac42408e1b8e480,1,1,103,103
secworks_aes,0e109f265825dfb822b19b9c09c13d8401db254b2d05e5fc8b9c334a0587ee6b,1,1,1879,1879
secworks_aes,0e12203c018b7a222cd03d776bfb1f861eddf708ed92a7f201584136b70b830c,1,1,1283,1283
secworks_aes,0e1308c6fe1b680c7a4c6fe305415b217627c43eae1ed3b0b47ae845a53a0aa1,1,1,560,560
secworks_aes,0e1a962b90ab95c00c1038fd7e976be8ed1a5c2ab4cd3e8ea96b8c53d030cb83,1,1,1166,1166
secworks_aes,0e2b45d676808b0286b2bbf38a446c8ab0289346717dab30adce2fa0c19c3207,1,1,351,351
secworks_aes,0e2fd8acf8522ccaa006fe0c72d02d064e592b3f1fa32444a035ef3aec723705,1,1,384,384
secworks_aes,0e4620789902573700b6dd5db048727ca8f10f9bd848c5e943ab9f5ac9d334a4,1,1,1721,1721
secworks_aes,0e6cd27c42869d3fb11f119cefcedef21c55573b8d75841de018a3c79b14e34e,1,1,916,916
secworks_aes,0e7af46e2ebdb851b100a956f0403ff56ddeb478b9152d43f0c5099b96f7c94e,1,1,1926,1926
secworks_aes,0e9c41d1f3409b45f82395d40abed5193c689cf610453690fd6f85e049543a0f,1,1,1604,1604
secworks_aes,0e9eb713b9ca79b9509f8679f33d3598c18617c103c0128f62a2e537d6c80137,1,1,845,845
secworks_aes,0ea153e4e384c51826cc47da541a244350ae9c5cb1f427e3a31b2e8d17263910,1,1,1813,1813
secworks_aes,0ec7e07b7e765bc545c88dba3ee428ee5d3a309a66a5b6a47cf9b0deb2495180,1,1,717,717
secworks_aes,0ed7c55b8319f6c59df2a4a9f874d1c1394930a6c40f1b82c129c1f262ca747e,1,1,1193,1193
secworks_aes,0effc32d52aea5b18fd26615f6c51b89eaad922871e18113bb4bfb8fdb1b9ba6,1,1,2045,2045
secworks_aes,0f073323858f841c5f9decf873af4983470b4569ea80d92420b549a95a1698a7,1,1,1610,1610
secworks_aes,0f103f4bf942be98d00aa7853345aa577a5e369fe0abcddf83296b29a6c5c641,1,1,901,901
secworks_aes,0f158a6a3261a74ce61052bb3a32f73fd14de01b2732dbf1f146527368f842da,1,1,1022,1022
secworks_aes,0f1d1b1d51612d758f78c3319c4a3e396ac354905152d86666b028fe4ce9cf90,1,1,1823,1823
secworks_aes,0f4779b4126696ecb3434c85299f69be3d76451300aedcbcb1f1016249103a9c,1,1,1205,1205
secworks_aes,0f504da9405156960cc9c75369f78eebd429d31fe4444b8bf769b631e5380858,1,1,11,11
secworks_aes,0f6d63c22f8abfec5aff17fb363ce1b49ff331e2e71316316d33e87f59750ce7,1,1,1878,1878
secworks_aes,0f78dd67b40b9eb49a5923a637ec9e1c1ed854a9ae4a45bbee6e0406e69bc031,1,1,1931,1931
secworks_aes,0f7a645dc876e47b1a1a6bd9860100d9ab7b824f8b07b229a948156039fbed16,1,1,1625,1625
secworks_aes,0f9111279d6bb2ab762d47d8bd9a878ae35b5c927aca866fe9eb1b9a43661663,1,1,120,120
secworks_aes,0fb1192738e2a239a7e23ea795cc9c392a0c506b012ce67daaf9943f8a560f56,1,1,1144,1144
secworks_aes,0fb4a720af8c417b5c5c9916686798f8c25217ae6740d7e8c7abd485486ba6a0,1,1,665,665
secworks_aes,0fd613847fce6b1b7b0a12bbcac5022a9b039bd12beabb1403ded38b6f7a1aff,1,1,1435,1435
secworks_aes,0fdad375b6c94a01817020cdce733b19f285dc6b3c4fdc5df53809a5db94d7b8,1,1,164,164
secworks_aes,0fe53483823c5db2c80aa8886849594d8318ea5b3ab1fab3a700ab38d2a1870a,1,1,183,183
secworks_aes,1006f822211f1148c24a34fd5116cf685896d6eaf24ed27d689989ef8f93a6a9,1,1,1928,1928
secworks_aes,102c6daa9b17162de8e5f9de38c3ffd384e940cabdf3fd74ccf96633951ffe54,1,1,1581,1581
secworks_aes,103f4422ec28fbb8a0a686956b006169973331b069f0d3d481493d9b742a53d0,1,1,1565,1565
secworks_aes,10429b65cc751fd022db7763502b6bb2bd465348176c2e8205b9a96a85ed244f,1,1,1077,1077
secworks_aes,1058f184fff99778c2827781f81a4ffc0f824df0b64707a31f0036b127614336,1,1,1981,1981
secworks_aes,105a934a0cbcf6dbe80b5861c14814d238ce600adff342cbc687ef1f9c4083f3,1,1,1234,1234
secworks_aes,105b96b20d9775372744c050e206ba776fbca945b80569ad3fe24ca38dabd5cb,1,1,1729,1729
secworks_aes,106b5bf10c80d496d36bb88feaf0e351395f075cda7a1515246745e6304fa104,1,1,477,477
secworks_aes,10ababf793ff2d3ee22c661207a441ed32ea225f9170cf35bcd50d505f476bc0,1,1,943,943
secworks_aes,10b11516d10cfbd2a8cfcf043d4abda8b1c110be024f00868e5f80cd2a36db60,1,1,1626,1626
secworks_aes,10bdf95164e34dadbd3ea09c9e3e718802a38c7bdb7b59607e459dbd60e22ee9,1,1,879,879
secworks_aes,10ca75171172f2ee1ac9faf2fa7b2da9a66fe57e91c61b3fc3d25adfa6be7fb9,1,1,1169,1169
secworks_aes,10dbea69a70026325e191c567cd5ae4929fdd5134ce192f726140cdce7b4f4a7,1,1,1530,1530
secworks_aes,10f8d6d634593cc3273ee445da6b975b8f70bf1386f43ba89cd2e6b45a16d15b,1,1,556,556
secworks_aes,10ff74bbfdf1b49968901cb8a3137745a8fdf50a67e447c23ca93fc46382e026,1,1,532,532
secworks_aes,110fa5e7629496179613a08fda48ea33e9963325b194fb1cea63ea61c045588a,1,1,880,880
secworks_aes,11210b6a3f7dad0288dcddd6acdf81cce54f8df9b77bac39b3300bcf0ad963ad,1,1,678,678
secworks_aes,1123cef825bb29cadca7e2fb1296a7bee9ab347361e43e9f5d31705050369d65,1,1,1528,1528
secworks_aes,112f862ae9b8bea1adda922ad08bc305c02bc08a74c7611834a84218e1f9b46e,1,1,1713,1713
secworks_aes,113154e423772d25d79d608a7d53eb5a39a9e537494a79581d6fff6f09a52e30,1,1,1612,1612
secworks_aes,118779a3517f292be4059a75e441d359ddf26692ca467bb72bbfe375d671ca4b,1,1,129,129
secworks_aes,11b67fde4e8b059de37d37b50d12e7f45e9811d0d3d5caef1d9a88e83d2312bf,1,1,1537,1537
secworks_aes,11df8c4b3667dadc8c80efee966834e017fee4e15928e753f453a3f9a34ca7d2,1,1,1051,1051
secworks_aes,1206371b259aeb5d07a941e1d8983981e7b0f419c3128871f391e34cab3e39d7,1,1,702,702
secworks_aes,12125383a7dcac336e3170130008e0ea4ef0c48d1bc5479f759e5ac7384b09f8,1,1,2009,2009
secworks_aes,122826653e6f9497d91a6ffc95c696d59275d926b445cb8af0e7402aa023a12d,1,1,491,491
secworks_aes,1248482861f23f91d96c466aabf8c304d656c51eb1a593233f309de3cd0ecf73,1,1,506,506
secworks_aes,1256b221eaabf835d9f7acf8f95312fb2b80704f8643ea4deba92b324cc12c12,1,1,369,369
secworks_aes,12577717d0a6ebd8ff7143e3548cb2c5ae171bb9644d7a36025c971d06bca8b3,1,1,1117,1117
secworks_aes,125a847f7e2038cab0a164a1bba1914367429a296c50f433ad4d5f96ffb9313d,1,1,1015,1015
secworks_aes,12749e23cdf210d2d0406a11d8d4b48a9cd8273306ad99c7ab22d470ddc19bc1,1,1,1191,1191
secworks_aes,12765cbd18666794b9d8b010f13060d2ec2664f5449eb0004fea489fdbed4c60,1,1,1465,1465
secworks_aes,127ccce1f4046b6e77efeb8d87289822747764c6bd24d9b911f66a3c1efed2d3,1,1,1756,1756
secworks_aes,1297937352336b3c14e79a75aaba9db072b72759486badea4db495883091a62e,1,1,700,700
secworks_aes,129d6231c4f976a0fa9283b88f8f87d339febaf597e7ab21cafb0e58cfc582d2,1,1,1171,1171
secworks_aes,12a078602fe6cc2898ff09c0ac8ae17cec1708a1f484fe78c3cf9e93e2282796,1,1,671,671
secworks_aes,12d25d41e508c9c3c64b08fa08fbbd96f81c1882f4db22c08866b58241304098,1,1,1592,1592
secworks_aes,12f2f2a01713952eacadbbd6c8dcff4795c7fe8694e08cd7ff02a755a1263b36,1,1,538,538
secworks_aes,12fa0fd8511f741d01c94cf9afb2b9f57023c4fc382d291ac7ae3a1fbd6c3187,1,1,1646,1646
secworks_aes,1301b63fc05eeb066fa4ef3de3401ae73ed05c1f8f473c77a33d5ff13b182293,1,1,1193,1193
secworks_aes,13170e81ff1977839d9be63bad42f10ef710977a5fc903ddd7fa2f2d53213d71,1,1,1143,1143
secworks_aes,131b2c74b0c5d78d226506a9e46a78a68860d0f131752889fa02d038079b8c11,1,1,1603,1603
secworks_aes,131fa5c6f9d75bb1e8b4f33dc5a16da50c8719e69bd58ca8e9aa926fd06fddb2,1,1,726,726
secworks_aes,1323b5af07a566c659c4d4bd101b114563294a1da038f4c3516fd264a5ff8cbb,1,1,825,825
secworks_aes,132d553581ed4f12f72041ba9122ae919150070f64cd9d6632a87a949d6ef7a5,1,1,192,192
secworks_aes,13351e154c712ed95da7a5fba3e9935263276bac3ce89e057f91a92a57d5c1a7,1,1,1280,1280
secworks_aes,13478dfb1c76b4c9554d4b8b686b4a01e9c595252fa7c717b1f88a2bf02da28f,1,1,453,453
secworks_aes,1354dec8663eebac66611d7c3ea715468993b0a5d7264b2940b9b19963c485c6,1,1,1914,1914
secworks_aes,1364e2ed86c3035b23ac7d549e9e08bfcb6b6f0bda20313b110f0e939d8ef472,1,1,247,247
secworks_aes,136502438af8db350c357997b502d73f988d511613b76cfbf81664071084d931,1,1,901,901
secworks_aes,13a0fedde0e8016317172ae006a5db072f0e562e56a8ec7c08eba81bf8d56fd6,1,1,297,297
secworks_aes,13a65ff47c84d9ee5486310ec0405fd4460eaedbc9615b404e99e663fb4cbebc,1,1,1945,1945
secworks_aes,13ad2e3c162338fbfb066a2c172e769726a39817b1d024c73eaf3bf360763a34,1,1,193,193
secworks_aes,13bb1b02261afde791086612680538bc94550fa4753ace43d21dff73c77285aa,1,1,723,723
secworks_aes,13cecea262e185797166a19c17f1d00e1885dda815fe91ebd75b9a4c73fda2f7,1,1,724,724
secworks_aes,13d06a18047bf694280503bb8216eebbe6c35509ba4b7202288429f4800bdb2a,1,1,80,80
secworks_aes,13d6b550a4c53ac5ddf2d831ff86abd2a8cb1efad09c8142b2b97a6db1b77544,1,1,1867,1867
secworks_aes,13e34766b6df464523779afee99a79ba19aa4da3f6576d3801a7e523b7e5d689,1,1,1392,1392
secworks_aes,13e38880e5b7c14b178e890aae33bc94623a8ce9f3da086959a274ba1a770fb3,1,1,1572,1572
secworks_aes,13e87be0439c1a79a256868e9ccf7d57986fe9a941f2ee65283675ea39333a50,1,1,523,523
secworks_aes,13ea46d565bc3738e2bce0ae6949c0acd6062ed6e3c1460193d90c94da6cb812,1,1,1856,1856
secworks_aes,13f5a2ee4d967ababa55e4d0208e0a141f33397c0870ce1be781aaf65bdf83e8,1,1,17,17
secworks_aes,140047a27c8e92705cf48df53281298e12dace8047faec9774dfd15e10d7c25e,1,1,1901,1901
secworks_aes,14146e88360ac5b78d676ed47ce945d0bca4edbe6910b89252751eb26d7ef604,1,1,188,188
secworks_aes,14208b192bfc6ef95f29c961264d572416f5e7dd7484c0240203a88f0b2c6a0e,1,1,460,460
secworks_aes,144a9bdcb1c8f1727058cad645ce0d7f3fba8c7c8bbd973720876cc1fbb37ca1,1,1,1189,1189
secworks_aes,1454b7d3f31b1f409992225082f4230a9a51fa3a277d4fefdec29f31599fed98,1,1,265,265
secworks_aes,14568ea3c01ac933577895e1f959b7e2157b3bd3aa23baeeae2c3eea74a9a4d2,1,1,1877,1877
secworks_aes,149790a1796a333422b31bb59a0cb9eea373a445acc894519194b67c7a8024e3,1,1,1874,1874
secworks_aes,14bfcc2a5e5ff8e4da6dd5c30fb2ad66a44b4dbfc4754f028de396299f0d1f32,1,1,1341,1341
secworks_aes,14d1654230267b3566f7d779905e9a2c41263c5f3298d3eb2b88406ec2f518fe,1,1,1445,1445
secworks_aes,14f4d7092dc2bdc6e78124e51958c68be27160d87d38c8983f05ff3bfa3c89de,1,1,1662,1662
secworks_aes,14fe0b184eaaaf03e57edf33f554ddcde63bac3d470fac3825b7ce482e06d341,1,1,427,427
secworks_aes,151001a3e4afb31276f1474349071676e81b6360b50e4f03f344daf51a6a40e4,1,1,1618,1618
secworks_aes,154bef4dcb70f5df0003fc0942a46a876361b7181e7223e28ace71be48318dde,1,1,1503,1503
secworks_aes,1550655a78b0bfa71bf2ca43920e6d97d5f454e4302a11c4ab784648c87d4774,1,1,601,601
secworks_aes,1556ec27dd096cd0f53af68360946e5a5563395582b89831fabf9a28bd4e947d,1,1,757,757
secworks_aes,1569c38b41d84c9a569d1ecfe17c4f5266c1a7871f0d3a4c6c24d9f3605e13ce,1,1,1990,1990
secworks_aes,15706df901e6710cd2c00196f534b09f18da847f57ceec2c15ce8b1a8920cacf,1,1,1777,1777
secworks_aes,1583717cdba527169e7d6009cb53d29a1d7999035f54efcf386d8b93f80b60b0,1,1,1720,1720
secworks_aes,15937eb87a171fb70ea755420b2a189ebb9cf18ce499266442d7147a61106758,1,1,208,208
secworks_aes,159a37686aea22ee1c93a64539b5db1994055eefd57b1abedcbb81ecd1c0bb59,1,1,1776,1776
secworks_aes,15d114a2bb94d876c1bbffc7921bbc74ccaed27a2126b9136c1f236157853411,1,1,1197,1197
secworks_aes,15d33b5da481cecdf93cba012c60885914fa0bc59c68b00061cb315eee57db3e,1,1,1753,1753
secworks_aes,15dc94db8264fb9dd6ae0f0c6e7d2ec35ec8f00e4c2deb7ef05917c851ac1a05,1,1,985,985
secworks_aes,15fe8e87a485b8f5ef7aa63c8806525e8c814dcc94eaa84d8a79460e63c6afd6,1,1,80,80
secworks_aes,160cb0280f70726cec9cf38c4f526ee1407803d45e350feac2b926e57f5756df,1,1,1840,1840
secworks_aes,164957af15fc9cfeac1c4b4cb20b8ebc427556a63802ccdb084f55446946f6e7,1,1,1164,1164
secworks_aes,164c0808c333fc7a580b6eedbcca97e5783c4dd7315e2c0b5f2d63807484c88f,1,1,408,408
secworks_aes,165fed38d0830925a40ff7c7422d47290f7ab23d957aa12e940a8a970e0a114a,1,1,1886,1886
secworks_aes,16652e2be83320aaa7109a565b78e24c9df1e47581fcaf4e0ad455e1d123cce7,1,1,261,261
secworks_aes,166b889205a3dd608b0940467fa0f6ad72c787c2beaf5c0bf04161527a7d8f82,1,1,440,440
secworks_aes,1680b75a093a1c7d6ff7fa994c35fdfe3e7d48518cdbe32a78230ede86a3a762,1,1,1044,1044
secworks_aes,16902b515a3c912db1fb5e2395e02cf272e423bfa9ade8de6caa57d84ea0e1c1,1,1,904,904
secworks_aes,16bd2b641b511eff51742b0528d1e225b4d81793b1783566dadb8c77fc435f54,1,1,276,276
secworks_aes,16dd2e84339bc985477197baa6645b50e4298d716cdee93b3a53ffd92339a4e5,1,1,396,396
secworks_aes,16e05fb60b32cc4f3a1c3672c48097e2f856bcec633ee1e528ac8afe7d577163,1,1,1974,1974
secworks_aes,17001f894d1730f883f5c7bcb13525447636939fbc190e63468faeffdc5c7062,1,1,207,207
secworks_aes,1704ad637fe7a5a72bf77f1c1828ad73df01fff3c7baf59d214ed2e92a53adfb,1,1,1921,1921
secworks_aes,170863945babe437a356369c1a36229e4984e1ce2489393b9b110e4e30b3facf,1,1,984,984
secworks_aes,170da7780a6c99521b58bc0b3080e23278fe9a0e0065516f5028adf792f2fc89,1,1,1376,1376
secworks_aes,171b6fcffde13f69c22b54782f4b18758e9518563bbe3eaa6349e75a5c301b2c,1,1,1657,1657
secworks_aes,1721860130efcdaf0f99d59a181dce5f3398e078cf324cf4974003f09a99c0f3,1,1,1419,1419
secworks_aes,175a43bd3296dd8a9a63b0a1c7290b76d11d79bd2861be0ab50bcda58913dd64,1,1,326,326
secworks_aes,175d1a610decca8fd64d5521733f633eec5978beffebda1392c11c959f4dbe35,1,1,483,483
secworks_aes,1762938b786f9a3b5f5048a96041c2b53046f2a903b573eb0a352f0921a4b33e,1,1,349,349
secworks_aes,177c67869ff05af7bf5acd5ce66c096714a76ed983195a3beb6aef7891497df8,1,1,1736,1736
secworks_aes,1782a00201c7df26d1a0cb02322f40f2fda2917c0d073b94bd71ed463023f9f9,1,1,234,234
secworks_aes,179d48ffff39f47edf12c2ad0b6ba03cf39443b814d49665a9dfab4ad81e7f28,1,1,401,401
secworks_aes,17b924a3c781af8391ff5ccc579ecb680b8536430745c1c949ee052edfef0911,1,1,1858,1858
secworks_aes,17f24cdf14563d55fbc4721c539e30413962b20508201e7e87305c72fa0a1504,1,1,1327,1327
secworks_aes,181622ec0f837829e6ec46238784f78796f81d89cd054bab5ac8869307cdd35c,1,1,951,951
secworks_aes,1836579bcf06aa775f10090e2608272419eef28d3f81d1e5b8f7bea25ca8ce7b,1,1,1302,1302
secworks_aes,183b41cc0a29d6cc84c0347d346e7aa6b0bd6c1513748a47f0983e7bf5311167,1,1,1782,1782
secworks_aes,18452be9fa44d1d431ade4c53e9c4988b4f21b5f0977b5be11ac29c5b7f33998,1,1,127,127
secworks_aes,184c53395b1de30b2596c64950b63c13f88c1302615a959cb0d1d6c3274f8cb9,1,1,1588,1588
secworks_aes,1858037eda8fd1e6ffd3b110f6174d6ba2bb372993864b1036bd4d406f815655,1,1,1532,1532
secworks_aes,185e13efaddebe2471536d8edeb674ac5c57ae59ca3e0f88bdc09f3705e060ad,1,1,894,894
secworks_aes,1861dc771069003d42441067560fc36be993d6283a58f1c22a184cdec33fe319,1,1,1415,1415
secworks_aes,1864a56e07a12502b127eb00489feb28f72ffcbdb2b429f68f420226cae6d194,1,1,460,460
secworks_aes,1886cd0c82d6f4bce40ab0c2882638a1f9961f8148a95a93184e72e34da0d70e,1,1,1845,1845
secworks_aes,18ae3bcec2ec42c7467185be4f60a7d3f7ed4d6caf912662c950563759ab128f,1,1,903,903
secworks_aes,18e522dbbd70e5607304d1ba376bd45a25aa487ca129c9ba018ef0be519c1b7a,1,1,1165,1165
secworks_aes,1907547774214bb1ad6e8b3614e505674e84389d4169ad6eef69eb321da89304,1,1,1553,1553
secworks_aes,191c4e70edef009facfb69413c6330290c47888d438ac322014f8ef6ce398db4,1,1,1363,1363
secworks_aes,1937e142333cdc7a75e3ff42bb605fcb3bfe310aa4dd8c892c71e2ed9748ae94,1,1,1054,1054
secworks_aes,193f7661c00f879bb650afff9f69279720e198047f01fd7af2a81c351e65ed17,1,1,967,967
secworks_aes,195896deb9b1d8f3262379211fb7dc825ae72d3b0416672b43fc54f95f760f84,1,1,517,517
secworks_aes,195b15b357968b0e65b73490660f89e3ad698f7655d5ffacb6d7287176eeb837,1,1,1708,1708
secworks_aes,196f8f4aee09a1d1ecd4b0678460994c59a4c2213175e4387125e7c6d7b51368,1,1,2027,2027
secworks_aes,1978e1268a4dc8fbffcf961a2b1e7407fd087682f699bd3ff0e43b9835e60ed1,1,1,1217,1217
secworks_aes,197b026fdf8916ea41fb3d52a3dfee99cc0f265823457838e89e0a44271ca20b,1,1,1205,1205
secworks_aes,1994db0de432b7d24b09320c51d7c1d661121cc4a60b3c2f8840ee5e8da56598,1,1,172,172
secworks_aes,1994fed778a4b7bd63de3299a60075c3b773b6f87daaa8ba2ca0223650d6b30c,1,1,1909,1909
secworks_aes,1996cec6fab634c98466c06f76d26b067c1b00ed47e8df751077a307c07692d7,1,1,368,368
secworks_aes,19af9b62e92104ca3522d2d043b91cd1a354870d940c51b46dee20dcdca11431,1,1,311,311
secworks_aes,19b22922d979bf27ee181452e4556229b435862817100eb185458329a566a503,1,1,303,303
secworks_aes,19c3d124682694dac2cab5b5e9170a06e97f02e378f7201f3e0f73c47c11adaf,1,1,1955,1955
secworks_aes,19ccdd48bb0eb6055d71d828fa64967a1b047eb12b881d1b8c03386f33e39a5a,1,1,664,664
secworks_aes,19cdb355047309e922f54f36ecfdca0e1060996d8ca2baec1c9d2fc3e24bdd70,1,1,1518,1518
secworks_aes,19d50843a865626673984678e3569cb7112799bc8bba3b2afc32151b5d872d8d,1,1,1870,1870
secworks_aes,19eb611fd42997cc643c824db4a0b0bd3842caefa5732578c4fa0b657fdce2b0,1,1,1525,1525
secworks_aes,19ebc9dd74c58beade867f648d90a32eabc7b8e348341eb8942d790f110cb667,1,1,605,605
secworks_aes,19f6b264b7c3256038f4408e7537400073b57d30dbb95b39e86de4160f417234,1,1,1648,1648
secworks_aes,19faa209ca560916c3928392a16ad1e9646b7acdf3d741a1f09059ae7743a520,1,1,571,571
secworks_aes,1a0e8ceeb8b752c43ccf7d67f61d61a352ba78d0abf9006643407686dcf06163,1,1,420,420
secworks_aes,1a323d8f8407f951b1b153d78c5a4253531d572d0d14bed31727a7917a7d853b,1,1,693,693
secworks_aes,1a3a0d9182cb6753d82df5997d64f85b1e04f24c9880f875eb533b5b8f4d64b9,1,1,922,922
secworks_aes,1a6101c6429aff47d53eb8741d3832479dbb13f535ea76e5002957d9ac911d57,1,1,403,403
secworks_aes,1a6121a3dc3cc1b2b4f3023e1fa680df7d369703025f1559674e65a455ec9720,1,1,1628,1628
secworks_aes,1a6a511b12520b8e11ab268a3c67564908d1d1dddbcb5aa4fb4f851c43db77eb,1,1,1051,1051
secworks_aes,1a6f5ac1d498b3be10b18a8dffa7cda8f44bfa62c83196fa18a7386feb6b49a8,1,1,1927,1927
secworks_aes,1a777f3c522d08a8cfb4dccc9ee29addc9cd0ac7c22de958b57c1a511a9a9104,1,1,418,418
secworks_aes,1a79b0daff0ed44eec71bd287e5a023145710dc0fb405005e133941638e5d817,1,1,1065,1065
secworks_aes,1a8f16649ba0542c7609639df2f67e74480044b9d8e911c605576246fd5145a9,1,1,860,860
secworks_aes,1aa6aaf7e704a0f7db936a002b8285e3312eabd68846ddac9be9d7c8ac565c5f,1,1,1011,1011
secworks_aes,1aa6f908021d1947127677e3bfa595b84978b43ea99f3c3cd7bef584e0ac7fbc,1,1,1935,1935
secworks_aes,1aec700cac7dea8503f63bd37b6edd2c771b460d0610714ce2d5699822c43fd6,1,1,749,749
secworks_aes,1b068affb891befaf8eaf273f3455da19402b28a4a9e17e1f69c2e0495f9e52b,1,1,641,641
secworks_aes,1b0967c31839ae36c5344edf796a86ec7fbf265778b48ec0e974696fe9d93768,1,1,1287,1287
secworks_aes,1b12f2a6b657e4e1b89f421362c4a7a0094532d9789d90e4206c52ca9bcc9859,1,1,1942,1942
secworks_aes,1b28a274ada30b52df2bbdfb4e87ffca63405806944e15243801089718cee66f,1,1,2006,2006
secworks_aes,1b35b1dd583acb55040a99ac87a64a01212f441ae111c5fd61b53e51456654f3,1,1,1437,1437
secworks_aes,1b39e2396a59dfafb44bd6a2f933da50a3a309729a5c49664ad3ffa0327489b0,1,1,32,32
secworks_aes,1b80876545de47792ce37ecd87c7af89fbfb8e81d58f86b1de09c5c3a78e95fd,1,1,372,372
secworks_aes,1b83d34ea69e9d3f32969cf3662f3f7124ccae276df3b742cf2b4cf9e65ad45d,1,1,1180,1180
secworks_aes,1b8b820a300b0c255559a5e0d6c5bffc254491216607bd63a00ed191a792a2f5,1,1,691,691
secworks_aes,1b938586f0080ab6185b54ffd6ed9de273f7f34bf419f493aacf50672015b314,1,1,473,473
secworks_aes,1ba3664412a95510ad86bfc6e6c7a76f4dd6238d981fe2c7a32be099d455a933,1,1,1578,1578
secworks_aes,1bbd99c9957834dd5f0f26f3a492831841ff265ca56f61cee97e7d804188a4ba,1,1,1050,1050
secworks_aes,1bc0d2d0202d25528d2425fc7b08e30f4071580ca318f4b57e3820d6f8b88acf,1,1,1472,1472
secworks_aes,1bc8af14cfad26d0b2acc1558fed9dac394aef174a0419b3e297ce41ded48d61,1,1,759,759
secworks_aes,1be8ebce03c8dcf939676325093611d2d73ff9cc93599def78d2381b7e85c40c,1,1,795,795
secworks_aes,1bf7f521a6ef9730bbbbef3ab04c0eefe2dd167fe3c7201eeb693f642bc7f2ca,1,1,1506,1506
secworks_aes,1bfd772d3f543e462ced90ae8dcce3b0a23dd0045c605cea47c7984aca68c43e,1,1,970,970
secworks_aes,1c082c0ecd21cfb88c4c7312f8b44f06079e86cb64337837efc2840776d43e8d,1,1,1055,1055
secworks_aes,1c14766e9f74a5d1f6e292b77b2d2c96819a225526a36465078d41441379128e,1,1,1818,1818
secworks_aes,1c423929ba4b2d1a002003c839e1e0e1b9133308ec87ca3b3c0dfe07b6133d99,1,1,1987,1987
secworks_aes,1c519f8af68b36eae54b3c82ee7bf7225a49d7b06c4332e800f3063eb96b5a77,1,1,688,688
secworks_aes,1c51ba1bc5959c3d91a580c17c1ddeeb8dca1a3d0dff33bec035f21f7631a9dd,1,1,764,764
secworks_aes,1c5eaf7d5bef9232794ed9dee4126f4ba8101e3e8396c84aedeb38767ed64dcf,1,1,674,674
secworks_aes,1c6c87f4be32295bce04694cb96bd04c21b671d8dd70787260a6371c9da65510,1,1,1240,1240
secworks_aes,1c8a26dbd9d1ce60bda46cbf76c28f3a613df0216aaddcb8d8282b75161bb553,1,1,1538,1538
secworks_aes,1c8e60744d304ac52dbe30936fb907b1eaf293f9cac49c6afdd00c3429dc30b0,1,1,1843,1843
secworks_aes,1c98d1ee75f16a5bfc65357acef4544a1ecd35e7b4c911d2bf28e3b603e8623e,1,1,981,981
secworks_aes,1c996819b2cce3ff2806ef3f491bc3b220cf7ae7eb50f5c2caf796a4283dd168,1,1,2037,2037
secworks_aes,1cb92dd50be4076070db3e9425fb841dd935ac870a76694a18b522ced94e2adb,1,1,1519,1519
secworks_aes,1cc1c17eeeed489546a227304d873b5035bfb54362b7a838708bb597dd95572e,1,1,1877,1877
secworks_aes,1ccb1db5e72a4961b40d478a98b85353b4fc34009d41c1c7a2355037f401ea5b,1,1,1658,1658
secworks_aes,1cd1d3440de7182772dc8e65490036e194121ae0e59c686f4c2d10b934fb1344,1,1,2038,2038
secworks_aes,1ce0417ac21e66b75acf911bf37122e72d1fb137fad896c45878498c933da63a,1,1,524,524
secworks_aes,1ce9d0df8fd6a18694b7058e04c170941d6f187748ab20ced242b74b5e2803ec,1,1,1730,1730
secworks_aes,1d0c63ac166742be503b9190db8e48eac2e35f92927f56cadd46e4d90801bd94,1,1,586,586
secworks_aes,1d10a310e004292ca61f8be3a096e3009f016c85c18c045bb61e1d562c85186f,1,1,1142,1142
secworks_aes,1d22f0619a05fcc30e784413337d9203586f3533e4d59e777d3cbda0006ed062,1,1,303,303
secworks_aes,1d524009dfe3a96a768111700af9bcb08eb68308322dc6e2ab79bf3e8d57ec79,1,1,490,490
secworks_aes,1d75c57b2ddb805a523a1f6081891a79ac99b922f539643a7a128356951c3479,1,1,1401,1401
secworks_aes,1d87a44c6b5ed2db50dc19d209237f749aa0ecc11bf4500b85f5e9d44279fcb8,1,1,1924,1924
secworks_aes,1d88d5efcde1fac7652380d48dee126ba13ff95ff4693093cc94d821ce9448e9,1,1,983,983
secworks_aes,1d8ca964aabab9297c6d859cb9f94e17dce48899ec8b63cffd715468ee9f301c,1,1,1894,1894
secworks_aes,1d8dd125eb7e2dbdd854d40f789a9919188950d2d6ca4b9a158843e151f185c2,1,1,1087,1087
secworks_aes,1d985e36b23633ad3b5413bd513b0eefff81f42dd7a65da78b4cb80b10a7fc4b,1,1,637,637
secworks_aes,1d9a744cc01699d34f30077b5c8905befb56711ab271be0534b2898543bd9a46,1,1,1372,1372
secworks_aes,1da9192fd9b35cc9dd22a8eb43588fa7bf52f5dd9503c61de7ee398de589c0ac,1,1,1710,1710
secworks_aes,1db3c96a9af4ae7486033b68ab5fefb4dbd7421a86fcdd775da9be4aebe48480,1,1,556,556
secworks_aes,1db73501fdaef532afc4495e3008e456712a7a362215e2fa6bbaede6f699f136,1,1,180,180
secworks_aes,1dd95a359210af408bcb6fe1af5f4136f8f57677277d9dc3d7924cf52f473667,1,1,244,244
secworks_aes,1e1446bfae5016b83051844ee51291343170451242333b16733c10db1bd9eb48,1,1,1752,1752
secworks_aes,1e33e1c6f089a9096330194bf3262ce0f5a811e9b8eebec39ef9a001f4533513,1,1,1536,1536
secworks_aes,1e3933acb25abc82a1a7d7df3ff6c5b9ebd3d569026af5739553579cf251433c,1,1,1799,1799
secworks_aes,1e419df35675977acc3764c471c5e35b4691bdd8ca456e58dd66d57730a6f10f,1,1,429,429
secworks_aes,1e55afb17d417a97d61c5c323ed6a71957ec1479725f18a91eb63be3985ea30c,1,1,167,167
secworks_aes,1e71692c97b3d286ffc8ef35f98a46d8bc509d5ea85dee2420eeb6b2d57c27a7,1,1,1154,1154
secworks_aes,1e723817bbc366f1a75f7056ac67cc68321e14c6f3892d23584f8a91d62f9f85,1,1,1691,1691
secworks_aes,1e74e717ac22f5bb4c4a16aefd493c5a9fd93ec22877cd588fa3f9989301607d,1,1,1944,1944
secworks_aes,1e887c975b73a9e053d8ecf728c6f245de2ed822b65f36fdc2d80664bdf72ca0,1,1,78,78
secworks_aes,1e94ede1a6c790916ce26e8eb4077e4a2adb0b13eeabe6353a972ccf9478e2ea,1,1,1406,1406
secworks_aes,1ebeb5c27f18cfdf6e6011ec63c176abb3c0a05c1243d2cbe4494668b143c113,1,1,1556,1556
secworks_aes,1ebf15e768c30c37fa0f951de43b856a1a6cb3622a221e5fe0a75a65937c8401,1,1,1454,1454
secworks_aes,1ebf61144fb02b303ae59a7db20d957635321978289e432e74b6ee7df7d8ded7,1,1,1475,1475
secworks_aes,1ed217a2327499cf494e5d62ec55ec07b8fa485ffc7be5d8da9ff3be4f6e77c3,1,1,1811,1811
secworks_aes,1ed5a4db8e179ace7bebc8f3770f62d334f6ee37ba79ecaa29c59f175d0e8b27,1,1,823,823
secworks_aes,1ef6a37f7e001e83d5f099340f69e767393ac3d6daf47c60950dd84acfe8a6c1,1,1,318,318
secworks_aes,1efe10792e77bd7759b08cf656ef096ae5c943bc6c362a7014243fbc28fce956,1,1,1687,1687
secworks_aes,1f1108548dece90b19ad643ee77da718ace352ffb34d9ac1216884bf31006f4c,1,1,404,404
secworks_aes,1f1521808a2ef30405dd3b507052b908f36103e48d9d774c325df5d98ccb812a,1,1,654,654
secworks_aes,1f1e45e5ad88dd7b705c72610fc9ee3841613d533bc0dc23465156bbfe59c6e0,1,1,887,887
secworks_aes,1f2f9c36124feb0bcd4ac03bd168a6208bdccf37e29e13c18d720b78b0c75384,1,1,153,153
secworks_aes,1f3b1d69cb99089d13f7b99d03302a3b17230cdd0991dea0c8891617fd389fcc,1,1,145,145
secworks_aes,1f4ce5df286b9df560c166d762385bc65a94de3e58de48a478e67adae707108e,1,1,982,982
secworks_aes,1f50d25910036c3c898c9137f5273f0813f85d575227a5f5da61950a95923284,1,1,1582,1582
secworks_aes,1f6726deeb8ee6b618f70908b4d2534df01cd70c3787cd7d81f2a6ea9a08f9d8,1,1,1955,1955
secworks_aes,1f7127dd425f90aa3e84ebc265651851a67756cb0b9f45d6ba33049f94e92e3d,1,1,246,246
secworks_aes,1f71350fc0bd16f7a9015b3d8be3c9683114a1657c05f5c82b2d7cd169e0a81c,1,1,932,932
secworks_aes,1f8dfc0785157e539f13865d6a1ef6cf2202e77717dc6bc416348cbd2c709c3a,1,1,168,168
secworks_aes,1fab1cd2e3396d7f8809e2619c906ece71389007705a30f43dc36750399c9c3e,1,1,346,346
secworks_aes,1fb9a70db015ee1121a72344194c8fd3648bd78bb37ef5b10c1964d41fa7861f,1,1,1969,1969
secworks_aes,1fbd793870053ad70ce8f56670f968a674fbae08dbae2f71924bfc8555f63268,1,1,362,362
secworks_aes,1fceea8bf60673b757613506937399ce9e43225045d9a7d0e2b336d91911fffc,1,1,942,942
secworks_aes,2001b110419262e946092a8fbb524497ec1162736ee7e3bebc521609300385d0,1,1,849,849
secworks_aes,2016b62ca70dbc3e088043ed5ca1674691709baa9a06b513a029dc4384316655,1,1,1812,1812
secworks_aes,2037423eaef5fd4ea36e1057e566826d89078a9b992c024e7061243d467e7f9f,1,1,1391,1391
secworks_aes,2041f779165ab76fceed58f255ce05a561e8d7b817e34ba41b17e06e38fcfde6,1,1,758,758
secworks_aes,204235349043b18a719374b5f1be0346566d36497e7397b1f978fb4a2a20ba64,1,1,462,462
secworks_aes,204516a9d868bd089184376ecb19a4318e16d1b7132859c66c07495a2b732856,1,1,1798,1798
secworks_aes,2046cd895389ebd91f0cf3db9886ba96db756338f94e61c0076b76fe99aefa63,1,1,712,712
secworks_aes,204759083107a92c78da18d87e562f267901e30563644e25d4accf414047e547,1,1,88,88
secworks_aes,20497525de4b4d8ea2cc2b90b761040d55eea0e43c7ba6c753748ec4e91816de,1,1,1880,1880
secworks_aes,205dafde31927decedab1ad41b223ee80a1197e695b5643ba2780341d681d1bf,1,1,1785,1785
secworks_aes,2079470b340a5a4753b2896bb892841003aee2ea0159227164e1c1d1d66a3c14,1,1,10,10
secworks_aes,209e4bf10893e41619dde3d977c4f4c240ca6a8f66cc03e0965d7fcef2ae619b,1,1,458,458
secworks_aes,20c45d219b3b38aa0edd696a1d45a6b001627be020ff14250a6d8dbd0a4f13e6,1,1,122,122
secworks_aes,20cedd2516f864a95191d278b6c9bb07b0f77289ce99047f0b869ed00d1370d7,1,1,1734,1734
secworks_aes,20d120702770bb7c3e6d3f4e8fef6df5f7fb2170c933740b94f9e6aa6aa1d6aa,1,1,1740,1740
secworks_aes,20e4a4d86a505b85919578057aeb2fe4f24b23559134cbe6de6b53efcc16b601,1,1,336,336
secworks_aes,20f0f3fb386a1bfb9b85c6fe07244a1b0f0266eb6ba8347cdbff7d06ff0fc681,1,1,476,476
secworks_aes,20f12486b4dae48d5bef94f2cfeed81d1052fe36286bc65f0a893b611c772c24,1,1,469,469
secworks_aes,210680d170ad5528b8da4e5179c1dca24b803b30c8d0af085625b93e276a99f4,1,1,1961,1961
secworks_aes,212699e4619d46539da5d59b4694525d1650dd4865e6fb314c4ed92cd860c3cd,1,1,470,470
secworks_aes,2136cf9c1de586a254541ccaeacab15b455e2157e23762283630a0ab00891780,1,1,461,461
secworks_aes,213a7e27f11ddb7c327409fa8362945a31954221ddc3613531e0dd757ef6771d,1,1,840,840
secworks_aes,213de5bff728cea214045250b542fd5e7cf58d941796cca21f7327b0f0ff42d0,1,1,932,932
secworks_aes,2168d555a627fb0f6ead871a4bda4e9da9148804aae240beeeae3f751fe2a0d1,1,1,1056,1056
secworks_aes,216da9df4ea48285c387e019a6b0c9639907893cc5b35d4026716d6f1b203b77,1,1,56,56
secworks_aes,219501275abd08223c56fb3add5ace783285cd969539018e4a6647d4373891b7,1,1,524,524
secworks_aes,21a25f83d850377de30728eb79f3d69ce075ff2873328e9f3b46d2a447c85330,1,1,1568,1568
secworks_aes,21b4ff11f2fced228e4945e2513f3ded8ded26a1f37ecb5e3a7fcefec464efef,1,1,1602,1602
secworks_aes,21d51fb6ec4d39c7830cab2bfb085e7bbdf300a4fa822816c84f1ae42fea5323,1,1,474,474
secworks_aes,21d7acb80187282264a230d4c00ed2614c05db3262ba071481e0a0df4004749f,1,1,92,92
secworks_aes,21d7c30f37ca877db50a680fc92241f822d979cc10c36225e5a37a91ded24e4a,1,1,315,315
secworks_aes,21e3db40ec7804098564b751eb168f0d2ba319ac15251d067eb5c581c6c02f71,1,1,1148,1148
secworks_aes,21eaa11741e8c0d1203c0bf97a2ba5dc0d3103c6871d80f08565a6eefbe03602,1,1,166,166
secworks_aes,21ef205fd843a7bd01cd7873a2b4d4af1d07aa8481c0b784b8f69c37c7777db0,1,1,1158,1158
secworks_aes,2204d2fc6c9338ed36577f46fb52341320f23ca067c70c0a0d723a8773318e2b,1,1,1297,1297
secworks_aes,22051c0d97cc1a733ac3881b4bc0ef23d83174fae041f01ffa81413b4c82a59a,1,1,878,878
secworks_aes,22163a08586afacc2c781af4ccb3d53400931bb90a640742272c14fbf76bd3f1,1,1,1747,1747
secworks_aes,2222b616a6defc55cced452770c03effb272b9647a2dd2a90427fd7a955452e6,1,1,1163,1163
secworks_aes,22425e7b041fd0be1d81fce7ce8054abf9f1b63732ad9b8349f6315db7582938,1,1,1281,1281
secworks_aes,22470a15ebf243a35428d6d9bcc478b0084ec179079c4481541ae25626d33244,1,1,267,267
secworks_aes,2259521e685814b087c3540b658cf8792976835f3fb6f59a9fc598daebd87eea,1,1,1901,1901
secworks_aes,225e5027dc247188de3c599cfaedd228c3f690de295bca80614851ae4dde6ba2,1,1,1191,1191
secworks_aes,226ffdd0ed9799659f8ed17ba096b3c4ba34f5c7fd49d63123eea5955215236d,1,1,1423,1423
secworks_aes,227aec163d297701d4e2a03c226046725bd4acf5faa98c50d72bf33657287f59,1,1,1591,1591
secworks_aes,229011cb51eb429ce61ba4a339e8467c3becc3ec7daae7f7a91cea7a62149bf7,1,1,858,858
secworks_aes,229946aa5e2fc6aac095d168c514a62ad7a0edfb079f240edfcde5c355e0ecf5,1,1,651,651
secworks_aes,22a3d237a7423d716bd36ae724667dfd72fd1082006969bcb42c783257c73a94,1,1,804,804
secworks_aes,22d211c9342e717f9b96350e0365c24dcce09edba17025f438c7b1cb06d06786,1,1,1678,1678
secworks_aes,23087c7e7303563b65ed125863fd4a44fee38d0718c65acd366585ae5e3eb3f6,1,1,871,871
secworks_aes,231732d63baa143021520f59ead4d587a5407a5a941b3246ea857d2748ecd688,1,1,1127,1127
secworks_aes,232844676e341311c5a25a4fe3769c6cc7ef8e15961a52440aec514c299b631e,1,1,938,938
secworks_aes,2330b88d88689752c7d2cb3f64b8a6931688a46c58013c33630acf959a250b6e,1,1,1311,1311
secworks_aes,2331874a59c6ada73a468b1b79dd197ca0b5c3e0cf14ea2a6a2249b10f331348,1,1,574,574
secworks_aes,23408cbdbee8900a86dae2e1042db26e76ab4bd782420dfb44054ace57d289e4,1,1,146,146
secworks_aes,2351b208375565697cbd8afbf4ad14cda3a66874eccf594a92d433f3f83c4463,1,1,1396,1396
secworks_aes,236b003100a5e8acedbe45e224e95f2c49c29097d7873b99525781d79e71e941,1,1,1411,1411
secworks_aes,236c0b8e315fd23951d82ab7bc30394c62daf28d06bc91f95b88876e634739ef,1,1,642,642
secworks_aes,23745e4bf248151b49d985a5a078f5f56954e916bae55195336667197d81c8da,1,1,1010,1010
secworks_aes,2383fff2f1020509287f99d827eaa21a86a0e861365e7f0d4a4e3c72522728d5,1,1,1188,1188
secworks_aes,238ce9127c32d0bec9cbc051dcef0c2d110ee4663f0232f975d94a9ce9a4011a,1,1,1231,1231
secworks_aes,23a8b8e288162b7006000d11b313de6d616b76044793dde946176389ec26f102,1,1,1736,1736
secworks_aes,23bb69f20c71f15756f708400f7e56d5e22121f93d69457b45a12f192ce71aac,1,1,1645,1645
secworks_aes,23c3a69a092578bb9f0346bceda14740b4fa2969bdf6c887d1a130b63c1484b9,1,1,699,699
secworks_aes,23c7abc33ef0219127828628799328a75b6629ac8796567fb5d3a0da1efbd70a,1,1,1203,1203
secworks_aes,23d2735acc3e738b843967df30a42d8d97cbc34c716c85dd60d0593ce6eaf956,1,1,991,991
secworks_aes,23d29ae2b51d245f9ed3af6f1342ad488235f50a0fbfe7e15f29dcf1a5eb9acb,1,1,628,628
secworks_aes,23fc81803c8266f4e109a061d649c4f858825a167970f5c2496eb133dbd6d5e8,1,1,283,283
secworks_aes,2409f5990defc55c38904583e31e813063ecd302b59b58570d52ef801c636210,1,1,197,197
secworks_aes,240aef7416c98241c4b961abd78487e93fe5c7f2e51022ee3210f7c6138e4d08,1,1,799,799
secworks_aes,242754129880a40db4c2331d94cb0f2c7d978e87496213203b3d7bd1815c1b35,1,1,1275,1275
secworks_aes,2429e57ffc61a2396009e57a6ec8681033820c88067510984bf2d5d5e2255dec,1,1,52,52
secworks_aes,242f3406d190311772219622d1ad44cedeb464d6803afd17f7e7a5b6e5f198fd,1,1,1203,1203
secworks_aes,24379c35d745ead933c407b8217d71b93760d54ace5ee85922cee7ff60c76c6a,1,1,1351,1351
secworks_aes,243cc948afabba2590d59813386a921d198ee5bbd8b4bdce07f57d4c01a32f1b,1,1,298,298
secworks_aes,244d81b3ec70fb01dccd695b9b7122af9474a2b5d1a4caa55edbbc8dfb160b2d,1,1,1018,1018
secworks_aes,2458f67aebbb5fa5a471eb7a9e9b186ec3e9fafce721557bb204c76d06e641be,1,1,1189,1189
secworks_aes,245c233b07f64def6a4d34815fefbc9ee614d156c9d2dbf636c6fac188243e7d,1,1,218,218
secworks_aes,245dac367166993df4dfc1fbf1da2eb9a7024c8f0d9cbdba77030045ee4a9812,1,1,167,167
secworks_aes,2477f7b8efbaa37c72ae26b38b425f7890d5580667e091812a7016541706a269,1,1,1803,1803
secworks_aes,247bcd54b420e40f41ee7665858b1dcea82ab18f86c43d4b57432dbf9e4b3921,1,1,1958,1958
secworks_aes,24a715c9d3515f3ed48ee048a5611f12307debf4b7dcd04b421e62b9393327e3,1,1,1471,1471
secworks_aes,24a762b272893a9702b1e951bc7127ab95e1846c70a2cd3c5604959e8d771bda,1,1,494,494
secworks_aes,24a8daff14adfa5b1da1ddb8702613ba11f8bf77e28b0b46e493ca35e01a6ac8,1,1,4,4
secworks_aes,24b47d55401e2e09e91c356aa439105906599bdabfc316356f550e1874ef8cf5,1,1,79,79
secworks_aes,24ccade8101cae98c589ebdd82d9e541dc6133223f87bafd4046ebc614b49be5,1,1,1462,1462
secworks_aes,24cdf8d92c96d453fba018984b63434cab1c75be70cc5edebce07cb8eb3e3ab3,1,1,331,331
secworks_aes,24ddc8e3fab2b9fc6d358e8d28ddd8d61d1a65a133feba95d466c8cd1c07d54b,1,1,1839,1839
secworks_aes,24df367ef016eb431329402384e1809a6222a552f84c5c72c9cc4b627441912f,1,1,271,271
secworks_aes,24f0c2159a68b755c60da44e4fcae76ab2ee9c55759419f53d835f05fe190f10,1,1,554,554
secworks_aes,2507af19fe8262b03fb74ddc09ff09268df7ce1d99af1ea13e4703b6cd88f7a4,1,1,486,486
secworks_aes,2510930fcb8b9a83332c457fd5ab57efba7e0f3037eb7a500c6ca6b5790d9015,1,1,938,938
secworks_aes,25160f959b44daf803af662e998c96dc648da7cc109435d40fcddd91b48220db,1,1,1259,1259
secworks_aes,252d7a176516ea47b6e48d341d01bc8f73caeef725ad1c0ef4aa3f7d1ae20afa,1,1,910,910
secworks_aes,2530f89cda26f782da1ee4f4c17012e8e3af5735aa87dcd9b61e0cde18a0974a,1,1,1235,1235
secworks_aes,253481fd4998669e584673729627fb16efce83b5916d053947ddb82e26988e72,1,1,1047,1047
secworks_aes,25380616ca2417857f5f244deaa3315d00bc5eb0185ac4a29d3cf400a56f7f43,1,1,807,807
secworks_aes,254bbeff59f774a50714d6b01e3508c332790e6b25bd0257b6415a7b2aed459f,1,1,1385,1385
secworks_aes,254eedebbcf6a0d91432366996b8e61ed9cbd37f68081386f85ef90d7acbbf32,1,1,404,404
secworks_aes,2558f20b700e3af0ab980939367c561a5ec9e66d1b9abd2718530f7ab1cd6576,1,1,900,900
secworks_aes,256701495a6e42f131a76647a727253714944bb77038a14566f055f20e8450f3,1,1,27,27
secworks_aes,2570b68102a1ac3547a44bf9b9ce9262dca53db5aa938890fccc895a579dc657,1,1,1594,1594
secworks_aes,2577851b8c15972acc29cb7a07ad867b7ccbac933c4a66080817ddfe15d74983,1,1,181,181
secworks_aes,259becf9de1ab5b17b4d5ead0edfea7b864a61ea0b14feded18ab84ddfc3ecda,1,1,1570,1570
secworks_aes,259ca7ec8d77564182ea37c51f5fb5a343eb974159646eb06d452e5d1e8f9032,1,1,876,876
secworks_aes,25b010facace9a19df1a8d18c2ce90480270eec4e3b69969bf63bb8ccb2d0c0e,1,1,213,213
secworks_aes,25c0e763f829eeee428dd6d0cadaffc079eec74c52ed3432bbc98add7b9d7ccf,1,1,890,890
secworks_aes,25d09889a21a7d9f90db15255b821a82c393925204232017ab8441619099b7cd,1,1,469,469
secworks_aes,25d41cd33fba7feee795dd4eb2590508b46782824dffcc0ad439754a5e3e5e8f,1,1,1694,1694
secworks_aes,25d8d07f42781ed1ae23b8c042fbd1e4dd732563d6b30d59bb395aa64bc832b5,1,1,1775,1775
secworks_aes,25f75f07d64d8b41ddbc64272bdf5336d1e32529c5dbfb1d1cbe623c3d4439e6,1,1,713,713
secworks_aes,2613df4337b879f99eb5fddceee1430bb086da9165ae00b163a4802f83672947,1,1,1403,1403
secworks_aes,261fafe5e3401143f7dd06043f5be9dc1b3ef6a944f4e9abbe0f30e3b997e0dd,1,1,757,757
secworks_aes,2623d12f3f6e8103bec1442823501970fc1ca5eb5adcf130858beffdfff79778,1,1,160,160
secworks_aes,26269c47620689c341bf9f630696fef9b0703ce5a7850a669148f962e97ff5a8,1,1,1247,1247
secworks_aes,262792ca1c9925e2f4583f2095c7bc3be425191f386cc50a7a9188220bdc00e8,1,1,994,994
secworks_aes,262c8b10ebc4473efaedcb0dd37977939b12423275a2a6f2a4baafa90a67a775,1,1,1883,1883
secworks_aes,2647efb42e3bf9453cd47109d02093e4a059d69b532e02e5ef640815ed85d77c,1,1,1631,1631
secworks_aes,264aa2829e5cb26afe14c4fd44d58c0893828589aae320954028c46693d735fe,1,1,1766,1766
secworks_aes,264c9082ef4d04bbb4bae218ad80f1f1a6cdd45edb362a8f0254ebc5778d686c,1,1,281,281
secworks_aes,2657ad83457d0eaa93614677d828ca82e21e70c1206e2657f1296f335b43f86a,1,1,732,732
secworks_aes,265d092abd6db31b8612931efd91269c9af54487e0972aa27b7682c2413a9cb3,1,1,184,184
secworks_aes,266a633c10282da628b0813b90caf9c56528d725079ac7bcb29cf54bf17ae228,1,1,350,350
secworks_aes,26724c6dc26035a72d89f2831b2ecdc4721317991976c79a60e0722a1b40da97,1,1,2001,2001
secworks_aes,2677b3fe75e3633bbf95dbe1b50c23d50ad6c1092fc4c3e5c9cd4fb8159b3874,1,1,1621,1621
secworks_aes,2687870f7dd087f4f6d77845a179c6eeff31b53c8b7cdaa7977a6b079469242d,1,1,1078,1078
secworks_aes,26e3604e6b2d2c1030f014aca532120b7f21e7d12d85762fbfde7799733ba246,1,1,226,226
secworks_aes,26e5b274cf967b19bf6cb8446c51a3e575ad6e33f789166a422d6f4e50c0e8a5,1,1,1043,1043
secworks_aes,26f767456c8838508e28b802751c8e565680ef93ab1f145f572be877f774a8c4,1,1,176,176
secworks_aes,26fa20d705fb4e7253da7e0625de8dbdeb8a6784586784c321995be978564103,1,1,1796,1796
secworks_aes,270007562ffa975c17d1a42e9b5f626752dba7ca4bda374db091536be5fef7ef,1,1,1597,1597
secworks_aes,27057b71dbce6ba17e51577a5e8a58bb0c18f7caad0ba551b2ab03a476f87264,1,1,1309,1309
secworks_aes,271462defcb83d1bd6ce5e4a3339f7f2eff3912e2253c2a58dbcf39beb5819fe,1,1,639,639
secworks_aes,272e3b4f3164738c624f300b487f34607be8aa1f1735dbe7eb1d99c48091e817,1,1,458,458
secworks_aes,274ab71faf826302a4b68ab924467898e48585ebc24b525ee90f02ab4b5cf163,1,1,1476,1476
secworks_aes,274cb95c9add91815477fc03f5d5bc71720aae557c2952aafa27bd0035a34dca,1,1,1238,1238
secworks_aes,274dae0be258818c2d35f563a4623440d99407053fe0b968c68fbe6925d3d9c3,1,1,841,841
secworks_aes,276622924e3d43ad225f7123cb63023058ada87798585e271ec93d1ab49fedfa,1,1,936,936
secworks_aes,2786169550a0082d19e5883a50ac3be207e0f3bfe21fecee97251443524388d0,1,1,1601,1601
secworks_aes,27872a9575ec8061de12b245a1d82dc2170506ca776608714870c1c362cf7328,1,1,2001,2001
secworks_aes,27af6b7e2b819a7382b0cc729077e137e02f3063588a25518ed7980f632c00e9,1,1,2020,2020
secworks_aes,27b0c92190595993c737a2692152b12142a850a6923e07bd9b667245feb34a51,1,1,1298,1298
secworks_aes,27caf701c2780df9d4bbee2cec1371cdbe787bcf2d19a748da8636405ed898e4,1,1,512,512
secworks_aes,27e081b41905362d0ab1d806353c563cef4a307b3d9d4aff9a4b9190fcb1d7d6,1,1,1248,1248
secworks_aes,280d3c961a91e02e3f3ee4a73572fb3bd4367280f728fa9675d3292bdcf5a5e1,1,1,657,657
secworks_aes,280fe0057105aea370ae16e62b9820cd5e196a9868f6ff351fb4a96689f5e085,1,1,1902,1902
secworks_aes,2820f70620ad74641d91393a845a3d84514ac0d22867668e5a7d49e458f3161c,1,1,1412,1412
secworks_aes,283fb960d0651d7899dad02f59ffd025db5c30f9c3348f35576a15d1efec80b6,1,1,106,106
secworks_aes,285167f2f7c3b3e72dba7c516f0e746c5ced37924e5c58d8dbe02c08ee478154,1,1,1174,1174
secworks_aes,289365fda506588804753bc09c317fed55e666a325fa3a049dc4e9043ba46b58,1,1,662,662
secworks_aes,2894d99b5c189ecfe074792d7ca30c2fea4428c47ce5ff85553d246be3bea99a,1,1,1737,1737
secworks_aes,28bdff038569108ae650a592e56db8bd02ed014facba5630fd04d93d5930356b,1,1,1961,1961
secworks_aes,28cd86144851846cffb96291bb5f2e9c5723941d3c759b0acc7be433c1c5f75a,1,1,1150,1150
secworks_aes,28d4bc6dbbb28d22283fd3d56551ffffa243d791a310e3fc083be5c640128216,1,1,1216,1216
secworks_aes,28ec1c5d3a4bfe08b318dcccbef210934399624537750ca2cd19b45f87dfabe0,1,1,886,886
secworks_aes,28eff7b34162b0fcbca0b043b1f65e90f60f6f1e07857fe4ae33e3319fda7d93,1,1,1112,1112
secworks_aes,28fb89e73c16981ec60105ba53f0f8927f45af84b689fea292f382eefb6784e3,1,1,1324,1324
secworks_aes,290ef46cccd5f65e07db63b7d80d74d722c9ee814165dc008e9da9bb84b7178e,1,1,487,487
secworks_aes,291d4eb5fc422be16b46d3c4e7c50d7cc51bbc0765b62534fde7170c2191baab,1,1,340,340
secworks_aes,2949ce3f05a6aba9a2c4a801ff97d745612c6e91925415b78a42c4040b4436b2,1,1,39,39
secworks_aes,295000d30c76695ab8b726011d802b6188e2da5a609cc64095c9b52bcbb2145d,1,1,542,542
secworks_aes,2959f4e4a101dd54fbc1642375c78d550fe072787717374606b566318c0ea69f,1,1,568,568
secworks_aes,29878dbf0701aca7aa185160e20685cce89c9094c73503fa80f84713deb87f28,1,1,104,104
secworks_aes,2988470400f3607dbd54c271f55379e253c75a0650076d89b6ffc939c72b7ba6,1,1,379,379
secworks_aes,298a0d1eea8ac07b7c19c252c8b7806caa3515091a5b6e6f188d0250a2195e8b,1,1,1352,1352
secworks_aes,29a802ef5553b5a5dac65ad80619a3f042aaa38a3ec71303d4eaa4ae01750599,1,1,21,21
secworks_aes,29b1a71787b37b8e139a0f96c53ab807bbf266b0fb32dfcce497e1c415d15146,1,1,1438,1438
secworks_aes,29c1d84e19bae85d0047e14b3a6a78efe0bb4154cf33c788270fd17c0a8910a7,1,1,1456,1456
secworks_aes,29c92b318d3f8056770815b40204b2b1c5254bbaa61278027239058354d2bdd3,1,1,313,313
secworks_aes,2a04532f63433878c1d7f29165fc8f1eec33f3d900fcb799715c603e11d6eaba,1,1,1336,1336
secworks_aes,2a0520d1bba318fa9ef33c3838f92ca05c036239240fa909f54b1ab985ee46ae,1,1,1802,1802
secworks_aes,2a08219eed0e1a22ba3cb91208b7c1eda2c94c377424e32ad680d135877bd444,1,1,1988,1988
secworks_aes,2a089a6c7a1c457c3877b8b0f072eb9fda07fe123afeb050544557b41f157e55,1,1,266,266
secworks_aes,2a16f9a9ffded71128d7b0470e1032d1dc7dc787919fd1772155f09bb0e4e2c8,1,1,1716,1716
secworks_aes,2a19faa0d1e370e09c3a2ab606af4ae65e6b4323109cd0aac870e8f26251484f,1,1,630,630
secworks_aes,2a1f9b7ebc3ba7c64b5f9e3644ff08a69246ad838189834b7ef69d8db8785b58,1,1,372,372
secworks_aes,2a2c2378239341d51129d859812bd0e10c33a26e09ed25ac9d403afd2ac085b5,1,1,195,195
secworks_aes,2a2d97e22a195b362e6b36a366b22685102e8e52a23f43cdfa89fada7ed5f305,1,1,22,22
secworks_aes,2a3058d8a04e75c1ca7f616a64a90decbae8a7d32b542e2167cea6ad6eb5810a,1,1,1680,1680
secworks_aes,2a4bc468ff83538474f0b9522a9dbd5929931b12a99a2a21813ba1b71cade31e,1,1,863,863
secworks_aes,2a540f56e6cef8502a98fefc30656c07a27e0305f10713106c1eb3ba4dd945ae,1,1,553,553
secworks_aes,2a67f7d3eb0f2e9086ee47645ce834486a8df4449430ff060de0fc6e52b7f2a2,1,1,489,489
secworks_aes,2a6d0caf2d3023fffab399425def05d89ee253f3ff2ed7aa31d3beafb91c4a74,1,1,1007,1007
secworks_aes,2a7f6bd34fe0ab41758d96beb70c0e6b47c3bd5005d4f22a4bb4724d56abb264,1,1,656,656
secworks_aes,2a88b6fcd32f4e10c5bdbc3adb3a3d4f8d4a5e2310ad980123050a6b5dcc2aed,1,1,861,861
secworks_aes,2aa05b02255923c61a95fa1806785385200ce119f44692131f0804c526aef775,1,1,1636,1636
secworks_aes,2aa1323e1fbf0c2c42e54dfd7314392f80402b78a8f08959cfd6b60b3e885c04,1,1,138,138
secworks_aes,2ab3ad423138dc70e87eafa63effa6ba656baabbfa7ae899b16d29704a446e58,1,1,1499,1499
secworks_aes,2ac487d61d385b0be457c5aaaf886690caea6ba161ac7c4a04285cc66672fbed,1,1,623,623
secworks_aes,2ac73c242a9423513d91e26ef67c2d154b8027d31204e7045f3c6b923bdba20c,1,1,1393,1393
secworks_aes,2ad058516abe0450700457aa8ca559e08ef862ea774d691d6c4702bf5a630941,1,1,1089,1089
secworks_aes,2ae10b1f3d0336a01aca48df853a334f53326239bace99931c763d16b4f9323b,1,1,1101,1101
secworks_aes,2afa391f4b9115fbeefc245c76d70c8db0d87fb23f43d452902c78b4986bb37e,1,1,1936,1936
secworks_aes,2b1b4321e9306eca25b598c12cbba755cd5c7ed35878ae7a0981c79b84e45c31,1,1,1793,1793
secworks_aes,2b2c9b64de003085fcb3d011df8cf9b7d5cea6441655ef21836da5a1f8b46948,1,1,594,594
secworks_aes,2b3321cfc515d63ab1a22a296b12ab289bc446dc668c356cca0a7df5e3bbdc36,1,1,860,860
secworks_aes,2b4452cc14ce28cefdf2a636abba4c004f390ebbb1fe5a960385416de6ee67f2,1,1,36,36
secworks_aes,2b9b848a001c394d0e29370879f5c43d88ec900f36d29d81ecbb6423667914f0,1,1,1509,1509
secworks_aes,2ba516d95926989d67afe19243d7159cc98b5cd7a3e5a3b53d6ad091fcdd6958,1,1,1788,1788
secworks_aes,2bdc7875126d09a7535575804f14703185757dc57b05a8b34bb85e5934d0362f,1,1,1578,1578
secworks_aes,2c2050129ab7831f0bcb27f04f90f7d845b6acac01f298ec60ad9d3f89e70338,1,1,1338,1338
secworks_aes,2c256b9ac3ec7acf0734bc9c8c1cb1b9b820d6cb7f65ed394b01558e452aa472,1,1,451,451
secworks_aes,2c2afdcba5fede514847926a312471946d892181489693fc00198ba890ec5011,1,1,877,877
secworks_aes,2c46d2badbd4d58e3c7ba659f7ccab1b15dd4edcc9a3da0fc7948ced6e39df0d,1,1,1424,1424
secworks_aes,2c548d30bd62304c76872190f88b62231acae90c6fc85591d5161dff696b42e5,1,1,1934,1934
secworks_aes,2c6996d9878d58c7b9f895f5c619f44c64979e2d35aa4bdc3b0a3fdadca00d4f,1,1,655,655
secworks_aes,2c6da0aff07de0dfdd1cd8920619f8d50d6225f465296e2946317452bfbb7b24,1,1,312,312
secworks_aes,2cc7d1a96660e1b959a030b69c7a196a6e07ac863b15f376c19f5c88ba35031e,1,1,1720,1720
secworks_aes,2cd2974abbbabcdf9d1e8307f530ed3d7543ffd2bc814642755edf90b97d3254,1,1,1646,1646
secworks_aes,2d116df126872a950f04655c630c296fd83d45fb7602e1f599a1c4a110d7b257,1,1,1746,1746
secworks_aes,2d12d12a9fd372a71421220729a3af35be68e2629535508386c07e9f17108872,1,1,1137,1137
secworks_aes,2d40183c43ea4337f40e422a04e10036ca26a50ccbe45c94a7ddc6b49d547708,1,1,1252,1252
secworks_aes,2d43a0b87fc24569d03e67126643635b92a8e1e1cbedad7728e71a5a2090e15a,1,1,2000,2000
secworks_aes,2d48c30633a42f4d00683e8094bb7e8aa94ce25fde77e631d8ac5f7894ad8ff1,1,1,244,244
secworks_aes,2d54e7c24b7db9011da678b4384b89901d8ad1269c9692bdbe628894ff0785be,1,1,484,484
secworks_aes,2d7787237a30d6e2030765058c01714cc0aced67bc2d11f29e98d7cc014b2fba,1,1,809,809
secworks_aes,2daf63ec5e91761b79961e9892118d1c104d9d58cfd6585c233eeeadf9e503bc,1,1,1059,1059
secworks_aes,2dafe3e5836438f85770b75aa2d2d72ef9468ae66e337bf5efda36686ca72e06,1,1,1249,1249
secworks_aes,2dd198c8fce156d199fa89005c5db0960cac83008a2ec2387a1ae4aa16973c62,1,1,135,135
secworks_aes,2dd4863da24ca3dba97e0b6dbfeb8400705e84f3d210dc0fefd5ad07fa7c83ad,1,1,1836,1836
secworks_aes,2ddd40535a52198ff0931c5660e2c5da69f5b7f64972f4211986554f42232e30,1,1,273,273
secworks_aes,2de03eb57be19d37bbe91414b3d1fa36e10d548764cee934855676375f442e16,1,1,374,374
secworks_aes,2dfa52fe26a535736c31910073e09cc6c8fd3ba00e202fb497e706905ac39f7f,1,1,342,342
secworks_aes,2e212a7db649de1d04700cd11eb15c262ea040ef7b8674366a49bc8878be1414,1,1,1843,1843
secworks_aes,2e3fcb8cfd388f38efcfd02bd59572691d7868d5a285cc0131ee254ad3394a0d,1,1,1509,1509
secworks_aes,2e76f3703644ec914a5beb06d4e202035a77103c8334465e90a2dba857b45c1e,1,1,1717,1717
secworks_aes,2eb88e71789a2386b4909cc66d28e65750a291674bdcd24cd3363f84c07af1bc,1,1,1315,1315
secworks_aes,2ed7c4e2641efe29cadd976edb1b4caa307cea17ffa2a341f81311a1bf7fe24e,1,1,581,581
secworks_aes,2f04f2e47d1d6716c722acdb638a241e25767dbe6a37a952e2b2043e653c76ae,1,1,1349,1349
secworks_aes,2f10806ece4dfc6a6ea1d461e9de6d9463955547bd76cd4304a99a5c038e55cf,1,1,425,425
secworks_aes,2f25adb64455e6d31668dfdb517ab2174eac633f0b784ba264b5633aba25701f,1,1,870,870
secworks_aes,2f57b2cef3a85e41ad32c7a5f5106ce228857e5e8959f5d60f40c991ca626d14,1,1,1824,1824
secworks_aes,2f9a824eef0b346cd682b5501d0a4753fee415f2ac75b1899df82b7b4a1e8aff,1,1,1991,1991
secworks_aes,2fea95435ad43cc50a2e78ba904593720561e6979f2db512fa3b9f3699080bda,1,1,136,136
secworks_aes,2ff2e583e66086769dbd45dbabb617e8566f6130c6cef25f699ba1779bfd2222,1,1,426,426
secworks_aes,300790035bd7677b321adaf84250e112c5c9b614047019d26c0e25121abd7bcd,1,1,438,438
secworks_aes,300b4023fed939a59abbd3cac7c3148f8e45edeb80b35ae224c7af28ff08963e,1,1,1916,1916
secworks_aes,30124a5c0a19c8b121b190c3c24b5f71a82b77842cd5e2350db10bce1909c448,1,1,1021,1021
secworks_aes,303e7240cd7885aabef012a21d0538f0a2ea065ec82530486c9d274618a5a9eb,1,1,338,338
secworks_aes,303f9c460b8a04c92d4642a0c2b01f1c956ca293daac84480139d40f133b812a,1,1,7,7
secworks_aes,304431a94087c22e0407b32e5aea28d7036b051de7d053d6d18fa22a713b536f,1,1,1741,1741
secworks_aes,30447e4ad5e06f4e43a8b86cd081d7b54666b62d9c9a56d446b08ea32eaa6c7f,1,1,1617,1617
secworks_aes,3045008851d503cdfa1aac3c6708bf00e9aae6441b0742db735ab2baf439211d,1,1,1764,1764
secworks_aes,306d96a69752192b5f4f605e2e36efe4729ad65e86559f0bc5d51f16fea03e3c,1,1,941,941
secworks_aes,30991b03204d245b35a6084c21cd6af632fa589abe33cecd86dd19ad82758a0f,1,1,8,8
secworks_aes,30a9d370880d6c1014ddcd6a7ae4d37b63b466662aabd61c78eeb6bca75700f6,1,1,876,876
secworks_aes,30c71d78ffd832371235dfef188ed0eedc53c44ce0282364ca172d0246c7738e,1,1,1121,1121
secworks_aes,30d289a4e575154160d59625e45c14aff491b6a8efab15b92388d54a7f116b6a,1,1,764,764
secworks_aes,30f9fe30aa2a86684d9527c6ae7c2003aaa9a4c1c365d2f5cc3756c1087de249,1,1,357,357
secworks_aes,30ffe3e4178c4435a826151dcdcc302ff63ae512d762eb86f4e97b7fb5699807,1,1,1731,1731
secworks_aes,310e707b1942f49a154519666842c3e30a6d38b4070897e35704a5c1bf378f7e,1,1,1153,1153
secworks_aes,31121d1066bcd7a24879dd8d8d0917eff10eecaea16c9b36aa49187869c9de80,1,1,1307,1307
secworks_aes,311473ada8671302f1550437a13a449c6ef10c905e3a4e7cded8855a1a74d55a,1,1,1219,1219
secworks_aes,3124691532caa1932d1222f119c6e226f22c8cca8f1fdbb93ba836e66f005c09,1,1,1006,1006
secworks_aes,3133d9e64778a7754f860923758327576ec142f104c507d0b2b128089f8286ff,1,1,258,258
secworks_aes,313c211e14ed92fca2a7a6549fb6932198170740c299140153536dcacb5354a2,1,1,79,79
secworks_aes,313cdec7d634ae5fac0280d96ee9aded804c7f3e4c2231aa0b6763d0a4f2ea08,1,1,1103,1103
secworks_aes,316382ee0dcf6f6e09646a90d2f703148aa6c8f5b72b637d327b2dfc747f601e,1,1,205,205
secworks_aes,317486b7e32203e2709a29a3601a30953958b40c2ab9e9e88f016e0dbec3b277,1,1,1779,1779
secworks_aes,318b3463a9ce33082551f7f924ceb0c9a0d845e860ae3135e788c974b5a96ada,1,1,1888,1888
secworks_aes,318cc1d3599b32275836c70d87bd71e78eceed0088d7c1adb4a72f8d09d00b54,1,1,1243,1243
secworks_aes,3198adcac41f4dd619d4e4c8e1d90ace3d99539e4eeb4bcb78a853742b0aa0c0,1,1,1420,1420
secworks_aes,31a954c2c417115c4151cad4ef1a357d6c29f122c6f5103e2806a29abf836dff,1,1,1625,1625
secworks_aes,31ad447b098df5ec130829b378cc1d123642fd7db5c6f9a47e7a7760a9d4587a,1,1,659,659
secworks_aes,31b483b55342b986cb83c6ddc39815a99f7fa442ef93c5fd23dfa6e9b5b58636,1,1,715,715
secworks_aes,31bf6c92f97be9dd1de15f1f943a67888f1946ecf4660fa94b03c1ddeea9afb3,1,1,1998,1998
secworks_aes,31cd10fa35c892a987294bc7cf86b3b5738150de953f05a03bb3691d9ae03bba,1,1,1872,1872
secworks_aes,31da08f03725b51633d2bb4946971ece7420794fccacc30e1db0fbf43d66cb37,1,1,1932,1932
secworks_aes,31e3da3be8cc6cb1deec648e8d481ca21a5fefec0ca2ae1c5d2d27c4e818dfc8,1,1,77,77
secworks_aes,31e6d21c6c44769eb13d5d190f2424489d3fb390ed0c5a3a1ee62b456095def2,1,1,1335,1335
secworks_aes,31ecc42b6cf301b67ac59c6119da5ff830b8c224a319d67a8830363a62e4676d,1,1,1911,1911
secworks_aes,31fadef62e5f2d425b8ea7ba9547ca9f6d8f5d3cb37903e22ebb74c2e2735765,1,1,894,894
secworks_aes,320bf41c572ff6d22fd493912b1d89257a48ee988c17fb3cdef35cca93337eb0,1,1,353,353
secworks_aes,320e65040bc4d254be886df2130f969d2210c8c05d41c6f151a30de1a903b9a9,1,1,29,29
secworks_aes,3233122e16379662bc42e73491b9744e01f880121820bfadd78bfce8832bfbc6,1,1,2000,2000
secworks_aes,32517885707bfbb04b98e59bab212a452e158f29554f21c2078b85ad2357824c,1,1,1143,1143
secworks_aes,325d98179e5db34ee8287c61b9fb147b34fc52f39b5c41dbaa157bf5e82948d8,1,1,381,381
secworks_aes,325f33450ac81c4fecabcbf1ecd36361b162a23444118b3633d46f3cb714539f,1,1,1797,1797
secworks_aes,32725d7f2441a2cdd2001b34cf548fb95028d2375fd7886a561c4d9ee5f758c0,1,1,1177,1177
secworks_aes,327eba5fbafb722be7c8a9c5d34bf10822232524dc49a822d71d7ae84a3d13fd,1,1,952,952
secworks_aes,328283bc38ccd546c1ab1886a38036be564d349e7369fa8b0d2d7a86004a1836,1,1,1056,1056
secworks_aes,32a002b8a3de6ddfa4ede39e3536706f3016bb50c7a278791d47979e76bd3a5e,1,1,644,644
secworks_aes,32a1b5c63093e1db0caeec152abd0702f2b53752db9dc942fe6e39bb9218fbc0,1,1,1014,1014
secworks_aes,32b195d4f3259282eb2062616765c3a88b736e660879e084aa2f42c739cac20b,1,1,1462,1462
secworks_aes,32b1df24fba20167710a427f6b37ef6070f3ec5d8e1c1796be60e2065f589c9d,1,1,95,95
secworks_aes,32b7f19b3dc9108666949df89a96b685223e7c39ca3f7f6389a1fc0424e84851,1,1,632,632
secworks_aes,32bd77bb387bcd39305c4c80b09b5d460843601e3003a67d9fcc7757e1922f07,1,1,415,415
secworks_aes,32d3564df41d75b8db460f86877f527a4e9be0ad13e441dd76b28269228fa8b7,1,1,800,800
secworks_aes,32d4c11e481314acb3986b37b7fde3718d56daedb2ec3a5b48ae770a32cfcb5e,1,1,1655,1655
secworks_aes,32eab980a7e81604c60d21637a625d2adade9370a650e57ca34225d255a9df12,1,1,631,631
secworks_aes,32f0d4d488d24279a16ce6b573fcbdc200db47e89658bc0dfed85ea0a0c781cf,1,1,379,379
secworks_aes,3314fbd87e9e4e9edd86ba0737a8a76fc686ebead65ae01bc55243c658325819,1,1,1550,1550
secworks_aes,331fad9cfbb4537a23eb62bfab780c377824d43ea7cdef38e1a57bf5be69b7a4,1,1,1021,1021
secworks_aes,332d993394b29e39f337c99c46f35c74a37b8cd1e9c4fbe43c4c275f9d139243,1,1,763,763
secworks_aes,3330e27f46f1346d071af6a625cb3454bea0409983969997961c5c2230029a16,1,1,1439,1439
secworks_aes,333da720b00906844ac8c2b4a9693b8a4ebb92ec8352fc5fabaf811d4361362d,1,1,1098,1098
secworks_aes,3343a04c1f30c403e3a7e036b02fb7f4f6e6c760a4b0c0ff9c69607b62ae8ccc,1,1,238,238
secworks_aes,3352aa623f55ad9f718e5f82b779042b86de88ead7d5715621a31eda4b0e8419,1,1,1275,1275
secworks_aes,3355098362891784c3d71cbeab0e7ba1c59d59caf668b54536fb8fd3e46fcd68,1,1,184,184
secworks_aes,3374e4983254ac63fd800e08f42ad99e2dcfc69f563ddf3adda121ec0fb1e0b6,1,1,1085,1085
secworks_aes,338fa890e05d0466653fac6b9c706037f19c5563c95df9fc6c87aaba6a05b369,1,1,1698,1698
secworks_aes,33925beb793dbfed03974aa34c92cd0c1d4bcc71d9e701ad0c34d1ea442a930e,1,1,47,47
secworks_aes,33a3fcfeac2c89828016fe1c5be28f7cd0e029c537589f78b4536ccac3ec622b,1,1,1613,1613
secworks_aes,33aae659f68cca29b61dbb888bbec4e1dc8c0dc5c3e00359fdd544ae7a03490f,1,1,1820,1820
secworks_aes,33ca141ef3cc1438da658f45c4883eb36eae01b75402f4700363992a07bb9110,1,1,1781,1781
secworks_aes,33dcd7b493c03dddecab306cf14d19481f1fc827a4d41fb6191523cf66a57d75,1,1,1850,1850
secworks_aes,33e271bad1f364469d1b1115dc09e1997a69405fc8933aaa69f862c364686f36,1,1,1125,1125
secworks_aes,33e42b800328565023bf007b929a5e905ce1d5d74236bdce0ac480e1aef07b78,1,1,741,741
secworks_aes,33e9d9c66ac905c45ee51fc9b674783c54432e97288d324eea915d93743426b0,1,1,199,199
secworks_aes,3409bd1e6777abb6e1c4e0999c1ee9446dd40fdbd6e45dd93a147527d467b3b7,1,1,1951,1951
secworks_aes,340fef7386b7ef90b473f892650d5e12cb91e5f31fe1e61df1cf71731ad44e83,1,1,1329,1329
secworks_aes,341b05957d88ff27493629451dd121fdfe1029ba6200174fce62470860c9e69d,1,1,1170,1170
secworks_aes,3444340534cda70dced18a0ff92ff42494d5aadadb16bf9903981d0668c836ea,1,1,867,867
secworks_aes,3447ab7c0fb48b98bf803741c0c1a4bca890c1b629e362675a1bf7254371328d,1,1,1288,1288
secworks_aes,34551438bc93d8f8f2c029beb3ab923fbe7c10258c4d591d029ed166d33d7651,1,1,1108,1108
secworks_aes,345acb6a000d76189561afdf25c8836569bf7cb53e0080e8db00c5e8c2f4bf5c,1,1,1673,1673
secworks_aes,34641304ade0f26d9a2a8c66b096c1c0115139cacb72c265208a4fe2b5b0ec6d,1,1,323,323
secworks_aes,346f34a0547155a59198a10c94a8be09b3d4daaf98c51869b9826c835ae927e3,1,1,1294,1294
secworks_aes,346f40a34688cde6087e6d3319185edd562cf71275e842f2e55532e0699004d5,1,1,658,658
secworks_aes,347e764267d4c204889103e9e6c66e80c6c2164c7d960883378f6d754b41bbda,1,1,1622,1622
secworks_aes,348814a38da9ec9a3c7fa2fec0bc043d07e72740599ab356afefdaa30264404d,1,1,1559,1559
secworks_aes,3494ef3c486a022238f5913d9357c412a21c247d30772bc855219cf2cfea05db,1,1,1377,1377
secworks_aes,34a20f47b057c616c20a46c8c80fcc333a17cfc31d08e7afe7988865d065fc33,1,1,2046,2046
secworks_aes,34a71e2c1a78a78e4997b0bded77aadb3725fa9a065a4acd248dfd5cb69f8d72,1,1,539,539
secworks_aes,34c15c577f51ed02fc9e9c83f0e26b4823850dfbb0a7ae5e0a06200b0f0a63a9,1,1,817,817
secworks_aes,34c2fa64bccf17fa674a441120e11e4c8f8e2c895d44f65cba2f4ed803a082f9,1,1,661,661
secworks_aes,34c5708bc0723379407aa19de1bf099ba07b243ceaf09ca17114bc49ebf2b081,1,1,122,122
secworks_aes,34c6acc72c41cd6369ae22fd654384df324465c5f0935ee47c4fa843d05fe41f,1,1,600,600
secworks_aes,34ccb413f8e35225e6bb3ed143bfa39359bdd563a561b9b428a463ebd7cf392a,1,1,214,214
secworks_aes,34cea2c7aa08f87422a9ac5e199e78946dfb05a35426014e9194edd2c326a312,1,1,905,905
secworks_aes,34d2878e4cf73f75c11996f7f782505b801c9082c328cbc22f643a5274379aea,1,1,1455,1455
secworks_aes,34e23719f58b93814f75131ec7cef329cd315fa0631fd6828a34fa8bc7f70dd6,1,1,778,778
secworks_aes,34ea0892a04eb8bfddac10249f30cd3591114186f7c84f16cc8c11202d5d3f2d,1,1,1029,1029
secworks_aes,34fb2059ede6c5ec5f6ab3701f11ac49cdfc6f9702e92f88a3b45f9690a6282d,1,1,1535,1535
secworks_aes,3504f91ad52caff22d05c7112606c5965078a37443e287de3bc78312df352224,1,1,763,763
secworks_aes,3511bdb9723f00e3c74922570d37493bdc2f16a727bce4d758d6e907e00ac543,1,1,1178,1178
secworks_aes,35249a6aea9592fbbd27a55a8fa5d0c5c5636a4ab32cb07bbc7ed8050857cfcb,1,1,1836,1836
secworks_aes,35273405a2b87ac7ca80262f42e9d70edb4152766b3fc62b7de3cbfa067edc16,1,1,337,337
secworks_aes,353105b8bbf55613505ab525eed164dd30a9f38e44b060d585618ed49a353c4e,1,1,650,650
secworks_aes,3544b42130f9cec2fe7698e977f512aade3cdcf6b5c1f7cddeee27453bbccfc7,1,1,424,424
secworks_aes,35622cfcfcde497399986c594cdc31e1efabcf65fb1b0c44b4f57fee44d53a21,1,1,432,432
secworks_aes,357099839f9cdcdb412e9b8ead4e06f78dd431a7125953f9c41797d4571527d9,1,1,1241,1241
secworks_aes,35730668119f7697bf454af4bafad6110b09eff324182155b374c659a093de03,1,1,1947,1947
secworks_aes,358259fdf38725a6e6b5c703173fbc6c5e9a0a8cfb0f833b1eed5df1e975ecb9,1,1,1762,1762
secworks_aes,35a5ae71029136a4c6ba13c706950323176d62b7c855adddd4fc5fc5f9b5788f,1,1,867,867
secworks_aes,35a9c2a0099b428a2f5a7986bda62a60c5feff51600e5ea626db11800b5b1851,1,1,766,766
secworks_aes,35b54adbbefed30489268a44277792345b82409236c4bb7dfaf44e28964284d7,1,1,435,435
secworks_aes,35ccc38e43fd635d1d9f8e2cbb04813d2a74c10bf1a1dc08b6ef55004f53e318,1,1,1335,1335
secworks_aes,35cdd482b4fbff0244b95b14d8312416ab859becc9581354311a5d7406643652,1,1,1072,1072
secworks_aes,35d08933156b3c55e3438d407ba28d5615f51f3ee4ce13bafc0d65b937c95118,1,1,995,995
secworks_aes,35d3bc6cd7b3aad58074fdfed5595249767d0afa39d5d343ae00b558101e5fd4,1,1,1310,1310
secworks_aes,35d9429e4d793d7cdd125b08f3836414637331540617ed8e18a917eb52f38169,1,1,2017,2017
secworks_aes,35df8190846fe8927b3ee9bce2ff52afce91e16743d03241a701ed035628e038,1,1,254,254
secworks_aes,361911754120f633cff9de6dd7ee13f026ad82ab79e306527e141ca76a197126,1,1,1483,1483
secworks_aes,361b500da8fca1726eb6b86a098edf8d0e3eff1a73002335b22ce15d3bd6663a,1,1,317,317
secworks_aes,362d8d7a699b69188f596196317e9ed8169a5521028e35219b934c582b8ce11f,1,1,959,959
secworks_aes,362fdaa862b727b06416bb6309318d145659f8e0b437a87e47922909c69d6175,1,1,363,363
secworks_aes,36a01f903a33498de8105929715d7f84969591c9f99c8902f2b362963cfe1e99,1,1,1540,1540
secworks_aes,36a85e2aef12b03b6a05845c3e6841d80a920459735ef1c3c25b9e943f19a52b,1,1,301,301
secworks_aes,36b79403d8d1897738724bceee20b45bc52694d7fdb2ddc5d4de05250a4d4e75,1,1,161,161
secworks_aes,36b94e1fbf5be72367dafcc9251a63ff82ad681a2766681d27354ffda8ded09a,1,1,1988,1988
secworks_aes,36c7c80c137c947e118c52257f2fd86e7d52d90a2a417a751d6d624c1da92627,1,1,1870,1870
secworks_aes,36ce063fe18ef3f32fe8cc0960d0a5b0f84a8c723d029632ac44b46c08b8a01b,1,1,1397,1397
secworks_aes,36dbc6d7eb60d4e558e1f8673a575719e5e259f886f5010b81139eec99d11546,1,1,1055,1055
secworks_aes,36e99023b6173d56a72bd2352d5b4c11fcf48e0182219ce03741d9c43abdb8cf,1,1,211,211
secworks_aes,36f8a9f38357c4bbddb44528e19bb65ec84d632eae8a35982b47e6923566bf85,1,1,1632,1632
secworks_aes,372299d721ae3c869c71dbfc98a4a147c65cc8f1ad397b5b9bfa68f08453c442,1,1,264,264
secworks_aes,37392de740f0823cfd65b04e8daa78fed4761db1b17ccd5d3dcd955963b4197e,1,1,1662,1662
secworks_aes,373bc7a4ca7dd5c151d24161389a944928c42e174cf77fde394ad3d202d57ba2,1,1,29,29
secworks_aes,374851e292968364e46aa86375c114f9a8fea6fbd607ab0bd5e6b2018e7f4edb,1,1,1325,1325
secworks_aes,37509247ad16a09a6005be5ec1cdcce4b6f6cf2f6684de62a26c067bd7b58c68,1,1,1967,1967
secworks_aes,3755d037e30849fc649af51d0815ed1d06793ba10a65d4a2fc5e2e988858bb5e,1,1,832,832
secworks_aes,3758807dd06ebc8c0340b5e1b6481c8cee645ac2803a1075c66f7c65228c55e6,1,1,417,417
secworks_aes,377690d119787f3f38d94f509c9690e389a6b23d1867397ce519393e4d2efdbe,1,1,855,855
secworks_aes,377bf3dcc125ae66bfb6f1ddda7a8a421efa2fb368445221e5f216c99530748f,1,1,402,402
secworks_aes,3783c4b7950a16d5ab7e44333ec77d00badee8093c11f5819155968e3d770fa6,1,1,296,296
secworks_aes,3788252d1057875111257f808bde8356dbafed30d29e1ac91d7b859143496023,1,1,173,173
secworks_aes,37ba9dee2b35613017d2667597efead294213f8b3471182c86299839edc534a8,1,1,1132,1132
secworks_aes,37d4bdb05c6c8c6360a9c5500a7b0ab8cb244932ff104434e10df226b9da100a,1,1,1828,1828
secworks_aes,37dac39920bf731390b947f34938c376d964029d1c17e6a62901321e91e1e26f,1,1,897,897
secworks_aes,3809b027c83d3e2ba29533ef74dfa8896aed63494b53493f074a42c0f41088c3,1,1,1787,1787
secworks_aes,380d16662d30b8e48c1aa18b73c992e5501c24ac6ca0d0b3b2dd968c2503387e,1,1,1862,1862
secworks_aes,380df1788cfbf8db2a8d3f6cc00b289dee2c5de8ae580a0ea77a4bc8d05887ee,1,1,1583,1583
secworks_aes,381aab7b9016edc7e6ebbacd1f702d72b0074b1c670fc6016cab9fa5f8de9712,1,1,755,755
secworks_aes,38290616918997652b51c3ad651324332580bfe7605f13bdd5d438a312552207,1,1,931,931
secworks_aes,38292ede0061bf0bc86f4a67f6aa4b988130e41069f0f74eb94d23cf0fd81566,1,1,390,390
secworks_aes,382f1ef58676b877a3d7a790377b02df5843854f08c7cbcdd1a3d8bafce75495,1,1,1133,1133
secworks_aes,382f766d98283163462b05966c1c7cfabbde88005b17042d5f8553a139afea01,1,1,192,192
secworks_aes,38321c87f7a52d90af0b555be64c2b5a8b6f353590528ff7c1aa0b11b7495bba,1,1,416,416
secworks_aes,383ddbb20653f87750ab5cbdc43bc3e37569e74d925fb32fdd74e271ef936838,1,1,1918,1918
secworks_aes,383e99d2404da30d342f25a20d451c0822cde4ccaeb0f3b9176ffe8dd943edde,1,1,722,722
secworks_aes,3847f89a84f0e46a66c67f5a92c2a82481fe88a0a4df321fdb2c273db7bc9f33,1,1,1784,1784
secworks_aes,385c7568baad8992f8e576632827a08404582c43bd5e5efd83fdafc7a479f096,1,1,1656,1656
secworks_aes,38684a16b59deab53c005cc577a5061f9f85c9d9a152eae97e639971b9e944b3,1,1,623,623
secworks_aes,3894d68747fe98c6c0126a947113cae6ff9b22143cc26253aaeef3034dc0c042,1,1,221,221
secworks_aes,38ae38b008fadb2e7ab5f73246a59b8e2102ea9f05638c8403ddb6bffbb7e51c,1,1,5,5
secworks_aes,38b8d68a5346afcebc455e31244ec006aee9f0831cd658702532fc30ffd31872,1,1,1933,1933
secworks_aes,38d106611acc73785cea112e185e013b4f4a8b9d7e72affc2448841fea5b1cf9,1,1,935,935
secworks_aes,38ef3c557246059879d5b03efb7b85ffe44e7b1ed516481fb668937d9f5ff957,1,1,1015,1015
secworks_aes,38fc0a3534a17ca1d66b63951b89767f6549993fa92a8f9d5724ad9450ce7f2c,1,1,1182,1182
secworks_aes,390482b78b62263d7ab263223e295f86f932ec07eeced6200c9c43f881286c88,1,1,1141,1141
secworks_aes,390d6898996f6740cee3403ef337a68636c5a9444751c7afdc0fc8f928b925fe,1,1,1219,1219
secworks_aes,39125cfd2f4179ba101be06b6a9b58fa05741a4e45112e8f22b4b5bdf4e0f8f7,1,1,593,593
secworks_aes,391a65b1b0421b4635ad9ff3e793797780a4c1f9ad181425df19e66792559d5d,1,1,1244,1244
secworks_aes,391c9f893efa67dd1f78331bccf108c1674b400349556f16e35ef2e365f7324e,1,1,364,364
secworks_aes,392fa9871186c818850d826ca1207473388e9dec708cd91513bffbf9cb43e6c2,1,1,619,619
secworks_aes,39401692c094291cc345f33e749a133d793b712aab1033d04fdfb1c56a685253,1,1,1497,1497
secworks_aes,3946fd8b83723abca0f3781143bc0381ddab9d48698dac96e269dbec63b46839,1,1,1212,1212
secworks_aes,394dcc3b50c3822c03615599933d345cedd1e26fec82bfdf5d85c52e5bde3694,1,1,1624,1624
secworks_aes,39872d8d36fe2c87c1669a215f9d86f8867759260476311b90f3070015f37ee4,1,1,2005,2005
secworks_aes,398b6db4c3b14162686e41c8d7cbc0f481db7e6b1a4839f7ca92fb6572e48aa2,1,1,690,690
secworks_aes,398eb50553445b24b8dd6c7e995c8ba6e07bc1404128099447299c53a9bfe8b9,1,1,1937,1937
secworks_aes,398ed657abb9a0b51d409ef10a42b14b13712bf86057766cc8b99f1acdf5771c,1,1,1149,1149
secworks_aes,3990b810799c59991d680abdd8cde11037d1d0b24fda60c7c5a4639f15659ab4,1,1,1181,1181
secworks_aes,399b5caeb0e435e2aa99bb0fcf7db2db8aa10e6049416c288f053510b460020c,1,1,1484,1484
secworks_aes,399c7f970f37a0cf45fa5e8e77fcda93e80cd0af6193dac6c0ddaf49f2f9a6a4,1,1,1096,1096
secworks_aes,39b5a8b3088e6e2c9941dcc14f4cf865c48d5417e3de308c5be3042cfb9473b3,1,1,1670,1670
secworks_aes,3a075f30750373e94e1a956c0c1fec972886b2af69e36528e8b5f2849dd9167c,1,1,8,8
secworks_aes,3a08d6472b91e479e1232f385e2e131b6afe1cf932cf182c0c5515b13f9cf511,1,1,639,639
secworks_aes,3a0db68d30cd6baf0fc2d21b5f9c27f885affa5ed9d7fe63203db826826107d5,1,1,1819,1819
secworks_aes,3a13c6cc058729cf85c211cfa875d15670233c78bf14d68e66f2bea1cf31f440,1,1,1790,1790
secworks_aes,3a15e8dc6033055a7279a4c423c54c8a07f5ac4b99eef581e183e3d30a5979a6,1,1,1366,1366
secworks_aes,3a18ff0c96686a45307bc6cc8b89687512ea5c2ea9be5902ac865b195bd92d28,1,1,995,995
secworks_aes,3a1f1c1b07526647d75f004d5722218a2154e40bab5ec0d37a522c7b39c230d3,1,1,1479,1479
secworks_aes,3a2973cb234017679daf1383c828552dc800cde0e66a390b029be1a5844d1117,1,1,57,57
secworks_aes,3a3434877daec4cd6cff89debcfb350701550807c34e64ba46b6c598986de945,1,1,1005,1005
secworks_aes,3a36cd809ff8273b46692c4b8b112cc4ca92148b0e3d981a087ba63d02872f98,1,1,1489,1489
secworks_aes,3a3f25dd7371c5b4a7097b3addd4fc32516485135c63159ad9398ddb62b587a1,1,1,526,526
secworks_aes,3a4290d4c82c2b58760e519ace6b1e4d2910ae4b00d679e246cc7f6a67d04a4e,1,1,395,395
secworks_aes,3a4aa5beaa216a67222a3ca858aab45e8cea4f2ba43d54eb6f14d9ceb3c9c3df,1,1,1516,1516
secworks_aes,3a5ba7e8eaad84ec2bab47c138ac14fa2353dca3d62fe4b11c0e647032be5a11,1,1,970,970
secworks_aes,3a801219e941d6501db8c8a8a0ed411f2b569fdcf6587c8e54bed901d13271b7,1,1,880,880
secworks_aes,3ab0617676dd1f0edabd3e61254619595b46c3caed1978089f232ed997f3532b,1,1,1564,1564
secworks_aes,3ac5c0f6ab876984015fde7197d1f975b5fb73381d9a6e15879d649ce60db514,1,1,1073,1073
secworks_aes,3ad37dd0ed9947f9a473238011e31dc25054e41312ada22f3e854bf929a3b2b9,1,1,551,551
secworks_aes,3adfbe3df481a717eb01ead143207a7471e27fafa4f70b1392b06d8e7135529f,1,1,1171,1171
secworks_aes,3afa7da0f0b27b1e2f899909e3d5ff188f0d3de8447446df310ec4dcc292e937,1,1,762,762
secworks_aes,3b19da0454d0d792e735ce2031f6936789284be102c0a075171b2bcc62cb6e5d,1,1,1017,1017
secworks_aes,3b2519dac86af09199cff62f46563330f600e8398efd19513b1fc7acdd8f12e3,1,1,374,374
secworks_aes,3b305efb928f95ad4dda1f217923fc74fdf9cc2f8fd9bc67d152f59ebf76d6f9,1,1,996,996
secworks_aes,3b5ec20ea1cccd3660bc4266adb971d3272ecad1965c8e510b8274bae1ba31d3,1,1,899,899
secworks_aes,3b5f83bd194a831e4cc85fea0082590fb7dd4c78af34f0df59f1fd80f7aa92e9,1,1,249,249
secworks_aes,3b62b27bd65faa5faa5a3d8fb97c7179cbeab7ee2bb13040d0a58f9e8ff5ea3f,1,1,475,475
secworks_aes,3b652c99696de1ab162ae982d75ea4866f1e9a9e3da3b993ca05f8eaa87da729,1,1,785,785
secworks_aes,3b676a64874cf29f219969c649be1803fdfacd65d6601b493bc25989ae98a073,1,1,256,256
secworks_aes,3b7ca79f0a04a541510b9530dec2c2f0966c0a1e3baef09be5922407b50feb0b,1,1,1712,1712
secworks_aes,3b947dc4d81bb559965e5c0eb79a433bcd3af209de88863e14b4de637c411fb6,1,1,1549,1549
secworks_aes,3ba012a16a0a766b47c40c3903686a0fe58d03cdc4f37c2465a9a947fa116612,1,1,1600,1600
secworks_aes,3bb9633e667ecd94aa92cb9baa353983ae624e1248b836c0fa4a56e6dfe57577,1,1,1969,1969
secworks_aes,3bda69d93031fbd9b1b6835598bd43d26b59f39a47d75cd816cc238b209db86e,1,1,126,126
secworks_aes,3beda75b2bedf2065ec8e8c6e0ff8a8f3adc4b2eacbbeaf61f72e21072f22b55,1,1,2035,2035
secworks_aes,3bfe5203491c2c41a1dacddc434cdea77453d8461519cfba4d77abe29544efd7,1,1,578,578
secworks_aes,3c17c4fdd2d9d6bba502d74efd8636a029967e2d80182d85da0ac7f0bf461405,1,1,576,576
secworks_aes,3c7af3a965ea60a3a7b1059e62d1dbb0187dfade689389a2a07bb55459670059,1,1,1644,1644
secworks_aes,3c7fa24b7df7334c2a58592b9af91fd73f0596036227af23bdde05bfa60c2b91,1,1,446,446
secworks_aes,3c8d94a83629f0652444ae0cd70999679ad25ca05cd7279e73a78f5e79b28be1,1,1,1348,1348
secworks_aes,3c95bfc08b61904a5667e9eb14c773e7562da6c69af1e94510393804fd406c73,1,1,1975,1975
secworks_aes,3ca1e8b03904440fc78d343afa3c9fb880e550a4c8b38d620119535df809f2eb,1,1,1964,1964
secworks_aes,3cb14c99e250cde653ecac437c9b6924df1173ca1e5529a7b156750de62cbc59,1,1,1109,1109
secworks_aes,3cd00439ba7a0a7b800d2b244271366ca46da419bbeea11057c30baf07ff9210,1,1,1338,1338
secworks_aes,3cd3db51f3d57378ca75071634a898e72b730b8f28754d070ae353d36d7dda67,1,1,709,709
secworks_aes,3d02251d33f65f996612669179d1cbfdc1928aadf98535d609d12b5bb2a614e2,1,1,1619,1619
secworks_aes,3d15b521f8b1c19ac117a9409e63fc8b0113d232ab75fd9018b63eebff56b11b,1,1,1827,1827
secworks_aes,3d1a0f7a6aaf7ae976b8080f968ac40e0a3d1a325665779e271849c03582f8f7,1,1,307,307
secworks_aes,3d1cb864ba0dd2a236eb208a8e59239ca5e1b555984a7e365620e39b077ff4ed,1,1,1967,1967
secworks_aes,3d29953491d93db1d959834063f411b234d137726e084a0eace0ed27dd1a974c,1,1,1641,1641
secworks_aes,3d3a6521f7670d4e35228ae6d87168b03f526bb2f7a4e88c9af56aa9bdbb7b6b,1,1,1238,1238
secworks_aes,3d3f78b7e16b23e0d1d802c25aa4505abb65b86225e1f6cb2903b5105417607a,1,1,1016,1016
secworks_aes,3d3fc4ee566440f9ffb0d0701694d07adb31f604479404f540c292bb1ca1130c,1,1,1246,1246
secworks_aes,3d49de750dd675b79d294064efb41ff846d10e34f9783bf9f237ec75d1fd2204,1,1,14,14
secworks_aes,3d530ed5e3c9fd561dd22652521e5ffd4213a5355fde16258d617411c8e9dd63,1,1,799,799
secworks_aes,3d53ec6bc64d03eab1cc00d3c1df0a88fea70f42d007bb98484af63077168562,1,1,1571,1571
secworks_aes,3d564f5ae13ea578b8f9693c359f1e9acb514217f25bb06034dd5c4fb30e3459,1,1,1031,1031
secworks_aes,3d6467f9d33200ee8056d1938894377e1ce08389b1dc4fd6a911621041e5e231,1,1,1120,1120
secworks_aes,3d667aaf8ea5d1b4935fc572f177ed903ce3b2179002f0d8d41146fb6bf2aa3c,1,1,1069,1069
secworks_aes,3d82f317cffa8acdf6caea8d271319d9c7ab6ed6175b0273e7906b6a602f8908,1,1,209,209
secworks_aes,3d896e8f8f5ebbf747240f102c045b3e3c98b50dbec616bc18d26e4a57de2f00,1,1,769,769
secworks_aes,3d8a660b6a7d325d3b9c95af2efb0058e3393442dc118742ce7d43c301c24236,1,1,624,624
secworks_aes,3daf6a28e3cc9455e2263f29a7ddab3958e4e6fe9309873aef47685638c56eb7,1,1,225,225
secworks_aes,3db1ec6305ea767fd28e72668d88597ff11b21a5debc06b2f1c7ea1c1debb50e,1,1,1062,1062
secworks_aes,3dbe09425915264fd772dcc2e03f77919e0928e8eebdb9252c301c757d383732,1,1,1122,1122
secworks_aes,3dc314efdd26487ae59cd6b251cdd860d4b061910f1ce186296808445d08afc6,1,1,1175,1175
secworks_aes,3dd414d9866cb40defc2ef147ea7f40db3708128a7db9d6711b0c3c2db23cd48,1,1,728,728
secworks_aes,3de882a5e3b04747c11f5753b593c521a285059b737d0a0d088c952f49d00baa,1,1,931,931
secworks_aes,3de95a4b3e03cb9ecfa1a9394d4bdf8ecd3fc5f8e53ecaa3bb714cbff9a847cc,1,1,868,868
secworks_aes,3dfcead0548e92dedb5fccf94187442335ce3249447ca905fc85088bb7593613,1,1,360,360
secworks_aes,3e03baf54a71358dc03293cf99e08e1135aaa9b914ff969a87cd2a96683fc94e,1,1,1482,1482
secworks_aes,3e1869e5a03e1283ba8331c73e2f12aea4cfe96f230afb258dd907d33c6c9b39,1,1,1620,1620
secworks_aes,3e1ccc050ee616c0cf32fce6ac3452a843d36ac432b7ef3b6fd1f8c99a1a61d7,1,1,1428,1428
secworks_aes,3e3c94b0435ab6f857bc630543db510c53436df821adffb6277179888e357df1,1,1,585,585
secworks_aes,3e43843899aa9825ab51cbeb11876e2601b9f2b8655fc7ed78c1a6c11f988785,1,1,505,505
secworks_aes,3e49ec3bb2ec45b47698a2523d99aa37259f941cce85eacaef17e4dac412e832,1,1,1687,1687
secworks_aes,3e53953740ec9ff45f0288f4c9561b39bf2d097b22525f5135b6a56e00840118,1,1,485,485
secworks_aes,3e575dc45da079b95b6544f2df24a53815cd0a17d96bf7b4849b00180ea8562d,1,1,500,500
secworks_aes,3e585bd02c802ce92176d175e7ad9ae655441ffbd842b414efb9cbea9810fdcf,1,1,185,185
secworks_aes,3e6624237890eb2cc5427c4cb7f6ae3627210df93b95daaedb2547273e4e71a2,1,1,1606,1606
secworks_aes,3e751d4a74af47aa252575f14d5b36e1de3a73a8f61cfa5439bf09d709c7429a,1,1,1081,1081
secworks_aes,3e77b88e944268863f6b3b1be64480497f02a06b414950184a7266e80cd810b8,1,1,1256,1256
secworks_aes,3e7f6cd8b33375681b91e4923af8b65c5084be1825e1b32fbc08b99123f6b051,1,1,1310,1310
secworks_aes,3e8886cfbdacdcf48ee0126ceae913837e3c7426bfb0628d828ebd7627f47aa9,1,1,292,292
secworks_aes,3ea21884a69f16e693957d84332de68ff213f4dfe5c5b491e273e9091dde3a95,1,1,1900,1900
secworks_aes,3ea2897ad982dd5e127130046eef7db9969af242376d394c7a77cef7cd7db6b5,1,1,1705,1705
secworks_aes,3ea4e87a89f0fce8485b49f541cab360169eaae47f639a40f02b189a9e4fc1b1,1,1,160,160
secworks_aes,3ebc39cfcaa079baf2d480d3603edcfbb2bf54561daa7952c358dfc130456f44,1,1,613,613
secworks_aes,3ebea4a3dbdafe911a50f93b6426c5d6d33b65b9cb8fbfb0ccd712c40f3cde8c,1,1,285,285
secworks_aes,3ed53d567fda32309d66389479dd22d1c59e2aa16d8a22def974b05113eb8c58,1,1,183,183
secworks_aes,3edacf887969a877cea6ca656b2167c8024f9d6bc87036ef2b64aa32190ef842,1,1,346,346
secworks_aes,3f0f5fe8caa2168e7076938184e1abeb3989daa83590848ba3c545f338ff3824,1,1,235,235
secworks_aes,3f0feaae5dbbea5b2f4c4aebc3802b3f206cb6665b463315b1a439877da430eb,1,1,1610,1610
secworks_aes,3f193feace9e6c25ffbefd056a788cf3c01e232442e0aece56fbe70abaa77a0b,1,1,1196,1196
secworks_aes,3f1d18397afdb62ed19784a8fdf98ae05a8ca667ba6b26b9eac04d858b4530ee,1,1,1036,1036
secworks_aes,3f24d1c0f45fd6ae84559cb88c88284d4c4dca1e1ef1b1033ace24de7db87e9d,1,1,1686,1686
secworks_aes,3f254f726ddc4e5c41461b5585fca8902885551f06577f0ea74494ea6748c025,1,1,805,805
secworks_aes,3f2d7a84a1a07009daf085781b2aa37270db7acd6de6b39274e18a6428cce37a,1,1,1814,1814
secworks_aes,3f30844a987ff0137fea360ca3f6212b76e9d61848a9183290eee8eb966806e5,1,1,46,46
secworks_aes,3f385a878aa611ea5d76a9afac6189be062f12f9f7b99e478736a2095260c158,1,1,415,415
secworks_aes,3f3e34e655c93b2fa3c271d044de7ef1c377e5372a882e8e1fa4e0e69a7dd3a2,1,1,1933,1933
secworks_aes,3f49f6d81f1ee62fd7380f8dc9dddee7f26635874e0f7ab2e26a1f00e0bc8866,1,1,1142,1142
secworks_aes,3f5f28ff7870187e0c029217107c0090b5836f465b0a2a50894007d14d71f11e,1,1,1342,1342
secworks_aes,3f62a57d32a680027515b024bb39288aaf0ca69beea3e1f920b40b562fe34637,1,1,241,241
secworks_aes,3f69a49be026f6a50127200075f35f6359ad6f410deaa14715a7f3b3d730b173,1,1,1650,1650
secworks_aes,3f6ca1f041950fcd97f2a02b19b40dfd6f1499e0ce4d0b0cd44ab386f4b622c9,1,1,1000,1000
secworks_aes,3f95f378458a1da38a0f2ef267a981a930bb03b23f13c23a361f60a04165f868,1,1,148,148
secworks_aes,3f9ddeb3abcd08f7a120015691ffea71dd4ee22b4128e35e849e325c4fa9e5f8,1,1,1548,1548
secworks_aes,3fc4e3bfceef8e487510c4f7d1de7ddfab0a527f8988f6936e2d0f755c911ee7,1,1,940,940
secworks_aes,3fd0e4774bd1ddb4570af8422a699866c5841a73ad984741cdef52ff1eeba855,1,1,145,145
secworks_aes,3ff7533aebdcc6a4411122d86f55a24f155a70f4f526cb4348aeea9cb98a899c,1,1,627,627
secworks_aes,404fcc82ba48487946236d5fa4c2c6288eda7b1d41ef5b2999037c2f41cc2cee,1,1,1826,1826
secworks_aes,4075bb3cc23f579801b1d0508bc155674dc6240d4bc2b52bbff04bc298d07ce4,1,1,1689,1689
secworks_aes,407889b09d219eea146bdcb06ebe30823b5164354b9d465f10403184f9bc13b3,1,1,681,681
secworks_aes,409e7bfffcfd1c89ccf33e47360472acdb7f307ac01814d524a98ffc27ed28cd,1,1,31,31
secworks_aes,409f0afdd66c4c7aec2031c92d63adfae2cc66f1e5acc99c9adfb6611b3afcd1,1,1,1478,1478
secworks_aes,40a038815f2b841ee716f454c4b5fce95c4cebb433c70133e0c2f356447351c8,1,1,139,139
secworks_aes,40ba513ab88e95c4aa2dde3c41ef9649c3435ec76e7f9c71446fcbc487bc3405,1,1,1547,1547
secworks_aes,40bc70e8db0a18e5cb3a738bf7cf315502c843486523b0d40a9156fa4d4009ef,1,1,302,302
secworks_aes,40c5f2785ceb0ff1e9c8107f8e24e97c1e8bb977c7ef0c5c68fa4a26e83dab8d,1,1,1884,1884
secworks_aes,40d014e666c051cfaae179885f1f0a33cb2c76faa3c49621de7065e5d46f8703,1,1,1869,1869
secworks_aes,40eb2ac7b083c27501ed480713cee700457ea5007528ac978ad7930619399e84,1,1,1499,1499
secworks_aes,40ec562ed55d716867f75684e8d1df11e0c8923e634de117a979e702befdd4c1,1,1,394,394
secworks_aes,40fb143f1c4093aa801257ea5c5b2a5720dd7ffb17769e31f4e9889ad26813bb,1,1,1849,1849
secworks_aes,4123f7c10436157fb40d82b0792da163bc41e9e20e0e11cafa0d2ad7fa3c394d,1,1,1643,1643
secworks_aes,4124476d9650ed2fbb924f00001a3144fb6104c594d24a272979ed4a12cb812a,1,1,1617,1617
secworks_aes,4124ab1b24f8bfc8e1f3ba5d5c45d7f757eaba3fb4427b0bab252347d6231d33,1,1,411,411
secworks_aes,412d76c0930b6c7badb3c1b8c5aaf142bfea995e36bcdfbea870400ec35ec9e5,1,1,2010,2010
secworks_aes,413cd75e03458597eb59aec608e561b3c95b3e3e59c8f8c665b6d88469056721,1,1,314,314
secworks_aes,4141f8a739a69c39abb74030985b62bb0fb9eeb7e2184e38c7d4a0c7b2cf0c53,1,1,583,583
secworks_aes,414959de5906c6f0b8ec6602b7e3a0abc8848cb60f425081f88dd616334fd627,1,1,1241,1241
secworks_aes,41568f6ee14b5c80e29f32231e2c6bde86d24c8ddb0b14f0785efa0af1bec033,1,1,511,511
secworks_aes,4184473ee78541363910e604348b93648a324c927610bbdd7bc99c814396f187,1,1,138,138
secworks_aes,41901c932ab574920f1b88802a241e4a61e4ac2c9998d62c2f4868e2302fea8e,1,1,729,729
secworks_aes,419fae09787533e404bdfbd9e819c856a735640225c427e763356bdd9301e258,1,1,1555,1555
secworks_aes,419fd7fc131325a5c2bce775515dae551d37378c0cf50a59b09d57627305c6e8,1,1,1311,1311
secworks_aes,41a0259285a5cda3dce9be963e4ddd691889c2726339fdcf4e2c55c57c741f94,1,1,489,489
secworks_aes,41a7c109190fb7a2c99f51105073cab515b59ffa3faf6ad25f2576ae35323526,1,1,1058,1058
secworks_aes,41adaeebc5744811a2c71d5290d1a239b80966165b8a6e7b9bcd95cffbb31663,1,1,780,780
secworks_aes,41b4b3948ba17ffea9ed71e3da35234d2a8525c04570eaa4887f34299e84625f,1,1,1047,1047
secworks_aes,41ca2329e5f833e39a7879bcc35c00025a8b011ba1ad8a1542e3d5905bdded97,1,1,85,85
secworks_aes,41ee657f807f53e4723f9a5b682d175940c904a13c60fdd3a24ad37a820d4c28,1,1,2005,2005
secworks_aes,41f295b86e0b34df6e4bba6472ebe7ae12aa7e0f296e75eeeca51aab4a01a980,1,1,1562,1562
secworks_aes,4228325ff4b83b5082dd1c44ed539dfd7f33788d48b9fbae75de61cad43c3d5f,1,1,106,106
secworks_aes,422d567870e7b36970964fba4d7a5f3fbb3b6db9686b4430cf80535a78846ee2,1,1,1097,1097
secworks_aes,42401a93d5b3d2ccc6c8115ff814944ecd601ab7e21296812dd595e0044bb91e,1,1,225,225
secworks_aes,424699ff6c58ff75d8fd162ea162e327025c9e02351f7d56dc6d010715e7b096,1,1,1052,1052
secworks_aes,4255f8df47e2ef3216c51e0afc5401fbc0b782ace32bf1e0cd7b080ffe5ba5b3,1,1,1329,1329
secworks_aes,42758c54735d349690c6d343b297ee22d5044b66bf9ef0e74d5a1a1cb5f4eff9,1,1,123,123
secworks_aes,427634becfc120b89424f0af24d433baa1402cd8cd701bbe6af16d11ae452af4,1,1,127,127
secworks_aes,4297dd87bda5dc0da19ea32c8ed8c2cec352869616afd9e6846220539cb00078,1,1,786,786
secworks_aes,42991f4a3d3ce482bd586368fa3628fae303251bc89f3d2dc740ad45925b984e,1,1,1737,1737
secworks_aes,42c5df37e0b45911121a688caa40d2080b9d910e52c274da9882574f9ba41c13,1,1,626,626
secworks_aes,42e13b4eb7bf44ecb6035a10c6f7e4b5309cf4c98693756369c9e682015980d5,1,1,1257,1257
secworks_aes,42f675b36555d14a97ef0d5cef49543b19f4aa3f2f9eca26ba4cb69acf347bfe,1,1,391,391
secworks_aes,42fb5a369436157fa6a6b576276423de6c31ff80f1e507118e928cb54190f95d,1,1,951,951
secworks_aes,42ff5d005e2f70c4ce7390fc70a7a093d3acc479194478206018c416c2a0b4d6,1,1,928,928
secworks_aes,430f2eb98f8da73eabb05643d6604f34766c1249907a49d211d807621a8e9ac5,1,1,874,874
secworks_aes,4317ac443832199a7a78b05c13ade52ca6520f75f9c7b931bffc002bd32f2dbc,1,1,986,986
secworks_aes,4323991a0fec69b56af48f9aa649e00936b4afaa724564011b2752ea1dba2d9d,1,1,1743,1743
secworks_aes,4332e61099f971fbe3c08d5206461a39a5ce81c84d539981cbc4062881602d86,1,1,1548,1548
secworks_aes,433fdbb8db6c2f40fb71d596b1d5bef4bc016c5fd3de45c48f2f1f2fa1fd43c3,1,1,682,682
secworks_aes,434112576a44181a29b92d78b713d5a7a35c3fc6df1f0322bb530d9319b62423,1,1,1460,1460
secworks_aes,43453453a4da560357bba5af4d515d26f0b091cfff0e06b8a4e881bb5d4b35e9,1,1,1077,1077
secworks_aes,434c20304ed8c47c919b01c00700193b6fc55212830ead2eb1ac92e228caeb1d,1,1,779,779
secworks_aes,4367bc00e753c366db9dab85bbd7a35fcbe0cb1150819032ed73ffb410566e69,1,1,1767,1767
secworks_aes,436a1ce695826a62a81f859d6655f5867f8b4f9b55862c5afd9b394ef616f4fd,1,1,174,174
secworks_aes,436f65399ca9b0f0c83d359080f6e8f2c1deb77f08b752847fd37eb4fb8def8c,1,1,1305,1305
secworks_aes,4370876ea14ae50e60b0dbc74936134eb9f14ffca93dfda551870774468d7fab,1,1,1688,1688
secworks_aes,437949c68ac3ed3eafe045e99df38a3ebc1fb10e5406f8ee076d9531cc863cc4,1,1,957,957
secworks_aes,4398a19611b014e6396dbffa6d14626e5bab45794769e6eaadbf0001088048b6,1,1,1703,1703
secworks_aes,43b144984393b5615438db2c8a268559bceddbc6751862f4c784c74d74009eb9,1,1,1220,1220
secworks_aes,43b2b7ae2a2a302015243cba7a690e69eb92f9f7ce948dcb210d8d809daa2310,1,1,2036,2036
secworks_aes,43cc74e795587fe23e4ae4588730f4a2243439f1daa12589d7137671b4a5d51c,1,1,135,135
secworks_aes,43de0dec702c7f6ba93a899563650327f22e8da7e9bc96ff1b634739223d4d72,1,1,1247,1247
secworks_aes,43e194ae8da8bb505ca025e8833ba9c20f98d8a4b8c74424a3299a37d6432089,1,1,2006,2006
secworks_aes,44128549d02c483ee513f92606cbddbb6b55aba9afb6963698cdd69d6de8a79f,1,1,684,684
secworks_aes,442b0bcdf73b00872d6b70c31e1879c4f8a561b9dc6aa16b0d0035bfd1def12e,1,1,248,248
secworks_aes,44305bb195895129fe856354b94621f15a0f9779d961f888d60c8655f1b0cb0d,1,1,40,40
secworks_aes,443346e4b01c76e0dfa004cc02e5e74d7d389ef5c034a98f064485b0f93e40d6,1,1,1123,1123
secworks_aes,4439a57c6d01b9f915ee63cc8b71b9d6fe046abd51ea52804bc45da894c92e20,1,1,850,850
secworks_aes,443a68215c3ca672981714ad65957974630ffdb3b854c8c4bab022e8c9c6b01e,1,1,1068,1068
secworks_aes,4440acbb587bcbbf6c9cf6ecb6428eda9fa3ed5421d95a362f21f84de6d8505b,1,1,463,463
secworks_aes,4458bec6837a487211002618325a24fa8eb5fbc3fa556d226a8d103843fe656f,1,1,1323,1323
secworks_aes,4474f7b870d976c4a208b1aec9bf1ca1c6a7717b8a4aaa7e15afba58f2c3652c,1,1,128,128
secworks_aes,447551fd33d2533c841ffe0f6a8551748330478af5f94d5f5881d105aea19e8a,1,1,581,581
secworks_aes,447667b919bf6ff1cfe284913d9afb4da6f42b421cecf792a8ee1dd58b3fd188,1,1,1642,1642
secworks_aes,44804def6a1a85592c29977f969e3661e16903575b5536ecb19457e619b8c5a2,1,1,1791,1791
secworks_aes,4486badd1f61d5a8c3572609ad9f24d5c770547b7afa78eb30b5f96438694a83,1,1,1455,1455
secworks_aes,44b38c1abf2fee9afaf18b0234471370c7c5649362be8c158a5bf63fcf071b0f,1,1,856,856
secworks_aes,44cde8719372cb860a51f9f321a23c8765107016a4467c50e672866f9d24e76c,1,1,109,109
secworks_aes,44d3da11df2a51607b0dd370a15506bfa6d5ca466a887ad2e7beb2e75d9bfa7a,1,1,1106,1106
secworks_aes,44f3028a7bbd3856f2d7cde3379c762a8094ebbdceef80ee1be990dead6d9ecb,1,1,4,4
secworks_aes,44f6f89669f4d52758b510558ded8c22d4a6f4d9d6cf19affd497e1c5d0afe2c,1,1,627,627
secworks_aes,44fcf9039a219045b2f16d25d6c85a98e650451f8f282862038fc1b9a112357d,1,1,355,355
secworks_aes,45073ce3fa46dabb4175d3b4b6ec9dcd73ed5ef767efb7e5d1aa623a9c612de3,1,1,282,282
secworks_aes,4508cd448c62e1a673e50791fa9670747e5f00332fa2e42bd454ed99b56cb94c,1,1,1986,1986
secworks_aes,453c732a7df903399a627ffe580887a81df8d475dbe200f77c608b2bdd506768,1,1,322,322
secworks_aes,455e26e35bc7b34f09492c8b12f7819c0980f9a125d908a518807f4d4578a615,1,1,1950,1950
secworks_aes,45823e71382c4f08a6b0eb8f60fb7c069d0739b079135daa578d62cc7e09677c,1,1,23,23
secworks_aes,45a0b66f1614db880edd6cbe4143beb95acc9fe4ffb51cbc8ca8b03681404a84,1,1,1224,1224
secworks_aes,45b1989c4ec2505fe57a4b964bfd622b4b0af5e08b17961b16ccd4e61b762683,1,1,1432,1432
secworks_aes,45b64c8430df6e2eaa500f5642ab7b23410379c99703b1fe2f006a3d47b89b6a,1,1,1408,1408
secworks_aes,45c888f5a7cc36e334ebd1068b6fbc1796f79af61dff325efe5fe6580ac58a99,1,1,1466,1466
secworks_aes,45ff29f7348ee51475ff1ace5cfb4a06ae59ed5d902836ecdee557e76b3c219a,1,1,200,200
secworks_aes,460c8ca059ae552319af6bab0ca7ed78d9c9e2e8e508cecd5787ed8c7b1b8875,1,1,1061,1061
secworks_aes,461716e121446ebfb9b2f49a3de0e32c1a25c833a67673207fbe69302fc1cdfd,1,1,26,26
secworks_aes,464c6de431c433c464b76938e9a80d4ba32dfe677d99922b9ed378b072047027,1,1,1753,1753
secworks_aes,465b577cb08b3ae0aa38cee7ee3275b6357049437db2305ea81f1a19eee569b3,1,1,772,772
secworks_aes,467d4f01c332a1260e6ea8f409c237b58d0db80240dedd3ff7d37365e4b54ad0,1,1,611,611
secworks_aes,467ee54dbcde3a536716b8a036c9cb3373b628458fa456c4f8b6687d72f8ba7f,1,1,927,927
secworks_aes,468700562e857915a9c3e2521eca1123c328315326106474a0761fb66431cfc6,1,1,1713,1713
secworks_aes,469745e04cb564d94b5eabea38308561b73c0dcae80db96dbfc3e42b7bd27e69,1,1,676,676
secworks_aes,46b258176899f50eb78fa9f2b2627630b7811ac2f771046ab5cb7efac3e8838d,1,1,409,409
secworks_aes,46c147941c9db9e815af713802902d4b746100c7ba107931ded00ce5bbd4b637,1,1,96,96
secworks_aes,46d20377358a178cae3a05ec0fba7a3c3f37de136207b750bcd57163c826f9f9,1,1,1179,1179
secworks_aes,46d2e38b25d3877e645f282e7828812184d8ff69bb1633cb1a1888e06cf7ea23,1,1,1162,1162
secworks_aes,46d6724138205d3ac2cf6a8ab29b8125398b92cd0b99727633dc92ec3714df07,1,1,125,125
secworks_aes,47031b01d75448b2e6f72f9c3cc35455eea9aa015734f7409b700480b1c20282,1,1,1905,1905
secworks_aes,471316370e67a1022311dd34fb3cdd6a655780bf59370531c5baf600e51409d4,1,1,781,781
secworks_aes,472199953bc173d726d89aabfb0b02c00bdc45bf752d0b10f46441dfff7dd253,1,1,815,815
secworks_aes,472f1ca259dcc88eabb7b3c297c98ff3f47456bd3ada91f8e8e78bfe4b663f54,1,1,572,572
secworks_aes,4749089c9a625d039b96ac22d502a69190f6e5ff012856d7fb91f9eb2a538a97,1,1,1394,1394
secworks_aes,47a00c0ad960baca09747f3438ef009539a60b8be395d6546d781efe861c873c,1,1,1724,1724
secworks_aes,47a8cee97a87d6ed00f36ecc7e7a61bab642629e38f1c575bb731ec2e54a99d8,1,1,1835,1835
secworks_aes,47ad92d1195c35defacd8d4777e58cf4ecc9f702d0beccc49730483447d5224c,1,1,1370,1370
secworks_aes,47aedc7a1a6a9ff9d47b40151e9286a0d4e2b97d41edf481837ada06001ecb54,1,1,1215,1215
secworks_aes,47afc59e4d3e1c7ca0308e485e86b35724bbbc94d2c661caa44175d461bbc387,1,1,2026,2026
secworks_aes,47b1dfde42e596fcaf911f17625b7738289af3c8ab2829e115599031719c6d88,1,1,448,448
secworks_aes,47cbf5845a7e3678984ea1323714aed6d7eb84afca306fee2418eccab3dbcc57,1,1,1274,1274
secworks_aes,47cbfb0ca3b1f03954af0d67c946fbd5c7244412ecdf6bdc9b19e542058375a2,1,1,1792,1792
secworks_aes,47f738f6ae19da85f4e21b899b616552cc60c992a3ae2b73393135d474b1a4a5,1,1,1415,1415
secworks_aes,480088cdc13b274902134d4e7b88760ec598bc5ab3c20cd216ce6ed161e88621,1,1,804,804
secworks_aes,48047a1d3572939b44c3aef46adcc719c8c0299e739ec83f9f4b1e7609192bf8,1,1,60,60
secworks_aes,4814eb38fc29465b077d6cf5c140603ee7350e895ababaea2d2819ae0ad51752,1,1,688,688
secworks_aes,482e03010745efacd9ca9fe39717237a1f8a36209b2d200f1f7edd9e378b4894,1,1,1489,1489
secworks_aes,483ed58ac6c4d7e78749829ed49a1284f321afbb7fb7b21ada9ab0fe51461c41,1,1,1104,1104
secworks_aes,48587e7b7dc911b42488b211e122ebf94e64b225323c4e8108f696b28910b50f,1,1,16,16
secworks_aes,486110fa40ebbb13cf3b74338cfbe55a78d866c0f7b6004a29f731c707205da3,1,1,1883,1883
secworks_aes,486946f6dced4e941ae1cca2e9fd141c5994cabe5ac8db291aa0b86301c6d9cb,1,1,1790,1790
secworks_aes,486b533b8205ea7e0943e36f9e915e2bf047815636fb53d33aea35d6da71977f,1,1,1727,1727
secworks_aes,4886808e0b5379a4389fbd967a342cf1cffd4d0d891f9f01422f872907135ea5,1,1,269,269
secworks_aes,489c5d70dfffbe4b403c8af76fe88e1bb3d1b165cf2514422845d53a81c9496b,1,1,1306,1306
secworks_aes,48a98c94fe7de8c88062607a57113df1aca3ec16f344b1477c9f9ece971cdaa2,1,1,213,213
secworks_aes,48af81561df5f86e05cd29b68707e1c31cbf1b6581ec368d911ef8ad105f6de2,1,1,595,595
secworks_aes,48b81799648a7f3f6c81ce8ec23aab7e729a38073c4d25c0f52ef7b279af43f5,1,1,324,324
secworks_aes,48f908c674f2599bc0cb2edf8a0b876b9d0cdd097b2c4bc684a41ee2f0a46575,1,1,190,190
secworks_aes,49187848d349646f483504b87f3bfe6396d302da91b77860e8fc029b402f7ba3,1,1,667,667
secworks_aes,4945fe8ad1051b73363f29f763f06e47d1efb432013c625deecb7465d3bdd9b1,1,1,364,364
secworks_aes,495df614ed6a224d03d2f4b00ef5f2db33a6dd39e41298a6bb5cd574d7c811c5,1,1,1768,1768
secworks_aes,4965de57be0921287381133bb2a77a0970dba10b54c9ecb9a87c2719aef6d72b,1,1,332,332
secworks_aes,496fb919f7b379c9fef002b8ecfb91b8d3faaa13e54bf3a9329bb2300744523f,1,1,1654,1654
secworks_aes,4970e52daac8b5f3dc77f2f0868adf876d0e94890b00be48a25a308189e86cab,1,1,1875,1875
secworks_aes,4970fa29d4fe327d8eb40cf1bd54213dc3345de2a5702840f38942c304c8d467,1,1,1606,1606
secworks_aes,499289c1a7d29054d7a341ebff6ee5f74db471eec81b50e88a26669e4a40b099,1,1,268,268
secworks_aes,499c63a38572d401e79af47feafd5f745404d2d8eea711273d18703959ec17fb,1,1,411,411
secworks_aes,49a202a9dbacc12793b102adf0f8d18f173f600fdb60bd41d37c302fd97afd6d,1,1,575,575
secworks_aes,49ba89d9ab1f0a3a732fec24452572e89f9e860c96380fb888a437d2b195b444,1,1,1157,1157
secworks_aes,49ba8f7ecd4bb7c61e335326563f2d620e86de9bb4ff113507fb713436e2440d,1,1,386,386
secworks_aes,49d4cdb8a9ac4abf010164acb45870a7bdb0f02bc0ceaa8608ac373e698fda93,1,1,1528,1528
secworks_aes,49d67dbf2132d599f8fd9d5432e62ca29607ac3530a6fae8d856ad08f77c7210,1,1,1422,1422
secworks_aes,4a06ffffe4e1c34cc14f16653627ed9073d9c13d91c38b251be3d8203b4cc380,1,1,1801,1801
secworks_aes,4a0b39e09798904799e0af88833e5ddcf2e59568453600be0a521880eb31e775,1,1,675,675
secworks_aes,4a169e6be1076bbc040e2d2d8149ff398647a2457edf011e546586e6c824aad0,1,1,1889,1889
secworks_aes,4a192c17a1e18da876e35b1d17bcb7e718c456a95eb1c88927b1092e7a0bcb76,1,1,1380,1380
secworks_aes,4a26ab8088fba201c4fc93bace230bf3ac1237b5f852ab343410b4ce1c085d64,1,1,739,739
secworks_aes,4a3f76543e40ff68d918f32469eb98c7e5faf6dd8f47bfe926c824a001562139,1,1,1107,1107
secworks_aes,4a6221d8ce8d2a926f76a6b30ef1261e1bcaa5faa8b1067ebafec7df465fff28,1,1,584,584
secworks_aes,4a64b08718a85c87cbc29dd2ed22ee6990284606910ea655094e5328ae525590,1,1,339,339
secworks_aes,4a6616df73143cddbbd4330c137defc22cb1bab2a11f21f5b09d23d5172a2b0a,1,1,1629,1629
secworks_aes,4a83406c842887659c4336946e1f12ac5831520a6548213156e67663d431f8dc,1,1,1981,1981
secworks_aes,4a88fd20b545ee46489d30e64f9374f5b8eb4d0b43bb3e40b0a1d67da5508bb2,1,1,15,15
secworks_aes,4a9a6b6185d3b3aabc7b9f9b916839a9de1bdef355d571d5636835c38bd65dfb,1,1,457,457
secworks_aes,4ab78fb740be79239feb7ef47a396b1f7ea5f8dc3b8e7e32e8cbd6602ba1d91a,1,1,658,658
secworks_aes,4ac4d813d6ea6c2f7770eb860c596c1319a38f097b8349ad2795509f0687ba0f,1,1,1369,1369
secworks_aes,4adacdcf9b7469a2559ee282b5064cf4f6865cfccf3799c2a0c84b97b69daefd,1,1,305,305
secworks_aes,4b03b2609db9173e4ee46dcb0b2e64b62582acf8b6f73f84600a13711cafe28c,1,1,676,676
secworks_aes,4b30358b6273d484949f46cf92aff1191c74166a47bfe9977b5b661b032e1073,1,1,712,712
secworks_aes,4b4db5681440c0e1668964b7422fd1a5cec036cbe2275af98d1703f9cade7cc3,1,1,1451,1451
secworks_aes,4b5ce54ddbe20a6030a954e993a54e9760b74b6d4c38e24d3e44479eebfc3fe5,1,1,1750,1750
secworks_aes,4b5ff09f4a5c994d322c0fd8f0bccb37e2ac95aa9a61fdc38a7437e54f1a96eb,1,1,1533,1533
secworks_aes,4b8da08eb7620a6d64f782d482e7220ab0daa2280646542dfcc768887119d3e0,1,1,529,529
secworks_aes,4bb05affcc522fbfdc3ca0fc24e6d7417f4205f7a3462c277051ab684efe6bbf,1,1,1087,1087
secworks_aes,4bb4c12e5adb4e8f5ccbfdc8dba69e40ba4a293ff9d66f556045bc5ab5445d12,1,1,934,934
secworks_aes,4bc917452aff29388b011f9503ad825bd97b2760099f7d72225d0bee7a45ea58,1,1,1162,1162
secworks_aes,4bcc3f081651aefd48d16f4911cbb81af52e97cbb36cbaa0d83787ad3c8fc9d8,1,1,2041,2041
secworks_aes,4bd162d6991ae765c7b16e30a0568dc3367114b848c861eb3e52b8c81ac533e5,1,1,1635,1635
secworks_aes,4bec9566812ae72e6f8b0c6fadfdef6c09fd798506c32d29d9dccdd2c7e7a395,1,1,1730,1730
secworks_aes,4bfebf5fb22482dd07bc1a2f496352d72543ace988df8837c31f4ae1cd6c8ded,1,1,1911,1911
secworks_aes,4c204d8a6f299d736b92797818b3d3107359e82f564f4170d1c57675c6381f89,1,1,144,144
secworks_aes,4c242f929316b8e3a9ab2083b5c8fde7038c7c3d0fdbb38216246458cbc3e189,1,1,758,758
secworks_aes,4c2daaddcb31709a9d7d1196d9cb7b36bf633500c22ca18229a4ec97bb07957c,1,1,1347,1347
secworks_aes,4c3afa2225d91fe50559eb2c31920ddbce9911e53524ab885485a92becb0c952,1,1,679,679
secworks_aes,4c40672f85b18414d9fec64e329c94697f4b7b8b848c41219cc650e133116e7c,1,1,318,318
secworks_aes,4c622a09ee4e9dbb2225088b9c759239b251fbe7f280ae7726ab7dd8fce7473b,1,1,1611,1611
secworks_aes,4c664a3278aa000e088e6063bb27aca71e2a4e8e539b80c6652c9bab44c636f3,1,1,1319,1319
secworks_aes,4c69152037275f8b0293f9b422f8174e0e2be60caa2cb498fa3d341c54df8ae7,1,1,1367,1367
secworks_aes,4c76582fd4c5b19c87cf23789b06f1e2445adfb746a2b5bf4b4132b647bcfc42,1,1,366,366
secworks_aes,4c76e76cb6523e5acfa12bb0dd80a2ef2b14f7f8e20ed8fb1f551d261c8e59d8,1,1,1354,1354
secworks_aes,4c816e3dddad0ed5f54efd8206c110d17b977da68295588ba2032b65be425dfe,1,1,2007,2007
secworks_aes,4c8ca855bdf460589882393f751a9f64a41664c9b2bdadbd8388cca021add92a,1,1,1725,1725
secworks_aes,4ca2cb399b4d5d73abcb7ec13b13cbc1eabcff874a1b940a08e244c8e403ad62,1,1,397,397
secworks_aes,4ca3facf84b01e91802cfd2832ce360912beaf1697bbbc2399bb139ccae7dd30,1,1,1869,1869
secworks_aes,4ca9fb467d5f17e8f26d0827a333fb845b92789e4103f09b84f5ffda2bccab7f,1,1,1892,1892
secworks_aes,4cbeabe45a390adf99ea0caf17a3627a7b664e14f30a287da9b87a28631448a3,1,1,922,922
secworks_aes,4cbf85aa111216b200383438e68394b0c52c46345208109bad406705f346dcf9,1,1,508,508
secworks_aes,4cd705277b6e19d0cd11138c00f1448fdd86bc21cec798276a660ec937edb528,1,1,1900,1900
secworks_aes,4ce05918f6176bc7430f6f1ac1482efa4cfa71285791af43dd483937c107083f,1,1,727,727
secworks_aes,4cec4e63639e5a39373ed4b4e5865ad67535cf7ce96c3fb99a45cb39486b2186,1,1,1709,1709
secworks_aes,4ced83580c2c5c419b43ebabf4e0c8e91fee2bda165b2c4f45821431a910cf79,1,1,1002,1002
secworks_aes,4d16a00147847996497abddc7549f895cbeeca87cc0b62120f541d96e76b3bbc,1,1,1313,1313
secworks_aes,4d1981428e12ac14b5da484b1fe428c762b65dc186459edc18914fb8dddb784a,1,1,1008,1008
secworks_aes,4d411cac97631239004a0549afcc373a5bdc6f8be6b1616ded12e6976f69a114,1,1,1285,1285
secworks_aes,4d42cab163dcf560854824ec48037f17d7e2437b819132cf5f0a2ab90203b52d,1,1,856,856
secworks_aes,4d4920b7ab01dc1a78a87299d6923911e38b4c7bf38446c1d07952ef4639b51b,1,1,1930,1930
secworks_aes,4d5696c9f5f8e2640cac6863de91bdf98b34d4b05099297747a9911ba08b34ed,1,1,1465,1465
secworks_aes,4d8efd794761dd9405fe165ccd93ac9f2c7a3f849470245ae22e9cb4bb8fd2f4,1,1,1898,1898
secworks_aes,4d901d668acd93d6a88e3093f18f05162b888d82e2e5e012c0857ed4d6533ab0,1,1,1979,1979
secworks_aes,4d9c948f3c853faecb4bd31bc51342f3edccedaec168a3dd3f8955fccb412808,1,1,30,30
secworks_aes,4d9d5005026141b7d763c4a31a7b8564c5e05741690644751a6ef6fdda487cb1,1,1,1115,1115
secworks_aes,4db454e33d9b8186dab0d53c4fe515999218f4a79cd63c483042eb0fd3dc904d,1,1,1368,1368
secworks_aes,4dcccefcd3597bdfdc68591ef951bccade0b2863e9ded43e9709175f77b2c05b,1,1,100,100
secworks_aes,4dcd73f0ce242bb42023d35eb71f087eabfb88b7e98f664fe5f62b7dbb020b04,1,1,787,787
secworks_aes,4dcf02f2857246c7c884cf414daa36a0898fcc0c5861202cc3e8914213ef85e3,1,1,467,467
secworks_aes,4dd21bee329bcf5cc3c1f2d18bdbe3b0de417ea9db62892c697f47b81533eb16,1,1,399,399
secworks_aes,4dd7f6bc41b30e55116ddcaf8a07567e7dfb527373a98369e56d0746b3729b1e,1,1,613,613
secworks_aes,4dfedece67d2913e7c7406cb6347933ef4bf3ced7ed50edc39415a71e6494dfd,1,1,182,182
secworks_aes,4e1b7d8d9ddf39785a4edca0c77fd4cf809a9790be329de314693c7cabe5ab18,1,1,248,248
secworks_aes,4e1c8d2123a375d09a7ab274b9b45f30273606ece4ebba31ee8fe4c800f5f3f7,1,1,1950,1950
secworks_aes,4e32368379a19f83116ea8498799aeb737304a8cea5634f6a340ac7fb27ba529,1,1,625,625
secworks_aes,4e38d4bdd2f765cfbdd372d4342880d44419686e6cd7a84a31b2a063657a2dc8,1,1,651,651
secworks_aes,4e419bf2adba29c96629130fe54a0d70e4e9fb9aa25d88d6e0c34da4045b6747,1,1,796,796
secworks_aes,4e46f5de19cb3b8e07a92b8c916741bd782ac27b715052dfaab80d074def2841,1,1,1949,1949
secworks_aes,4e4b05832f45332cadcc0c2b0151bc901a0e378d34f58d01ba704dc1b2655547,1,1,134,134
secworks_aes,4e5d013437730706c7a202b4659eb6c66a3da357cd8967b8e114e58852c97d9a,1,1,1150,1150
secworks_aes,4e67b02fd114e6425faaebcb8bc5e7eaca7c3907eac7ec0d138d1b514a0cb83b,1,1,933,933
secworks_aes,4e7ee5dd62855f6a85fe2980abab74affe32cb7eed30cb9e2468a5b20450ff30,1,1,633,633
secworks_aes,4e84ddbb1fa67e981c745334f3fba3461bbfdb7be208391389174835f44b37bf,1,1,929,929
secworks_aes,4e88e61e26640492fe0fecb40a017bb0325b905754bd460f1b62686d036938e4,1,1,178,178
secworks_aes,4e902d3a387ad6213f6a608a7c6d393e0ad5c78113ce1705d0e035523a7f4552,1,1,1593,1593
secworks_aes,4e9d7a5b53c285183cd115eb915acda31e0a5e9e3e60b1fc43e231a33f608565,1,1,2016,2016
secworks_aes,4eaaafe6c553b10743cfa101a408e39eb083df52acd891cb2febd2e981ae87e1,1,1,1700,1700
secworks_aes,4eac6bb9911f46c79d653f90d8c817c5515936c7aa28180f3d5a8e0121c1ff4d,1,1,1045,1045
secworks_aes,4eaf155a1d9af641fb84c43af240c08635b89a1b06832bea1c8df6e5aae7a1c0,1,1,240,240
secworks_aes,4eb4aa2cec2b06e5f7b1fd78d4cd83a137b4e2b360ef2aff69a2d1cafd37b7c4,1,1,1722,1722
secworks_aes,4ecd8c4643999146649d2482e3eed75b0fa1672e1e7b9d1277c152a85fa22e4e,1,1,1527,1527
secworks_aes,4ed32429f68a453eca8b93f6555c4277f4bc681ffe73c975133142d58090fe4c,1,1,1725,1725
secworks_aes,4edbc006142b2d4cc4ac2fa8070b3aed7836bde0fbd2fbacf1c9fc795bb33538,1,1,1978,1978
secworks_aes,4edef65e93037810a006a6cc8a17eb438dd60965aa7b7a162d54721ee03714f6,1,1,857,857
secworks_aes,4ee568e6c1e492a31304f4bd012f534b37cc5b30e6cf75845918a4d89f72f828,1,1,166,166
secworks_aes,4eea96ab9778edff6b7590386f12ed769795a918d7410d94f796e13c0770e21e,1,1,543,543
secworks_aes,4f144154b79bcb8f1d61627ff3245a751622517ebfb7bf9687f112bf1dd802bc,1,1,63,63
secworks_aes,4f199989ea85af094acb59d830d0985381e817b1aacd726e1d1e16466efd8375,1,1,1910,1910
secworks_aes,4f263d7946a6eca0a30db3db255b24330c6548be48979b89a27b6ed244a297bf,1,1,61,61
secworks_aes,4f2f84115aa055851b296aecb4133ca479e51a54f701101e8d840dd4d0981de7,1,1,1474,1474
secworks_aes,4f35b0094a7e329dcb8f106ee3fca08a8f9d08ad51525b9bb8118857666a1f5b,1,1,2043,2043
secworks_aes,4f3a069ddffdacbbcf4f7361ec16308bcbf86c9749304c95774ae05d97e06736,1,1,1028,1028
secworks_aes,4f3a33f1dd6cadae1e0d13e85f1e7665e9f7b278ccb53ed12596aac0c5a009d7,1,1,475,475
secworks_aes,4f432870bfb4e0dac77f0b6e22644bacaa47b91ea019223fb28506928ee11f74,1,1,1546,1546
secworks_aes,4f5779948997bfbf2dc86c72391227bf47dd62b21f10195b8270c607275a3120,1,1,1532,1532
secworks_aes,4f694a4fa890d77668fac889c11d398158e13b3104ade1dea282610fce32566d,1,1,1669,1669
secworks_aes,4f6ca5f6bb8c6f607fffffca39e47b7b9f79eecfbe24f8e5c4be8d1780c68ffc,1,1,89,89
secworks_aes,4f812b76a305f849bb8b62f8b21e9d87c8f41fc4c20ee78cb7e17e8ae80db227,1,1,1014,1014
secworks_aes,4f83c5aac70ca84ba0f45171e0fb616ce4e50b6c2409d78c80242f78b7add04c,1,1,1874,1874
secworks_aes,4f84ccb5e0886d4797e1d40cae911e53606aaf8235fdd7f2956f04673a6f0b78,1,1,616,616
secworks_aes,4f8a74cf24098a1f94e400afe92f5c42a93cddb85ec489ea34171214d945c6fc,1,1,83,83
secworks_aes,4f8f49cdc2bf7525573e71c3151be8c79c12a1cc9a11550fa8f037488f43c26a,1,1,971,971
secworks_aes,4f9d3f87db859bfc78681aed048ef368dd0ec2ed7e9656c9d300e7de0a7bb177,1,1,263,263
secworks_aes,4fa238b4fffd9279098f75382b5dec8c31c94188717e1369acf489d7cd55ccdc,1,1,289,289
secworks_aes,4fbeb54cf262246b9d47de69b61d0abf2b95e85326a7678e8a4f8312eb221dbf,1,1,181,181
secworks_aes,4fbfa9e538ac9b3ec9e6f888e73e7bd706ad29ba97caccf36ecd84dbcecb4b85,1,1,1482,1482
secworks_aes,4fe224d3e6c5d50d1549f0ce5f0930ed6e2d675775bbf6e455063e18435fcf07,1,1,1764,1764
secworks_aes,4febf1cb5fc3f7f0cc1c7c955c44c4913606c429a5ca7e1d1948ee1f52667b61,1,1,39,39
secworks_aes,4ff48348e13fe74ed946156717e81413f9c5ae3261f39ba717cd5a28cb88dbf5,1,1,1914,1914
secworks_aes,50188c3035dfbb53dec2c08be7764daeafa8ec8d7ee4be10a3c2e3f24a20afb6,1,1,76,76
secworks_aes,50190012c68ec9b31e83d8d626166c65663cbbfa95cec3fe0ab2af5b7888d44d,1,1,217,217
secworks_aes,502f09f24368e5490d8a375e15208175e7606917e1ee5308730d0f75a733ed77,1,1,1817,1817
secworks_aes,503399eef21348759a9e4e43f2d55bcb40d817001790f59f06c2e0c470387dd2,1,1,1160,1160
secworks_aes,5035612b182cef424474acfd4d25dee3dccaa7e74c4ce6ba8534ffeae78f8d61,1,1,567,567
secworks_aes,503816fc6dfed81d4da54c2c80d4c9f6ca95940e60d30b9be5fd70981e2a1adb,1,1,964,964
secworks_aes,503af2b41c23198c7fc0f788fc322e25fe69235fda4a35e1c7404ccbb97ea4ec,1,1,447,447
secworks_aes,504a956883543dbcb504d3010674e2e30e1efa9ead7d398f661042354240fa95,1,1,447,447
secworks_aes,504c7a0f32bfb11738a625b305e4adc7d494a542c3471573fc52e1cbdfb60e34,1,1,694,694
secworks_aes,506294463ecfe3fc25ffd66023ec2b12d11bea64970eed928f4faeb8e5ba8a99,1,1,921,921
secworks_aes,5063a828e1f8eef8adcb23e51a260cba333d8294726bbef987a904c5860a278d,1,1,1467,1467
secworks_aes,50877c7a8733ec89172687d4a82ebc7b5491e063805033f9b317b54c850fd098,1,1,602,602
secworks_aes,508c2aa3dba56dabd12cd54503eefe21d66f7b329aa2ba631b5da248ab42f015,1,1,999,999
secworks_aes,50a0094c5ff97c4a694caa382fdc4876bed088e9cbba53de8a26a8e34114dad5,1,1,505,505
secworks_aes,50b8231f827612bf137c9635e171f2a12eca06ff151481f9749f8ba9942d15ac,1,1,1421,1421
secworks_aes,50ba0e2c10e4c7e91212176059b21d55bac56102e0f26af247e389ad0c72b6e7,1,1,1675,1675
secworks_aes,50c8dfc553dffe1ee557ff989e26cf8d190b22d69f0689b2b05951a80a60459c,1,1,567,567
secworks_aes,50cacf732881acd3a1fd0cefbbf7ae4a16d467a8de849a1225087338f54b37ab,1,1,1716,1716
secworks_aes,50e06382ef8ba80ec4ca2086fd1ff268f143ddb0acaa0b3669b55efcbd6c3880,1,1,450,450
secworks_aes,50e9351570dd3de0388f9c7db688baffe41b22b9b4986b4a31e426401d37e618,1,1,336,336
secworks_aes,50fc8973cfcbd761e7d57ee79046abddae54cc6ba82d62e48c9c34913a0875f1,1,1,193,193
secworks_aes,510a966114386992791f59a69fcf0769798251f505e4b846538b01ef41d01f5c,1,1,1242,1242
secworks_aes,51136d4292069c52af4b7679a6dc3309ada6ba074ad19d6ddba33cdf61d40355,1,1,1863,1863
secworks_aes,51184184f08fe89e0586b2ee9009c52b5d409670747b3472d9c0b4baadf83de9,1,1,1301,1301
secworks_aes,511e42957c361d26d121fa5a2b65b018033c1ae48635f6aaea57bf8563c42546,1,1,1761,1761
secworks_aes,513be3eb93e2cb32d620b6b731d61fc1de03cde792f2620c1f89b4fdbcebaf3a,1,1,1033,1033
secworks_aes,51404ea774c36e21018824d22832ea9e5347a6583ec837630f91cf4c93ad72a2,1,1,1799,1799
secworks_aes,5144aba1981ab0c029da7182cd7875bec681cb9c138451249218a6aaaede4be4,1,1,1410,1410
secworks_aes,5156c125bea3e12518a052cb097a6e2ea05aa4105d754b787b2b66cff331911e,1,1,1186,1186
secworks_aes,517a9f0004e6e38f45557073ec28f94ae2d8330bc127b332155f0c9f5177c24a,1,1,1658,1658
secworks_aes,5182a36f6d3a18bc4094b199644c95db178f1052751d6a2d8534928dd8ca2569,1,1,953,953
secworks_aes,51fedbf3f322e4fa0c21c6359ac0b87daa0601ea4b5858dfe8a6c014f7deb23a,1,1,695,695
secworks_aes,5201793df3928495c56e1e7cd2078fd38b07a1d9212fe9fc430a0b202ec3e7a5,1,1,1602,1602
secworks_aes,52110ca7abfa4f79b06dbc6912ee4b7996d653960dc13db72deca218bff34901,1,1,431,431
secworks_aes,52159cba9808d68028f9d5e772e4d681fd8ee0c50652e1993e8de249b9573723,1,1,637,637
secworks_aes,521942a06b61c5b25380f9a9ed79293f6fe39343bc4ec1a2c370531d2e9992da,1,1,648,648
secworks_aes,52237ca343f5bfbc99212e1c25bef6498897c1232383385ec0c0fb7b8627ecf4,1,1,1772,1772
secworks_aes,52399e4783c334e952b9dd5b0b5a0318fcf4d6a3ef2d3d60a2505f37b54887d2,1,1,1821,1821
secworks_aes,523dbbe7fdef4f777def0bcbef2b2d37f47134278cf37f5f8b22359b55dd5a85,1,1,1154,1154
secworks_aes,524191b59937bccd34fbf0a34d49aae42ee6597443ac24805a55997f53ece051,1,1,98,98
secworks_aes,5242a0ea16d4b38000cb981743632ed4fe91e87a435ee9730bc72f6d1659d12a,1,1,96,96
secworks_aes,524c16c845b76027c1662b94d13eaab536e57459c4605f74ae46fbdbe5c0fc54,1,1,1731,1731
secworks_aes,5255ec2777158f897c063ea92c94c2d5fa573bc38f53b48f1f5a114167dd917d,1,1,1560,1560
secworks_aes,5274e61e339578abbf35834fe631c84451d793304cec5b7c48644d57b5b91eac,1,1,1664,1664
secworks_aes,5287a9bd2040423a3894a26ee2091ba89e85ca00629bb182a04e4efb6a857e3d,1,1,1789,1789
secworks_aes,52a9453ad9cebbfbe6e41f49ac7ddd9c4149229596a8241cfccf516e52b54afa,1,1,498,498
secworks_aes,52c251140977dc349ae4817754b017eb0e7f4bc0c3d49b22ee60f40ddf71ea9c,1,1,1206,1206
secworks_aes,52c2ed67ff274a52716c04e6b36624862b3e3a89663c108fb8fb38d0ebedf549,1,1,1414,1414
secworks_aes,52df9096771f2f10624cf0158f9da8ffc04e3bea20f5fcb36b92ee0f7c393d02,1,1,1844,1844
secworks_aes,52f235874886959dbc4c20111a3963e1ece787292d30893a1994afce77b8adf1,1,1,621,621
secworks_aes,53051436cbdb5025afc8cc7697cc25cc19819a30665a15cdca1041cd11bcf352,1,1,2022,2022
secworks_aes,53099eeceda02dabae3e4daa1baff4ae90e7aa382815880537a2555a90a64f22,1,1,306,306
secworks_aes,530a526eea44636aa38f5735209175f6260f9db9144867b932a92a3afcc1810c,1,1,1256,1256
secworks_aes,5317ff01aa17321d54956bfad7cfead8b178d5f31b3bb496cdde77d760b352a3,1,1,236,236
secworks_aes,533177698d5485e5f408c3bd245d58774fad549cf70b1724d354b741d06df97d,1,1,28,28
secworks_aes,5337b9c68a06de59968ce2f9052383e8f9af3afefd3e67d96cc6f2ffd789940e,1,1,370,370
secworks_aes,533868d2c4ef300a68eeb3d47c9ba41e59580868b294fe242c626d9df99908a7,1,1,1384,1384
secworks_aes,5338e57a68f25862f221a453ff57b8140e3576ee9b6d26a5fc8d39678a6ffd91,1,1,1273,1273
secworks_aes,533a6d635abe74967964f4fe5632c8c71ac06bf7f7662f18675bdf8e1796e7e0,1,1,1041,1041
secworks_aes,535340888c14210687e89e55d7a3441673021c28215faa72d656f49c2230b595,1,1,681,681
secworks_aes,53534df16af9b5981dceeaca0dcf3ba09c38c8fa50e76ab3d29590c6da226535,1,1,2031,2031
secworks_aes,535b0330698d07d0d837940e13691bda4112d04952032a5ab181bd9e25f8b345,1,1,1168,1168
secworks_aes,5363313485bd177d957b194c6c14f193e515ff7d42bdcb21990ae39642d43433,1,1,1811,1811
secworks_aes,53814da097cf2cd7c747506125e0d3880866c005f15367705f4ba91da2521f89,1,1,1295,1295
secworks_aes,53858f5eeba78bc08adb877734aa1d392f491cba3423c6f93fca937a67cb3353,1,1,743,743
secworks_aes,5385c46e983a9c2be16c2277c43fb0fc1800ff1cdaa1c149e1fe6e374636936d,1,1,1986,1986
secworks_aes,53861807b0481af60d3013d8f8331f49ba26ac6c51e28e10c3aff4f30a31da16,1,1,1838,1838
secworks_aes,5391cff9cefaad57062e9594444abe72a8811314101f2b76ab39b694b3a2e0b8,1,1,1996,1996
secworks_aes,53a3b701f3be9c72cbf0dbb3faef10128d5095fdc96568b411b131df24fcedd8,1,1,1693,1693
secworks_aes,53adc7ce9e283a8693c95b9ece8f0432b7ece9536609b5ca527df89df927047a,1,1,864,864
secworks_aes,53bea1a7acac0903c2e5457efc429f7874478a034e1e834541e8abc4bc8652b2,1,1,955,955
secworks_aes,53c59542f08ae2afa3be7cd4c49f1298a3265ff0d087ee08c71ff0f0c57d15d9,1,1,2025,2025
secworks_aes,53d9e8891b1225f6b6d849f48282a021f770d4b5c91302fa70e2009f5c0902d8,1,1,793,793
secworks_aes,53eb946cbd374f9e26e6941041a2f22507770fc2181f0e9d56febe741c649c94,1,1,419,419
secworks_aes,540d0288b5de4c734cd170c04da19de13240dde0e89015d04360e00e596c547d,1,1,349,349
secworks_aes,543f2fe4a12558ad1c39f4e46554cff96ac9cea9b8c08f54362afaefb084e757,1,1,1173,1173
secworks_aes,5443e19cff4c9df302cb1ceb3e82c4c4ca3f225edfce3d1848ea5cdc4e565d1e,1,1,462,462
secworks_aes,544407446ca28c69f5c5c67fca86c983538d1c1675dca94f00cf432a3815a5d7,1,1,1672,1672
secworks_aes,54617b28ff11922ceef79b4e24d00c64d6acf1d11a73233afed0ed09a6db6050,1,1,1510,1510
secworks_aes,546a8898398856f548c36fff8b61eca7cdd94b7e338a5256cc04ad6bb16c1602,1,1,742,742
secworks_aes,548053206c8d7c2c4181fd354df26fd8863b59e62015deacd588b9389895ec44,1,1,1234,1234
secworks_aes,54893f7560cf72d4716057087be86a622aec94f8194129875629d6113f9b121a,1,1,1718,1718
secworks_aes,549ea020840e34e04e1687b03a8883fab87c9282f15cc53583c7d9f8087d63b5,1,1,1470,1470
secworks_aes,549f4f033dd45ae4f39af381082fd53446b0c0cb38eb5a19fa45ddb77ca40baa,1,1,697,697
secworks_aes,54c6b37b66d4f3e306e425706f677566166c9dcd979b35a358ab48431280d7e3,1,1,904,904
secworks_aes,54d02c9b323d84e8dc2031c0de8e4a64e28494499784e131dd3a7e1bf728da51,1,1,1912,1912
secworks_aes,54e2d3c89edd43e20952a21dd949350b059da7c2c976e1befe0fc61e8293def9,1,1,245,245
secworks_aes,54ef73b9b37c0815751471b78cbdedd8dba27a62398d32f9dc4efa04f3b0cd7b,1,1,682,682
secworks_aes,54f7ff11417feb29e70c10161bd881a17adce8743053e1ece00ceda9b42054b2,1,1,450,450
secworks_aes,5511e0606006b9eddbcd96a713d24f86486e775ce33b99614a32f18032a2442d,1,1,150,150
secworks_aes,5532251f4778b86050a0cbf876cbfd2401d713c91d90259d39a254b7c7346cd5,1,1,634,634
secworks_aes,5534d241a0e55015ed733838cac79611621725b477a1e24894c1ef0b3d64f444,1,1,578,578
secworks_aes,553b078de6f1baadc342efcce3fd23fae455aabf6e9d900771ca7383f24ad143,1,1,1594,1594
secworks_aes,553b80d2350fb0b804a42cc9c7b720709d99c56f438f5b8b8402539df9f72170,1,1,1405,1405
secworks_aes,55498520a8ad264d18bfed9ca04ae7d70061823b26ff64151f0768301b04aad5,1,1,216,216
secworks_aes,557f81daf183010a2fed1230b0dc61bb213d9c341c3c5547fe3ae36130b1af2e,1,1,292,292
secworks_aes,558e78bbc2569e6146cb7c460ef11ce955ff348d5792d8c48314b8490c7e32e7,1,1,706,706
secworks_aes,558f9678a74cf97067261f2a72fd2e2424f18131742c0a657513d261b2466479,1,1,1088,1088
secworks_aes,5592b44a3df9a593ab5e519cc309b02dff9dcc16eed3cc699dcab6f9022ee53a,1,1,1787,1787
secworks_aes,5595ddd7168e6d59999c66a2f05ebdf446eefd7f9901506bd3aeca798df1a2d0,1,1,1651,1651
secworks_aes,55a0b61fdc88ee3ffd0f6bc6650f33425018297f5b377baa85e2c9deccbaf488,1,1,778,778
secworks_aes,55cd43bb3e66039d3dae21fafdb8091b2d98a19c39785bc2b3ca070eef2b5ca8,1,1,1721,1721
secworks_aes,55db6c50149c725fd299b41a90f1d3cf42d855a21253a1aa4c693f8fcec1a683,1,1,3,3
secworks_aes,55e5354aa649778c5baaf1b80387b70f49029d807669d8ef3a58ce95bb6ae519,1,1,983,983
secworks_aes,55e98bd622a2ef96d6e9219b10058096ffe9cab1f7bc30dfca6f1f197e73fb49,1,1,1894,1894
secworks_aes,55ead3e81cc915dd6cba2e40dc2fe901071f9a97e64c52bfe205d59e41497004,1,1,209,209
secworks_aes,55f9055c34fb60fb68e3d665f97f3a15c18e4ef3b93455fe479d64402f8895b4,1,1,466,466
secworks_aes,56245a237713ed9509bd543b7c954a6de9ceca1df852fa3c42dca3c21f62bfb9,1,1,849,849
secworks_aes,562856d8ac1d4f17b6f17e6d3f685f92dcafbf236bde7a20023e0efd94d6bf61,1,1,1758,1758
secworks_aes,563ab9420b7383a2f3167c92c480a6802c9d812285132f917baca0729e8f81ce,1,1,990,990
secworks_aes,563b029387586c3b7bbc7395074b738c9f358ed7f67c68140cdcb4c04d237703,1,1,493,493
secworks_aes,563e5b18bfce0e304c8bd8f1477f709605c5a118314ce5555c5bac9c4ad23568,1,1,1004,1004
secworks_aes,566437533eda214f9b3fc72cd51f444da30461ef5e512f449ca18e0943b4c039,1,1,296,296
secworks_aes,5665d22338a58b5548df27bcf5feb7ec1d6af6f4572ba685eca09fb7fb7acdf9,1,1,1910,1910
secworks_aes,566bdc630d11311f283bd2b8f5ede564750c949e6b6674ba501104a79b949e8c,1,1,204,204
secworks_aes,56a84143a3e544a415e3c7385b66c6c9836e5735ae38b1e3714e49faf43aa2bf,1,1,1614,1614
secworks_aes,56c41d03dc2e0db9fad52cf7766570257188de820bedf3dc3fe77e45359d9a79,1,1,897,897
secworks_aes,56d340cd8b7ddf49f5b59f90d6a932a320aaeb25e0a16b2486218fc64e81823d,1,1,321,321
secworks_aes,56f7bf96911153116edfc286bbcbc06505d1487feea0b01fa831c6c86398f5bb,1,1,1096,1096
secworks_aes,5736cb26c2e7248d7585c61539f956de3a802ddc21bed1fb30a53bff088fb2ae,1,1,846,846
secworks_aes,5751fc87402b5844173ed69c03e84aac2ba694da447a050a1bd8d9667ecd3b20,1,1,1453,1453
secworks_aes,577b258840f5307123722919cc43b717b1fd744a15be9f6d6693f7e8502fdf9b,1,1,1379,1379
secworks_aes,5780e6ab5e419c25fb2478fc0ab167b0cc653bb3272db477756f0aca067d5877,1,1,1364,1364
secworks_aes,57866f6fb7be5e79a09cd5c7b712fef8d5edb60e8a23f9f061995ab3091dd8a9,1,1,429,429
secworks_aes,578975d0e1c3980464d4ac80b6966f39a6918aebac0f18de99b6bcf45844b9a5,1,1,1641,1641
secworks_aes,5790bea657874b27c87d03d7a8ac4da2e6a505140dfec615b475dca38cf9c3a5,1,1,104,104
secworks_aes,57916b5311113efd3b8e54445bd7ede38d2951ee005dfee451e7bdba990595bf,1,1,1493,1493
secworks_aes,5794492b3d474ecaad478757d15d80db56962253c7a9c978ce26d6155382a846,1,1,1515,1515
secworks_aes,57947b6f50c9188a69afb7e11d0ebc8cb550b4e1d71e0c256dc2ae86cf67862b,1,1,26,26
secworks_aes,579d2d155c62503f052f6cc18bbc5f56982a11dd4f14e1c90bd9e3a1e1618c22,1,1,2044,2044
secworks_aes,57c19f2cc18e21b494ccd9cd6c004d38448390f319296896af944136864097c2,1,1,1983,1983
secworks_aes,57c284ecdeb33a5f2b415acfd2741eba5a6689f55c7f14f7f661719411c4409a,1,1,178,178
secworks_aes,57c50a42f3c958c47f093ac77d371e375706838fcf37f1e9e9f6d576de2cf914,1,1,947,947
secworks_aes,57cf4b370add00fc42e11c9fc0153631671f70d869289988a542e457971b0632,1,1,237,237
secworks_aes,57d7cf55bcd827d9cc073289141ec0e20521e70b75e2258adcb1c886793edffc,1,1,102,102
secworks_aes,5808a4e4b7fa9840e99842389bb4ea7643b56492703d5c5f89b1542eda4b0a42,1,1,1418,1418
secworks_aes,5813ed7dd8b2881520b8cd92c04a40d4cf781db55a0015a464ea5fa1eae33902,1,1,1925,1925
secworks_aes,582641800c5603ba4aeb761bddd3b40fdcc6033fd263ece0e8f4d1f31a4f90f1,1,1,765,765
secworks_aes,582c8ba43770e53214202f0983c54881b1795afbba0670f413c0d35d62b8822a,1,1,1222,1222
secworks_aes,583fa2db9eceef27ee90d3293e42f019935f9c9b4909925294efa6afbe0ccab6,1,1,362,362
secworks_aes,5851274cf4c2d61a816ba0bf7c93391ea04fe23c52c6c7130fef95b89e719740,1,1,1559,1559
secworks_aes,58768cb65fdb7c88c7ae120f851cf1b943348db7ee0ca5a63386957d5f0f2b52,1,1,496,496
secworks_aes,588e66df9b6f945efcfba071de1f042cab093b7908015475d2f92f670deae5c9,1,1,463,463
secworks_aes,5894aa4c961f987860df1adaa3d0cb224de56e16eaceb180969e9697d7150d1a,1,1,28,28
secworks_aes,58a48cdd2f776d53ad3c8a02f88b51222f365cba87f14decc4ca30905ac6bd41,1,1,1020,1020
secworks_aes,58d19570bca764517b1e5a174fcd2c291cf4a9009c6734da46de12370fa2ff13,1,1,1220,1220
secworks_aes,591f7f6fd22e3aac392faab049022851c16c5b05238d95cfa450ffe4f36c8df9,1,1,291,291
secworks_aes,59a66308d4dda56facb1ab74d48e06eda2098788c4a5b79b4f41917dc64bb311,1,1,66,66
secworks_aes,59b854c85436d6b0039722844ce124b57286d163995d598bac750b52650ebbb6,1,1,1185,1185
secworks_aes,59c14f1f960d6e50fc71f37a8dfa0db2b354252acfbdbec83752b81626b0e062,1,1,1567,1567
secworks_aes,59ce117d8de34d480ad13d0d6fb568384c72f57d8e3bff8058514dd0773f5293,1,1,228,228
secworks_aes,5a03742731833a420977ce19c000c940dfc92240ae1543eeab2c71f805e6b7fe,1,1,1407,1407
secworks_aes,5a16a5ced5db6b47527e8328f085bd5a69ea2c4e1e2b192547fa70fb822a5804,1,1,499,499
secworks_aes,5a2170f81ff444370bdfe4dafe01a309ad3f08dafcb7e4134aed435c7fd5e0df,1,1,814,814
secworks_aes,5a3270cc7f35ef58b87dc3c68194ccd35ced3a69620c2cbf52c89fbacc024efe,1,1,1364,1364
secworks_aes,5a54dd551126a90c6c3e749a2a6b77d9e9d93898da21c53f3492f86c565a3e50,1,1,124,124
secworks_aes,5a6d49719db575cace19ac6dcb5977b2b01e7d7e34d19011314aab2fadd7c2dc,1,1,1461,1461
secworks_aes,5a6d5f4fc40d5307106956660b05b24f1b6383e801f9362b56dd6bd0b4df636a,1,1,325,325
secworks_aes,5a84e0eecf0187ce664ed9013289edaee5ee8f2cf55a79f6658a9ef639e29f41,1,1,1791,1791
secworks_aes,5a9bcc145436648550399fa18325cdd8c073dd354e4f5d0e8d5ea2258f4328e5,1,1,539,539
secworks_aes,5aa5782b44d3d38de49c8305c1f28e88983a21548616db24ad04cf4f55917245,1,1,1744,1744
secworks_aes,5ac500930dc5a4326b10f6355948acb9e0fb7dc437fdb1ecc44014b45bb8a2c4,1,1,657,657
secworks_aes,5acb73561c9fb2908a000e1f66414a3fc7b36a040e734639df4247979af89ba3,1,1,558,558
secworks_aes,5acf06961358867d1a1d0a1f471081cdc49925a3bcc4d7eb9b5307b2a089596f,1,1,990,990
secworks_aes,5ad82577ee2239b4a09dae6c50aee7e7828b6e00bafaea15c813df4940f526cf,1,1,1272,1272
secworks_aes,5b06298d2666507fcdd555386d30949ea63eef8b42bfc6c692ea105205071fc2,1,1,41,41
secworks_aes,5b10e0853ab2d7db37b257b564fc20a8a474d9598c3581ac18f32b43e813ade7,1,1,504,504
secworks_aes,5b39300f882540a554bc8a40279b53536eb097aaf6e2ff93e8f0c85eb595abe1,1,1,972,972
secworks_aes,5b43b1f71ef3dddd62cfcebce63f6bb6ea70e47e745d9825c3807ab53fad6556,1,1,19,19
secworks_aes,5b5e56035570e5cd4c5ff7e3fee3466c1f96bc5f3360e28edebad369513cab33,1,1,1767,1767
secworks_aes,5b5fd2c256803fdb5662d012b9cdda5b54d8d63086d33d21268dd9224d3e6a9a,1,1,571,571
secworks_aes,5b8f78bf15514f0831d09bcb6d1b94d254e3dd2296c526c8d0dbcd2edc4b9008,1,1,602,602
secworks_aes,5b907d52b997b8603ee7121f4b82de788e668b4af5a9f43901c97b1a505fd686,1,1,325,325
secworks_aes,5bebe68fc21eaf0192f3974273fb1854a3eddd63802cf182dd311f8fd709cbcd,1,1,1982,1982
secworks_aes,5beeb65bee5df916695cb5ac86c465ebd044af9787802b5f5eb2c86ad530cf5c,1,1,335,335
secworks_aes,5bef11e8968ee5fec08c8de6654e642e28fcfc89c4d0915a5719588e847e4c2f,1,1,1973,1973
secworks_aes,5c00810109a6533f47d61b6297b56a4fa88e293d0cba56bbd8163de8838739e4,1,1,1862,1862
secworks_aes,5c0c1d7f1b614f0d36df7c6edec1971c053dfbe21c289322746d0e7e10b0651a,1,1,577,577
secworks_aes,5c281e74776cd0969e05aa24c137377e1156c4e21777e46ef6b66175a5a45eec,1,1,1359,1359
secworks_aes,5c2e343f82bde2538e50a083e4bde4b9478143683c587fc53ac2d9dee070402e,1,1,434,434
secworks_aes,5c353e1bc60e6d3eb3ae78f6cfa7b84f11282a112f12e375fa8a3bf7eccb1b4d,1,1,1570,1570
secworks_aes,5c452713848c072f5e369515e1cee7eaac2214458c37e2052f08d5d7cac93ddd,1,1,746,746
secworks_aes,5c5470380eb8e41b5cdd6b2fed220f1fe771694ebee1890355f2fa1e9fab6d8c,1,1,1590,1590
secworks_aes,5c63eb29b4c60f92385166b0712344fcf7d7d650f8dd5c05190d205b5420aaaf,1,1,203,203
secworks_aes,5c7ba538b909a9856c29cfdf9a2548d2ab86a50acfa0586b622b1a1ca9a89bdb,1,1,252,252
secworks_aes,5c80b738a738226f1f829c9c4bfb248ffaf294b4652153a56848f9ccdcfdab93,1,1,557,557
secworks_aes,5ca1250965313b26d21ec9f9d56898851f762b9f995ffc9a12fefd4eae978439,1,1,910,910
secworks_aes,5ca18b28bab0a99a9c200927cb0024e9a04450c73feb9ff9352417d054a0ee90,1,1,1355,1355
secworks_aes,5cb24308719b2d024f33fa5d76f14a5ce81637b2eb766f96af7f475dcf19a802,1,1,2013,2013
secworks_aes,5cb5df57e3b2c12f35d6ba7f41f13ab16a03072b209278b9acf3fb277cc2ef8b,1,1,1,1
secworks_aes,5cc2bc823883f9fdea12569fc49d2aae2ceac8d45f4d46466727bf4518446802,1,1,50,50
secworks_aes,5d2b31abacc335550a73bb37fbe626cc23db51aaa556af6e3eab625e6cd893d6,1,1,434,434
secworks_aes,5d37c64a6f955dbd9dff5e7634c70ff457826d081c0cb1cb274206cbf65f2a00,1,1,1180,1180
secworks_aes,5d68d9346c87d12fbcf7aebf2c544b382bd461e2964b37269ed86dc2d01c785d,1,1,1853,1853
secworks_aes,5d7c51f8ae3a7c00d379b864f759e20faf77cd76ba64f57cb165180d69d9009d,1,1,1939,1939
secworks_aes,5d88edba578363184fa43112b62563111b3ebc8a6acc64fba50dbb4531e33868,1,1,542,542
secworks_aes,5d8e2719bf5cc6ab7fba943b1f3f64bd1075f4254f5cf5898a009fef277f8fdc,1,1,1780,1780
secworks_aes,5daec09fa941b2a68839adf8603f12b407db34ad50fa4a5d1d5f3def0b98f4f4,1,1,1337,1337
secworks_aes,5db2a3a8c74c96cc1791a1e39f8e507753963a96024ba4fc7897d24bcaf1212c,1,1,1302,1302
secworks_aes,5db54b92172326a7dd45358b98355f10d3f65be147cc51203a176dc8903c2684,1,1,366,366
secworks_aes,5db768e3feb11ed266edb0ae4f69f80fab0f1277a3f7e5fcb93f4bfae4a1ef59,1,1,561,561
secworks_aes,5dbcae28ce176e66008fe883ebc420e166754b8d738e889bf3c73c498b2da4fc,1,1,294,294
secworks_aes,5dc5e3b9b46c42b49687aee6a7cdbb3c702bbd633f6ee565d88db9f3ab50d71d,1,1,965,965
secworks_aes,5dc6463059a06497e5a6f71fa0ca1c6d9cc5d38f0bfc19f7482d0c2e2207170b,1,1,2034,2034
secworks_aes,5dda97dfe1610140931ea3fdb167c09fcedcee1925b00f19428952cbdfa8049a,1,1,147,147
secworks_aes,5df1f0ec7b78a657505744dcc0ab8656f4bd30015086812c92488b4207fa96a0,1,1,698,698
secworks_aes,5df208b8c3e31c6beb5cc008eb83d44eb598d069a85e9ab0aadf27274fb6ab82,1,1,2014,2014
secworks_aes,5e0441656d63307b0c0ccd70caf29726f00cb03ae09ea6908435849ac22bc45c,1,1,1277,1277
secworks_aes,5e0507996767edd4aeff1856842d05205873853d2b44839b29f218ad73233f24,1,1,588,588
secworks_aes,5e07bb950e9f22848ef92c4a32f58890060a56970f755e45f8fad09508332a71,1,1,1265,1265
secworks_aes,5e5f30b203f35547dbe2627c442591e8a205ff40b96019eb09fe21c5d71ac07c,1,1,251,251
secworks_aes,5e9e095497f69679c114125a7aaf16ca00d3b2712b24e2d95b07bf311fcf7ee9,1,1,873,873
secworks_aes,5eadc8e63a9387f0038f3b87ae9c60cbce65b11e050289f5b39801b3fc6f4791,1,1,1352,1352
secworks_aes,5edae1ab3f1f3fb316d3edbcb1cbbe6e82b608f4a9ef25425b6cb2610051bb96,1,1,1556,1556
secworks_aes,5edcdbfbccb485e5b9271d0402ff0c898db99cb2b7da7169c4f8d052ee2ef5c0,1,1,293,293
secworks_aes,5eef38eda2ba7c06c8305e3d31d9ea13a36f4b3bcfecfccca7a09f9d885cbe5c,1,1,790,790
secworks_aes,5ef592d6530104b5798e38b73c029a38f90befc994c3036acf070658ab46f70b,1,1,718,718
secworks_aes,5f153ed9c53906f95abd914bec9f7f23a291c3eda5f18e21ec16c81dbfd5bd7d,1,1,1073,1073
secworks_aes,5f197089c0d8e5f14e1c81b36ac972b18f57dad279475043960eade73cba0006,1,1,400,400
secworks_aes,5f2ae9f87c2b86f729d3d257025fb32b5be40e003d0f17c5d0bba4f0c27fc8aa,1,1,1298,1298
secworks_aes,5f2c5fa5f4db4f9b25cdfeccecf93ad115a9e60e4a7d273796b0c2c0f0722b8e,1,1,1350,1350
secworks_aes,5f2f01fc8b08c34423e8884dcd47fcaeb533263fd57b891aa3322f731a18e028,1,1,1653,1653
secworks_aes,5f4cdd2a5d4af171e9c6dd748f90d228337d65f60355cc3b5b9d96beb838efd3,1,1,1732,1732
secworks_aes,5f4f4ab834e2ed9cf5e7d98cad9d283648ddb15c133ecf28cb24e58e60211269,1,1,1410,1410
secworks_aes,5f7196f6f28121fc35542b08d108cb86c83350bb33091d3ed4576445ba1d7911,1,1,1314,1314
secworks_aes,5f7a0cc6a688daca1dab216827324d3d277eec6f764d1fb2c6e1756089801617,1,1,406,406
secworks_aes,5f80477f5aa161e28d7d7d666eaeec5d7d7d5ab2cc34f8ad9f260daaf36e0c8f,1,1,1365,1365
secworks_aes,5f9718b8cdeb64f039ecffbc9b139d648dab878fec449c5afa6be876f86f3bed,1,1,140,140
secworks_aes,5fc5f15e820f8dc9aad987cef8229b8d0ec5d521bd9674d11f3769b6a333a16d,1,1,1323,1323
secworks_aes,5fd3be70cf0ba8a9eda6e7b3742e37d1c44042a15d324a204af659c0e48e4938,1,1,1773,1773
secworks_aes,5fd40265a1fc4fe55afae2c9ce5835862f0ad492313198c93661d2c32f4b0df1,1,1,775,775
secworks_aes,5ffe75b42bd0b7d7d63b307a69d02f4f4c27a5393c7eacc8810bae6b6fba78b2,1,1,915,915
secworks_aes,602138e5fe3fe08dc15e5613bd5d32ec1e9454f282df63dc2ebc41d06cd55c31,1,1,895,895
secworks_aes,60244b44624184c144ff2f81dac86b5b35a2849a17ef3f3afa5a93cc52f62a18,1,1,385,385
secworks_aes,6025e2d792a41e6148ebcb489b04d84ea239407e94956d91ba7a9a939a6a7457,1,1,969,969
secworks_aes,60558e735750c5874852d4f08f28acfea7ce59e2b148e26596e648741a783989,1,1,1,1
secworks_aes,60645d9128ebef23b5d0d6389c2d65a60ebc285dcafdb9b5438bea6917d13ccc,1,1,1368,1368
secworks_aes,6064b9956c45aefa9cf66848540b22a510fe7dd52d43b11f9c4a9d1bf772ac43,1,1,261,261
secworks_aes,6069b960e2e0a7325b47466240f1bae7e4a8b9fb2c72343faa7c2ceeb9b3dd24,1,1,112,112
secworks_aes,60748bb0f44e6630daef471bb3279f5328b72c6841783db360b0e681264ae359,1,1,871,871
secworks_aes,607c991d03733fe3140a1f6052a3e76447f6128d2b143d77c4163661daece1ba,1,1,1771,1771
secworks_aes,607ed435533397e7e569f11d139a87a0664f190df644643083922dc9590e0b3a,1,1,1502,1502
secworks_aes,609103fbd3d0a5b7231c229cbf923632e5ce06b2a64684c0be31c3ac9837ad7d,1,1,997,997
secworks_aes,609e8482761c435eb79acd92db8fadad128e23995de807b4d9def8e987a38569,1,1,1593,1593
secworks_aes,60af1153c2bc73f85a181b332b408e8f528059d6ec43a1c52af257f0b08151ed,1,1,518,518
secworks_aes,60bd35631da8ec6faa58c6b86c1758f7ccbe31462195c7a173d437d98ba21a5b,1,1,708,708
secworks_aes,60c1691bbc8eca5bd652066aa2b5e46d6194e627034117c5ef973b6fd608718d,1,1,1860,1860
secworks_aes,60dea156d15d02e3ed9f22f66d083dece91d151239f2dfe7150a4808c9097ae2,1,1,40,40
secworks_aes,611185bc8901950ce0cbe91e9229d7e3d7b22a4473c84ccd8b0b135a626f8d5e,1,1,1003,1003
secworks_aes,615aaee7b1ad9bf0844373ea752925adc46865b4164435bd9d2f914f6deb41f5,1,1,258,258
secworks_aes,616e6b2d3422e3c36f96d76a154c87101a521758ebd35c03620724e2194a45c5,1,1,1269,1269
secworks_aes,617210fa4296bcad1530b7dbcb9f42991278b3b0bec52f45b7e7f34f975c1e2e,1,1,480,480
secworks_aes,6173e860ab0c99fbee695d728fd2694891c2c94d8123b8a79303ecabd05b6efa,1,1,457,457
secworks_aes,61a784a2aedb4f86a11606d17bb7e23e8adf5c8f3a624323bff9214407b734b9,1,1,94,94
secworks_aes,61b5f36551f08723d4313c1afb86428a4e2c51657cf74b2b18c56b4e8bed31ed,1,1,1460,1460
secworks_aes,61c28ba7d63841bc0848ba249590bff67dfdcef83a6141b09c7cea03c78edf0b,1,1,1032,1032
secworks_aes,61d4244bb097fa5193bc0a819e3d6627e351b3b911b67785b04b69bfbbc9f0c6,1,1,1245,1245
secworks_aes,61d64441874d3b0c580ad0b90b39bae79de848ab1154ad1624f03a7dad5a7bde,1,1,1100,1100
secworks_aes,61fe9570837cf7f11104cefef565b3b462c6f762099a9a64a4ac0c9bec9753ca,1,1,59,59
secworks_aes,620f4d7d41780864b14d12440e3be9c5059ec78734c4f76184ac7b460895d641,1,1,311,311
secworks_aes,623bc6496db4a3841391d9edc4d6cbc833e29055f10af8eb288d5cd6a3a58740,1,1,960,960
secworks_aes,623f3a7996b6b5b693b0663a1bb316c19ba4a060c69315cae32b970a32765990,1,1,2002,2002
secworks_aes,6241dae5e5d0afa4dc0f3f6bed8665f12ffc4f4bbcd5e0d2340328e01eec3447,1,1,947,947
secworks_aes,624abad8c426e203ff17fe17ae8bb9774dc9ffe7c4e3d17a378146fb8133e648,1,1,86,86
secworks_aes,6250f5f727b420a5eade853a2f476e4ac4c1a1d63e7243f3bfd2f247ce542a66,1,1,170,170
secworks_aes,626014c061200783487bf15a08f141481e734c6968afd0fbdb2b0fde89297786,1,1,696,696
secworks_aes,62752fdad95c5db9c70bcff991541393f8b210d3ebf457e879273e5e3479bc6c,1,1,1208,1208
secworks_aes,62927f45d1b9b94bd60a6647142b38d07bcd6b9f4fd6d41e11852137302ec05e,1,1,394,394
secworks_aes,62951647b77908a9342c0fe4ab968748f05d2b91a1abde877a09aa6a60d505b5,1,1,73,73
secworks_aes,629ab0c9005c6aa88da2461cc4315b17eed5dade93af7e5a3567fac27fd8e3fd,1,1,1448,1448
secworks_aes,62a191ba8e1678ed6365fa111bfa37faf3f12d1477765c1a54cf6409b67f9469,1,1,837,837
secworks_aes,62ae69ebc36c0c92991925d9d59166592f5b8e2d7d3ab19e557e0e8fd2704b0d,1,1,69,69
secworks_aes,62aea2c197d15180d203196d1e98e5895c62e6831165e5f41e75ddb1f36260f8,1,1,1152,1152
secworks_aes,62be4892aef17d9cdd604124fc4817654be1e4467c8b1af765b2b8b2ed6a5c7f,1,1,975,975
secworks_aes,62cd8f28d40dec1b8fa81f1da0d5d94a192c7fbc3de8dc919241625b75026fce,1,1,82,82
secworks_aes,62cee43f177c738f897c3c3a87d08b29b454ae193a02859120e52ab18544bafc,1,1,1976,1976
secworks_aes,62e6682b10cad8b00a15b9992cd6079dd94eede9f6fd0a03752e74a8bd51648c,1,1,173,173
secworks_aes,62f34275fee784c862b895cf9e0d4d74c16a16a7a914d11a30e19def9e6e54b7,1,1,1881,1881
secworks_aes,62fea71d8401190e0124b77ca9ca1dd7a7685867383971e6997692da29617d57,1,1,1524,1524
secworks_aes,63065322d02175513c5b7979add6c61ecf80554381234cd55d5035f972695605,1,1,961,961
secworks_aes,6312e6b62cf7e45c3a975e064931edfbe25227e79e6cb5f017d8f24c056f9e0f,1,1,597,597
secworks_aes,63155ec3eac89fd6dbd6776fb0162833b1e0c0c01c971b17b1833f3253e94e52,1,1,1085,1085
secworks_aes,6321ed9335aa43abed2c2e90b67b79bba9a13fbfd7a402df5d0f45c07f615d7d,1,1,877,877
secworks_aes,63469282cb4f1c7b631b74aebae01960382ac083ded7f3cff996119217983f88,1,1,628,628
secworks_aes,635486816b0414b6914345fb0d54871cfa2d01c41d5b48f221792917a90ccb0c,1,1,1290,1290
secworks_aes,636eca15a88abce8ceb0dcf323ce9095e14d5faf381dc86fb5a9ddab94a01261,1,1,2047,2047
secworks_aes,637639a1232cf955da9472b5efee9347231964be164da06c795942ab89544e02,1,1,1267,1267
secworks_aes,637755beb5798d7bef537c4399d4f6e4d63032bb30cc8f105e8f0cf216c79347,1,1,1374,1374
secworks_aes,63909d95f5cb4191bc481051eb8c3e5a4e66fd10811f389fe5039b393a2a5254,1,1,344,344
secworks_aes,63a55ac4dc139974a83b045c48329545d60fc575edaf1c28f60bedff80d9b77d,1,1,2043,2043
secworks_aes,63bb7a174353c94e062f2169974f9e77c299d9c552d83e545de5521af8c9c27a,1,1,1202,1202
secworks_aes,63bda1f335941c7ffca8dab03903e7d63805fead4c03eebfacecf17e5874b848,1,1,2018,2018
secworks_aes,63d92827021c8ff059d75d7dee88e7a21e076bc123585f81db873b750fbb6fc5,1,1,674,674
secworks_aes,63e4bcd1f110ef6a0783e4e6a70f05f99eef13eea4f18bf6828b69e8561f5483,1,1,256,256
secworks_aes,63e71781228f8eabedb0d3f68ca1af1b4f46c9d758792a9f639f80c331312435,1,1,586,586
secworks_aes,63f40633d8fa9d21060ed86ebe9b9a77ecaf0d99cc0185f53539527e56014b45,1,1,1504,1504
secworks_aes,63fc796e901dd691d000b8a80d1a884f2973eed9cdc4d1756a601b2d8d05c36d,1,1,231,231
secworks_aes,63fd2f3101481f2ebcf6e1648396321ffcc0c61b6f8ca634a02afcf75131a3d0,1,1,1197,1197
secworks_aes,6400df673bdff9312bee6066875d0ca8a7c219d561049c205af329a10381f015,1,1,85,85
secworks_aes,64024fcec37483ecf1d6cc794c69ec8ce269071bac70b4bf3fad4612b2aa0c08,1,1,509,509
secworks_aes,64118031a4a761183d46aed206b42248f965d1485d999a6ed1e4b7e5cb5fdb44,1,1,1212,1212
secworks_aes,64170abd90c68cca0a6c9b34923d65bce0258ca52e8b1eafb3d51cc0d0452edc,1,1,1418,1418
secworks_aes,643ae88d682b27145b6af67514238745a378d7a4ebfeddc97449f8202c2816b6,1,1,934,934
secworks_aes,643ba48c72a26b83f634e93519b5ac20b50526394a4ca88ab812fd7fb9b43866,1,1,123,123
secworks_aes,643c2538de45c29cb49e1dac3db7cff2a19f74719e37a34e55da1b9d13bb10ef,1,1,1576,1576
secworks_aes,6484e74be2ccfe6a4dcd148dce3650aa545eb882b8a400e9f5cf3c2747606106,1,1,197,197
secworks_aes,64913a8faec1a89e04cf12075d734a0f42c0ef092979aab33bbf3fe255bb98f1,1,1,1491,1491
secworks_aes,64a467081fb36cfb2e234bcb369b593df787bd9bafbb7b62e9a50d94fd7d5372,1,1,1271,1271
secworks_aes,64bc8db52f13ffd03f7dc7227ece8b320e9b2e84cc97204c7f2927d266f6f339,1,1,865,865
secworks_aes,64c7b27041f939b9bb288d35bb80bb04efb8a9ad0ee16169dea40c031e6e71d6,1,1,703,703
secworks_aes,64d197251ca595770ef4ac2cb121f98982228ccc6158a3a2f1f941285f585455,1,1,210,210
secworks_aes,64d89c9c44a676325aa74f4c357ea2709db04b0353160f1f61bc165155ef94ae,1,1,855,855
secworks_aes,6523f14d599cb34262684e6941552689fc6a9642cf7c51286fabdae58d284c8c,1,1,36,36
secworks_aes,65275736f465c5d0894cce25d5bd231536a0f0f5a41958e6c0ebbaf2d951aeaa,1,1,1357,1357
secworks_aes,654d0d16a8eb42b39be4a683fa785a2cb9045b5bc4f1a30e921cc32fe022bd0b,1,1,1844,1844
secworks_aes,654df057ca453c882d0f9a1cb3a0e540f8641b9891f785d4aebcbabb623b3825,1,1,1404,1404
secworks_aes,65546914300a80718de008b6d9cf8ea07c0b75b5e5a898488633329429624bd8,1,1,859,859
secworks_aes,6568468ef45ad0965f1323d06d6397a5ceb014ec2a84ea0c899897b97d489a52,1,1,1362,1362
secworks_aes,65742a2c3510302f16c2c3b039b4331a217bdf926116ce94babb3abe21ecc5ca,1,1,58,58
secworks_aes,658b79587eec7a465e7fb5875b0756d7874586dd0d0244060178dc88ba452439,1,1,1487,1487
secworks_aes,6597220e8a28c2588905a3f5359e6bbebba5510c6295b02989fa4638dbf07c9d,1,1,1837,1837
secworks_aes,659a660cd3f717f1f989bc99933de5b460cf8d82ab70e5a9702887919dcdad9c,1,1,1848,1848
secworks_aes,65b658b8af41643e47952ae8fab21fe2191f293193d765a40ce34c20441cfa86,1,1,1971,1971
secworks_aes,65cc894cdc1d478602d1d41b89b4df8b33ed022a2e0e899bfe8aa3d4fe3451af,1,1,20,20
secworks_aes,65fa08efc95b9f991dc2599d6452a20f76214dbf08745ac13453db4a94aed84d,1,1,234,234
secworks_aes,661790e8d1723fc58dee49da7c3a255722253c80bf3d809170d8fa6bfc60b628,1,1,45,45
secworks_aes,662f3c3a2f4c9571d11ee3ed15b73f795a27eb7703385cb6acda83576c6c6915,1,1,1358,1358
secworks_aes,6639905795ee19e5a3b6119f4b7009a29fb6922b2222101c02789a04808dfe53,1,1,120,120
secworks_aes,664f29a3df3b879f51019fe3b1efefebf1bba1f94162e0c0e3860f162c5634ee,1,1,117,117
secworks_aes,669f4003dc91fd68dc96751495489969eddfa5ab2087357991f771c38fa26c46,1,1,1618,1618
secworks_aes,66bebec654b6a47564bb786ba7e374d2cce5d5b043a5361549fdc53081e1626d,1,1,12,12
secworks_aes,66d9602d1b8170b8d015c20d1e849e054907751ed231e22991d40feaaa04476c,1,1,367,367
secworks_aes,66e198f2cf5fbdb089dbefe64a74afa846e1fa5f5229b739e1e1258fd4bef5be,1,1,1297,1297
secworks_aes,66e34eade65b15c82d2fef8ec1116120cc26aa0d68ab9f8a615655d6c1f92070,1,1,1995,1995
secworks_aes,66e7d91487ec453d1b7cdb4349d5a929e05296a9ce727a2dc99b2c788892242d,1,1,1222,1222
secworks_aes,66f206e2f551cfa582d3ddce75f39beaab32dc18215d96e52f41b9c524604741,1,1,347,347
secworks_aes,6706e4d3616a2fc12dde0c5d241aa7561f47d328a857952cdd12e6b3c8efcfb4,1,1,813,813
secworks_aes,671498d27512a53ae7db030c0bb104af30e7b4d7705bee90741c3d2ccc96fb99,1,1,1104,1104
secworks_aes,6717f285cc027c155e8e420e760a4d9e25d885beb3eaf875f5b159c2e57de0d0,1,1,848,848
secworks_aes,6729d95fb75ac59b88a130e8ba060ee6aedd27587aa038d25881607b0b4c1e55,1,1,944,944
secworks_aes,672c4838abe8e50393be361c003020af7ae2f6c570b9b3b9d34ae4ddc71212b9,1,1,1941,1941
secworks_aes,67336d92261483cb75ec9971dbdeb2065b2153c50f1cff97c05e13129859c9db,1,1,1735,1735
secworks_aes,6738063dfe19250c0f4988f53c1b08df8d8ee404f01e2c892c1eba136523532d,1,1,1265,1265
secworks_aes,67396c97c1a8bb558b107b0f5be6d899040039c3009013ff06e673d070d9f7b7,1,1,158,158
secworks_aes,674a2be164db8f18b000015ba5dbb4eda71a0b29ab0ea76cb987a31d7b6a0209,1,1,1970,1970
secworks_aes,674f84b4901f6e0ca48bc60ac27d01244fcacbabb52c34210f7b91b5b3837a73,1,1,1130,1130
secworks_aes,675762a03447435acb9a470c5221e820a2c6f0435ade641ddd1c32c305cb27c1,1,1,1774,1774
secworks_aes,67764754f19501b8dec9161af56a6d5a9589a1be74a8ff63c9c6cb01befc1e78,1,1,558,558
secworks_aes,677885fe216b3a0224467626994ae7e8491ce8b8b9584911059a3fdd35a74ddd,1,1,1685,1685
secworks_aes,677c2c903b51114f3ebe46c6a1316fcc5c048344f3155a43cac047a137ac0c51,1,1,756,756
secworks_aes,677deffd89660c9ba26f095eba5f6018e0e767f4ee90a3fe1f14ce16da090f67,1,1,496,496
secworks_aes,677f9219234be4ea5a3009bc7ab4966a5fe08c122376b560e366add9e39c7d6f,1,1,408,408
secworks_aes,6781adb0c6f0ae4a168c809f46806ae3d4db40b0f0533dc146608be62de78040,1,1,1899,1899
secworks_aes,6786abb8ed3a6a40b2599966140901a14b71fe87c2943deb866a5a0409024f53,1,1,1450,1450
secworks_aes,679a527e3fe91990491d957e8a362492bc7821e9a7ec88e26741936cb6f210a0,1,1,1371,1371
secworks_aes,67a10a2159f3863ac3c274a896a8ba62c6536cded5b47074196e2c5b3b8845bb,1,1,1908,1908
secworks_aes,67a49b58e3a12befd8a99a723c99488469d28a9fed7c3ac5bcb5845ba442301f,1,1,1436,1436
secworks_aes,67be1429c481f62dae906225194704a596385e5dddd030bb86c95f2c45b396a8,1,1,1386,1386
secworks_aes,67c4be791dbba8490a2cf6127fcfd3983bd601f568b77eb207b0117bf6bd1bc9,1,1,207,207
secworks_aes,67c9127e149a259d101cb9d806984d4a6768a3c3943b0c435de229c361510f6c,1,1,1850,1850
secworks_aes,67d403594d151ff6f52ce59dca3c996628e407f327222a781cdf937e4ad39cae,1,1,428,428
secworks_aes,67e3153ab3fe3d33c2a343bce49dbf201048e9d371be1e722e8823c25f7d2e1c,1,1,335,335
secworks_aes,67edad494ea861a9d23792708b27cd46e2c8089a0932fbeb236632bc4795ad7f,1,1,1140,1140
secworks_aes,67ff65e3d7fdf47d67854d0c34688376233a415e7542766455a07d3ea6854b4d,1,1,2025,2025
secworks_aes,680081a9263b8ff47a0c8afc4a9e2321b3f1d906e3b361e2b6331570fb00d3c4,1,1,62,62
secworks_aes,68112a47c2fa33faa3785142e02c24b0ccd64fcea4155206da00c7a805169c41,1,1,1322,1322
secworks_aes,682d501999169cd65a0409c6e6ba61f118aa32d0fc855f8b9520171e84985ef6,1,1,692,692
secworks_aes,6842fab217e39a57e2030cf9d35696a2b5204110eb0e44a12f6cbe0b1ca215a4,1,1,1258,1258
secworks_aes,6852f6b176263e8a41950e2f54ae7a79fc172a3d029283a14239ccffaeff1b34,1,1,622,622
secworks_aes,688ef18e435849ffadd68884be5ef35bbefd27ec542a4711cabf1ae0f5e5b118,1,1,91,91
secworks_aes,689ab8e472523c590f9b0e293f62df44cb90785052465b9a0baaa1ee49dba4d9,1,1,1186,1186
secworks_aes,68ad926a98b0e7510d973a9302f151f346f645faf7a172f479caae9946769b89,1,1,727,727
secworks_aes,68c05ac30fc488838ec8fb1ad1907cddc712eb6cb5aea614b7bd3d6c43f139fc,1,1,1373,1373
secworks_aes,68c6879752da6782ac7f37711d7149842e5536f6adc3b1681b8a4081a84e0bd6,1,1,148,148
secworks_aes,68de26572d6d63b5f38fa595b1807c8ca520945ff2672c68a4b1f9784778928f,1,1,1276,1276
secworks_aes,68df9a0b8f190e7f566662bb86d4318a9e762dd9221d6f67e891844395417ca0,1,1,58,58
secworks_aes,68e23d1b9f47d4efb6d850a95759d6086277e9ea1486b198d2264379e50e20ad,1,1,328,328
secworks_aes,68f4de04f173788163af795ac276d4c77142cb6256b161c58021c54a08515f15,1,1,545,545
secworks_aes,6913ed9f87810a0f07c7706295f027133dbeea582569bb8bcf7ad454c01b81d9,1,1,730,730
secworks_aes,69183937949a55d85b33314a30f1bc4cf9e76f15a27f79dc7db2aca7a8f710e4,1,1,86,86
secworks_aes,69240568b6c910288316829feef3f550c2ddeb982150097ad2bf793af12bfdcc,1,1,1891,1891
secworks_aes,6934a2529b78ea7a5b2802bb450e7b91d51ea82ec9f597d0b944abcc38ceaf49,1,1,438,438
secworks_aes,6937132a55f3722c3a4431cee45fbdbd603fa21daada36e41630486a4ce2e9f0,1,1,187,187
secworks_aes,694a05d31ff690eefc604fab07c91cd80ef44a94a74bc4c607f843d3a5efb11b,1,1,420,420
secworks_aes,69500ebbdc0489e4675e583d19ed5d3483462eb1aea619251052d4d45e8ccc73,1,1,1116,1116
secworks_aes,699eba342900956fc691867bcb7e2a172a15396ee768f0a8137771cfdc730af6,1,1,1996,1996
secworks_aes,69a08c340bfa8d75911c7b1e1b96d36c5f5f0ecf028daa42fcfc55ea5ad117e0,1,1,1523,1523
secworks_aes,69a08d41068ab8f8457b19d7da0efc404721df3c8b9e9f333dbd8c07d059a9fe,1,1,1758,1758
secworks_aes,69aaab53cac66af16d97e694eb618412c1bf8fe5b9a3ef75febb54cdfcc655d3,1,1,2034,2034
secworks_aes,69b991c7bfefea596f0826a225fca190cc4a092959c3257ce5b1ba9e0458b50f,1,1,958,958
secworks_aes,69c61f3b0023602303b16680bb95583c893ff0531cda1f0a58d232ffcd895506,1,1,1494,1494
secworks_aes,69d282f643fa771591abeaad5194e4bb476e8aa93b01dd9856c1e4df47b1329f,1,1,350,350
secworks_aes,69d57b8b6b0f79a744093c53dc471fcadc2db2f6676cdacaba1483234246bafb,1,1,383,383
secworks_aes,69f80c9422af5f196d4662b673ba28220df61ee97b1e16cc893ea3fa5ce7c590,1,1,1138,1138
secworks_aes,6a2951f01389c100e9b559bcaaf66cc5bf3f125a7268e02be20c8a1acf931ec5,1,1,1089,1089
secworks_aes,6a48c3ec5e9cb6bc51239978d961a85063f1e99a22b9227311782db95135ce99,1,1,1744,1744
secworks_aes,6a52f15cac1c2d78d4d85c6129c66592bc21bfe06252f630cbf1fe96db0bac87,1,1,228,228
secworks_aes,6a560c1f01553c493a0d0cc09b6148556574b4b9c305459f6ddf50eff2894dc6,1,1,544,544
secworks_aes,6a61ef01d375727514f74b527c0b087bf471a121901b786f94780dca87d89137,1,1,2040,2040
secworks_aes,6a6b2829b8d5c5707cb18aac50b00707d65929a871efeee4dd16a388e99b8587,1,1,920,920
secworks_aes,6a7010f86bda9ceef617461e5025b7f7300f28f2a7b109d3d1dec9cf52c06ebb,1,1,2003,2003
secworks_aes,6a76cb16f5b7d6d0cb03232a9114a0d06f04d41fefb46d95dc3b1045940c88b8,1,1,334,334
secworks_aes,6a7ad4ee7d089bd66408c7a50155b61b2dde5b949cb70b096ee098599fb91dbe,1,1,481,481
secworks_aes,6a890d23f9dbd7fe3fc6bffd96447eb83e862854794850a3a1ca98f9f1f7734b,1,1,222,222
secworks_aes,6a9dfb5a721de374022a63114ff48c88ed36814aa1e14474a8ea21fa6b02721b,1,1,576,576
secworks_aes,6aa64334cf3101d58e16a4078d94c89a8b56219ed82e36825e8082c6576dd934,1,1,1873,1873
secworks_aes,6af5d245a933ca5cf453a9c04293066a0627ff1f4142fabc698d4915cdad5dbe,1,1,562,562
secworks_aes,6afaab5b308d9160a8534b5edf6a9722a3111b367ab89b7a1ae764c6a888b34c,1,1,1355,1355
secworks_aes,6b1c614b82dd6c096c15644e6510143da4b932937fe0fe24a10dbdfc4df86cfe,1,1,985,985
secworks_aes,6b252a3784d21317c3412939142888923a5bf955939cf1a77734f0ff8726bb0f,1,1,1739,1739
secworks_aes,6b381ca74e87ca22b5d585538597b14b768b6da8138331f939ee1b337feae583,1,1,263,263
secworks_aes,6b6bfffdb37253a8d230e1f5e87993e07ab8d06dc1529d2c8e01a5a5302c8530,1,1,116,116
secworks_aes,6b6eef457031edcd2df339f5a8831c01521183877738c4d933404c949c003f7f,1,1,509,509
secworks_aes,6b7c515ad5a8b5c5a74d37381173480727fa6d853538018cdb4116fb742d0901,1,1,747,747
secworks_aes,6b85dc75d13ca0000533bfe256194565e4ac35908503b0a2702d3003837e31aa,1,1,936,936
secworks_aes,6b8ae158557ff22cdef67c558ead512178b9c365379459bdeda1f6c62713583e,1,1,1328,1328
secworks_aes,6ba14747d1a19ad32502bcd3abe30ab50bba8eb8bde474f62c711f91a97f1e6f,1,1,617,617
secworks_aes,6baf9923f442f9a73d42997a6832f5b6600d9a70acd4a10430119989bf902d10,1,1,1495,1495
secworks_aes,6bb0e221a5b1284d284a97b98a6a90bbd14841ca277255f83da64ef6871dcfb5,1,1,992,992
secworks_aes,6bbe779a3389c8a2461c6601caaf5d49c4dbb1ea2550215d2b4f4426095f2c66,1,1,101,101
secworks_aes,6bbf3bfacfe0ecdd0ca05250ae2821c947f77f4c6d93ff7686ebd7bde5fc5389,1,1,949,949
secworks_aes,6bc34bc07cb85d39a23746df2ac5198d4b023be7e7d3217dd7eafc18401fdda6,1,1,1944,1944
secworks_aes,6bc4d1a191c34c0a986e408c4bb547138951c2ee0474f806249026bbaccb67f3,1,1,978,978
secworks_aes,6bdbcf93e68ffd7bb66b4f94763747c87f5396ee344d1ab75e12e24f60804213,1,1,141,141
secworks_aes,6bdfb04477940089d41bb0fb9b9a2e33839adace4b77a533d2235d61da3c558c,1,1,1138,1138
secworks_aes,6befb3edcf5fc1eb5e3fc55b109e3c0eef188d5e670376d13df463c5362ce030,1,1,454,454
secworks_aes,6bf40d3a0c587a223c1b21449218a16be03ee9fe745e9c31d9f626c49177242d,1,1,1564,1564
secworks_aes,6bf615859aff9672d8af50fe4a470ac740de1a6cc29eb893091ea705fcd9d299,1,1,621,621
secworks_aes,6c11189b39686671ea3966f6441bd9d7aec6c88702bdbe92669346b65236c3fa,1,1,638,638
secworks_aes,6c326708a49af8a55c26311ab63b4136f7efe22d9cc67fe1eb1034af9424da75,1,1,1236,1236
secworks_aes,6c52288d8718887ff7fc298417a751fb007bce14e488fd45c1ca01e15e5399ee,1,1,534,534
secworks_aes,6c698852db9c7db6e81755f65dd7343070840888e55e5a4c6204b2bcde7a1a7c,1,1,510,510
secworks_aes,6c6be91499ab23f26662b38eff2bfce21f63ceac8c1122c889202d5525291616,1,1,1252,1252
secworks_aes,6c91b463645c7ed00fbc508e8087224f177271752e58ce59776dee5bd566eb76,1,1,1810,1810
secworks_aes,6c99be04e2f97096c7429c091c41a604b656a84438b7253d5c0003f047e7f043,1,1,1887,1887
secworks_aes,6ca252fb6383cb4c829a5b6bfc861e909ec9bd29e8aedbc39d7d054e41fce989,1,1,920,920
secworks_aes,6cb78b310939d14b8dda18eb85fa65ac2a3181cc1f8bd398991de582fc261617,1,1,1561,1561
secworks_aes,6cc25c7a92168df09f6d7ab9f4927ead5f28e6ade425fa8a93275be14b3c03c4,1,1,1445,1445
secworks_aes,6cc267da1335f604bc22f823e4c3a69dc41d682badf6be264875129e756a0382,1,1,550,550
secworks_aes,6cde6319f561a74476c48ed20128ca3ec5329b5e04946c149c00c275606c73d9,1,1,1837,1837
secworks_aes,6ce0e77760203c354a71a24ffe8af2e82751fbe49e45e3362b73e4988ff07cc9,1,1,1397,1397
secworks_aes,6cfd5bb623797029bbc55c3a5373402e6a5a633f0c7d4ace7d305f810d3ca40f,1,1,1708,1708
secworks_aes,6d1416753bf19246b7318707802993726654c8cc34d535753aed49ad04a7bb4e,1,1,603,603
secworks_aes,6d2e4c9dd873d9b7ef437cd1b6fbfd55b73c5fbb3b0dce5985772241b88081ca,1,1,1608,1608
secworks_aes,6d52edd7aa7473e08b04836b9529c6376e1f1c5d828b2007aaae296a71f545c5,1,1,696,696
secworks_aes,6d5fade3bf52a94ab152b41da2bd887bcae1016aca4c0694247eb6f414f6b092,1,1,1249,1249
secworks_aes,6d61da12eeeec35e4c78ae3311bb0167b14ad15af7f626f9213d55eca10dd4f1,1,1,570,570
secworks_aes,6d709addc7f62effb8b7b16a9056cbe8c71778287dc5809929c4c030fe82c727,1,1,1176,1176
secworks_aes,6d836532930c901ee93c686a380ae94e1b8933a2b69e03d67dc5ddcac169bbfd,1,1,321,321
secworks_aes,6d8d5429b1d8c7bdda22aa281842004b4bed78e736174fb42cea19d71eba0eb0,1,1,1009,1009
secworks_aes,6d90d480a4d2c59d47ec3eae5301560646af82ec2a0a464d29108ab29ac7ea00,1,1,100,100
secworks_aes,6d92cd39fad4f3ef338cb2a4f7748568d39b69d059235b6c9bd1c8ca76edb690,1,1,569,569
secworks_aes,6d94797e132ef6211c3bf882fd6766397eecfebcdd068865f03aaf57a2a53e83,1,1,1832,1832
secworks_aes,6da27176ed5ad0741d6a7dc852cd6935ef61eeaabf9cc71469bce31d78c383c5,1,1,836,836
secworks_aes,6df4e701de97dc32f414ce52f1099bc0773c834aba4e57c01d35be50825b8caf,1,1,643,643
secworks_aes,6dfc34caaef62da933c96830c08d74eafbb0e0d76fc7b2f10bb04b4be0f411a8,1,1,1783,1783
secworks_aes,6dfd049a5f703d954447f536c34b8b932669f92c386d650da3037d6aa57c2c95,1,1,1078,1078
secworks_aes,6dff29822f24ddc9a90239d0658f6fc72cba311c18dc76a60d57b0fe7e5b95a7,1,1,1785,1785
secworks_aes,6e07e7c94fac593b65a2b37d4f8095ce68be3a9676099f1ef5f9ae2eda2da04d,1,1,6,6
secworks_aes,6e102d8bc9e21b932b867e08a7eff258db5a68c421c6ccd75c1e017f5fda87f2,1,1,1187,1187
secworks_aes,6e22c82e00ab86d1538ad923aad755af41f53edf3c37ae611582bb320a948789,1,1,537,537
secworks_aes,6e2bbccc2627715f88b6e411caabba9fe18c597fff9a13c9bbfebe9f5b1bc7c6,1,1,1028,1028
secworks_aes,6e391b8c6c8bf1299e6698262f8259f3295b1504db2e779a00353468c9f536e3,1,1,232,232
secworks_aes,6e4e150cf77375717400516c6a37e24251f9dd8925f5f30dd86f55ecf5261f28,1,1,2021,2021
secworks_aes,6e5fc1e21d72da8909753fb1d706d05d4fdf679ba8c4fcc8a207c7f53294c6f9,1,1,182,182
secworks_aes,6e63f3fa0278783e14ff6d9bf2b53bf9303745138155c7310271719d11245543,1,1,111,111
secworks_aes,6e6fffa723dbf65075027814de5e96ac47f882ec643799574f9e6babe2be5fb3,1,1,1367,1367
secworks_aes,6e77531456c5ec36c619cc2a5999206e70b4010fde6664285610ef0b2086f83d,1,1,754,754
secworks_aes,6e802f7f3ec8c08d4135972db993b5afd6cfa7140e04980306d75fc50f5898b0,1,1,1426,1426
secworks_aes,6e803ef086594ff2ecccecaf199d0add160840cdcf04cc30c3fe576d566f1392,1,1,451,451
secworks_aes,6e99a4608d1d724d88c1cec6370aef19765b98ea7ab4a7eff3043142512cc9f9,1,1,1184,1184
secworks_aes,6e9c7e0ad46cd9287b567dfd917c7f956e99b61519f2c41a29c265debc249e40,1,1,1621,1621
secworks_aes,6eaaf8045e735973f3d9d1440db411c5b76df5e90bb7fb12905d9048bcbc1e14,1,1,38,38
secworks_aes,6eb2c4e3add09307a2f18f3ecf9c3de4d9b24d4a6ad7eec9e48022af13dc43dc,1,1,267,267
secworks_aes,6eb6218c1db9da01f9e8dd379f5a978a94fe9d70b04b9f7458b80304b0dbf78b,1,1,1612,1612
secworks_aes,6eca04520b101c39f27f1aec828acc362b4a23a3fa8e6d9092fb2815fd05e19c,1,1,1925,1925
secworks_aes,6ed84a01f8222097ada5f83de310a944fef301038f3881d7fb25980643d0816a,1,1,1485,1485
secworks_aes,6ede11490c25837b98cf976d6348a4cd30c47f54fde3821f555b42158d9cc08b,1,1,430,430
secworks_aes,6eefd94775b19d26aefb0f34bdc8ea82e93bf0e43060d189fdf85c2df5340099,1,1,1399,1399
secworks_aes,6f132c3cc76d9faca0e95f80fb2b2770dd5b2cf30d114f144552317e1f5e6226,1,1,341,341
secworks_aes,6f18119b994840385031345b12d3e249f7289925c705fb4fa78d340b0dce5513,1,1,1846,1846
secworks_aes,6f348c936a057bcecc40945c18687d4745c85e16b6e8583018a614a7aebcb31a,1,1,1493,1493
secworks_aes,6f396bdb5dcc5cc196f9fb6ee4c78457883ec70b31bc0a6dd5a82e0ee2b75355,1,1,1949,1949
secworks_aes,6f3e93f8cb0a57f9b8c424f313e715566dee5ebee460a91001e3e44a567adc9d,1,1,1034,1034
secworks_aes,6f650814f8cd7876821debb7919c3fe5fcd1432a645d323bf5088b8860795a7f,1,1,946,946
secworks_aes,6f6a7e7dc3acdfddfc06ffe6544410d9c7b1a05e5a21922c11bd86135afb6c54,1,1,487,487
secworks_aes,6f848e98447b0600f7912f58c66446f6ff9fb9ac296ad53254203bba3e36154c,1,1,735,735
secworks_aes,6f90fa2f8af69e6b06a514c23c4920775b5f2c0ca0427382720e1215afe517d0,1,1,736,736
secworks_aes,6fb7e1daaa23d4ed8238256191c3e9f2e11e19a7e0e7ca8fa2408039def807b1,1,1,911,911
secworks_aes,6fbeb59d29df21c68ab431ba6af3e01d611f32ba56cc414993194523f6b03d8e,1,1,1919,1919
secworks_aes,6fe26894e57ba3ba96b3f413e59cf1c1860ec9023d4b8be3c8dda11314b30226,1,1,1343,1343
secworks_aes,6ffc0668e4674ac71e8ef47f4764fb58bd0fb0095e73ff49bf2019d6ebc12e00,1,1,422,422
secworks_aes,6ffe495f41ea93050b35b325b7930e04bbe333fcd84d4a006ec25b9166de0089,1,1,1978,1978
secworks_aes,7004b171e3f3191f182327958820dbd22a4affa7632f201f3731766b130be994,1,1,973,973
secworks_aes,70057740a0b361d5a7a656b6314f86e8d2157459ca1161585e0142def0d1ef11,1,1,1086,1086
secworks_aes,7006c0cc869de39bfa7175eaaa3a3168e1f12f86a7a70588d9871aa1b340f577,1,1,1650,1650
secworks_aes,7021dc3d1c92889b0d485eb5941d01a1bce16f2dc99efd39659a64e2345bb66a,1,1,649,649
secworks_aes,7040075af71974c4364c2f4fe16062ecdf63447caac9aaf6f14b3828041ed589,1,1,717,717
secworks_aes,70429827fc37442b5a9f9c5b5cc005605a3c858f7abb34e51b42b37913d68b57,1,1,1778,1778
secworks_aes,704524dbea31f760e4d8758f560072307b93a76142103bc0bb187e4e8da1877b,1,1,452,452
secworks_aes,7072f653fa60e4ac88b979a1adb4969621493f763e2a57ff52c499b4f4a95d46,1,1,1794,1794
secworks_aes,708686780c0068051551994bd9f6e21fa0eb29aaeccd516d31688f0c314ed7cf,1,1,1912,1912
secworks_aes,7094f2336229120c84d67f81f207be600c00a85ae50e148c54f9290a8ea3a550,1,1,2019,2019
secworks_aes,709736e0dc471035e5042428c3e9a3b85eaa0e5f159d0f8b45c8987819809271,1,1,1328,1328
secworks_aes,70a8dc266a3cde285fd8bb0128c58658ff48b4879d1361e6ef3e3b12ce1efe60,1,1,242,242
secworks_aes,70cb2b53819ddaaaed7a88035bfe912b45b0e5ceda71765cfc7516fc66728647,1,1,687,687
secworks_aes,70d3255e65d9bf843600815ea359a9567674ca3c89354003b284d2268305b7c4,1,1,252,252
secworks_aes,70fb693a1f1bcd0d043fbe862467f5ea9fd45d70303d196bdec13b91de01907b,1,1,103,103
secworks_aes,70ff8dbc07167065302d59a6ba705d78231bcc455ad342164929a7084ee1f6f1,1,1,579,579
secworks_aes,7103074ac2b64d2b7618ca06ee4b557acd429d5cc55f585c769df4a7086f5ea7,1,1,1318,1318
secworks_aes,7103c48fb41230c963a34626b49754d77c77b7b24476229584ecbd7710e0e4be,1,1,377,377
secworks_aes,710fd0b42fc27e81b498d135b5d09e0785e37cd477dbe010f6151a56af29c97d,1,1,522,522
secworks_aes,7114b57dd6466781420608145a99b444b43f3ef923297fc4e795dc35017c83fa,1,1,1817,1817
secworks_aes,71492ef326858db7ddb7857380d8db692eb6bbc281d22437791d23dbf6717a97,1,1,1980,1980
secworks_aes,7149c27e724f1e550fcc83fb861850c3ca22d17adc3f9e87eaa911875b1c426d,1,1,354,354
secworks_aes,714f6fbf7c724dfe683e14182b003afb457d3893dd69606ebb1533b2730c9390,1,1,517,517
secworks_aes,714fb9f819d59cb07b650fff3295995b3fdcecc27ffe341877c80744ef6327bd,1,1,678,678
secworks_aes,714ffb082e101d422c02b2bb2894402e5bcbc6d5b01b6bbffe55cd56a89aed5f,1,1,994,994
secworks_aes,7157957bfc2bdc7b305592b97b514ffbbeb9bcdbeb8aec0e9b0701b6607e4028,1,1,1072,1072
secworks_aes,71609dd8581e4e64750c9381d6eb301d34c52d851f3834812e35785e219cdb03,1,1,885,885
secworks_aes,717b4c2fdf836c436c65ae234cbb36248074e2f92028b774991972ee31c570ea,1,1,441,441
secworks_aes,718af52237bd181bb4f7ea77787659111afbde7abf36c0274858a09f8cfebd8c,1,1,1983,1983
secworks_aes,71ad8bb46980a7ab7da1601280a9027ced00c55659167111cf29fa35297972d9,1,1,895,895
secworks_aes,71b05e44ffd56e39a6dc068f1b22380eb479d94adfc5ef71ec22d42b3234218b,1,1,564,564
secworks_aes,71b7ce76395524c15c27b29faab71ef75dc78395a2fd2d18697755730bd79ae1,1,1,686,686
secworks_aes,71bf98cf95372d98ff2a6422b21caed261a500faf6de49315fd47ec65c4f7211,1,1,1859,1859
secworks_aes,71d276ecdb0bc5cf8fb9d217590739a4110ad6002a74fb3d86a4b34be176b075,1,1,1280,1280
secworks_aes,71e099344e3008c96bd7b811d851fe1529b7c171f37b4d27619c4aca53e2118a,1,1,725,725
secworks_aes,71f660574d83611e54df84f188e4b9f13f12c3453db80178e594eca71fccd7f8,1,1,1842,1842
secworks_aes,7203f3fe9efc276b612d8d84f906a158841c1d4b8a7d4651ca5041f1fe2b5ace,1,1,1851,1851
secworks_aes,7208e4a9f42666a4329ba89723f454057cc5733d8a70618ff544dfa5b3edc6d1,1,1,293,293
secworks_aes,722363624018e242f087564aeb0e5f2b49e643a742c5cbc836a4ec0808654fbe,1,1,1158,1158
secworks_aes,7228779d474bc957c0e368ea5aefdd3ed13a4737f78f451edce33bd7e6229a30,1,1,737,737
secworks_aes,723c59bd73e513ba853fb16ecb0fc56be3680d9070d9bf501bf2f43e2e5a120d,1,1,1190,1190
secworks_aes,724614414a53162e60ba33abeadbe4251a862d29232c7aa2f3a438f3714ab3b4,1,1,1852,1852
secworks_aes,7268d17506bf9ff0182a4bd374894d3acf9f4b01b705d5c8fec8b9bf91a968a7,1,1,677,677
secworks_aes,72702c41f5842d927b7b92ebf0c5d1e7db3be4b753af8500d6d2ec8b45aa558c,1,1,507,507
secworks_aes,7272b1250d5ebb9767081c0b637031c2e5888a3b9d51f29f4472f9b8ef43e629,1,1,776,776
secworks_aes,727d62f0c992e20c7876f5059f561bf03818d6663c352e22f4bc6cde7143c7c5,1,1,1360,1360
secworks_aes,7284b56114432ac9f812585d085a250c0afa7b8d21b2731432d54a8ba02b7108,1,1,1554,1554
secworks_aes,728c76ee02a9206e17152eb3d712e67a0a2b9df4e9505735b9952b742ba9ebd8,1,1,549,549
secworks_aes,729d463f9dfcabdba54bda83bc0ba0c6f0bdfb3a53595e78eb08bc758c8e2ee1,1,1,198,198
secworks_aes,729f48efb4e1013b00a76f8083c3d51d23ae3b2107fe9eea9c8dcc17e427d7b9,1,1,87,87
secworks_aes,72a8f2f135d4374d38e53e88ff9aa3c1067f61a196e3518b463db5481b7fd453,1,1,956,956
secworks_aes,72bace7c35a24b37761d117edebf810883c34a0c4520befabda5e1e6d925b43d,1,1,471,471
secworks_aes,72c1b514dbb3544a49f100d4343e19216320f7ff936d070d2382890b4a1fbb14,1,1,1043,1043
secworks_aes,72c58e4e43718f77e89a4369cdf364c415ae0b72c7278ab8900e752ddc9b0ebd,1,1,1201,1201
secworks_aes,72cedfba18869c72333ea63e8ff20c4eea1ed26fef13f37d23cc94b62fa97a3e,1,1,797,797
secworks_aes,72cf63babd3075e4814b5d2a1a610e7b8768a84dc11a39a1b96acd2c985cf433,1,1,1689,1689
secworks_aes,72db4f3792158e9751b2b797fea888b0f9a4b1bf5eca2bf984f4a90bf9791752,1,1,1059,1059
secworks_aes,72e5dc20655870c1c5cb314d96f46794478e6c54203db095ed2e719f94b8511b,1,1,1181,1181
secworks_aes,72fad9b6bf63ca89e7af27786087a9fd63edc7ab52853deb4b0fdd1683c0c245,1,1,1033,1033
secworks_aes,7309ae336ab6024bcd0c5d168d71f243683ddec04bd3e6b5fe28cf2cdf40eef8,1,1,1854,1854
secworks_aes,730d639e878859b5999981b2b495b483ffecfe03dd76720c07d139b68aec6184,1,1,1770,1770
secworks_aes,731e57f7cb5de5674e2301cd48dc451134292fca65f049aca6acc920fd83d754,1,1,129,129
secworks_aes,732538297beb59b312e3571e194702b59adde6c84e7e5c030e0430bb396aeb7d,1,1,1339,1339
secworks_aes,7327a201b4f86eb40f2b053e0dbed069d82a2a0a4b221d68b9af44b39ed91244,1,1,416,416
secworks_aes,732ccce2c8d53dd58168c9d710184cf8a75b37807d12babef1c7f209e822b8e3,1,1,117,117
secworks_aes,73367c4ffda0ba925c588ae17af95e8b83510a76fa9273436c17196780d6f190,1,1,278,278
secworks_aes,7350351a959e6d4038ee2d7fe52ead47ba356cc3013b4f9d7cf96426d515f87f,1,1,612,612
secworks_aes,7384f83f4c7eb054bf4d477c745de4d8de0f90d05ef09bc805a596f75625558c,1,1,898,898
secworks_aes,738ec3d703779b0d6d316ae88735465f0cd38f0d611b8ba131ba7376eed72d83,1,1,1119,1119
secworks_aes,7394516a4c1012a934c8fd5c483c9a462f5bec404fe55dded2e46b5282b35b69,1,1,1727,1727
secworks_aes,73a48f21b7b80cb0a0071bc89cbb4688cf6e64b149db01e273e8b6eea1110d99,1,1,1436,1436
secworks_aes,73bcbbf3325d8e18db4eb90d4e246ad3954e27c9e6b5288a567e5ca9214aad7b,1,1,281,281
secworks_aes,73bd3adb1743544eff879fa5913835e8f7fd0a26a83a9280da3edee747ae9ef9,1,1,1674,1674
secworks_aes,73c3e74442a525ec877d16740075f849c99476e87476bd6e54254aeb50f33a94,1,1,984,984
secworks_aes,73c9953208585993c14d170227a224f5b8f77f5c3473759aad87b283e675a311,1,1,1429,1429
secworks_aes,73d532efcf163412249193a79121687aaf33a7e9cb5011d26b8653a1e629435e,1,1,356,356
secworks_aes,73d705c11443578e4c0bcf054910d11da0e3de5d3bbe0d0e9f38aac50c8644b6,1,1,753,753
secworks_aes,73f622fe1381d077f7b365634f91757332c5a3cb9a6760612958ba34091a3f98,1,1,823,823
secworks_aes,74017cefa9c590564633884a410f313566b169aca4ad9823a2062429e215db76,1,1,1833,1833
secworks_aes,740bd20e5cb963247cc4161aeac0c8129a59ca8dc923fc0d28b905c63a9012b9,1,1,1801,1801
secworks_aes,741bb03eee091cd129f67ac2c3096a65155a2062d4b93f7975921d7d7085f3e3,1,1,798,798
secworks_aes,741e66583886a937786fcf9b1f0df398d4b88e00e309301527d4f45d18c8f747,1,1,620,620
secworks_aes,741ebd070784f63413703a8e5ff4969970407b71eb12b7a2a16ea116408acb3e,1,1,1756,1756
secworks_aes,74292517224495dc205696084d33e7fd809892306606c6fa179874783e015353,1,1,719,719
secworks_aes,74309828066d4c5a6b60d2697ff942b3764926f433f35bc05ee305bae6967f9d,1,1,1701,1701
secworks_aes,743a2ce729b77594eac2a10a690fc86ef45d9ca9e0223264cfb6039c62196d93,1,1,1642,1642
secworks_aes,74896ef34813527a920cd432f8675d5412e1634d47861e94b6a908dd01dd981f,1,1,57,57
secworks_aes,7489a417b84dc96c4cd8e6bf350e0408bd2edc7fd7ce54c645edf095aee91e00,1,1,1285,1285
secworks_aes,749fe6f0fc20df38bed95b77f08ba46d9a825c7080b0adee1b7d22643d3450ac,1,1,283,283
secworks_aes,74a48efe0d6a1dd811a858c054d9b1aefe5df82398768d96c7b394ae4bdcfd3c,1,1,721,721
secworks_aes,74cd0476445cfaefd6ac455e74f34c79b9946e46754d39f3b0202b2d41e52014,1,1,1444,1444
secworks_aes,74dfdea574febb7e2fe56c9c602b5b87ba9a82eb72b5e4a27714f0022f74775c,1,1,1452,1452
secworks_aes,74f4a1107e230daff4662f13621c34819227132b9f631543fbb84499d54fce3b,1,1,1558,1558
secworks_aes,753b67aff05b78b0ecd092c73891292438a49935fc8e56aa5e4bedc522041215,1,1,1826,1826
secworks_aes,75423c6ad64d67080538391666c2ca8bdc3491a929f752631240c9576968a497,1,1,1223,1223
secworks_aes,754951a20df1c6262c4a48268e9817d6890485bd16a1850e6df6a4fa8b6ea6e3,1,1,1440,1440
secworks_aes,755124d65fc84353f05f7fbee8b7ee32b279ab0d63bca81280e66c9fc4827ce2,1,1,1726,1726
secworks_aes,755675ff4a011129436bbe773583b4c5d26eba9f1d7af509446015358facaa7b,1,1,1487,1487
secworks_aes,7562953b9ea3fe6040c910cda94f2c9c6ac4c72bdb3962254c9bfa052904c48d,1,1,1226,1226
secworks_aes,75642774e653d4041f6ec87239d0ea3b5ba3c88ee4f4d88a5566ff1cd84d89b8,1,1,765,765
secworks_aes,757210948dbefc3fc89f3c17e3e3ed7126fb4f8e9eaa748c211ad343942da4f0,1,1,559,559
secworks_aes,758ce49ee21f6f07ca845f3ba377e8b3a7faca32877cd733b2c185d9813a8321,1,1,616,616
secworks_aes,759763d89c1632f939e4e033f2c222bc3770d93a7aae2da0915934ec265247ca,1,1,2003,2003
secworks_aes,7599623f3d61f9a15c4595a1c405ae78dfece92fc771e7419625c2696cb17406,1,1,119,119
secworks_aes,75b1e6653ebbd9cd6ee93a86dd8d6e3aed9f789fb7fe172f32a676f6feebc585,1,1,891,891
secworks_aes,75c5912991660b540a37f80b2d906733137aaf6d320ccc98b60f721f5efb056e,1,1,1291,1291
secworks_aes,75ec08d8aae1f7a0ad3f39c8fbe6b47b443e879a76fe7848326ae0edceb935a0,1,1,1897,1897
secworks_aes,75fa26b2657c92c4205879c9f8cddee187d543e740093e4c51a4ccb2704e39dc,1,1,1278,1278
secworks_aes,75fdcbeaf0a8b001f5de8b424b05277e20a591e3c37a61927abdb1f8c1c8fcbd,1,1,1580,1580
secworks_aes,76040dbb5303d3cc365b64d43ab0544e85353248cc142337980de536f4dac676,1,1,1130,1130
secworks_aes,7605a522be215d434373b47708017ab4cbfd0f4c1748b6c7d372bef4966801f6,1,1,42,42
secworks_aes,76457df0ccb830f2c6b9c8730d46d9bec67d1f133e449e56cdc72926822eed1f,1,1,108,108
secworks_aes,765e4ec8f330761215b94b5ccab05e60c0a3897585927905b091313b73bdedc6,1,1,881,881
secworks_aes,76621038add2366fe38e210b21cf09688ffc06e1ef21abec437a7f39d4854ce4,1,1,900,900
secworks_aes,769d6729c5b1cac33df094bd1b12ee08850dc77facce9708ea78ca9db1aa5329,1,1,1362,1362
secworks_aes,76a161c39d84515c0d0dcc82ca79c4d0029d46e619f4be0c825e8e72558e9cb7,1,1,191,191
secworks_aes,76a842af482441c88ca807df46f5b8ba22ed404d79a729c22c1bb8436332ca84,1,1,625,625
secworks_aes,76adf6ab12c039d6534ccf46c8096579ae1b103e15db4c5a93482d0640a627a5,1,1,1299,1299
secworks_aes,76d53ea8f6baafbf3ba447ade81e7a1cafcebd68664f581a66266067151e9f5f,1,1,1463,1463
secworks_aes,76e846a3a3b374f67139ca228b93dca33cd8bf0c40008986d4e3817c0ab6afd6,1,1,748,748
secworks_aes,76e91dadef64ecdac951102fbe2429bd6a00b1fcfe1b1b73e19317ddc83b8dcf,1,1,2045,2045
secworks_aes,76ee0f4fb731bb7fe5599f77f9dc03db0422ba26b725c02dcd428d2eafbf5d47,1,1,687,687
secworks_aes,7753cd4a16f104b18e6a0b0b41421901fd94ca8042dcaf6913f11d4d72f3deeb,1,1,165,165
secworks_aes,77585d7e7c922dbe2626d63c58754615c7f043366929775a6269c50846d8e0d0,1,1,131,131
secworks_aes,77641ff86be2af7b951aa18d9e9a067559234c760fc0bf561761908e0fd38704,1,1,1937,1937
secworks_aes,7765cd3defc9898289adbe8513c344216077925dcce2f61ff47afcb2ea7b94f8,1,1,1581,1581
secworks_aes,77727d609b02662125fb75e10162322f6c6b5784b341d27a1e3038c29226aa36,1,1,1639,1639
secworks_aes,7779fc2a83f1fb4b3047b372cce8108a78614b62a6c78a8bb3493124558b514a,1,1,1711,1711
secworks_aes,777ab48ca1ef9ecd448918e81ffe3cf9d70f01d3c822f369308f3806adea43f3,1,1,1831,1831
secworks_aes,7790e1c70991a640dc2dceb0fc67a3809e7e2d5bc370d24abaa48be9c5228487,1,1,436,436
secworks_aes,7796ff0909195c2e7653e0f51fda6a844b78ae15741b7767c43a2d0620e41d5a,1,1,373,373
secworks_aes,77c0569b5c4bf2d091b26e77d375f92f4b57ff4ac355fc67a1e8106d7d0c9671,1,1,1774,1774
secworks_aes,77c187cbd3f5bf70890ef5f521ddc3af3ccabf5c4c500ac3b2c43bf862ebe6a4,1,1,376,376
secworks_aes,77ef18627f6954c30bd4b8744f3f10a0d59609ef4c73a0423d57e08fcd4d3573,1,1,1128,1128
secworks_aes,77f16187986d3dce3b7805f724bc55fe2b5f2f9fa03b43a060b00ca87aebb80a,1,1,1229,1229
secworks_aes,7804778203b005948c9010aa48af6f16e82d23bb34eb273ce18990bd6e93b537,1,1,12,12
secworks_aes,780b15723593009ae7c4ab3ddc4d030265abad85aaa9fae878acdd579f472e8f,1,1,1501,1501
secworks_aes,78198cfb6b643cc1379f3a9b73b51f0a1e23ea13950cc09e0d50d63a328766ea,1,1,285,285
secworks_aes,782a2cc635ad4acb47a0d6d0c3c73afb7d5922ae44f80256810bd9aca1e86b03,1,1,1040,1040
secworks_aes,78353bfc480cef0bc63334c1e1de78ae14cec29883700118985970681f80bf2c,1,1,3,3
secworks_aes,783575cfdb5796da46d9dacc1509cec4f70ba2adf7fab9df9446f19199b5641e,1,1,883,883
secworks_aes,783c52596c674769a28f72c9cdea7970c04bef37d59d8a85eefbd0f207fa4972,1,1,1239,1239
secworks_aes,78724bd8c7d84c20de694666824602596fa6115ca7bcf34238ed398349bba2a4,1,1,1709,1709
secworks_aes,788b39a8dab3032bea40e403b49383fce767a9f8de7f1b7b3918f56315ba9665,1,1,262,262
secworks_aes,78ae727a451240c9293b24c37d6e179d53ce9de153fbf2d02118888bdcbcba48,1,1,115,115
secworks_aes,78cebb5c33fbcdc5eb3d68a4ea5cba406929904b27d20332a2e8ec727c58986a,1,1,393,393
secworks_aes,78cf3c70a1d309c9011d2fed84010e4a8d618314603d9fd7b36a5075adc409d2,1,1,1761,1761
secworks_aes,78e5482c8a8c8373f1183bf4ce7dc145465d6019f056c53a8f13fec57d936b32,1,1,1016,1016
secworks_aes,78f0f9c66e892be9137b68d4e874e09603b6e8f3b2864e3c773b9a63aa5ffdc5,1,1,1333,1333
secworks_aes,79087dabe5641c5817bf290a78185ab78ce2e7b2fbf268b5bc09c1984247e715,1,1,1696,1696
secworks_aes,792fc5e059123eb18788531e23b2e8ec76597ac871b4b0a0e81df7686a263975,1,1,275,275
secworks_aes,7954382d4a15cbf5dece39ba6bd38a85f284c493ca332c91a3def1713cf85ad6,1,1,1316,1316
secworks_aes,797c950c39b16e96d0aecd67ea1fad83c954db5330301ad83288fd56626bc97c,1,1,1430,1430
secworks_aes,7983f010a7563b91512fbe54c9877f0ffc2a405db0e53670f168db9f7e2b9700,1,1,259,259
secworks_aes,79ba81d65cc6d25916fd2afa19cb382691f4f887f7fec4d5ba72db12a1a40cf1,1,1,30,30
secworks_aes,79bd065450f8db6b6a66d220cb120446e0c9a52fe354e76c789fb034208e1a7e,1,1,1254,1254
secworks_aes,79e644de8ef1afa0030be5db63ded6b0402baa3b81a7923d26fcc81cab936d6a,1,1,81,81
secworks_aes,79eb712f3ea42aeeaa3b023700ca7f9fe6052c45d76cfdfb89cf712809bf5b83,1,1,1137,1137
secworks_aes,79f3e0b3b6149e2797d99a8e9bfa0891cd9041e8e1cfefe5d1747df509c484a1,1,1,798,798
secworks_aes,79fd575b6bba825b09a62e73514f80de6cd95bb7db2eed6eb293542f37dc4a10,1,1,1183,1183
secworks_aes,7a00cde6ae8cc1c5649ba7ce63f33a61df8b8fa55d87c45d4b786696e95c0179,1,1,2036,2036
secworks_aes,7a051b9b39e1f422216532a118a20ac6c837cab74e3f1daec556779c7abcabf1,1,1,521,521
secworks_aes,7a0ace17fdf9e5841c669f6cfce26bc2df06e3fd2b5187d317aca013c527560c,1,1,177,177
secworks_aes,7a15e7dec33ea0c46d66ac67d16d4be2a6dc6bd07e8bae2bce7f96741aba8989,1,1,1457,1457
secworks_aes,7a1bb396d3d01353b4033f7dfa6ae7605ba4affc2653fbd3ad6964d8a8b188f1,1,1,87,87
secworks_aes,7a2048bd5c4f984d66e0172039ba0cc89b072fd24d71751e46cbbfa3b8f0b0ca,1,1,1492,1492
secworks_aes,7a3dee0b2d49ede9730c89d3be745b1310c348eb0ba6129f436d448b56c2066c,1,1,1765,1765
secworks_aes,7a48c14b8c3f1f5f72b5e65684038bcffe667a2540e4d29932367fb45eeb8926,1,1,163,163
secworks_aes,7a635c49e79969b2ef99d382d75fec171fd1bb7300aa2787050e537a5555540b,1,1,290,290
secworks_aes,7a7a30ea1293307a9e48eff09090f95edf000bf3a813fb0402337894a0e1ad98,1,1,304,304
secworks_aes,7a84194ab8a5a9ae30c2d6595e9fa33a9903f170938e64716a2f9c0248f75a4e,1,1,525,525
secworks_aes,7aa36467655b70af8ecdcc7b1b15e50cbd619c44fed376667dd542795f3ea87a,1,1,1663,1663
secworks_aes,7ad4bcb5fcd324e008d567b2af0da1427e4fb25be72808a69067679a892420c6,1,1,531,531
secworks_aes,7ae12a1db18c38d30e31e011acd0a66983ced328f58a19d2cb51f782f3805355,1,1,215,215
secworks_aes,7ae5dc9f32b7a05d8d21ac54045615429e8db1e3dbb543a0f3ef1f3874fbc2b2,1,1,1106,1106
secworks_aes,7ae6dc39ca2d6bedeccb8f4eb2ad20f24e8760322fab0e8830cd32728aaa6b10,1,1,795,795
secworks_aes,7aed1dacb37ebd0d4f9a1f4939fae020903616625dd518e00edb656f6bb070d5,1,1,301,301
secworks_aes,7af536a8151e9fcb1451f4d55236450f0dba2d6ad65d499c26f4b0d435a0fd2d,1,1,272,272
secworks_aes,7af94aa32c385118805b601315e409ca8e6c0d2d5b5fe334a2bbd55a28c3da99,1,1,2027,2027
secworks_aes,7b2b4b8b15ada20fefe6afaed59cc72c6010d617ba26b2a395e39dfd5b0c667b,1,1,1748,1748
secworks_aes,7b3a5d745b69d00cd5d96d371ef70ca708264612b7bc298ee95e5f12f8ca1454,1,1,565,565
secworks_aes,7b48043de68a2639acdb3471cf8a37d28d466e0db64b0fea71c9b649408c46e0,1,1,1783,1783
secworks_aes,7b4fc9dbffb7ffe056f4661259df9b830a587b61a36c8fad994675a69eea9573,1,1,1906,1906
secworks_aes,7b57e595f427b0249823768b67f4a2411278c9c1d38224453acdfc04732b0405,1,1,1327,1327
secworks_aes,7b59e8376dff618717f03f6387087b60564929e625df07b3725d81842187b43f,1,1,1194,1194
secworks_aes,7b651c6bbcd0869945c13976d457680e4a2cbf024c39a5ce680ed4a39b4790f3,1,1,1270,1270
secworks_aes,7b74bd3d1c5762a846b74f536bcb3abe9fef6e00a67e5340689273cc2a955dad,1,1,1876,1876
secworks_aes,7b8703b04117e6501f16877862eb1b25ce2d759553d05c294e92ff36403f9ad4,1,1,762,762
secworks_aes,7b87bebd9abeb79894b655ce09529696dd53ddc5ff946b6778912d29b69b7599,1,1,286,286
secworks_aes,7b87f5573664e05c45cce7129eb304cddce4710a96236f7af51b1181a7ef1769,1,1,1296,1296
secworks_aes,7b8cf529e54c6393a1930a9c84a473a9ed406a4dec5b8fa708e72948a83c0299,1,1,140,140
secworks_aes,7b93d145daa4854323e639b822d1dc179f5c77e94bbdd257a64665e063149584,1,1,264,264
secworks_aes,7b9e8acda04aa838e40d398e58d0029a40a1e3b898717778aadcb96f34e2fe2b,1,1,272,272
secworks_aes,7ba841ab34ebe8047fab6a3c63c8ff4556c2c7b351d19ccbaf222026df59e6f5,1,1,2,2
secworks_aes,7baf91fd464b97bf34629dee80479c8af608fb0cfc08f4609b55ee8737482658,1,1,1804,1804
secworks_aes,7bb38744493b10663047433cd968c4b84cd27227db1cf6a51016097f32b05661,1,1,1599,1599
secworks_aes,7bc37f0c72d1f4c86f21c32731f78434beaad82fb169a26d6d30da5a59809044,1,1,1954,1954
secworks_aes,7bc4469875a36b41828ca9ff70fd660c9e14bc22d956e34b8feea898a160d3c4,1,1,486,486
secworks_aes,7bcb1b420c6c3c3b7e022f31008724ff8f1fa5ed22b9c990f44d26141a3790dc,1,1,1042,1042
secworks_aes,7bcc08a1bdac639fdf3ab49343058d783b6de100c3288549d160c680c0c3d5e3,1,1,1146,1146
secworks_aes,7bd4d3bb265b5cabf46de3c69968ef0af587d9f02ca2fc01928fef2d22ba62a6,1,1,93,93
secworks_aes,7bdc324ac9b7cc5e2dd53bfcfb3b4d4ed5edeedc145ddd9a117c516e4238f34e,1,1,781,781
secworks_aes,7bee93867e208b378550477271b9452f2f7bcd0dfa34f465a313894eb4cb4376,1,1,1084,1084
secworks_aes,7c56aae88e2bd98fdb7e6a6090b6c9deff0ee34fbc4cb035eebb82c7eb5c234e,1,1,1046,1046
secworks_aes,7c5a52caefbff9995616ed923da1f813ebc16165cbcd5a0ad025f25f7c7569c4,1,1,74,74
secworks_aes,7c8518cdf13fa2bf33e55f148c70e399172f34a3cd4c3e6caa086c8aa2527366,1,1,1749,1749
secworks_aes,7c900cb26a566423e5778a95aa7f5dda92596d92088e7d1fc969499174900eca,1,1,1855,1855
secworks_aes,7ca228240654349800f4605f74331e47f35685a50b11edb78598dbdf00f8d5f0,1,1,1030,1030
secworks_aes,7cb2715981d371157fb0eb4b1e59433a03b079a93e4dfc58dac29dbbf8ef4c3c,1,1,588,588
secworks_aes,7cc0129a10c623287f4c6310fac6ec7b669700f486300209951a19932b82e999,1,1,60,60
secworks_aes,7cd20e1417fbc01f5753f85da652e9483030cb78d74c12d178646a2e6830ec73,1,1,1707,1707
secworks_aes,7cdd345f6be0b6e72d542d7074845023818247bdd28b078af069490569aa9ba2,1,1,1290,1290
secworks_aes,7cf83669fd48ad666c315822076928e61a3650648f714a4ded2af8ce16493816,1,1,491,491
secworks_aes,7d0a3d0811abd8f0d14a4e0c00ef270ec088b87bcf23376908bd20194e1514b1,1,1,478,478
secworks_aes,7d3aa237cd3d97422ddebf4ddf206301f419e6fe958fce2fda71f0ca2a9a8744,1,1,553,553
secworks_aes,7d432005e204e3e81d88b8846f973d868cfd10ba8ba9cbd8315c19b2ced12741,1,1,1954,1954
secworks_aes,7d5de83c8aed7e77bb089e7b9acd3c49a28d8bf8b942e44c59c9dda7534543a5,1,1,1486,1486
secworks_aes,7d5e0803921281d3f7fda6615a3e922c8cd21387a718bb095ecce252644a2910,1,1,834,834
secworks_aes,7d628cb6cffed3184a3f7fa518713bc47acf57e4c51e160cf02ed689bbd54c51,1,1,2016,2016
secworks_aes,7d8e4034d1d7cdafcbf63d2d2f0b08c48979dd66ebf54360eae502490a0d0f67,1,1,599,599
secworks_aes,7d9f4afd688a1e42e46cc5b25a12e4b89d5ee9a87bd8b98f44a5d653243da2c4,1,1,1700,1700
secworks_aes,7da786d81f962171b2da99c4698c28c16e2d0af69d4a101b3e1365418df05207,1,1,1616,1616
secworks_aes,7db48824cb8586d77fc052bad62db873be3ac7d3e74b1e93a5379ae84b09d619,1,1,1675,1675
secworks_aes,7dbef1b1a1b14d10347846714400e7471bcf92d65e4048b51eb4e843c4a1d9c0,1,1,1082,1082
secworks_aes,7dd365c9f49501981c1e2e5d5c8d7ea7fd88e413a119db424344252ae01811fd,1,1,1518,1518
secworks_aes,7dd473942b5d440441a19a184806401cf591a76ff90084d887a202425d7ec2d3,1,1,1614,1614
secworks_aes,7df2d0d3e04a9cd46b1c07bc69f6f140551a1d5057f4c4fa023487da829d314d,1,1,1321,1321
secworks_aes,7df7fb94d91d016de8f4e174516ecea9e75aa2709011a6a37a36284dfcb9c11e,1,1,1341,1341
secworks_aes,7e0fe51f2c782eb1544fcf412ad7ae62115471abf277604275df483e9b3ab7be,1,1,1820,1820
secworks_aes,7e3102524ee0230168a79f7103ec79d2d3cc0c2833a22b89a898a0c3a3a14493,1,1,868,868
secworks_aes,7e38df9fb8d5de38127dc82bb3c2ae97746dc22df8ff6762146f67b512af3814,1,1,1763,1763
secworks_aes,7e4d2abd0292d24c35d761eeb61c77e722003ae1d6bdada8f9c01a63f702f7a9,1,1,1456,1456
secworks_aes,7e53c4023f51b4045117dc8ab1721491b4a6fca91d7599282aa15f9f654e2fba,1,1,1956,1956
secworks_aes,7e5f8c47d3d1a5d2f63707462798380e067c4bdbfce4999fdf062ac199b53494,1,1,1609,1609
secworks_aes,7e6ed906c8ded8f5591c9e8782fc3bc7f47660a656282f314439ba792bef03d9,1,1,992,992
secworks_aes,7e7209f6e3065afcbf4e12a23eb98afd98c7fa431a8ad3cdb532984540feb982,1,1,1880,1880
secworks_aes,7e781e325443bd9a304c8c6e855e69e1895261aa8bb1a03cc91393fe54648f96,1,1,1704,1704
secworks_aes,7e8f801559c61a0f84bfcb4021a5652366582ce623faeb565d1065e12af41c88,1,1,754,754
secworks_aes,7e92a5f7f2a71d9b703f93c04600acf1e2613782aa1a0a859bf3132b8aa44382,1,1,2037,2037
secworks_aes,7e98b601f3e9555731c0cb11a9ec71694429cd1172c4057c202d5c35bed3874b,1,1,565,565
secworks_aes,7eab75271e66b7827486d9bba833b0858822f8b3bda36f4c135d2a4a9a544c3e,1,1,722,722
secworks_aes,7eb24d18e0572404b029e4a83fdeb0f68638eefbdb52bf98a321c8ecbfe89263,1,1,1803,1803
secworks_aes,7ee0e0f0b885abf5bb09980eefbafee54c418c7abdb893e0f17af3052984a915,1,1,668,668
secworks_aes,7ee97bb5cffa8a540992da7ccbf534aa45006f4e6ef726ad736accd17b9e0757,1,1,345,345
secworks_aes,7f0eefa7aa6e5bf66fd69a9feefbf4302ae49576759fc5c696f97b24df7b7736,1,1,914,914
secworks_aes,7f2240129740237fd7a01b2aa68ce1b8021d364c377c7e3f5fbcb3f43ce181b5,1,1,1888,1888
secworks_aes,7f3e1c4b09a72d7f37423aa3dd88706f2399a4932d41971ccca6cbb28bdec97f,1,1,1250,1250
secworks_aes,7f54786a957bd1c21e53256844dfd8e8f3bd1d21c97a0ededcb3e957bf67614b,1,1,431,431
secworks_aes,7f57e74a662574f09fec20853a9b32312837ef8d6245c00a42ac6e9d7eb75ee4,1,1,211,211
secworks_aes,7f5edb2cd8801a36c567ce5c7917511607f65a4c4d1846ea82befcafa7420170,1,1,2023,2023
secworks_aes,7f69e134e7b1d84cc06868a1c5372b0a3281744f1e71d68af91cd3024835f219,1,1,768,768
secworks_aes,7f822c45b1485425f89ca0e1f5fd0ba01a1b7fa2e767a32b3d7e75018bca2fbe,1,1,2011,2011
secworks_aes,7f834b6612ade1acb1eee96ae4678e2756b38c26e8fbdca2cefefe9481076018,1,1,2012,2012
secworks_aes,7f9776f5fb15f2787678bdfb0477606d3b70b09cdf783dd15d26b72bd24803a1,1,1,802,802
secworks_aes,7f9f3621cc46f89970a4f15ac9be14577b5d8f6c82854722095f83ac9c532a28,1,1,365,365
secworks_aes,7fc40596cf35e4cf1367a828f55b6c495cf85b0d066bf9f3f3cb3567363101d9,1,1,842,842
secworks_aes,7fd8763f43d6beac2d6e46e522c8b8cd44e7e8fef90844780c88eb96d7cd21b0,1,1,1262,1262
secworks_aes,7feff99e92cf7f954162e8cfcc48c615ce71ea7fd1599cb780ce41ad8740ce7a,1,1,519,519
secworks_aes,801273a07adf610a9a98d83a67ac3891e38ee9a04891528bff32c7b21f2f815a,1,1,483,483
secworks_aes,801697cfafb9d016cb665bb700b690d982fdb32d12906669b1d315a6bf62f55e,1,1,352,352
secworks_aes,80178f837abd39367bf99ab1f1e40e06fe3bbb18080dab8ab9759ffb927ac856,1,1,46,46
secworks_aes,8037b1990a631336499c0493a3044bcfec79a83be2fb1dfb64f3f7daa961977d,1,1,421,421
secworks_aes,80449c6e3694ad71cd10a498713017e930ec0197e2f960f5af3660cd1c351833,1,1,1684,1684
secworks_aes,804900e53f9398e9a474ca814b52ef09bfc218fb08b68b547304e7db6c26c189,1,1,928,928
secworks_aes,805a5ffdbd2abce4e734c186a108f8ecfae2cb1a1cadaf7ada81bf0ac2053aba,1,1,1505,1505
secworks_aes,806b7a30053bd336dcfb9b6a7401acfdb897f6783ec06fd191b4162e98f56713,1,1,1584,1584
secworks_aes,807389be0fcc112c9b53f12cfdab4a9ed1325615f3c1299c9b65105324cdde99,1,1,480,480
secworks_aes,8088d21d7af384683bace3f81647c0945cf8602abf4cbe7175aed11004cb2066,1,1,1293,1293
secworks_aes,809b99c671d1273058d0ebfe173cef41b486a23f40c45169b8ef689bc775e4eb,1,1,1596,1596
secworks_aes,809c21a36b323812c1a7d00757dfe245573fbbf2badcc096de89883219183a3b,1,1,1431,1431
secworks_aes,80b3b3fe16857219ca565277aa38d223689aba8f56fc32c1e7906dbc411d364b,1,1,604,604
secworks_aes,80b56381c7701913b53b246f673d523dad276e1016c05c65b9eeb7b97de0371a,1,1,1551,1551
secworks_aes,80bfb30073762980bd2e4ac6c13c5a82fbec41ecb354eac0a67e31366e276ea3,1,1,1681,1681
secworks_aes,80f4e326588ed0f6be5482479d47d007717aa1b31747480581619577c2a1f297,1,1,139,139
secworks_aes,8102254878273de858b0415974c91f67ebcf85e8eb7cba0c783aaa871ba929f6,1,1,1696,1696
secworks_aes,8103a6db9230d313ea76517c2a7dc199b7802f5fd09fb208461d338e63c059cf,1,1,793,793
secworks_aes,811c61ed31cea4636b47ddb0d306481e00b1929a7c445bba9747eda1c0c6e321,1,1,1398,1398
secworks_aes,812735c1e4c9e282794257b42cf77975f9520e2c9bb72e41ab9ecef6a3a1adea,1,1,975,975
secworks_aes,81294d60c30f74b980e985789a6b59cc9568a3ea753bb87d23bb887f4d5726a9,1,1,353,353
secworks_aes,8159521b1f6ab7230a4498f3f0df6b18de7b617cc6e8b33e562222fa744631bf,1,1,605,605
secworks_aes,8173c19214278eef299e9fabb66b55b17088060cbcd2b8cb123955a8cd014752,1,1,889,889
secworks_aes,8175c11bac43e1b35ebc50def3b3c2968330d91ce9adf89a85e4ed0bd0dfca35,1,1,978,978
secworks_aes,81760974f366ebdbf98ff41c09f0d5390ba3127bfd25584a26cdf2c883469c57,1,1,413,413
secworks_aes,817971dba1749b0eba34d50df0e65baf911f1b22e3c739864d925b02db1cc913,1,1,879,879
secworks_aes,818383feeeba821ab3f920ddfc795ddb2c32b74033a49f871dc3344acbf32e23,1,1,1633,1633
secworks_aes,8187054b50dcb37c54c276d64cd3b7bb3841cb3156c2e83faa8d442bbeef0689,1,1,195,195
secworks_aes,818a5992f2dea751fffa4fa613d2319f18eb7c54e6d91d2bee69fa1f9edd2080,1,1,1076,1076
secworks_aes,819424b45c8400c2b6887ee84d5bf241bea3d1b7e88f1cc51767b554909d4565,1,1,888,888
secworks_aes,81ad8ab9caa722b2f06e061374ca29ac22dca83c626c454efdd397b8ea6868a2,1,1,582,582
secworks_aes,81c1e361492c60d99dacaa691c6e7f2450b683c5a0c8d3ee917d143c6c4d25d5,1,1,1704,1704
secworks_aes,81ec024146d5d3cb5cd87b8402194781cbf722b95b3a1d701b593d092a8cb43b,1,1,89,89
secworks_aes,81f59788cafc91239152f42c5281560146761eb839a2915222c1f4152b86cb79,1,1,870,870
secworks_aes,8205fec54af90a0445066808b61d799fa90c6eb3e880d4bb7f4b8f0375a58d89,1,1,1295,1295
secworks_aes,8206b858acea718e789c33a7ed3dc0cdb2473f9a38963b44b2308495a783e0cf,1,1,68,68
secworks_aes,82223409339576fcbc91d11816d7e91c197bb73adf88ae5af9b2dc27c432e4ea,1,1,1206,1206
secworks_aes,822ff942f03be9fe2fddbf2a5aa0ee17a0660a6b4f962a41399b2700b8082d69,1,1,1928,1928
secworks_aes,8257037d52cdc97e5e0dcdcc82ae7c498f38eeb1783ca79e20dbffe5f121f7c4,1,1,808,808
secworks_aes,8267163a403dc5081852f5f9734c5f48c205fe8f004323eddc12c0ed562c1d63,1,1,1899,1899
secworks_aes,82aa888350b82ea6e10ade83cfee9c6030f59739cc4b3c8f893e5e1a9d0f103a,1,1,1905,1905
secworks_aes,82b357cee42c758b387ef1706ac7a1adffbc2bd442f8aaf6cc39f8d13985e089,1,1,1600,1600
secworks_aes,82c02119fff87827846bc080187065f5ac17078028ff52f91de5881d77a246b3,1,1,443,443
secworks_aes,82c0f56a4b9b14a89698c8b8bc88feb8620e5829f2311127eba369b142dd8acf,1,1,1023,1023
secworks_aes,82e5cba8e62aec565d59cc1434ac867bb25fb83dc70c2f1ec070744e431b6c85,1,1,546,546
secworks_aes,82fc013f837ad3f7ece3a92b8a50b3e854590efa44c39fbd8c1514351836b0cc,1,1,50,50
secworks_aes,8326a14de49f4ee29bd9ed12e9b02e49b7a75256831f3df7c3679f5ccd7c9c9b,1,1,1403,1403
secworks_aes,8328b0911dbbb4a7ca8cfd752c03a121287634f758959f08deeb2dd360615240,1,1,330,330
secworks_aes,835174ce61a07e58e28c2bd1183f23a3a72dbedd27928f80a36a77cce6f77a72,1,1,1715,1715
secworks_aes,8355ee39635813b3113f904ab76dcadd07e384f420cc509a04e5bb4e31932b35,1,1,796,796
secworks_aes,8368562f2eaf155ddd9aada17cadada4ad77e88da1389835a762309e16470c21,1,1,1537,1537
secworks_aes,836f96f7f823c7dd88a0d321ea2d2b9ffdee2e21ca49fe3f8ec3a2363ae6397d,1,1,1492,1492
secworks_aes,83832681d8a454f8d71ee0be9c4b48951acf071f44a4fbe695779b7db5fae2df,1,1,852,852
secworks_aes,83b08ecab0c7d2e8dab2692378f3d21eadac4e63a75f63297319fae0cf275ca7,1,1,1490,1490
secworks_aes,83ff705ca1f4ad1b6efb55fde4329ff1e7bccbda7b54daa141c1729718f73225,1,1,1572,1572
secworks_aes,8402a0117cac479337443a9c4f6c78a1699d8f748729b6a0ee0585d4384f6f0e,1,1,888,888
secworks_aes,84158cdbd023747062deb0405913012b2da8c89317de6978bab07de542ce0240,1,1,1049,1049
secworks_aes,8415975d6bf5b568993591549615d68016d10375cb9fd4ce29d2fc3f09acfcc6,1,1,464,464
secworks_aes,8451d27d18a0cfe91aabfac1c6984fa54abb043d257c1c2041a4c4dd18159171,1,1,660,660
secworks_aes,8459c09e5284e6b4d884e90ae9bac8b7b073a3e0bdc27dd6f60f37aa9ad149d0,1,1,154,154
secworks_aes,845e4d103b919292f67798c5c5048f9e9fa04d42599d372dc89a4e0a75fbf09f,1,1,1739,1739
secworks_aes,846c94ed41b0ae5757aedeb46857aa98d49291c3f53aed33c7365a708f97e3b7,1,1,1009,1009
secworks_aes,8488327bf3dcd376a7b1726a833260ea88aebb7981a0111e91db1923acfbd876,1,1,1292,1292
secworks_aes,8496f7a5768bf295976a282de60de0d0468c601278ff212b8bcbbad29fb253c4,1,1,1994,1994
secworks_aes,84a30fb86df86b1978c0320f180eff34fcbdf72d7af599f186b2d38b84474663,1,1,788,788
secworks_aes,84a4360f4cd55b5ab920319bb1968f41c78ba740b6314d0841397dbb8ce3def3,1,1,144,144
secworks_aes,84b131b67fb132c11b0d1371693cfd484922e416e5b5069c396a2dbdb22559a0,1,1,1904,1904
secworks_aes,84b5025bb1747af37d879224d69ce3620d3642fd97de815a20b7f3e7d5e320c4,1,1,61,61
secworks_aes,84b6865c643b65cc84e2655fa256afcec252b805d5bdce6d58769593ea9b3b5d,1,1,1575,1575
secworks_aes,84bfc8f82072feb3a6e54cf210426d476833456cfd0ca467167cf6056b635130,1,1,773,773
secworks_aes,84c884a02d63ca1cf0bf6519304778cf15528206f95756c304d28842b08c83aa,1,1,1755,1755
secworks_aes,84d2435bac5b8480de4265e4c9c2f6d3aa2260078ccb1ca10a0da2835221b18d,1,1,1867,1867
secworks_aes,84d64073de6e3e972d9cdc9d7f586e0cf408297d5c884b271ed3e2457c55df29,1,1,1890,1890
secworks_aes,8512879fa99d8e9eb66945a0ae934e911d4a6a7a081fc727cabaa9c4f0dbdddc,1,1,1775,1775
secworks_aes,8524f155266fc43f438faeb05247b41bb59384916b7a0fc3c5e71c2c99894d44,1,1,1233,1233
secworks_aes,853273a2a6fbd0e8508af944f79c5b45f2f72284c56192518247dcb94eafbfb5,1,1,663,663
secworks_aes,854c6ff0636c2b9fbeeb45988c5b9a18ddecf73a8248501cef8771232a580e4a,1,1,1111,1111
secworks_aes,85656531d7c60de7083be19b25f93cdfb22d29e1a7b19ab21874654ba5ba0a20,1,1,1661,1661
secworks_aes,8565e6e77e0cc10313b8f42578ee9b8686534d25af6225a195cd88fed8e32246,1,1,1529,1529
secworks_aes,857717e33a6aca9ca6dc02aadef49a35e062486f755a0dbff38a68a42a30dc3e,1,1,1829,1829
secworks_aes,858785c631b949e135c94ac5742287c15902cc32b69e1224c2d76c0bea9b6139,1,1,1615,1615
secworks_aes,85c24271abc6114235e6741d6545e987308037e1d89e890bb54e9d252e90cdc6,1,1,490,490
secworks_aes,85c3b54a4da9bc427cac263969c629b224f01849d2c7c5627336fa58a12a05fd,1,1,1759,1759
secworks_aes,85db0d43154d174f0e0fbc93612a20cdf4e33c30f66617b78edebbb320232087,1,1,1522,1522
secworks_aes,85e750710ba18846743e7a571b0993231b90f9bff7bd2ad0833d9485aec8aa9b,1,1,890,890
secworks_aes,8619d96d90ed28dc138ec7f2d1d14bd338bf45d482f4f77bfeb9dfc46a8360f7,1,1,1083,1083
secworks_aes,861b952c65e12be9e0f316c21a8d4b367ba706ba43452c00ea5b2834afb4ab7e,1,1,824,824
secworks_aes,86233e2cb7ca1b20c1e53131a6138e41386421ba3b6a7d52a50c6988da94f27d,1,1,1966,1966
secworks_aes,8638c83135e65c9bc85eea6c6f963596189043011391b825f1cfc1e57b4dc2da,1,1,316,316
secworks_aes,864033f31ad77deb4b395b87175aa4236954daee78b10e6169a3dc4234fe6882,1,1,1351,1351
secworks_aes,8640908f9ebbd3f21322fa4731569d0d97859cadf95573524b2aef4fd3e8e792,1,1,585,585
secworks_aes,8640d2b905183c2237e1e99a0289e32834dd5a7b09e9045ce3d6186956ab9741,1,1,1583,1583
secworks_aes,865317ebeb92958f03e31531183121cc50436ad2080bdf43b10d6be6a4fa628d,1,1,1343,1343
secworks_aes,865b4949c9a2905cf18149d9e0e31be7d10795694f85c1428b22fc37a619c859,1,1,1385,1385
secworks_aes,865d2b32a6df7c560a9ffae42e5e3f42931ecf1749955c65d32e9e96a198c693,1,1,143,143
secworks_aes,865d2de72052b7a198f9097de6d3b97ab255b49985cdf1c053544912889e9ddf,1,1,212,212
secworks_aes,8661556995835c9c552a91d8151f6bbb6eeba0902a7acfc92dd35ee768fcdb65,1,1,1304,1304
secworks_aes,866341addc3b0d25b660511dd804419c0874aba72052b3ea62c997020f1f8cf3,1,1,789,789
secworks_aes,866e8705f79a0de3df9429e755861fdec5ce4c9bb3b4533f81cacaa57777c91f,1,1,723,723
secworks_aes,867b7f4fa5deb7c18d6379058aa1146f9f2431ccf3aaa88d140d841e423afcd5,1,1,1833,1833
secworks_aes,867deb4f81569e801890a3d5f6b59c2c15427ee023c2f6f10cba8326d17b9a9d,1,1,1091,1091
secworks_aes,86a193bb924c361c94c873c3c676a3e67f648cf78eb53ec405af1eeba5babc44,1,1,1147,1147
secworks_aes,86db99482c1435940097e0709334fbfd0f4d0f74424162bac1af1f74323d855e,1,1,1306,1306
secworks_aes,86fea63b857858e7780b24ffae974a722624dfc89e51ffcc28f483826ce2e877,1,1,1975,1975
secworks_aes,8700b1dd4470e7e87ed5dbca422940ce8535558a8e24b11d67ade62784bf2b64,1,1,461,461
secworks_aes,8707a3693c2081c5050b63e679c03692d5410ae5a8269c57ec45b6f84013d8c7,1,1,1918,1918
secworks_aes,87141742d31d8f94bd45ff3669ffab135a093e129ed77c65ab94ce8140be96c3,1,1,589,589
secworks_aes,873bfb5003f9ef22507a1c3616655e5f7f694da45313b6ec53849bcd12ca927d,1,1,1640,1640
secworks_aes,8755d8e3dc3031bc0306b4af0297af65c0eab92c3c628cd0ee3646249fddd40a,1,1,1946,1946
secworks_aes,8762b330938d38b506a677087e35c9d0ad7c1bc92394c906d173d3c3273753cb,1,1,1637,1637
secworks_aes,8762e3a4400ac1d449cdc91115ef73f338b76e41443e970b50eb0302627ad8fb,1,1,805,805
secworks_aes,87650043c640458e601fac562887db1210d5104e02ea82a393d72742edd51748,1,1,857,857
secworks_aes,87883b87ef26d3ae1c88a429d71ea9997d2439aee0dc55082926e1e1e039037c,1,1,1957,1957
secworks_aes,87c09b4ff4b5557b2bd671c5c5c821183985e1628bb8854b6bb10ccaa308dee3,1,1,1745,1745
secworks_aes,87c470ec3494ea43fa581dbd6329cb70b73e072f6786a55dbfd55d15caa90b99,1,1,1740,1740
secworks_aes,87de6f5886bff041f50d6fbaa4a2e314a7721a8054eb58c2e5e310c4d32e1e89,1,1,1046,1046
secworks_aes,880235a75f47009edc39a013091a378a561e00b7937c613472dc1a2932b9a653,1,1,48,48
secworks_aes,880dedab56f1b77a604613e2746994e92d5edd0b874e5331108c43777502290a,1,1,356,356
secworks_aes,8832c65d357490c268a8022e1e9210100f41ca70f12261bd9eb932d78f568b77,1,1,840,840
secworks_aes,8834c92e4194eb4d138a70e58a624127b6b9d5856bf17acc26d272c1c17f4dbe,1,1,37,37
secworks_aes,884514a152b4c359d117a1190eed2babf49cd07410a0bce13f4124da3b51aa7a,1,1,1526,1526
secworks_aes,884f00e11a4443f0117cc7a746fcd4f6a8359d25cdf70edb463482b96606aea3,1,1,1412,1412
secworks_aes,8871f68d59b8485354e24a8dc7ab672d9af4efba8596ca8ad72b6bb38bc1bea9,1,1,78,78
secworks_aes,887e6ac2db1a8cedec564788b7d653d2972a764477bb3d04ce1420b6ab3ee3e8,1,1,1638,1638
secworks_aes,8889212d7271bf7f0e2f22d4bd3bb8a72799d889aa10fcd523d753bc68fa2d46,1,1,1584,1584
secworks_aes,8894d776c25ba748ef858e540418d6f190d4bd008df949ea2d04e3aaa6ea6d66,1,1,115,115
secworks_aes,88c802d6efa8bc590dfa18a91f5d30e5cb52b373fab871105d6ee3c357cfd623,1,1,751,751
secworks_aes,88ca836a65bd467c298c7a80693ef7db3b33e2c27b64f4d392d2a67bb430b0c8,1,1,1985,1985
secworks_aes,88e1a3ab550649f2d133fd18af183c778c0a85dbe5cb70fd60fa5b6c66aee880,1,1,1563,1563
secworks_aes,88e30d8c208819572dd7781d1de0558e58494cfbde273eeb94ca58adc7d1c009,1,1,476,476
secworks_aes,88eacb3ef46f6f05a255f9cf7335af818c5001835bb6b836eec8aa888923e1d2,1,1,9,9
secworks_aes,890566a48003ef5ff58feec00cb56426091b3a82dd997a0cd38ba84bf31bff14,1,1,137,137
secworks_aes,890cced7c6333e7d6b2243cc47e9d5e6e87609b0727e11b63e4034b05e1c8a1e,1,1,298,298
secworks_aes,890e14051cc775b1fa0ec2cffacb417849f3b6415189e365cfe671d521094310,1,1,847,847
secworks_aes,892de2700ec3a61e7f06d79d82804cbd29080991c583c4fe9ee67a0dac621ac2,1,1,1377,1377
secworks_aes,893627a04144e9c6abc5bd6070d3ca7ded82079a91e2eb12301201262d1a4740,1,1,1209,1209
secworks_aes,8950cf208369bcc2a21cadb4462d430bdfef2038923b0d5df82390f489594f19,1,1,820,820
secworks_aes,89575cdce55ecdb79002f3b146c29ec5a794d6cee62a48da8fdddc4c79b13c03,1,1,20,20
secworks_aes,897159b38de06958406f6feebbed7f801daef110ead45cf1382b11c637d66e7c,1,1,974,974
secworks_aes,899654bd2a2ca876911da9f662a9bb076bec92408ea9d501405c22a8a5af11a4,1,1,776,776
secworks_aes,8999ff1c44f2620ad8784c93e82fa6e0127bcde0dad4c61228f5036599cf5956,1,1,1461,1461
secworks_aes,89bdd2afd3fc10e2fe19539498f0bcec9dc8f0f5962487b2219d14209f6fa269,1,1,1766,1766
secworks_aes,89ced24be23afd9172537bfabbe63fff49926a9d3e5f49187fedc617e69c3eb1,1,1,1507,1507
secworks_aes,89d831bf4a1019b80c3122e4a7352627ac492437f9daab040a1ab2129e3d1017,1,1,2047,2047
secworks_aes,8a03abbce79c441028dc1d1d848038aaf54ba4d29913b8ed6ccf1ef4e5954e35,1,1,680,680
secworks_aes,8a0a3d2619907295ae70080ffba73489250b2ac2205bd8da41a51e03df1f4982,1,1,1488,1488
secworks_aes,8a4be7539e5cbd817381894b2f0b31dc70318720d221cae4e1ae8ace729f4a11,1,1,53,53
secworks_aes,8a522e461b489cda94c7f70912754672c1beaef400435a8ffde5762137783839,1,1,884,884
secworks_aes,8a72e5f81f9a0a04c0a4396c00ee61128d23de7048169cfccc65afd4466fcc89,1,1,1438,1438
secworks_aes,8a8a24d0f81aabfa71870e04fbd2dfc6a77e5e2a80a1b680480cfc0954e9d645,1,1,126,126
secworks_aes,8abf1ef79853087296fcaeaf53480bdd1e769b0cbdb649c7cc87d655b16c2d9b,1,1,367,367
secworks_aes,8ac3628788510735e3c82a5e3bf1aa42b239edca766285851f64506446f51af2,1,1,1422,1422
secworks_aes,8af5ffa8f7fec284c116eed9c92ad38c918d6fec6c7854f4f3e7f55e4f057189,1,1,413,413
secworks_aes,8affb178725e7cdf029b47eb16dc2071beb93cd1f0e9bb20760a4176fc905e62,1,1,750,750
secworks_aes,8b215bec413161a5cd37e5525e0d52a3fed95adb9566c21bcffa1043e72e5cd3,1,1,1754,1754
secworks_aes,8b21c889042a1abd71a9ab1a7cf3bd56a73c04c57cbf06b6b207155f7ab8d2a1,1,1,1159,1159
secworks_aes,8b4b66067c5cd90d58405ca1edc9b56399a263ec874c412432d6fd62214218c9,1,1,1591,1591
secworks_aes,8b56cb07f90e6793491a338013f7643139c5557ccb824c5ec6076c1e39163034,1,1,485,485
secworks_aes,8b7ba108e323e79d9ac677057a1973cdd21230ee7616e6cfcd0ceec86caeef2f,1,1,157,157
secworks_aes,8b87e0c5c8bb05abf3d9d4fc187a6ba05ea97c097b42e4a78bb88899d529e8ca,1,1,772,772
secworks_aes,8b8d3665926ef088b76e6a02f95f31b24bed2798fec8862b83de5067bbba3312,1,1,1956,1956
secworks_aes,8b9ed89861d5b9ed4be68d6b4d5fc7c187c66229181f30721dc968f2e5f2f27a,1,1,699,699
secworks_aes,8ba5f5dbb0139ff7c0d159036af0eb30cd77710fa75745224d9541b4af58205c,1,1,912,912
secworks_aes,8bb3e85155070bddb064cc766fe126d835e11f8985d82817a7f7262313f2026f,1,1,1771,1771
secworks_aes,8bbdcd66e127cabe016bebb11c3377a452533b606ddc7201c4ca7ba45a0b0ee3,1,1,1101,1101
secworks_aes,8bf845b0faaf1fff4ce0ebd906db07fb253f2a7082d74bb76843a1f5d37af391,1,1,737,737
secworks_aes,8c1e00d483f2a0dd3d4ba0f2133169881ea1a3a07571168dfdd9e6957b2d5314,1,1,445,445
secworks_aes,8c20bb9347bf19338e3962178770c0d66e5878923c28067e9a95aa4f10f600f8,1,1,730,730
secworks_aes,8c5894d19a767a835171db406eb69d76d21ca2580c8ce313b16d9fd21b7235f3,1,1,245,245
secworks_aes,8c6fd30f338cb6a38803361d96c24077823a4f92db5af863417193c59b21fb77,1,1,563,563
secworks_aes,8c86cd5ce9a69354dfe0bb499fceb82e7cc068e6f172d942c71a114227a80e48,1,1,1211,1211
secworks_aes,8c8eccfa0d31cf2081198a19adf4924303c636ca088d15035890c65b297375b7,1,1,1426,1426
secworks_aes,8c924a9d67fe711849ce9af23d261395ce10ddcce8cae32f0045e50d6706f04b,1,1,1544,1544
secworks_aes,8c9450daf71e478ad626bd661dab6996e3c861f538d11d2e0b44edbf60e4c299,1,1,827,827
secworks_aes,8ca15c7ee591617b043eded3666b68e9af59f2d94b9b951e07ef954b05007834,1,1,1413,1413
secworks_aes,8ca5b5f6e15520954fbe07ba3157265805cf6cd71fc29a4cdc20a41b73c8c22e,1,1,157,157
secworks_aes,8ca82b8efa71acb56387847a1af25ae36011b56dbe266e1b0f3f61c73b86e27e,1,1,1345,1345
secworks_aes,8ca8efcd9e82ae90bab63de199b28b65d814774c8693eab2e6702811edd34639,1,1,277,277
secworks_aes,8cb986080772c186b8fb8dccca97d358c1019577cfee1939007664640ef9d43f,1,1,1337,1337
secworks_aes,8cb9eace58430393ea8d6bf9a12a7e7f22db92042b6dcfa9c1fc352258eddbc4,1,1,1012,1012
secworks_aes,8cbdd859e22452296b50ff331452a3d3e2ef4748c80da6a8936ab50d9e4d4769,1,1,689,689
secworks_aes,8ce8d57539209eafdfa0346e30682b4f57e1fb65ed4f78175b3e6b7d3a57e9a9,1,1,1779,1779
secworks_aes,8d1bf30f64ae652e81b823d1018c7474820a5d63104befa17ce2ff5825dd7a13,1,1,1402,1402
secworks_aes,8d1fb13f1601e7161420031b82dd9347722b52d46f61bf92f837a878cb2c117a,1,1,380,380
secworks_aes,8d2050dcddca73d183e407f7a6aa756eabccfa0448440dd5f55107f00149c824,1,1,70,70
secworks_aes,8d41aa4f9c407807df4f027dd8aa302a5f3f0e8f0e985650d9ef2341a3dd8dfd,1,1,1294,1294
secworks_aes,8d658ae2416bc2edf699da912d8eccc9cdac127ce97eb4efead1e2b4b59b8ec6,1,1,566,566
secworks_aes,8d69618cb6123c5973a00f86635a6b3d8b8d03a075a289e1fc9fa40fa6ec558d,1,1,1396,1396
secworks_aes,8d70fda51c37d84d905efc5db8ae20fa2d8a1a3f286b7fe3dde4a07d918c4f12,1,1,1232,1232
secworks_aes,8da85926f55f05a7890d2c3b81c4e751cdbb07dd09c17f19f8702aa32bc81fe3,1,1,1963,1963
secworks_aes,8db0afb2c906564b60872c69cb43d418db9208107ae4c499e2554f628c779d20,1,1,1359,1359
secworks_aes,8deed629b28a932d69abb9a8f242cb0c2d1542355f629c9e7cee7eb60cd1efeb,1,1,1697,1697
secworks_aes,8def3412fb79f2c19352db1b42fb2e139f05738a67ec9bb3ec2ebf360855c7c2,1,1,1879,1879
secworks_aes,8e009c236909e6695a2819f0c83608105078e98bc1f3c788a59540d448432a13,1,1,906,906
secworks_aes,8e0d85c672c962720561f13eb52c2fd3a176f12015007ccb0e66aa918dd038f8,1,1,991,991
secworks_aes,8e0fec89bc9c784e51b998f8e8a8370c31c3d560b3178001b744f45b2420801c,1,1,810,810
secworks_aes,8e2b3dad9d2356b69f7626fc7aaff5440171450f838c2dcdd92d57b5dcf1a8a3,1,1,854,854
secworks_aes,8e4f1f2a144d33c06d099bd0abea03c36dd9bd04bc83353a36ea50f0920ec3b7,1,1,1481,1481
secworks_aes,8e589e9b8ba620d03376b0a22f09849e86ce8b1c1eea717fad8f19c87d3bf360,1,1,455,455
secworks_aes,8e5f5097dc152b1410ad58a389d7e6dbb43c8ff94768afb26273bfd2e5a72422,1,1,467,467
secworks_aes,8e67e90c185cd5ed0c2a351098b0b90d7b7b304c15f02cd3c2da9dca9291ace4,1,1,1135,1135
secworks_aes,8e8051b85f3fdc5bbef7b15382605fd59f2a412d7254f9ec0e0ab688889aaddb,1,1,378,378
secworks_aes,8e87a0f98fe117ee67cdfbd7b97e39a355d6795e1482be4c279498f30240fb2d,1,1,1635,1635
secworks_aes,8e8810bb74141bd3a9c7d4df7130ed62730721aca87dc5e9451cdef90270b5e1,1,1,1227,1227
secworks_aes,8ec760857c4d07839f4df696135b01e8a7a014bf70f3a8215635e4029e3ecbd9,1,1,282,282
secworks_aes,8ed4e1718093bb0193e65d7d2f9127cd04c3aba8f96f917aa066cff766887bb9,1,1,377,377
secworks_aes,8f0a0e5c085da53d7b06766af84d150fff39a5d19b78368b9529c4c0425ba6e9,1,1,508,508
secworks_aes,8f38732fdf2a09ee19ca89c15d782f5adbc29b0c7dbae91c22dca14e01ee8ca4,1,1,1167,1167
secworks_aes,8f44831b1356921e25fc2ac9f6ca14a6541035c898c74b7dd6e9801c61ecc3f1,1,1,911,911
secworks_aes,8f45f9831b69d8de4d699f87ec3995ac236b9b7f0670a7fb395e97195d771f22,1,1,812,812
secworks_aes,8f798d9cedd4bf46bee94fc4ac8aab0680fafdc72d3ba71a0dbd647a4ee83799,1,1,1510,1510
secworks_aes,8f849ce7f2d152c99eaf8e531b79c4e49d59b813ed5dad24444c382f9c9556c4,1,1,230,230
secworks_aes,8f89a4f6e62a051285b5e20d1a931d1d06631a6e6fee4cd849d5656adc48d9ee,1,1,1245,1245
secworks_aes,8f90e8503a2f1006f7bd623cebee0db002514b435585efc64f2415475d5049c7,1,1,761,761
secworks_aes,8f96973d83a1f8f968d8125ea8b6d5d59496a0e8f72a842e38dbd721025eb890,1,1,1917,1917
secworks_aes,8fa9ee9cb4679d8cbc2ccdcd90d0932553b8149d2aaf1e8176186f13b32f8822,1,1,1909,1909
secworks_aes,8fbcacc2104ee0ee3109c254dac70cece3368956cda9ecf5e8c9d08e8bcb94eb,1,1,253,253
secworks_aes,8fff77ecf13207721d21745c838eed16f8e7176c792e5a761a6d9f173ae6dcbf,1,1,1432,1432
secworks_aes,9001052f78440c336e446ce89992aa070aa367bf4396d38d8d10789a95efcd91,1,1,977,977
secworks_aes,9007a9d931af442ebe1c9266adb4327ea2153cad7a3193eae86e5db267d8ba1d,1,1,1973,1973
secworks_aes,90175cb56e78adfbe5ba5b7cc2db5556935e2e7e3a9a8a2e42d5f7e90c94e30f,1,1,1747,1747
secworks_aes,9033293d537b8945aca2b9d8036201036fff440ba43daa45997fc199f970e572,1,1,2024,2024
secworks_aes,9045ef17faf120bfb04b31d177a78ad269b6d2e7e914500ec036d949f95c5114,1,1,949,949
secworks_aes,9048961b6bb76e93fa9eeb9ffe67fcc08a611ac33cd9a17b0b2aba03658f5f43,1,1,1565,1565
secworks_aes,9080be87f4589f17d906ef408d27359ff7004d5a7a1cd402c2467030f2d0db43,1,1,1224,1224
secworks_aes,909d9deae9c787e7b3e8318e454d7f31926d6e309b1414a372292d7d6ae30a48,1,1,1798,1798
secworks_aes,90c0708903a7b23a28fa4ec50a180082d8fefdf1c1922579ce90de9e13dffda7,1,1,233,233
secworks_aes,90c50e847b393f346ed312de989ca2eed62e5b0dbe4f4ca5e61f83472240fda3,1,1,304,304
secworks_aes,90d023e195a8e2164b48cf026db6142f1f0ae040824b66953c97213a1616ff4e,1,1,644,644
secworks_aes,90d070a23d339e0097d3cde6e4962f221f68667af0f09868975b0a6c47e2cc0f,1,1,1024,1024
secworks_aes,913fb021bbe4fa4bab3c905a9bcfe3e609663a17efa528a4611824da5eb9fdbb,1,1,1105,1105
secworks_aes,91519558e1f937d8d42965b6beec87490da89884227719491d5c6fe5cd24ec80,1,1,1624,1624
secworks_aes,915608f76d210febebf79b3856bd229cd9ec8a66a1a9d9336084474afec8778f,1,1,547,547
secworks_aes,915d0389fe1c966143039c94e7d4ee371304b775711224d2a49598fbaa5599da,1,1,1230,1230
secworks_aes,91667918d6c3f0a464b9d371c0484f9bb40f4f82550b4df5a027f1a5e0e6c153,1,1,48,48
secworks_aes,916ffcd43b5e032104b3748b9c91694d5b8212247f239e538fd29c0f88d2db63,1,1,396,396
secworks_aes,9193165931654a15db8a4ac34370a31c38f3ea5533af9703745e20c2439a0029,1,1,1168,1168
secworks_aes,91b29d3c45173f0fcecff7330d5deb78b7f807950440d865829cbe9503910af4,1,1,1626,1626
secworks_aes,91c140ca651416f640ec26d2de6aed94de66457af67fc749785151623db2a9bb,1,1,709,709
secworks_aes,91cc036110295bd3886532a4d0c6f78016b7976ffe5d17ac43bf4939838ad9a4,1,1,654,654
secworks_aes,91d7d5eb3881f7dbefcbd6d2cbf8a2c995f22532cafe35c29b677ab3a0c63a53,1,1,1645,1645
secworks_aes,91ed9e7b397a9cf50807e161a09d12d5e695fde3b92381d175b43554a12a113f,1,1,834,834
secworks_aes,9203fee39f89d480e54001eb9095aca379158908f0ccbe4d0d2704ee77f2ab87,1,1,1902,1902
secworks_aes,920d2e5488499827b323a1aa3e03f487a1815b41734cb9405baf8da99f367933,1,1,11,11
secworks_aes,920e59e22f201984c36c3e254e9d08537be9cd26e84151adcfdb05ddd04381c6,1,1,1266,1266
secworks_aes,9211add978e7a00d45ddabc71436bb9bebeef7401fe3dd6341ab6e0488180060,1,1,1861,1861
secworks_aes,9221539af288306ce59b91bca54a702fd025cc6e195bc3229070fb72df5b135a,1,1,1354,1354
secworks_aes,923c555206e8238a84ea96cb31d0d57b9caa47b44a47ca1727f093527c37e1a0,1,1,866,866
secworks_aes,92790339fb6cf4b9f4de63d2527baae50f3307f25bd5c51f439eb61eee04209b,1,1,1300,1300
secworks_aes,928c5d9eee82ae3bad8edece8293e8fd85964e668893f8ca717e4065eb8e470e,1,1,1814,1814
secworks_aes,9297dadcdcc7ae479308b85a0023d8573051611e0f0b4942a8847f769b2f0409,1,1,794,794
secworks_aes,929913f2cf2d375a80ee338ad092d769c888eb4176033e2b3730e95fb281f6e5,1,1,1012,1012
secworks_aes,929c216dcfece1d3ed9b322ee33588d2a3340343a8fdc15663178500f1189c9f,1,1,647,647
secworks_aes,92ab3fa386e25321ccff81988b769fd6a2dd4a3320300cc83da9adb5609af7e6,1,1,388,388
secworks_aes,92b3b9a5487ad4c81f41383d8e04a55fd1e9d4699475444f72f2aec9449ee158,1,1,1048,1048
secworks_aes,92c570b8beea7bdd2cc3101151e8094827a4d6c0b479c6bb27197c352d54cd62,1,1,649,649
secworks_aes,92f7e8afb3eaf0c1f7eda263b117b893fca896a50c0a01eeb4f3e75496d67704,1,1,179,179
secworks_aes,9365e38c119f63a8dd5b24e548cb94a6457ed2adc054401b24eff288d9628543,1,1,1026,1026
secworks_aes,936bf2c0195118445288f62e8e242f68562c08f3513a02095ddabc86f3cf230c,1,1,912,912
secworks_aes,938ffed4737ebc6e60288fdf35a50281d862bf34d34eb2333dae47dbc2c423d5,1,1,1360,1360
secworks_aes,939538eeb82d6b8f43ecd4335e45305cf43cbfa2d5299c6e55d1ce0c11dfac15,1,1,1390,1390
secworks_aes,939a6929b60890a867dc2555338b778a5ad706e23c05bd6d3ef1b7e904731d58,1,1,437,437
secworks_aes,93b0598cd047ec1e3e379c5b397f6ca8fc8488f25dde9c733910c86873be5b18,1,1,423,423
secworks_aes,93b19183b7758ddffed8e0cde6e8a319a9d541fa72f78dcd0d4bcb4c8ba0d725,1,1,770,770
secworks_aes,93c98e58a657b00efb1791a5c1dbb9f3a32730cafdfd481a1ea3641c74cba7cb,1,1,635,635
secworks_aes,93ca51c3e686e3b1cfd8d2a2a2574d9b0f1b9715d2efce0a8d03cc07133218dc,1,1,1752,1752
secworks_aes,93d0316908e9115fbb2a9b32d165f000a0c2916fcc8adbe0530409ca3f107a82,1,1,1074,1074
secworks_aes,93eaf331ce2f120500d6a743909768714ae4e88fbdf143cd94e3dd0124e2fced,1,1,43,43
secworks_aes,93ebd5e89c5f833652b4e3d343bc6768df234ffcdb0e22757939f0093d8db8a9,1,1,1113,1113
secworks_aes,940c604c2651ce9e6578fe1a835a65fecc33c3aeaad06d45d82ec374c588f14d,1,1,511,511
secworks_aes,9413f3aaf9c219f8e93cf3a53436dfc806f3ece408b1ff432effd0b9eea544a2,1,1,965,965
secworks_aes,9420d53f18f427ae4743b9ead4778637784f8f79fe2ef7e61ca8ae1aaf2a81c2,1,1,1595,1595
secworks_aes,943076f7d4b5ae468f0c90b7304240679a3349ff72e8aa5cc28ead23064b1eb9,1,1,829,829
secworks_aes,9454e9be64f584595cd3d818350b11e108b7a8f31c066e3168869efbee5c25c9,1,1,441,441
secworks_aes,945891580fa0e1966729d79c955ef374f443af0efa91476650e717da27f960c1,1,1,1344,1344
secworks_aes,946570d927fc12abea075fcdb37e75c3a47726a1c86e6221ee0cd4184ace84aa,1,1,1190,1190
secworks_aes,9493df09dd8785c99bc0e323834b03290d425c5e0c8d684e9335499157ba128b,1,1,638,638
secworks_aes,94a34922ec2426fa8bef42b408a409753cfa69b68d628239fd6eedfa178e8a0f,1,1,1483,1483
secworks_aes,94af90cf6b6c3674b403d3702777e508ea3451665fe502def5ae00d99d9f7219,1,1,1665,1665
secworks_aes,94ca62eade5a22205e7bf88b4adafe4d8a99bc621d564dd14cc6cd09b8075fda,1,1,1526,1526
secworks_aes,94cb60b4b89d4ba3acde25559e96ece4b0f62c3af89ae30b6f559ee27dc012f6,1,1,612,612
secworks_aes,94ef622b98b85db1748c48a3fc396c14328c99d8a8322aee1372107b15cfc0f2,1,1,564,564
secworks_aes,94f51b4e1bfc124e6d2a86e65b789b4c9a31fac9bf427a21c7bdf099da769b8f,1,1,63,63
secworks_aes,94fae38254c2269d634cbd6969632b1870692dcf1700715df5c784945481413a,1,1,1507,1507
secworks_aes,9512ae522ea8be96d38beead0faab0916d336dc69b0bdf095c4b8b204f227903,1,1,142,142
secworks_aes,9534b32b9b30a167484912945915bf19c4a51f4aaf0cc15312e60364c157442b,1,1,822,822
secworks_aes,9547b5eca2a9287544676eec28b701a9132cbc2a3cfe43e648b04dfb795911ea,1,1,1289,1289
secworks_aes,954c6a7078b40473360b17bd017ccfa7cb47367f73385a3d8273e6ccd5e5ec8e,1,1,845,845
secworks_aes,9550e744b6cb58dfdadaa41837885091fd532c96c2fab0e4a096f022229057a8,1,1,439,439
secworks_aes,95590a019c117b777ec1e68662de6eac0ffc3f68bb062bfeb08c5726a8102d01,1,1,768,768
secworks_aes,955f986dddb4973d85abf154cd26b0057d8b77684a7533f415b67940ed19fe11,1,1,32,32
secworks_aes,95673fbf5a58eb9ada653dacfdce2334bce66a314b37f50fc7a934b58e1c576f,1,1,1544,1544
secworks_aes,9572652353aaec0f46575272240130ed317273aea74483d174ec2f1784a7c32c,1,1,88,88
secworks_aes,958a26b32ed8734e0223408ff75cb9babb54086dd725e0b9e962347ccf41a533,1,1,271,271
secworks_aes,95a101a7c598352eb8a0f607e88395fcf690ed525e4415611715600656e91120,1,1,1634,1634
secworks_aes,95a96a3e34916f463665cf0b9ed1a8e7ca7c585cc5bd9652c24d627f6284006f,1,1,119,119
secworks_aes,95ad9842d5ed55424594f05d1467a900064d56fd65d289023607383ec5fb295d,1,1,1797,1797
secworks_aes,95b156fe777e550c412c74a5f569f3909ef94dd86ba083d2b5dc08e732a11d4c,1,1,1539,1539
secworks_aes,95baee93d9bab85e0839751154483731a66f0ae1447f485fb82a873adb770098,1,1,276,276
secworks_aes,95d8dbae7f451cad49a1b96269a3f0644f4772284b01bfef46ec665374db1a66,1,1,1449,1449
secworks_aes,95d9fa1e9f22303317160963868378ce3e40e0c4f1931587ea12c8a6a274ec6b,1,1,1269,1269
secworks_aes,95e4cb62e35c9254627e020d20190d05b883ae17758650050cd87dba7aded3a7,1,1,1110,1110
secworks_aes,95e9389f1ad3ed03cdccff76b47fe9a2144f5ca8dfd4a1659bd99b77e66c7e16,1,1,1264,1264
secworks_aes,95f13589605e101bfff123bf4220e615e03f0305ed50ca2241359610eed9ae55,1,1,694,694
secworks_aes,95f1bcae40454f482bf7483ab38ad8044a4887a8066841ee3034828c6c3292fc,1,1,284,284
secworks_aes,961aa8e5f5ce467444c3d8c6d991c3beea5fa4f285433c470f55c3428e68be4f,1,1,531,531
secworks_aes,9636ef671aae426b1dc48048999a6b18375af17bb32949b74d1d16036c1906a3,1,1,237,237
secworks_aes,9642c40c35343b7372a043b6c4d92b78ea6586c893934f6fb286fc87f9c1ff96,1,1,1913,1913
secworks_aes,964ff0bd6b81ddd3e96ec0e1c0e891a0d5140bc772fccd63739c3006b9e1ba30,1,1,259,259
secworks_aes,96687621d2e2924637397e1a4301deefde1f1900782105fd295d2a54c7d29c59,1,1,1541,1541
secworks_aes,9677427e64503fe75cd4397f22359e08d5c4faa2d15e464cb1f3cd389629fbeb,1,1,521,521
secworks_aes,968023a2ee548a5a62c99e42ca5393910fe81e2b096b560a450a92a126bf4f8d,1,1,767,767
secworks_aes,96a7c0736d2d43ae27c268a6308e01dc9644ab63cad96c0945caffdd8d5da64f,1,1,1488,1488
secworks_aes,96b1c301f2aadfea4c58e2c416ab6efbc6336fc21edd11877c9175ecb9cbf108,1,1,196,196
secworks_aes,96ba292cfad8033bb6c1dcf4524cd0fd341759fd47278a0c245c72ece57df028,1,1,1172,1172
secworks_aes,96bf9383191b747b6431f7bf0d5d2fa9ddd6c781aa821368fcc40dcd26f3f0f1,1,1,708,708
secworks_aes,96e73a4d4c035fb7b69a991887811ceb5fedc444ce0e495881661751093a4b08,1,1,753,753
secworks_aes,9706691eff82a6710f42afac92e9b87d3547418ade3972a09ac6821440bac38f,1,1,603,603
secworks_aes,9715af05451e174358a3cf9b37273ffb83d1fade004f0ad934a9b07f9a99e84c,1,1,747,747
secworks_aes,971a5be2123fd9be6da3f415fde02d67ed110296f2f16142bb701ff7464b26cf,1,1,1109,1109
secworks_aes,972744a457323f3cfaed3c580917aa2125d2b3e5575832a95f7a054c2605978c,1,1,536,536
secworks_aes,9761db855253891fe21d9b83783cc3dd9c6d6052deff61025e162abe8892568f,1,1,55,55
secworks_aes,9763b85923f1d6781bc9541d8505cd18b40eb71d1042b0925d1ba353db43707c,1,1,744,744
secworks_aes,9764e58f0c01e94264de98dfe97c902817d0c645238827b872619c4c506c5a86,1,1,132,132
secworks_aes,9771510f71ea1b7e73f38e5eff90b2d91bdb504f2fa091ba7c49e1c692e80a37,1,1,1388,1388
secworks_aes,9781c68a5152fa1c3756181cb29930f6a54d55f3d7dd92c954001ded52a5f76d,1,1,1968,1968
secworks_aes,9797961329abf23faee8bb0dbadf45e978c185c227245b3d3bac66c759b1f233,1,1,536,536
secworks_aes,979835ffab1519cb3e109b4fa854f623b52b858c720c1c78da941135e4aced9d,1,1,456,456
secworks_aes,979e42b01bfa7595e7296f89b68dc4f5c6647ed0b3060a0c3e4f15a822bc8f16,1,1,1575,1575
secworks_aes,97a3debdb721c15b262fc604f6d76fd40972f338b56f703ca039c0448ca01dd6,1,1,1429,1429
secworks_aes,97a88e157cf1beb0ff7b5a119ebd7c68c1158f78684c2a24c625f9a62d7ef113,1,1,1505,1505
secworks_aes,97adacdaa3927bedfe20f4c97d302a963dd48b2547e83cd13a2d7309f6668f26,1,1,1019,1019
secworks_aes,97b8e364c6a62fd1b7574d591d592cb57fcb3144f6f47d04f19ee0e742aed855,1,1,1907,1907
secworks_aes,97ce9310afb06319627cc3c058dff00c242b0d5f9bc294ecc6b6401cf0e420ff,1,1,736,736
secworks_aes,97f96e084cb79dc9dd0fee185a9e659dc0c63c094deb2316f144a1cac47424b9,1,1,1989,1989
secworks_aes,9802d6b08c7cecbbd0d676b050b834305e0f03ac0ffe624e1906746147dbdee0,1,1,1789,1789
secworks_aes,98171cebaf09f6ced797a180d3244c7f1063938071520531139b9a2787c4d819,1,1,1652,1652
secworks_aes,981f56c250507d73b8e964aed0e208e285883937439c6ebad0380486fc1e0738,1,1,554,554
secworks_aes,9829ff2a296e0521092bc88295768e2dc3727d33bec4d6207f8dfcaeb321dd72,1,1,560,560
secworks_aes,984389a1b8721093cd40f98f77f8857bf420633f5643e633f1c246ef334b29ba,1,1,1044,1044
secworks_aes,98476f09b9c7d4b93db85d28f88f611b827e0ce0246b0c88ed4b311d16cbd9ae,1,1,1982,1982
secworks_aes,9847b079bcb2536626c29f49e8abc359f124e8b2dc76560ebd4ac665c34aa707,1,1,858,858
secworks_aes,98578773fafe8c5b504edc6e7a2c6bf2087d4d5ec36e7c14e1f53e1a3391c358,1,1,312,312
secworks_aes,98a33f2a5c842992a85f6b8456ff451c810722faef0e5540f3b1f1aca6747310,1,1,677,677
secworks_aes,98b37df911bbe145e0b1d212b950d59f1ea3cef57803b549e6f6bc9a4ce042c2,1,1,1757,1757
secworks_aes,98c384edd19d8a644e5c63755da41a7a10cad081c344b2cb67dba9f9448ba45e,1,1,1019,1019
secworks_aes,98c59bb506936945d23431647b4237e42dd691ceea31e3bf8baf5b0959c0bbf3,1,1,1184,1184
secworks_aes,98d9f5096425631bf0ab6f1998281ca74b3c7be049a919060cd4e78bbf6d8386,1,1,1825,1825
secworks_aes,98dc182a5772737ef8df6d57002bb6de900d0c85c0c1c46e592b13d48addc83e,1,1,666,666
secworks_aes,98e83ef97d2e95ca9d67e293e7752a36098295317c9f33879bc90d304a049e8c,1,1,391,391
secworks_aes,98f222196fe6b13fa58e751ea1311e9fa3b84338b8aff7c7a2abedda32c8be11,1,1,2033,2033
secworks_aes,98f8e5d4f46bdaa5e79854781951c714206ec4e600eb2dbf33a7a7eee982c82f,1,1,201,201
secworks_aes,9905fa896fee467aaf446353b741cf95a11e92ec71479fd80d91a193b7bbdfc3,1,1,1824,1824
secworks_aes,991a60690fd781a5461b37b839567d419660b8a559533fd7925a80738fc728d9,1,1,815,815
secworks_aes,991df9b68b5b99f0b3aed09f51694db539ef3f9f0c5a0ce4d1c8becbef6c18ee,1,1,622,622
secworks_aes,99223a96dd1c9e325077357dd2977659877c980d0fe16bd098e48d8a6826d72d,1,1,1724,1724
secworks_aes,992bd3b90c6b638419c5e5e58721b0539abcfdac6fe6da958cce1250f2af707e,1,1,110,110
secworks_aes,99361b2f68fe719bbbdf70e12a950024a7319d0a2def1dcaa9c46163888e8f43,1,1,84,84
secworks_aes,9942d1ea0e9d4fffb1b7ae93b0759f7e7e0577a03b4f25dc56e710a1d9d1d7d5,1,1,610,610
secworks_aes,9969bcf838807461d98707a636baec66d3b8ec9c4e1bcd49a68913284cff6877,1,1,143,143
secworks_aes,997a29bd37b4b0fa79c514869812d777b64e3d128eacb56699d6ad6f95c2d54f,1,1,541,541
secworks_aes,997daa77bf930e1f6ad4447129b3b85239528bd83570d1c1626491622921d5a4,1,1,1738,1738
secworks_aes,99853bd64232d7c9c1ff394927a7217a6d5fd1c112cf54a70a28bb59898ec554,1,1,1372,1372
secworks_aes,99a6d54445738692004025fee158242308c23fea3cfd9a28248dc1e0f6b3624e,1,1,1386,1386
secworks_aes,99aa19bb09f1d9116b18b7923c97222a09075b13fd4baf10d72c6f97570f8e2a,1,1,2004,2004
secworks_aes,99ab4c4954952afd0b7119ee3c216216874e65b148180bc0f389e6a7d365bcdd,1,1,1084,1084
secworks_aes,99ae0239d58dc2cc343be2a8f7fcea577c329ffc967d6da6e7bf526c29cbc6c8,1,1,1394,1394
secworks_aes,99b4e16e87ee205bf7591f23206576b21706e70ad0d4afc7eb131fef7fcad8b7,1,1,1707,1707
secworks_aes,99e909a929992d1aef4ddaf14a7d4ea974face070dce3d9fcca7ddefa336281a,1,1,1107,1107
secworks_aes,9a093a12c4bdba4f0be9f1f62046f14b78a79c593edd0582a503f75240970339,1,1,156,156
secworks_aes,9a09a7c33defc36df09f682a4dc3f5f5ef27d136626900c4193ec14739675f7f,1,1,930,930
secworks_aes,9a1a08c5602e8ae0b1e2c6ecfc29858974eb991ff8bff9a9a1f38fb3cba7c01c,1,1,740,740
secworks_aes,9a51b69b80d1419042212a5350faea0c8f31a94182749ed181602c31bbd21a2a,1,1,501,501
secworks_aes,9a58c3939bc9313aad7136422b180bd5cde017e42b84960d6fa40178969e208b,1,1,887,887
secworks_aes,9a59c5c95f38d8361ea41bf8fd37e9de29046793baa500b2af02e5ac0ebad766,1,1,948,948
secworks_aes,9a5e508c40dfaa908eb9f85a935f721ead283d0b65522915d256f4e5cfb26751,1,1,1022,1022
secworks_aes,9a988b2393a938b3336f9a85d0bdfa5d8f81a605297d522de922e5f2b7510c65,1,1,1715,1715
secworks_aes,9aa2877eb86dc4b7adfca36b1bc8e31d2957edee3d9f55da065426d0f4e2d1a7,1,1,7,7
secworks_aes,9aaa8195db408133c3a3a9affc07e5a394c7058f357b9e3c678a62fa36bda716,1,1,246,246
secworks_aes,9ac4d4103faef08c0c443e0d843202fb078f9dc91a1c46d948369416786f1073,1,1,1815,1815
secworks_aes,9acb18f37f5994480663f8b692cdbfcadc138f54890779c3b3c1728cb8a10b44,1,1,1935,1935
secworks_aes,9acf000559cd6feda83e5340c8b1e37533d5c8cfcb973dcc71e601df234b0eed,1,1,1852,1852
secworks_aes,9adccc0f87ae7a07a5d534085f7af28423fdb21ef4b73015f7e6b48fe6af6b75,1,1,999,999
secworks_aes,9ae571eb3c1eab5bdf80eed70456fd9fd65680fd6f4d5e1b9b18c1f6a9c5ed70,1,1,909,909
secworks_aes,9aed10b7130cd9e9ea1dd202e3557494da2720b0125358701717619fd40ac082,1,1,1208,1208
secworks_aes,9af5aac721683827e0f9a543f39f873291b46c354e84510a726a57b78f98d22a,1,1,896,896
secworks_aes,9b1b3a9b8c9243105e3c9033863ee55efd2b0dc7e798a1f3e4dc04bd018af4f4,1,1,1317,1317
secworks_aes,9b1bf794e0ae9ddfe6e9878cb3dbae23782f060d042bf386cd864417c4ea829c,1,1,544,544
secworks_aes,9b2f2bee3be88281da04a3e030e771cbe2265abbbeda1f200ace16ce31374f00,1,1,278,278
secworks_aes,9b340e0bd229979039b0b0255f39affc952385c6f22c50413a580b933e4896f8,1,1,1308,1308
secworks_aes,9b371e60b183d5f8421293475c2fc3b5100e6121b1472f3518413bcaf4214d59,1,1,1379,1379
secworks_aes,9b3e917365e65ee27c3a74d404cb6eb98f213b3ef2b9fd575e38fe179d15830c,1,1,1601,1601
secworks_aes,9b5de392c497e9a707481d4a95ee3b4928eca3a72ccbc008b3637cf906588907,1,1,1262,1262
secworks_aes,9b6f197abee226b8eca518dc7f38bd01ce80fafe81e8a8011e09d50be94e3d78,1,1,445,445
secworks_aes,9b8e7a6d60d45953ebadfe138fb2cc58fb3980a81ecd18232efe60ddf2667919,1,1,2023,2023
secworks_aes,9b9900f67bfddad07872f553674a5ff38c18507a6b7f4b11b7250c9b2a7116c8,1,1,270,270
secworks_aes,9bfa64b01e1fd1370c9c8a906997dd596fa2994bfbe8187cfb1761a5e9e2bb6a,1,1,1835,1835
secworks_aes,9c141bb465093b8e916d40cdb606be6a6bc266005a9fd35eaf1d847b494968f6,1,1,2015,2015
secworks_aes,9c15a4fbb21f41d621bdd8f877e50432adbfe4979e8efa233a1eeb33de8743de,1,1,243,243
secworks_aes,9c28d91f07b0b1efd7ee12d8311608c7933c951244654118ea016b740b218d80,1,1,1829,1829
secworks_aes,9c2d9765c68aba037d661d5e1360ad60b91a55629c242d82c44cac778826c2fe,1,1,2033,2033
secworks_aes,9c46d7aee5a839afff3b28da29aa432c6224f3e657837e9b05987dedd87b3b37,1,1,2013,2013
secworks_aes,9c84ca8895fe69bdd432c7f4e539f7e2dbb1215cd61d5013c7849df8676246b9,1,1,130,130
secworks_aes,9c8d916654b42709bcf4f27bd6a365b8424e4b1048a2de5f6b381f67b5efb2e9,8,7,128,646
secworks_aes,9cb3f9430c0654461233bbba3d134fbfea71f9953639f871ecf2e2dc86db9ade,1,1,1524,1524
secworks_aes,9cb5bd0b5d88f54322f83f91919715fff9231239a92f09a279af0f02e6c6b012,1,1,814,814
secworks_aes,9cc17133d3881f77305b2c999c0118f77c99ba6cc64977585444127c1225247f,1,1,836,836
secworks_aes,9cdd0c882174159dce1ecf7762480315697636eb5b4dd9ebd8bd0f0873ffc4e8,1,1,863,863
secworks_aes,9cdeed34b460dbfeca10c282ef6f4eab4645881ed86f59653424f48f61ed6e6b,1,1,1686,1686
secworks_aes,9ce27835b7ade645e2b04110f0867c35abaa5dec43ec6b5fe4a0be06f49c0987,1,1,229,229
secworks_aes,9ce7f20c24c14bf879bfd7a5af09e99c5cfb1d3def32acc216554254d6f3387b,1,1,527,527
secworks_aes,9d1afc5dd7c9332c059a855f1837753975a5c8de4dc2129c37e3723132581a90,1,1,1099,1099
secworks_aes,9d2a2a45a8fff9b2e890e8174a3336570ddcf8ed8bff9beea201ca61032ef770,1,1,716,716
secworks_aes,9d359b93272c7470a963c4135f1952e1eb5db104c91871a5946d99c3fb64e192,1,1,1695,1695
secworks_aes,9d4ac16d8997603be252bcf7d88544f181e633779ccd9dd5bd079db27e66a80f,1,1,1697,1697
secworks_aes,9d4ff55b19e6933edace6812f831b1028fea391ebb25023136675a8554e4316b,1,1,833,833
secworks_aes,9d536a6200c6fea83cf275ad7bd25e2de716f63e43a8ca326750b9783bbcaab9,1,1,45,45
secworks_aes,9d60c837910f47b24c61c4455dadfe8464d57e453eb61fabff4a5fdfb33bd4e8,1,1,388,388
secworks_aes,9d6cbbffc41aa09e865dae7a10c11dafd7ea8c6ab4df9a50d3a44db45e04d845,1,1,1893,1893
secworks_aes,9d6d16384b199a1e816ac1f5e33850bdd12b89c03a73fd2e7c693015dc0f6a78,1,1,818,818
secworks_aes,9d7fc1fd748a044a57b1c77ebac9fd4492b9c22b1d34e93c25fdc2ff3a0ea895,1,1,908,908
secworks_aes,9d879c9fff25691441fd9fd1f558eef8a85f88a464d9945c131f60015649ee19,1,1,592,592
secworks_aes,9d8bb59db5c92d680fd82cb21b3ed05f3a277db848cbe2af6706af8319e6a25a,1,1,1129,1129
secworks_aes,9d8cf58da4e6cf9c94c1df8e226685b97046a8b4fb61a9767cd3a81f35c3b561,1,1,998,998
secworks_aes,9db2dc3aa400ac2c44c22009a8d28231f4c2ff96d9a5a759bb53f1a64fcee6f5,1,1,320,320
secworks_aes,9db66534cf41e989f64340c7d1a1d2348c7174969bc6f173b4350087bfef5fe8,1,1,672,672
secworks_aes,9dc1f40aadb9854b4af543c6445d851ab912254794a05c53395ebed25e2e37cb,1,1,53,53
secworks_aes,9dcb49a94067243feef0a18392a88fa9216e48591be976ccd926f8f57e185f56,1,1,1516,1516
secworks_aes,9dda9f062948c872db76c7e7993bdb9b3fd7230ce4aa3ec0f17541438a261f23,1,1,594,594
secworks_aes,9e18b288a50456decb138e69c5eedb1869972fc8c1ce6d4c9e68e771385d18b7,1,1,1331,1331
secworks_aes,9e26443457f67ccdeb68a9302f505defd37048102f8eeceffd73795179bbc5d8,1,1,1745,1745
secworks_aes,9e35045cb7185359991511669c652978d5f4807007419677556f86794f01a1f4,1,1,1300,1300
secworks_aes,9e6e3a613d0d2e72a029b5c22f5d8ab9df371f95f9b8cc922c698a85248f4786,1,1,1404,1404
secworks_aes,9e7cb13c08c8b4746d853b2b8d2bba4f3789e715a91c5bac52815f4f5aca257c,1,1,448,448
secworks_aes,9e7d9ebc1979616774d297429ee14c20241b68d25a25d9b611777e81326ac0df,1,1,113,113
secworks_aes,9e853296927a736e520d890862984719534ced70d900220b20b0bd3e5bafa5bf,1,1,1139,1139
secworks_aes,9ea1cb9e7fc42d11ee122cc1b718f1fd2899a841e98370849e30174566aaa3f0,1,1,599,599
secworks_aes,9eaffcfee9520d4afaea417b356093bf4e6c9ff5ed77c6d08fe232701674a1d2,1,1,235,235
secworks_aes,9eba9b19a8490919abb88bc85300473e8605a9e5a60115a901199fcefe23d9a7,1,1,596,596
secworks_aes,9ebb4431be4f28fc8b450967029679332659e0ca6568fdcb7b8a0db97a7f1fc2,1,1,1346,1346
secworks_aes,9ed78c6bec759a9a9d7086de4fcfb2cc3c8499fc21be47976de8d30020356ecf,1,1,1182,1182
secworks_aes,9f2dcb89f60e3b21f7d26c996818f12b240190bcaa22e9c798048a546d21eaa9,1,1,1546,1546
secworks_aes,9f2fa61937c85311214bb478290e28bdabb3f0e139670b0297526fa9a736d03a,1,1,400,400
secworks_aes,9f3b7d0b5f377acdacc7cc5050848a2e3b88a9b219c4b64deb1b47a93ef168bc,1,1,1112,1112
secworks_aes,9f41db1ef24745ee0c8fbb5e4a0e5d8b46ce6ecb1017594f0562d2e4a287b286,1,1,1405,1405
secworks_aes,9f44a3c8ee687b90e1466ca83e6ab73be665b8cada9ebb57e6a0b3763d4c5477,1,1,971,971
secworks_aes,9f6732d24eb4c06f7124b11dbb7fa1e0241120ea8248e857bc1a94b55dc0c579,1,1,996,996
secworks_aes,9f88beba8b1e2b46a2daba9a39394c2737f4225784c979b39f7792ba2ad28b8a,1,1,1864,1864
secworks_aes,9fb45d0c7878773380dfe26952dc0baef7576f4e8eedd6d9a0e10ebfb7b54aaa,1,1,882,882
secworks_aes,9fbbcf0d6f98e738217d71e090b93c329d42831e21f233e324713b81b0aa38d2,1,1,548,548
secworks_aes,9fbc60a76b23e1d5fcd5ffb696d638bb325329285ccf04c597a2ea9454f30522,1,1,826,826
secworks_aes,9fc2e66ac3daa67c36ba3484f8426624498629be5b0f79960590c7a5a2499372,1,1,1889,1889
secworks_aes,9fd2c538b718b14d1d03203b6490b467ecf811b48867eb3a4806b64e2ceba849,1,1,230,230
secworks_aes,9fd679b190d054857a4e6369225c65d6f4d80393d5251fa21257cd45f58b5e53,1,1,493,493
secworks_aes,9fdb6b25b333fb899518df67e8b90b9ec26b9c24d3d1edefbc22a2245942c9c6,1,1,1350,1350
secworks_aes,9fdf80a894527941f1fe3894c90fa22ba4073739b4c2e7eae0873bb7cf888828,1,1,1383,1383
secworks_aes,9ff7e716bd9c8475cb43761202a6d63ab3108cb2ec8ac8bc6bac62eb425d7555,1,1,1881,1881
secworks_aes,a00841f7953030377f8a307b6b113a9f1d2d451c2c4a5e0f6c3f393116ea59df,1,1,1464,1464
secworks_aes,a01c399a9410cb476913b3fbfdf63b290f681035cf3325abe8aeddfcb00810e0,1,1,236,236
secworks_aes,a022a051560fdc5654aa4567d41e69361a524a07dc370e086609143183963e36,1,1,1657,1657
secworks_aes,a0256e063cd4b55f3831f0271427cc018fd3953a2dc626715d50643a52012d45,1,1,1800,1800
secworks_aes,a038f2f0034c0d5fc9dadcd7b8e620840cc00fa0d0231f1180d3ace39b08bb21,1,1,1013,1013
secworks_aes,a0582f2d5eea6b3b70ddd85d2779808fa27437d2c21ce8a56859a45cc086b7b9,1,1,1882,1882
secworks_aes,a0694a51ea0193e261a117cdc55cf02a13bbad79dc28e0209a1ab051d44873e2,1,1,1786,1786
secworks_aes,a0741b0ba5d69c904114e401588297431c3fc19ab19988b8b4fef7074762f0a7,1,1,702,702
secworks_aes,a0742a883bf7c65e5052df053c891478bf8fb681855a18c8e94817d005c13739,1,1,1032,1032
secworks_aes,a074a8e773a6c2fa7e8ffc8b45044e0b552b23143a3ec5b4f8e7c8fe309665b1,1,1,187,187
secworks_aes,a076a370c37fd25d256492ec1658d707c26ca3aabb0871b6eea33ffbfd104175,1,1,1987,1987
secworks_aes,a0a88046ab1968242eb48cd5931a9e99a5476ed30c83a45c0f3cbca576746dcf,1,1,337,337
secworks_aes,a0aa40dc9b233079a2feb342943eba8b7abbf2cc9e6bd113b89a595ae099da18,1,1,1318,1318
secworks_aes,a0aa54d412054ad4ee3a80fc1326126d228e321cf36126b0013be9021a8144c3,1,1,614,614
secworks_aes,a0c41a5dc2920dea72172a81c9b0c4e25ebd90a63a6e2036b2c377030962d54d,1,1,1759,1759
secworks_aes,a0c876bd4bb6a23a7896c3b94cd11c26b6d4589325f81db9893dfa120c22d98e,1,1,1511,1511
secworks_aes,a0c900f3cad8268aa275a44da62204ba97bfeccefb634d38dd46c472ffbdf2e6,1,1,874,874
secworks_aes,a0d380ab05749d53c544e4c07ea44e6e8ba8feacee965a8cc29c5b5e46eb2411,1,1,1587,1587
secworks_aes,a0f5d70682447492ddc84e429f012e461c99752599bf043b62214abf68c90760,1,1,1985,1985
secworks_aes,a1047c7f24f6bd2704c3d01928c070739026f0987b3b28d87fabceac47a0a671,1,1,1679,1679
secworks_aes,a11314ac8369ab22b77e38bc5104cba580b60c586ac7c73d9cef7011aea2b49e,1,1,917,917
secworks_aes,a135429411315f48a1c6d65babe51aa623c05b6688a7fbc505c4991ef5c71f11,1,1,25,25
secworks_aes,a14426cedb853f29c298c67aab27d48a933a71a7d5eb4ce3eae346ac81677923,1,1,1525,1525
secworks_aes,a155ea34c64a8c8409a49ddfdf6a7a7a9252494cb7a086f5336c16bf9a88cb46,1,1,361,361
secworks_aes,a1785d18d2cf89842bd26311969171d226ede56a7e47b6cb71bf88bfada3db0b,1,1,1340,1340
secworks_aes,a18e2ecbc0dd85acae98b14e0f7322fd006eed092a160f2b67ec4a2089c439ca,1,1,1459,1459
secworks_aes,a1a55a2b9e83a6ee4beac2a81a620437b00a631eb10b800526562f853c593e6d,1,1,1227,1227
secworks_aes,a1b8b3acf08564cd8c6716daab84d5f172b63aa60aeeeffdfa220b972116fa6f,1,1,1092,1092
secworks_aes,a1c2658c4679fdaaa456c5fe856b0deee8a6d2a644faf7538022eeb330a96740,1,1,1898,1898
secworks_aes,a1c6fc0d0fe7413328e2b4bef085c8665bff4f187171a6f08b43b25014d3d4f6,1,1,743,743
secworks_aes,a1c924ed847fe46554a3d3e49ac795edcd27cf1c7a73d7530528a4b92077405a,1,1,1064,1064
secworks_aes,a1cb6128abf3e32afb4e2ef0fcaeeadb3857a817a86523c48b2cf3a26e283172,1,1,1651,1651
secworks_aes,a1f22171192385137700ee106992466e45b8199701eea3398fb6486ee5e2cc06,1,1,892,892
secworks_aes,a1f868efa643535faee17a85e63e46f398a774eb3a3729dc9020727a1b2d6578,1,1,1699,1699
secworks_aes,a1f995c79712bd9c7082ae56b43e7446b175117bb28d3a209293ee0be7cac1ad,1,1,1149,1149
secworks_aes,a20a9d6fca246e6881b2c6f07f44c904cffa96006bddd1a8001fe08a26576077,1,1,253,253
secworks_aes,a20d84afdcc7626b788e7f08e6484d1e2cfad931558e007e44efa40add359984,1,1,1095,1095
secworks_aes,a21d34367b3b72353daaaabfc04e33af0b7f64ec664f9e8da57cdff4916b8337,1,1,1860,1860
secworks_aes,a22b0b5cc8de69a424da836c4ac1d1fd9e94d54cc2aa452e075ca62cd386b07a,1,1,609,609
secworks_aes,a24f076c27f156c3a2b34abcd97a1a842a188ffb22036c1773ac6ad7809fe743,1,1,1757,1757
secworks_aes,a256dd94f2eed2677ffb9a5205095bde46df487a05327b2c149f0ddb8c3165d3,1,1,1671,1671
secworks_aes,a261ff0b71772ac79d0b69c3c7353fdde5b0d45b8dff2c3129ed204cea6abb22,1,1,1347,1347
secworks_aes,a26e4b07095971aabbe88abbbad1ab2704ec5d931894ca05a8fac4a5df56849b,1,1,287,287
secworks_aes,a284ec013d45c05fa8c242d1917a7537f1d2fe5bbd640ad77c1f84a4a67bb85b,1,1,1496,1496
secworks_aes,a28727f6b48a10bc7144649340ad5f451e1cca07c021f7fcb6e930ce6baf6d3b,1,1,869,869
secworks_aes,a29264433ff6d000dc620f446563685514d65c55afc71cb9fdca1870fe710430,1,1,966,966
secworks_aes,a2afd089f45af2498766040a36345b14b69b6301d0bfe56e02140b6705885cf2,1,1,2042,2042
secworks_aes,a2b213d327eb2cbbead1405455529530a337422b77c1545d303d6337ea90dabb,1,1,62,62
secworks_aes,a2c34a2c0a683e68c33a88b5853f322522f3c36457c9acc508f622d885af4867,1,1,1157,1157
secworks_aes,a2c4d32dc0e9a8839d47468d11b8918c587debd84562e4dd27c532eb2eef57f1,1,1,1589,1589
secworks_aes,a2e1e64cd5b8146620f755fb7330e85ff813f1efaa64799285208c2f739b0bb4,1,1,65,65
secworks_aes,a2ed19e5a2f77a4f53e43da48f9bee7f2d31d1a19d73d0349ea96d591ebf10e2,1,1,1110,1110
secworks_aes,a2f29a693503a3ac65aac76c37f81120316f6e0d50e123fc365f7cb1736b9540,1,1,1307,1307
secworks_aes,a2fdc66c1a1c376edb57ae563519068a130369e3e23f88971a7e5f4ddd656138,1,1,803,803
secworks_aes,a30fd911f46e998ad3016997de64511ec67b40ea7aef0e458edd7a28b96ab035,1,1,56,56
secworks_aes,a32a695d932911c9c09df56a76d6f1af4c843d251b406fa0285ebf8e75ed023c,1,1,95,95
secworks_aes,a32fe0603463dbcd1e6ff93d15151619b58d5171715f5c19c908287da2a5eaa7,1,1,704,704
secworks_aes,a34592f498bdd24123b23d2d3bfc83ca43cb6c70c387eb29707ecb0588c2034a,1,1,941,941
secworks_aes,a351aa75c034acc5b50262d0e4f5905dc547e428b3fc248623751ab229dcb90d,1,1,1637,1637
secworks_aes,a358c377ca15f11d1266d903c93e07e7270827426e64cda4fb46b9bf011e3265,1,1,453,453
secworks_aes,a35bec1c7a4c9a7912097e76c435266cc53e3cde599b15a3be27a12475473cad,1,1,944,944
secworks_aes,a35d22d21b874a486caa7339540f448e85a369a51e0ea6cfc8af3244da167328,1,1,1542,1542
secworks_aes,a35e18f70cb457397c389f360315f8133a1fb98ee3d6da426cbe2a60087b9e10,1,1,1165,1165
secworks_aes,a38081a6198b352daa8426a32c7afd8245cfdc0511354da1739ddba9e2895524,1,1,52,52
secworks_aes,a3829053d9b900c405b3dc870a29006ff93305dae8cabbd9b41740004b585534,1,1,1063,1063
secworks_aes,a387a4b7841c7cf63169c03b3dcb46433e5d3b8de2236227fb1e89bb2a4c6bcc,1,1,1845,1845
secworks_aes,a38b26ede6fe17077798dca9d5a128094c718c49a051126ccd578413c0403c39,1,1,1577,1577
secworks_aes,a38f019a0e2768f320e699fe6238309ec695e451a8894f59acf632b78a2a0d89,1,1,1760,1760
secworks_aes,a3b7a06b676e7083b8aaeffc3b3673e996bc8fe6a244c9049084fb8fc7acf0df,1,1,1609,1609
secworks_aes,a3b95ef0e3ff25fa3a70f9ef1429f7e3544d21d548156fde82be6d80f38915c6,1,1,444,444
secworks_aes,a418646da55dc4b54aab8ed9ebf0423a1458e26f5ad6df3a8b6d43bec8a193f9,1,1,1604,1604
secworks_aes,a42f22474ac24bcd7187f51c8c943795bb208694621bf5894c79b05ebee7a0d9,1,1,1468,1468
secworks_aes,a4335bf91c087e49014556c31e0b08a14dbd0f4c4cf79eceffecf70e63d8afcb,1,1,562,562
secworks_aes,a4540710ce8b381b38a810e0ce710e578e7a60a200018aa058578dfb9ade22f1,1,1,1261,1261
secworks_aes,a47e2f68c4cf4a6502842f3b0cb5a191aa4e753348a4098ad947aa6890ced8d9,1,1,168,168
secworks_aes,a49f64677364ca0302cfac3471d5c5b4007936113eafa67ed6c368b14b01e5b6,1,1,326,326
secworks_aes,a4ba437369614516307d56d1c1eb81903d8461dd43da9652e39c52944a048e34,1,1,988,988
secworks_aes,a4d02c6b1f49b445be441274ae911cc051bc800c3cc8eb57fce0594a510948b9,1,1,1437,1437
secworks_aes,a4d22e2c6968581ed4b90da8495a0f3c53bfc5408db080568fa3b5e07953cc46,1,1,1048,1048
secworks_aes,a4d4f81a4e45fca11ac1cd4773b2f2c47227f684dcd8e9d7abaef272dad9a19d,1,1,2030,2030
secworks_aes,a4e0528084cfd2d08a3a1b0c67ce6f9eedbdd856f5603a5ec01ca056df5efa8b,1,1,993,993
secworks_aes,a4faabeef05e8b3849e2f064ce9f8f466db829711aa256b2c069956bf08e2919,1,1,186,186
secworks_aes,a4fcf32304dbee0c5111482f3345f12aa59fed3ed1390393af9e34139923d764,1,1,164,164
secworks_aes,a501902bdd2c68b56be809441eaebb97ed85de17c8edb8a53ee877e905011c3c,1,1,1200,1200
secworks_aes,a50ff6584094a71bf86092039b8f4ca25626c0baeb37ffc2b84c27805595ae6e,1,1,1062,1062
secworks_aes,a513a1d8c33ca523e94c565f91c6fa57af74090005df616886100121e202abc9,1,1,1176,1176
secworks_aes,a514b33e081aeaedb4572eec13d47331c3c2486e9f330e6a620b9ac3021dc7a0,1,1,1178,1178
secworks_aes,a51580ec7af9e964f7a48bbe924d39ba9b7dd07742d73dba93a42727b1a66ef3,1,1,1729,1729
secworks_aes,a51adcbb0b337632ced79857616579dbf7646db6e9953777a6fa869d613379c5,1,1,1765,1765
secworks_aes,a52dff82d8db698cf980d965e5f234869fac2ae2b5a396ec4f3a5088928babba,1,1,738,738
secworks_aes,a540fee49c8622665b24edcd947ef8fb7a02ae8ac814c04cc437164d574abf9e,1,1,324,324
secworks_aes,a54cbc579c8b6c44b571d1f892a8e23845d968ca68647d6f7ca2110ac8140ccd,1,1,1286,1286
secworks_aes,a54fb3339081094f4b6cc6e2c0c82e31943a64456c06c19eeb7029c8c966e1c4,1,1,316,316
secworks_aes,a560c9ef2188b656741d9b8c7bd0ff9caacaad6702a8b49396c11dbd799e7c33,1,1,286,286
secworks_aes,a5642673e9297b2f2d3e43822cf2684fc0614a402d2e9305c645c1caddf732ee,1,1,1521,1521
secworks_aes,a56c3097c92191249f1a86d0e831de98a51f48453782cbd31a070d439686175e,1,1,1710,1710
secworks_aes,a56c9801c346aca9e9dd67f184e9a53f8b1728ff5620c38072590b45f976c20e,1,1,464,464
secworks_aes,a56f07e0ae215c7c5b6b807d460dc60d5dbcdecdc8ebb6db82c70b0378436eba,1,1,231,231
secworks_aes,a580762dcbf546cfa8db2aa0aece10304d2974da73f102e90752664a0023fc36,1,1,2007,2007
secworks_aes,a59c6d2474ebfb717ad556423f57038bcf62cdb747006b5868aa694fed752c88,1,1,1897,1897
secworks_aes,a5a634261d2bc1a4319333a59f2b5e02aec4395ef9531d295117ba90c4e5be13,1,1,76,76
secworks_aes,a60475f5f482499a367db02b2a63597d4cd34200ed769486f1a1486cb6d39a9b,1,1,1177,1177
secworks_aes,a638a20c6addd7f68069f46e80a022391b8dfcbe7c8ce50307f473573836b625,1,1,601,601
secworks_aes,a65e8e01b89a715ee06fe16ee1f476ee9cc15b17d345028cad03d942f8a2479d,1,1,1795,1795
secworks_aes,a66d2bd9cd4a40b94a223d0eda592f1bad9eef5e97cc54c32d6a58a35906c753,1,1,1122,1122
secworks_aes,a681dc664ac908005a33f309cb48609e1dd5072d3170eaf3ae6264071f635d56,1,1,642,642
secworks_aes,a68d73a4045c41ed758e03a86e706092c242d8bbfcfb42e9a249e2cd6c543b05,1,1,714,714
secworks_aes,a68d97bacbcb3304298de29f6d53764f17cd52cafed2fb889b8b73e7bc154abb,1,1,1001,1001
secworks_aes,a6a14a8499e56dda18ede4661931134a2f0188285c04a653f77f1729b0d44191,1,1,853,853
secworks_aes,a6b0e1169b1ed826772045c51e4903bbd51c4fa629be8883ebff261360a4e222,1,1,1506,1506
secworks_aes,a6d931f0d0e588093710aea6b175aa7cfa393aab9deae2d9b89f35e98c777876,1,1,782,782
secworks_aes,a72b186173bb41448e425a9f3b133716f0f3087f1dfa03b5693ad6add669a31d,1,1,319,319
secworks_aes,a72ff2e2fce1d30260f803bdb3303b56dd9cb151f6f881986c491ee3e441263a,1,1,1627,1627
secworks_aes,a7315c975abace7901ef5dead9edaaea5be115157f4bae0b2c4b2d56f0dc54bf,1,1,1282,1282
secworks_aes,a733ca2a0cdafc7191bf0f42ec253e94f468109e1cb5a47c2a5b868c10a9ff16,1,1,1890,1890
secworks_aes,a743edb61c4356aa1f4e6027f24c5e440c17dc43e04c4fd370fcf2a3b4a2126f,1,1,919,919
secworks_aes,a744f0696d41adac201856f66542c84d1323605a892c427d252e33fcaf8ad7e6,1,1,295,295
secworks_aes,a771c09a953c13b3b8410d5617447df3886d3aebd8245720448e18b0c9bd111a,1,1,1598,1598
secworks_aes,a77b2401ac953bc0fab021128da0068fee55cf4a05ac357c08d314df5b84577c,1,1,1554,1554
secworks_aes,a7a5ac77eedab046dd94440e36a7ab9f2f07a28a5266e8409441cb3960191853,1,1,1443,1443
secworks_aes,a7bb35503c4e5cb44c4384e8ee326db413d2d167b209a5068399820f4942900b,1,1,1336,1336
secworks_aes,a7ec33923dfc8bf4001ddd7a5c959a838fac49b6e6228693e2898d05d8c97c58,1,1,1408,1408
secworks_aes,a7ee113e6f8478233d0b515068e73454b6c966e4a41bfd092b391e9100abb4aa,1,1,1155,1155
secworks_aes,a804d4801513b38727d93fcc03c05e9f7fab5200760e7b4d950012ebca66d2c5,1,1,1151,1151
secworks_aes,a8272a4c1519b68c2e2dadc41929b6b11f723189e3761b44b947462fe538730a,1,1,1317,1317
secworks_aes,a8278841b4151412c826ab9c2500e875205a93ae97213de02d0a466eae84a8ee,1,1,499,499
secworks_aes,a83ee128490ed12d357345ceef63c72f14d6b14de8a2548a4b9da6ab3e66d628,1,1,1924,1924
secworks_aes,a854aff77086525916509b2d6062ddbb2cf77700a7e088f2e5fac81925b5e64a,1,1,118,118
secworks_aes,a85fe26a1648bb14260cdc31d08d3b00f69fb15c24bacceba9d7b5d5d052e89e,1,1,84,84
secworks_aes,a860ed109e7c7622a58001e8379d1adafe10aeece144a710c65f906854f3ad8d,1,1,1282,1282
secworks_aes,a873c8b90a0e04af88c526af7e900dd54718ea556637f34265e1269f75351665,1,1,1945,1945
secworks_aes,a878241c0849f704341a276546333d3bdbd898b82961f95126ec83a22217425b,1,1,656,656
secworks_aes,a88c5ed4fde3e4ce0446a7dc7c6719712814fdbb48d7d1d3debec40c90dd5145,1,1,673,673
secworks_aes,a88d456ef6fde7b021e93645e5fbe137c1f4db5ee322613725c1824e0f09123b,1,1,864,864
secworks_aes,a8a7f1d7305846dc1beaafbbc4a373d3def3c19c9bb4e5af09d46b12887c2b66,1,1,239,239
secworks_aes,a8bb1374a5f72d94d278196f27fb80021b4929377ee1be45f4b8c0e235a4ab65,1,1,107,107
secworks_aes,a8fd0fb6f14a1d4acacfc80e638f083fe65da786c81f4a475279da1248d9fa54,1,1,546,546
secworks_aes,a8fe4dae276b8f0d2fe9e17a0565019b641134f8711d0bb3ca5ab3aa9a1a703b,1,1,1284,1284
secworks_aes,a90c293a4a08b7e8054a06fd61ab0f96b6b61b9cf2a81f55bd1609e6a0176da1,1,1,1160,1160
secworks_aes,a91005790606a32cec3580231d35e09ea5d035f783cab9200d48aa7a5a0275ee,1,1,1563,1563
secworks_aes,a914eeebe288e826b5be42e0318bf74db145abc946405c9faea9dc89942f22f4,1,1,2019,2019
secworks_aes,a920240a9b91e90fd6f715703613ef80d129f76510f29ce17fd3d2432510519b,1,1,997,997
secworks_aes,a941d303749f30e8a8f2b7bdcbc88c0257f26b78d1b6d4d4a6d129e18724624e,1,1,382,382
secworks_aes,a95c014026c2ef984066d005f6a518468803ae9c872df5957f03d674f862971a,1,1,1391,1391
secworks_aes,a9642d56039c0cffdbde0d1f8057dfa532a9eeb602187c72546637061f0cdc7a,1,1,13,13
secworks_aes,a977cf900cef7f318cd07f0cb2703aa5582ddfd8cd0c1112c89de9e40f39b87e,1,1,1698,1698
secworks_aes,a98cdb2be0b4427b2726c943c7f9f656a7c66430f22da0069754a1504b74f5c6,1,1,1119,1119
secworks_aes,a98d1e83621f4a8751bcaa14b2c345b9c792295c27cced7f8b9dee0a50b76e43,1,1,1457,1457
secworks_aes,a98e38295f6d3aca2e06e531a48d19291161e1dffce980469ffc11bd8e271901,1,1,831,831
secworks_aes,a9915e3af2d85c4ace4aad1d87be1feeb7daac8d5c6d42a0f86055de61312be5,1,1,33,33
secworks_aes,a99d3439ce19c4c2aefabe759f0b5aac2ec867de0e2a20bfd8536fdf65d1d193,1,1,582,582
secworks_aes,a99e20beefa153dac8a66c02ba63cee32c9845a50c3a6613f51769bd952000c7,1,1,392,392
secworks_aes,a9a86711a3a221e26f18f816342a1c0bbaa2700d9eef402899081e49c3397407,1,1,568,568
secworks_aes,a9aef38522d3660905d926da345a2529fab1073e9775952473007f2a144119ec,1,1,175,175
secworks_aes,a9bc6f06f86438e672fb6178db34c99fc199f0a6cedd551c6b0934ac1b44147e,1,1,472,472
secworks_aes,a9c2d4fc90aee523f4fa05d40d72b1dc02cd29811d66cf4c562b3d7a1f011838,1,1,2004,2004
secworks_aes,a9c4905540079cbaec1fa132e24b19b686c79fe590ab50a62ae4af1686c48ea2,1,1,1179,1179
secworks_aes,a9dcfec8dbc705463c95ef7ae3280bde2832446eb323dda89ab76924c42fb1d5,1,1,783,783
secworks_aes,a9f8a5e33962ed766e9610a757a7e492c9e639216b13d68e165979f477ae4099,1,1,1589,1589
secworks_aes,aa15c784230989589841071b82f6ced02a579565015ca627cf9195b4060a8d4e,1,1,1121,1121
secworks_aes,aa29cb0c3a9c6a3df2faa6ca19956a6e515386b63370b7b655bcbf679b9645d3,1,1,179,179
secworks_aes,aa37c86425c28aad3a6dc7bd20bffba36149a72a2d5ebefd1ae30eef6d42e73b,1,1,811,811
secworks_aes,aa4b178419ac5f34692961544aa26bc9a609f99dcc53f2bac6f3dc3193164603,1,1,914,914
secworks_aes,aa56ea173385c51965e1b5064967701545a8894ca93014146d2c8cdbce2f8365,1,1,1920,1920
secworks_aes,aa6b4f574d4dc2cff0e2c7179e030ae37f83ccfeb6f6750078dbabe78b08f822,1,1,208,208
secworks_aes,aa7679b9285844183865f6101784bb4d2398c1c50f8668471b50df3dcc4f7f22,1,1,1904,1904
secworks_aes,aa8293c63517e0d7da7e387a805024a1dd0ba80dc11ccd7fdff7b7a2863f433a,1,1,1226,1226
secworks_aes,aa85760977c9a5cb4a2aaa9925387227e98539e08ef9ea62772ee36590ccc007,1,1,1848,1848
secworks_aes,aa8e5ef3192bbb93b5f205548d24c29acdc5b40c5395c36eb39fc22402df36ee,1,1,1930,1930
secworks_aes,aa92f58c358a302c98e87eff5377feeed36e22f66077f22ffc3d291cfff1948d,1,1,1678,1678
secworks_aes,aaa513b41172424454168c154e64c719751dabdfd97b04bd3b3aed53b1e9073a,1,1,275,275
secworks_aes,aaa8daf35145964a6aa5e5109d89d4ea6c2bbd990608e1038a75b25958ca8ef6,1,1,327,327
secworks_aes,aabdbe013ebc7a6be6e9423fe2726110a790c988b2935901418b9dac808b5091,1,1,552,552
secworks_aes,aaf5b225d82ed620a49b0eb2a426c5756462880b5e56ebf1589411447c4ffa6b,1,1,1608,1608
secworks_aes,ab020e5d0b6f29020d9c58d2b1a74ccf0c3f18429639d9c877dea6f1a6326567,1,1,97,97
secworks_aes,ab0ceaa0213c9970f35689dd6ef08206d30549b84100e053226662c947287a06,1,1,935,935
secworks_aes,ab12fc7b285084cd55436a3e9b037e884c3a9d020f9186da4944bd809dfc51b0,1,1,584,584
secworks_aes,ab17eb8dc80fdc3bc8d3d0ed5ad30c24b31f4dab799ee4d53ed1b457bca19a65,1,1,766,766
secworks_aes,ab34c51bc16d1a128d8e1fae0130a2a2fa5397101ab89b6bceedf490e566f831,1,1,925,925
secworks_aes,ab471272a15859802880201773fb466e657bcbb7507f19dea22663a01c5a6515,1,1,761,761
secworks_aes,ab62a3c578fd51066c876e56a8915323495a7e8eacb5af9bb3a9f1d7348292a0,1,1,783,783
secworks_aes,ab63192c67ce4fb83f91c1a53a9605e29c532df03dae7a30b4de590b58d61712,1,1,786,786
secworks_aes,ab6eab49ee4b68b16ffc63a58c2d799a6966cc45c54d2528d800700375521f68,1,1,1632,1632
secworks_aes,ab6f1ebeb16628ee3f7b579e294991cf97977c655d67140ce964da5f24463165,1,1,1291,1291
secworks_aes,ab744a55486e979607c5a05e35712f0388cf51f05dfe02d329dd67a3830ad39a,1,1,1478,1478
secworks_aes,ab7f84b01d583cb295704054827e7177f850c49543d630c55333b8f395de7ee9,1,1,295,295
secworks_aes,ab9bfb9e32b810372a0bbfa7ff1bb38d8e6e6ba75b5072d609634b205ec3233f,1,1,302,302
secworks_aes,ab9ce1b411fa7e024dd63776fb358aa85bc2b593200663a459276f9d060807ea,1,1,1079,1079
secworks_aes,aba2523d7ea37c2d912a4108568a210e578dc2d1301a55e702b0092685e53eb2,1,1,939,939
secworks_aes,aba542d45cb758fd9b4d976bd2d4b7ff77a081ac21fc11a9690b3dceec4cea09,1,1,1134,1134
secworks_aes,abc16a6293d2cb02ee55463effdc9093e2ada54f251e14f67470996a08306782,1,1,1498,1498
secworks_aes,abd5143539a49804db29bf0e43e18bd7a76d8fbec457e4056c08413281091132,1,1,150,150
secworks_aes,abd96f8e82c5efc72b27823019c688aa745f046b30e57d1050d8ffde1b8c5feb,1,1,1916,1916
secworks_aes,abdb31951ecaec6461941bd4108eb456339ed95af94baf746fbaee11ef36835e,1,1,1800,1800
secworks_aes,abf3a0a703f2ae1ac0c2fa79e01ce1674cdfc43c3287ace74cdfa507088d1cef,1,1,10,10
secworks_aes,abfc59e974a377202470e44faa8d56a5902853f285815ce879a90d441364aab1,1,1,718,718
secworks_aes,ac0a5a57d3d8b0cc7345a2434580cf46434ccdc1b4b6bc2002d8fd3cbb4918f9,1,1,926,926
secworks_aes,ac277e78de04deb7da1dc9346ae2bc62c28d4b2681bd0ed11030599d22e9bee3,1,1,1813,1813
secworks_aes,ac2b4eb58d773af539ee893f2f67797a6ee504da22282f2dae1d6771179c46c3,1,1,262,262
secworks_aes,ac32304520b9fddeabf92b6e2c367167c3fabc2e31b09d43499ed5a266a48f83,1,1,329,329
secworks_aes,ac473bdb241402a4657bb6350cef139890b75e3e9d404004b67ed13857509d87,1,1,998,998
secworks_aes,ac4c3677d32b306412f997311477d2c97841f3a79f073b527e249e9b244d2f32,1,1,300,300
secworks_aes,ac5cafe8cd397b442d85e602340fe6b3472d8e3ac5dc0cc5f1de08a6a7714535,1,1,1742,1742
secworks_aes,ac6b6b67d70f2c7b68351b87a24606556649f86c27a015922734d1758a30e545,1,1,162,162
secworks_aes,ac6bedf83d67c2cc59ae63cbedb4c4604337515baf6db131094447b65360356d,1,1,892,892
secworks_aes,acb369388aa29070ea6b419f27c0d6213394841f751a09644181fd594e955ebb,1,1,1281,1281
secworks_aes,acd7d0c658ed24a006c25b19d3f8a7584d8bcbc9b5f7a15e54e064d217a800a9,1,1,390,390
secworks_aes,acdfffbde0d861864884beee22360e3c8350ddea40a3bd0048960056152bed11,1,1,1225,1225
secworks_aes,ace87d699e128928c3a104c8797bc0af7be6f520a46752441e0eca6d79c24818,1,1,1531,1531
secworks_aes,acfe5deb8c553702365197cd03d3a45c6b4ab4768db43b1a922ec53b7dfd25f7,1,1,1064,1064
secworks_aes,ad4400f19caca89468351ccca00439e64e5de15950dcb7bfafe81cdc7e74844c,1,1,1557,1557
secworks_aes,ad4d1d83faaf46d4dfafa8a7fb0ba327527697f133d1f59e27933746c2004d4b,1,1,1301,1301
secworks_aes,ad5b86baab210fffdfde9c0da7b4b5cb42c2411f7e910747ac4d1cdb27cc9a7a,1,1,1611,1611
secworks_aes,ad62062a066cf0b58ab98994a053496385fc75c6f3ebf23c2b48fe6e72ad1bf5,1,1,1734,1734
secworks_aes,ad8250a3b1caa3e982d1cc246d7ce18f1a041ca26117d3cc5c2c4deca4616d4a,1,1,1500,1500
secworks_aes,ad8c75580b4a0587925142cedf13a179179858d5f398c05a3a191423a405a028,1,1,1199,1199
secworks_aes,ad9869d6269fa01976c971d82db2e38c6e59f4139a2edb01e390a47ca556151a,1,1,1674,1674
secworks_aes,ad9b06b5f85df2ad421d997e090000e06401e3609785c40c30beaed8dc3e8f14,1,1,926,926
secworks_aes,ad9cce55aec05281dbe24a8ec6e7868c1350beab2c1670b89a067515806de52d,1,1,220,220
secworks_aes,adb640ba003d8917def3f579fc6258e0fa1a19ff88c46d199643bf157a78f4ba,1,1,1340,1340
secworks_aes,adee47a40a78b835b650225c952ff0efd461853fa621a85e48aad321c7b0d675,1,1,466,466
secworks_aes,adf3a0258f5bcc64685aef99526e2e660b61c710eed8f429a4ece886b13d9408,1,1,1326,1326
secworks_aes,adf995d2adba4f9ad3616d9c4fad4e2caf136c03fdc69db221e1d145b612381b,1,1,1251,1251
secworks_aes,ae168a2eee81d6c6e276377dd0232f4188dbb6f928da77927a6522afc7b54257,1,1,1468,1468
secworks_aes,ae1cfa0c96e8bb9279536c4b4e95eea8740918cf6268f950041989bd1eb07d9c,1,1,308,308
secworks_aes,ae2449f0fbc24bb3dc58e26763a90c73d89a72fe7271a41ec16a026441898792,1,1,191,191
secworks_aes,ae414c77f255332a286e1572cf2a8afec2682cda2e7f091d8856959426dcec17,1,1,154,154
secworks_aes,ae48df80422e1d7f9307d9e4d291dd8bb8e57ba6413fd681f38584fd9951d658,1,1,421,421
secworks_aes,ae634c58bc25f8f5e58d9ce929dc683017c6b1bba90ea31e7c923be7fc8264e4,1,1,5,5
secworks_aes,ae7a979d1a1a4ec75e1cd93acf01c501e6dc5cf4a17396c54b3361ba986b2144,1,1,619,619
secworks_aes,ae80222cf9c06c1d4625911f131b07315a4a6133a3e34322b36f9b8ef08f0d2c,1,1,2035,2035
secworks_aes,ae879c14a0849886bb3d5ee506b01209941c1fadfe10b0bfe9f79adcc7f709de,1,1,833,833
secworks_aes,ae8bd8840e258a42157a53e045476ee6c37c63d451484c762d2274cdf1fe297b,1,1,152,152
secworks_aes,ae96ee5003297e5eb4e9936d90bf2253c2b7dbb57fd3f4bde0e32db879208dfa,1,1,598,598
secworks_aes,aea1fef5cf36afdd3742ed857142fd75f6ba7a404e2ab246c9a3cb75f2f5a012,1,1,471,471
secworks_aes,aea7ada141b8205122c718c0f9958a171ac2106996b3b254c004cdf1a99f35d3,1,1,838,838
secworks_aes,aec7e7bdf71720413a953e4532284dddbd38d3b3dfc11a6a4c78ca1640735d75,1,1,548,548
secworks_aes,aecdbfa9fcc4dcabdad1e10e508d7dfb6601d198e48630088a817d7abbf4be0c,1,1,969,969
secworks_aes,aece3366addc7784e0e38618f69523af2b958ba4556b5b4685343dbbaa4f038f,1,1,710,710
secworks_aes,aed8c9a349b3c1ba6ce3ccd4778b61c3a6ef79b826dd58c0eacf053547943cab,1,1,1806,1806
secworks_aes,aedfc4a86cfe9a5d7e6cdb2e4695a3d2ae42c79501763326a7f1efb61fa11069,1,1,950,950
secworks_aes,aee4f18a675f875408fb406e2a4c7eebb05a840f356ae1bff2d30897f298c70c,1,1,802,802
secworks_aes,aee85de2cc509ecd82abccf18387c0aa936726bed0a8f44293d7553bb5d46258,1,1,1853,1853
secworks_aes,af02366efb760fa34a6b7d381963178b23cde4962eedc82d49ca488db5679d5c,1,1,574,574
secworks_aes,af0631acdce59601443449203a84926685c4fd8644ddd76714f5e29f1dbf44b0,1,1,1494,1494
secworks_aes,af236fe4371ce933e9cc13f78f147a69a2ec17583e9ba7bad60389808ef443db,1,1,1161,1161
secworks_aes,af2f286b75bfa9234210c28c1afe9ee8053320771cc6cbd92c83bc6eec85e434,1,1,1490,1490
secworks_aes,af3007a40d61e7f0b334d71ea610ce80268df6b4939511014144b277cc7bc773,1,1,837,837
secworks_aes,af58906706d75fa636c428b835f08c3e0b2a44e30a2e56e03dcc63c2b4b68727,1,1,1655,1655
secworks_aes,af682bc6ae6b8e1239a6da5945f0e1f6b8c72a3717ce90be337340be6bab8274,1,1,1005,1005
secworks_aes,af6a9b9970331909734b17f18250a165130eeadc56d46e4bd1282ce037dba841,1,1,1495,1495
secworks_aes,af7715859720309677ce3f9d35c6e0d0f81e6b939f769b080015863402d9edfe,1,1,1755,1755
secworks_aes,af8d9fe005df2c48eba5c0be9e8a64e9055f084634374fc7ba02d2b3cadcfd33,1,1,1305,1305
secworks_aes,afa3697b689e9f25350d96a3ec3c1bef426233f3e128d8f90df6fd232c4c4841,1,1,13,13
secworks_aes,afc685a36d83c277d367e79e9b9a919f8eb75ddfbf9d318118da7e882b3f8d69,1,1,541,541
secworks_aes,afd55063edfb1aa6759122b36030c5d819ae351f0431a9ac2bffb0cd806bacc9,1,1,1424,1424
secworks_aes,b00d3294302c079445fb2c25d3f0ed5915036a68b22810b8a473f6f93ed863cb,1,1,729,729
secworks_aes,b027a164807a7c5555827bf9c68becdb1172ee166f2d73de0b1363a8d7e03bba,1,1,1856,1856
secworks_aes,b04ef37dc74ecb7f11060d4db6dc8d336d0d7de85c79ac2910f5111849046120,1,1,1458,1458
secworks_aes,b070d36cf0b5a0a37cf2a26f2153aed14f7a32146cdff44bb8cd0b3111fc5902,1,1,422,422
secworks_aes,b087b63cf5eeffceef96245481459927973454d41e5787d4dcbe29ad067bc59c,1,1,1057,1057
secworks_aes,b0a5c61661b9623bdd3450dc1a4e20751200f17037c11cf5cab1d0a02279fc1a,1,1,522,522
secworks_aes,b0acfa5b1f4df36042ae8c2078a62d37411882e1250c8d0c73e713f3e7ba443b,1,1,659,659
secworks_aes,b0caeefab22881f7cc66710d347c764744c64945168a327f5a7d66ba81bc7929,1,1,726,726
secworks_aes,b0d2cd2b3f0f37065c64334a7996b0db7dd80ce793d3828141c3425cc00bca5d,1,1,387,387
secworks_aes,b0e05f8cc52f719a8db0243ecbddf9aa07311cacf6fd8999f81de26a8c7c1b5b,1,1,733,733
secworks_aes,b0f96a3da3ead1125bcf38014065562e37e8564679c4bf93bb9d34f96222453a,1,1,1735,1735
secworks_aes,b0f9d309ae588f1ac590b25d4cc1f46a76a9a63471075cd3c0c7e992ad5d3957,1,1,1361,1361
secworks_aes,b10507659945679c35246a8b56af4a76e1bb9bf21c7a51298730f0a390abfcfd,1,1,711,711
secworks_aes,b10888c907c48d3cb6cbcadffe4f7d5d288606f008cf3a4ef7a398058b78d1bc,1,1,1630,1630
secworks_aes,b10dbff01699a6b5c19db80e5f8691906a85113f4b8b6938129292bab5031f7f,1,1,205,205
secworks_aes,b110b24475fc328d0a5ead51a466840553f641d1d0d0b56fd33529559cd0a77a,1,1,1035,1035
secworks_aes,b110bd9115c00d0546a9c299b2faa6ccb93565580412061ebc0b9b13b2e8fb43,1,1,2,2
secworks_aes,b115b0411ede203dc81dc9a5724d6e09bf738c872391989e021891e267f4813d,1,1,1938,1938
secworks_aes,b117082908df878c2fb8532c5de2bda676f56d04228a858e9c4af1494fe74641,1,1,18,18
secworks_aes,b13584d7685ac2f786284878622c50278fdc3da4390ddaca582104e155da4408,1,1,1066,1066
secworks_aes,b13a8fd5aab70a06f3780b7ff65b485dcc56c622d91539a659c36ba424bb65fa,1,1,2031,2031
secworks_aes,b144af676156e0b13ee3c6cbc36aed49e0bdc3a0c880e0eb8c9b71e3faf74c3a,1,1,673,673
secworks_aes,b167bde597226de1ea6941245bcc1405d38a650c1b69377d51a3e2f6f8ab6fd6,1,1,1268,1268
secworks_aes,b18f51041f8a9f1df01d39c1f715f6b42ab7e7346909f6ece03102f041c163b4,1,1,365,365
secworks_aes,b192f0da0c55aa9089c9122efe5d8a16a791db1780a88e14ad285a7a99388303,1,1,1076,1076
secworks_aes,b19a096628799b390abb82b1b9a673c2d03bfe802d6580b80a90e128fbce69ae,1,1,1511,1511
secworks_aes,b1a35db128c8d7361ab4f64066a003eab549f656a7db775901caffe220b444dd,1,1,1585,1585
secworks_aes,b1a6b26d2896951baed4c10c28d2633ee8f7adb5c1a2e55ad2a9b30084a9e271,1,1,1441,1441
secworks_aes,b1f03bfe615f2ae875987d447f9fa8a8aa398acce42e16a800350da9995b55be,1,1,843,843
secworks_aes,b1faac282676113e523e395352b2d164242ce609e30dd1511eb353d5d18c7acf,1,1,66,66
secworks_aes,b2179e407b36e59345bd5a4daf62f5a177084e4be8e84f60c89e0df44ca62589,1,1,1308,1308
secworks_aes,b21c5b25433f303cf92a853bcab00919755958176f10428fecac2b43e1dbc2af,1,1,685,685
secworks_aes,b21f261db1c8902c4a1ddc5dbf908bbe9bb68fb655257f3429c54a7975432108,1,1,1805,1805
secworks_aes,b23ebffc2f242b166ef150a3f7c44241d80cd1825b602de8b47cd3a17ec5e135,1,1,839,839
secworks_aes,b24236560840ce1351984ecb1079a4d0ab278122b6da567acfd591cc34a39f62,1,1,850,850
secworks_aes,b2723aa3da1707270714d7674d9ba87ef7909c39049ad2d19b6b23030f5b75b0,1,1,669,669
secworks_aes,b27e9033a0925fe4a479a793eec9049115c28a28d6271d313c9fb973842348ca,1,1,919,919
secworks_aes,b2882d82c67e93731b13d24070d1d40f7f2adb4eb2e47d1dede76b9ec2f46dd4,1,1,1239,1239
secworks_aes,b2960854a06e32a3988a036b1dd7eed39f79517be03e7bc0dcbc20829763b6d3,1,1,1145,1145
secworks_aes,b2ba389d6ff55c7f0b3e25d57e0b48d86f99a8de5a1a1672438d6778a712dc17,1,1,37,37
secworks_aes,b2db5bdaf44c1404d88bfb7611447f2ce381d04eb0c953f1967deb346f712e3f,1,1,1514,1514
secworks_aes,b2e5b8c7b585ee220367008d8f7d88091139197c754f726018a0c96c601ca550,1,1,652,652
secworks_aes,b2e79b8608a38f97c6b7ae6ba7f7d05c1d36365457e873c04586d1025fa88ede,1,1,488,488
secworks_aes,b2eb01bb28526f5499f8c3ffb989802f335f0fb2445e7a59c06132bc72eb4fab,1,1,1517,1517
secworks_aes,b2efad7b08d297bd24cbbeeb9375e5951518d6c40ea82a22b944cf3ed7316a69,1,1,214,214
secworks_aes,b2f81501f5ed4978e730df2238725e667eb5992d03e257c26de71aae61f61cce,1,1,1477,1477
secworks_aes,b30477d90e24d79c99b836c372e57a44035f6d662f5f3aa1cede73fc915c5a24,1,1,224,224
secworks_aes,b35291b8c3e51c5b980a5f37fd3a14671d48094f6e03253441e338aba2b49969,1,1,1174,1174
secworks_aes,b365e01ebdddca28ea7a76fd6d66a86679e757852d3c7d1c8232bcb1dccd1d21,1,1,219,219
secworks_aes,b367cddd9c86d3148c283c8174dbf908dceaa5a60ed8157f8d8ad82ccccb774b,1,1,432,432
secworks_aes,b368eef99c83bbf50af9c98c49ae18e69a87d0c3a0555a3ac8d8791f0f38ecea,1,1,1210,1210
secworks_aes,b371725c6665ed7038343981ef4042fec69e185483917fd1a3d7c6b9d8b7da0f,1,1,1348,1348
secworks_aes,b38a7b9bc6dc65008d20fd2cb886bfb9d74c89abfd431a5f286a2203426d73bb,1,1,1004,1004
secworks_aes,b3952ecf8984dd3cb2c7c39fb96a40c61709616baa972e6b33f942dd795df9ca,1,1,1810,1810
secworks_aes,b3aecaf790ccbceb227a3cee5245a25d31a53f501aa3ea4bd6f13ee6730e378a,1,1,629,629
secworks_aes,b3b6b8d4d8e3e23e4ae713de2a4157483a0a84db497d1e589bfd9106987b2d35,1,1,720,720
secworks_aes,b3ba6207ee6694b474d034978127f6e33832f8c9d72d73ede84f4c29c82f8ce9,1,1,921,921
secworks_aes,b3bc039feafe5e472d923e58e97f075c36778a984687f35cd1948a11f519c9af,1,1,1777,1777
secworks_aes,b3c2bc93f789aa213854201c552ac9c067376ee288b4e1f6249558486b3140b4,1,1,2024,2024
secworks_aes,b40601765ea24a0f1b2c90ee670ab598743391ccdbfeaac88f64fbc8ceaed11b,1,1,410,410
secworks_aes,b4435d8876ce5cb9f01964ae0b1d35fd1e5d43ac89e1caab8cb36c14b4afe156,1,1,497,497
secworks_aes,b450ba2a48192bb6c1be98c44d9fa6789b62d99828f56b38e245aca137156014,1,1,279,279
secworks_aes,b46c5447bd5aee41d30b3e3f3b1a30e599082256f5678c388cd6fa0d9850449b,1,1,1423,1423
secworks_aes,b4844796768399b637116d5b8e9fb43fe11bb53d72763fc9d629eed18e823e36,1,1,1660,1660
secworks_aes,b48be6151e157772ee9c8a2f769d4526b57ac073d0008bebb5cc71a2ea52902e,1,1,1703,1703
secworks_aes,b48cc8f2abf6aba2c64e751439d1cfc68ecc86840b3a2b4ea1838554487b2882,1,1,598,598
secworks_aes,b49822e82fbb309d3c3cc8b312f129e95a43f96f928abe395d848f81c014781e,1,1,210,210
secworks_aes,b49be3582a16513646ed825b6d9600f6a93024c7dceab85c9e412cd3317c2aec,1,1,361,361
secworks_aes,b49e202727d090af83f60b6f97cbccf4aca676849fd704608b02e28297f912f3,1,1,966,966
secworks_aes,b4a935788dedb3d2f999d8e1a06c7ba16e737fedb175949198c7188aa6d00329,1,1,1011,1011
secworks_aes,b4b3b3ba694916e39b4ccb8e87ad3a5dbc0b28735b057da481f1a78799a27ade,1,1,1579,1579
secworks_aes,b4b3bd1f59014f1429917bd80e8369d19dcc36ebace9831bc6eb2f880633ba05,1,1,1915,1915
secworks_aes,b4db1d4fc9a601508360d04c8d05951a8f181cef4024fd1ae7b35f8f9e896f1f,1,1,1539,1539
secworks_aes,b4e947edf91b21b955e640730e7be593c98ac8d3483e02ebdc26fec5f9ef2a05,1,1,1523,1523
secworks_aes,b4f6ac07787d45db8ef46e8fa4ac1bf37f80d498c24fe29cf827d010c7ce9be7,1,1,1380,1380
secworks_aes,b4fd2e0e132f1556a30f348e4339d09dec036283d4865a8f6c6f59a049e2f3d1,1,1,942,942
secworks_aes,b503034f8b8c5b6f58c6edf4e4d16791db9f38d2fa76d7bb177112e422868d4e,1,1,972,972
secworks_aes,b50fd3b89dbb6490d2587abf8ac020498ec32759c300a78d4bd3239b3766d837,1,1,1058,1058
secworks_aes,b510d21e09a08978ac928eaa71a3077dfbd17fd5bed20eaf4030961a0a8eb74a,1,1,789,789
secworks_aes,b51b88c9ac235cb8bb129a2f3d893457c161198b384aea6d79ced220383c7852,1,1,1805,1805
secworks_aes,b51ff58f3bd6618c7d5c9f9e47bfadc7b77cb090f0b217a9da670ddbb033e218,1,1,1577,1577
secworks_aes,b520a20dd37002fa4bf92aa1c0afcd594cc6f38fc2cfdd52de027f173d82edd8,1,1,215,215
secworks_aes,b52aeb0ee57daa7638da09d79a97869ba609b64b93acc8c816a1465284d640aa,1,1,872,872
secworks_aes,b559e752859c7f9ce016d7b1a03f7e88e679ef6f28ceca68249f5fac9b889de3,1,1,340,340
secworks_aes,b56bd142894106e221f6bd19768b90c19ef00ab44138f57dc48c806d5b18cf07,1,1,495,495
secworks_aes,b56cb943d2196b0f41ed2d37a24659f815b8cc32aa9e60d4cb99de930fefb8f3,1,1,67,67
secworks_aes,b56f103fe555c9e71df6111f1d977068c86ab94e7eb305015868be624416d047,1,1,51,51
secworks_aes,b573f9a51cee920b05719ae039bc57c7c40dec0c83759a9d33326c0aaf4f2d80,1,1,1802,1802
secworks_aes,b57cb9aa0a4bbbe82f4b392b77f447f602e8d1dfa3962bc7681aceb7842a7bc8,1,1,1607,1607
secworks_aes,b58e5094bd6b8770e956a4b1071d1595937d2ed8ecf391dcd1b7692839c945d9,1,1,794,794
secworks_aes,b59016e6ecb81480753ec4685f973487b43831cd18c3c20d6680d76fc3591ae1,1,1,314,314
secworks_aes,b5984af3bf3f142b217532e4cc883b94b823fe2175b5d7b9c1f02787323e422e,1,1,1433,1433
secworks_aes,b59c7e2afe7653c294151d49cf5b38a866aa98ea93aab4ffbb649f548de38946,1,1,752,752
secworks_aes,b5a486f1979e7e5cc7fd819de7b6d7d2ce5e613296d57e95f2887ac64497230a,1,1,1576,1576
secworks_aes,b5b03d34edd0865b72f0db6417dae49938cf2bd4eb63eda47c2dafc1dc08ecf6,1,1,640,640
secworks_aes,b5c9b8d8205c7bc942ce43870bc705880cad3308716dc84d35d014b122fe0e87,1,1,260,260
secworks_aes,b5d387f0fcbcff5ee84910dc0cce4083b0774d5ec859aea0ba7952357357cb8d,1,1,1266,1266
secworks_aes,b5e5cce970dc123706db9040d7bc0ea9406fef9f8679faaca05741d9623c1e2e,1,1,1999,1999
secworks_aes,b5f28909995645584267f7ba4176d15450edca8f16cb82e9d8864c1bceb34503,1,1,1223,1223
secworks_aes,b60269d91409f4c054ffcf9becfd77e72306d99d76f2b6c6cbb7387947abebfe,1,1,1228,1228
secworks_aes,b616644083c310129f87728968b8582ef95d5da747603b810dea139b9b5d4dd2,1,1,345,345
secworks_aes,b61eaabf2c903b9ec913eb8da2b497dfba462a021b9094536dfef25dd5aa8c48,1,1,780,780
secworks_aes,b61f252cefe009f960743e84c5a5836009394868edf45b6ad86f84d60f61a234,1,1,130,130
secworks_aes,b623b90a8cf48e8f7f2716b07579214259e256544c4b81c812236728a949073e,1,1,1389,1389
secworks_aes,b63b759a6f4a1ed6fa1deea1c470b4b3f33871440c66dd79f5e272bf15683446,1,1,1260,1260
secworks_aes,b64a33dbbb1a49b4f962d162eeff7f9674be5c4cb409137d9f56a25d00e5e2c7,1,1,1136,1136
secworks_aes,b66103f1aaaf1d87cf04d235364f1a2901250c3aa91316ec661cb40d3845c6f1,1,1,962,962
secworks_aes,b66f05a2dcc81bd2a1d8285d168f239a986fde600dda03af0432bd56dcf78718,1,1,502,502
secworks_aes,b67a7e6ff9b518696655eebb41d05baedbe6dc24b84360c57d928cbd32a871a7,1,1,720,720
secworks_aes,b690b6a86cd6a09c11da1fe4cc82cf28e0d5f8795c6a55792cc499594c86d99d,1,1,1733,1733
secworks_aes,b6a9447371446e1321a437e24ac53698e978f81cf5490b7f5281fea4fc036e37,1,1,1288,1288
secworks_aes,b6bb500b1b243b8c5a10e905b458947f865acc7f1d08b2c23920d91838c398d3,1,1,1500,1500
secworks_aes,b6cbe67efadd5a994cbd92ee559c990691515667cfa15d86d6132f2edaf9cd81,1,1,976,976
secworks_aes,b6cc2668a3552f4988313cc906e34bb28ebc4de52303e71b922e9423d7dafcf2,1,1,1103,1103
secworks_aes,b6cc39d3c956353e8f2c0b460fd9093631d8c539b8dcb9420ceebafad2f736fc,1,1,317,317
secworks_aes,b6d5ffee3813aaed1409577226342671fbb1bfe1030dc50ce6d08f324ab0e460,1,1,1491,1491
secworks_aes,b6dd535c0ddce548f8d510b38f7a0475bd67c065c88a5a6e73f22b74fa672a8a,1,1,689,689
secworks_aes,b6e0a8370eb9dc5202a51bd59bf623dae6d6eb3780524ddf11a301ecadfca93d,1,1,1496,1496
secworks_aes,b6eddfe54ccce7bf7499167d2394db787d552bba28b8bcfdcb56e703dca4a6b9,1,1,1161,1161
secworks_aes,b6fc443100d02ea7c5523a40924b575c3adee73f279ab4eb4b971896fcfd1160,1,1,1816,1816
secworks_aes,b70b54faff330b9c87502e21df436bedebfd942da256258ee961da3310ed1492,1,1,891,891
secworks_aes,b718109ccb8296d2f19c5a94d2017c5b52c60803e09021473b0dced083e185fd,1,1,1821,1821
secworks_aes,b71a7d3f1e157836ab3aa54e2266e092ae968ef8b2f14bc4670926706ce314c9,1,1,24,24
secworks_aes,b727057ddcb4e3ff139712b0a988c7286c26402a7cb2688fd6aab0faf4a415a7,1,1,1661,1661
secworks_aes,b72709fe6a69b28cd15cf91267739eb14c6223cc30a05cd2fcf55047f17cce18,1,1,1442,1442
secworks_aes,b7307b7ad24d7e4523ce24491cccbd7db7eeb642348fa0bd6e362bf8f97724c4,1,1,1959,1959
secworks_aes,b751f375fff044306efc67c6dd7a3a2f998b70f6a97878277ee61bd16d7e7ec5,1,1,1123,1123
secworks_aes,b75ed97a167273ad9baa9f231a676890c51d8716731371b8d9c924d09222d3e6,1,1,1913,1913
secworks_aes,b7926477d04e0dd66b5bd607e548124fdcd2141202bf6471c340ea90f4874715,1,1,1545,1545
secworks_aes,b7928290416e74b1e5fe233c3fa17ef9a45968a0e126ce1bd9993786446a4e21,1,1,1917,1917
secworks_aes,b7b114ab727a7960e246984460c0732b207ed2e19981f0dce0a58efe309e3783,1,1,172,172
secworks_aes,b7dbe98c7eb63a4decf6fd8a49a550227e5cba4e9896784c9123fd874e369d0c,1,1,1439,1439
secworks_aes,b7f27f6984f6b7001f9242b924b328cb386cc0aef666a14289e9caa1b912f511,1,1,133,133
secworks_aes,b7f3227c689540ed249e0266d3bf9ddb22d5f2dcba341624d0069ad0055a7c03,1,1,279,279
secworks_aes,b7f32daeba2b47b59850b8f58905de99384245cb5db43c558ef1911363f1eb84,1,1,1705,1705
secworks_aes,b7fad891d47f190bc6c075505055643e03c9f100d5159f7eb86e2968c608669e,1,1,1692,1692
secworks_aes,b7feff560a5c09ed52cbd5fabf39b2f4df6e4c2ef8a6559e905e2b388496aa07,1,1,269,269
secworks_aes,b80634cf85ac1f4d361259c217c7399d34fc93e332b75cc7b5acef6341debd97,1,1,158,158
secworks_aes,b80c926f3a5c970e10625cae87bd31cd988ae383953a5985e7f18527eedf6459,1,1,375,375
secworks_aes,b82a1fcc462e7209f9c49e01d7191d82c82a4a611cf2bfc2cb52240a815022f0,1,1,1936,1936
secworks_aes,b83c5e1c07de4034036f451634b97f7d554bfbc225b9dab64d712a19b222896d,1,1,257,257
secworks_aes,b83e5198dbe4c74e4b1a366615f4c1798481eed13a990a49a52300824056580c,1,1,1568,1568
secworks_aes,b8410c5567b029448c64cf793f2f43982909c8bbc9059632a484d7721583e8a7,1,1,1896,1896
secworks_aes,b8436a42bbec797bc33b4e2d0140187f624f6c07b8dd1e7b785e3c144bb48bdd,1,1,1677,1677
secworks_aes,b853782726e100b6135a56638513852d9f1bd14f12140581df5964bf95734237,1,1,1991,1991
secworks_aes,b858b428c2be763e5bd5116d3c880ee9dd6e49868fc4e510703df98246e9183a,1,1,459,459
secworks_aes,b8635b5fa85facd83b46dcc7b4d25ce3b92d26bbbb0f756b822c65d9274efb8e,1,1,426,426
secworks_aes,b880bff6001843716d54485072eed45729594d6a0541533faa1146030379dca9,1,1,1313,1313
secworks_aes,b8aa5f33a41401b4f96383c982f9047f39adfcfaa9315ee3bc6cebd4e8129559,1,1,1676,1676
secworks_aes,b8ab9cd37981b79a7c5085e37dca35a2d1f3126b754c2098e99d5b30b0aaecfd,1,1,1926,1926
secworks_aes,b8c34333622de3d84e8dcef57bd0d1c6142aa339115952c5edd90fbd819da0e5,1,1,1653,1653
secworks_aes,b8c47c68792b9dadcfe656825944075d9dc088603833008b0b60da574fb108cf,1,1,1080,1080
secworks_aes,b8d1b03413effa928f9669ee0ad493cb4c09760372b23d68b10d2e2837823cb2,1,1,1246,1246
secworks_aes,b8f5d3a2f208f482ef8f877265c0d542b217e3497a12be9f9eefa352341db47f,1,1,1333,1333
secworks_aes,b906117d68fe1a734cc8c55aa4f15df821bd6b743c35e1d1d97612ae19d57433,1,1,993,993
secworks_aes,b9237c26cfaf726f7c506fc0d264400527687a602e4181a1b461ebbd2c9637bc,1,1,479,479
secworks_aes,b9367463f0376a5aa5f10b6f124402692f8114259490071cd337f09ed7d246fa,1,1,1042,1042
secworks_aes,b947b5eed39d1081287d27c4ecb5878dc58d871115852c6e7a1b1b7c625a9c9e,1,1,655,655
secworks_aes,b9532532a57dda7f2179fd345bb16e86b5a3eea581937cb9994a947c9d883958,1,1,327,327
secworks_aes,b954f562b17c7453d58beb89d0bced7a9cc501315f4ef812cabd14a801fee3dd,1,1,697,697
secworks_aes,b96bf7ac0bd47e04da13d3cd48a5b30313945d78bd2e25746d1f182035d208df,1,1,830,830
secworks_aes,b9817e75ad45c1e3589d89588eec2c978dfef542cc5c5cbf0bb4b5b1b0ea8e86,1,1,1090,1090
secworks_aes,b99da0092abecb37a85ada38a220abae220a6053d5069098df1ac9472e1e917c,1,1,950,950
secworks_aes,b9a472f96b244c64108a264800eba3b2dbe81141b840f466817b2903b14d59b4,1,1,918,918
secworks_aes,b9aaf4829e56d0aa8c615989ba39bdf3fd9c3daca7eb5580c62e3c0b70245d53,1,1,1115,1115
secworks_aes,b9b31ff34edd6004e0d4c18516101e03a1f90e2c16a12f226d709c72c402727a,1,1,14,14
secworks_aes,b9b40c04bad0951dc8ce0061ccf0fde917a1066ceae9979ae0d741d5248575f4,1,1,382,382
secworks_aes,b9ba0cd9b9d8904b44b2afd618135566fa405cb9dd1144f95e95be5d0cd88b9f,1,1,153,153
secworks_aes,b9c9455640dc714edf7f3ea912d9964ccd520f28cd85ce7310dc2ba350b6643d,1,1,414,414
secworks_aes,b9ca209921d012a5910bbb0534f322a8d8eed15dba4c48462240e16eb05d199a,1,1,1209,1209
secworks_aes,b9cf1dd0cb28d3b0717ab89a057bf847c1434e67a4bb8e3bbf1834bb56e4c309,1,1,1407,1407
secworks_aes,b9d722899a22e8736c0b39e56cd11d4f2f54fba107d4f5528ee99e0da9858a45,1,1,745,745
secworks_aes,b9dd447243d25aa914ea9af42f308ec3420460a0c9ba97ef3d5e9287a10c5c04,1,1,1965,1965
secworks_aes,b9e988792ac8f3dc364faf586e9f284b81bef4e38ae05bbb229558129bcba02a,1,1,937,937
secworks_aes,b9f8a749464bfb8bf559307623956bd7650c80b888041d78a1494cd182bc32a5,1,1,624,624
secworks_aes,b9fa8733c3ca9bc74a11c087d0442f4ebc2977ee8e2e08af7a1654841143bdd0,1,1,839,839
secworks_aes,b9fcbf76f1d85e54c1fa03925e9889d248050a6cd67c5a0484bc530383f9d220,1,1,418,418
secworks_aes,ba0d56be208e016746ff278f3c8a12dd954229eaaf80f18ebaddc25860e375a3,1,1,1006,1006
secworks_aes,ba0fb939395dc6118a49d8577c07fb730470bc37d0a2cc147f9b93f814980bec,1,1,1387,1387
secworks_aes,ba1860f902abcfd73e0bb45b2254a59b04acb85253f6354b44988367b5d12f44,1,1,357,357
secworks_aes,ba21bc3c246cae495239f58260b0aa1323cdf8482de6a7c2ba77c66d7918cdc5,1,1,1063,1063
secworks_aes,ba2aea6b59184ccf0a51824be4c4627a42dfff7cc6c11520a4ce8f55bc0bf323,1,1,1267,1267
secworks_aes,ba505e42f57ad5bd7fffe0138a2d56942fa7cafbed439088871e46caa3cf58d6,1,1,1863,1863
secworks_aes,ba7eda1146e96bb675113613839577371bf432458d6d496a4bf98a6fb5a8222f,1,1,503,503
secworks_aes,ba87971212af3617773f882289bd39c91f7128c03fa880d485bd599bb4f882d1,1,1,2008,2008
secworks_aes,baa7ca9881e300a61f93a0e4e2740542e565b359744ae39d9bd8580486c51405,1,1,675,675
secworks_aes,baf448b67b60d118a5e07f2e1a3d161c3472603b1a7361f1b2ee6d964845c91b,1,1,114,114
secworks_aes,baff49d087e8c3497b041e3c00dbdd2f84fad52f68c1ab0b707e433216f8d162,1,1,1027,1027
secworks_aes,bb0a8a240f7b417e767c6728511ae7fd147366737d52d1a8d082ca304e2e17b4,1,1,1008,1008
secworks_aes,bb0b4b6ed6243b7d4b5b75771ce0bc523fba74b6f7fea936420ba9826049f274,1,1,488,488
secworks_aes,bb2654446667d191e86bc382401d7b9d8e02ccb5db0bdc647b6276e5d466d2ac,1,1,807,807
secworks_aes,bb39a11093d33432b84b8b8758a8f306e32c4a76d16a183ea36e4809a6ea3e98,1,1,1435,1435
secworks_aes,bb6982c95891aec52f236e75ceba878499b2d90f065e5d15aba26e8dfce1df93,1,1,169,169
secworks_aes,bb7f5d7b04ee0da2f1a7222f105594a4b2de3a5b8739e56f8ab0b40b5903313b,1,1,1259,1259
secworks_aes,bb88ef8095611a7298df03f33c7dcb39a44f8970e46a2e2403b3509f24e94575,1,1,1648,1648
secworks_aes,bb9f3ae148defbfa0a32c650a25b2c2258ce9348f784d082f3d9491636799806,1,1,232,232
secworks_aes,bbaf5941429450ba9ba14aac721cc496a751f99ce7278c37bda11609c73aa00c,1,1,1702,1702
secworks_aes,bbd64183831de8c0fdcc9e6b5103d5c8ac25f59683baef7589c5faa1268751c6,1,1,1447,1447
secworks_aes,bbfb3a5a320ea3105bc1668f2bd2c7e51b24c9818935963382db4f6cf0ab2ab3,1,1,1841,1841
secworks_aes,bbfc622671db806ddfbd94534831f37fbe8f1c32d4641688713ecace22b51ac0,1,1,1940,1940
secworks_aes,bbfd06d93b56d734ae915bf58b203dabee8b8004afe8be16c2b89dd4ae67535d,1,1,1770,1770
secworks_aes,bc163231b64b41d6f61062d114f695290341ed35009600bb5f6271319867a687,1,1,1172,1172
secworks_aes,bc20e7a35fcdccb84e1a40b07cae40b01e970383e7ba6bf86ccce43a255250bb,1,1,760,760
secworks_aes,bc247ca233f522386bcbdae8291476ddac7ff19ba9a43ee60254542a091bbefd,1,1,352,352
secworks_aes,bc56c7f527102115221aa6d8dea2952d351b19c79594b2f6bd0b12eb93b7d3c8,1,1,161,161
secworks_aes,bc5da8a978d03d88eee2b54e97aae3b74374b9b09d691a5605354678b441ee3c,1,1,939,939
secworks_aes,bc5da8b262bb33abed0a1171d71a7a1f63eeadb33b566ea6e6df1e50610fb253,1,1,1409,1409
secworks_aes,bc66bd5b66d5de8b5cee2e67aa1a1a620cfd8a1e27a87818c3514653f5d4549b,1,1,1723,1723
secworks_aes,bc942bfd46ad82a01c6668982495979a1c662dfa1e4602359821825608891d37,1,1,1381,1381
secworks_aes,bcb1d32ba18ef9443a1d5c53922e823f6ebecb304b1c4f44f6b476a1870c3d83,1,1,1198,1198
secworks_aes,bcb589f4cb8349123b14e445616f98ccf1220388fb5c278b5622b2f8631a5222,1,1,1603,1603
secworks_aes,bd04ad63cc4df21cc0cc6dcd3e3e2aa6d2c486975f3a4d4e33a6adefb0e242c1,1,1,1045,1045
secworks_aes,bd11fa407cd0b7f5c784d18278316fd8f882ce570ccfa4d589dea0f18925f78c,1,1,99,99
secworks_aes,bd151b21cd249999d9e744af92dd90c9729bf191a1f0c3a73d082ff9fcb5ef37,1,1,395,395
secworks_aes,bd1a5ba86e6fd64c5d0ce9cf639e9ed3a8bbdf2f935691fd0ab96ff9e35f73b5,1,1,1398,1398
secworks_aes,bd1eab51aeab04b5a516312fd83c2a41c70e7fe8f641f0c4bfb3ef3649121e03,1,1,1353,1353
secworks_aes,bd2eeba3e22d8fa9be911741ad197ed4f6daf392b043ddbbb4ef70e5977ac65f,1,1,968,968
secworks_aes,bd3199ccc83a29caa1b1807dfa40e345dd77990811cc4ab234d1fd65d4df3418,1,1,1808,1808
secworks_aes,bd39c32180e27655aef0be2863a974f035aa4844aac586280060d0e50e3151c7,1,1,1447,1447
secworks_aes,bd5352c3da61925eddaf8ad1c20aaf6e16f1b20f65a607be3754255a259c770d,1,1,1669,1669
secworks_aes,bd5bf4b96bc1befc1a847b63de40b39e6a0d15d52bf3babda5189006a35f7600,1,1,1116,1116
secworks_aes,bd835b05cd83e6768a74de53709a18c00e363cb399ae9e319c4e270ff215c0f2,1,1,34,34
secworks_aes,bd8aff1aa38a9604d5c01056938356bd5aa68d670fdbd0912f8bffb7afc4e9f6,1,1,878,878
secworks_aes,bd9d38a19432dae19bccd24f5d31d18f89697b2a43afc6486c792edb011cb1e3,1,1,1053,1053
secworks_aes,bdc0c8be2379441dd2301c48910c7357283db56fd2ffcd336b31a611723b1cc6,1,1,648,648
secworks_aes,bddc00e3739d1ad5b7adc6d9c24304e86dabb1af4d9fa3bb70423a59104dc171,1,1,359,359
secworks_aes,bde6e8bced0d6a96f08e544fee001a82819aa7371bb24ddaff16483a01eb4849,1,1,455,455
secworks_aes,bdeae8ff2ac1bc25aed33f96cc54f0dbd251daaec92e0ff8e7d4a67cf1199f72,1,1,1692,1692
secworks_aes,be021ccdc10ef9982379da2512d624d7dce746e5e694190b435d863a58344eb1,1,1,440,440
secworks_aes,be104ff6acf31939be13b3a0a3ba46147ea8f5a81bae21b173a2dfae2d3ef3d3,1,1,242,242
secworks_aes,be11f79fe45f42218cc8b9ac3dc4364b482287b21f169a10450ce461856b01fc,1,1,907,907
secworks_aes,be152be18fad49beb870cf00fb1a8c66f93fefdb82d8504b792fd1dd5a25ba20,1,1,442,442
secworks_aes,be314708ff48ac026cdb46a09dd17ff179b5add88905aa6911f6847862e5758a,1,1,442,442
secworks_aes,be3386eb8b429c8f37788a8757eedd4910fd784a6d0bc6968de4de7ace58df6a,1,1,407,407
secworks_aes,be4a3025219271ed03b0f731d2e771e20af3d85e37d629f42bf1110ed32325b0,1,1,1685,1685
secworks_aes,be54333c4f7d668ed41155176e1bb13060f2b193860f0650ad547599ff7d906d,1,1,149,149
secworks_aes,be5b04430510dc8e8c67ab3d0798ff4b1a94c22d1c7fbbff527478fbcebbf68f,1,1,679,679
secworks_aes,be6a6920e433e7c9bc00c0438d3c2a66b6dfff2cc80fa09b48c535671aae442e,1,1,0,0
secworks_aes,be8418c58628207e5cdeeedf12e9d7c786d7dba78b459c60c3c6e12c279350ca,1,1,1623,1623
secworks_aes,be87d630133facee29174888324c9f4fea06018fe8c57516ca68602c4b71ee01,1,1,1349,1349
secworks_aes,be8bcb5f2513332a09e35733778adad9e798e79fb1f0fed24f76144a8788277f,1,1,65,65
secworks_aes,be8bfcead83ee771bc152dedefdb24c447d03d6fe79c54dbf3ad3f4b562b4552,1,1,2022,2022
secworks_aes,be99e3ee990eade3de5532a6951087637a94c100c3823ad8191fd68bb54eea4d,1,1,695,695
secworks_aes,be9f88b2d502a5b1d653f3c185765ba155eeab094db104e4cc6ec4fe2b4214d0,1,1,1673,1673
secworks_aes,bea8eb9574d43b2233073b2afe7157eee06075b6f5f452970c58592acee06c43,1,1,862,862
secworks_aes,bea91ab12ea86207403b3d78dfaecf57f6aab524f63ce9fb0e4966e6d1237a3b,1,1,1728,1728
secworks_aes,bea98d607cbb3b4334318019dc18f6bf23f9fc131c1b3a9698806f1428b57e31,1,1,1871,1871
secworks_aes,beb8dcb67b660bde66bcc1ee08b0849832f429e94becd4adaa1adc13bd7b8ef7,1,1,1071,1071
secworks_aes,bebb570b3d1c48074a468ba4b4005930a2f109714c28cfa2b7c49aaa0f229e06,1,1,1243,1243
secworks_aes,bec428241da6383c881a64ff9f75453fb5c3549e8a152de6460250f222a140a2,1,1,913,913
secworks_aes,bec9afd22b250908ac5e5363c1b92ce18e5234a714a859466b4c500f913e2fec,1,1,1013,1013
secworks_aes,becbe7bb6bb3b71b3fdcfd0b62119d2277c8060fe33aa5fe16dab88728e4b585,1,1,1201,1201
secworks_aes,bed21d31fffbdc3163a0f3abfd90458e6e682eaecf9c78a07acc8d406302e9bc,1,1,1003,1003
secworks_aes,beef5dae043847586213075d47eb2dd8713ba90c4fd906428851db634966f1ac,1,1,125,125
secworks_aes,bef1b35ccab772308abe02a49854e31f8897e415420ea039a7438973ab8e8f66,1,1,800,800
secworks_aes,bf1fcf57cf170f435ea59be6db46dd7b3952129ad687cede25f3a4e1d3652a6a,1,1,206,206
secworks_aes,bf3d0cd3bc38e965fa29adc523d49a37be184b4536064ccf4af1f847154b7971,1,1,1213,1213
secworks_aes,bf42a787e595fd21df295178320097692731437e59eb77389e9c5699e743c43b,1,1,251,251
secworks_aes,bf4935e7c72cab149e6a52f0c56486aa1e21862a216b6b7b392cd9b99830c0ad,1,1,470,470
secworks_aes,bf55f7eb49f100b5237d19236f12757d60e077a721ddebd03757433d16d1be76,1,1,1111,1111
secworks_aes,bf57f9b8fcfceb86bf2f433fd1c8c4e1c3d0d0f4fa0a1948ba3b736cfd89e9bf,1,1,1515,1515
secworks_aes,bf6811ac15d59145c03fc51e13708c8fc6052b8361bc8070b504957d778c2c8e,1,1,1929,1929
secworks_aes,bf7da9a619e2d507c0e464b46088816de1f3853f8da66f6c298c42e7290e9597,1,1,1680,1680
secworks_aes,bf7e730413eb1e610f291fd79742b343e88106ff6fac9499ffad620f24f373bd,1,1,1960,1960
secworks_aes,bf8820095c96aa15879a72139ae597325c98545f21900b5d3fc9c4c68b54a120,1,1,1567,1567
secworks_aes,bf8d4d39b6233891bf2f05358f10df14eac6f3e51d7e8913802663b340aa447e,1,1,1413,1413
secworks_aes,bfbb4c6065768f3e23a8ce7b6bc875ab77baea75823212e56c2dcdf20a5b85b3,1,1,273,273
secworks_aes,bfc44d8904046ef2db4e784199cd5a6ead2d2f2c72c45271d042e13201ed0c7e,1,1,492,492
secworks_aes,bfc92bcf1aa72c7c3f36c6a88818a5deadd5469a2725447c8a2aef9b6b62931f,1,1,1169,1169
secworks_aes,bfca3aa962d4fb74dce630b809d5f67aa94f36af5e8da75a5240df002374a42c,1,1,1080,1080
secworks_aes,c013f42d5d7ed5baa41d7d8eae600e55b83911f26da3ed405d78bd6950c4aa4c,1,1,875,875
secworks_aes,c027ab816f6546dda8a385bfe4f1207df79b9d16386c58fd8bbc9c7b6f231c5e,1,1,923,923
secworks_aes,c09055943919464c5d8a034d6527406963b53204271fdc0b460f1cc6fa9de521,1,1,842,842
secworks_aes,c097759842d67d17865fcb48ed87676ae7155383bd546da75717a5e6ac6a0291,1,1,848,848
secworks_aes,c0ae089b433a3a21650a3d0699fe1dcd73596c30fc9efb2b12f711bb6b807f91,1,1,1841,1841
secworks_aes,c0b8791d07e4a78fbe2269500fb544bb6ce5a82c37b1abd6fa0df1a956b79597,1,1,913,913
secworks_aes,c0be38bf53147aaf43b93207c4f021da975e375872de6396abb735d61a2fdb22,1,1,1984,1984
secworks_aes,c0c2a3c76336490c6f2e6f40ebc2d12bc0069a3973af33cb175c467fb0c3c7d1,1,1,54,54
secworks_aes,c0da8f2bfed9851bb8be88709ae0034b60962e94d7a2136093880a0c81bbdabe,1,1,770,770
secworks_aes,c0e2cbfa6460719fa296b5aa98f93edcb0089a529d2514cd86f64d0a195b3a6d,1,1,397,397
secworks_aes,c0e99f4a461e445ca4c57cb31dad762ae614efe9271bbf83aba5a1dcec0e85e8,1,1,1261,1261
secworks_aes,c107f56800c58b6b81998e2c63a0cd2a0df4a16223861a38bab27f8880d7d982,1,1,334,334
secworks_aes,c10a7db30b0908455a1414ff7ec053e56b631c4c6f05ecabbf10620af58c12a4,1,1,1304,1304
secworks_aes,c118856e0382daed0bd7efb4ce2ee6ef7a456269cddc3ca59da531c1c87d531a,1,1,72,72
secworks_aes,c11ae2dcb144eb5d3233b4a3dd06f07ad761d36fa8258682bee27a1f2dcc1d01,1,1,1932,1932
secworks_aes,c12a7667a1771989a828f3f1a72b77637107514424461557e4c19bdd7befae71,1,1,570,570
secworks_aes,c137a580e804129e5f49a459f3285afc3f7c36f9761f425ab27fe1dd7417dd33,1,1,351,351
secworks_aes,c15e00ccf3b8dfcd2371d77f87a97e8202973ea446c9598e97290f59d811415e,1,1,884,884
secworks_aes,c1693635c77f3f85657f34ba45066134a01f1dd0baee3ebb0a6372a766e03530,1,1,2011,2011
secworks_aes,c178803680f18476f4ea5b49ec07e437c3c93491c560ebb0e923e56254a14697,1,1,1847,1847
secworks_aes,c18bc27ee50cc0005dcca603bf5db9e4cf04e0949fa380b389df8969d68a460d,1,1,2039,2039
secworks_aes,c18cf90229398ec5d0b296ca90a3e830aa2da13c1f1d1c763741e3c46836f876,1,1,1886,1886
secworks_aes,c190fb2855f421010631a88f2eb135862f2c81309fdf9c0f46e4d741e65b7afe,1,1,652,652
secworks_aes,c1e1b97a4e941a7435a3304758c48e1c463a65846c60e362323606717f3a6d92,1,1,155,155
secworks_aes,c1f8442d25c0b4a78f2bf8aecf1162432dfe21035f507939b160771e8a29cb27,1,1,1007,1007
secworks_aes,c217ed195a2749adfb12d573728d31a11faa7ae621ebd98590ee732f6f95aa47,1,1,735,735
secworks_aes,c25a2094a0c883d9ec2d0878b4510505a476086d5735e28a7efb9e7bc63f1ad7,1,1,1427,1427
secworks_aes,c25fa80cb10d7e3819c155a77878706fa385edeecc0eed0448f86055c88e9693,1,1,243,243
secworks_aes,c26eb5ede7c1ecf8ccf66c4d6701640d069f22b59a2a370322d5e7b41f31adb2,1,1,734,734
secworks_aes,c27f8e06d41e87b47ba4a629ee84ebb2dc91c965187673c21c34bd6c0d19349c,1,1,797,797
secworks_aes,c28f6aa5f38138e1e350624bedc1258b8ddf30f4f039dcd4ad41dbb796daf763,1,1,608,608
secworks_aes,c29f46bee9bb96fd5299eff0be53e9d50e9a8a12bf6a56df59a79c7df7ebd7ee,1,1,784,784
secworks_aes,c2ae1cb4d32bae9e374bb3b3013903d1dea61cab7e5117b0ad881f4f49bb7489,1,1,1467,1467
secworks_aes,c2bbcb0f8641b512399ee515972c214aca5beb05d7a607096e5ae11c84b2b101,1,1,767,767
secworks_aes,c2c44f7c1eda85caa751275a2eff33bc22d0de1cc08347ac6a09564992127b74,1,1,1260,1260
secworks_aes,c2cc28a59872387819519c154e9f48ba17cf6a2a7e55e27249879654a2346bdf,1,1,23,23
secworks_aes,c2d3adc104364effafd2d128ce5514929368d5e3531c27baa2c000e59678f7e3,1,1,1915,1915
secworks_aes,c2d494df59994d47629eaacadaaadb4c6dcbb923e92602e5e8d5ca8f06066520,1,1,705,705
secworks_aes,c30126f1d50dc9062c13ee9450192299af61b3dd8cb45639aee81bf05f0c01f4,1,1,177,177
secworks_aes,c31465c620bf1251dee1538737a2992fcf2c55c860d3c4bc65a84e0e4e91ffb5,1,1,1322,1322
secworks_aes,c33054175893efe3e8c0c5e8dd41a7508bf60596055418d7752b04e775dbc744,1,1,668,668
secworks_aes,c3397760c07a4bb2ed3b22b1ac616427ba170fe20263071c319bd62f216af475,1,1,1781,1781
secworks_aes,c35a55d593cb2e36da7c6c3ec5ac2460b00b7c47ce61d15fed97bd77f3a040bd,1,1,1676,1676
secworks_aes,c35cc54a12fb4231ca75609cacdeace2dcdc2df01a0c487dfbf4f968d675877b,1,1,1213,1213
secworks_aes,c36313787b034853f89d851e4d7065851c858b538ec04f991f34a17c56929a8e,1,1,111,111
secworks_aes,c366d6a2f4c37f95d292710ae00ec05ebaeef190528e1dede28885e8b9c5daef,1,1,1677,1677
secworks_aes,c366fb5f6713c899cd2ff9b650904681049aa03143bd50e9b1af32621a6a8f9c,1,1,175,175
secworks_aes,c370e36d10d4173a09114134cf5f8d3590a839e4179aa9adaa46236bc615b7ca,1,1,412,412
secworks_aes,c379f8209af5980ae294ca7c66b765ee0a08d7191d5ae83934dfcf812cad7a14,1,1,101,101
secworks_aes,c3881a7c8a20f670e2939a11a7bb7ab03d509ff2d50f17d3dc70295c7865c453,1,1,105,105
secworks_aes,c38dcfb2ee21e697abe621c50ed257f63401646a65c856ce850bb8f1e7adea03,1,1,217,217
secworks_aes,c3939f68cb2d6b72b077b8c3873a30462e972a019f5171622ef5a5c7c5ce3f6f,1,1,270,270
secworks_aes,c393f92b00873c108c82114d404b2635023eb538713a8d0e5def91e72a933178,1,1,1714,1714
secworks_aes,c399631b5924590221d942ce27becfe3b872de6926824f09f325b66e48c0a2c3,1,1,1768,1768
secworks_aes,c3a558f0b2cbe217c9e9c29797606cce696a0bf1762d7c3f159ebe887bf51514,1,1,779,779
secworks_aes,c3dbb9fd967f052205bb13bab96964a51ffa3028ff56b3a0e2c682ad9201a6ec,1,1,827,827
secworks_aes,c3de92ceed1be8b1984fe5d66a722db62c4f162764d52119d015f89f5bced30b,1,1,739,739
secworks_aes,c3dfc50ce30cfbf652a05acfd04ac71f3d569a9c9c98dcd288eb20161a3f4e95,1,1,136,136
secworks_aes,c3e4ebd949ee2864a3f78ce84a14793a83937046cd6f0136997827e264216538,1,1,190,190
secworks_aes,c3ecdefb519501e918e89ff6a40da1fb7552a561d7e453004b53d4d70f37df25,1,1,1999,1999
secworks_aes,c3f754c7e902f5c23594155fc49f4135a1629537c7d0a1f4b5bb48abae6c24e4,1,1,835,835
secworks_aes,c3fb7cc0efba0f68a377c5704edd907e9d790edd974aa28c1e581f14347322ef,1,1,339,339
secworks_aes,c40896be51e977cbda8c2d295bf044584e0d476b331336598add5c8368372b9a,1,1,1998,1998
secworks_aes,c415238000179681e4b662da03d8baf4d0d78468fa20e3e115427283f9412417,1,1,495,495
secworks_aes,c4174cb5166c69285c1aa2245964c27c53c8e4c541297323d59b5a4fece51d07,1,1,525,525
secworks_aes,c419f7ef79e6eec8b4592e647eeebdd92224ebb66934fd48eec20c5b4ade867f,1,1,1473,1473
secworks_aes,c432aae0604e39879e9f2cfc782523876093d483e5048851e151ca7031cba27b,1,1,9,9
secworks_aes,c43d45a97d518bb7987638dc577098875fb270c6e68eb273c97283e6a024f8d8,1,1,1395,1395
secworks_aes,c49b996f108bbbb6c4df297cd828578d74e33bf8e616658a1be08f815db9777e,1,1,811,811
secworks_aes,c4bcb83b5610d43a1bb8cb358f40667e66905903f0736d1226f2dae7c3424979,1,1,1832,1832
secworks_aes,c4bf51527c577ab511d49cc719277e4fbdba63841054ba370c22e227228d89b7,1,1,1728,1728
secworks_aes,c4df92d21ea592428de5cab5dfec9289d2b5d9671641431d13a9fcbb225da409,1,1,1830,1830
secworks_aes,c5079b34757d408647498f5e3d54ff5d7a6c3990b456c4e5da03ceb93fba012a,1,1,1471,1471
secworks_aes,c50af05a578b33b966aa761c58013ca3d1b30060c523435c0d2e703447516a07,1,1,1643,1643
secworks_aes,c51c07dc47fde8da6a2649c2648de9cdfdc53ced8ffb2ea3210f85db3233d379,1,1,82,82
secworks_aes,c5298776fa66da2ad3ba2d0ef39f9cc218afdc684953c21ad15c685cfd77acb5,1,1,212,212
secworks_aes,c55329563b9163604e569644a55504fe7fa7f9c9951a3ba52b844ab54d6ee1ab,1,1,1284,1284
secworks_aes,c55ee4c337ea1501d810c97eafe81d59836ce532440f6c32f4a248ca493b643c,1,1,640,640
secworks_aes,c568392c78afed3f7ad7d2bd712c9cb908894159f6082b8d7de451659f0309ba,1,1,1579,1579
secworks_aes,c57daf0c611fb9c6b1ef9c8547cc7f6332d46820dfc1fdfa50199e824e964e74,1,1,412,412
secworks_aes,c58e9c81985fa31944e7e35df2ca2179b97d4775754fa67dc380bddf4db9d86e,1,1,1195,1195
secworks_aes,c59bab4128b5140a3335fd7161564386a88add7dff73a1e48d3518be9fb14384,1,1,1871,1871
secworks_aes,c59ccd17d88b5116270153dfd907cf0cfe57d509e115ab81a9b29fb03e2565c1,1,1,1268,1268
secworks_aes,c5a6e129384afe1fcd9ee94c9010f87f82538c09a29d4cc9ea3e8aaccdd2a956,1,1,1166,1166
secworks_aes,c5abdd993a9e50dafe5b9a92a3ee072cf465d0f29fea2a62b2dfd23fbfd2338d,1,1,2042,2042
secworks_aes,c5bdfcedbd54870dc980905ca152eb263ccf3f118ebb16dba7f3570f6fae7590,1,1,1400,1400
secworks_aes,c5d9e4464da76fc48fb61496397f3ddb5ec591d2a5996528ead284fcc7f3c9e4,1,1,1375,1375
secworks_aes,c5e8401960658986a60ced75d5b5921f1f9a88e23c315950e247490d720027ca,1,1,1345,1345
secworks_aes,c5f873c7c375743d7094a38c35e4443ea1a9558bae0ce016d0c16d916ca6126f,1,1,1858,1858
secworks_aes,c5fa1e6a7e34e66b7b01ca4e6a0418b34f3419339991a9b97bd9a3cd59f2910b,1,1,589,589
secworks_aes,c611a5a3869bc2df3f8f6c6d1f195cdf01239234128635d04fbed93caa1c7a44,1,1,1443,1443
secworks_aes,c61513c08c7300b3efd59705243e1b8281185450a791f506989291173d824d5d,1,1,1126,1126
secworks_aes,c617ca9548ccba290f1a6c268807f63a24fd8014f521dacc739de5e8bddd3515,1,1,844,844
secworks_aes,c63c76d8eaa4f3394c82c2b9091fff6701792891e4ae1dd67b3f16c65e23344f,1,1,710,710
secworks_aes,c6440e88d2a80ea55400b471a75c13911682b47f85c9d8b3105e805509b4a3c2,1,1,1738,1738
secworks_aes,c6607d3c5d6a4b9798c298498c6f9ebabfbe780954702c3aeee352a6680f552b,1,1,597,597
secworks_aes,c66325bbe7833de317db413eb8dc3966285a52c074e9e1748a96c4035fa611c8,1,1,176,176
secworks_aes,c671964d8450e30dc7f2f4fc388329b2e7308e1ab60b1405d857ee68a8d07ed6,1,1,55,55
secworks_aes,c67255ebe43a52a4b0985b6fbb328f5b04562c599887a82738e64a1e2ac36c90,1,1,1125,1125
secworks_aes,c67792c02b5942f2279e50d6d4a216c51a5b54375005a19f9453f90de64f771f,1,1,1846,1846
secworks_aes,c68e71cf43adaeb66d72ee4a29232fbaa4e8e24d1f2ab3bd84ebe64bf7601aa2,1,1,925,925
secworks_aes,c691e474d9965a80727e4c0fa64ccc62f040928987675be0df34f58ff89b07da,1,1,1923,1923
secworks_aes,c6a636c039ea8118436af3403713e64ae01179cf05fd403b8bfd887371bca0a6,1,1,189,189
secworks_aes,c6c655ad93c9fb5124549add288daa7e89f0d76cc048329a93fc47e4cd88c559,1,1,882,882
secworks_aes,c7034bdd85870d7eb34cf34e65df658630db735a1205ea511c11aa2bcc188f6b,1,1,1244,1244
secworks_aes,c71b3230e4235f2df2f1c44be15981e4666257c6650e4c39184cb98cf2ec398a,1,1,219,219
secworks_aes,c72856b043f5df6fc4cd9b24ddef5070c831e14eacaa2374848758752569e753,1,1,1263,1263
secworks_aes,c7582b9549ffd533f3c3a589c1757392aa4aca735bb6229c46b1fe311411d604,1,1,1549,1549
secworks_aes,c78e8e216a1e945a494e10414de368a63d8d64ddf0456bd84322894f0a11b622,1,1,1793,1793
secworks_aes,c78ff36ad2b44ea90e28bacb67ca81e9911630c48355ea5f0406a1a5c6a7a90d,1,1,1225,1225
secworks_aes,c7a26a8aca9bad5a56e4fea9a79e26ebd318d53f64121da9cae2e47488be02b3,1,1,1431,1431
secworks_aes,c7a70d5c842b2c624df49282de11969b666f8bde8752cc7e85e1801267cb5b83,1,1,1217,1217
secworks_aes,c7a94073f4b441651db4ed1bbf2ffa516b004fcad0132fa88b3b8fffc5387b68,1,1,1237,1237
secworks_aes,c7adad2b81a888bd8fa43046e20d98f5e17d290c7ed8fe16dcf97d0f3f795e4b,1,1,1573,1573
secworks_aes,c7b5efd8e5caa750b27ddb019e2a0853f7dfe5aa29b62caf8061ffe86bcf1cc1,1,1,1749,1749
secworks_aes,c7ba6e6882e1b61e0ee448d36099ee6ed69612d0cccd37b88e79d3a41ccbd225,1,1,1931,1931
secworks_aes,c7d36885979f6b660e1512171b6ff9ce3907cfbcd161732dcf86a9539ff3d0e5,1,1,1812,1812
secworks_aes,c7d85a20ce7019784665a0a15dda7cdd1de5df39440ace5450f208b021b97d4d,1,1,1026,1026
secworks_aes,c809a030095d42b280ba06e2f5c17ad8caca240263dd7f71ae7317d7c6f3646c,1,1,1712,1712
secworks_aes,c8265b363249d4147d027401b62d9adf780bc2a537564a6eaf263eb73c3eb8d2,1,1,93,93
secworks_aes,c84ce1a31186d77551ae9a29548b65a084f13b0de0e70f9a35b62a38effe9c4f,1,1,1980,1980
secworks_aes,c879728934da8b447ca5e828d2ff39dc2ed87179166faf6436f1c1f7c296641a,1,1,113,113
secworks_aes,c886b6ed971ba4b5fa5bde4081fa786f32e6d8526f233f777f0c33ffe0331b25,1,1,1659,1659
secworks_aes,c88d2a4b3343ee3c4ae5f2f010629fb283bb2ae69e2fd5a33695da60a903d507,1,1,1616,1616
secworks_aes,c8958e61d8ccaa36e558718d3a1a6715be15a148e471e170c0c43568aacb63a2,1,1,1218,1218
secworks_aes,c8c0ffbc0ca34f622b3e2bb91403a18af60792080de2d28c157bfdba9d56305d,1,1,607,607
secworks_aes,c8c72d3fed254c61ee22d6bf30de6a2b7260f421534d222635a12b5a36e11048,1,1,555,555
secworks_aes,c8ca29a6618040441c22d3cfa06ae7b23381d5a5bc46699f811504224c8c3c80,1,1,981,981
secworks_aes,c8d4f4475236f2d7d5725a5b0d276863f7d0ad76aa4d843a858922f65ab29ca0,1,1,945,945
secworks_aes,c919e090d60df04baca0f10113f4c09ccc5d380dadbf33539c2ea6c6653e4e89,1,1,1057,1057
secworks_aes,c91c8804a37147ea8c2339069aee93428d6a901f66f84ccd4af42f9001c34318,1,1,2008,2008
secworks_aes,c920bdbb0ec8b48115bc46e5c56ebcedc714109124c80dd615ba1deac9420ca0,1,1,284,284
secworks_aes,c92facd45928391d53fe34090f72297eee4084629f58a52b72fcfa1b56795a19,1,1,1552,1552
secworks_aes,c94210805a545138e24c3b82f77fdede155825c45fe6d95b66ae56ee97893d34,1,1,310,310
secworks_aes,c94a34b61d144107e7ac6df061d05828484d3583096efe40a478e31faee50a07,1,1,530,530
secworks_aes,c954c202669e353921b85b76e24ba7e248aa847331f8444dddc4b11a2b4149ea,1,1,1569,1569
secworks_aes,c974c451cf69f741abafb47060d13ce863747c0d5a7c9b359ff87dbe0870001e,1,1,549,549
secworks_aes,c9af1a25f286cb2b2c0c1a6162a089b4628f6caf01228c1daff7037c932d683e,1,1,946,946
secworks_aes,c9b9c312ce53e64eedf8bd9d2925451e047785b86cf8ead7496aab73583329bf,1,1,1748,1748
secworks_aes,c9ba4973295d0fc3c86d3c7426a3a330c3f723bdbd3c7103163c6694d64cf406,1,1,2012,2012
secworks_aes,c9cd14bdcb96062e12a7ec8dd66883bfac9276ca3c425c1adc92c91422ee1da3,1,1,756,756
secworks_aes,c9ce9837a81e617d87866713fe35bdec9bb4c096ad54f8335ab9332820b3545d,1,1,829,829
secworks_aes,c9d43de052e17d9a76a1632b6d3e3f3174174fd047e98b6b3787e994f1fb9500,1,1,1442,1442
secworks_aes,c9de888436c6a03f8ad3deb7cca907796514a3bdec8a60844c082b30660e9634,1,1,1287,1287
secworks_aes,c9e4d9a4bffd1de5ecd61731678ce5ebc0db5b7c8ee8461c521b22e7d14d4f00,1,1,449,449
secworks_aes,c9f1c29e72347aaa1866c30b192b41e41ae75ef42f3c5e1e04ac5d5b3a6bc8bc,1,1,771,771
secworks_aes,c9f5e1deb73f559001315e6c9d03de76d3fa46da970a1010621b82d28f248b19,1,1,1264,1264
secworks_aes,c9fd5f6c6895790c6dce5ad0fda4f5d0cc73437470f9e90a2f2ffeb75d6bb5e7,1,1,1997,1997
secworks_aes,ca1189202a1e3d47d5384e3172288680ad9e78011ca7ad630a94391a1c6f2a07,1,1,435,435
secworks_aes,ca11f96300b80bea37e751a930122551c3e4f34d64b76dc7fd46007a01c45513,1,1,1156,1156
secworks_aes,ca19bc19e5abf9d5a2331d4b35f9da199f95d2e7ce29d47cd1edc7bdfe26a60c,1,1,555,555
secworks_aes,ca225ee6c82194eaa80f86dea57c31c24ae034d176bc0545479f481c14817c1a,1,1,583,583
secworks_aes,ca23b8a2b9baf2a92959b3c44064e56dfa952397c5f8697d396468e96cbb5dcb,1,1,1592,1592
secworks_aes,ca29ce0186387bda31c91e85718eec5851637a1cad092c463ff843c51951940f,1,1,233,233
secworks_aes,ca2a62429854ed533f5388866e49a613f9ace1f6577c1c00d462cf1e49db2351,1,1,1141,1141
secworks_aes,ca441c208e230b1674691f0b35d5da6951fd61a3c3e307b8a7aa233df0447103,1,1,1520,1520
secworks_aes,ca4b32cfdada63c871fc73b9c24e0891574e7f16e73620c45f2b515797b986ad,1,1,1453,1453
secworks_aes,ca56883e077718d9fd66ff2ce340c281582bf4845d64118f0dc0bbd0430e92d4,1,1,1263,1263
secworks_aes,ca5b73a77737772c67c7b98c3a9f6f1ab03a50e73429b42953e96cdb5a03c134,1,1,1839,1839
secworks_aes,ca6b01f33618f1f74065df1c5ab19359b7c0c01ca1104a70ad51329569d39472,1,1,1454,1454
secworks_aes,ca7553667e943000c5749786f2078173b264a541624cd2f7f153faba45d88e2b,1,1,1763,1763
secworks_aes,ca7a643b72d3ee608af59e670da9fcd8d1ff130a262569a85c0e6df635956962,1,1,1551,1551
secworks_aes,ca7b2aa5aa83adbc090c5d14e0449c1cdf6e3763dd982a23432d8bcc01310c64,1,1,1866,1866
secworks_aes,ca84b7e78eaa383917e44d1fc669e8e64015e27dce04607bb06777b9d1d512f3,1,1,1204,1204
secworks_aes,ca85d02332d2c869ee2348e492d198bfab4e2fb19856435785742529f0758312,1,1,194,194
secworks_aes,ca96a1f895f2d19fcd18ec1dff8be166be09423c1e2ce861e393c3643a69d057,1,1,1233,1233
secworks_aes,cac9ab40fd62dd0d840506c8cf7ac26f645526c444a6ab20581652a839b29452,1,1,685,685
secworks_aes,cae90137d5b819c25725f952d3e4fba96ed2635c4baeb4b12a16c79c017943d8,1,1,790,790
secworks_aes,cb0b68113e59434cf07f7ab7dbc7540df9f5f81532e06203323e2715b4f9cf23,1,1,1163,1163
secworks_aes,cb0be52c5b1bafe0726d7a932786da53772db9a985b6bf907d7e287e93844c60,1,1,572,572
secworks_aes,cb2001e443b9b7e23ca96aaf9baee577944551edd8cf10e6a5e4dbd09f466de3,1,1,1050,1050
secworks_aes,cb24cc38c332770e29a6eaac32fed8dfa6bfba39e999bcce64daf4a4a07aab64,1,1,200,200
secworks_aes,cb270c63f68a017b4d1afcbca8948fa2365d9ab0e45cb63a37fa239a349afbb3,1,1,1214,1214
secworks_aes,cb3dc7c4353c194e5ab566da36647cdf59e77c4c130acfb81d4a8d4299cfb858,1,1,42,42
secworks_aes,cb6c364a7138ee22c5e6ea16d6eeb7c58f992852e3db85f79308502a6f2677b8,1,1,1508,1508
secworks_aes,cb7992352dbe7427c419aa971ddf021ff50286f70c1622aa87a45d9124970f13,1,1,255,255
secworks_aes,cb7d5373663d24c1a9991b24003c03e8275d6bea52877332e6908f4c06558682,1,1,1194,1194
secworks_aes,cb7eea1d8062c4f3d5948ad301e3e53172a20994e681d729569dc1a4489d622f,1,1,608,608
secworks_aes,cb8995258c079b3b1b4bf6c6b5f01d4b83396e7299f8ba77e525aa1b40b32172,1,1,1690,1690
secworks_aes,cba3262f514a6687034589b13d2ea46915cd47e6c482c3d7db6ffdd09f59ba6f,1,1,31,31
secworks_aes,cba6c31b3f9787914e8d96c94f5b1f73ddc09150cdb500757ed8c45e62d73003,1,1,1919,1919
secworks_aes,cba7e82abc52514d74fe8bacb2233cf862e9340ef13cadd1bceb0f7b5fd4e332,1,1,257,257
secworks_aes,cba837d614d7b43539ead19dba7e52eb16bb1a1882b2e5ba15ea32a998a6e49c,1,1,847,847
secworks_aes,cbb8056f477fbdf86b51fc84ccf995915f91c642099a3da0d4d048fccc262d2a,1,1,516,516
secworks_aes,cbb90700282eddd419c70d65cc3f092020dbcdda172793818fd497fb1f43bdee,1,1,1039,1039
secworks_aes,cbbd9aa50f74e38dd9e3c21c8f9fb83ddb3710a9a3297b6745e0caec347d0b29,1,1,1095,1095
secworks_aes,cbbf8a840e6ba02a27881f45e720d28f25fa3c4f1c0e7c3c2871671d56ea7eeb,1,1,838,838
secworks_aes,cbe6d34a966c8ab04b317b10a3c09b25dfaea52afb22329f558db3043f040cd8,1,1,1519,1519
secworks_aes,cbeb0482ae53f95fea0b0383f386960ae6adf76ae0bba4137cd48a3b779fdd11,1,1,738,738
secworks_aes,cbeb1a6898322b4090f5c57cffaab78cf95bc0109383f549047ced3e2e7a62e0,1,1,1211,1211
secworks_aes,cc21bb293c8f73af3590691b11d4fe98e93f95d3249fe7d944a2351d1c988c17,1,1,300,300
secworks_aes,cc240e6120870bfb356075507e2357abd67ba1955fab05e5d381f17eabbf4cc9,1,1,1922,1922
secworks_aes,cc2707d8de7d88263d450604342291291e7bbf74dedfe7a70cd1585b9de5f955,1,1,1102,1102
secworks_aes,cc35bb59d89c81bb95d4e9b0c17d64d60051852dc76b0b79f1600e621d13ee56,1,1,924,924
secworks_aes,cc3f352854a1ba1f2dd551620041b9a4703bf7c64cf2bbf75f447bbf15fe0d2c,1,1,1475,1475
secworks_aes,cc422a04bde6ba54ce225e69afebad19d4f1e594cd96db74f8ea2a6c9d25e267,1,1,199,199
secworks_aes,cc48117ae766dd94a4090ab9cda2096a49cd502b1b5cff18a4ed72ced4c9898c,1,1,417,417
secworks_aes,cc4f37a57a75017488be45be917aba39f7d9b9253424f0db32297ef3b7c8b772,1,1,247,247
secworks_aes,cc927121e34e4b44f05824aa9fe4aa0df6da3bdf14a4382dd2d9f156c7589c04,1,1,1210,1210
secworks_aes,cc94671b79ab3556b70a8319498c88820b79ce093614acf2980ca9cb46c50cd4,1,1,188,188
secworks_aes,cc9638659a6c0ce175fc458e5ea7fc342ce7a7342a67eba15279af77c70462db,1,1,291,291
secworks_aes,cc9a0fe1a58878af834ceb8ade28f9e2f0fdff22762fed54ba4027cf3a723a51,1,1,703,703
secworks_aes,cca7f4dabb0118f8a6a2982a41d1bef90a16cc9a846bb7a5965653ada6ded1a7,1,1,1473,1473
secworks_aes,ccc350fd864211e3096efb7cd3dc179fad1f40b8b750dcbafde7515b3f10607e,1,1,1534,1534
secworks_aes,cce0b06438c0f5a13c321563c7a19716a53e7ae792ccf4d7e5c5f94262340132,1,1,1255,1255
secworks_aes,cce45f8ad116a7ffd281e1d8b39da9179c95fff423585f2de967571ccb5ec22f,1,1,1448,1448
secworks_aes,cce6cbf8fc5b72a8da6dd6501b1fd3b0ee763cee41d0d4a0398ac028feb81a2f,1,1,596,596
secworks_aes,cceca8e70d18e66f2f7f72203af47693f20b45e1b98821bc2debf15996fa0238,1,1,1325,1325
secworks_aes,ccefc21e205d76d9007699fbab92ca35fd01138b4571a971638f56a4a91b35d7,1,1,1666,1666
secworks_aes,ccf3ead9227434f4b53b69437856f4706ffa03f0b29dc1cbdd948c8f49e67494,1,1,1695,1695
secworks_aes,ccf9a4a299713421a0a0dab424d2b15f2c9ca3388d2ff28d6544df88af6f3c7c,1,1,1947,1947
secworks_aes,cd0f8981b1f257937b8f9be1c26efa94cc9e41438d9e38105270da52c36183ac,1,1,1974,1974
secworks_aes,cd1a799123dda5260314c6f4f2f1cf614330fcc49f109c61187b94cca811b7eb,1,1,1943,1943
secworks_aes,cd2ac24463d9b247e4bd22e5b29ce4920da1489cbf01138a8f6972b0f802f0d3,1,1,1384,1384
secworks_aes,cd3418d9132080fa4fef20a010f9ab0490f74a694153efc7535ba3aea03b5583,1,1,241,241
secworks_aes,cd3b8c47c73036fecd1169cc6be587c8bb8bc0bbd301a9b36222c5e2ef19d88e,1,1,968,968
secworks_aes,cd474b5bfbf3104ca4e0f89b5104da58628290b0b00009572d9b4231f6f51a6d,1,1,873,873
secworks_aes,cd48b5454e8dce4fc67eb4142227a160cbfdef0ee30af8d1c8d9d64be7238af8,1,1,609,609
secworks_aes,cd72086bc022ceb64ba88e4f162702e45c5a28e475a69631f5aa0802ec7416db,1,1,607,607
secworks_aes,cd77c33d8bff336f76d5fb407f13452a4a8de11e9b0f3414c46ae9adefb5b37b,1,1,771,771
secworks_aes,cd7c01ead98607a712fb0f37fe6306720d3db874bda0e190a038c8a2a6afac19,1,1,433,433
secworks_aes,cd7f12e6046f6cad69f2e3457040ce258013bcc4d0cf87392395b4bc19530524,1,1,851,851
secworks_aes,cd9a8b6907c80dd15f80610704f93bc874d47078457bbf6cda899ad05d92991e,1,1,105,105
secworks_aes,cda93df51787bd2927893ea6af48c171a8bb0c5d7bef365d61d88a140a6086c9,1,1,1289,1289
secworks_aes,cdb6133aa54c5e77e8da8834b241707f15374a5462e444aa5596f597f1513781,1,1,590,590
secworks_aes,cdc77714eb17ffb79515ae666f26af9cea649b666383b1e2688de6b2679d8e60,1,1,881,881
secworks_aes,cde15df9d2f104171ae0a83c4fa79ff2f078343a9ef3fe55d3bf608d2b2aff4b,1,1,1277,1277
secworks_aes,cdee8e7cf51410792fa48f6b3ed385125025b8818e384d07ab4d7b7e8e85b258,1,1,943,943
secworks_aes,cdef5fdf59200f89b1b746fd8e93864b4b421d03c84f8b28453e0cf9de35f6e7,1,1,734,734
secworks_aes,cdfe9292600ac3a2f3a3e425e4c4c4cce62cebb25e556b90366649c0a7960eb1,1,1,1794,1794
secworks_aes,ce0da684a2297047fc73c605ec3f23409fde1f1b86a9f19babe19deab6d0d5a1,1,1,862,862
secworks_aes,ce299c493a451b814f42825fbd696d25266d02b4e19cfc22a2ef0d41671d381a,1,1,1808,1808
secworks_aes,ce2a840ef11a32a8e8789d9d555a494ee91f51114ef408456b1cd81121906d10,1,1,1667,1667
secworks_aes,ce336a327f27b1baa5f66e5f56607a47ccecad61774a08de5a59b4d36ac463cc,1,1,1433,1433
secworks_aes,ce350d3c18bbc9896a146eb7e5e33fb8f61e70318b96075e9e8b07c9995a40cd,1,1,1773,1773
secworks_aes,ce5709d6ab48949b9ed259db67588e9732e8d153c880f6b9a5450cecb658ec6f,1,1,773,773
secworks_aes,ce5c38b7646b3884cbcfe4ed75c050134fce766b6d592fb59d976126b6797829,1,1,885,885
secworks_aes,ce7e8dfcfed9fb90f84aeb964725566bad21e09dbf63ab504ca3138098415198,1,1,1631,1631
secworks_aes,cec3122adc8811b52687bcb3d8c6162b0342fef6540c3a23e42b23ee4e732042,1,1,1029,1029
secworks_aes,cedec7d7635087ecd203a43b2a58609a87f1bf026cd14d12728d7a89cac55242,1,1,631,631
secworks_aes,cedfab9e8650b781169d5c72e3d64d9f9727637b90b3790fa4e75251c91f9657,1,1,1038,1038
secworks_aes,cef2e623fcd689c7d37c233be796ff15b1dc5dfddb73d0ac1012509e230d74d6,1,1,787,787
secworks_aes,cefb58f153c2fecd037c82ec5c9c145bdc775d6d4f1851751e7a1a0350be7e4f,1,1,724,724
secworks_aes,ceff441cf1411664da372a6599afeeb7bf386036fb7db249703e23aba660aa54,1,1,1330,1330
secworks_aes,cf0c721ccf9fe4042e29bb5fd5bfa4f6c8467a5541338226976e18f091f65b9b,1,1,1993,1993
secworks_aes,cf0e83b695c123152a3de92f82c8aa0bf74259c632a63f4eb4d74e9afd919f92,1,1,955,955
secworks_aes,cf0ebdbd0c36af4e3fcc1c91c6a96d01bd1f682199df4e10c87b15e19a4ef12f,1,1,671,671
secworks_aes,cf140274b856d7197ce09dc1c74b816e356ba7bef058acf53ad23b5b91006e0b,1,1,323,323
secworks_aes,cf418da8a07fe17f08d891431405d2e4d1159cdb6aec8d8f06f4ce295584ccd9,1,1,1314,1314
secworks_aes,cf48bb14d98f53871acd1cc75fbd222f1401eed54ba0ab4451cde58aada2fddc,1,1,528,528
secworks_aes,cf4ccd5bd2f625164d957f9a7f6d43ab4c382c7224b84898c4734db543549fff,1,1,1229,1229
secworks_aes,cf510097c9a141770de4bfdddd3d5bd02655fc892c89a02d63f0b070f597577d,1,1,759,759
secworks_aes,cf760bdaab3d7b3a7b8429ed78bb0f14a2c22f4c460892138e8bc93a3e7ccbef,1,1,250,250
secworks_aes,cf7e470b6e736cd73bc7efcddf409782507f7b69acc86fd9d544cb2eefb70b38,1,1,1629,1629
secworks_aes,cf953b5fe0e02f5bc0879893a6981b13925f9d934a3b5a2f501deb94d434dfb7,1,1,851,851
secworks_aes,cf9809c7ad5af7c9262a8a49e64dd87d170b67bbff16ee63374548ba8cb41a68,1,1,1134,1134
secworks_aes,cf9d4654d4ed384191bc0f4520574e10e86df8f2a042c200fa56a2f3c0ab6d3c,1,1,1357,1357
secworks_aes,cfa31731753fdbd7b0a272d09dcfac9f77695ed12e5abd25e47305973e6efa50,1,1,979,979
secworks_aes,cfc77f3e498798df5f3a7d288dbfd1ce4163b942befb3e10fb94de8e5cb1ab5a,1,1,1795,1795
secworks_aes,cfc7f3906b418fe4f21566d7591af674c33e7977e77b61922cc2cba4335b7ec6,1,1,587,587
secworks_aes,cfce2453a0483fc3020692715cf3090ed9941f0752b9e17d35a1228095f7723c,1,1,1067,1067
secworks_aes,cfdbe18aeb479eb862f8ceea084897438f7859a7253d38325ce5b4a4834e359c,1,1,1159,1159
secworks_aes,d0058aa3669989fc7824565a6942a550c97182435ca4440bb63919a8af85a4c4,1,1,1682,1682
secworks_aes,d0116a7b82e4618c2117d68c5844f8d05142ac8eeb0633b851de4f925f078c19,1,1,893,893
secworks_aes,d015cc792d31bbfc242a0caf00c2ab767a5d45ba8bd22e69bbea21ec24cfea62,1,1,1964,1964
secworks_aes,d0189529da22e473ea80d2848ed061f44cf91a3853790ddf28f38505f4a0517e,1,1,1750,1750
secworks_aes,d071e88713d552a0154e49cbe5d6a433dd0b3e0a98caacbb2d6a34ab86ea5884,1,1,1970,1970
secworks_aes,d07b1e46e7e97d2082aff0493f67bf1f3002c2ee4e7988f4f47477d962b5e29b,1,1,670,670
secworks_aes,d088c6ed53c85f35ed1d227ded75bf1d954309d8f6930d8b61a342979a25e295,1,1,331,331
secworks_aes,d08ec1aa3adc965dda3a5d55d8f301e7edc52046c7056c18ca03a7b8d0c2f31e,1,1,514,514
secworks_aes,d0a6d28516c261aaf51cdf80ff6c454e11ffa8ffa13a7ade9b9b48746ac40357,1,1,1363,1363
secworks_aes,d0ab25a040db30c37c78f51de7e4643a889641de05ddaf0fe8bbc307e2ae45bf,1,1,185,185
secworks_aes,d0b7eaf9611d4e3cd8e7a36b661d6b5d8205172ae07b449ca78521058bab010c,1,1,665,665
secworks_aes,d0ba56ab0f3cd341e753823b6390a1892a62580a81d969140f70db4bfdfecc23,1,1,1664,1664
secworks_aes,d0ca771942733c3a42a30bdb74443905caa60caf724b84930c893a1dadc69e57,1,1,1529,1529
secworks_aes,d0d0c6eeeb49b4ffab9c73acdabdb4e0262a93f24e810514e4164cb4bfd4258e,1,1,551,551
secworks_aes,d0d7c9e911a41704b6eda2eb1cc26731c849198d392b91557e2bc0dcb16a70b3,1,1,1536,1536
secworks_aes,d100bca1cd2130a844e65647a0edb6009dc736a45a251b6f6334db0255da93ad,1,1,1940,1940
secworks_aes,d10a1c970b14d3d9e438f38067aab651ad7ae0c81bde7974d797089c9f54f7b7,1,1,1452,1452
secworks_aes,d11689e62d907b670c4fb3f4c6426cd397c2d31703fb3685b750dc73dbf28de0,1,1,563,563
secworks_aes,d11cfe88775a6f9ceba50b942e4ef922bf62fb3b96f57bbe32c203c3b5f9fced,1,1,636,636
secworks_aes,d1212973be453a72664f27a991f44492619eb1e21fce832222a1e8d36b93dcb7,1,1,1640,1640
secworks_aes,d147e2739e8821c7bfd27ca3a6bc412c3ba0f668b9b39e7a5ec99040615fba08,1,1,1929,1929
secworks_aes,d14b4a3cd79c79771c5c05486687983396bc4afac721eec212f36bfcc79c1fea,1,1,1690,1690
secworks_aes,d16567d9789e54ffe4ace94570aebf185236ca78b82ba2fa73c2758d654c6af7,1,1,1719,1719
secworks_aes,d16d909042f60bcd757ab901730ca81e05f8fb6116205166deed19fdf4cc231d,1,1,406,406
secworks_aes,d176d10d9dd9dc29786f370f8b176dbcf05c4670406f0a039c90a55b144d622e,1,1,606,606
secworks_aes,d17e1bd7f268f2fae503fa661125733c3b301c9ba3a428c76be049f1ba29ec12,1,1,745,745
secworks_aes,d1900e2f58610c4e4dbc3e7629fedb7918477edc2e192b2c5f03c30270d732a5,1,1,2028,2028
secworks_aes,d191586d9894c9ba750786675fe652e33077718992d25fabf0425c8a59774ee6,1,1,792,792
secworks_aes,d195d1a433c1d8ac8fa1cad7d4914c03742f1766740a71fcd514c472dc4a3b3a,1,1,719,719
secworks_aes,d1a856c88f1122ac97b2a0f81e4097d9b29f5e0be0630e8e0438d62c32d92f69,1,1,973,973
secworks_aes,d1d55e39261427ed2d892c9810bd0df05c77df3bd6df5ae734cab4d9c17eff24,1,1,1501,1501
secworks_aes,d1ddf1c5a694f9a74a2f392121110a58b5e37e56be01f8b6f5bb14177eba64e4,1,1,1693,1693
secworks_aes,d1f9c4755561ad994d091f77d794f65550fef89fac143b4c5c039c01d5906545,1,1,1440,1440
secworks_aes,d22bc45b52d727024fc9a9ff9a2538b51af75430e455f4e8ad038d4946a2de1e,1,1,535,535
secworks_aes,d241d23ff5422fcab784db0558b6975e6fba52fc09afcba978bcab188002a243,1,1,527,527
secworks_aes,d24eae2bd54a7c9bb12e17d71547a3863c6709c12ede8c829afec267d137e87c,1,1,1425,1425
secworks_aes,d2644de71e39aa3d37a53d2de5afcadb81f349c9b0617984606b8e9e890f4f0e,1,1,1068,1068
secworks_aes,d2bbebb4a12ab4144a9548000ec020d31a84e25b7dcbb293b3248efb71a0bd2b,1,1,1117,1117
secworks_aes,d2bbf7bc4dfdf3efff86ae00ba9ad1db15ac53f303d5e4f773ad6bff1debc383,1,1,1231,1231
secworks_aes,d2bdbcacca5590f58f077b1fe6865722b958b865eea15aee19733d4fcb5aa22f,1,1,2020,2020
secworks_aes,d2cd0fdac84d96b91e2155f0e51a6229282a4d3a834df1e55d05169c1ba2bdcd,1,1,1586,1586
secworks_aes,d2d56165e04093ee89322d3fb34cdf4e0d392fa9d8f4b4f95af32e2140d23d23,1,1,1339,1339
secworks_aes,d2e546f45f77b6d5f1ab7af5a4e24be3700d5e9c0560ed18413c4cd0a518ac7e,1,1,1672,1672
secworks_aes,d2e8ce1714c339e690dc37a7fa429772b3783124d70bc066265c44d94ee20d61,1,1,2032,2032
secworks_aes,d32d7557cb9c7e07ad14a649f6f7e7b6efabf84054e15760b05361ef87ef84a7,1,1,1255,1255
secworks_aes,d35b9214b3941ddf23fd926510c3baf45f4946cec9d02f73c9cdcce1317022b8,1,1,1200,1200
secworks_aes,d37e3b12691579a73a83566c61b659405d929167352fd14464c610f7ce000cea,1,1,1865,1865
secworks_aes,d385672069faf062f77bfb7339026796e4fc8e111f3c442f7101668ea921155e,1,1,226,226
secworks_aes,d39087386422af6ec7bc7cdc2cf8ec20d5c84fdae815e683ac5079f6b2241e88,1,1,465,465
secworks_aes,d3bb9b28bb903b6c115d7c0082728bbed4ceb8f1af81ceb9829faeb2df9c11d6,1,1,1428,1428
secworks_aes,d3bf9f076c345dcf011e81e33a5d0696514f8e7877d2b75dd7a2014fc067ac9b,1,1,534,534
secworks_aes,d3c8180f3cf977a9fb1dea69eadf87a642fe80db161756376f58c2be0858feb3,1,1,1751,1751
secworks_aes,d3cf08f905ddca98d3afeddcee8fcbff53c88dacbfe6a3863251d37ad8c7ef99,1,1,1114,1114
secworks_aes,d3da0cdb67c0ac115d7cd6f24a80c3ede8bb9bb21e447329df820dce3288b658,1,1,1257,1257
secworks_aes,d3df5a5f1939772fe3b211f0a4ff561f20920e4cc88ab8f9aeaacd8e99da73a7,1,1,319,319
secworks_aes,d3e81a2ef0c53d11308733aa0666e09510e4a59b4d25a6a408006fbcacc71fb1,1,1,1780,1780
secworks_aes,d410f64a84eecffac60e395782242debdc8d2916ed6938cbe016441052227326,1,1,1636,1636
secworks_aes,d4397f55aeb09ac4ce32897235d27d4df1f67f51298e286a5d01bb10eee027c9,1,1,1827,1827
secworks_aes,d44c0c855a4857d2a21ca85aba756b3e1f53f8e8454360d38944a0e681b4ed29,1,1,1321,1321
secworks_aes,d45e0babc77dd938c564f91f3a43987f0249186a3ada64f8b37f82bd24cc1ab1,1,1,1131,1131
secworks_aes,d476b498b983accce4c62aaad5f5d8e8cf04749a422d9ea1b039d829383c6cd8,1,1,54,54
secworks_aes,d48a4bee88ca10a7c19c2a5f6bb74a243eb08a4521f41f9e0faadbe645e81420,1,1,131,131
secworks_aes,d48de3583155a01546dd9ba7b8e947c7e54d55bb5eef492123753f1fe9312d05,1,1,692,692
secworks_aes,d494c6a7860f326796cdfe781cae28806b61609b6db83fec6bd3269288040628,1,1,1061,1061
secworks_aes,d494d3231195cf8c540ce2abf83b84af3a234180b5f56f3bda2e627ead7b5656,1,1,1977,1977
secworks_aes,d49c64578398fbcee8688e910434f515c657f24de424d2e73e17f44757add59a,1,1,1939,1939
secworks_aes,d4abf7a539f1da000f96b68197a5a0ea507baa78e94ec01424fad5a821658de9,1,1,238,238
secworks_aes,d4c545ebc4515a463b0ff65d1e3bb7820cdd3b131812d8690c944f77c793c5e5,1,1,752,752
secworks_aes,d4cb288526641a3693028ee5e7cad995bbd0c703cfdc33bb7b8b63a68bac5452,1,1,223,223
secworks_aes,d4d4a79a263f6582b97e61a43bbc912d0de1d13fea8b2a9b1dc9d019225ef758,1,1,1588,1588
secworks_aes,d4e18db6916444a2e775c410de608db7dcea55c9d4543b3561dd0b09ed75fcf5,1,1,2015,2015
secworks_aes,d4e57d795869ad18a34cf947cf1a193696ed2c93ab6ed219f4ef6c5841043104,1,1,1399,1399
secworks_aes,d4e81c6b718b188ee269057a9e5102f2d81664590ee1b969f024c304980fdc5f,1,1,439,439
secworks_aes,d4eb44aa4a9e7be3ca4b75bb5fa9be97dac1487e19be2f258739cef2f316e9b5,1,1,222,222
secworks_aes,d4f06a1183325623d134e8b66b1c94be44d902255e7427d6f93b6bf1339c737a,1,1,1792,1792
secworks_aes,d4f957c487b04b0875e7dfb4355d1e722e0a7cb81970d4237a390e840e72358e,1,1,1908,1908
secworks_aes,d4f9cf4ef5a8b51af0e0428c595b48f0fbbf430c258e936f97b4dac0e3511131,1,1,333,333
secworks_aes,d502bd63cc3d5cd6b42ad0047548b8bd1c3d63f3bf4700b8a85436abfe0cc8d7,1,1,223,223
secworks_aes,d50439c8e1b3ba5d7237caf1345d7e136db48541397b69c0a6e6abf788ad740a,1,1,540,540
secworks_aes,d50a49b553afff6fd042aa5016db854ceb9da227c27de3f6df0c9ad3d2ffe0a5,1,1,1146,1146
secworks_aes,d52d748859b391c981fb9c2215855ce52bd38a3e411e533d6ae8599865e960ec,1,1,907,907
secworks_aes,d5465e98ff0ff67a2ad180efdfe3d30811d26f05001af76f093c41e2678e5e27,1,1,502,502
secworks_aes,d549dbb8e46e77cd2675f169f4fe8560e11616cf2f1bb0b61d4690466f6e45d9,1,1,198,198
secworks_aes,d5549e91058b21eedae021d17faba703986c6fb481882a6bc72782a54afa3145,1,1,1634,1634
secworks_aes,d565b7960f9b1b4787a287e03b19e4706c5c099be1ea29ba07d913c6d30a005f,1,1,835,835
secworks_aes,d56e41d86f10595c812bd6e63ee6445770b932a64b78e928f696b43d558e3d86,1,1,899,899
secworks_aes,d570a99f772b22db802132c803787e7846879d5e352c2a2174641b35fac67e3f,1,1,27,27
secworks_aes,d5726dbbd76917f203b399957755d2c76b8617ac2995a78f5adc62b848446002,1,1,1807,1807
secworks_aes,d5769a3590895161a1419ada377c5ea568876ca3eb1aac701abf399bb388934b,1,1,1520,1520
secworks_aes,d58d1552c9052badf78d1f7d99ee39ece4a79c074a60245d837fd350f9be25e2,1,1,47,47
secworks_aes,d5990a2a3783f13171f5c4cc5bdeb665f9ec25f9af9e410a49bd21ca7c9e71dc,1,1,1921,1921
secworks_aes,d5a3cc3bf741ef944dba9fe58d0b4832e634ef0c3d94a0b5d07a2ea0caf8eaa6,1,1,1861,1861
secworks_aes,d5b4686ac42f6b9eec59516d7d21b5c7cc186130d6d6588946d7c65b89e9fae7,1,1,1025,1025
secworks_aes,d5c7293a3c18b1493499c510015cd01e0cdcbe09313a65a8ab0d651b8c006a0d,1,1,1782,1782
secworks_aes,d5d1d11f028dc3a219505c66f716d87dfb6715f2733da10412ce9b963beffb76,1,1,1514,1514
secworks_aes,d5e5085470d5e08a497701f4261496e5015e98394b1b4c4e6e516575d1cc8edf,1,1,1885,1885
secworks_aes,d6085929ce34971720c6e8152ebaa39c3cf9124f786ee2e9c9be5f6fa8d60be5,1,1,299,299
secworks_aes,d6089cfc70ffcda6258a8bea1e380b02a669118fa9dbdc1c6304814eb1ac6912,1,1,1356,1356
secworks_aes,d60c82dcb63fdd97a51e30d5ea2743df637884b027d72ebf8111f35e3642f799,1,1,552,552
secworks_aes,d61cf6e1bc22f45f6a65bc7c2efbf2a5e9507d831f79ffc0a70c9366f592277f,1,1,1411,1411
secworks_aes,d62afb57dce5011b5dbb2ae28b24d913e8a334b1473da4cb0bef339dae355970,1,1,1342,1342
secworks_aes,d630bea54e3c8a0d31f97a7dc5e8dadcc5506984b1d537beeca13618b911742e,1,1,1118,1118
secworks_aes,d64b85af233c696393200f5a1f359bbaa03cc10d20c1fe609d2034c2861f2f14,1,1,1202,1202
secworks_aes,d65ad37a65bc77bbbcb132f066d7e0dee4016a6061fbc9ed4a253e0f9fbf92d8,1,1,1786,1786
secworks_aes,d66495594dd3a32018c33de3cdd9281f1eaf88064d5c7d692e23f96698704f0a,1,1,1649,1649
secworks_aes,d68332ebb3d55229f97c1e8e9500246d4240e3935540555fd8d470ba4a8ed7d8,1,1,1192,1192
secworks_aes,d6c0a2239ad685660a4714fc082ff83cd43487993d5750d25d6f672a23cf5fa3,1,1,333,333
secworks_aes,d6d3a66670c6e32bb3adaa2cc9fdbeaa3de43474c58447fe73a458c66ef60fdb,1,1,1113,1113
secworks_aes,d6ec24a416b9b61f5f73426d6fa51fa8b292461027d738661c119e71e8f50d94,1,1,1434,1434
secworks_aes,d70f2aca03fd72560379cbebc9f010f1185d12d5d383e060595df7ce3c5ec615,1,1,1923,1923
secworks_aes,d71246bb5c646d3abee50a5382fd96aef9ddd4c53056801a90af983312fef9fa,1,1,777,777
secworks_aes,d717b050ec79dfaaed188c93c2e4be0ee8f6b2f3de0433857a8989e44b28e22d,1,1,70,70
secworks_aes,d7354e44a62a3dfca0e64bdab2d4ff4c34c892f4a1d1d24c2a09507eac89ba79,1,1,155,155
secworks_aes,d7462816e97a2c202ff6465daea27428716e61e24192915ce700fd97c63d1d10,1,1,2018,2018
secworks_aes,d74be736e1730bbe35386635c5b5e21ac2bf3de0be38ca067f145aa0adba473f,1,1,647,647
secworks_aes,d74d8d05338a770ff97d9028e2e9ffb7df8bd6a2729ebbd6b3d61c56558485c1,1,1,378,378
secworks_aes,d77c5f3503a4b28c29f11b6f30767311a68cf6a8efa1c5d278c107fd7f50b5f6,1,1,923,923
secworks_aes,d78dcacc130de391fd301c4ee8f662cfde1e7f9cd6e5231ff41c154bca9267d8,1,1,151,151
secworks_aes,d792aa63b3b871e8c7c0d36ea9cfbd52546be6c35047c122eaea6475fccba6ca,1,1,255,255
secworks_aes,d79a43bfec6aade4b70efb95bc1b2279b9de76567babeea8ed5b8848695b0b32,1,1,893,893
secworks_aes,d7affeed78f301d7c3585570c77741cc6c4a3593fe7d102b64576601e7f7e1fb,1,1,1971,1971
secworks_aes,d7b32db7bdb4e5e5956e25360627e99e913cc80a9e144f5092a386780a7f9a12,1,1,1893,1893
secworks_aes,d7b9297197c6e02ca1ad3cce84f3312d08ce7dc4bdba1461b5074bf6ee686a19,1,1,1451,1451
secworks_aes,d7b95b21566d79f4686edb93b5b6f8dc690fce4ccd341a6343daafbcc3bd3e49,1,1,171,171
secworks_aes,d7c2729cdfa72af1d8152e56b244ee5ead0d616c7c338d5c0d9e870a1cc0c2de,1,1,791,791
secworks_aes,d7e82b7fe4296f8269c4f6a8dccb1485e0a75e05cf92bd6ab4889962def08ebf,1,1,523,523
secworks_aes,d7eead2f7e7311d13e2e85d2779e06499ad6fb0dba6f6a0662bb09c4b5a57599,1,1,497,497
secworks_aes,d7fc3769db61c63994061f24ecb799ed6c7183d1250da2ae42f68303b88e5e32,1,1,1175,1175
secworks_aes,d7fcb8ad00a82a859e5bbc1b5ccb0813bcb2094b977530c5cb858bf4e3619866,1,1,979,979
secworks_aes,d804ab2a5e870c3724cc1890d558dae7564628b852137156cb8b972b8d588d6f,1,1,0,0
secworks_aes,d8178d4216920933fc07a5edeecc71c1d0e9fd223f0d96587dbd937ffd3a97ca,1,1,777,777
secworks_aes,d82330479baf19f89baa163b4ba3284194eb5e04ace14bfd9ef16526a4f0793f,1,1,358,358
secworks_aes,d841d9ad180ff527273d86ea0176773612fa559d08dac44e8095542e9e9200d0,1,1,1353,1353
secworks_aes,d868d516b6cb88cf0d9a450fd76b738f9eacfa8b05123072091f7ce40412171d,1,1,1139,1139
secworks_aes,d86edc6657787ce8544a500d07b59b9eb563d5fddd69a3d03930710decfdba86,1,1,819,819
secworks_aes,d87137ce0a7a43ae39d484fa58030fa824cf75f65335d667c68ca684bcb790c4,1,1,1466,1466
secworks_aes,d874aae4f945c744f05a5c51723267c6fbeff0cfc607f428aaa957ec0dd29515,1,1,1620,1620
secworks_aes,d884431cb3756de7dbb3d5033f8f5eb605fc78aa937b0eb2538384d2be7b3b24,1,1,498,498
secworks_aes,d88a76bf37851172b22e06290a30c452a4cac9067bb80904f51443541a936a9e,1,1,1400,1400
secworks_aes,d896a3ae5189f930b25ae465a43ab239b8edf3fd16403cfac678cbfa492c3788,1,1,774,774
secworks_aes,d89c63348944c66a6d81d34a6807a54e5844132b02fa2406de047100bae12cdc,1,1,428,428
secworks_aes,d89d486fa9394144c2693429b46fcafcc8c0ef4f351d3a79165b27555f708ff1,1,1,1895,1895
secworks_aes,d8babd2d417e9ee54f8c2a10e529207629de86b9cf0f6a6d14192cc0b63ca542,1,1,626,626
secworks_aes,d8c1c8b717ea01dd6432bc9da626933955ce48a97c3f3494879f20f3d8e4dd6b,1,1,791,791
secworks_aes,d8c87ff6b14499c57999af9edfda0b437f4e10c988ab3dbf49e99fa41021bbb9,1,1,748,748
secworks_aes,d8d57200f57325cfdd31278a5a6383046fc42f0d3445e7130c87c164f91c2e8b,1,1,482,482
secworks_aes,d8e4ca2fd23548d12040a2f33968c4d55b914e70f0377357e6d71fd4d1a54703,1,1,1840,1840
secworks_aes,d8f06edde0cc88f2091be04435086fd0c7d3c1e22f66ffc00b03be3e10061400,1,1,371,371
secworks_aes,d8f6a19f3d2735e6d9627f6ace41d3aec03cad1919639e304464db2e1f2a10f4,1,1,1630,1630
secworks_aes,d91aea04031f5bfb7313d7d0244d2460116850c01c1cdc18d3fffce11a9f2e7c,1,1,792,792
secworks_aes,d94a994c9c92150a85bc0f00404cbcf6fb97e05bbb4890b9cb49ee5327dbbcb1,1,1,44,44
secworks_aes,d9730228cb29876ae8589890fa475613e92dc72fe6e8ea7262b504325c860af5,1,1,1479,1479
secworks_aes,d97b6d677522e5319ceb01c21f509c8d63eef8360de5816317d8a750b9946726,1,1,883,883
secworks_aes,d986cf14836f429a9df828af8e7853a55a24d909fe525d3bcc3338cdf19c04a2,1,1,1486,1486
secworks_aes,d9a637002e285a6a8e40b30633a7b73e382629ee4cff8afb84ec2a4e8f08f11e,1,1,1303,1303
secworks_aes,d9a8aeaed2738ca686d8ef239ae15166052210284e91733287821f554bf78e03,1,1,1484,1484
secworks_aes,d9b76eb1ebc88f9fe700c0c4854ffc36d5674368de35a2ba6c693d36602aba72,1,1,133,133
secworks_aes,d9c9bc08c599f5a4483caa9caa9a2ef3b6c2b75cc52e91e919082f80d3dba012,1,1,1037,1037
secworks_aes,d9d946b1534faeca46f06f2b184d04c2bbc26178471614a16b9f5b24f7ca8856,1,1,1332,1332
secworks_aes,d9ed26eb1a58c761d61ec155dcb022e5d8777cb858a3c05e4b10d89eec3d2d4b,1,1,151,151
secworks_aes,d9f864ad1f4aae6dc2a61ded2c5917562c843b9b8ccc0fa41689b1004f93e1c5,1,1,90,90
secworks_aes,d9fa4e6fd927ed5fd41dc8e7a44b2f8a4fbd8e96863008e3b055165f96e4d943,1,1,1968,1968
secworks_aes,da00b9e54758487da1436bcb14077e030f47cd4ba44c6531d35628218120b5ad,1,1,859,859
secworks_aes,da2c9a201804afec03f0be48870ed722bf4be7b028e69dcef9bd066be5cac9a2,1,1,1303,1303
secworks_aes,da2f1dcd0fe4903c608fe570ebae55820ea9a24b6a558397428510dccacd5d00,1,1,1942,1942
secworks_aes,da361ddda56d6f7120c2cb8d43ab2264b98245766a503f76e85739ae79073d08,1,1,72,72
secworks_aes,da8330daa556ff35b2a4a0b9c8c08552ecb856ce5b14a71934ee5daaa1249018,1,1,1198,1198
secworks_aes,da8858a54c991da16e8ca6b0aff7986e4b887558d32050cc6d28af5071b05577,1,1,1569,1569
secworks_aes,da8c80450f0a88c58a381da3f58d406606284982ec096370cc07f90a8970195c,1,1,1035,1035
secworks_aes,dac71d30922ea09fe1517b752d8f4a21f62b09b62bd4e3ef06c2f30fd2160a48,1,1,92,92
secworks_aes,dac904e085370261d488b4a4833cd345c4bae977adb001088aab2f83e641829c,1,1,1387,1387
secworks_aes,dad60ad3771731384afc6fe84df1cee2d392ef2434bd01aee17fcef2373fc9cd,1,1,1906,1906
secworks_aes,daeb786aef9a15f0c9050707d6a23593f7d72db1ecb1137a14a24e1802d59e26,1,1,977,977
secworks_aes,db1562eb54488afa9bb00313f9fbfbd43711217dddcc8816172da4131b89e3d0,1,1,1320,1320
secworks_aes,db1568651869ed7218f65ef903e3bea0f88e63a22724b5d66944cf555da9b7dd,1,1,1834,1834
secworks_aes,db16271961cbf4a8246aeeb7d20670b272bafc5010bc4ecc215f64bfe9399f54,1,1,1550,1550
secworks_aes,db228cd1146a98e88d10cc7474937b4c39c8715625ef673dd0c22338b1f49a6d,1,1,1098,1098
secworks_aes,db2bff216a8d6f13f11d6947e14d9dbaa6c8c0f69e35f986efd26f868f07c1bd,1,1,1590,1590
secworks_aes,db2e97d8f06bc2346897db67b24d0f59b419e8015c9240bcfe6382a745bbe2b7,1,1,1619,1619
secworks_aes,db531768ae8092c0303798299d0a9812d9949bdb4ad360c87269bba3fdaeaa87,1,1,1420,1420
secworks_aes,db5b9a52b4e06b5f6d6d6c2f646b3c6b333fec439982ee19fe32d73825622ec3,1,1,1895,1895
secworks_aes,db76c8d857a93f32865c52ab4434384c5216b1eb1f6c668066502e186bc59ffc,1,1,373,373
secworks_aes,db7a9f3a0d99df272175735c0901f06ad02f70a38334f406f6ffef08ae7f9cd8,1,1,801,801
secworks_aes,db81591c8d443dd1541da38e9111a22e6a4447bbc456977fda12f33aeb67e4d3,1,1,1381,1381
secworks_aes,db842fc9f54aae3bafa74c5c09d14567389c541ad0dd28b053fb1cffc66a0a50,1,1,218,218
secworks_aes,db876d2772fc27fea46d4ba14f3c87374fe795dbc9399edf3c9dc15b3e6a8f75,1,1,1885,1885
secworks_aes,db8958315d5888936b761b761cc0c6cf2bc831c8cdb10b121f455d78da7fb2b1,1,1,1083,1083
secworks_aes,db8a86f49f4c0f3909304c5b728c4116760aed43413398516e427c602d0962c4,1,1,473,473
secworks_aes,db8b8711f274521f874d774684d7c6ec3740922cd92396e029748a108a8812ce,1,1,288,288
secworks_aes,db941d6f7deaf3172ebb67cd9dd0df838c246083b968b34de41a1cfce4d4b2e4,1,1,274,274
secworks_aes,dbc1d3962aef4ce58f0e277cd2e569138d22529ad25bfd370768719e0aca2c0f,1,1,134,134
secworks_aes,dbcb110ad0462cfc951a039caed670306267ca8b7cdf10360e99768dff1c490a,1,1,290,290
secworks_aes,dbe89772488669d1d4999e4f7d312107d53d0c38a13593e70fd4a3975a1c2021,1,1,653,653
secworks_aes,dc0f74a8f6750ba3093c56498aa1db2234fc81f08253a6e38767ec7a1a8b73f8,1,1,1741,1741
secworks_aes,dc1a8909f45f3a4dfa1ca509ceda399a94de9e5fd1eab818d724e81c8551377f,1,1,693,693
secworks_aes,dc2607a4ac32a8f89e0e06e02c4a4e34f5ec22d6359a2a47fbfea3ccd1528bb6,1,1,216,216
secworks_aes,dc2ceb76a108f02ed09f4d477650d2ba5f6c6d9c053d6d5c9e0f1fe4c58ef34c,1,1,1278,1278
secworks_aes,dc318291cc4573adc734c5e6af8baa5e81aa780b79e77ffc93018e1d4d18e731,1,1,1066,1066
secworks_aes,dc35ae23b3a6009dd11d4c301076c36ad4081f65ca4057d146a16c608ace064b,1,1,1566,1566
secworks_aes,dc46ac90755b7e2c2b5cd5feb5e54b054c29b9f7a416339dec39a8bf9ba02873,1,1,1769,1769
secworks_aes,dc4cedb892edc1b93bf8e4c12c091cf7c19acf201372ecd91ffcb2857ceb42cb,1,1,1972,1972
secworks_aes,dc5ec98c36f05823e8ac8dc3cb2533e53e55c4558e306e09fbd27b4a7b7a460d,1,1,363,363
secworks_aes,dc6f62d5a969cea6fbd4a647c9ccaefb43815f1d7d3c17f02ca7133ba9854e16,1,1,927,927
secworks_aes,dc7549ea0137343f8442a40d18724681fa1f113cb8b2168a2fbd86ecd6515f9b,1,1,1124,1124
secworks_aes,dc94aa31d55fbb8b3c4ec7cdabf0d710e17acadad2c92cc9c500e47d0e2fda1e,1,1,389,389
secworks_aes,dc96ddd89d3c4ed6c8dac1db83a803d37164a40f1431d0b0f9099f2a2c046ac3,1,1,1688,1688
secworks_aes,dcad4f729b76f8e983beb7364fa798bbc8e45f053466457a6ecb272f9e8f120c,1,1,1806,1806
secworks_aes,dcc2c8747dce162c2406a5740536511c0f2a7263547ae6d5352dc4856ebc828c,1,1,1449,1449
secworks_aes,dcc426786af4383f501637d67acae92ab2719ff381c9b98ad7589a934ae41ee9,1,1,918,918
secworks_aes,dd44370b0c1957ea3262cdc1d116ada73071914e83389d38ff87bc69f2dcdf12,1,1,2040,2040
secworks_aes,dd555c43f8ff07d4f69ec6002dd8896c484f3855fe7455b7bb026bece1529854,1,1,1075,1075
secworks_aes,dd6ae7ef88634c19cd65b97d98d6710df7f89e5984b1d3b3b497256805855b98,1,1,1075,1075
secworks_aes,dd7f0bb9a047e89627e047953f834a16df7b090299f15a6eaa91846386def576,1,1,201,201
secworks_aes,dd874dc350d4f8645ab705cc34378a077e4a6c3d72a013f267682dbc4e4b926e,1,1,958,958
secworks_aes,dd94904b102e2c1fb8a0c7e9b969ee4996b32d17f02e0036413fc1888e680f56,1,1,358,358
secworks_aes,dda0c1c50aeb9d6d5ef9f8ca5dca7b549423074d280fe2f926042a631816b217,1,1,1038,1038
secworks_aes,dda36e1a94eddf059d8a53784f065da3f423209ab88c362a7962d5aa60b87486,1,1,1192,1192
secworks_aes,ddb761844740b991088a73940dc329238e13e387e6827726f1d71bbeff176701,1,1,1469,1469
secworks_aes,dddb9c13ce0f5e9611c2fd24bd8bfa22c506204bee46a03874d820f341bfb727,1,1,964,964
secworks_aes,ddece94c9d61ea9a60dcfb2cd58cff5d1fe26e65893d4a2e4656732493e7d8ef,1,1,987,987
secworks_aes,ddedb3e608a80f355f58e257ca1a4701e56df9a9c6395dfd3a98e1ceeb341b8f,1,1,962,962
secworks_aes,de050a47e08ce746a9cf7355e148d26681480e3396288774d5159f469741804e,1,1,1706,1706
secworks_aes,de335c7502b0fc39e26b4f06cb8dbaf4e865f74fd50f41a06adc65b2f0624cd3,1,1,1049,1049
secworks_aes,de3feaeb1556026b50ab6ae8dc4c73453190c85afbce9f98fe7e68de027a1e80,1,1,159,159
secworks_aes,de6ab90903765bdad272cadec98f653db0d37ca683d54483fce80baf33237385,1,1,16,16
secworks_aes,de7d69225d6fd75f554f54a8ee58aac55624ab2e00c1f258fb7876a7b2ee14d4,1,1,982,982
secworks_aes,de830b5786db754009188eb26474afa01abff4638ebc686f939c8b3a9143c18f,1,1,1010,1010
secworks_aes,de8a0dfe33fd7a6e433575e56195505e01bd8c5d6e214dedb1b56d2d49ada6b6,1,1,1218,1218
secworks_aes,de974c78a7f8d0aba67f3a337fe34b3eeaeefe782804a11e943459e8cd5833cc,1,1,865,865
secworks_aes,de97c7a68cac2099c3643d709b34c8fd9dfe4d67087cb5658801e0a33a55c1d2,1,1,250,250
secworks_aes,dea816bb7673cbc9c5c82b9550331e93dd691e34c9a334320a76a732c803ac48,1,1,1156,1156
secworks_aes,dea839fcab829de42ae3e1850c30c58fd423a0e6ea2ea4fba3ee64ce44537dca,1,1,1309,1309
secworks_aes,ded85cc999f3fb87b4279fccb04994fafba6be6db2d01ba0cdf3d6cefd33f33f,1,1,137,137
secworks_aes,df109041d1156afd52991c8b58bbffd19555c45c03f23d5d90b7175129eb5aed,1,1,1962,1962
secworks_aes,df68d785b925f6e9519d66aa4ad144a55b22be2bd0e0cf21fd89fe4329042e0f,1,1,557,557
secworks_aes,df6cf86cef2259f199d2db0cf71fe64d3a378ac5e0a9786c86b5c427a9da1c32,1,1,650,650
secworks_aes,df842fca98569b6004572c1429be51e87eb664a5b38912d812cb48b32da009d5,1,1,963,963
secworks_aes,df9119e810140a69c4c32573f88b26393903162514f8286cc7bcdc620abe1738,1,1,1818,1818
secworks_aes,df9155ef99bcb36ccbbc43055eaf978a808c81671ef212f18eed1d231edce0ad,1,1,1378,1378
secworks_aes,df95b285ca3baebb59ca9db262a117afd45d833dfb3612eafe152432a4bbdee8,1,1,818,818
secworks_aes,dfa1d8f420292aafbcdd95b558b4b378b49a3c3afe1ffc22331200396da1424c,1,1,961,961
secworks_aes,dfd2343fcbb731ce025911693d8827d052373c39304acf05b8920116c72f1860,1,1,1946,1946
secworks_aes,dff0a1efd0686ebb25b8f4a883d9a18e4673e41a03279bb0493c954c635118cc,1,1,141,141
secworks_aes,e001636c3bca7e41f81aab8b3991ee040a3b85946ba65a2e240d197f63fc293f,1,1,1356,1356
secworks_aes,e005fd0a3d55cd99f3fb21b7c310b621ff82899098d39f2e2fdd79f72a28ec42,1,1,917,917
secworks_aes,e02bc6b728dd7a1b7e3121257f1e6c38463e474e74e2d785cb8855cdbeb40da9,1,1,1574,1574
secworks_aes,e02f7a6ded35b9a15df46b6609977e512a38bffd4271eb163fa00774906066ae,1,1,1320,1320
secworks_aes,e03f850c3e413410360031dcdde5e63a41b66cdf5ff5d9fb3d200c03f8751f2e,1,1,1392,1392
secworks_aes,e04b199a05f22a1114b0311a98147a7b437770f4121ebeb99b7c00c9aa734e8c,1,1,165,165
secworks_aes,e059cbb3a350cd02c01a91633c2ec31a0bba7d203565ddfba620e7f722844cb5,1,1,1959,1959
secworks_aes,e0603d953d1c4a63e2f26367505b35470b7857b4ce1bd313e01eb487b3086b2e,1,1,954,954
secworks_aes,e06299c70b9cf7107266049ba7b2a1ec0db383c5369f36a350fd6e5d60122784,1,1,124,124
secworks_aes,e06b0840d36c20599e64eca6d7426ac81ad4cfec4ffec876b300f560e3ddf38e,1,1,1670,1670
secworks_aes,e06ec9bcba8941be67f51a524c432b37fe5a5a5dea107fa8abbdbf16c166e47b,1,1,2009,2009
secworks_aes,e076e5ba094b116f68ec3f7ef9b445a79b0bf0c86e9e9ea92ba4c61533316fa5,1,1,1135,1135
secworks_aes,e07e390a064bfd1f44932f25d1a0b89d8b2cac64ec6ef618ca008365338be0db,1,1,713,713
secworks_aes,e0816b9c99dba6e14dbe49e160d65940118760ba720e5c210be10bc840fdaeba,1,1,1701,1701
secworks_aes,e08a1a7889255f79bbb0c4b3c2294a4f7f447cdb86ef9b32e19e2638ab6f166d,1,1,484,484
secworks_aes,e08d32c08f9f69d4517f9e2340028ecdd931a68548119d181cf504161f0642a6,1,1,821,821
secworks_aes,e09e48e66e996f2f7510825b2c1fb53b65a51fc3ea808fc2af041a6650ba2141,1,1,774,774
secworks_aes,e0a611204c464d5401093e754e6daf38a312623eb73a33a7c23be6da96842227,1,1,559,559
secworks_aes,e0abaa46088e66a8e50c323646d0daf16a16b5959278f09778aa41371b4545a0,1,1,360,360
secworks_aes,e0bc5b9bf9591deb8dd0aede07f2ff138daffab0df03275da374822d93d67c48,1,1,507,507
secworks_aes,e0beb51e02663f46e90d9fd0d98364978c65103de45370d67644fdd67d595c1d,1,1,1079,1079
secworks_aes,e0cadeac245888de4a0a32490759e134ae0054db5c147d8d15b59f5f7a2e2483,1,1,482,482
secworks_aes,e0d7a6a9176d29727ddbdfa1caf8c05206d93bfa8138aa2aab004d9fbd826557,1,1,830,830
secworks_aes,e0ea7d4ca5010eba15e63aa79210af35102b004eb76a3e07940fec1a31b1edb7,1,1,1279,1279
secworks_aes,e0f061396b751276a1c002a155b9a0e5d1110c1013676d70517086413dbdc689,1,1,1580,1580
secworks_aes,e0fe63285497f00d59dc95afcc46b2de643d2166e46696c5ef8e1d4adc71a38f,1,1,17,17
secworks_aes,e10621129466227264c8f08cf8a35d2bab7e12384218a18576dce560ec76979a,1,1,1776,1776
secworks_aes,e11cb6497d96f6ef053f1f113f231aee678728717b00b520ad71c4a3b184a90f,1,1,99,99
secworks_aes,e12b79167ecd19c9166cff8ed9fccc2095d8462cb8198224632daded8f818a46,1,1,343,343
secworks_aes,e1474ae35682b536ba61f58b117e8d6b4c75d2a07faf6ae4f3f139a80fd707c9,1,1,266,266
secworks_aes,e148eb1bac5234ba3b666ecf784f3d31ec93a89c1f486881b3fc7cfbdb2a486c,1,1,1508,1508
secworks_aes,e14b1794590f8b7744db7af6b588292012c135cde527792ffc5e2094f37bd41e,1,1,869,869
secworks_aes,e153f3d92b0f848b8fb57a331775a885d429a208e5158cfe18e4677d4dea55f3,1,1,1527,1527
secworks_aes,e170453b34efcdb5b0caed18282b23d1fda13b08dc6c2029b66b14871fca0e8b,1,1,1809,1809
secworks_aes,e17d55dd7539a8012a1dcd04e9de17d4ee487cb41dd52e69dfdc3e442d39886f,1,1,465,465
secworks_aes,e18bd4d734b78d6bf6c021294ca88c19232aa5ef968cc181ec8027bcc8802dfb,1,1,384,384
secworks_aes,e196bc016ffaa82fa87714caf55a9a685d6fe4abd50982a54002b33e4df10979,1,1,1088,1088
secworks_aes,e1ad9e2f8a065426e121d94fdc688b990a4887971413c258858d2b4f906da582,1,1,672,672
secworks_aes,e1c2bad9db4abcb2ea8a1cb2f97fe30ecf9328ee8c70990366d2a6b9b0bb111b,1,1,1414,1414
secworks_aes,e1c404f986d0f7a588ce8aff79f2f9ac76083e804947333bd7d805ef9e51752b,1,1,280,280
secworks_aes,e1df48cca5313ed768ccc73fead09b66a2922eb479db5b0b6d7366d3e87f67e5,1,1,330,330
secworks_aes,e1e7996a331422ed375adbd118028d5d9675d0579db51946bfdf7df7f925d349,1,1,1065,1065
secworks_aes,e1e9ff7f3bf896dff18cc901dbaff437b4eeffb33e2e9d096e7e21ddd9dcaa31,1,1,159,159
secworks_aes,e1fca05ece7f3d8bec0a1e53e67580b9321c09e979026b11fd68664aad13c7f5,1,1,886,886
secworks_aes,e1fda158b5490da19f58b1eb2b963e08330a6ddbab27be0cc72b127cc8bdbd2b,1,1,1726,1726
secworks_aes,e20c4474b8e0cd2c78991d857983b848a9d147bd9f1e53bd98698b900602e71d,1,1,1374,1374
secworks_aes,e2251e7410158f2e2b2b618a5df3f16529bb440989a79e511ee5ab30824f2482,1,1,662,662
secworks_aes,e22733873d1c60a285f93e83bd8ac1867706f0770ccb163244a6e85a0b17de6c,1,1,1094,1094
secworks_aes,e22de5d72ff7cdc1f24e0c503d885a8bb835e2401afb3c02bf786f788f2f0c75,1,1,1417,1417
secworks_aes,e23cbe9e1c432b4d53e6ffbdc55fa3fda0f4e285142323dd7b77385ad09be429,1,1,690,690
secworks_aes,e2435d057a657a7d4f670e299dbcf6f4105e29919641f97154d85152c66554db,1,1,1324,1324
secworks_aes,e243e4db8ad490825a607a18acaad7ead315ac9f888cd9819237daf390df0e8d,1,1,1481,1481
secworks_aes,e25399f01ad7b5eaa10a56a69d0639500d296b5634d5936e68af756d1da29460,1,1,1995,1995
secworks_aes,e25ede00480d92cd81d4b98a57bff6a81ab5ae61d55412d06a0c4053ba0ac326,1,1,1585,1585
secworks_aes,e26e26c39086cfb81c045b126f421b66c55e4c6eff630ffb1c43bdbbb0a78053,1,1,520,520
secworks_aes,e26e7d1868a979d8d2f36225f5675a701e89381a2120c125c5ba7665475c0573,1,1,380,380
secworks_aes,e27bb6574ed465d06b3b47c9d98c79238bbc9aba083923e80bd7673266d0202c,1,1,71,71
secworks_aes,e286d2c661ddff7d43b50c438e6ccfc1c3ab8f533e0d54ebe056653c28164218,1,1,1214,1214
secworks_aes,e28aa840fd267ebb0417622f7ed80972f8d295055aee1997e9e5bfbe9c84f2fe,1,1,1092,1092
secworks_aes,e29c73ec318a298c1f9debb8cce96db5006a4eeb5f1f2ca1ec1405d666d3adc0,1,1,1430,1430
secworks_aes,e2aca1987756233c7a8ca5c424aa3fb1d1b00ed86667a760925e3a0d7b068955,1,1,824,824
secworks_aes,e2d9c7dd39239f662e5efe0341f44627d43e4180d0843eb0e34a0fbec7ea16d7,1,1,543,543
secworks_aes,e2e03ac3a6bf582c591d4f5b9417ac81d69617787dcd8d93541e76d0aa525ec5,1,1,701,701
secworks_aes,e2e2c58e0371fe76fc43ca7104fdaba35e8d62ce62a7d230c5cd0740a2d45a5a,1,1,1962,1962
secworks_aes,e2f15dd4875611e1b5b41929015d0e5d10083ab784c8f3823ae4e7ba83638df6,1,1,806,806
secworks_aes,e300da45b00c8568d3695e66ddba9977561983bd63a5480ab33f218570e9cad9,1,1,1148,1148
secworks_aes,e31477e7100e3ac9151a0cd49201c5b1f380cbd39cb9a2ec3f83a7ded44861c5,1,1,1093,1093
secworks_aes,e32c6c2356bcd36d8252024e92359ea1c3c68d5092c28fb7123d336e494b18f0,1,1,1714,1714
secworks_aes,e333fd86d478333ed9a044c21c304fed61e9393ef78c30c9bc37a15fce6d9607,1,1,1373,1373
secworks_aes,e34bc15327fdfae7bb3e6395a9c5a5ab1736219c966584db4a29663f43e0e915,1,1,1854,1854
secworks_aes,e34c9b1cff65f248802fe7336217aa78915c9007bd193db5f446a0c1bce0ef0e,1,1,1276,1276
secworks_aes,e355d40600610fe0062dabd2e1c86c01c3b2ecbbc835eb95416550e428553c32,1,1,1623,1623
secworks_aes,e362496a09c3aba68a6d028ce7871cc4a9b6e57a15f3a8a04856945a850d704e,1,1,2044,2044
secworks_aes,e378a989e21874a8bd0a58b33ede6aae28bb82c1abc08bb6adc5247fd3775682,1,1,573,573
secworks_aes,e3a01c415be1485bc84ca5091fe5a3b235e87227aa08fec6a537743dcc98fa85,1,1,116,116
secworks_aes,e3a4ae3608b9038ae87b5a42fb5c90d3cf096ff4ee46733b95df63824891d40c,1,1,1319,1319
secworks_aes,e3c553b05e3bcb1f5b5c15198f336d49abcd4fb8508826e8193faee761057b5b,1,1,1273,1273
secworks_aes,e3c60f1adfe290023a081c33ffbc8f2b86f2944cb79659c0aa54f5d2e7e4bf29,1,1,1187,1187
secworks_aes,e3ec36bd853bd86ff689fba7c2d9c34ced34f227aa9075803b58fc4d714a2327,1,1,149,149
secworks_aes,e40dc1fe6c5f69e230fa6ca6e7fc668ee0dad8578e5f2a4a8ba93694c4533020,1,1,1144,1144
secworks_aes,e42e02b2e4041a0256f09bd0340b64f57845a1ca0330c16ee5b4e64451950260,1,1,24,24
secworks_aes,e44ce1268f56486d2283c595dec96b66968127a85087df021d8a08d971bc1249,1,1,348,348
secworks_aes,e4651a049e23edc8aaad12e5c00a08b2a156ddf2ee689d958dd47a57543b0ff3,1,1,618,618
secworks_aes,e4708eed477f1fa67f676901585df225b0a4c370d39059edb4d931e5664780ca,1,1,1081,1081
secworks_aes,e481103a41675b19c747d0b9a41c024c834a147f8e7532459795bcc329da28f9,1,1,1997,1997
secworks_aes,e48171403fdfe08a9c797e2b3d13bf169496f96b3d9fa7c906783c48306addb0,1,1,775,775
secworks_aes,e492a64a0fd29211d9a2a247701dfb91ac0b3f11443d5b81584aada6d6c2604d,1,1,683,683
secworks_aes,e4a85c014724415a0a1c578fd0f896d6fbd46e958ae25f825bdf1048f6d5bcb9,1,1,1952,1952
secworks_aes,e4ab02bfb61e7e2c7310c95c6c92a5a4ffc6dc0f6cc2fbd51c2dea519d2f7095,1,1,930,930
secworks_aes,e4acae008759f415348576735986679e737ba85c9090adabd83eef22aa4638c7,1,1,1849,1849
secworks_aes,e4afb0b71f265f18cb29aa61d70fec96276469938a25dad1508030f3bb267157,1,1,2021,2021
secworks_aes,e4c454521e8cc73f43bd6b3599eee7e90a2dadf9de3119480cd6491f76806817,1,1,1270,1270
secworks_aes,e4d3ee0fa4f45a05c19cbb9e7e3164f1a50cb61d70cfce6bda42972fa7786d8d,1,1,1215,1215
secworks_aes,e4d4291a39c4aa8f4b3f01b081aacfdab0671b58d633fde0d2453edd78954cb1,1,1,1152,1152
secworks_aes,e4d6a0b6e4a88e7da203f764ebdf0fd3ced97a74cd166e13a32dcd3e768990b3,1,1,1920,1920
secworks_aes,e4ea4e1def303d4e3a91906f84edfcb3b8a493875dd9a761d725bec3745d2fb1,1,1,577,577
secworks_aes,e4fab04532be218b8344bf6b55cb3292a7d8dd4a7e66d2baa671aee262042909,1,1,530,530
secworks_aes,e5036ca48b833f156446de349d7415b0c4283ed441236d31a32aae40e14f8542,1,1,410,410
secworks_aes,e50a0bda5f1ce15bd1dd3e426c1f5ed62306c06d5931dbbc4a1d40c0adc58d57,1,1,392,392
secworks_aes,e51d5e457456a9daa0764e7a0e24e14cd83ee7d93f4d8205f506b3ce6ac21411,1,1,1671,1671
secworks_aes,e51db43e8a720a59613c4a030d62aaed489ba4f96a7eeaa8312eb0e30682a3dd,1,1,1582,1582
secworks_aes,e522ac4505dec9ec8555287cab90b5abd84cd01f5afe79a307e232cd031fc7ce,1,1,1784,1784
secworks_aes,e52e9d7fbec97dff9467e015856e9fca282d28d5d6e9f75cfcf64e4467b286e8,1,1,343,343
secworks_aes,e538abbceca891cd71ec69dd9f71f5c49b820ad5c331d408c77a1ecc55a8755e,1,1,721,721
secworks_aes,e545b4c5a3315ed7eb4f08eb5e5eada6501fa8343d3136ec8a62b971b2078760,1,1,1132,1132
secworks_aes,e55cdd9aa80f1562341fceb767c23905273bf0014c88346b28863da43ac1fe5c,1,1,1754,1754
secworks_aes,e56728d56e4148f871f2e352287d988206faa288bae1ed10105b7309cda18219,1,1,1699,1699
secworks_aes,e57f49ae2d3d04066cb0f25e8284e7a86dea56df1fb6b440b1bd533e7ccad261,1,1,1903,1903
secworks_aes,e589088055e90cc505b0543fe7e2d8da669b6911288ad5803902f1e0519d82ac,1,1,1279,1279
secworks_aes,e5967757eb43f9b9c451e56173fcca3277d9a5611b964c084edec437f5cb4487,1,1,760,760
secworks_aes,e59825b5507219609af47d5521ea35515bd1447b0f7ff97263efe295758f4d68,1,1,152,152
secworks_aes,e5a9e281a7afdc17c6b11b4837e5ff2904188a4bbfb309925e318d0cb1924a8e,1,1,809,809
secworks_aes,e5b873d13eea7ddc68b5e1fb8cfed491f0ecb1b99e8a48453b59e55cd81c2cb1,1,1,784,784
secworks_aes,e5c1980a6794ad1006ae93689db12ceb64f2b69781ec6b9135f27cf03ebb7637,1,1,1513,1513
secworks_aes,e5c77158a6e42a387a265f931e7a9e48a6c79a8fd9f28b08780ef968fb6fc417,1,1,1665,1665
secworks_aes,e5d9ade4b4b151ad72b023763ba20414f4dd0f2a4f7a6991758d857a96a8da73,1,1,959,959
secworks_aes,e617072a612546302920737eebba4982d1233b94298c99e0f65e5a7f5424c3cc,1,1,1545,1545
secworks_aes,e6337f4c5e8443e26e171e4c016d04926277c55b9afa3f09c184ccc6a07446fc,1,1,1719,1719
secworks_aes,e642305936d9bb2450f8840cba7d4d3cf1e97a9ce01ff0e06dc5d1cef0df655b,1,1,634,634
secworks_aes,e65081b693e3b072a716d7618273e0d27c886ff611e237d5601689944969f8de,1,1,1876,1876
secworks_aes,e652a2bc4f243a4541f5303d5f18e67a7426ed2383b0d6e63eb0ccd713a59912,1,1,1235,1235
secworks_aes,e665c8d58e1017e5467b6580ebdb0dda3b8ebe7d705fabf975084cde93cc9d8f,1,1,1857,1857
secworks_aes,e665f4d6f446395c1973cc2920b5e6ebe0da3ca9aa1ba323e06cbcfc0502aa0e,1,1,1512,1512
secworks_aes,e667eaeb6fa3aa2d34cc7efd95b1915fc9b6ed3b463478cb3c540026d206c253,1,1,402,402
secworks_aes,e66d86fa2c0b9d8aed63dbdc032c2be18ca1a64ace6c800191ffd1a8dc082a8c,1,1,1389,1389
secworks_aes,e69790acfe0645c7525ef7c52f65069cbfa2bcd47159f5edad74831348e9a320,1,1,41,41
secworks_aes,e6a0b70231e889d9b486bd310c160cb3c8f9af9e850f7fa68acf81f9ff5b1c91,1,1,670,670
secworks_aes,e6a0e6850930caa61dcb6d29e64a6e55ffd6a6b17353d0fac5a3a3707ccda4c3,1,1,1953,1953
secworks_aes,e6a665f101d7523bb1745e87aafc3a05cbf16ce92dac4bcb639b51448e08c098,1,1,810,810
secworks_aes,e6a80d274a26ce3d5e347fadec0ce8e54e7575e8af95c659b31ab3dde82a7711,1,1,355,355
secworks_aes,e6bb486b67cd642670afddbb8449512150a50b751e49fed35ee26348b378481a,1,1,69,69
secworks_aes,e6bf39ae955b0f9d58fdf6efcdb136530ab97755e9e96aebbb2f273a02bf9f0b,1,1,976,976
secworks_aes,e6c555eedecd927c5ca89cd10a587bc92dcfa42ad7428153326ca3cc0859f002,1,1,550,550
secworks_aes,e6d928456104b6c1f10d4a9e98c908e544ea005260ff707d07ebafd111baa609,1,1,1605,1605
secworks_aes,e6e3fd81c7b83b4226c5cefec2dc8672f964e6cdbd90a87fc3f687e423c86ae4,1,1,1470,1470
secworks_aes,e6f06d0a7a09eb01d4913d4ea5ddc9de1a8062c12fef3cbecd8498c7a90e649a,1,1,369,369
secworks_aes,e731d7a7b1a05f9f0b8d19ee4738a1c277bff774ae98a0147a95aa66aac2dd50,1,1,1992,1992
secworks_aes,e741ec45def77180ac4710f0ea623633bcc55e51fb9be23409ec42106f0b0d3c,1,1,299,299
secworks_aes,e74287c05bbd7df99e96e10392d35e734a94b87175f76c29ced48fb0e5a62af6,1,1,481,481
secworks_aes,e78cc84a42b0a469ebbb68b300ac3037cf05dcc886ded46f848890524664c786,1,1,816,816
secworks_aes,e78f65aa7bfa1ccbdb138e0f7d9fae5124147ea81366c5abf412163916476b7c,1,1,180,180
secworks_aes,e7ac8db325c89732dad319da8c6d659531d420dd6eab5d99c4ae47f901bf5c58,1,1,1732,1732
secworks_aes,e7b4cf2d733c845242cbe5d1fdddabef9e10a40b3161c22afa30a47c17362f1c,1,1,239,239
secworks_aes,e7bac5a733aa0c8f7e7b4950b327894e1891c037cd164e214f6e170f09e8a77f,1,1,1702,1702
secworks_aes,e7cdaf73bbde886766230d801b3171a7f61457db6a0bbef027cd566762c26d01,1,1,1464,1464
secworks_aes,e7d69bfee13b527f55674c4a3a8175fac1d5ac0f684dc863a86efb4141363c6e,1,1,1934,1934
secworks_aes,e7e586c535fd6419603492d93107beaf13f8485147432a99baa24b56134261ee,1,1,202,202
secworks_aes,e7e8dcb6f2339dadcf1d8d7fdc293d47cea92338a5d4fa2961cdb63032e6a8fe,1,1,2010,2010
secworks_aes,e80207aa01c598da97e3f825ea8f2f647dcce436abcffaa7286a4d13530e5837,1,1,15,15
secworks_aes,e84b4fe2b93de2a9893508d483feb91fb3c06941749f35927fc8cf64f9652957,1,1,2029,2029
secworks_aes,e857ee967bc3344c15e37bc70fc82eed655644f830bc138ea1081b3f75840a12,1,1,980,980
secworks_aes,e874962dcedb9ab50349965ae1ab4f396a194b0cf66979f0b69ab676899db413,1,1,1378,1378
secworks_aes,e880c6dc4811bc6755277989a93f17144fb61778fd9d8756f1d52be5e1dc6986,1,1,1828,1828
secworks_aes,e8a591e8109ba99bcc4b58fa7fa75c89f05431d8d80ba4fe1ef81ec4a7fb40ea,1,1,1292,1292
secworks_aes,e8d37581ea54e40aff1ec6bc93e7c2c3a8e4a7b724f512826fa347acc691b9ac,1,1,1031,1031
secworks_aes,e8d3d4ac351301238c476e0056e5a4a1f434feb4798537c0c1300c6b836e5603,1,1,1668,1668
secworks_aes,e8dc652ac6dd310a8a881ee4e657a3d12872db36447702652c4015680f677d7f,1,1,1037,1037
secworks_aes,e8df36e80b3a457cc68b3f64496c4dba528a951be3a5cc62ffdf7407c94f2605,1,1,945,945
secworks_aes,e8e029d3ff8cc77a0ff4eb8fc5e6aa5e8946a8c5aacdac0da827b7b9b4fd42ab,1,1,322,322
secworks_aes,e8f4d37ec8aaa507b4e62015a034fcf1183898bc96f2bc60d0acd1c4888174cc,1,1,1099,1099
secworks_aes,e8fed3d8d25182a63016831caee57b16601ede9eb042ffa43567c1c56d03a245,1,1,1573,1573
secworks_aes,e93e562641ca928e7a1f2a1005615140883617691965709bfead73c584c4bffa,1,1,1851,1851
secworks_aes,e94cbcabc49891aa7ccd0bc714152ea9242c97ce12410c9bd9fb4af2ccfe2d19,1,1,328,328
secworks_aes,e95e6fe116e048393e5fc1eb3ce8b829b403ae1ddfc0fb14ce00867d2d80a933,1,1,44,44
secworks_aes,e972b213772c4189fb6009fa10a6947b01b1a21c52b3fdb7979f08c50b3f93c9,1,1,203,203
secworks_aes,e98752d45786c157bacfcad9a23f54a9b65e0c30bf1089da3f9c8ef522718f0d,1,1,156,156
secworks_aes,e98ef0a10434e667b077f8ee44182c6916799cdbdb6790b9d864829c69315532,1,1,1816,1816
secworks_aes,e9c6ca8fc062f7743ec768ffc6b1c0a1d52fdcc391af75847ff264ba8e40d274,1,1,813,813
secworks_aes,e9d16d52d10d31739d915abad90a7bdbfc585e30044225561051e64ad4346998,1,1,1711,1711
secworks_aes,e9d3ac78b35b82c854476c23947709b8a96f20e3075210e72129154a45d09db7,1,1,1366,1366
secworks_aes,e9fb04aab2031306c381193a825d8fd5545f3be3051e5a7c42127d169757c8a1,1,1,1151,1151
secworks_aes,ea27bbb109d3df6a3dced4bcc947f1a6901de306e4d6b1a721f9070fa2d23a3a,1,1,375,375
secworks_aes,ea312e65de3498650e424186ab99c7642c466207649430a6d2d3768160bbc063,1,1,1896,1896
secworks_aes,ea38aeca42d12cae494e86c61f22a99c5415d6a9c644b1a079f1313af502928f,1,1,906,906
secworks_aes,ea395d0359f89c149a4638775f149310a73c8cd5d32ccb8382948e01e1697010,1,1,73,73
secworks_aes,ea4d2ad53ba805eb618751b4c5d098a62a3d1831a2e7b1a1de416eb3ef2a7be0,1,1,305,305
secworks_aes,ea56157b7c404ed667c7cc0f56432c80d134274ff269ac0a779836d106acbdfa,1,1,1530,1530
secworks_aes,ea7da7bbe9f5fd7b600f497e275edd2fa33c5a7575f0074b16bc0c2987ffac63,1,1,49,49
secworks_aes,ea891e18f86fc42e34b16b85d23e6c44ef23b8a4935b43d0e4664193f5cc4bf4,1,1,1994,1994
secworks_aes,ea8f51cbdcb1cddb44c73c263e8263640602bbac461aeef1881fb8fe742145e8,1,1,632,632
secworks_aes,eab6751dd7d9288977482fd241639ccca33ce28956559ad31c7c195b89fd4c02,1,1,615,615
secworks_aes,eadcdab7f00f90ad3a13c307698711e691314c88926e160163c2fcb36e09c374,1,1,1024,1024
secworks_aes,eaebf878aa72da8668c318891fef3b065b18364ed6289aecea1115bc6f2fbf0a,1,1,1272,1272
secworks_aes,eaef038733f80c4f68f521a8465030bf103f3aa4c34aba3ff0dc0c33fde71ff8,1,1,1891,1891
secworks_aes,eaf1fd59ce03490a548c2681e72e039f377454a552286eed28e2b04e52c11979,1,1,468,468
secworks_aes,eaf3e2823a5b72584b201d0e94ccabcbfbd106a8b719d9c8a0148e44756c5047,1,1,1409,1409
secworks_aes,eafe0e8aab79e45eb579b6f1391d1572b978676d3e562ad0e646dcca43feec24,1,1,1393,1393
secworks_aes,eb04a376c7b365637278d9a2c74f3b05789e1d90b5259bdfe43be0cbb1705ed0,1,1,826,826
secworks_aes,eb25a02271d6996558d8121c8f886b9f6ea14969f1e760c2966b2af63dd171d8,1,1,1562,1562
secworks_aes,eb2b70ce0f5b8c0dc4186a7078e7b28be9e39f8bb83ea826161c22dd4b18008b,1,1,1036,1036
secworks_aes,eb3d36bcb60c429a14b5c04ea58bcb489f147d88fafaf58a196a37858aa37648,1,1,822,822
secworks_aes,eb3f03cb14ab9760f6c8fd2dcf71536eec57e31fb6b7e9208bca8f7bf52676c0,1,1,1469,1469
secworks_aes,eb46030d7ae26775292c253ed31e9935090f740bfd4654bb9edee1c10948a5ee,1,1,1476,1476
secworks_aes,eb76addd1d22c1cbabc1ff67575d1a9102cbfd2dc9a1387e190a18f78c4f1e84,1,1,1240,1240
secworks_aes,eb7a9bff0c7659568154a660cfed6e175d317eab945a972f3b9756ee7d6df8a7,1,1,1847,1847
secworks_aes,eb89d6b112e1992bc9a13eff491f47bc44dcc5fae2546a2f80cd2af1c07c8181,1,1,547,547
secworks_aes,eb9038c0b7c94b061fad46b4907d2138ed55cdaa31a155f51a112c42dfe36140,1,1,646,646
secworks_aes,ebaf3042d988d9e8bbf7d25fa0e190f206879499aaa2d3feee843a2a25273d1c,1,1,381,381
secworks_aes,ebb039f844f5312fad401ca795bc6ea314f34a089dd66adcdba00f36e5a1a28f,1,1,1434,1434
secworks_aes,ebb631c2df794435369088d3a6c24047883a4a79f62c8b4b20079ec7da04c505,1,1,812,812
secworks_aes,ebbe6e71242b9686f48b5381f3941638968b487afcfa5e93c53661d6d3d552f4,1,1,953,953
secworks_aes,ebbfb49c29e64b24624de33daad9157e452d984a222e29a73947bae49efcf0e0,1,1,825,825
secworks_aes,ebc085e5e180b7eae59a65492071903e6eb1a50855553b122f0e8be7324e63b8,1,1,1938,1938
secworks_aes,ebc8b72ce47d8a5003c5d45aec3c8217c44a3612833fb5ddab71c8172984872e,1,1,853,853
secworks_aes,ebd4e3aaf04b49db25d9521a64521bd0654327baf5fcd8863aa8f425aab0421f,1,1,769,769
secworks_aes,ebd74b96bca559cae31b46172218471d610b12b664674608a401b148646c0304,1,1,1788,1788
secworks_aes,ebeb339088058c6649cb6753f7bdceb3e2fc9e6860bc1a0537e05e10fb02dc69,1,1,1513,1513
secworks_aes,ebecbed3e7b7edbc17eb2c92f8fe5ebd57edaecee08497770e0e7bf91e51c66c,1,1,820,820
secworks_aes,ec06d4042b238f0160262696e182eb7c2e5b9fe03e5cdcc58879fd11f70493e4,1,1,817,817
secworks_aes,ec0f007c1dec6ed57417aa2135bfaa4800f9584e947a4359df02f71e65eb7c53,1,1,653,653
secworks_aes,ec16fea105eb4ac6ad4ea4ee3e0d221fc75fdf84e4340be2c236929503ab4c23,1,1,1746,1746
secworks_aes,ec2e624e9f344d10e8fb6ec8bd020a7dc8728320953de69d82d5727c8defa41f,1,1,1607,1607
secworks_aes,ec36b85a32b62d002c9b9bad5e78e270bd9179bc0e3b72e7dd0b63d64ad0c51a,1,1,1427,1427
secworks_aes,ec440e0a2a21e269bc6afa6056b6c6bb0911e96a36d71fee491bd5604171d0c8,1,1,1855,1855
secworks_aes,ec44102224e67c2048c2e110bec031ba343acfac41c559e447aa078b8ebbbdb9,1,1,1953,1953
secworks_aes,ec526b6d0671111ae183c7225d95d936dfd2feafdc24da7fbfb462be3118e900,1,1,1717,1717
secworks_aes,ec8ba229cfda99c1d4b8a1ad00c5eb1c44bd256fd1a5c3b0cb990f6a12092608,1,1,75,75
secworks_aes,ec9bb2bb3017f0eea6ad3aa3783b361fbe30cd79f7fc54dad0b900eb3ce2175c,1,1,788,788
secworks_aes,eca343c07b211787a4d3ecd7b2530090bea87204e26b477288d0ab2029c1cff9,1,1,841,841
secworks_aes,eccd6806d1f7984d704ce2bd086d7652f03f11d0aaa77840c5ecb6e483561a8d,1,1,1667,1667
secworks_aes,ece3a3ae22b8ac7e1af6f8c02047e544de5ca8d0c76dd1f25c7ca526718016e7,1,1,1237,1237
secworks_aes,eceb2a692a2c1242a66b3a18a902f098724e0ece49d6d527b1f1bdbd76bb3efc,1,1,1977,1977
secworks_aes,ecf61da467bbac0b8c67ad2b0da38065e0229bc92ec514c2e3c849a6718aa2af,1,1,1948,1948
secworks_aes,ed1cfcadbbb07232898fd37cecafd942e29dc73e6ed4724f843bb2cb30bd5a54,1,1,1586,1586
secworks_aes,ed217737724f220efd2b39d20592af8de3ab60dd3cf7befd3ebe63f78fca8742,1,1,1984,1984
secworks_aes,ed3900ea56c3f8ddc2945d1a68c2d1cfe82ac3c2f99661bd3eb387d0e279f259,1,1,636,636
secworks_aes,ed3e8eeec4ec9b561946a609c59125762b4d9d46129227879d98b83793212d29,1,1,903,903
secworks_aes,ed450d2cdbdd2e834d679ec220fc13d5fb71c61d26c67e568b6411c19941d843,1,1,591,591
secworks_aes,ed4df3d6dc328caa046d9e19eef855e9d7866300a3c28e08ada943508095b881,1,1,1966,1966
secworks_aes,ed60c0ecb46e87861d255640fe4bd835a761d608740d4d33e988ebc07dfd06de,1,1,1760,1760
secworks_aes,ed6a64b6ec385d7530fdd17e9c184ebdb8acad3f078ebf7fed320d2e26c321cc,1,1,684,684
secworks_aes,ed6c6ff740204fb086cd7fa6ce4b9813f87f4297fa5562eb1246a63c17c38ce7,1,1,224,224
secworks_aes,ed7c6bcf7f6f3f15ac740a63186d28da16488ac2d960a3b514e98bd610809930,1,1,533,533
secworks_aes,ed93967bf3b51818f657450769c996320e85382b4ce0a02edb03f9ed75fded16,1,1,732,732
secworks_aes,ed9c719e6c00c3dccb1974aa39c7acdb4ae866e81fdf31bbd152d121b862fa93,1,1,924,924
secworks_aes,eda775be41904e1d26ceab7d11d027bad1080fe9cbb3d5886dae1c7761a89b7d,1,1,386,386
secworks_aes,edc11460c6f0a625e7028a184e2e6ce2ab8f0c1de3ee9f17fc42aee6d6cdfe67,1,1,705,705
secworks_aes,edc9d661439dcc5d415358e98f603d813380bf874bd0a22ba19ec9be916fe6b1,1,1,1365,1365
secworks_aes,edde598ca72028fe788eb4042aac0d94870782d4bfbe1931f67fb9aff7d0b408,1,1,67,67
secworks_aes,ede6d5eee66bfcd95312b06f749743724226ed9de8e5b6c60e7e0f1eb70a0ff5,1,1,832,832
secworks_aes,edf0c48d64db47ce65973672e5f0f75aa82287f93a96317ddecd7b2cc818a819,1,1,315,315
secworks_aes,ee0023c0507176047aaca656a37cf2983cc75841e1802e2b7954799a06097cc2,1,1,310,310
secworks_aes,ee0c1b1b4f0ce2c9dac75d2ea4f4f231e953f9b095ecbfac02606bdf4ff3261d,1,1,1401,1401
secworks_aes,ee0e089b973050492357c87e6dbdd463a5d321860cfe5de31bec142bb128afa2,1,1,425,425
secworks_aes,ee1a85eb041fe1b674aa22d68743d83842d7d4749eb6e14efc887c389e79ac67,1,1,1772,1772
secworks_aes,ee3fc193295da1ca057030b8a0702296b0c21f34079570aab50079333acba9ed,1,1,206,206
secworks_aes,ee6a853823eb5d6b4b15821cf96d7ac5ce72ca6a3a9073939f2cdb593dd803b2,1,1,515,515
secworks_aes,ee748d9b6d7997b448c3d740a0f6ed012e3ae73f0893f2db7ed2b5bb8b30bfd5,1,1,1094,1094
secworks_aes,ee8ca7ca9ea57cc62a1ad1d342ee64fb43d32d27885c99656af8baea64124c3a,1,1,1542,1542
secworks_aes,ee98cdd9933f23a00e5d631c37aa35466ec7f29e17474c2b895ceeac49828266,1,1,1540,1540
secworks_aes,eeaa9ebaa33013e97f114e1eca22a770ffc153b56b777c46621bdeba95bd2e32,1,1,1242,1242
secworks_aes,eecd5cb5eca2730bfe1e216bd14a4ac86304f63e6bad7f35b964ae25417c55c5,1,1,51,51
secworks_aes,eedbc64b193be886c89b88d688ec8f13fb540732ea319f621fd2ded49149f22e,1,1,1552,1552
secworks_aes,eef436d6635c5fd32bea6eae2bff670dee8931f2d4125c444047cbe28a8746b8,1,1,591,591
secworks_aes,eefe76cf69ba43d989541f2d626753a71d134ee473f0a0812fef8f5e6161e13f,1,1,109,109
secworks_aes,ef166e8d4cd4767a95bef8757f279e7fb32048085a59195bf35a22fcba2d88be,1,1,277,277
secworks_aes,ef1949e0ce962494f5e4c9507f9c5613b7ae85b0983714b794f3c3035b973eb7,1,1,1743,1743
secworks_aes,ef1ca02a862a70dc635e8a0d5126db45b6c35a3f8f642ad4c0379c2318d1093b,1,1,1534,1534
secworks_aes,ef40b59f8b601609bc351f401f8eb495b31a78b06f5161352be1858f8fb1710e,1,1,64,64
secworks_aes,ef6d3760705e0c0e0436ec768359ec25aa96276cd7fac08120a4a52e65ee6837,1,1,1990,1990
secworks_aes,ef745efbf53c58f7671a403bc4a99f55bc6082150b0a5eb87f6797b0288148c4,1,1,1948,1948
secworks_aes,ef80ab9c13e8d714ea7faae694af04831c82c7ace7f6a3a12748a18d14e563fa,1,1,1060,1060
secworks_aes,ef84c54d0f1918f4f10fa45c6c6a0b59a5c87bc93baf9cf1f27e0c5767f65c5e,1,1,905,905
secworks_aes,ef863842d07d5247e229448c6118a9405b0ee552bdd4ab5b0d12b5db671f4f44,1,1,430,430
secworks_aes,ef8da6d710f4552fdd8c64c83ae3d10f5017053139a1ee4c38f7eb4e5f189cd9,1,1,590,590
secworks_aes,efad1a6c207f2a540ffee017ce963109ae2905bf3143eae188c7e38ced936f72,1,1,501,501
secworks_aes,efb9eb9045ba9a9c787af69ce2361a1d2fa4df2c1994ba288237e75db0d68529,1,1,908,908
secworks_aes,efbd7936ff088ff2f6d1d115f5e7f17a8c53b1ca88f7a7cbd726a6afc57ac3fd,1,1,368,368
secworks_aes,efc109c4f98c1750dfb7d35d004dd6a94dcb7184993687f2851c5bdaebc4c8ef,1,1,1170,1170
secworks_aes,efc3f05ae39b1706c3183be5d4153b3e0e88d0c93496dcf91cadaa48d3bf3c37,1,1,1497,1497
secworks_aes,efc912b433cf9d59082abb9267404112bad4a7e6cc7dbce2bc476f6351a41da2,1,1,1421,1421
secworks_aes,efd7b8a0406eaa5b1ad9d70cc4668b1cf62e045fd23095db1ad11097985c7823,1,1,1751,1751
secworks_aes,efe54fac453ed8f341681e6161bc5f2040f93b1cbd366f3aad6e86f84e884dd7,1,1,1105,1105
secworks_aes,efed44d7062cdb7f13155b3433ae48ad12ff39631227a70a2e207466d5e5a5b2,1,1,1605,1605
secworks_aes,f014bd337f8b3101be43d75df6635b1e752f93167f49e7fa3cf326ffb9bc88cf,1,1,22,22
secworks_aes,f0469dc392a37b694df7220986dd2532c9856bc52599e0b5b16b3b3efc5676f1,1,1,371,371
secworks_aes,f04922ecaf8f00adfb9ab68e57aac05096e3dde6c9d9a066da71ebd77e6543bc,1,1,801,801
secworks_aes,f067ff7637ba231d39faf419141f747845f1673806b1a72214242b5c7af1a339,1,1,986,986
secworks_aes,f077ee3b492ee4e848447d09d8ead3c32cf7a9b40226554a24313915b441fb13,1,1,680,680
secworks_aes,f079eac72633f23f41f41b69f00ec39c1d07ef8923d98366bd06d1b717deeffb,1,1,604,604
secworks_aes,f090d982c85034e663b5f610b0cab152a3436f398fc500bac4a53d8f0fcab9ce,1,1,1330,1330
secworks_aes,f09c30dc12b905b373e95f04d8fa868653640271336ffd1483117df1ea1953a3,1,1,6,6
secworks_aes,f0a237915a42d9ffc7bdf38c8b7cfd516cdc5e97664d22f1fe0be843cae344e4,1,1,1628,1628
secworks_aes,f0b182f228107e242b555e46efbc952a0b708cb612725cdb9d42108873a3c10a,1,1,1369,1369
secworks_aes,f0c8f7e1cf585afb50ce9eb5ff71dad2c740160cf7997b54c744163fa3df23e4,1,1,112,112
secworks_aes,f0c9cb4dc6fbec8d96185bb14afe7f422093a785b35dbe99d4a20c5aa0930009,1,1,1598,1598
secworks_aes,f11692041c6fd9cf67b9a23c9311a357b952fa4d73bc9b7402d1f5b524e16357,1,1,1417,1417
secworks_aes,f1222744ee65137183c881d3343f9005597fb2afee48adebd6fbf8d99abf73e9,1,1,1361,1361
secworks_aes,f13adce355d1ba57323d84eb66d58d635e4a1eeaca51c5d497d42ff2bcc0b65a,1,1,1020,1020
secworks_aes,f1557d78c1dfdfc19d0e750f4e1b8ed8f8abd10d2766fbb562b5eb59cc577fcd,1,1,989,989
secworks_aes,f16409774ced562cac42b04275b2ada551a87088049c6e42ecafaf28c38f0aaa,1,1,1070,1070
secworks_aes,f1654da5650ff0aa5aa5fae642739f0284cfab729f01e7bd0b03bdc40d2f9ace,1,1,831,831
secworks_aes,f16a02fd3229fe9afb6560efa396fce68fd516170cf4a65ba8dc7f95b9651c93,1,1,1124,1124
secworks_aes,f16cba09ba080856573282f7b7329bf07b07ca25c8d1aaf68518f3dc2fd646ae,1,1,1878,1878
secworks_aes,f16ed78bc8962ec27494fe5bfd6508e60483bdce697edfeec1ea25f3cff60815,1,1,202,202
secworks_aes,f17aabfc32982c1c357be20c6baf62b0d177e0ed061d7259107f15cfe86bc0a5,1,1,989,989
secworks_aes,f17dc3454f6d23308e05ac022ab9b780b9eb3dad59137ef9b0abb43171d7c5bb,1,1,535,535
secworks_aes,f1831a160d07b26aadfc273e1644b33c458298e00cb79a1ce3378fe6948b1aa6,1,1,1120,1120
secworks_aes,f19b96a3f64f1cf4c8a584ceec3fa337762b4ba08f11b86c9e804341043f4405,1,1,580,580
secworks_aes,f1a2436f0f8499df5cd5885fa9d5be9fa0e63779ffa9de5cac3f3803440b6ac7,1,1,614,614
secworks_aes,f1bab1e218b327da9b925de1bad3d6f70f20bf9df0663b2dd3af10ffa3b3e234,1,1,506,506
secworks_aes,f1bcc39abb37a7465018dfb1ea2391ea75af3c69854b5026b1685991c67ef444,1,1,274,274
secworks_aes,f1cd6d5e06bf732d3fc9c9e6f3680cff0a722d90039aa6e196edca08035e9e60,1,1,1922,1922
secworks_aes,f1f39459db19a6433db67a4ae0e3cb598311dfe3d4ea76fe8fa89be7a1e919de,1,1,1892,1892
secworks_aes,f1fa56504d0c85ad9f2cbf660d12ed12bc813f1a2c6efa91af925526aa50aab6,1,1,1857,1857
secworks_aes,f1fc04f699479124a0a229344291dbe12f6030fdb0912f5a52c86f49361f12fa,1,1,663,663
secworks_aes,f1fc1366634d874b0941b0639ebe5f619d84ccf5d5113fa71bfc9d5d51d6e82d,1,1,1458,1458
secworks_aes,f1fe4ac1e406a8a2ce8c45715a900cd56070ec8732a6c89bfd1fe789f558b192,1,1,1979,1979
secworks_aes,f201abfbbdedd2755e559015b8b437a46bf6cebb46df3c18ef55e2cb60b3bc90,1,1,987,987
secworks_aes,f20500a300a263459aa2faea3acfbd7dc9df2557655fa74bf00335d4e24fb402,1,1,313,313
secworks_aes,f21e3c343ec2a00aa7be76122d9789304ac5551a178a67751529543b99ba7251,1,1,1173,1173
secworks_aes,f247a30d4c92bc5899a8e06476fb9eb90fd85989e221f148a49a6330df2c1507,1,1,280,280
secworks_aes,f25340089e704c977e4a360393e372c1935cf8c17a59458d8b943a8f469b3b46,1,1,1819,1819
secworks_aes,f25c1abd99519e8594b91d991e064e45290835ea47fdd7d7643516b5c84d3abe,1,1,1216,1216
secworks_aes,f25e9e4b5a6bca6e1266230e445c01971287c7d8f7df5f72b7e5a7cdd1841cbe,1,1,77,77
secworks_aes,f2650012e5a0380d313f08ddea4d72c8fca16675994d5ad644056aa26f824297,1,1,2028,2028
secworks_aes,f2703c8ffa5c867465562755aa037d5c5a5a1d5b6c0c49b95212fd9d69ecf634,1,1,974,974
secworks_aes,f27cddd12d00bb5f618e7d289b545ef0d3eb1072393e5af54a99ecade4fb0572,1,1,329,329
secworks_aes,f2879b48dab34a85e47eb2a310cc177dea46351c8610b5ccd2b54108da2fb9af,1,1,937,937
secworks_aes,f293df23b7088f41e733059483cd42982f9e564b5cfd48da772c7d1046ef06a4,1,1,933,933
secworks_aes,f2bcee5b0599e294ebbb2c9bc54aa6a420385bc37270aea3d5cb8c6f3d644b26,1,1,407,407
secworks_aes,f2c7c05f34b9c909685ced0f3858fb077bc63a34f181760c54ebb48b435ef36b,1,1,1538,1538
secworks_aes,f2c8a40f2a0584456fe816249f2cf96939313224a26d69f6f175f1d008d7ba05,1,1,1558,1558
secworks_aes,f2cdef0f5a594bb500aa86c98dad6781bfd8ff0aefbd4fa20d00189e7c97ad36,1,1,1706,1706
secworks_aes,f2cff3fb630bf5eed270a2581d6683090b4bbf3c54ae3e8028bb176c78d55584,1,1,477,477
secworks_aes,f2f216d2dfd647c45eddd883b0c4c083e6de6a8b7cdb57c5085d0495a4ceb8d3,1,1,821,821
secworks_aes,f3121f56f0d23e3081b9cf195a27dc803c053b91b4a73f2aabf511d7f496c364,1,1,1796,1796
secworks_aes,f31e3a5afe31c159617018cad86182c3760f56fd5793595e60bb64a53474a20e,1,1,347,347
secworks_aes,f3203ade8317aeb1555acc707af5f337d8fc406cae8584f1acc462b882a65663,1,1,1221,1221
secworks_aes,f323b8565068e736162650177ecf27594d9420ef9c83bcf671d1778d4cc05732,1,1,704,704
secworks_aes,f32594be1c01a27791a7261cddae5ac066286ea0eabb3950788457a30c48fb65,1,1,929,929
secworks_aes,f325ca7cf091dccd89ea5739688a5e7f9933bc08ac4aaa872afda4afe5ea971d,1,1,1722,1722
secworks_aes,f336561d0597e7c23a1e76f755d83479cfb01cbac66aca05fcf80b9bdda54440,1,1,459,459
secworks_aes,f34449f3b3d73b73061a6bfea25bc82690c7f32c780a3311a42d03f94df91df9,1,1,1907,1907
secworks_aes,f346ae8df4a01f8a8d0dc0ddcd3457cec4b8e86ad6a779441755bd5c01c1654f,1,1,2041,2041
secworks_aes,f34c12b902ac6ecb793a2ad820fd6c1f7c86f3d41cff4aca645db557463c9aee,1,1,35,35
secworks_aes,f365b2039c6df30b0617ff7bfb2946b0263a8dade7ac3cae06acc9bf86265de9,1,1,1875,1875
secworks_aes,f3713f0e9ea1f982ffeb53b12323e8e708a7f711da1632744406eee2313313b5,1,1,1296,1296
secworks_aes,f373a06815a39f2f8e314fb94b7bfbcc6df0db4fdc236260507c7c0a6d02e5fb,1,1,33,33
secworks_aes,f381a268e98590ae7669025c2dab54e0dd462da049c621371371e59e89449586,1,1,1868,1868
secworks_aes,f39a51cac15f82913be20b97e03c4e6da2cbe503906dbf48e3637bc83fdffdff,1,1,843,843
secworks_aes,f39a7031c21110d064666911dff9af5a7de310b219e366f8299873a370136dc8,1,1,1140,1140
secworks_aes,f39ab8b4db13b21db47923467d9877439d4f34c35cf29e9cdb8751e03563d430,1,1,1358,1358
secworks_aes,f3a8d68d08fe99ba164f1e60077073d24f8dad7a75cbf50c6ecf451905e30f3e,1,1,454,454
secworks_aes,f3c85d214c7cb3d2d378c270b543216d369f9ad13d9f4c13f35ef4b05034cbb8,1,1,1326,1326
secworks_aes,f3cb3f8cc5238253432cd366bfe28437994b5f7f3694790a40dd576ab8c0f4d3,1,1,332,332
secworks_aes,f3f32f1a865dcd86915a3feb3d8260b8bdb8ea5eed0b1f7ac95fed6ad0b8febe,1,1,1615,1615
secworks_aes,f40a786930d8d9537a9eaee0a9697c5e6b00540da537c5f44265cc2b64ec5a20,1,1,1472,1472
secworks_aes,f41a8ce3b1bdb9aba9fc2225769d98e4019c8c278efdefdaaff0a6d9fff289df,1,1,1069,1069
secworks_aes,f42eb0620484121a0fe2c41e2650b87302cc61ebfdf99e8956e769426625c80a,1,1,1943,1943
secworks_aes,f432eb3aeb2c456c2fd75cf014441b488b59f8e40da8f6eac9b4058b08ad301a,1,1,196,196
secworks_aes,f444031275e9678722798a0d04b1600e7790f069071dd6058f0625a12684e1e0,1,1,1164,1164
secworks_aes,f460275a50664ece4025b8562e9d53281c6bbfaa85b13eb366fc1963286f2c0c,1,1,2032,2032
secworks_aes,f468d2d53fa01f5e65c192cad0c9aaaf2e41d5e407c31915cb4992da3b62124c,1,1,354,354
secworks_aes,f469f654d6347d43c0fe3365bc94f76867e207719a17241df8a4fb6165191857,1,1,629,629
secworks_aes,f46f292c11f7ae362e572039b91fede14176b6d165ce59e330a9375a364e4692,1,1,1951,1951
secworks_aes,f479c81ff538102e075658706b7287ee902ed5f64f735f54441888a7dae5e1a7,1,1,446,446
secworks_aes,f47e1210ba009498ee842c6480971ef799c8b494cad96be5926090dcc329c823,1,1,750,750
secworks_aes,f48109651c61bdadffa93b46d569a0cd1a06a867eef7bfc0bd47880ba5e6aa0a,1,1,714,714
secworks_aes,f4ac6553cd3c846f8f0a12982cc71855667cae66edca172dbbd34ea5ac5aaf6c,1,1,419,419
secworks_aes,f4bd12c4f4ce79b720c906965e48c5fb2e3d05fa4bdc4c478fac586f8737f3cf,1,1,1204,1204
secworks_aes,f4d09fffc4aba589e3ceff554982870c0ac6b07e57a4fb1e8ca795cc748898a8,1,1,1195,1195
secworks_aes,f4d2b4a9498ecdc4f414552eb13fc045cc7fa7bdeb62af2e5ddc0135afdbdcad,1,1,1831,1831
secworks_aes,f4f7e35aaea9d42545195035359fd582791c79100d6f3ae1b2a171a937219e1c,1,1,1419,1419
secworks_aes,f4fa0e423a511adf930f65d0b625bb9d5b6bcc22a5ee63ba0bf3e2e1a0ac878f,1,1,114,114
secworks_aes,f51a3d55ed8242d7014c6cd28cf94615a102bbdd463a77a7c2e03e7d35b2fd43,1,1,716,716
secworks_aes,f546144e1be00abf6c834aa4b06d25e861803a4533df6e8ccfbffdc44a1d9aaa,1,1,389,389
secworks_aes,f54e61b807b1f6f7313d9e87f271f1f10c54709d770cb35ed77c2b133e294fe0,1,1,227,227
secworks_aes,f55fff0979e21178036e8283837488392aeaa7bb4610e54ab0fff682b873c7fe,1,1,725,725
secworks_aes,f5771b837ab0354080b5a042eb1f85c240fc78531c9e7ed55a586fdecac75066,1,1,370,370
secworks_aes,f5797732f9834817541d323a7a2bdd42c3df25e85ff3570878a6fcd97b1f0d2f,1,1,456,456
secworks_aes,f59089d964b76490d2b19b53f202b11ac4e762460e97ae32a0a7810b13b25355,1,1,91,91
secworks_aes,f5a5de81fce6ca3acc8fac7ee44ab9bf96b5b58c8568f4295795aec2a6283fcf,1,1,1131,1131
secworks_aes,f5b9d925ef2604519097ca2423467d5e43b2e48dc0758d358e2a6b7df24a162e,1,1,1039,1039
secworks_aes,f5bc7770ec3223059419b29872d72774517fb8ae9218a431e52fadbce1f18eab,1,1,1965,1965
secworks_aes,f5c456913841007c67d4dfd6f3d5de571c13ebc66c816ba08ae0fff8304864fb,1,1,1815,1815
secworks_aes,f5d88c211cf8198acffaec0346251caa55b09e0a14b0d29c12d21801baa3732c,1,1,2030,2030
secworks_aes,f6248bf0e2cb7d4c05110faf6caf86ac9bb166ab3830eb1e0f074480fea5fb55,1,1,803,803
secworks_aes,f634f14aebfb39731a921abbc56a448cc0dc0e3c7864fefc0e0f614d253fa0f4,1,1,1002,1002
secworks_aes,f64fad651b0a629ea0a313707556357fa7b1367793aa294e2e2f57213932fafd,1,1,957,957
secworks_aes,f65f339fa27971c8f948c44e9012de2815b38e0f7497c44dc33d3d623acfa67f,1,1,308,308
secworks_aes,f66b55f886c757cc6c111f9156ed6bb6f462752beb47d4c49f0ca989aa2c9269,1,1,741,741
secworks_aes,f670377b7ff8bc0da8ccb15f6c81547fb88b58d36e630c6b674403c491757e33,1,1,1196,1196
secworks_aes,f67f9bf9f1d1d5233c62e1d42b198a7484f9f8a5f829a42d90347d6b0401100c,1,1,1498,1498
secworks_aes,f6819451d7d0ff486e8dc67f63c27fbef78cb4b4279a0eb00b04f26487a6be6f,1,1,1129,1129
secworks_aes,f69312f1aa4cda1036e43487b3b747f1cc72a1f0552fb85d5814c4962f2617dc,1,1,1660,1660
secworks_aes,f6a2fee9851f29abd05338a3c68e258ede7a79338d1a765fce97b335b569c6e3,1,1,1250,1250
secworks_aes,f6a6e46060ad131fc016df6dd6ec40e7dc524668d5c9b47de485801068914bf5,1,1,1683,1683
secworks_aes,f6c5ab64988072be03020ed8821a0991429c705a228edbdeac9d7c7a08f621e7,1,1,573,573
secworks_aes,f6ce53ff6f8dcfeb4ab6cbd810486ffb02c2a4fc5a6987374f9fdaa24409c2b2,1,1,409,409
secworks_aes,f6cf1045938ea666eb019e936c715a47b81d350c7077f58bed8e09713506a2bc,1,1,1809,1809
secworks_aes,f6d8d9c57c3df1614228f0c53360ca9cca8ed6ae642596f2ae1e2012ccdd6e4e,1,1,90,90
secworks_aes,f6fdfafbea5cc4741340e0a72308a728e296d2bfc13b4a5ac4e21dbe343086c2,1,1,2038,2038
secworks_aes,f711c76db4cecb3d29bab3c540d4146eab4b812f48375829f0af527f2b951da8,1,1,915,915
secworks_aes,f7189ba959ce791b6451af20296428df04d6323afaac77798e5f786b41135276,1,1,595,595
secworks_aes,f727caf666f48c68b9bee48ca4374132e3b8b4d9d7aaec2435bff4e5641dfbd3,1,1,405,405
secworks_aes,f7505fa49fd5a9d7737a77684b43ddd7279d634b1c0d321c46dc3d22876aaca3,1,1,414,414
secworks_aes,f76ca7aa494c86f24720c114781a40f4fe6246a8b681530ba65b3781c0ba0850,1,1,1512,1512
secworks_aes,f77897385c1c38b2f70785a1a0b3ca237e4ad0cc2de0aebb1154078f0c1fecb7,1,1,1683,1683
secworks_aes,f787e9339937ca059cc27c91077abec68bfb3ee65be3eecec7d775315e2dbcc2,1,1,844,844
secworks_aes,f799476d94e0466b92b127ca7e78880e14b19708b117a0f8a9d7699fd75810ca,1,1,359,359
secworks_aes,f7c487e7600b773515ec0928c9388181a4fcf7a397b78d21acaef96c005a50d0,1,1,1993,1993
secworks_aes,f7ccb8dc46390a02e00f5608994f259579d2f204d9219134a622c30b021876a9,1,1,988,988
secworks_aes,f7d39c4168e624b9b08e8d00b747a9944a43d57f117931690830a3239e1030d1,1,1,342,342
secworks_aes,f7de53f964e5f7c841900e847e65eae10c0c2a11fdb87f4c9ee227be7895ac37,1,1,121,121
secworks_aes,f7dea4848ed3648eb1abdd9f19edc64ded06761530c2dff7cc4a3b55f933d1c7,1,1,889,889
secworks_aes,f7f7ed57e5ed8d8f7f9f23128506da49e04c12c86842910aa40f1e797e9b32ee,1,1,1082,1082
secworks_aes,f7fbfe07251b3741497ba3b1feea4ca34d654987607216144aaa0d723e484016,1,1,94,94
secworks_aes,f816383310919fb90f7bea00ba8056ecae83ee90385927039933e6f2ed9e2e80,1,1,1221,1221
secworks_aes,f86fbc6f1187a12672939ef8eb9142edd9ddd57216076ebad725766297071853,1,1,1253,1253
secworks_aes,f86ff445e4694f06f365de25d28a56772a1e675c563400067d3d53935fa0ce6c,1,1,1543,1543
secworks_aes,f8d1ae4c243ca72a28cf15addfa9ba61332cd7ad625c9efc81d8775254fd7a38,1,1,592,592
secworks_aes,f8d976c0d199e265b1e9e3f999901e15194109285b64d3236a3386abc426f654,1,1,1183,1183
secworks_aes,f8ddeb726601085e5e7f7ef8b42c0f604f28a4a54d74a9b7578c393b8165aefb,1,1,746,746
secworks_aes,f8e2ca2c463af78b557d5b94ab64fc21a1427cae6535f0a5b9db996b6cbaab2e,1,1,691,691
secworks_aes,f911d266f5c9ec41dd84c82a26afb4d291684588a09478938387a6b8c3bb7b5c,1,1,83,83
secworks_aes,f9184cfe0e53ae70865d006074bce53faf8f674dbf3d36908dbf743fd9243cde,1,1,427,427
secworks_aes,f91988d8cc32ff19b0b80c27aade881815e59752d9ff10f559773b1a8ed92eba,1,1,916,916
secworks_aes,f921908c5a2511db8e877c0859ae34560fcef4993aca0f76e90b23bb661b9e21,1,1,1633,1633
secworks_aes,f923daa21e86a1b3c512a5b3f8d395b5039e1eabb6516c56499d9a7660a426fa,1,1,1406,1406
secworks_aes,f9293352c46a9e14a7edcf968fc54b92bd9b7391bae63e1232a830b72ab08dd8,1,1,956,956
secworks_aes,f93603fd13a62d96603f1a8e05864a9a3f4629f158c3dad79d18ccbd6de4173a,1,1,287,287
secworks_aes,f93dd2f6a67d3cccd85f50452654dfe3917fb318988973c6fc684471ddf9f006,1,1,437,437
secworks_aes,f93e3c64b9dbe401bfade11b3463db58331228b6053884b34be69865010f0ea8,1,1,1283,1283
secworks_aes,f959ac5dd773a74ac80aef6e18a91e9f36da5b161e1e62b1e9cb7bcfcbad126c,1,1,220,220
secworks_aes,f96170e31858e33483a90c7352ca6892315f4df11b2372675b5716b4b3b2502e,1,1,309,309
secworks_aes,f969657a667344c68d84f70b69f73d715d051c2c198a69729232ec0493f192c3,1,1,1963,1963
secworks_aes,f974d8b03c6926673b374b0a684431c40bcba870b50b196ec9538f399e663f51,1,1,64,64
secworks_aes,f979aae9055c0905e956590e10a12477da510a609294ac96d3f9ec049674eaa8,1,1,401,401
secworks_aes,f980fecb7c36462ae0642ccab95b62879ae813ce9b7feaf7c44a68281bc386f2,1,1,121,121
secworks_aes,f983d464d0244ab5ada91ae17bd6943deea5f595b667c5518499b155e3d3a243,1,1,227,227
secworks_aes,f9aac4339214af102e4bbf5ccb966e058cad3f0520274de34516c7a2827143ac,1,1,1274,1274
secworks_aes,f9bae6bd19a190553dd2fe01f8da2fd838ef5280eda7a708a109e0c4ea6a40a9,1,1,479,479
secworks_aes,f9be3ff3a40d44191a296f8b351cc9343d154ca14c4daeac14307fe25919998a,1,1,1382,1382
secworks_aes,f9c5f443b3a9f7a585a4c7b61d101e5938d80cc41f8ddfad8ad3d5a5f81c94c1,1,1,1000,1000
secworks_aes,f9cdac5bea6e124a07f48b906a329e39334d34f04ae1d16be82f1ca625e40425,1,1,1541,1541
secworks_aes,f9d22ab3f1e97c7b73e735faa13c3570214dbe6c45ba7e29b4c80e015405d93e,1,1,307,307
secworks_aes,f9dc4055eb1124dd75683e2536de3c4d45981919d7474c52ff1191f683c5c7c9,1,1,1128,1128
secworks_aes,f9e1c900e9b0042171c06367dfa1ee2769a72898101b412a961b8de724c75a84,1,1,2029,2029
secworks_aes,f9f1df9370f234a975ccf5d2c0e83f52a2ccefab935661ab6514d96dbf002f90,1,1,1647,1647
secworks_aes,f9f2c971dd5bd600a4b0a20cb13ea9f2f4097df4c30222eff3f8ddf1bd05c7ab,1,1,1091,1091
secworks_aes,f9fd5fe6f9bde75fb7f6bfd6906dd89e28312fb0b707b6211e15f589b7358fe6,1,1,666,666
secworks_aes,fa0453e0106b960296efdb4066e5fd818f2e5fd6c626d1476599bf3e777f2c65,1,1,1927,1927
secworks_aes,fa0499f39a1e8d1fd7ab09eadf3c4a4cee7682ab0bd0bf33cc2c9fb99a137562,1,1,43,43
secworks_aes,fa18da4ae0d2d38aa556f694786f780f1a0bd97a6f23d3091e3b58f04d604678,1,1,1762,1762
secworks_aes,fa1af45dafb432dacb291c38c2a5448d625882ab7b4da0a58178d9f95340cb4f,1,1,19,19
secworks_aes,fa57853311f47b5af9682e8a877df679d239f60b8b86be8575ee8da8b0f548cb,1,1,641,641
secworks_aes,fa5cedbf1c73ef271fe9d933ba9f4cec638a0d36d197d6767cee36b71b30e4b9,1,1,611,611
secworks_aes,faa1d1b79128f19e2d4ffb4caf88a6d7f971af9206538e368df303ed42a50830,1,1,1315,1315
secworks_aes,faa7a90c2a7f1e3d7e64ebb4f1926f44c4200ceb52a353ca522436d5f8b4a537,1,1,561,561
secworks_aes,faac112519ba920ca93e7406501d073f2861a77b490a77ee90a69bfe03ff1b8c,1,1,1293,1293
secworks_aes,fab60b4704a80da91fbffed2a9e9fd36f3ec5382cb16fd1732cb2ceae0a56c51,1,1,393,393
secworks_aes,fabda931abf5b25d375e6a7e74aa589bd6eee4feb414b2828f3a658a919e2d12,1,1,444,444
secworks_aes,fac393c8aac27939180367741efaf4fc6fe87c13b5206a3d19fd5f3bee4e59cf,1,1,59,59
secworks_aes,fae641643fe6225d7168a67ce33c456d94db24fedacb4927b365f35af6ef4296,1,1,1251,1251
secworks_aes,faf6fd2917ce5dd33056ce17ecebf11992c32a80ed21b0b933b97a40c1f8e9b1,1,1,1691,1691
secworks_aes,fb2a5d14925e1610fb650be6f6c92c401b5bd03b87ee87b72bffcf38b7b0ef03,1,1,265,265
secworks_aes,fb4d14090fea9a4a1c0ba25daabec65d995da61446e24b4f584cf0d492e68c76,1,1,1416,1416
secworks_aes,fb582e4f950f3b541cd7b6764adb4c05815cc7b913acebebdeca8fd9dbc3e88f,1,1,1074,1074
secworks_aes,fb7966934ab0613bf6afa4f5a64c1a1ae7c85a1fb5aec2ef4b8d48ca8e2c271e,1,1,1136,1136
secworks_aes,fb8542fb73b77e4e30f6bc4b784aa3c8ad76a8a8491629e652240eede7cd4255,1,1,1370,1370
secworks_aes,fba75118e8c5228d8627e980f94a8729cdb2ff26b4b653568cea17984886b494,1,1,162,162
secworks_aes,fbc3cd8ed089b1ab237c2fd31e94bed73684400920d36617d637439b8fc92945,1,1,1865,1865
secworks_aes,fbcef1102b1568e0b644ff635d22820f7ce470e78e376a5c05f4852cb2fed2e1,1,1,1316,1316
secworks_aes,fc0de037bb80ebbca5159070a57fe7e94d3d9e49567d247b2764ad1d2f88d6ac,1,1,169,169
secworks_aes,fc3232bb5e4b1045409a8fe19da31cc90f3bd58708e857e6ef66b755436e886a,1,1,1535,1535
secworks_aes,fc5a3515c27771dec11e37e7d7a3d3d1ee9234428d1b54694020fe78873ff876,1,1,260,260
secworks_aes,fc642031c9cb52a1c00513487a8f039c3e1dca829701e9987d35e9b57f2a55c4,1,1,1547,1547
secworks_aes,fc8cc052499fb34b274bc9421f1b1fef48a53e28976f435f8f4051de5131049d,1,1,1025,1025
secworks_aes,fc959b9920162337f63bd230dd54a6afd77356971f32d84071ee81a25cfe0528,1,1,1649,1649
secworks_aes,fca5e6ab3f30d48129c8c67c758a51fc04e01548ba0efeac4dbf87d63a0b2a5a,1,1,503,503
secworks_aes,fcad4bc7bfafc142e15f92b4d71f4d9104ab74faf05fa969303c3902482c1109,1,1,309,309
secworks_aes,fcafebebb134afa1643c92ff9dfa8b771c57d00050d600517e517d448a9256ca,1,1,2026,2026
secworks_aes,fcbfccbccb54a6a8a9d692878cfe80e6b729b2a4110a0d8e063ffa8731e5c477,1,1,500,500
secworks_aes,fcc056e943beb71f0da0c1060adce1d98f0cd2fa1486ac87c9a80d34232ce5dc,1,1,474,474
secworks_aes,fce378ef83722f39b669c10082e16b137a07e5f361b3d18875ac5905d5582ce2,1,1,617,617
secworks_aes,fcee28dd85eeb826f0f1bc97a202010236496c72db76cc5583e8741357b66020,1,1,1807,1807
secworks_aes,fcf344c1e743288aad432784fb560247824f8ac4cde99fc1efb289f622fa8fe1,1,1,1375,1375
secworks_aes,fd01672ed44daf7a41c56c4bda0d0497f65067e8e5e512dd4e8f721ade6438d6,1,1,1859,1859
secworks_aes,fd12391849cddc01c4f35051ee602b3ccde54d500a2d46c9256804dd31107cfb,1,1,194,194
secworks_aes,fd173d033b94c082fb6848fbf488180031b15bc0bf35c0683ed14f14d869abe0,1,1,1145,1145
secworks_aes,fd17489d0b9db8b27efdebd34531fb20b65bf60e27228940e91ad048433607e5,1,1,75,75
secworks_aes,fd445cc63e1395afd3434291efefa14387a8283964f847eae47aa79ca6e7a68f,1,1,898,898
secworks_aes,fd46f5b09f90a1eadf632ba1bdc653d3e299fa4f0356a29fe4b9381bdb585528,1,1,1531,1531
secworks_aes,fd64cf558235e3ab0f1029b2cff20d453e841a291a4d75ac8fd381d240ce91f1,1,1,1884,1884
secworks_aes,fd65e8b84c3168feed20075e32b9693027ef7856736bd0808238118047871a6b,1,1,68,68
secworks_aes,fd6f91fa064e86a6bafc13a7b3a35ad48476b168dcdd9a4629dce5a7093f8a67,1,1,545,545
secworks_aes,fd85106c98b4e735436adabea11a25656d82a507738118b51ea27a0acc2e704c,1,1,1331,1331
secworks_aes,fd9995c93ec502dfeb24cdbd67608a3b1ebdf44d5fc0e0d53b13741527891117,1,1,204,204
secworks_aes,fdb5f4f65bf0c0acb247f3bdbac5d2bc3fe8feb92e7878cf98471b0fa8966331,1,1,1253,1253
secworks_aes,fdd295b3fa9a72196c40c385df39ea3f8a1727bde7800e29ec8bf8f208e54047,1,1,1834,1834
secworks_aes,fddcda9f47afdc42a20f7885e07b75039c17d3621bcf46cb6949696f3aa7f7fd,1,1,742,742
secworks_aes,fde140b6b01bef1236f3301f1d3d8dffa3485f477ee2082d937543fcbc2a71dd,1,1,1595,1595
secworks_aes,fde1edcf6112570561333ab9835694e7285d6a6c3544e707a3356b019f6180c2,1,1,289,289
secworks_aes,fdf24f33e3b60b61ece80f44c619c02ed9e86c7912bdb691798c0c49d35d7119,1,1,221,221
secworks_aes,fe020e5aa22a3dabebdfc03998d62ee135a11ab19c3144829d02305350cee200,1,1,1388,1388
secworks_aes,fe03dc8bbd172f4b133ece20a4c8afa7d4d04fdbb5c7ffd4fb78dcf7edba7908,1,1,1872,1872
secworks_aes,fe0654a5e2842d4d90b6c654df4779dd6e315e5d0517e26b49d6910d3c22bcba,1,1,731,731
secworks_aes,fe0c290af08bb8ff6fc44d2bd7f35f8d064665b76dcd8f7a79403dfb4b7f0a66,1,1,494,494
secworks_aes,fe2853b73e45fbc84d55abe3fea2fec8ba2b3011c4337d6c89d952da5a4d0ad7,1,1,1188,1188
secworks_aes,fe3091c56486dc2a89afdff8ffb535ea329b9f479a802f3ac964ea2b89f3a065,1,1,1596,1596
secworks_aes,fe3928eafdbd6abcc4916190e3b50924b1a76f5ebd3e2357e5f7742058af1b6c,1,1,449,449
secworks_aes,fe4855f33a35d4f14c6b2b1c81d29d772f7894e71dbc58a1498bd4185971f190,1,1,1147,1147
secworks_aes,fe4904ff331942c61f05b70cb11ef82a9524789593abb42c6b98f3ec7853ed0d,1,1,385,385
secworks_aes,fe839eef4a0a5a37b5fe0a4444aa2b2a3cf3942749955afc177d25e4c8632b1a,1,1,744,744
secworks_aes,fe8c3f818b40f8bafef1ecda703f059fd683438f3ac64096cabdc51c58597eef,1,1,1822,1822
secworks_aes,fe8ee31e3058a14eb86e7e4f0bdefdfdb44b4233480e4bd6e7f56c6f3e2181f5,1,1,472,472
secworks_aes,feb10f4c75fe4978c85d50531ac9f61ccb0ff5117587e2b4daf9983cfc3531d8,1,1,249,249
secworks_aes,feb553c7f91f8ae1b4bb70da2a145bceffcc6d4e8135604a23a9617ca7d55be9,1,1,1108,1108
secworks_aes,fec71e395eed9b8bfeb218bf5065df6fda457c0737edb97920058a449e73e492,1,1,288,288
secworks_aes,fed62a54dae4617faad13d1b09dee8b844e0999c253356e4385319e9222ed6c5,1,1,1126,1126
secworks_aes,fef33b83fb476f0ce6206bdb9241493b63aacc09891940b31e8a23f4c077dcf9,1,1,1864,1864
secworks_aes,fef797c2fbb29496a1ac121879d3bccf6fffdaec4970baa718fd1ff0ee696c9e,1,1,297,297
secworks_aes,fefd2feb7ecc00adcce64527a477d82103fd7a5ef798430e96632a61f0f2f62e,1,1,828,828
secworks_aes,feffdae5c487c4a55bebaa4453d0b0f3e218ae819bbfb641b46294efdd930f6f,1,1,1553,1553
secworks_aes,ff0bb3ff9e9f8fe7c91a3c8175fd90800601f038a077e0ff3785f1fbb5b8cda1,1,1,1441,1441
secworks_aes,ff0eb94ff4bbe758194dbfe986632091b30008af4268f7ddaa2a93bc02ddf364,1,1,816,816
secworks_aes,ff2570a17cc2b14ffc1e3b1b0fc9c3cbaeb154c9dcfecf2b0c91b785eb720c35,1,1,819,819
secworks_aes,ff2e5b3a9af448b3b53dd2ef29172fec43781c834e2688cba036c040d7052bf1,1,1,733,733
secworks_aes,ff33deac6977e8a357aff98d5cfa191776656b7ba9f288dfcc4c9a73088034a7,1,1,254,254
secworks_aes,ff3ee95086fdf5ddc1c3869c972be3001562f3e28281ed62ecd79bd994c2aaf7,1,1,2046,2046
secworks_aes,ff404f3d33b599fd12d3510f5951c98743c26c0bd34485a0751247d08ea494f7,1,1,875,875
secworks_aes,ff470dff0615c05e5115fc51550a83c08a219f2f03ff3b0e0df4093270f5ccf1,1,1,1679,1679
secworks_aes,ff4bf098a467820aa6e298c36ad9676790e30c3ab64908b141c3b9a9709a360f,1,1,1376,1376
secworks_aes,ff620cb19f913b6089ee90e26a6fcf9a555280d6243bb7cd9c3321933e478b03,1,1,1873,1873
secworks_aes,ff8460d4b6db1ed2864df96c266b159b53423ff47114a7ce809fa459dd577e08,1,1,1402,1402
secworks_aes,ff9bcd45f6e40c06f7b1bed1d46bef422b854cd30bf6328da007fdf2d763d1a5,1,1,872,872
secworks_aes,ffb9ce32027f817e33a1cb50f4a9e389de6469aa6e45c673197da428dba950e3,1,1,383,383
secworks_aes,ffbb6677c861b8ef52c09471271018574c83dee452cf2ee7992e86fdf1ba7509,1,1,2002,2002
secworks_aes,ffc085a343e2ee81ea646f93a09dcbe9e1cf6f5f56ed221f0f0a0911c8604880,1,1,1070,1070
secworks_aes,ffd5d5e193db1306b0d2682b85e398daae019c1c52fc8e66993ba621340defc0,1,1,171,171
secworks_aes,ffdcc25190496788341f163f779c8b9350506526f432c830bf80177ea71ca54f,1,1,707,707
secworks_aes,ffe962c25f43ba3ba78064ab2f2131a5629f8a907d9ed56cd0887ad6a1d0bd7b,1,1,189,189
secworks_sha256,00069c45f583bf3dc14d5350ead2c17b0f1bf8fe324f22e7f515ca0e2c3c77a9,1,1,753,753
secworks_sha256,0009515eb169d218fa9a225b98b1f68694d39690f4bff0a4abca9845809302d2,1,1,1826,1826
secworks_sha256,001155305d1b40f405f0a090d5aaf3756f6db7c2534f61d73e842c0162fbe331,1,1,676,676
secworks_sha256,003147edecc1facf3d56da2c4985a1808c75d643f3ae419b9fd760d58e30be6d,1,1,1546,1546
secworks_sha256,0039bf20dbc1b3ebdce0b1b5a61faafe3851c5853fc530cbb7903e559a1c9ac3,1,1,556,556
secworks_sha256,0077dd6e2f1f9e0deb96be9cf6d6786b36354b921a4fc9f7f2aa94e8bd4518b4,1,1,551,551
secworks_sha256,007b5c2bbb762d6aca8ccf4c90bc4b70c06cedd924fe654a222effde22d2cc97,1,1,66,66
secworks_sha256,008b7a1ba2b352923bcffeb58398a4e8056d93fdf51b86d95cbb5804816b09a5,1,1,312,312
secworks_sha256,008ce82487a72f0d3c88687467929e7f3f3baf9e11cc90f9430b18cccdad45bd,1,1,380,380
secworks_sha256,014c5d0f2e9411d898bfc348d6e6aab7c5159d986bd604aa47da393c6ae2306d,1,1,1423,1423
secworks_sha256,014e60787c20c49e2a3c056aee4ea822ed4fc848da19c4907cb5ae400b477cba,1,1,294,294
secworks_sha256,016669ab8cded5407e2dbaf6e1286e6544824439b5ce4ecc742bfc777142bc52,1,1,1935,1935
secworks_sha256,018330e99b8f05e2338f8b879d40d6ec4ca6fbd528952d98371c45186356af0e,1,1,342,342
secworks_sha256,0186b3fec6e6f25fb4ddc629ec193317efca07728d480246d2544f29f3609f9b,2,2,1596,1670
secworks_sha256,0191b1459da1cbd4554626e84e4a66d82dabb2cc0a9abb7770fbf3f751b7e704,1,1,1427,1427
secworks_sha256,01ccbd34a94d25a3412d716c3e3cd917396119afdf9c98883471e4a2ce13622a,1,1,953,953
secworks_sha256,01d3b7b42ceec0e6a272352ddcf5694480beb586e9ff0b091227b5ec81802a4c,1,1,247,247
secworks_sha256,01df441fa5626dfcb3fedd1730df8b10df14cb250681b81450b8890742f6ffc1,1,1,1309,1309
secworks_sha256,01e23ecf9085707a2055f939f019232c80e2661705dcfd8030da63394e4a33b1,1,1,1267,1267
secworks_sha256,01e4a3d90263610423b0a43fbcde9b25d3486b10a7dfc40e3ff96cefa0a53455,1,1,476,476
secworks_sha256,01f740b2c6d743d3ee00cef124905f47892e69c02f91466de286eede7927f6e9,1,1,174,174
secworks_sha256,01fb080ac40c6863fce985ba95db994799b7e0da9d405cd6e96d2b83070f1c92,1,1,760,760
secworks_sha256,021e98c9863b49ef85b34421d51b530ff75a9a1a812f223faf22e9f461d35513,1,1,573,573
secworks_sha256,022234f3801369974efff52c0dbeb01f974b0300f2a362e30073b520bde52561,1,1,89,89
secworks_sha256,0238170eeb565e1d2599555a57436a943769ea5531ed1d8253372ae359cd6146,1,1,1456,1456
secworks_sha256,02b0bed4cf2b591b40d61d731793da0b8892c05e5116315af172350c70351670,1,1,177,177
secworks_sha256,02b4be611dc175b9d3f705de13a7656ea2bbaf89d2902059b0d7d239f64542fa,1,1,1323,1323
secworks_sha256,02cec57f4e2ceebc0b632feed07fce9551f5473626734e5d01dc39bd98d3340d,1,1,154,154
secworks_sha256,02f53870a92282910bad99422e780336332b3467abdc1be4ec7377462113b062,1,1,1696,1696
secworks_sha256,03248a3a0185732d0a21140128c751b1a00e387a5f62210cb0f7a18b25b505a6,1,1,1147,1147
secworks_sha256,0372ef9e3a0afd06b5948585357497f2c226eb70a21e0bacc285d0207abbc72f,1,1,124,124
secworks_sha256,037a348112c8a97546590b2660a9dc74ca788ee3e84e688fd14e5c427fa35bf1,1,1,834,834
secworks_sha256,03cbba5ad8c5867a03f0861dbf5c2489725c1c68e217d10acbdc08a2ef4032e3,1,1,332,332
secworks_sha256,03d2d9bfed06cd65705cd9f8e136fff4b19aebfe309518621c420eb345fd566a,1,1,724,724
secworks_sha256,041dff798c806071803ee7ef34deb7cf1277831bd7641c31e470c3a61414c8ab,1,1,1226,1226
secworks_sha256,043a6d53e313574e501f908b4bd180c0438d3ce0f886bf7f9a3079236b3dcc11,1,1,1311,1311
secworks_sha256,043e9adc5a5829bebab01a31ce4bc8cdbb5588d3bee05ec25e094a2ca92d972c,1,1,756,756
secworks_sha256,0463038ce384fec02202a024db2f08dd196510327a58112e7c5566964fe36868,1,1,87,87
secworks_sha256,046855a2fe8bc8ad46577595ab3ba51c2e2c5bfafd607cd3e96688a29476422e,1,1,368,368
secworks_sha256,047123af6a79da32a2f73defb1ea1e809cf74bcadffb0fb30cf3d9bb9e047cd0,1,1,1380,1380
secworks_sha256,04767fc0a39fa88ead36478cc99167fb26d1c4343dedf21636209b676a1522bc,1,1,1379,1379
secworks_sha256,04a75382acfc14c8723bd17c95f8304f6805ae87169e2002fd4693615048d554,1,1,1138,1138
secworks_sha256,04ab3a452398a893c24188e3200716589d92abc35d71117b9efd313f2cac5f90,1,1,558,558
secworks_sha256,04bdf0d184d9d78f63936d896e025dbdc2207e8dfd2c1c7176028f94415d9669,1,1,1745,1745
secworks_sha256,04bf0406f739fb80362424831b8d4ed565ad4921d5fcc3d210898d7e6bbaf883,2,2,166,1734
secworks_sha256,04d2e773fb3d6c8805d5e72228dc94518f8500affb0a17c7d8fb1fe23c247e15,1,1,888,888
secworks_sha256,04d98fe677a6cd3e7de9a75970455fbd3737bcfd4d6f763a4bae215d84512ce6,1,1,602,602
secworks_sha256,04dc77d80471c6e79de0332ec16de39cb11f273db39e0a7061e8f92c07c2b6b6,1,1,94,94
secworks_sha256,04e188d52856b6b4eb465a0d2423553fb54cb43e400c4de4bf2f16bd59298a6e,1,1,220,220
secworks_sha256,04e9fe041f301b6f7489ea863ee21c4a82cdf31c1ac51e65570deaf5d5402066,1,1,153,153
secworks_sha256,04eded7d121f054283278ea63f3954e5ee6d9dd5602a003a94dd6000fe358b73,1,1,140,140
secworks_sha256,0528dbf3489edda33da28512e16041a899ed24846cf98fa1f085c9de2696a500,1,1,1274,1274
secworks_sha256,052e46029e01842b3ee1a8be95facf51af8c24c6715ec2f71d9e99c1ae82be3e,1,1,2006,2006
secworks_sha256,0544ea81d80408aca9d1a558f91a5ad3692f4015693e0cb837c319bb41f254c8,2,2,526,1267
secworks_sha256,0551dc74689f000719aba90f4da7d89583f3bc47fc2d87805d10016bd516baef,2,2,528,1269
secworks_sha256,0597c63fc443c00e732a9902d60508ee35c95bb8e2219007aad64530dff22775,1,1,462,462
secworks_sha256,059e725d26e444723561174c50a6ecbb45b9f3b702f45e2a03ea5af5b2d52238,1,1,1432,1432
secworks_sha256,05b293c39a3f4ac9071ec5cd927dd392f51461ee0f6938e6c414fc2d909b6ecb,2,2,1006,1104
secworks_sha256,05bcdfafa478bb49334e236d20f3f9dd736f172b9bd8cbba263364304008ea43,1,1,717,717
secworks_sha256,05e5d4a19fb7a7eec9792a29b6f1492ce5b1b1dec64f91d7f2b0db9997c85535,1,1,625,625
secworks_sha256,05f8c5dd6fd3f876669773579d50a809b0caa8055ccdde68df2c696fcbb26aed,1,1,374,374
secworks_sha256,06024f156b4d0259d7bdbbad10b937a9822555bf75d53e848d4e7233e9850ddc,2,2,674,1131
secworks_sha256,060f14dc455ddd1824d26b207464cc481d62b509e55e421be5a487c2c4b0a0ed,1,1,1117,1117
secworks_sha256,063eb3835b6ac3468c675e33bfd694de88270faedd4443f5b6b3b1e0002d4cb5,1,1,1407,1407
secworks_sha256,06550851c5efd4f208f13d55e51353d270680251c2223300fd63f008b36df10c,2,2,1,1193
secworks_sha256,067b724e82d453fc2c0c43dcb9a8e8d8d49d1247e7efff5a478859cf5d51933c,1,1,1105,1105
secworks_sha256,06972380bab031d9e7eb3bb71b58af7f0ab3a119ef04cfa0f32a436e322730ac,1,1,1344,1344
secworks_sha256,069e8d2e9f16b1522c8d793a81d9726f3a2ca1172b1ad27b9be35afaa97aa56b,1,1,343,343
secworks_sha256,06a68a1b00e1f87a85b18666fd78616e2b424a841c5b5b3ecde2df943abc3643,2,2,1016,1114
secworks_sha256,06adf7988e3e4d3e0c2cba6d0c7ea377c961560f40c9ca166af650e5a3515823,1,1,519,519
secworks_sha256,06bec418d5d5494b294990e9fd1c2c4a67424e79bbe9c874ca84e68b42629b7e,7,7,1708,1870
secworks_sha256,06c1871bc82a79b13bbf818d28ffff5d1681c43a69391f6450676fbb2c326819,2,2,39,1075
secworks_sha256,06c7b7332da80326ffd43c79f57dd86894606a391f2826f6f227591bc6a992e2,1,1,1303,1303
secworks_sha256,06c97dde769066d86629d42fade024a5faa65413a326b45128a67728fd92c90d,1,1,171,171
secworks_sha256,06ce53c6fac0415576e76cb35177d93a59eab92aefa6e12517e842718ba53009,2,2,687,1144
secworks_sha256,071eacdf6b2bb4ff99ca5e5d4e9eb876d768bd4d255da6a5d71b0ab3299aa2a0,1,1,791,791
secworks_sha256,073d9cd6b119fe2f0bdbc3023bee088e0d3ab479b07810993b12c7b75b933cc9,1,1,591,591
secworks_sha256,074c104d4fbc969bfd0f42947caf9f4c3d1c4f8f01efada3cec927be4c26014e,1,1,1053,1053
secworks_sha256,075e4333806685ccc2d4ec06476daafa1401d76bd2618c68369c21222cd73264,1,1,634,634
secworks_sha256,0787fe927a3587b2599f3efb83309a6049e5255027df628f189a736d361d2e5a,1,1,1248,1248
secworks_sha256,079bfb0a096a2567aae23cdb3e3b5b39f2e1f170af53159fc6ce7d348722cd31,1,1,1331,1331
secworks_sha256,07a171489721e740b7a701ba09e5d1fe9f70aa57ce0794756f25fc4b7847f101,1,1,306,306
secworks_sha256,07a29c18a716c9b6a825a45f63891ec53d06d10a9622aa6e8effc344d1e32d6d,1,1,1944,1944
secworks_sha256,07a5e9cc0f9f6e8562a54194f13a912da10baab030a57b85a848c33840f5314f,1,1,319,319
secworks_sha256,07e6640af399f6ac1a8a16055200afe6c77a72522bceb7c9233f70a942308022,1,1,1063,1063
secworks_sha256,07e8b664ca39e2e60ded97b9c81b3a22f328db11947e60ab0f5b6ba484e96723,1,1,18,18
secworks_sha256,07eb10a41324520f4483ebe138822377f43adb0ea66bbe1ada87ba321731903f,1,1,1262,1262
secworks_sha256,08176bb8b2e12066100886f555ce73e5ec5582801ef29223f77de4231cf96bc9,1,1,589,589
secworks_sha256,085ad4fac9a63223f492c289b1c1083c7d7b446b88cff6025c9177b7032aaff2,1,1,1430,1430
secworks_sha256,087d7e534e092ab7a2dd99406239df23d151c7408c752ee96e50fffc580efe30,2,2,352,1508
secworks_sha256,088b63a4b6d2d2dbd62876604cf09d658ecc4243ffaebb977b4dd871adf6560a,1,1,891,891
secworks_sha256,089f20dd57e3284f828b156e5d18cef1ec6de437fcd4160465b8ecbaa41c942e,1,1,82,82
secworks_sha256,08a5e26a324570a29435f5b9feefaa36172687b1f3fddff9d890a3db1c5e3e0b,1,1,1751,1751
secworks_sha256,08fd28da9904edd4f7e64112d846a80f29b663fc7ceab2a88741b519ceb4571b,1,1,708,708
secworks_sha256,0911addd79ef85ec2fb22e55fab562fc33693d5ab4004bb9ae11d7a14dcb2257,1,1,85,85
secworks_sha256,0913831c29eaa894e492fd608aaf1bab593dffae9ca1638bec6cfce86c80ee5e,1,1,540,540
secworks_sha256,0921c19bd934538031181c17d0b78671aee8c522500aca37ea791c64cf29fb7d,1,1,758,758
secworks_sha256,092579d2b8a4071660b94634882809a8daa6b1c3b67895f0838ad1d7c8e5a459,1,1,301,301
secworks_sha256,0940d3127053dc2a47d15ff5f895f229598f9d23b751124b8444a6fef4a104b8,1,1,661,661
secworks_sha256,094d86fabf0ecd89069b4133c134e8893fca72ca1d375f9eaeb0a30a3d2c6325,1,1,412,412
secworks_sha256,095a3ba622b04292283d8863de374525f08ab1ff8be1f40d1e2966da40b20d5e,1,1,1356,1356
secworks_sha256,0984081f09f8e01c6c07c7b1e501c027112771c6d7f3a6e207b45cc566d85161,1,1,219,219
secworks_sha256,099bc9356adf188ad50d800dea28ad0cc6f03300365465e6d4997f2e5a9265b9,1,1,1935,1935
secworks_sha256,099f95d0b0b1a57c3ca9da4803befc8350dd4a3815371626f3796ab41d677574,9,9,1712,1864
secworks_sha256,09b0888d67456e46871e17cbf29da625a0ee7ff25835ef7c55da9face6ec36fb,1,1,927,927
secworks_sha256,09b7518236727941ea0d957dfc10e5dc66b1013a70a2c445911f78859b9b11a7,1,1,195,195
secworks_sha256,09b9e9af726c7389f76416a543c8583b1da4f4a0d6db22768eec1e92be010ba2,1,1,284,284
secworks_sha256,09c77bb4ea733dedc255e4499bc08f26f7c474facfc200c2afeeedc0cd0fe8b0,1,1,1323,1323
secworks_sha256,09cc78828dce7da7cc303992e004ed6b4decbaca53ab2f533c173f82c7d5f0c7,1,1,242,242
secworks_sha256,09d6358e0cb3196fc1e98fc1b75a25fa3d817383515bb7f6eb88a11ae7824a28,1,1,1342,1342
secworks_sha256,09dbcb9ff4b17802458ccb56ca3929e1180f6f94d961a9bd8a96b9c9dad4dac7,1,1,1492,1492
secworks_sha256,0a008e77f3cffed3dddad771ee3e23d4c2496c8612a5d2fe316ed23508bb5be1,2,2,282,1187
secworks_sha256,0a0fb3f6e8de4a1d21768b063c00004e3dbc35a29ab1461dcb24b589f7d6cd7a,1,1,120,120
secworks_sha256,0a6d211c21cfdb7204febec2e7e72009205a7e6087e1a4deba3ceba773786e90,1,1,718,718
secworks_sha256,0a7bb09bec4b21ea610544f2e9c3ba541736bd29ef1508016e9a4d1bfba041ed,1,1,1927,1927
secworks_sha256,0a7be7e7e51715f075770312d976caa9acb8f86232e64f5605065174911aa6c1,9,9,1555,1675
secworks_sha256,0a81d0944cad52e256d2f4a7b00342ad1d71fb2e124138ca28790313e9ad2ff5,1,1,642,642
secworks_sha256,0aa8ba60877e7a48e1f9ab9f63ed0dce973cae6e7c33529d5f82e64db1d13b8b,1,1,556,556
secworks_sha256,0ad610b23a5b1b32dae4d8731d0eedba5c3bf0769701921f73a8dbe50156558f,1,1,1856,1856
secworks_sha256,0aebcdf54aab099e6d167b51cecaaf2d430c8f44245532b838b0ff3aa5ece6b5,1,1,991,991
secworks_sha256,0af107e271743c3ab82cf75e3bfd72c180c2b20f63addcd334879dec17686ab3,1,1,815,815
secworks_sha256,0af7fc83739077704e67282442390409506e1a26fd569512f1b124c31cc163fa,1,1,470,470
secworks_sha256,0b02fbe5b5a4d038fa5e2406dc1199cd8784990e8301549cdcd1a20f57f55440,1,1,1247,1247
secworks_sha256,0b0be5796bfa2bb8ebe2d764889a57ab2423c8f80fa377a1d5f2122fe4df1482,1,1,1492,1492
secworks_sha256,0b25010a89349ae035d6463fcb5789d461339ac3b8e48a150c20cb92370c269a,1,1,1315,1315
secworks_sha256,0b2fa868b89bd1fcac8f41ce5c43a82a485452b0355ea8efec4c897995b20cc2,2,2,1009,1107
secworks_sha256,0b4e473795863ec09550ab4d82593c9ddd67d9b41d05f5cab2c01f2d12ca4279,1,1,1490,1490
secworks_sha256,0b7a82e33c5a1a4fe58ce9bfa9d1da6fbe718c23511da3e625360f50ee83cf36,1,1,1402,1402
secworks_sha256,0b97a517eddf17606f4a73c33b88637b23017963588093bfcbfb774185bd714c,1,1,1420,1420
secworks_sha256,0b9943e0b86139ed27b2cdf886051721543aa90c504a238abb90ca26851aa501,1,1,757,757
secworks_sha256,0ba56e8aa7d07c8d3f8df72b949b9a816edc338d7cb54a8b38c58965236993ab,1,1,72,72
secworks_sha256,0ba902fce981adcc1973227c016d98ab1d90cc56b96a07590b66f418d65d599b,1,1,734,734
secworks_sha256,0baed0c4a4367f84f2b8cf7aae5fbc3b443fe62d543ab6a103dfc5563d1377dc,1,1,1466,1466
secworks_sha256,0bb058dde78bf110e813f0baada5315eb4d5157ef150c7a5b9837d3153bc8b16,2,2,21,1213
secworks_sha256,0bc837e306556d9f8f4a17a1a3f063f639f32a42622824bd4197fe07707ca3d6,2,2,691,1148
secworks_sha256,0be3a5eacbdf1551867f6e14d66f93a1b5c3a25045dfcec475d02847edcf7770,1,1,892,892
secworks_sha256,0be4cffc005dd740545e69002326b4d62b64137a75f9447415abb9935ba3deff,1,1,1434,1434
secworks_sha256,0bfa1485a14b60f6ea989ab9e1467423df2934ad9f4701bc1e79756ef1922fd4,1,1,68,68
secworks_sha256,0bfde598691c0915da20a4715f8dda2767da6332392c01b021177c8a3329d675,1,1,24,24
secworks_sha256,0c23925d2bd4497a6c62c4146c3373c97bca401ae8347788d8cb85f9cec74c7b,1,1,1988,1988
secworks_sha256,0c3aedc41dbf249778044f27811cc72cd92e38bf78abe58ebd2b61a5eab747df,2,2,57,1093
secworks_sha256,0c485c1d97dd7bf7066ee9a193429690095a6800febaabd0f250f321a2675322,1,1,655,655
secworks_sha256,0c4e24af98075bcca95a28d6525457623e3ce062ed56822fc711c1c51bda1aeb,1,1,682,682
secworks_sha256,0c5ac71483de699860f7c4b12945fe83ac6b223cb275bdb45f99c345f365bec0,1,1,1436,1436
secworks_sha256,0c6984f0724a65f759718ae0c1eb70bb524d15ae5a730631ce1ce13e6afcc215,1,1,593,593
secworks_sha256,0ca6839abe13e40734f80c1604f5edc819dbe25d770eb94670fef7c9e88b5853,1,1,984,984
secworks_sha256,0cb0228d8521a196f625aef9a710f264db50a598b9aafca7bc9903d28edc396d,1,1,31,31
secworks_sha256,0ccc6ebe040119d14c74ae136904eda1b6425dc71e6f2b834200ff9e92e07141,1,1,348,348
secworks_sha256,0ce439596bc5797197d1a3774b776f39bb187d79ed0ef9044209267178a2820d,1,1,159,159
secworks_sha256,0ceb5fe978f1caec4ea0445ac33658fcfa073bcf55083f4bcc0389596b0685e0,1,1,915,915
secworks_sha256,0d05d816bb98b0174943fab97c314d69d5372c8da3cb7aff997e9d8d256ea6ab,1,1,1326,1326
secworks_sha256,0d0cc1052a3622062a4569321dcc33302f48095716c7ebf6e5c0d448b2a53c74,1,1,635,635
secworks_sha256,0d17166a656aae5262ad7e9a1d5ae9c9d3ddf820cdf4b82180a5f587ab4d233b,1,1,328,328
secworks_sha256,0d2312bc83e6c4fdd0fdae28cdf5b30f3ab79fa39ae0c99ca5b8e8f7d5a1e782,1,1,1661,1661
secworks_sha256,0d4d7a618789f043ba5b43416940076a860da073a69f100f335193a671681670,1,1,664,664
secworks_sha256,0d5a61f182c3c13630ca4ff6a92bdbd1d8ff8922d113e0ac0f833c8bde40f481,2,2,976,1044
secworks_sha256,0d60cf59ee913d62b4bf2db92759dedc8e23a2e725fe170dea02dee72bb1f41a,2,2,264,1169
secworks_sha256,0d6338dd5cfa7e3a49e49b422987b41abec70f4315a68465c88b93efd08dd216,2,2,1577,1578
secworks_sha256,0d8953bbc2e3b6b68abcce2a6511c91e3f50d8c839465d557af01240ac5af93e,1,1,29,29
secworks_sha256,0daf31cf5286244da4d00b5fbd661691f2a3a6bf1929bcc83c7d31a153db1a6b,1,1,132,132
secworks_sha256,0db782d366d6d87dc783b8e28bc4ab11d89167e06051f1893e30ea79b71c21bc,1,1,1378,1378
secworks_sha256,0ddacf856b48b5d0ef4e3baaef1d01820ebc3b3b8b1721e94dd819ab110ffc87,1,1,1441,1441
secworks_sha256,0df8300d3b751cfa077cd162828f3c11f6ba4208ff294cb88d393de44fab850b,1,1,1369,1369
secworks_sha256,0e015386414781a2fec53ce6ce6bea51e10adaf377c58a3c86da99544c35c7e3,1,1,262,262
secworks_sha256,0e098d4d7a080bc8a61416352937d41667ce79739aea4c02eb3ff33b4f216ae1,1,1,1261,1261
secworks_sha256,0e1261b9e519be9565658587e74819ed54be9ee0bf425640dbc576d4fa3bdbb4,1,1,309,309
secworks_sha256,0e2822766d0150193cb86cad642fac81a5ab209d55ab2dbb08fd7834172eb27f,1,1,314,314
secworks_sha256,0e5ed19694510d4c2c44d808398329a7b9c80885377c03b3e43092915916fd86,2,2,12,1204
secworks_sha256,0e665aad9fad79dfb9b70fe564f85b939eeec36781188ecc03379bc161a2e842,1,1,1679,1679
secworks_sha256,0e6b55171c767d895f21e2c05917563aea1fc8c390f705fc541e7b990258152d,1,1,1382,1382
secworks_sha256,0e795aff3b9be5fdde48c51621de0de34d4b853627f0bb94b52f653427c7fd0b,1,1,842,842
secworks_sha256,0e8d915ade403f26cfb52d93dfa8c257170c1e369c4b6bee59bd14f6dd11872f,1,1,1761,1761
secworks_sha256,0ea29c031bf03d995f59c88b0d2ed9a3c7c69002e10a3a8da54963710d37d0f5,1,1,352,352
secworks_sha256,0edec63a3eb0f6428ffb65deb969b9f0d3e1d647bbd343adad1a68d746cf7eb3,1,1,1407,1407
secworks_sha256,0ee37395b341149aa0f11d0c155534303a4b914769dadb63393b828b9249ce8e,1,1,665,665
secworks_sha256,0ee7cd0e79162d41a02d0e7f96f609d45b515324a9fa8490c311a67b89c2255c,1,1,375,375
secworks_sha256,0eeeefe3e38690284b246f4472d58485ae706ffa6de4a7ea2b11fc9d058f8147,1,1,173,173
secworks_sha256,0f059c282b47e27eb4092e1ac4ea774d6530873b2f26037544dc767a1aa8ca03,1,1,856,856
secworks_sha256,0f0ff9ce91e53d7109e64b4f1b2cd02cb5f8c4c88d575443d052e3c15ff5892f,2,2,532,1273
secworks_sha256,0f200dd5204ad6155a85e3fde4ad225c8adf06d16561f4d94806263291e793ae,1,1,915,915
secworks_sha256,0f56ec2f0528f1a8c5600c532c644bed8c73a3d8df3766c314c3bce3a3dd633b,1,1,106,106
secworks_sha256,0f5efe10814567cda76a355c0ad5e2e5f18f5fe948341cfbcef4694d07d26825,1,1,1336,1336
secworks_sha256,0f72bc0a5d104ce8bfbc116e14d896c15f07908562b9cc75434ef15618ab1f62,1,1,1249,1249
secworks_sha256,0f7c3245c639b2faea2e65c7c8814de6d1f638a5a4ce4721ea52c93dced13cda,1,1,1357,1357
secworks_sha256,0f7cd88d1d42c0fc99edd4699bb6b014472f57b9ed16012fc534c24b25852cc6,1,1,818,818
secworks_sha256,0fcdd6d26d01fa096b78e5489502dfd30f954631b1d5ed1e4ff6177edb53bf94,1,1,648,648
secworks_sha256,0fd0b25ac949aef1baecd590c1a3c6f1eb7769765de1c9bb85ef030d5fdae1f4,1,1,282,282
secworks_sha256,100544df7a3fe42d0099858cac137d5ad1a9a558318afeab7a2a05380f6ea2c1,1,1,844,844
secworks_sha256,10063960b19f967efa3a3cd4a6da8702e17f68d5b797e75da04e965623226802,1,1,592,592
secworks_sha256,100ca29387217239fa83f1d8b9f29e407c05f6d5edb20cf3a354bf68467e18f3,2,2,544,1285
secworks_sha256,1016af4a57dea780ec41cffd2cc8b43ffd91ae97657729ef4d43480348188bd3,1,1,1411,1411
secworks_sha256,1016f7599140067f539a20a5c403d3fff19cf09d0c643526442e26c8b39b5107,2,2,925,1943
secworks_sha256,101b592f2b2d06f4a9d4a06bd124c96d473159da77b7d577f564e38b4e24801a,1,1,697,697
secworks_sha256,102db0a1dc8142a467fe1687b7c9703ea2e9b63d3d04469d32fff1f9dac299b1,1,1,768,768
secworks_sha256,1033b9addfe4dc9120ca219b6ac01816c9051852ac887187663bf6944cd6c5c3,1,1,424,424
secworks_sha256,104f86c893e7421d6b40581c5e7ddfd1a6bacc53b911f2dccc8bc85391df5dac,2,2,542,1283
secworks_sha256,10617c3c01b73047383f160aa1523f438a1c2a0a4d44afc42cf128452a2fb7e3,1,1,557,557
secworks_sha256,106d08c8239c477cdcdd0cecc0423f62eb317e1b84abd6375cc333518db54ad5,1,1,766,766
secworks_sha256,107301b3c1e15395aaed314421193e87a018851221f0db59e17fc2a5896ad15d,1,1,35,35
secworks_sha256,108beb8005e28343bb9c67661a5681d197d8e1b397cf15e08bf34901b0339740,1,1,983,983
secworks_sha256,108d85c85376fb5b330df086cd6a9e14e131d94f667c2eb5de6f1b4321681ce7,1,1,392,392
secworks_sha256,10ad61c8557a1467dcf37842abf85b5aed7302b8570929006ecf9fe24c99eaf2,1,1,587,587
secworks_sha256,10adad936bf965813e506a3292e3d0492c3f9a33c09184c93e80f6b99275c91f,1,1,195,195
secworks_sha256,1111a02c9221d7d0af7a5f9147e35ab2adb17e64ce758e85210cc8c89d499afe,1,1,1362,1362
secworks_sha256,11407602f27f25eac9f0934f025924b57705a24951a434e5255f7c9f1b622990,1,1,1309,1309
secworks_sha256,115e3a9396aaa24f56a3e2d0ca219b7c7db7c9dea92afb114f2983ae1ab88424,1,1,1247,1247
secworks_sha256,116f2c440d1c10b96c8b6b659ddaec8d5034db7e51ec72082d52a280f0af1723,2,2,703,1160
secworks_sha256,117c7e9b09facbc483730536c2eec708d7c0519f24bb6548e40cc128bd5e64eb,1,1,909,909
secworks_sha256,1197143028652a1f92528c0784ce6c1d29436972c0655a3773a13ba754fa01a7,1,1,1290,1290
secworks_sha256,11a8cb0ee077ab42dbe213d9479978652af1e5222fe20de6da548e774fbea1da,1,1,531,531
secworks_sha256,11d2d5fdefa26e4dfd312ffc644b2e23f449171d0948e45454cb1d22bd6c07a3,1,1,1306,1306
secworks_sha256,11df3c9b7ae409e4b011880c18349f1bd60c68a234a7ca02ab9b1c03725f1cfd,2,2,1025,1123
secworks_sha256,11f2ede395aa271ce7f6c82c88335903761633e0db434e632b9f68ae02c6d710,1,1,621,621
secworks_sha256,122745b168a137728a4a019b11d127d4008e8a9fe8a21392b6b7908e10a92837,1,1,444,444
secworks_sha256,122b31bdb64fc9eae301b0989d9ca5ab3ad0b02b083728d37d5d04607a12bd4b,1,1,1558,1558
secworks_sha256,1265b6fbe466687fee428625e129e8e59a76cce5439ad5e589076bbb86c88f12,1,1,48,48
secworks_sha256,1281f09a03ca04841b13991637f07707d4d13fdc827d9d29904d5a4ce0c968e9,1,1,809,809
secworks_sha256,12adaf6ba3736cbd3c07cdfa107b5b606985c97919de4c7440907de93f211175,1,1,196,196
secworks_sha256,12b5e110185a638e54bfae3b0723e7228929be6304e9c40ed43ade6eea17e62b,1,1,449,449
secworks_sha256,12b75135eefb1dc1be3eb84fcee9e43d64684df4ede504c70e0478d12fdad384,1,1,797,797
secworks_sha256,12b8310d6c5ff0f1f742c15efeeb15ec4e142c6b18845369c84a8c542c12fe0c,1,1,1425,1425
secworks_sha256,12c1c23de664d24afe5437a8274cc92c9e93f93a288574ed531313f0ee8e9a57,1,1,1417,1417
secworks_sha256,12dde7810bde8c0e012f4c771b1f75dafc4bda4d4a7bf8f4a01e9b27a9ed9eb9,1,1,1294,1294
secworks_sha256,12e4af8af6383a0361d46655278c22e4f6ebcc16598e297e149eefcf46c25722,2,2,1784,1785
secworks_sha256,130ca70f72dc915d8750531dd024c57eb4b55c90d022c8e1a8a0a0df46f2dba2,2,2,1795,1798
secworks_sha256,1319ffb4dd1eb3362bf203cccc3e554eece0c5b17a877e8bf8f5624fcba981a8,1,1,623,623
secworks_sha256,1347d703fd6b8d0bc9f079dedcf3a56f23be2ba8f66617f4f5567d44e0aea2ec,1,1,2036,2036
secworks_sha256,137f63423ef8cec6f7410df38bc9b7450d69282c7a5b1dbde627042f96fcce5f,1,1,15,15
secworks_sha256,13a5b8a54d78ccbab02ec7337f0607be2420e51114f15f9cf74c04e235bdd0b3,1,1,383,383
secworks_sha256,13aa3230c3829ffa6dbdaa2767418ef3fe97f1d2654db98840763ab8d584f7e0,2,2,54,1090
secworks_sha256,13d4600ac0bd2058fd8aa68df0889df70aa965389c9528bbc461dc35c2a35684,1,1,583,583
secworks_sha256,13dba9f8808f8afd25b3c18ca3fe83f4129dddd5630318cbadc0fd164aebd2ac,1,1,1061,1061
secworks_sha256,13dcedef20a8c7bcc24805a6947cd75ca2a6581f0de7f7ebb555a0fcb39d20f7,1,1,99,99
secworks_sha256,13eb465bcf2ac9699dd323dbea27756a93323a1b88f73d2c4cde6ed599432eb5,1,1,867,867
secworks_sha256,13edb52e381bb1777ec4b3eb1dce5c761cf592cb23f827ba7bb7cb70ef9349ca,1,1,972,972
secworks_sha256,142a16379ab04854dccaa740ae73d71cb4affb4574d98783048da1059d804dfe,1,1,714,714
secworks_sha256,142b8dc8e6ef3cd12aeb9ed626b2ce8cb94a37f6b13d7250de36bde98c3b6d23,1,1,1479,1479
secworks_sha256,1431514e0d11238cc35c1da688c29842eb6e488dfa91bc93daa9d0bbf8c374db,1,1,1208,1208
secworks_sha256,1433ea600187bd2e0526bc350a6cc01a17748d0327d33c828d7ff44b277e9798,1,1,236,236
secworks_sha256,14404a9a505bac9162b733acfb6e5cf0ebab4393cecfbc7e116e07963632480d,1,1,202,202
secworks_sha256,14544427c7d3c8d54732e66e6dce04a044877986eb40394c4106f6de06babebe,1,1,2046,2046
secworks_sha256,14589fdcd8c1a4bf5f72277c78220ef6a3eec069686d2a32ac43a03c3f91e8dd,1,1,1437,1437
secworks_sha256,1477a7fcc1068a775cc06568affb38b5d3df85eab4013da7e6fb3ce6a97b8504,1,1,748,748
secworks_sha256,14b4aadb9d147f2ddc059ba0bcada4098da34176a0f62a638842f8b828f3e071,1,1,877,877
secworks_sha256,14d24969160a6629184e7b3dba75c2367ebd7378de10dfb4e7ddb1f555d70189,1,1,872,872
secworks_sha256,14e95503dc097190770d113e8b2ff77ce979e06630c9a57ced6bbc6429561b15,1,1,381,381
secworks_sha256,14fadc3e312149e8375299e63835ffd36bd4dbea08005dcb1bb733f03f3ab016,1,1,107,107
secworks_sha256,15049eb948822ca4d68f823b051aa6ce0f6ff2bf799083726ca9a9944a361673,1,1,672,672
secworks_sha256,150805bdcf9c6613cd58243cd102be5175bef9e2b1ee9f70878e0525ccea9e69,1,1,1736,1736
secworks_sha256,151f5c49971a543dbb3b948d0a9687e391af31afb82762ebbd0861d58bc5c349,2,2,269,1174
secworks_sha256,15469ecf1365eda7a3dfe3307529ec67bb4e1212e296c1ea046800b17438d902,1,1,1946,1946
secworks_sha256,154791e13760a81c28f16db889be85ce9bc1975a0b2a7681a54529d6d5524fa4,1,1,669,669
secworks_sha256,154b9c05096ec80f3a2d776ad04c8b21a5a88f262c341c05cfedb08e7b53aed4,2,2,263,1168
secworks_sha256,1560d70ac095a26f7162876a121ea779bc49a1a8bb57b22ea66e25ca994a21b5,1,1,441,441
secworks_sha256,157977bd268da5231b203d6eafa2c42288927702be89d6f6015b91a7bd6e02c8,1,1,1136,1136
secworks_sha256,15c355d467d59bd450bd7fe81897c844a96604c99d40223deea3eacb06c14038,1,1,752,752
secworks_sha256,15e69a7e1a5d2916116dc68926a2608e3c597ad64c03911577cb040b113f13ef,1,1,909,909
secworks_sha256,16320834ffe306306efe9b479b887a39190594ce8ec6110033f9d2ce5a9fd7bc,1,1,396,396
secworks_sha256,163549b14f7d6d934ee4fc9be83e370087249b11e47154b70e2472d371ee8b91,2,2,1831,1862
secworks_sha256,163d6b3c976e55c4af780dd5e19d68d4201e1d0a452f95693dd7ee14bc74bca3,1,1,79,79
secworks_sha256,164182dd36421746c38114cabc60f474b9222d590b9208478d35a7aa820c8f5f,1,1,341,341
secworks_sha256,1643e814f8a98064a05d098405fea94da916111719100a38f7452386d668ad36,1,1,134,134
secworks_sha256,164c17c8a10c671c0f4e7eafa63f11adb18cb57a09f30d33c539ba79530a5cc1,1,1,1507,1507
secworks_sha256,164e890323e86c4ba5afe8c30cb9e0e87d16ec576143776be3c46a3a4277610c,5,5,1805,1850
secworks_sha256,1654808a0ac1fa1f14a308de25f7c59ece70feed4da2df9ab8b1351831d291d1,1,1,451,451
secworks_sha256,16558c9eee9551d8ff9b8449bb395a197815d72240c8c90fa31ca35afc3d2d93,1,1,233,233
secworks_sha256,1657d55078102cc37da24963fbfe9e13439aba6c676014bb7492fa7f172efaba,1,1,178,178
secworks_sha256,165a59607e9a53cedefb0d4d623ff70ceaec6bf1c822724d1cacfccc358e645b,1,1,770,770
secworks_sha256,166a19cc29b209e4fb70b93fb59e0c530fc27e44762f8e7af427f91655b7d655,1,1,1113,1113
secworks_sha256,167bbe956b4fe1238044f96d0264b1b7b4f8a77e2c7aff97fd4d889b5d98f8da,2,2,999,1067
secworks_sha256,1683163f3fdfdad0ad5cabf498aa950bdd6fbbe117dd719bcb3e819659ca6c88,1,1,1453,1453
secworks_sha256,16918844068144e85562476fa983c74eebf6f359fe3811eb74b794ade77ab0d5,1,1,895,895
secworks_sha256,16cc0d3f8fb37b93026e8c82b0024ebf9e69495b7b733941ab94a0ca53cb0b5a,1,1,1334,1334
secworks_sha256,16d987940007bfa1d5da612b69b63bea3c543789fe635a88ad76d1e1a99476d0,1,1,1898,1898
secworks_sha256,16fd122b8ccfab1e2bd25c0cac089b4b050944448f4cb4801d110281ae5cfe38,1,1,841,841
secworks_sha256,17024e9ce1e0f5076f5473be670cc87ad84a36ef0a93dd276642d918c7657a58,1,1,121,121
secworks_sha256,170b286e712183c3ff9951aa16ab07d9cbe8db794d471e9effb5cc1c35fdc9bf,1,1,581,581
secworks_sha256,171a50c92666916ab6f7ea5ec23a000be585f9442b56d959483eb45e0960c945,1,1,124,124
secworks_sha256,171dc74197efef0c3b59b9bd8cf2475fbef80b8b9fd2899d66b95a378323a90f,1,1,378,378
secworks_sha256,171fcda6d05c1d32daba9c7e1766cb6bb6ce0fd084e4e2d8ee8d680d9c0fea4f,1,1,123,123
secworks_sha256,1722056d5361924f5d0576fc8a96cdd759b812417603610ae2f4826cc986e648,1,1,961,961
secworks_sha256,1729ed3ac0a1b75be1fa3e73dca74296a8b214ad4360f4de213dfde6489f9613,1,1,1922,1922
secworks_sha256,172b843fb22d929b7814ac9530a09bd812bbb86652d21ee3705dbae6199a349d,2,2,1952,1953
secworks_sha256,1759711110ec886c0f3cf0fd0a5c21f586c0bc847ea01057299d9b084116621a,1,1,2047,2047
secworks_sha256,17611dcfd75890e4176cdc832bc3129fbab4a3803bbe0904d8f796c594b1a49d,2,2,1027,1125
secworks_sha256,17663f4ce58aba3ab1702f22fb6b31a21e4d04176e28264a991631d296c0ad28,2,2,693,1150
secworks_sha256,1766711dafc2df2021f27e36e6d07e1527afdd8ac515305a6a74a60f96585826,1,1,139,139
secworks_sha256,1771bff36765a930a4def7ecb0300a4edbd48a4746ffcfea9a7a2803412e59b7,1,1,638,638
secworks_sha256,178ecbffcb82455a13c00312c38ba81402d8e4e43e1548f8c7ac61131041e8ff,1,1,1372,1372
secworks_sha256,1790426f333cf10231940d820365d2554c668f6a97d1bd15c14b159e7dd3d072,1,1,861,861
secworks_sha256,17a0f3876dff1efc1e041827676c183a2bd6a56cca5e73188978c0c51c8974c7,4,4,1710,1867
secworks_sha256,17a4ec836eff52df89852808fe45119e3df43680ff50b15a9dad6aa849c34819,1,1,561,561
secworks_sha256,17a64323d46bea2b9ab5f2915a3842e54cde63a2e049f3275c301830b497239e,2,2,1791,1871
secworks_sha256,17bc5716a927754e5a13ff57ab37d0af206efcb74d6487574757db624ede32da,1,1,1385,1385
secworks_sha256,17bec681c5918bc9cedc84f01f79ddca714afc3b4b25cbfffaea23156033d4f9,1,1,448,448
secworks_sha256,17dcce00cf3947695ffdf082fd612eda1e2e4c1fbc6a9e8f3e6df756ac0a69c0,1,1,414,414
secworks_sha256,17fc694b5ec4ae0e9718710a470a5cc1cb4ed53e831de6d0f0a41e3a13e95f81,1,1,1467,1467
secworks_sha256,180892474317346135d57c8f793468acee9648362bc0b3453f402b6047abec00,1,1,487,487
secworks_sha256,18187075d3f2fd4634054c2e2cb85931a537eac287a3d7e8ff0b34bcc031885c,1,1,898,898
secworks_sha256,18416f0c15833a8b146bb36ce66a850a1de2d329eeb4e198f10455035de298cc,1,1,1744,1744
secworks_sha256,184ab322f8f07c2023f092c99a099c6f0d750a355d9cdf18d21fd10ff3f15e08,1,1,894,894
secworks_sha256,186d45c885824928bc6d8cdd0adf52f946bb3e1a942bce07630c3c2a7ef05e24,1,1,350,350
secworks_sha256,1878cdc2c573eb2a802e7322168c1de709a8ef6c6d41e119fb0033e4d2bccd8c,1,1,1,1
secworks_sha256,1883613f15b8c8c34baa9e285fc788a9c7b63e2f4780d96a0efb06ad27cc0cad,1,1,1485,1485
secworks_sha256,18a22156114e3ea2f7f393519709c94a9bcca7503415e3fd6d9fda6bba0c7673,1,1,610,610
secworks_sha256,18be87369aaf0e3ced776b70f94adc461f2709c79292ca6c70122a49e3fe97f0,1,1,344,344
secworks_sha256,18d294686d635ff1a875c1ca504e80eb63ac2940571fc0b44c925e868cc42fbf,2,2,266,1171
secworks_sha256,18f256961de25ccc96640b69970c55c85d217ab4d98d2d1b2d22efbac98a4eaa,1,1,1546,1546
secworks_sha256,18f8040d0aea09928a40d0904d7e383d302f9067a7b26d1adfaddae603c60885,1,1,924,924
secworks_sha256,19161e0e5562d8cd12e61fd0a01b9e196eb893a91ad7a7e8b813439079189ad4,1,1,1483,1483
secworks_sha256,191dc66d62ac513e0db55e3218fe94891f33d20897eb84e5be018d1bc35ab1f4,1,1,1924,1924
secworks_sha256,1927ac92108c20486410cd40bd1b64807e82ccc10924889b95dfbe260a4d01de,1,1,690,690
secworks_sha256,1944a49efdc07963873abb89ed5198a471a0fc6cb6425e558ad0a37a13975e36,1,1,1754,1754
secworks_sha256,19577f146b03fc5b4ac9024633f1402cd378f3c1354d4c3e2cddc00e3606a56c,1,1,1302,1302
secworks_sha256,1972cf5f1b1ac3355a38a89a9c8f443b2bf90c04073050ab2ffff64ca2720f57,2,2,1019,1117
secworks_sha256,197777a81a1712607fa4d44ff43b208449d7c9b7a482430930f492c604009c89,2,2,36,1072
secworks_sha256,197ad83f0a8e2e6b3f123ca8ab021e25c09f0a10aa6321f9bc4f66d3205c7070,1,1,1225,1225
secworks_sha256,197c80381e093942c3af5af6ef280ffae4c5a6368b9a8170dbc7d7cfd8a460a1,1,1,373,373
secworks_sha256,197e76aee0dc204aef823b97617377c59c38d3598522c53a206701ca5437fb24,1,1,1128,1128
secworks_sha256,199927de14ecc12589cbc8603ca0a5dea9f41d3600d3bb0b73a0028a20b0cdeb,1,1,448,448
secworks_sha256,19ad69823b3c8d3b5460db4dc45717b1c89c773782864103be9adbbf2933e56f,3,3,1889,2029
secworks_sha256,19af42e8ccdd2ddd2c1ef0c16b257eea56a7d05bcca7a0b97c128b0d763d1350,1,1,1514,1514
secworks_sha256,19afd54cb5f55f585964106a5e1efaf82e6d1221300bf49279c2a9397a43148e,1,1,215,215
secworks_sha256,19c42e663c580d012dcb377ab1733355f328f3e17f8f3c3e7402cf8ca61ad2c0,1,1,795,795
secworks_sha256,19cfb4dd9c1f411ea2270f0f4cf79ca5cd8d5269b126e34cd22998754625f02f,1,1,433,433
secworks_sha256,1a04b709e665dc5cd18e7de8f0da6b322bfd6b664e554f912cc76afd4dd16ba6,1,1,854,854
secworks_sha256,1a2a386c294d99f1b9439c1ff6b7954a920e4f2ff880656969d6974b5d5d5df8,1,1,719,719
secworks_sha256,1a50d75ba52686a661989a56ee8668a4ae47167e85b67060cd5d9720f4baa2bb,1,1,1317,1317
secworks_sha256,1a52a7f23a6d44bf7862ab45090a154002cdce1d80a628dec7ced8f0fce841f6,1,1,898,898
secworks_sha256,1a7213a820c04caeecc58cb9c96aa4a0ba8d3dbf224778bb16a627e42dee3653,1,1,513,513
secworks_sha256,1a7314125d0d0b38dddb4579f350cd7d64d327503aee88bac5b6e0a77c8c0009,1,1,636,636
secworks_sha256,1a7f99f7e7efd5cb2e3904cf5fa6ed01efcab6ce76f8803a7dd79be1e557bc1a,1,1,1366,1366
secworks_sha256,1a80e95d3ccf96155d683b48ced6f23bc4379d0a81904cf76a8653112faead41,1,1,826,826
secworks_sha256,1a94e4d779c0f51ee76e75c37002d923e6fbb41e3042ed86ec18ba2d06c2f941,1,1,669,669
secworks_sha256,1aa2aa5200f23c84f3d84130b8459c585069c1ce78f7bde6d8d0f60b657486ee,1,1,222,222
secworks_sha256,1aafeaaa7e5e0cf3fa6e2596271fc618d96a36117d51518c7452f36bdee7ca34,1,1,299,299
secworks_sha256,1abd40e0af23316dae0f68596f5dc1417467e9a1065195f68867e1acbd437f02,1,1,1134,1134
secworks_sha256,1ae65ccc48a3388454db8489d4244467aa2a569bf7df612dcabdd17ea04357d8,1,1,1241,1241
secworks_sha256,1aefe1cbcd76d061736d3a6671d74d66c7be3dc9ddf3eada02367a681673dba9,2,2,1714,1860
secworks_sha256,1af7d309042e12f2339edab2f4d7cc4a388748e5a4ee216d60ebdf71e79e6fd7,1,1,61,61
secworks_sha256,1aff5ba3f51ad257c07e6cae9e47d885d5ab8e92970c70229532857ef4a7baa0,2,2,44,1080
secworks_sha256,1b122ae18117d503f4fa57b2edfccc07b15bad3fa2c60b37199f5de27c60b1d8,1,1,107,107
secworks_sha256,1b1d07a112906425cd5af1f8b5488058d6fe467619b0d1bcf11795966a643c21,1,1,82,82
secworks_sha256,1b261cd0ef44b662db194d88bea862168d14b3d9fd94a20369d108e10f5b3d0d,1,1,1921,1921
secworks_sha256,1b392fbe8761c2b323b92fb6cd90e7d409699d06b966fd63c2546b82db4959b8,1,1,296,296
secworks_sha256,1b4ce0b41e6f2317a619d4772fc4fa66c80fffaa4e99886d2815ff52fd830e3b,1,1,401,401
secworks_sha256,1b54a6960b6146187743d3870e3982f9b0b67df850b8afc55d085459f9ad46e0,1,1,1026,1026
secworks_sha256,1b647577cd1532519b352f1d2133874ea56892a0d800ee21f5ba7d286e72c047,1,1,1457,1457
secworks_sha256,1b8db051d2cc182265e1b98a65367769d090a156b074a939d12cd3f4e84785aa,1,1,919,919
secworks_sha256,1b9790ab4ad2259aef9372036f87dedf026f3816e6abfff2dd66195bea38a455,1,1,649,649
secworks_sha256,1bc3c75698533f02bbcaf88d3d265d0486d34dfe360afe3604f694047c5bbb1f,1,1,934,934
secworks_sha256,1c02ec521b77bb77dd47d8d539a58d24d7e463bb061c0bf0affc6151d6859112,2,2,679,1136
secworks_sha256,1c2ee126dcbbf53cb2fb4627138ef37992235f7e908da4f3fb0a833fe670713d,1,1,930,930
secworks_sha256,1c3b7a3ce5af36a04cc17435a26f0bec8e67bdac6326325e5050da9ab3b901e9,1,1,888,888
secworks_sha256,1c481ed6740017ea9218c68c0f2f3174297b06efac020f941eea37e429d71936,1,1,721,721
secworks_sha256,1c4a660f8be12034a6dbfb27204628faf8c7f570119a12f4c65606b57a2985cd,1,1,1586,1586
secworks_sha256,1c4e2fd25bb6a776f6154c0105160c40b828b169e246d8c0dad5e8754094d9ec,1,1,208,208
secworks_sha256,1c60605daa06152e0bb1cacb99364c3c0f32dfa93a9387d2d50c00b915f50723,1,1,1334,1334
secworks_sha256,1c61b336f9bfc1ddf2af5352da4e45f72986fa106ac01934a4da73536f44e2e2,1,1,1560,1560
secworks_sha256,1c771b95eeb5a336d062792d501e60f04944934277fa33d6c6ddf9c61a3cd2c2,16,16,801,1414
secworks_sha256,1cd1a8a62d7b281f346cb0749258e72d00e5971f35be77482a75e5262058ce28,1,1,279,279
secworks_sha256,1cd55e29613f9c339cb68a3634d652271b6821bf4c95b6b9ec58735a90ae5552,1,1,335,335
secworks_sha256,1cd8f782233caeb520fe083a86afae84964274bec515c15d87563e63f441de0a,1,1,824,824
secworks_sha256,1cef59b97135378cef5fcbf966059bde3ab974ce0683f32641c8455671eb40c4,1,1,137,137
secworks_sha256,1d1fed45165d206cfce55b94cc149da0dbd9b4b8f6a912c47f80cb43b80049db,1,1,929,929
secworks_sha256,1d2883c1a228fbbb06a8e7ec20d0a717710bbca5d81f2ea6f7ccbd724ea25f74,1,1,465,465
secworks_sha256,1d2ab1afec8bc17d275b9a539339ab0c44f912a5b5f8e6ae5b3406008c0f01b6,1,1,1446,1446
secworks_sha256,1d32049efbc1003d3f9611847180e8115c777b400cde3b8b57a848ef0500cbf8,1,1,1928,1928
secworks_sha256,1d3841f2ebdfe4acb517068e200e0f32e35f0ebb16efc7395c0f115ca0804e5e,1,1,109,109
secworks_sha256,1d3f8ad70a3f0e627bdb8c1fb0b99992be76769bb65bb408d4ea550b57a7c544,2,2,522,1263
secworks_sha256,1d486796b944a8b033e2c8aca827c6a57077849446737949ed4d1db1a8983892,1,1,372,372
secworks_sha256,1d4f7dad27a9a565dc4ec99b43dcc80cd9c698d8674492f76ea49ca5c84f2664,1,1,204,204
secworks_sha256,1d5d8da341263974022906091189f96810457707954bdc01219120141e3f5c30,1,1,736,736
secworks_sha256,1d651e3ea1abb3559a2de3cbd36be8aa09ce8d9ef8560371be3f76a2506f9e0c,1,1,347,347
secworks_sha256,1d8842cf85fa55064463474eca93a8bad9e3f8a8e0207ea0dcad6464c561313d,1,1,826,826
secworks_sha256,1d88776a7bf0384135fc1ed7ae68d33bc71be4d3ec92268bf50d720f08e3ee67,2,2,2002,2012
secworks_sha256,1da642744b9bd258d799fe5e3e7cfad3b02d5bbfab315313a8f7fee56edc407e,2,2,23,1215
secworks_sha256,1de4fed23caa5ab08e3277e269f4710e970ab2ff033a542d3a58454a6e56122d,1,1,1862,1862
secworks_sha256,1de6b5385303d7de8c291291af472542d1927b40153690230c6a8e72aa5d924e,1,1,1516,1516
secworks_sha256,1de9ef8554b1ec01b8a464cbf7f91aa5649eba5e121cdf38d1b805a254da55fd,2,2,58,1094
secworks_sha256,1df78b24b4a43fcc4f0c06c645be4d2f947f126f4cfb8b69f29c80e23fe2153f,1,1,1405,1405
secworks_sha256,1dff1592f11d25f849c63d8f2b3b3bd3b18359dfbf43f1511ba1a6cd5774a115,1,1,165,165
secworks_sha256,1e08fb27bf000b67f69a218c2115e44ebb902494d00c266a2a5a9dcf43a14129,1,1,1426,1426
secworks_sha256,1e26ee1871b6ebe34c9d801c377e78598b56efcd77fb7132bd953eff7ada4525,2,2,360,1516
secworks_sha256,1e28d052d397d96af1e9e2602242746ca328385cab6321d4f6b5225da07f2063,1,1,1443,1443
secworks_sha256,1e34d24f3e41dfcb721a7448c7c40aa2db3033820955c0c33cd60cbb8cbeacf1,1,1,1218,1218
secworks_sha256,1e3f22614fec45777a5e3625a7c2da9763df5b60361e11127d7c85d5022d16bf,1,1,1448,1448
secworks_sha256,1e4a3ddc54c1ec552df5e7184f9cf400d07f1ea2bc42c366763fd033b04a8a88,1,1,794,794
secworks_sha256,1e4dd159e49f7c1d2a6552f18e9d9d63cb0255c208c6cb745b8472a88b6ecace,1,1,1365,1365
secworks_sha256,1e5e26ed978719fbfd98d34cb0c1f7aae3b89336a85b31d9464d250616923b01,1,1,1393,1393
secworks_sha256,1e8b1dc085d2d407b5d509f1d4bc0b0a1d533b74a6f852e43a4d8737ce532bca,1,1,555,555
secworks_sha256,1ea39bddf47f2f5e382c501f1abd9cd9e97e1bfa4c198475484a27ab8bcfcf3d,1,1,633,633
secworks_sha256,1ea95d112d598064ab17fbf011cfefefe5e7ac996589526371914ec7a410e48d,1,1,319,319
secworks_sha256,1eab842456de5cc555cf8f342583c4ee8fa4625b77dd636849ed58c5decefca3,1,1,1093,1093
secworks_sha256,1eb0857f8ca30e4251440e7a3e6573a0e7a526eb875a9546c486db806127493b,5,5,1549,1684
secworks_sha256,1eb1d024c820947f11befaf3ee669931f50a4876ec9130442a40003cc69314d7,1,1,1002,1002
secworks_sha256,1ec6236f5ccf5d0186fac6e91dd37da81d119ff12d3a28cebff252c090d2703b,1,1,548,548
secworks_sha256,1ee916833a2b90ff60162e9f5c3f39a82d19137fe9d6e495de2d25445a56086e,1,1,779,779
secworks_sha256,1ef8109fdaa8adb9f15af917357e62587e2d14b8da7a914df45efdff960f907f,1,1,150,150
secworks_sha256,1f0913d8804c4252f93399e0dba0e7bafd283da4b16da9e1b760a828279510bc,1,1,892,892
secworks_sha256,1f5651595c9eafaaf24c13c16d0b9ae64ceb4755fc6781666c802afc9fedab73,1,1,1880,1880
secworks_sha256,1f8e195c303698913f437f0190186ea6c6b863d1d01e43352b9c41d7f18c445b,1,1,1401,1401
secworks_sha256,1fadb54a61148baa28418eeef30fd964efd378531e2de4e9a8172a6633a58e3d,1,1,371,371
secworks_sha256,1fdd3be6dcc12d65d03d023f920426d1de981305399c94fbf61f5d384a48986a,1,1,1529,1529
secworks_sha256,1fe8341a7635b317c340856708f95aab411ede5449722bb397eb0d7e59c3671b,1,1,150,150
secworks_sha256,200c08e28b026f03af5dd0ebbbf3da9dc92f841b9ba20dfb86faa2061dd74d38,1,1,1739,1739
secworks_sha256,202bc3a3da82cae22e462a8aff5b7c9a787f1a0b969d05a922da0996e38ea6c5,2,2,686,1143
secworks_sha256,20306eeae17e2b66aa472ed480936bf5908a660600f7757020821bd3073d5d6e,1,1,100,100
secworks_sha256,205465e7919de3fefcff421b45042e70d36a4ed38fae9522d7f0e128c2977d6d,1,1,712,712
secworks_sha256,2058aacca6af26dc491a39f6a1807d74e09fa5ddc56438b8dd8b09b702cb0f73,1,1,430,430
secworks_sha256,205f85d0350c14f87029ebe61cf32f6a1bed6b9ab5c55da529f82b1d5bce9a6d,1,1,1376,1376
secworks_sha256,2063f6bcd275091d4619ffb0096c99faeb1eac9b178a2331263d2444316c706f,1,1,549,549
secworks_sha256,206c419fa5737518bd33ef7f03670591d58a04953c2d9d48d86cb0fa0c6ef956,1,1,1094,1094
secworks_sha256,20717a495e51757666fc9163534c21d18d42aea7e1491d33e88a8a6314f5d1d0,1,1,459,459
secworks_sha256,2078a18950265c244e34920c256f616cad64ba81c728b92c0e7ab822632450ae,1,1,444,444
secworks_sha256,207c95d8f490bab328d879a419f2a967d76bc3394c5dd12fe390f7725530b978,1,1,460,460
secworks_sha256,209918107a2437d7dbf8eab83c003699c12da205fdf0ab9e52f436df05a8857a,1,1,1170,1170
secworks_sha256,209fc8f641876d5e0e42d665dcfc44655fefdf493ba995361a4b3d2034dfb72a,2,2,683,1140
secworks_sha256,20bad6d2b0ab6ab900c3b1898de8a8f66c62148815bb29aa58be6f94e1baf615,1,1,1042,1042
secworks_sha256,20c92f38d63a114ad01d58bdd894f9e193ea0cbe0706199f961bea86aff2fe0e,2,2,675,1132
secworks_sha256,20cb63bfe7887adac9af7331e3c446618672661b9361a6effa65d0bca10ef1eb,1,1,1524,1524
secworks_sha256,20d8e503398761c265e224ecabba189738c1fd3e5a5f527631c409f627331f56,1,1,259,259
secworks_sha256,20da6a96ae3bdac141d90afa6e45aae701ca87937dad8788cd3ca1ddefd92428,1,1,480,480
secworks_sha256,20dd3a7f0451f5e942a2a7004208de83bab22c93f832cb893f65c191e21f649a,1,1,102,102
secworks_sha256,20ec13177348f594470de4d4d0bf4626391d5bb4bf7ddfb72055045123b80979,1,1,1250,1250
secworks_sha256,20f27118794f1a0f08aac554836bf6e3a628db139292ee67ef5115f1a5d6332c,1,1,1983,1983
secworks_sha256,21424f7fcc575ccd818b85209bbae8b9279763c73ad876911394590563afe37e,1,1,1434,1434
secworks_sha256,2156f4015bec494cf417d7f3becc63f4b5adf2a2062984aa263e659516908b00,1,1,1157,1157
secworks_sha256,217563db4b49c108e4472e1bd8da563f550b656ffb99637bcfa44bbe38cf570a,1,1,1933,1933
secworks_sha256,2187f89878edae7b0e27a04f2e8b47891addfe461fd981b52894a007e95c2619,1,1,570,570
secworks_sha256,21a81abe08ad181fc5b8a54894a26f278e646e1a502441a43d3c96d9d21eb246,1,1,1037,1037
secworks_sha256,21be48c192f7542797720687c36639b3b7834783972f18babc3af7e320427187,1,1,946,946
secworks_sha256,21ca65c577fe2a20e32063ba40ce9e0e284a76a0c5611a496175438cdf3584ab,1,1,1481,1481
secworks_sha256,21d0593c63121b0f653c82e5a15ba66caec9d1acfdfadb5aa4f044c7f95b3ad9,1,1,863,863
secworks_sha256,21f17608a92c399a6ab1e428c843d87e833265bf5f33a4dbc0746f82bae7f644,1,1,1475,1475
secworks_sha256,220c542ce705c9bec58a4f47936b2ff9b85069bc29836375e7dcfa363dc77851,3,3,1722,1849
secworks_sha256,2214c43f9d85b89e4b5f075b45ff4b2377aeb47236b6062670b9ee4c6d31052d,1,1,103,103
secworks_sha256,22308f164d7d0685a718d4c2be2813049dd9b5dae9b55478c4090010107bd990,1,1,658,658
secworks_sha256,223d498079e58c800b81c237a729ca4f31bd70d8ba37e2541ee07eb91f9b6141,1,1,1750,1750
secworks_sha256,2256036d239f17e76cf65a92edc1730a1995d9d82e22e74fcc5bf93c8d7a518d,1,1,786,786
secworks_sha256,225634b36d2035948a50d4df446ef01543f4c268479910d732fbaaff95002344,1,1,948,948
secworks_sha256,225d7ecfd11f33ae51a6d6dab90b84ad50f4b30b71ab16dfada70862c66836e8,1,1,185,185
secworks_sha256,227de9a561ea7035c343f1fef2d1412d46bf3d67d1f9e0644b2fa3bef653571f,1,1,193,193
secworks_sha256,227f3b87b373259f6b1a1b1417ce8e2452a92f571c092f0b0443db06e8539ee8,1,1,610,610
secworks_sha256,228067d6fc48252ad921b2f9a63e4113cb635ecafe5b499ed17cf54baaaa3dd9,1,1,178,178
secworks_sha256,22bc21e58092d54b426b01f8c285ec3e5ac98feb5fbb79c39ca8a4519a1f4f59,1,1,605,605
secworks_sha256,22bfbbb5bde40791d607f4cebf1288ce24e27c0cb1944710d595171a10c9dfe3,2,2,1553,1677
secworks_sha256,22c5f458d3c214e6e68edd1ca644f69d9f050c0cbd8be5424eed3033e2958846,1,1,1019,1019
secworks_sha256,23215415283f5a0b8fddf96169365eea80bfea7294aabe68a8a97bac4aad243e,2,2,1004,1102
secworks_sha256,232a7a31346ed8b24819377737c0ba46b6701cd0eb761d5eb8cb45cf1cd08109,1,1,788,788
secworks_sha256,232bb15d09133be89a73b934d5e8b11480ebe42eb1c617617818603e165bf517,1,1,1039,1039
secworks_sha256,2384f77ffec3433192e95da6a677ea1f7f727401452121ca7ae69c54779fe5ba,1,1,822,822
secworks_sha256,2395723db8154dd5fd2efa5fb9243f5084f4cc507e9d114f8ef48e98cf0ab466,1,1,1556,1556
secworks_sha256,239ca8202cc090e3e5c6bca4f23a4ae81a0779c36663054d5cb87135508a1e5d,1,1,1987,1987
secworks_sha256,23c359586822934d70a51649b757e24ba56464742ae00fff68aa09104b9f848a,1,1,1917,1917
secworks_sha256,241f1fa87aa913184361e3f6a8f7e5d99be1632e99b0b9be76cbc303f646b816,3,3,1545,1689
secworks_sha256,242b4e31353979bb8ad4375f9cbe1e3a968183d619956011ff2b364dbac4b843,1,1,870,870
secworks_sha256,24530b5bc9e0efb11af7589f74341cf00a31a5da47f41cc23540338049f33cd9,1,1,595,595
secworks_sha256,246cce16acdafa7f7275515991a1503453dc21393241a23cf807298af8ff672e,1,1,1079,1079
secworks_sha256,248f9573bdca8e1b60083cf47a02b05527d1567e794ee9e99a0e29d64773fd91,1,1,545,545
secworks_sha256,24a1b8fb475729d58eaaca210e2146a0825fe97fc10394983aadaa8ecb37766b,1,1,474,474
secworks_sha256,24b6e83bcf12d1f8b0cf1b9d1df26c75e8f7c2301c6df1e1caa544b53b2d1316,1,1,457,457
secworks_sha256,24c4729b35caa1670ab73ed92eb2e9998b4ccf17893f885fa6038be82ba3059f,1,1,123,123
secworks_sha256,24c99b2e1041eb9e20d34cf9dcfa6fcb4464734a84a524be38b2801739a73285,1,1,141,141
secworks_sha256,24cfae00923e954a660171502479ac3e4a4e32e71f21dee72c0beb8b3981b414,1,1,966,966
secworks_sha256,24e60bcb40bc12345d7a08c2740439edccdaa52db804e4ac072fecbc3d55dac3,1,1,956,956
secworks_sha256,250d9bfd691db8cc7e0639cf681d1f2137ae226d58ff0488c297eee5b9edaf44,1,1,439,439
secworks_sha256,255ae9370f38317fc4baba5dac147050e66ebbe8fdc29d09adf395eef40840f6,1,1,1534,1534
secworks_sha256,2585bd04b1b154d7e00b4ae8fedf8b8f3dfde0f5acbefee295168db6bcc2d455,1,1,1239,1239
secworks_sha256,25883c526d231cdb58030b14cb8268d23ac53e3682186028ead4b3fe5f1dd3a3,1,1,722,722
secworks_sha256,258e14478491e5db6beb9846a54475b01bdebb91a3c6faa47c218658fe574758,1,1,1284,1284
secworks_sha256,25afa65791330a8a7738894f9a57c3b98af8873d5df0172e02cad9502b515d2f,1,1,1321,1321
secworks_sha256,25b4b9f09c22749a946b07e62bf50d1b3a0f0027c89c09958bda5e866d870dfa,1,1,1384,1384
secworks_sha256,25c2a0eee221973e4961379fe7340388fca3dc198d5c00f33b5428b65a331f51,1,1,240,240
secworks_sha256,25c58e1122249fda3ed83a5395b71800e3a84a6f4d2fd0a45cc2e42c3465c013,1,1,5,5
secworks_sha256,25c8a414e3fc57d451910944c1e1f9558f80c329647288b048e3dca72d941d4d,1,1,1433,1433
secworks_sha256,25d7d73f9b2784e81682a65991406a2491c4f156417e78530923bd13543e658e,2,2,60,1096
secworks_sha256,25d916cebd5b53dcb251491a7aaa9998fbad2d6302c8d8ea1794043c43ee8276,1,1,785,785
secworks_sha256,25e655ddf7cc67b96b4c24509faea97505ef5218ef11aeb9a136f5f0b521bb4f,1,1,1442,1442
secworks_sha256,2600a68e6fbae6780cccabb26c06bebe9d6559675266d27b38c0e664748bf0b9,1,1,858,858
secworks_sha256,262231c57b072690d058e921c7a41d8ec172d1bfbf71cf485f0b8fd0ae072a4d,2,2,1030,1128
secworks_sha256,2649aa57fa39808c368ba9a00254075b233697758daeb75e6ca116e01badc65c,1,1,327,327
secworks_sha256,264a90c74ce32e1301781890b34394c972a07c6610241ee59a1152dc0db29fc7,1,1,551,551
secworks_sha256,2652053de1bf10bcffc2f0b756d9a7c7541994820b674078f75391f72a39301b,1,1,1390,1390
secworks_sha256,2665af3af24c5f0c53e53aa2c5f4f75722b058f9bfb7a9c5fc453b4d3de939d0,1,1,1827,1827
secworks_sha256,26699d1f64806d3f68667794c7094bc0f5128aab310501477be52e3067402126,1,1,37,37
secworks_sha256,2669b4d7d8f4c0152d484fbd383f2e60ccda4c6761dbf83bc45fb77828038753,1,1,765,765
secworks_sha256,266ca6f963106c76b118c16ea2ff7895e5ab1edd79806e6d2ca35684ab26abb4,1,1,845,845
secworks_sha256,268bed6699af0419e6094cb8e89715de42dfa6bf185c6f92fec15d82b0c37e4a,1,1,1325,1325
secworks_sha256,2694b9baacb56ee987802440ffabdabc488dba1beebe8f311d4b71e3f5fdbcd0,1,1,420,420
secworks_sha256,26d5a1d25536a345794134e6e525c7d84f5dfffb429e4e7772838cdf991a806d,1,1,1934,1934
secworks_sha256,26f49f7a0b3fadda9bb26a9b101884270c740d285bed5f234587efdecd3d025a,1,1,1934,1934
secworks_sha256,26ff9a966fc5371ed7fc7040ee1f7be12a7017f7b92ba629449b2e7a225d479e,1,1,210,210
secworks_sha256,27115e081aaaa130dafe49ba27865f4d7f430793dffde1d3ca906e5ce8ae5c36,1,1,1489,1489
secworks_sha256,272a01164748551cf05b564d70df5facd1e06d1e4a579ad546cf805b2488d9ae,1,1,481,481
secworks_sha256,274b7dcc33a69a55f512950fc3a8e95445fe2bf02888ec09e8478d993684cb13,1,1,445,445
secworks_sha256,277e59d0379a9f656b5af80828dc990fc6cf6c6bd0841fe1a1fb7aee826654f6,1,1,879,879
secworks_sha256,278b95b590c2026d989f88131f9761bfb9e554b9c562cf144c8a6e920be4449f,7,7,1547,1687
secworks_sha256,2798faa2e28a61059ac94376b0dc49ebcfb70bdb01940e0dcbc376605b3b98cc,1,1,1775,1775
secworks_sha256,27a77aee2b298621de095fc663749e1575ba344e49d7fa4438e2852064954a1b,1,1,158,158
secworks_sha256,27ad5456f8c4d4314428165740a4240119f3403fef41acc7dc7ab2ed16edaa98,1,1,1017,1017
secworks_sha256,27ca6e51ed0a7e4f6a08c87238faeabb28eab5490d230073e1554b20cfbd3af9,1,1,1322,1322
secworks_sha256,27d5712ea9a34e7547ad3cf49f25e31ea7fcb4a72f1f5ac8a9a589f1b2ba9570,1,1,989,989
secworks_sha256,27f47c1221beccba84e49db61e9cbb38db8c4df3f3105f0c64e3585bf99760e8,1,1,132,132
secworks_sha256,27f519e9a69eb59a60b9daea4ded3dbf3d6dd3778e11cd5eb1a943d2dfe6cd6f,1,1,1283,1283
secworks_sha256,280bdda84176908964168f4cdfa676e5d00d2ded47829d3d9d749bf10e9698e5,1,1,803,803
secworks_sha256,280d85762bffd6cf6c6d3d7ee0851c1ef11b01b17a4c12b169b92df6b2c17fa0,1,1,131,131
secworks_sha256,281ee299853b472219f894ac8f371e519a7697fc6a601287566031c8cb608050,1,1,693,693
secworks_sha256,28267c0dd78eab9b6c056a2ff2c06e9d9d020af5d3145ff1c0e209934f928d98,2,2,519,1260
secworks_sha256,28306fa819d9ae3d1289ddfd3040c66fea4db88d9fe853b64666f4e67df94506,1,1,1572,1572
secworks_sha256,283cacb1cd425cd57e6a5e27d9ccbf9f352b9fb40313cc28273914aaeb817b29,1,1,326,326
secworks_sha256,285ad931f559929725529f3874b27efb657eafef5e90e1c4af3dfe3972e95d67,1,1,283,283
secworks_sha256,286b9cd5208e1b9cce091fc70fb76dbfc836e5fcb90d352dbd6a491176e1f610,1,1,873,873
secworks_sha256,2875387bd523bc1990682bd3a16aa762f57041a231723398dd51209a0458bb89,1,1,1245,1245
secworks_sha256,2895cb97e8e3ac1f4b857beed9ca70aee62f3f9c167e05dde34b93e32dadf408,1,1,770,770
secworks_sha256,289616e3cc896c0720a9a6a2f09f22bfa82a9290195bc02c2ef8312eb6ee606d,1,1,406,406
secworks_sha256,28a217bcfaa50bf49544991ed754f934a3c21ef9e491e964994362cb9d137c92,1,1,134,134
secworks_sha256,28fb91d6044d7a1e0769dd5b157228a363f8d1534f07c8ba97d0b798d22c79de,1,1,1217,1217
secworks_sha256,290185b285df6e85eaa5874280977e1222896574d7f7c6b92d127fc18c793670,1,1,1310,1310
secworks_sha256,2917cd71c223746471dd36de4e34a7db4fa34b02c6a875bac5661dab2dcde645,1,1,730,730
secworks_sha256,295e5dab5fbcfee4dad4a11f9ac250d140a1f24205bd0b6562220b9fb8dc41fe,1,1,1310,1310
secworks_sha256,296e018ebb81e44b127463a4ebdce640037286a2507354e9c6aa4f5595ac63a5,1,1,1422,1422
secworks_sha256,296e6117efadb201bc2d338354d70e2e7acfe19b6180de9c71c41d56932e460c,1,1,302,302
secworks_sha256,2973f1a681e927776e27bb9cc556aee61dcbc4994751ff461c7b375c5a201962,1,1,1894,1894
secworks_sha256,2986081b70cf00a39d1c674adc0eb2daa48aa043bebcf5ceb1a04ed825dadb16,1,1,786,786
secworks_sha256,298713974ec1b80129ebb770cc26a8bfe7a7fd2db8ccf50bac00e46e816c17fb,1,1,545,545
secworks_sha256,298903e43f89a002c42b113b87681cf5969c3435b862ee365b24f9d229fbf93f,1,1,1301,1301
secworks_sha256,29c9df7d8ee60c9c282b5cd0681e5588a2637fb97ddcda677fddcdf030618503,1,1,1454,1454
secworks_sha256,29d07a6d28ba1bbfd297ec924e31fd7b2f0a9ee590a867f5e4331e1eecef6bb8,1,1,7,7
secworks_sha256,29fc3962ba5cbd3825d2283a4d3ecbc83aa2b0c09a3f4469bc13bdef1b327a04,1,1,1533,1533
secworks_sha256,29fcb1f4dcf700e21bb05770efa8ab1129298044a7d75aa199bd00ce79616835,4,4,1567,1656
secworks_sha256,2a0a1a478af78d425191807ca14d7a34b35abaca8e611f9595b90fe9203e31b5,1,1,1500,1500
secworks_sha256,2a2a3fb0105d14cf4fec7953f6475af99b55868e681b1792eba952044941037f,1,1,1927,1927
secworks_sha256,2a37f1b6f5758f4e0231baf242725a112f53d2775e7a26072f0911e00e666eca,1,1,629,629
secworks_sha256,2a653d1eb6fb8d760a5a4de6bebf50f2543ff3f42dcc2617f29d42994e9dffa8,1,1,363,363
secworks_sha256,2a7507d77597e2a54a154dfca7dc29c7ef5a41d42d3f24c84e6cabf7b82900ac,1,1,510,510
secworks_sha256,2a84d43c7b6ba67c0fda61569d55f0283523f62dc1268f7bf88ac08275cf06fb,1,1,113,113
secworks_sha256,2ab5540bc41b35f446c76db89cd6e134e033b7cdb3c5a10a59357bc7216006a9,1,1,1719,1719
secworks_sha256,2ae67c17e87cc72b004a5e3fc66cef241cb60c81536cb1996edef7988a17f346,1,1,500,500
secworks_sha256,2b118c6f3275328d6dc760de846bf5b69ce5291a5c5535f45e94f1cd5c48609b,1,1,938,938
secworks_sha256,2b234368b9533db86e60f1daf9fd9007168b2aa2b655f163a7b8d676d0c9296c,1,1,111,111
secworks_sha256,2b260f2892adfeda205bccfbb747eb73d36edb331e846c90d144529676f1d6ee,1,1,1481,1481
secworks_sha256,2b62f81cfd5c83f4c44b2f1434361268d2a89f3ae8badea0a63e9bbbde33376a,1,1,1644,1644
secworks_sha256,2b8e5762d3f1a22410e76463f3deac1a02be9468bbae4ec9baecf8505192ec6e,1,1,1734,1734
secworks_sha256,2ba91b8fe9c0db72d87748b0fd21132eec92917cbfeafc75f9de37b13e4057df,3,3,1718,1855
secworks_sha256,2bb6bf4311bb9f473c0fd96dce9b4d434e88cf88d47b43f60a93d11bd40009fb,1,1,1674,1674
secworks_sha256,2bc449bb169fce3462875c2f47bd5d656b04a14b28cc11bb0777806d854ac5c8,1,1,1431,1431
secworks_sha256,2bd0eed34dcb23d1ae6e696c4e9984e7d09d9cf6cb915930a68c067af88dd6e3,1,1,1971,1971
secworks_sha256,2be8f3e36916e10c1ebf81731c1a010ec724e327dad2b0e79b082ed2d2b5a28c,1,1,1923,1923
secworks_sha256,2bfe4886ab0031e5a9bacfcae2da530348877ada6947ae0458d55a477048509d,1,1,474,474
secworks_sha256,2c02fc660dbb95a68dd7c92b9092d5132e02b9ca3f7acb92ae34599fc1ccc936,1,1,1107,1107
secworks_sha256,2c1dabfb4ba6adba042114ed05cdad64c14e9a945af2833382225c5f7c992315,1,1,345,345
secworks_sha256,2c3e4eb070c681ccc9976dcc26131f2d81d44bb6856e3c7ed525904d7e11a894,2,2,538,1279
secworks_sha256,2c490d583494804de9331d87eda01041a7fc2aa4bfa525e1e88330c619fe084b,2,2,1957,1960
secworks_sha256,2c5960b10e0f189a65dc2f7d91eacf78176896b0a885e73992111be9909fa315,1,1,731,731
secworks_sha256,2c5a57d8f50b05ca91e9817988d813f6ae4bca939bd35df54decaf0cc477cd52,1,1,1003,1003
secworks_sha256,2c7ad16609942a27bf17c4c0f835a65bc832b13e0e1fecadc7635bf90c9cab85,1,1,1749,1749
secworks_sha256,2c8776a5584d59fafcaad52a320525d2059d833975c29683d6177a079eb85d50,1,1,733,733
secworks_sha256,2cbe257e361d7936ade4522e455b3b08ee6e75efdc9091025f85b15c3567b0f8,1,1,334,334
secworks_sha256,2cc19fc31e26f553e80e658189106e85b3526f165e9acc93eb5ceb450c835fcd,1,1,1387,1387
secworks_sha256,2cc8f0aeeeac9bd329c6c22005a8becfcf072198a20ffa3cfa8085dbc52cb05c,1,1,1365,1365
secworks_sha256,2cd36fa663adf63739e2d66afbc93e9f66ee9592bb212389b69eeada18dcf1c3,1,1,98,98
secworks_sha256,2cd9dc589be188ee7dbb7d8ec1a63f65628d62ac85692eb32705b47b106af6fb,1,1,449,449
secworks_sha256,2ce13d8e87e6e28439e11c30d7389efd2e127f88979d34ccd124bb6245e04b31,1,1,830,830
secworks_sha256,2ceb6fea7de642202c2a910a312a64c6020ddc439c0106cedc031133c8cb58f7,1,1,355,355
secworks_sha256,2cf89c50e9740499e1042e4fcdfa924e8ece3f5ceaa7ba1efbb8efa55533a097,1,1,1232,1232
secworks_sha256,2d0419bb9a5ac78dd696540cfaddd87eda14c87632854430a4bca7cc05c9176d,1,1,230,230
secworks_sha256,2d091f5294e460bc911f8aa87c9676bc5e5705ac3f0b7930786b8ad4fa8fda0a,1,1,1164,1164
secworks_sha256,2d93274fd41447c6acb7fa43278dbb14b458b979f9513ccbd3bd466eec34914d,1,1,489,489
secworks_sha256,2d9625c62765fcfe9b500872c5c5e4363d670739447183d60632486e63eb710c,1,1,1736,1736
secworks_sha256,2dc3b02058e6b75cde2ad197f14f0376004926a9ad037aa33ad08ab82557d31f,1,1,903,903
secworks_sha256,2dca367466a38d70c596f70854b76e0b8ece8fd3420f40d16c255e572f810cf4,1,1,747,747
secworks_sha256,2ddc11665101af2904a8e27f1fc271766e7afb21a3da638be6fce01f2dbda154,1,1,206,206
secworks_sha256,2df08cc587ea6a7a660e93f73f0f7a80ef8a9627c51c9eb5462dfbbf131746c2,2,2,1994,2001
secworks_sha256,2df372e280f57ac8006a2acbd68a24f9438c57585a93af7133bbad1c5b4edbd5,1,1,74,74
secworks_sha256,2df63aa9c60fe68d9410437c6aa0b65f46886393352bfe7ed2903a4d709891e1,1,1,640,640
secworks_sha256,2e211ba35e44a1d95ce42f074e7c4855515bebb54d9858e8f3bd28dcae27e2c4,2,2,1580,1581
secworks_sha256,2e2732e315353972bae09d0c1e178dd5865f4f5511838e7ea085ff1a04c276a9,1,1,1479,1479
secworks_sha256,2e318c37cce5eed4291c6ced283c1bebbf8613169141a3552b3593a12114f6cb,2,2,270,1175
secworks_sha256,2e58626538b805a9a6a8e681280efa4257f774475a9b41f676ff2798b9d5f6e3,1,1,686,686
secworks_sha256,2e5e845636aa8f03069874d8bbd093369bfd83ced7e2ac3b05ec952792f1624f,1,1,487,487
secworks_sha256,2e7720d9d012b03bf0cd384972196c9b7616eb15990f8f412ff34362ea824e44,1,1,1076,1076
secworks_sha256,2ebe24a41084c739ac8154da537016d6f7936e6301096d274d0d777acad2ef4b,1,1,1509,1509
secworks_sha256,2ecbe1eaadb56341daf3d214131630e3f38ba0050d1883cef7866c023df7486b,1,1,945,945
secworks_sha256,2eee4f65fbbf9b03c87bc8b462d50ccdeec47c9ab7cabab4eb2ead7dcf668786,1,1,256,256
secworks_sha256,2f0fb39c2228dcdf8e6c9fb58b5c229bbdc5e67c9b2ab52bc959c3796325b726,1,1,120,120
secworks_sha256,2f276ff97bcb047d13831d728baa726cc072d255089c799e710bf36809de9455,2,2,45,1081
secworks_sha256,2f40f893609c0abd6dc69495d31ac8e3a3f87e9e50612d5535735a467a5df970,1,1,370,370
secworks_sha256,2f52de7716108e92b190650570108d1d8e90bbeae61c53d0b488d06ca97b3d76,1,1,1456,1456
secworks_sha256,2f94a46b490763cf293ab09f126f76f32b369f4fef436511cf9bac04783757ea,1,1,1675,1675
secworks_sha256,2f95ca89ac1ca0afd8c9d2e412c8f4d10e17f61fb67519627a5e25c8c25d4afa,1,1,1137,1137
secworks_sha256,2fea0ba23e5341ca7e1d2004390b07094c841aef7158e7a9b621613ca9f86967,1,1,1179,1179
secworks_sha256,2ffd4dcd47eb43a1bb4d38d9f8e7dcceff1f6fabb8ead657616099c16c506a44,1,1,585,585
secworks_sha256,300e3b19e0cbdc0b59577c6c464fd24a246ce9bea2783e79a0ddca08a81b290b,1,1,119,119
secworks_sha256,3016c8d8dbf025745e6c73a5b1f99bcf4a8f28c36dfdc2bd13c18ef645d26c06,1,1,660,660
secworks_sha256,301e1ff9c74fc07c308181af0c296e4db569960425f99c9d42e3dc8ede842329,2,2,1785,1859
secworks_sha256,3052be29a89e55a32db63182fa907c46fa8128e498aea054ed850e000fa02928,1,1,65,65
secworks_sha256,30732cbcda1747c3fb64c2c5af1c97da80a77cf8b22ba0ec47a135e320e978fa,1,1,2035,2035
secworks_sha256,3075ef8b42b17b7a78163a6afc7b6b2663f942c71bca4beb15b4b17243cea836,1,1,975,975
secworks_sha256,308c2289c8d7deab9300151058916b1efa39a7a4e13f156f44daabf57b0f8361,1,1,1393,1393
secworks_sha256,30a6dbc6897d570622054ec17a3887686ff46abb7f99906b9d4269c8fff0578b,2,2,1619,1694
secworks_sha256,30ab7166fe6fecd3dc880a3a14f07bc30ed37be2f7a09b99c03a6678823b5b68,1,1,841,841
secworks_sha256,30bf1da3ea308a8b373d40c7efc0a98eeb174b26b231772ceefa915cb74dd6b7,1,1,656,656
secworks_sha256,30fbb8270ced856a2fff48c5502f140fc30b24d373a4fbdbfc6ad050feec0e87,1,1,611,611
secworks_sha256,310d4134bc32a69394fc6b2d5700a717089636fb4d71f6d5f43274891f4dcd4c,1,1,554,554
secworks_sha256,3119591906b606ca0daeb7ffb1aec5ff3b08201a8075ec0f74bddad0840c04d9,2,2,990,1058
secworks_sha256,3127ed9df3b61c9d9745db7aaa2e80d63f5250cf93ceafa146b72afab774966f,1,1,745,745
secworks_sha256,31336a82051293e945c07eeb3f0c86ee9b264bef3c416f26f3e7e2eb626ca503,1,1,1894,1894
secworks_sha256,3144a9dff1abc45ccade2fae3c0885ff559434b7570ccdda1995c08be0acb2a8,1,1,1193,1193
secworks_sha256,31480c8bad4edf23c60b5c5618cdf8016a3c0f660423a4e3815b70df2723faae,1,1,1206,1206
secworks_sha256,3149667f8d39ff0bb740c45aaa36d23daa1d10278aa07799699e4a897552fe59,1,1,353,353
secworks_sha256,31500f7589c7828315949429c4ba39ee3bdf21553bed78089f4512c457167a4a,1,1,574,574
secworks_sha256,315c0a786017abcf3e9f0fc8aa7ad9226a4134e04505b93bdd7d3582c489d252,1,1,1906,1906
secworks_sha256,318f7bebc5991db968bfbf591ace80e9a79b12bd4b95674e7c7376ef138e0898,1,1,1814,1814
secworks_sha256,3191e08ecfa34c9e2a6f768060201e1a18fb800bb71956053a70e7cd42b753e5,1,1,860,860
secworks_sha256,319ace6284849ce3e2467acdeb8cf0429a9328830a6c887597b3703c7e3b2bab,1,1,436,436
secworks_sha256,319ef35735b10fa1ed4923bec08711ee933a65edea3d962adf33885faa509e94,1,1,1316,1316
secworks_sha256,31ab4258dcf0ed5bc40dd5b8a27395f24c590f048724d7dcb7d028156e571e57,1,1,516,516
secworks_sha256,31bed136c21a330be4848242342502ecccee8388f89d5ca16266a6da96b6ec85,1,1,160,160
secworks_sha256,31c68d886d6ea5b3c65fde393371f02b21adfce26f73a1a375b2ceecca3f6e97,1,1,205,205
secworks_sha256,31cdc9d8ce95cd6fd75a828deb5740451aadb4485222099dba306731853de7ab,1,1,1216,1216
secworks_sha256,31ce078585db215f81c6ea51c56bf738839927291f515ecdb37ef2c4d83ffa23,1,1,793,793
secworks_sha256,31fb4a34beac4a0dc3c583c849faa84f82195945e464cec44f66bad08101fc56,7,7,1704,1876
secworks_sha256,321d14df336b6d4e3b8e34f1b4712e3d68f3dc27a0ef3ec3e48762a505bb21bd,1,1,973,973
secworks_sha256,322f2384e5227a559a6a02cdf0231152844629a99687e5412018885ac06026d2,2,2,527,1268
secworks_sha256,323a20bf85309e3b1608a9a3e33b64093f259dba66acdb9fbf2b5c1be5bd512b,1,1,426,426
secworks_sha256,3258666f0f7ece5fa1d5cc35bbf23db1c1e8e2b598010efdf8a5becb46310e86,1,1,84,84
secworks_sha256,325e4a15dc4a7e652d14c07c5a77aabcc3a0fb3d786913a6259444d52026cf83,1,1,1464,1464
secworks_sha256,328de3a3b7750f679c2b20b1b88cd1d3ae24bac294904b17b4d4296cd860ca1a,2,2,63,1099
secworks_sha256,32a6d6f515c6ff1dd059527074adfc6dd69805721582c4e5558243af2d9a1efc,1,1,1444,1444
secworks_sha256,32bea0340c0390c8d728783303f60eb480c08b9384ba8ee11e97ac44b24ea636,1,1,186,186
secworks_sha256,32c916adca0f204829c08ead841b522f846f68da120a25892808d5e29f1e730d,1,1,600,600
secworks_sha256,331482081f20ab68993f972e2ba9b459b45d65dddba91a461b080512247e13b8,1,1,0,0
secworks_sha256,332164d6b5ca431c1c4c50c976cc588227b9921ea4a115342bc656ff51b7c1b9,2,2,985,1053
secworks_sha256,33273391bb4b1acd99e545445c648ab40901608bce80687910e607dbbdfe8b39,1,1,1234,1234
secworks_sha256,332a1143f9cce6ea47fbe96f069409a9929cb74e0eba503961b447cd448e809b,1,1,1426,1426
secworks_sha256,3341d1c59e33cf715b9f20da239cb6d7c69d1670b46d0424d3ebbb9b8c660d18,1,1,188,188
secworks_sha256,33420b31409b38815549a737f87d6ae3f0230e0e3d8a55aa3f5099985c6b383d,1,1,666,666
secworks_sha256,33591eb758062a44c8bef29ad16dacc4612a492a74c5c5158ec0b74f19f32826,1,1,1395,1395
secworks_sha256,338d7b5bc653158d4ad8080764984cf74ed0cde653ec01eafecc79b7886fdfea,2,2,1597,1600
secworks_sha256,33923875fededc8fb46b8b07abd407345b3a17f8c0aec46e8560e5d209c34169,1,1,964,964
secworks_sha256,33bdf839e822d6d72b5bdfb084b1af59593c430d10b11836166ccb113d3a55c3,1,1,960,960
secworks_sha256,33e8b18770b7c1b3d8eb6f92006f4fc85179ee5efbeac2c63113845b4eb70c8e,1,1,882,882
secworks_sha256,343266231e439115962ae808c46b242087e63da8888aee5002280657214ba649,1,1,1705,1705
secworks_sha256,34362a3619c6998148a6b76e79af94221f4b19b9d9b502c8bbe31121adcc67df,1,1,632,632
secworks_sha256,343c11988bd10f236433a9f0990677faa8d17c69fd4bcd5789697bea30f2a4f1,1,1,240,240
secworks_sha256,3441a29ef38e6f9079a37e75d2c3b4b0c5df092a97964fdb4659151d9dcc235b,3,3,1592,1664
secworks_sha256,3450debb81bd1b0ef9e3b8e0fbf85def40f95102fd8066f00c4891428af985a2,2,2,279,1184
secworks_sha256,346b141bc2b3c45159dce5a8a015cb5431398198e5eacf49db66fdcd9b125c03,2,2,1680,1681
secworks_sha256,346f141aca9f163d4790fa624bc38cf7b13b24c97e6b3f653c664dec97ffa891,1,1,391,391
secworks_sha256,347f802b07a16d43d13eb9aebec3dae585acaa1c3b64e7932932eb1ecd9ebda7,1,1,1532,1532
secworks_sha256,349dc9ab2b0329ab8ebb778f348fe4ebb30a9edf93649fe4c500d53b45324b1d,1,1,1268,1268
secworks_sha256,34a9a5683fa790e51842db5da0bc7911d671ecb3571eb548e097278d4ed4b823,2,2,283,1188
secworks_sha256,34b657d738423dac7a77cff7e4ec547214cfa4201cebb3c6337ad15c993de7d1,1,1,335,335
secworks_sha256,34c884e8c6490f13d048178eb4ee5769426fa7a105f403e49cf24b1236ebc080,1,1,1096,1096
secworks_sha256,34dd9b42cdd1532ce7a2286dd5e5f3fe710c6f816f54eaa08c2a0b8a2d493ade,1,1,673,673
secworks_sha256,34e65b53bc656b064eb5b2a4db9dbcea9a66a430830ce47e92198854a886d698,1,1,407,407
secworks_sha256,35032e72eed25c4ef2cb7a3244cf674ec28b44a48843a57bdffa22bd59cb7d7d,1,1,141,141
secworks_sha256,35276ebf3e5cbf5d30e736fa8a1c1c6ba8c24ecfecb194efa982d417399d2ea6,2,2,24,1216
secworks_sha256,3529727f21fb485d5ccb33b2fe4398dc7bcfddf0a52880d9661a44c85e4c9770,1,1,320,320
secworks_sha256,352c0065af40ddfaaa6f12a0bbc61f2cd1a3424f03f259f541ca4a96143b610d,1,1,1289,1289
secworks_sha256,3547f49883c6bb5add794274b8f83d617f226ed3001a2db1ffafcc403212c6d3,1,1,628,628
secworks_sha256,357f2f7bf929ab5381ed5ef7994c19db8a68b4ed1b9a986950e5c219287094f1,1,1,853,853
secworks_sha256,358124869c63eeb2e2ae2646ea4e30ec4e0ecc1102ba627e40a5d6f7d66e90d0,1,1,1347,1347
secworks_sha256,359f553c35d1a4e80a385ccf91a8d15ff7dfe48f308d4e8919c8c1baf04d960b,1,1,591,591
secworks_sha256,35c67eb713a6d40ca23d18a6d8eb38701c938180300e82173e0fde20cc4bd513,1,1,294,294
secworks_sha256,35d584cf6eb85e597aeda61ab354aaec3794b0d58838ffd98776e1c74ea60f04,2,2,1003,1101
secworks_sha256,35e5e7e7915dec9f468f1549c1ba833689a7f9b75671abd327c2aef5c89a0b00,1,1,1421,1421
secworks_sha256,35ed475e613b2e27d50d9dea87f0b198910aab5f1ef9a2573db9e6f188286790,1,1,42,42
secworks_sha256,36059767c1dc7dbfeb86d8aed3dc03160bc08fc89d4af77204191057a1dddaf8,1,1,461,461
secworks_sha256,3615d84691fa006cf638e07e9cd15a400b8b834941f630356a8af9367520069c,1,1,620,620
secworks_sha256,361bdc52305157e2be81bcfeed3115bfeef96547165342a780ab2b1d795fe7c8,2,2,531,1272
secworks_sha256,361cfa77e1da1f9c26704a7f7b09b4a64cc57eee3c4cc43a14c2ba148092411e,1,1,1478,1478
secworks_sha256,36228c5cff6352233845d30f50e73659828ad2a1d3c1d336dc8664d8d3d23358,2,2,1580,1581
secworks_sha256,362a7b802e394b811679cc6a0da51fda18292894542253e3e8d6435ca79ceb54,1,1,1731,1731
secworks_sha256,362cb5d61c09f44f5dd56c8ff075c80e16e18d746b63a50bd6a735b237ef4255,1,1,332,332
secworks_sha256,363621c9997abb994f5e9a9faeb5b2416ba8d23cddc9d873f2f3696ae34f1553,2,2,680,1137
secworks_sha256,3660d7ea18dd83ea586531731fefcb8cff896b204457eb9e1d6135d01af42416,2,2,2008,2024
secworks_sha256,367469a0a8f67460f833f765f6470abf59cd504d3f1201335ce3780e69aea0b9,1,1,1942,1942
secworks_sha256,367b680a9926316e13cadf790605f36c488dbc2fa5fad966d3dbe329b6578fd6,1,1,432,432
secworks_sha256,367f1db3986c953eab742f17bb1cf8b95129f68ad753f2f6ca6856004822eb4f,1,1,1930,1930
secworks_sha256,368e745a55cefa5fda1be85f418d4d00c8289979d4b4d3a575e72e71cc19193f,1,1,81,81
secworks_sha256,368fc0b33fb8630a979ccffb1690c0a646dfd010279eb90d21c41c4678330edf,1,1,1953,1953
secworks_sha256,36ab5872052e5fc7f4c0ab1ad0394f9ab8e5eed62a4843b5e1f152512c2ef2c9,1,1,726,726
secworks_sha256,36ada7a7ca47ef3f164e5a785579dda6541a1805cb7b86c197200e4b541f53c4,2,2,2028,2029
secworks_sha256,36bf9d8e714259f2127bedcf13255baeebf422351d41f92003e74ec8e479c48b,2,2,1766,1767
secworks_sha256,36d3506e8118bafac4ca1d3fbeaaa56d6b9d27cc4b80cb1e623297a2785dc4ae,1,1,116,116
secworks_sha256,36fcf78077df72e4b65dd10a01f4ea144a8b0f37e9bf93deba99ffbf85a76d6a,1,1,1366,1366
secworks_sha256,37553b90ecae45ed2d73b6b13300bfe4c303720493ea9ffaa3c6e924468cdf95,1,1,875,875
secworks_sha256,375557c14b9cd4f7cb3add2fdc37e43553c710c11f050502c6638c0b9098bca5,1,1,1554,1554
secworks_sha256,376d9c3af8494df2f193d5981fb78b2b9e46727c9adbce686947ebbea02072ca,1,1,852,852
secworks_sha256,377a2dc1faa0366dad250e91d58bd4808a87380c7d85215bff982756d238b110,1,1,951,951
secworks_sha256,37a26e4fd570525ab9dbc15b2f64842ff07d66315b75791ae445fdd3c6881415,1,1,1336,1336
secworks_sha256,37a46b5e4cb97eab9b6fc93acb2819e4dd6c24b221b9a6f447fbbc221ee90ead,1,1,732,732
secworks_sha256,37bab2781f11fe77a9f6a53b20167e12f5303c155eea2d215de7da95e09afd9c,1,1,958,958
secworks_sha256,37d7abf86a7eeec9b520c095c8d9c6e6399b1be2b290f3f1fe1fbba94649744a,1,1,330,330
secworks_sha256,37e1f1ff6145186188ecdbd35296a1884127a4f789e9238606f935809876cee3,1,1,1542,1542
secworks_sha256,37ecc3ed12f01ba7ae4004c6dea8877ca015f203b46eef71547773f07a78c6b6,1,1,1404,1404
secworks_sha256,382014429d565a81491f08b1b84c68a98ecd5274f48bd353773de8647d9db805,1,1,1886,1886
secworks_sha256,38224e18f0401b8f98a5543b6e90ab48c89c5bffdef5403a457f4ace4c807aba,2,2,20,1212
secworks_sha256,382897199f7613cbc4473659f92d812d1763cb370747d4c152e15146ca695f12,1,1,1505,1505
secworks_sha256,3846f6280745472b610a87d91ac70bdaeb5a7b3c0b9bc61a96bcda85cfb63aa0,1,1,323,323
secworks_sha256,385f97caaf170878059bacb91cc5e688ece9480ca405c3cde6037ba66caf0d50,1,1,1946,1946
secworks_sha256,3862e552b9fc84963508f62f011948d76f9ade3b95ae818d2945c30dadfb6cc6,1,1,276,276
secworks_sha256,38671fe54deb0b56cbff79e352d4405798d3cbec56e46d1f18f111eda854ef3d,1,1,313,313
secworks_sha256,3872e9ec439ca22d30e7ac70e26bc69b2ac245e9e8a286848f63ce32ba8903d8,1,1,530,530
secworks_sha256,387c259ae57e558d18583ea5e46edbb3e3b154fd5c6f4a3bfbdaeeb3b6331f3f,1,1,1519,1519
secworks_sha256,388085db4f0b219f91fb1560c19d47e27bef62e11f25ef703d5f5f0c0f34e752,1,1,981,981
secworks_sha256,38a8660b72b197b354ad849d4089bdf31aacea7b64f72cb0c4b671ad50d2b083,1,1,1009,1009
secworks_sha256,38bfd2ed170ee7b7fe21a3c94d4cf0fdaafa0e7166fb781acae131946a877470,1,1,121,121
secworks_sha256,38c40acde2dfb9a720b4f6d70c0fba00e6b51cc19d2b422a1d46ac298af1253a,1,1,122,122
secworks_sha256,38c98cc4e695618dcac2fc454880956218329151bff9dcfa01b1198127a5e3d0,1,1,38,38
secworks_sha256,38f56717852bebd3c9fe2752d4c8b69ff6dd721a93aa65190746b482a55c5cab,1,1,1537,1537
secworks_sha256,390467701041adaa8b6866c9b27a2b9d7a65a686f07608d821e655859fb75fd6,1,1,446,446
secworks_sha256,392c4f7c8d92a6c883514924ef86a5f9606672546655ef1da994382e328136c3,1,1,1340,1340
secworks_sha256,392e6a3902ce87ef3221c80c74be73f0b78519c6fade2dfe09bffac625e62d83,1,1,255,255
secworks_sha256,39343464f1787c2e250731e1678f3de357bc50cf09605e593dd0f950b456b57e,1,1,1440,1440
secworks_sha256,3946ebf1c419f36d96bae97e50b801bc5f5011dc5b692cee46a744352f42eb10,2,2,1026,1124
secworks_sha256,39472ad3e8ee70e8035f645354093f5ff68fd6c3e81a51cf84ef9fed2a495bca,1,1,1943,1943
secworks_sha256,3948f37fa5398d6636ee93dc2e64758e33da41181b37eb2ea80ae78fc101d0b1,1,1,1355,1355
secworks_sha256,394f75a81642b5aaeb812f8b60badab6ba16a3ad46c58f17dae9eacc0c6f9e9f,1,1,76,76
secworks_sha256,3950bd9b68af2d711dc33adcb8b56ba1420b8b9a84b7e7d20c60fe231a8e9596,1,1,982,982
secworks_sha256,395140a32e2200e55f99b8f356d83a430761a23b84bf13ae0982376d12333343,1,1,1732,1732
secworks_sha256,395eeb0ea4402e56cce7189a0e128b899ce17f908412ba84ac732cc5f9886925,1,1,1463,1463
secworks_sha256,396317c40757afe809623d1badc7a7bba8f54da832f13fcef7a4071377f75595,1,1,635,635
secworks_sha256,39686bace603f171d5e8ea4799270b748315de3a9cb0735c6463cd7b344dc583,1,1,1539,1539
secworks_sha256,39887a37e95c7019190866a38491d11bbc6f12090bb95853c5fdc6df164c162a,1,1,453,453
secworks_sha256,399dc5f56be0caac49090e490b8303ba09f8079c2c89cb8d84fa1fb9311ff6e4,1,1,1290,1290
secworks_sha256,39a26448f15dafbc8a498d48f9c2223999f20fff850c7d688514832f062a24c4,1,1,1353,1353
secworks_sha256,39b14f2f61540d16f1c8ba01809cbbbdb8ca27798878188652526f56236ac8b1,1,1,311,311
secworks_sha256,39c015593524180cad1792b8097bf1bb3f6751c4ab508c70596bf1b63d54a5d7,2,2,695,1152
secworks_sha256,39c08f411d2ed8312bd7274872c81beb3223e1800a60e034334047ed8ee612f4,1,1,137,137
secworks_sha256,39ff00d96af7c337e3d04ec1e2cbf1cbaca8bb91091f71313526fb44d8bbdf53,1,1,1730,1730
secworks_sha256,3a5227bce4c635263510196453675bd734750ced6bdc2f96c1d4db1a85e71145,1,1,708,708
secworks_sha256,3a630f5d0c1e952ca4250ab93fb938eda0c6d10f7a077473591c6e936fcfe340,1,1,922,922
secworks_sha256,3a9a37694e9910336df75ba55d0154ef859561181584140f43976bffda3dcdbf,1,1,491,491
secworks_sha256,3aa0ed188028dc23ad60c5b4866d7122f686283a8681389e7bc78d50943bc1e9,1,1,1429,1429
secworks_sha256,3aa6199bd51ac51cc877b9f610c14444f0a6898a8512bfd2292f985f36fb54ca,1,1,726,726
secworks_sha256,3abb386113594dd7377bd4722fb711985197029475883d2c92c9b8bd1ac7789d,1,1,887,887
secworks_sha256,3ac4dfef9c7071ac8e6a99510f0854e0ccad6ca3e0ee288f1d04b7c79b175385,1,1,1486,1486
secworks_sha256,3ad3470684ba23706f060110c51615fe77e212d3567b484ed69b39fe2f1c2c9e,2,2,704,1161
secworks_sha256,3af98a3c4ba850abc57f13105aa340e4314fc79f31f86b6ebf8bfaae52789eb5,1,1,564,564
secworks_sha256,3b132280ed8c8a13ca338b403a76a33fa27c9b815693cdddea5abb2b3d2012c2,1,1,1450,1450
secworks_sha256,3b16f9a6f748e94298ecf98a5df12dccebbc95386495d9b1dbf2ffbb84dbd13c,1,1,1238,1238
secworks_sha256,3b193586c111939091b4a1c46da51e0fcdb9e42e77ee2aea8fe8893339003ae0,1,1,1463,1463
secworks_sha256,3b235889621deed971393d42a8603840383db868f866a0198eee83ffcac236ee,1,1,865,865
secworks_sha256,3b260943b644c5e9a2862c30fcbd5b06758fe0931a64143b339fe322d4e23391,1,1,696,696
secworks_sha256,3b2d88343c544b108cf15ec1a923ccff4d633e10466ce5b64e05cb02bac21f0e,1,1,673,673
secworks_sha256,3b3795e40e740061e236a9c1a83ca31d6d4954520e56c4ddcdb739ded0632f75,1,1,744,744
secworks_sha256,3b58a25297ae9041d7d591a001016f533be9cfbde16bb8b3a46d085590f1b8c6,1,1,1207,1207
secworks_sha256,3b60cedaa3093b2e6cabc05ace0f637654e64f975a44925ed1a31b30d7439e8c,1,1,366,366
secworks_sha256,3b63bb502e4ea8d8d92b13ccfb00f83efff7c932d383cfed820ad7b9b02649d3,1,1,995,995
secworks_sha256,3b7f90c6e5022c58365cea0961b7c8b27ff7fecb499f4e257e27229d3f3aeed4,1,1,894,894
secworks_sha256,3b8566b4e0b5c57cff87c0bdca87369620f00eb8011b24c583c7f5d4bbffcc2d,1,1,467,467
secworks_sha256,3b903bbcc22a622045b81a87d375cf5e111b2b20b1497cf10719812b94d45d1c,1,1,563,563
secworks_sha256,3bb3d2ca2eaecab282469c214e913ccca5060599b8135a9805997b301664702e,1,1,434,434
secworks_sha256,3bba1cc68a760e3aed5b5359d632ce6f15cc589727421c222ea2c891982b9036,1,1,868,868
secworks_sha256,3bd2d3a5e239baa09a6d5141bead054fa08c14d6a9101f6530e94f0f9f0caefc,1,1,1329,1329
secworks_sha256,3bd4e201104bd94cde48a9b01c4bbf8a2338849f7ad1a25653a87c1f6d0d63b5,1,1,382,382
secworks_sha256,3bf03f38032e7e315ada046a68ff9cf6a13baf4144567b468c9f112276803858,1,1,162,162
secworks_sha256,3bf6684927b76774f257e582fe816cf333995abd701af2a693d541754d0adb1b,1,1,840,840
secworks_sha256,3bfe399005f4f4b65379e50c4aaac026a0baa6fe8d61dbacb0da158bfaaab109,1,1,1936,1936
secworks_sha256,3c21132b59fa81ef4b72acff9dbb70072f85fa9de8b67c1ca700d7cea68404d3,1,1,1356,1356
secworks_sha256,3c2c2f74531e03a8270fa77125f863ce947bb44f9729ee1e5459721e09186271,1,1,656,656
secworks_sha256,3c3049fb5a9b75a0e2e03940ca56bc3ce9ef604763a4e50947968b766ead1e08,1,1,795,795
secworks_sha256,3c36e985d5e8f922d84b0b61603a63467e179072f62ca68189bbf51052b7d8e7,1,1,1304,1304
secworks_sha256,3c431990cc514e11c23c2b7bd29f3397734e2c1678008793e603cd0ced23812c,1,1,365,365
secworks_sha256,3c55dc8d657f25600d0cc59eabda14cf119af8410cd4850db239b5183b21c996,1,1,758,758
secworks_sha256,3c575db1c4d340db24abd066ae77c96743e0ded8d52b9af4ca07bd0b29538dc9,1,1,1237,1237
secworks_sha256,3c577501a3120eac717980e1ae72d65c386df2bce68216f24023d058ac29e7c9,1,1,1976,1976
secworks_sha256,3c5b6b99fd9ba64d5a9613c9bf2dda46cc487199d8be17726ffee4a188781a9a,1,1,1521,1521
secworks_sha256,3c69a82f0216ddfe505a13109ff6c301a578097f80358f4373b8b10e1ef34e37,1,1,36,36
secworks_sha256,3c6e5b34aad0daf6f3f355f177a18227509636f0aaae14c9b600f7816295151e,1,1,619,619
secworks_sha256,3c735ad76aed8f93d31413fdb05d5fb7e1f3574ab53103a8e6a376c952aabb90,1,1,1022,1022
secworks_sha256,3c7c816b31108097929a5328ecd0ac65b968834278de195f070962ec9e261f70,1,1,647,647
secworks_sha256,3c8769024f44fa722aed8abecf72723ef451e1f60a43b236bb8b59a874c55fb9,1,1,1298,1298
secworks_sha256,3c9a181df76ddae66920ce97202540024ad7cfb0c2b04a1dea0305cead04eecd,1,1,1973,1973
secworks_sha256,3caed9a477cf5eba859cabce6ca9b3d37c940fb752c2550d3263cb680c0440ea,2,2,268,1173
secworks_sha256,3cbaa84e126f2c90c6a5ae32d3d96fc05605d3d56bee271228b31c20b32092f4,1,1,810,810
secworks_sha256,3cc3f9e81472f9fa430b93ffb07b69d48f37b7e655ba295dc5ccbc9e55a7a376,1,1,154,154
secworks_sha256,3ccb4ad9cc73979412628cd416396d80661ef570af29d82e38ed62cff8d8bcc7,1,1,128,128
secworks_sha256,3cde1993f9e9eb9e05c3ed815a8ee2df8808705763eff97784c589ef432530e9,1,1,363,363
secworks_sha256,3ce50d5018422ed6e17f40f5a19b51447f219c49efd51e5ccc8b91f9ed38f6b2,1,1,1352,1352
secworks_sha256,3ce7a9819535fe36f778e79cdeed3d4acf0b32e2e2d6f211dd7453da00c6c76b,1,1,596,596
secworks_sha256,3ceb2421e1f1826f01bf5085e0f769068b6b05f2547712a342aee4954bbe5613,2,2,34,1070
secworks_sha256,3cf7fc4acd7334d8cd4983104944440b8be6724da2962e6edb4a44ccdf7ca56d,7,7,1724,1846
secworks_sha256,3cfa701043746028cf8df8c56199446fee792f59ed254c5bb887e11a5279ac12,1,1,1477,1477
secworks_sha256,3d37ff811488fa76778f26365d56d795d59baf54dd5f96ee7d7fa27368d2d9a8,1,1,183,183
secworks_sha256,3da3ea356888841a2acf4e2e2ad10477e3a2d4ec836c4c31293dcf2299780a85,1,1,780,780
secworks_sha256,3dc1d2c2f3a9cb390dd34d324bd2518e7d756a06b24dbeafe2243b9fbad9b6d7,1,1,1415,1415
secworks_sha256,3dd5a5ad4b91054e81465103da14505d60986aa0c8434797b4e7c8ec282dea3f,1,1,212,212
secworks_sha256,3de2149568189d745f8cd8530da03af68fd12bb709df1954f586f7ef2c5547f0,1,1,264,264
secworks_sha256,3de40db1eda3ad2589ef48bd9cf8d6a6243fdf5a0aabb205f5393af42e1b90b9,1,1,681,681
secworks_sha256,3e146a1719f5348ba989e9744813a1d340439162e131f951bab5da4752d15bcf,1,1,407,407
secworks_sha256,3e259b85a468c5562068ea2b4ec8f13da3533d5ccfc41eeaceac537617fdff1d,1,1,1842,1842
secworks_sha256,3e61e0973c2d83dd21072ebe5cd4063b32ca286250df00f046bf7360b0ca34d6,1,1,122,122
secworks_sha256,3e71f06c9e7b13991402bb82e1b736ba30779776bf741e1b3a40d4692b8b6598,1,1,988,988
secworks_sha256,3e8bf19b0130e92f6ce1d5339df8cf2ff083f97fa421cf1a37cac67772174fda,1,1,1799,1799
secworks_sha256,3e8d01ff85c07848b6a0daf5d70ecac73a8ade8f4787ca6682cb01054c2c2cd9,1,1,9,9
secworks_sha256,3ea8d9cc44c0e3a223d0e3b1c22a415de6d4ea16e5abcdfb18a26d2f4da9f581,1,1,403,403
secworks_sha256,3eb7c22ecb881afc77fa39710e42f3e7730c2f7f5aaa9192c89717abd6f8ad21,1,1,1153,1153
secworks_sha256,3ec1016e88808195a0937e5d07b11093a8122e4df95441d4e7065804c47ffab8,3,3,1553,1678
secworks_sha256,3ec4a288621d75771ca99c061dca6129887e808388c23c774ddab3a5d9a706e5,1,1,881,881
secworks_sha256,3f16d8f587600c67cb6876ad09b6b818ceaf38412076ad6f8ae5f173fd0cd30c,1,1,1476,1476
secworks_sha256,3f1de24761c97fbf3972247c1065b71d68ea5630df065a9ceab523e0719653c3,4,4,1724,1845
secworks_sha256,3f23fa78615804986b5871923db75c2adac83c5ef39917fc71625964129507e3,1,1,817,817
secworks_sha256,3f3b47ee7e8e3ef6f02c8714efae305ef1dccb13d0886bcb99f3cb502c8bca41,1,1,572,572
secworks_sha256,3f4e39279efe46bf624eaf4b53f05334cee22c1f712cece7c3abdb80f8c2390e,1,1,1578,1578
secworks_sha256,3f5250432391b65a151ee7688f585d7ab3b0b3cbb9102d0809b4e7e6972d2024,1,1,1065,1065
secworks_sha256,3f6a5cc104db444a30c467aa9addc9aa26f9291a8047fc8bcc97d67f633c9619,2,2,518,1259
secworks_sha256,3f7d08b1ce9d8b8d759297f846ca05e4f838b6e82e943fc778c45f1eadd4cbab,1,1,472,472
secworks_sha256,3fbf6b60763dcd4c17a5a29aa3be68a0d0dad66c612dd8e860639e33f2a3d686,1,1,1109,1109
secworks_sha256,3fc258231ddd41cbd201a2b2fd6005071a0f37cbfde060cafe6ed1aaed51cbcb,1,1,544,544
secworks_sha256,3fe69b253edb3e2abc1f24a4f30b498cd028438d48e299c33de538a7f19ee039,1,1,1503,1503
secworks_sha256,3ffb19e47ab3159251e4fe57b709547162c072e6c497ba716e0d02c051219c9e,1,1,663,663
secworks_sha256,402c3ad83456dd13ad184c2df55c375cee555299b2f0caa286fa5b8868841a33,1,1,1397,1397
secworks_sha256,402d713cd333cf41dea168f4e781aec994aba1125844c76e063e137f5e066035,1,1,1422,1422
secworks_sha256,403011dcc6f5253ae061e9ec9685f3a4e281b07e95acb4077b9ebb79900490e5,1,1,512,512
secworks_sha256,404bc62fc67984c340757151e0ca8459d92fb4a803d52f0edba6790a99828f49,1,1,293,293
secworks_sha256,408c5a23af17edc130d40f3cf00171d5261fb27797101ed8e48b1420481fc52a,1,1,1152,1152
secworks_sha256,40918cd9222c8bcc16c2b64177426970319d21808035af069cc13706f9a93001,1,1,1072,1072
secworks_sha256,40a3d4b6bbecef571db99e2891098cc8f28e3981008902331f9ba57949647505,1,1,377,377
secworks_sha256,40d9e92c9a95f033d091f3cba1f5e34fc224ca26e3602922e9ef7dc427ac2c19,1,1,1271,1271
secworks_sha256,40da927cad03f4ede9b3c29282c235d12afeac3c103b46edbd8df52fca24a551,1,1,721,721
secworks_sha256,40dc219331f38d864b159b7d09feb49c30577253f87382d70afb1d5c5ef5de82,1,1,662,662
secworks_sha256,4148739c38d3c9c33ec35b4259f3839df0b2c1309a3c64128e0b25413f707d52,2,2,1549,1683
secworks_sha256,414ba253f2905f4d97992e035c7a32ec2c1a73e434d1866d8e28684e9a193499,3,3,1565,1660
secworks_sha256,4164b1a5b6eef41e6cfad95a45d29ddf5f241c7765c44e828c518fae80251d16,2,2,1598,1599
secworks_sha256,4196570316474fd17f50da70a7d704d9c12a3d6012658b6492ff62d8d5b6f4df,1,1,1008,1008
secworks_sha256,41983f140a03179c1c8ffdb72a536fef441c3de5605ae750e97f7fcf6224eabc,1,1,1307,1307
secworks_sha256,419f4e6ee5059f52ca1f97dd7505aeb18b0dc15422c1c7ab54b3d6778a8ce0d9,1,1,83,83
secworks_sha256,41ba3b698d8f11d223ed056379f5f9877db14493c07564c6a5a53aa44bde9810,1,1,552,552
secworks_sha256,41bd742cab6bcbddf1ba6035a2a98fbb6cbc1870cd0a83149964470caec25d4b,4,4,1704,1875
secworks_sha256,41d5dec7adb20989396b533afa49ba4715a8a2388e0c49c7ff6c4764831be5be,1,1,1162,1162
secworks_sha256,41e3a7d9a62f0b9e76400bbbaa17757b697826f8ba73b573e68d412302038c0d,1,1,1715,1715
secworks_sha256,4204aefd70049bff4a6fdc291b4a3e169108be02146f13addf5eb5e548d20aae,1,1,65,65
secworks_sha256,4209cfdfb7995afa80013ca759d9b6c5b893d9f7bf60560d004bedb71ad493e3,1,1,326,326
secworks_sha256,4241f65ce48e38968446205958b0ea82880edf0cedd2916a73592a28c76f9e6c,1,1,1320,1320
secworks_sha256,424e5feec8f1e973cfeb813793a435b8304e1682cefd9c1b4826cd8da9c391a3,2,2,274,1179
secworks_sha256,42a37f88144485cc6d9ceb17bc4c52a6b25eddd9848019a5a5b40c84a1055df3,1,1,105,105
secworks_sha256,42b1b30a0213a12ff719fb6449357f1d316a2dad6c5067fe6d3b86634661bf25,1,1,431,431
secworks_sha256,42bcb7051cfc9376b2112158635d1eb90a49f45f6b34c728feaf664dc1def5d2,2,2,690,1147
secworks_sha256,42bd036ba8d848a56133803f6558b6de8ab27e7a6445163d43c1a75957beca85,1,1,1177,1177
secworks_sha256,42c964d461e49a16a6f5350e62ff3d3d2895c6791763ebdf711919a79306d819,2,2,1799,1800
secworks_sha256,431bfd51e2015dfea428db040c127fb0c6fe64a1b72f9a0b50f37993ecfdb78e,1,1,1499,1499
secworks_sha256,43388917eeed026b15c16cb60b1ee9f647a341803a7522c219dfb238307740eb,1,1,1576,1576
secworks_sha256,43495a7df0a8530efefc23d52eae8709707e3dd991096815e3ee270f6da54333,1,1,1508,1508
secworks_sha256,4380729c56c38ec1041d267bbfc1115365b0984ba8cfadab3135ddf3c3644082,2,2,1857,1858
secworks_sha256,43968828c1258b853bd397b6d266937f51d4aa6205c1a5edac810e6d7d05c37d,1,1,980,980
secworks_sha256,4398947831c3961479691ace81a5201e4139578208999b76ff4cf13c16436734,2,2,1606,1609
secworks_sha256,4399869895da53b8e2ecea40ce51542fe509a40b8636a099487d58ca2d93a106,1,1,862,862
secworks_sha256,439c528ec0bc45b26695b909c11bc50a8fa320616a31173e6313d150cedd9007,1,1,1069,1069
secworks_sha256,43a31964eaf4eb404bb387983c3d45cf23d50459446ef9481d1ca55f3ebd01a5,1,1,145,145
secworks_sha256,43b4ea5219dfc49f8b9321ed48095605191434bc4e4d5a3015031ee0a510213a,1,1,853,853
secworks_sha256,43bacaf9c4e1c25f6dc3915f2dff307c95bdc43679a70f9486b481e59f1e9533,1,1,884,884
secworks_sha256,4402deff425dc2be4ad8f7de395299e968f5ebafab6c23a3a1b1003af85fa903,1,1,774,774
secworks_sha256,442706b031677636bff546205bbfbb3cf3c524aeb07afaa59b2788c96e7ce59e,2,2,974,1042
secworks_sha256,443cbd6ee9ff909bbe3c3886df6ffeb23a9a25b6e690c2e647c1925783122619,1,1,1269,1269
secworks_sha256,4457a5fcc6f4383c50f82c6d6a25bf19ec87199daa70e743b30c8a1a4a06f3b3,2,2,1772,1773
secworks_sha256,445a36f92bf2ea650fb241078214249d867a004da95edd4398fc334db63b7d31,1,1,955,955
secworks_sha256,446167f1734e46bf5631b8fffa1e94d0ea3b18b0503151f9c2e0f23e29c1959e,1,1,355,355
secworks_sha256,449e98b21da1c143b7cf321bcb5b0af6cfc7b6d53446814d066d2b56907b7180,1,1,805,805
secworks_sha256,44a582efff3939e8f6e90a45185089cc62f8f95ecdceb2ac225c26d171df8a0c,1,1,378,378
secworks_sha256,44b7a6dfdb4a6130f9078788fc3105dc5eb77b556373cb938f0581a4f1fa221d,1,1,307,307
secworks_sha256,44cff6ab6f6e353c4003cb215c8bd0e4edb708c64919b9e5addb68bfd4ec407f,1,1,98,98
secworks_sha256,44d03560e2af71925bc830252323ddb02ce00a9eaf11aad436132690ba4e2aef,2,2,260,1165
secworks_sha256,44d0a4d0dea4cea23d07255142011f3879f3c46e61afa87457a6e6ed1da359c8,1,1,50,50
secworks_sha256,44d1ba10f25f40c1d8faec1f2abe2f9658fa395f7531dc7606330435e1c63d0e,1,1,1756,1756
secworks_sha256,4520c075a7daf9402ea81dedd98ee3802ae8b7a07decac61ad7a24e5f96c3cf3,1,1,599,599
secworks_sha256,452e3a69dc3d629dfddea13b57bd61ab018d1082852317354a116196faa99eb3,1,1,885,885
secworks_sha256,45309454d34284da47baaebc1425f191039205b7388785a7b3722bee0951ea8f,1,1,1146,1146
secworks_sha256,4533bbb1be260236b523b4c5ed3fd38e7fedd87341d02d95521576c9c5c41879,1,1,871,871
secworks_sha256,453873a01992ba84665cd023d7a0367be37c9f274c46e0ef5db69c1dd09e9b75,1,1,901,901
secworks_sha256,45480ddca74752ab85b0b5e62b9a162c91fc36430db936edf921b492c3f08520,1,1,502,502
secworks_sha256,454be5d5a37528a524806100e09f96145478541319eb8fead7a65e300d1e73c8,1,1,1584,1584
secworks_sha256,45513490f2c4f40d9a80bbc20a9c81e5a9a028678d169406b4c036bc013f17af,1,1,131,131
secworks_sha256,456b746adb72ea02724c4105d8081ad630e8d147cdc04311e4a44e0e3e36a4f7,1,1,1928,1928
secworks_sha256,45d15ca7e29566da508c118d26fe3672e13e5aa78c7abf5ef90d6703aa5ce8e2,1,1,1502,1502
secworks_sha256,45eb626970298f880badfc9e129d987c4babc71456a351dcdfb59e22f8a6620a,1,1,170,170
secworks_sha256,460737640c33c76cbe9f0e9cb47e4cfbf51b83b2be6be680fed9a12c620531d3,1,1,1031,1031
secworks_sha256,4609e93c5bc4cf039a3c03c86886c6045bbf3d926336976ef1d038dc5d9f96da,2,2,52,1088
secworks_sha256,4611b51508fa72f5a3f702cf2e4c1d67a354016abfc17e60252cebe0cb4f5a76,1,1,495,495
secworks_sha256,4637a34970defca23e252fc2ba29b456b183f81330ee11a75468286c5fc8c105,1,1,346,346
secworks_sha256,4646a2848a0f6b55673bac8a35e8a653a7eae733c16c2fa5ddfae1dc094ae36c,1,1,392,392
secworks_sha256,4691f096a71c243c651c4385af123cae75e7614b339846233f41fff1fce97ea4,1,1,1360,1360
secworks_sha256,469318ec30a01eb45dcb31ea86c0be0926aadcdf887647d86f43a59621deb40a,1,1,456,456
secworks_sha256,46bef588f28f23c96633c6e9c52862bde9f2f5681c38d70713fc5f604444faf5,1,1,1524,1524
secworks_sha256,46f2c3ba95167ed4f6f009d0dffd555242c0574fa59fba54b74d553971897809,1,1,1461,1461
secworks_sha256,4700c515c954c5c3633537f3ffecf02888759eaddcf5b7b63e479f89e58f1ecc,1,1,254,254
secworks_sha256,470293286488389ef54355c249a9e549569e4aa44fa39d466e0ac2a5231776e9,1,1,615,615
secworks_sha256,4709a6d6373549ef1d3430ab01d1c31d202dcc5a569a699781e4ff8d0ba6aeff,1,1,754,754
secworks_sha256,47231b9e93196b35930e2f644266ffbf6569117c71803ea67ac185f149632072,1,1,1036,1036
secworks_sha256,4743e2ea29a9c4f847576917707cbaf75d32702beb1fb14058c88cce1d4adf0c,1,1,1251,1251
secworks_sha256,4745eec439839a0fd8d73107daf4d3b1ace787d43ae9b92c6b489fa2bb1cc2ee,1,1,954,954
secworks_sha256,47770b23e0588a33a6d8c4d18878ac7e5797ec8b645c3af386da3596188e2b62,2,2,37,1073
secworks_sha256,47bc8e82a1f5fa880910acade99dff582da564a35eca105b7405d8aad02ad87f,2,2,1769,1770
secworks_sha256,47c6306c51a1ec0f22cafd4be565552cff059d5fe9754b35a71ffebc7d0b494b,1,1,999,999
secworks_sha256,47dd5727c46fb82677fd19b142d20ade5d2501f295ade1168ba21926afaed227,1,1,622,622
secworks_sha256,47e6069e04a1f77b4dba0be7666d4f75d67aa22107a39b7cc9c5c3c9364a778b,1,1,889,889
secworks_sha256,47ea5968459b06dd51d9e8a96772c1f9c50ebfb42e9221e2002af72f2c30a3fe,1,1,261,261
secworks_sha256,480a6c6527e9ea5c7549ca1379ba921fbde643741b934ad72388abf8f10728b3,1,1,53,53
secworks_sha256,480ef821f68009defa0c1e39c1580589eafb2a0ad419f0b33f7ebab8c226ff0b,1,1,833,833
secworks_sha256,4815ca3d7a163d1091f601a69ff2316bcbe94ef5cc40816dc6646a22ca3e3943,1,1,133,133
secworks_sha256,48177ea9b0685b1ca3f8607bb6420c1cfc106874a175b856f5226b0ab42a0b75,1,1,408,408
secworks_sha256,484450a51c0218c1acfb33c0db95042dff24c65aa0ddf88337aa1b2280e0c98c,2,2,1762,1801
secworks_sha256,4844f5ea88dfd1de6ee9dbffc9c5bad2ffe6b74bf493b1d2852cef38c3571ff1,2,2,375,1531
secworks_sha256,4857b00118f61c7f78aa880450f2b9909342785b11be95e348fd72e626809c5c,1,1,1401,1401
secworks_sha256,4860ad483c51523e3b2505d2259d8966223ed7b9bd3ebc5cb3b4e12d09864480,2,2,1820,1844
secworks_sha256,48669ae62cb659c0d6e22e9033f9265e4ab32605570e3a2ad971639ca8273eae,1,1,1124,1124
secworks_sha256,48bbc627ff2f3f2e6919e47f6bb63b1790dd7dc405c9a9e7394976aef2ad362b,1,1,1384,1384
secworks_sha256,48bda7bc25f17eee3f6a2fd9f8a0d09958eebd62b62fa560b04e617bf1ab3060,1,1,1191,1191
secworks_sha256,48c6fd8e7a42862ce27434dcf137bff72992ce73f8da6da4295a8ea862803334,2,2,41,1077
secworks_sha256,48cec56dad8a71db27456ab99969cd717d381cb1f0a6492365376fae5373c3b7,1,1,445,445
secworks_sha256,4902aa7dcc2bce43929b650e966ed7f374b4aeda8650c3905cef17f32f6eb33d,1,1,1497,1497
secworks_sha256,492fbf3f5275629f2b41fcf331c88e492a09aba3980ca00fca8b6a3dc46a9b8d,1,1,194,194
secworks_sha256,4951bef82206a6a517d1fb533b984004e1c3971a9568b7b44a5b56ce83721b3e,1,1,440,440
secworks_sha256,4965458a348c8a7b5209a2eb5b67f25440b62357638ec27289d518ddd11e23e0,1,1,183,183
secworks_sha256,497a7b9237a1127c7feb939488911f6cfa77346cf7bc439c073348cea223abe9,1,1,1947,1947
secworks_sha256,4987abbde322133331909410c1f27b522540c1b65a341eca74eafba0d162b576,1,1,832,832
secworks_sha256,498dd5fc5ee021cd01b3843a040c4f25e3c5a6e1088789aec6cf789a055a957e,1,1,2042,2042
secworks_sha256,498f99834adc4e8ea8e49e0cd4407cf2d4ad35327876311336fe221cf2814d84,1,1,1676,1676
secworks_sha256,49bd7a10e1d7693dc43a32c46511dd81437ca92ba73235b339052b604d2d57d4,2,2,1012,1110
secworks_sha256,49c88d328a7dd51c9a1a5254c9f8c386b1d97da44d81bd95dca07302992d49b1,2,2,51,1087
secworks_sha256,49fd75c64ea6043eb923d7b01f4f882e7045d2b724769756364151b81459e80d,1,1,215,215
secworks_sha256,49fd9d10770e9f0e0b43d07350e2770fcb8adacb1e974bf9cf56cc75a042df69,1,1,428,428
secworks_sha256,4a13eef5bd6a276b90915ee4a44f60ec8701dbf131f77408463d897e0bf4f71f,2,2,973,1041
secworks_sha256,4a28e3ee626747f8d2e71e01bc5656e015f8273fb5872735520cc8e8b304ba7a,1,1,1505,1505
secworks_sha256,4a3279d641353bf799cde1674f16b1735a79cf6965ba09c93e05624681bd9bbd,1,1,73,73
secworks_sha256,4a50eba63d9d5f585d7ade63dddcd9101fe5c3a3ef238d9fb168a66988a33a79,1,1,1457,1457
secworks_sha256,4a660339b454d223aa6602678ad15562fa53523cf740cc2386e8b0f78cd58eb9,1,1,1577,1577
secworks_sha256,4a77e190ed13098c1c465f13791005f292664503085c81ec4434e52c4b8c6b62,1,1,666,666
secworks_sha256,4a7c03ce8613d860acc324089570db7fef809ffb68bb0213dc98059eb5ea3f2f,1,1,961,961
secworks_sha256,4a8409288fed88c9108c1ec32a35b5a065a2ba0785d34e0e26c2371c0e28a365,1,1,485,485
secworks_sha256,4a8433e0e6bee5bec265aa0db8ce1fa958f796ad0329706d5e79df13b1876ce3,3,3,1545,1690
secworks_sha256,4a95e51f33bc9c742df211f9e097674e2bebe21eb28d2da46306eb0f97ca3fbb,1,1,185,185
secworks_sha256,4aa2858b0329926ad0b8d371e53a26f03d6c9c413b73665041d955ed5152f304,1,1,1368,1368
secworks_sha256,4ab66ce78c8680df1bbd0e847fc87ecbeaba931c403d1b3aaff6d9a02cc45ef4,3,3,1541,1696
secworks_sha256,4abd7f37f541bd635ea20e7f0415d60e1359224f79be0cd8f70730d065a18627,1,1,1210,1210
secworks_sha256,4ac6e754133f81f8c5cd88a1a45a9f811fe28b5c725bd7efc96e2981745ba762,1,1,28,28
secworks_sha256,4ad07671284857425786738f5b9cd27b1f22f41d196504f174e8163e611cb233,1,1,1140,1140
secworks_sha256,4ad63c039a85ba18e09befcd062f4086d4c429a3b84df752f0f91f7c32357f81,1,1,1400,1400
secworks_sha256,4b03d27725745b71ad48fe38602937867708cd55b8463bb57d6a530764d52ce8,1,1,1701,1701
secworks_sha256,4b083c1a6e3b7d87c6c80600d3fa0f30a6c14056cf7ab4fc3e300e0a6acf6b56,1,1,1279,1279
secworks_sha256,4b252e6ae2111201543cdb03c2970e6f0ae4939d8c31d2de1e7a2eba0e4daeb7,3,3,1903,1974
secworks_sha256,4b293d743fd0b1a48ed155077e8334294b1ebd40df1fa18fdeab6fe871556548,1,1,1912,1912
secworks_sha256,4b2c9eab751899ef556137046c7bc900e354911c7c25b863afb367a1e7d0891a,1,1,435,435
secworks_sha256,4b44087476039f745d91e2dcf28d368636d15e8cb1d1aebfbd02f9f6dde40ea8,1,1,1904,1904
secworks_sha256,4b4cb05b1fbc4f18cc1febe9387a19490535c0c6b05490162c2521753ad56306,1,1,171,171
secworks_sha256,4b6982938705d8485ca0e5b31da3666551e8d197238170db041a59bfc10cf4b6,1,1,873,873
secworks_sha256,4b69a1756185cd2197b57a97a2d44a0002f4860fd5e40cbf61579c01492427a7,1,1,308,308
secworks_sha256,4b6d4ad600450213904e96fe0e0851427aaca1ccd34467549abe7074d86239c6,1,1,941,941
secworks_sha256,4b791cf7bdabb903858c66b78fd5d0e7b6fdaf5d9038ee773c256af617813a0a,1,1,226,226
secworks_sha256,4b7f9be5c9c5e3d930fe63f7b6feaa2221946f4bad2a34f19f6538d8056028df,1,1,1544,1544
secworks_sha256,4b8b2cefc62bead0a52c92510672adb5a3f64ee8ea3ac20916b529034caf73ec,1,1,1265,1265
secworks_sha256,4bbe3ca63d5f945b4f725b52cc976bda122b1f2a6aea709e44ff46810bb399e9,2,2,970,1038
secworks_sha256,4bd1dfda98639fabc99fff669f4017ded2d537b298fd5c88a66d02a3906c5ae6,1,1,1382,1382
secworks_sha256,4bdbed6139456b11df7261984e864d8b0000c6d9c680492444f0ad83f11fc827,1,1,1490,1490
secworks_sha256,4bdd4cf76220f63859da7a94e2068a6f964388cb5408f29c2552f49656b3b1db,1,1,1286,1286
secworks_sha256,4c0b75da8de87754d54e7fd4bbc4d19606e4374c16089f9fe894916bd1558ad1,1,1,615,615
secworks_sha256,4c1924cca121a5b11b65047efb69218c977a438c69c1331fbb2ba2e463504e79,2,2,2025,2026
secworks_sha256,4c2464667c1058b4706bd8ddaab7a8d09d91a88bae5d514a6822a60c74a1b83a,1,1,1445,1445
secworks_sha256,4c58ee94852463ac4b35994d88bd94801c5b3c27146aaa3e07a553e95b8b0b45,1,1,1901,1901
secworks_sha256,4c63b65df2f8e8557bbd8ff1be7b9fb54e055e97831d970642689334b27c3993,1,1,1235,1235
secworks_sha256,4c6cf333df9ef7e43233bc3bf67b76f90a90c98a5ec8da283f1c27e13dec10e3,1,1,147,147
secworks_sha256,4c6d10d1039ea96c4de02eae41212d97110d08c8ecf36bbabb09cc3b05cdfb80,1,1,389,389
secworks_sha256,4c76984eec6a1f37e2534cc5b55e45cc536985ac41555ba6e815fb2b1ace12f0,1,1,1462,1462
secworks_sha256,4c7d1c503d86266af1d229819f2e5ef4a71d6f23e2aa6653db96c545b25ff0a5,1,1,849,849
secworks_sha256,4c912d5740d488c37198a852409cb4a7067723a9e3e3350c4fc1bc0b768f7272,1,1,1424,1424
secworks_sha256,4c993d023aa5b379a4a07f688e07a9881772a79498889b7f563bdef042591241,1,1,1135,1135
secworks_sha256,4c9fad4bc9e2093c50462c48076e6ce8fb2a9f0a1525455810208a980b9bb8dc,1,1,1354,1354
secworks_sha256,4ca427e574db43d65693e1843b4dcba612d9668b5b3dd35221ef22cafe777d61,1,1,793,793
secworks_sha256,4ca649f9673a6ffc7dab2fd7ebbd64213532fa61e207f628e5cfd6a0df1649c6,1,1,244,244
secworks_sha256,4cd05b945f853462f4e4bcdfe291c60973ee0232c6c6879bc157bbfc98d00fba,2,2,160,1728
secworks_sha256,4cd7d223cb68b1296339560420828dde828f73254e036f3081d67328046946c0,1,1,604,604
secworks_sha256,4ce4262526660660d441e18cb1e904c70d4bdd7666618ebf0600814cf00f1687,1,1,575,575
secworks_sha256,4ce45d7b3e6ad6ae7bb9e982be66663bad373d472c7b8a62ac398181c0ffce2e,1,1,1811,1811
secworks_sha256,4cf2a0ae16130de06ce2833d33cda97fa642b1a6947025176d17e0dc85b84dee,1,1,438,438
secworks_sha256,4cf2e687785208811817b486aeafb44c174be08c4b95c96fd6ffbf15a35eb787,1,1,659,659
secworks_sha256,4d0750c7779a9ab843058e4be484455868c20297fc2e65656df938d684cf0b8b,1,1,1618,1618
secworks_sha256,4d09f19d1a60b0bb85823dc9592a7503184f4c7d0467c958abdaa2bdd2251818,1,1,506,506
secworks_sha256,4d323ec46ec97363155e82a07cb3485c284da1c91d86c728f334766fea11b37e,1,1,396,396
secworks_sha256,4d6a782a0be2d37487f30604248649aa1030968edad280a4f0d02fc48499b3b0,1,1,625,625
secworks_sha256,4d6fd47d0d6f26bca2fe1f0d1073404d24c341b35f641affb1914cc58a5225a8,1,1,1513,1513
secworks_sha256,4d7afac37bcd25a73fa8a5f4856708f54e9fd98fa6eee699f9f68722d9897919,1,1,169,169
secworks_sha256,4d7eb73920527e2a7147fa304bb0df81726c54c0b24be2ca8f722e5a42c79def,1,1,714,714
secworks_sha256,4d8cdff741882c3c86ba9b1ae87608f1f75f9aec9fa2454b7be6ca047f10046a,1,1,1102,1102
secworks_sha256,4d9454b6a9d656433c253360536f8eed19900d5b4ff5bb2098c17bb7876a4f41,2,2,515,1256
secworks_sha256,4d99291c701184247dbf50ae207dd4b732d252a6eaac5dab44153fa12a0749ce,2,2,167,1735
secworks_sha256,4d9c5fc07737be4b171ec987f095d44a729dd10bbd0568b902ffe581ac399bbf,1,1,270,270
secworks_sha256,4da43f4c16aaf2edb6c31110c7b8466f386e057eaacbcaac741bbe6f21384a3f,1,1,1332,1332
secworks_sha256,4dbc3c5381e7c88f0b55a2426ccbd9119c6824a25a90d9d52c891de1fcbc5524,1,1,1394,1394
secworks_sha256,4dbf8357f68037424dee909996a1de79a4c230cd380dd5bee27ef130b7010a64,1,1,1171,1171
secworks_sha256,4dd38108ae85dda4003d9ce65d4339a08708ced95777a4ae1d7909a88a265e10,1,1,1887,1887
secworks_sha256,4dd7800496777c269dc696f47f02918f224e720abee04ca59c15b02721ca7a8e,1,1,216,216
secworks_sha256,4e0e4659846fb02649cbfe22fac27f06c29563eeaad2865edc18e3e4fefbd3bc,1,1,791,791
secworks_sha256,4e2401e4fb1c1876a2fd971a1d5caf96a49a00737f97c785da3c3d0afba2d6bd,1,1,1378,1378
secworks_sha256,4e3672e01934cd7eacf9180096ea3c9e56857e206f4835be05bfe3efaa803497,1,1,83,83
secworks_sha256,4e4826b815cf3a40481a41604ae74ca612043b97110fd6370b2a0e2a94632e2e,1,1,586,586
secworks_sha256,4e5183150071eb221ca4519710b042272281de7f864aa2acdc24eaae840ebbc9,1,1,529,529
secworks_sha256,4e6d9d79ea8d38b61574f3c0f41a0a2cd67b756f7fd8d11ece212b55a9933393,1,1,896,896
secworks_sha256,4e86cdb24f0ba5651d66515fc893905b4c271bcf49fc124ae9881094cf842a3d,1,1,1451,1451
secworks_sha256,4ecf93599e2b1f87cc0bbb8a39ac27b60bd0d751c946cd3d90d145d41a7b891c,1,1,717,717
secworks_sha256,4edc81216ba21309754929c3b7e39e0bc8541213195ccc29a3fa59b9bd16a358,1,1,928,928
secworks_sha256,4ee4a1622fe58e0cd95b9211dc435bafe18fa2b983bebb9eca6895741ca69f0d,2,2,971,1039
secworks_sha256,4ef286314edb6f732006015dc35bcfff652f8052cb101325e9958ea2be7a238f,2,2,1017,1115
secworks_sha256,4f0338745f04cc499d1d3fe777e1092bd72b886c1e817fb1679bcf414da35c99,1,1,95,95
secworks_sha256,4f09a980a6509512e5a1acf729a2dd3f8e4ff8c91b6eb457008eedef12207163,1,1,1424,1424
secworks_sha256,4f1b616b028e6d2fa2b34ea976d7636fb9f875520f59207f2e8cb6f90cec402d,1,1,779,779
secworks_sha256,4f3cc2aa9dece346998c80a9e9a5c6a641e0a64fb11c3ca7b4038d46f0995dad,1,1,755,755
secworks_sha256,4f6ca9709f73bd7963d53c557da7443d9d2f48afc2e52b89cc99685bef7975fb,1,1,1340,1340
secworks_sha256,4f7d83c1fcb25653c78fbe00e98c1221793c5b1a97cd1f58aa9b9e1da94c79a9,1,1,509,509
secworks_sha256,4f8dbd802327291c78509a9fa264f6fb91ebd25b7c7832566a0d9762daa46a28,1,1,639,639
secworks_sha256,4f91991e141003ef9fbcad1cf51d02dedec2fdccccda5219ab4c4c02200066d8,1,1,1937,1937
secworks_sha256,4f922a891534e7bcbf463dfde7f8d3603d2a8feffcd447b7ff01b868c41cb49e,1,1,745,745
secworks_sha256,4f92a3da44e25ed69dc789ecf54bc083b900a2a80c68135064a6a7df37527e37,1,1,1115,1115
secworks_sha256,4fba8e45b72a31f257ccb773a0e507f043d628ad328aff884cc803075eb17d30,1,1,856,856
secworks_sha256,4fc332571b75184c167c5320e73aff5fb9ef911be46a04f5f5fa7e15522bd4fe,1,1,1699,1699
secworks_sha256,4fd5737bbca5185ec0f02533fda837a46274f83d24522ff680173d8e4dc1fe6c,1,1,1358,1358
secworks_sha256,4fda27a42a4ceb3fb2a86f97216ee619345c6ed1406f6c7ef0c007950cd67042,1,1,1523,1523
secworks_sha256,4fdccbcb41b4045a124858677dd8c3e3a1fb9a7cc549264fc36fdd3be44a7b32,1,1,155,155
secworks_sha256,4ff1a03625831302dc98f34569846e632fa0a0a6d3ea62004c76f935ba33e77b,1,1,196,196
secworks_sha256,4ff9beb6e0942c66f62a0c3b0cb0f0ec7d40f797dc9265de603955ab499138a6,1,1,146,146
secworks_sha256,5001feb8ed6f8914e16db5e1e7cc18e3c7e2627c8d09ae0c467545efe51b3b01,1,1,118,118
secworks_sha256,500259bfdf4663647c2b98fce43aad3a0f895be67b64860cb4ca52db3a61373e,1,1,772,772
secworks_sha256,501a5dd42647caaa71f9db1cb259a7b69bc74a15c7bb2e1dc70cb4b70077bd80,1,1,388,388
secworks_sha256,50258760778a406a48cd92a1fc94cd2ac9bb9fc4fe8c5794c7addbe64f41c9fb,2,2,40,1076
secworks_sha256,502daf63e603b6841ec105343384887b0c2a22e97c9c2484215164baaf417c47,1,1,142,142
secworks_sha256,50313cf6ea18c48113865abb9dcf6f9d1c5a925f7c88111aae000bca3582c596,1,1,1753,1753
secworks_sha256,506d5a314bbb52abb5de41a3dc17e8c197910fbcec782ab3f852d4f0e3c819f7,1,1,354,354
secworks_sha256,5087dd6f10be69a9b2e18d7d4cd4d538b9d3cd62f4502c2866fcbefa1dc4c0f9,1,1,764,764
secworks_sha256,508d957365658de9d34996265064811f9a6bfbaf1f2ed396805380b05f3d3a6d,1,1,933,933
secworks_sha256,509883578cc1252b92c90e0c294320571d382e8e336281183390dfde205ea8b8,1,1,186,186
secworks_sha256,50a291a1d752e563722d3e05523f0576f0d8e3e33f4d6ddd4a8679663b8a81f6,1,1,890,890
secworks_sha256,50b4a9caaa6d719125dd0401c79d2897b4adb44ca6ca3ea37cdf7b2acd58d77b,1,1,91,91
secworks_sha256,50b6df3d85d921d9043c8352875fccacb7c69ea344bc9a713f3b50433fdf7a82,1,1,436,436
secworks_sha256,50cb534cb5bdcd1e9e63312b9c40adc26bde890ac06105aa111e2f8919c75d51,1,1,1293,1293
secworks_sha256,50f1537853e69ba9efd6dc9a26828ec9c63b1f35380aded6699654de1f309181,1,1,239,239
secworks_sha256,50f42494da3f4f311b56c104237eaf848690a9671f3dbed8c803add8d265d167,1,1,476,476
secworks_sha256,51169687e2adf568926ca6bb0575978e2aa3bdd4ee35e8f04c25d05f86fa67aa,1,1,946,946
secworks_sha256,511b565747fe3533ac8231edeb5b5134f14f8a8053c8c40ab679d001e03b747f,1,1,166,166
secworks_sha256,514dac4d38122ed1a4a177aa0cd69180898c107d763cb5087d8ee8f1a4499b12,1,1,1782,1782
secworks_sha256,5186ffdb6e7e7f96362ce78fa7b0bd9c494321c2fec5fefd815d4d70fc793199,1,1,119,119
secworks_sha256,518e0c0b70b69487364abd11ceefb092f921beb96f927ead58d9f0792f0dc617,1,1,1622,1622
secworks_sha256,51a2a76d3a904c7d15e898dd70ff5b9ee7bfb69f9e279029df06b2b44f59af66,2,2,523,1264
secworks_sha256,51af4562d9c72081baff90d60cbe63009c26bc436d570bfaf653835cab571213,1,1,1474,1474
secworks_sha256,51bf06f2af9e003488ccc9daae258fe735919e39322f74b82253be49b0e5f948,1,1,1408,1408
secworks_sha256,51c383a7474eb7454c5483d558b312d03a35e34692b0e4d439bad622bd331073,1,1,1233,1233
secworks_sha256,51f19806854120831e39794de4bdb6d02af7346417d09f1368de81f449b5cdc8,1,1,495,495
secworks_sha256,51f88cde216283629b5742f3b6268effc5a55e2297e850d597a7e4f348214635,2,2,1965,2030
secworks_sha256,51f897235c76b575da04997ab638cd8277e02db6b318fc4953de8bf14f2fe0ef,1,1,179,179
secworks_sha256,521ca7c54c187ef64ae3d699fc5e2cc8ee4421e9974e45ffc920234b161b51ef,1,1,527,527
secworks_sha256,523672a58dba0ada83059837db7ce3b72ce8a98343fbf09c5dc2c4ad65635bb3,1,1,932,932
secworks_sha256,527d8521cba81a59544d6a4544b6f63988fc52b2ada87919ed6c7126dc504ad1,1,1,1464,1464
secworks_sha256,527ea1f85874c9de2ec94b77b9a7746ec017a7fa529cd0bcd53ef890cd3eb2a2,1,1,104,104
secworks_sha256,528b5b57e62fe51743f5ec641d178a250aa8ad6b13fce85cd9682c6918ef5126,1,1,852,852
secworks_sha256,52927437b4c7673228cd3934349747b271062ee7b191e2bced3c54cb121c68c1,2,2,1712,1863
secworks_sha256,52a7972178b9bd9b195f923aa37d58ecfdfc321d87b18b532f233be6af2cac2a,1,1,413,413
secworks_sha256,52b94a64bb34fdfa214f497b8b4b0afc0e036f2505a1740de9a1ddda822e1969,1,1,607,607
secworks_sha256,530760fcfefa0d893945f1c758d13ec68d6bd14b486545c59a510ebfbece5757,1,1,645,645
secworks_sha256,531d3fe276516f7257c9e36653d862ccee80bf3acdbc05ed9f2677eedc18c521,1,1,1497,1497
secworks_sha256,53261767566ea9c6534f174a97606686635a857c19fecaf2d91c9929b7e985d0,1,1,508,508
secworks_sha256,532fb14336d6127e1794382d0be05c84decfe3a9b3aeeee2de7ca85933b7acc4,1,1,1337,1337
secworks_sha256,5332edaf2640ab0587e8d7b0a1034441e813158850b9013a2228485f41aba326,1,1,1534,1534
secworks_sha256,533589b954480940fedc4337a83f9799909d5445310aa94780dd1e632551043b,1,1,76,76
secworks_sha256,534fbc28bcb03206416b5d0ee4f9e63db41eb0b238e534fa1ee20990bc4b217e,1,1,923,923
secworks_sha256,53580c497ecca01b0c98940f7d2c089e598003ccd73a38bc10b841cf59624940,1,1,309,309
secworks_sha256,5358537793f806897ff14ae3af8a43670b9dd2f0028fcfa6458a604eb400bd6b,2,2,5,1197
secworks_sha256,53666fdcd0d13fe79be130dea3f2416832a78255882824a5be7e11873dd69b02,3,3,1727,1807
secworks_sha256,537f3af637495eefb74e7748a529e2188557799d226f8ec143b4c204d7221d6b,1,1,835,835
secworks_sha256,538a02d42f00a3e185f61aac0da1b6dd753a2324a3dc9c90856e708dad690e97,1,1,1509,1509
secworks_sha256,5393005854120ed8a10535acde06276f9faf591d161117e05624423a843ec166,1,1,210,210
secworks_sha256,53ac1eadb396c6cc8c4df1a4af04ac8bfa3d63535001c34c77468865b89ffa4c,1,1,1899,1899
secworks_sha256,53c6583d64f78f78f5aef2b06510c54df567600ba7d07fe2621b39ce9d8c43ab,2,2,1028,1126
secworks_sha256,53ec6e6f9c3f3b6c756d8217278f086fd9fa369dce57f6f4f48324d82c26a1ad,1,1,1498,1498
secworks_sha256,5407bd6bb2e2f09791eea176283bf13df3364edcb0ac6920273d696b8fa3802c,1,1,298,298
secworks_sha256,541b46a7d0c32b99ed46c8a94a83e70180a44450cae99865de6d68b82ab583d8,1,1,978,978
secworks_sha256,5431bf3535a3efda8c6f6317fedc2582c091e87beaeff9aeac66e746fba94735,1,1,1087,1087
secworks_sha256,544088ed7b211c4e16ed09b5f72a8c9c95fe44b304da16fb438be092c2fd4c00,1,1,1103,1103
secworks_sha256,5490cb8bcae80c4b92be80a904c5e3f1f58d691c6e43fa9d2881f35e7d767fbb,2,2,2040,2041
secworks_sha256,54c7275380f0e37c7e80e2e7e6b0e4f730bb7216a58c2e747892a9345c7b341e,1,1,488,488
secworks_sha256,54d2a9be60731ff302853231169b7d7900a9a6269c4c9265ddccb49bf479e536,1,1,1335,1335
secworks_sha256,54df79110583b0ce2cc9901af160bfd944a8cf907b16d72411053c93049bf4a9,1,1,315,315
secworks_sha256,54e874babec740f71ea2335888c6d3c1ca8e0eed640220ed8d808773305c6c22,1,1,182,182
secworks_sha256,55219057f18d1f0e447be236bf53d9a549e7131b8a2a814128fe46a1a397d211,1,1,159,159
secworks_sha256,5542bba09a93a9beb48e0e4a1c41d42637b504835872314b8b95adfeafdb488f,1,1,1343,1343
secworks_sha256,555b7021f1b600353c4654dae17405d8e59406278773fb7fd741056dce2bedbb,2,2,979,1047
secworks_sha256,556e4e8314102c78398ff44dff58be6defc4b6794f4f82bdcfe1c025f4c6d432,1,1,394,394
secworks_sha256,558171e2cb77dfa6ca98831a6840ecebb4fc633ca44407bf962172090313fdc4,1,1,1066,1066
secworks_sha256,55a0c4526c1c7fb1f834068cecf75284538000cfc5d080cd0cae86619d52f90b,1,1,1722,1722
secworks_sha256,55a46470204e6ca0ebf2072582ba986096e20df0aaf9b1f187a987f4fbac0268,9,9,1559,1669
secworks_sha256,55ccb1d044b871e5a3071e723babc7e7d8afa4f7d5f7b2d032aa531bf080ee44,1,1,743,743
secworks_sha256,55d473218d73bd1534d7d9f23ef9be4150fb07df5cd866cdc5bb7b622dc287cf,1,1,687,687
secworks_sha256,55e12c092bc36ee6fae0c8ba22127696e9d79a1490c0dc212b44b9d0b1ff7860,1,1,1585,1585
secworks_sha256,55e48b0e2ba691236e9a07ec7a2a94a3f7f6a186cde4fc674069015155cee6e4,2,2,1961,1962
secworks_sha256,55f888c8cab78b16865d683c2bed33851b2582281665a43a7e953223e77d539e,1,1,737,737
secworks_sha256,55fe53e56b820b254e9280757ddb3aee94d8e375a5c477cc00ad897b2f5dabe6,1,1,1300,1300
secworks_sha256,561ae2de9da9241d4bfd41abb3f11cb780620ac0cbee0a218a493c0bd71e7540,1,1,808,808
secworks_sha256,56213cddca812a9617ba0f1517b9dbf382f9d4db027272106e583ae3f1a3a185,1,1,590,590
secworks_sha256,5690c316549484535e0572d0ca9fac6d580cc659516585abcf97611e4f353126,1,1,1691,1691
secworks_sha256,569447bea42aca750d647f2bf610cc3c0632cb75ae4ff69f442a24519e8c079b,1,1,1487,1487
secworks_sha256,569cdda3dc2c4135e506224103f575bebc73e89984f882e3c49d61fb16d50ed4,1,1,2013,2013
secworks_sha256,56a0f2edd14b395219966cb532e29557df068f53382b2777a920ae477981ef4e,1,1,574,574
secworks_sha256,56ab3524971dd95db7e422061464ef34689a922440ab24aaa45fb99c2c091644,1,1,616,616
secworks_sha256,56d6ebdc438bd4184e67696745b1da706f98db94fad826865eee91f3c9d37f37,1,1,1521,1521
secworks_sha256,56df3812fe5f8a21cc00724c6de3c5fd52feb309bafac7b7413e115a1887cd69,1,1,1236,1236
secworks_sha256,5705dd41d2a52063eb3c6664f7b0cad8a9e54a2789da6193ec4833c1c1435a2a,1,1,883,883
secworks_sha256,57367aebb7c18cbfa61d0d84d5ea4737031f765e74c1f803e5c720aff329a3e0,2,2,1765,1792
secworks_sha256,574070ac4da5d13f6e94d2e227b376bc2e624d15c71ddb7eb9f5016a9f1dac72,5,5,1897,2023
secworks_sha256,576712b7f9b436ad5547ff0dbb39a161764a2a371723403e77f7ceb8525a5937,1,1,746,746
secworks_sha256,576b7449312b078475169e8d2cf723ff53b6a7d0e6b272505f3ae53d8b5f02a5,1,1,462,462
secworks_sha256,577c0e3fa4c48c2f1a062a462ffc0db7cb74f934b2edfb623d2a6c4901132298,1,1,796,796
secworks_sha256,5780e0ad5f7256fbde90c279b7204da4360e063d4a1d011a1567c148f132a050,1,1,1306,1306
secworks_sha256,5789f15c93b227334d88d436f5745b58135fb7460d892dd7b4840170b75afc63,1,1,534,534
secworks_sha256,578ec6ce74d64651ce5168ac414806b630f3b14157ee0186101aabe970fe81fc,1,1,401,401
secworks_sha256,57a6b5a8a9cc467212fd7f9bd5b81340dca744905240a907845d01b01a838003,1,1,1330,1330
secworks_sha256,57cf9755f6483e3565a7d37e7940e1a969a526122b04b77336549b24834c3ca3,1,1,1448,1448
secworks_sha256,57d7abfb4a198a1d65ddb1b6b813581627f7c7e48e3b5ae1102ff959d08b7ef1,1,1,638,638
secworks_sha256,57e6f44f36e07f332fe73a49577c567ea5a96da6ec066c4b432f9856f1aac1b0,1,1,452,452
secworks_sha256,580b8ff114981136d775e4edba70affbd2f911d4481270475824dd8ce37688e8,1,1,940,940
secworks_sha256,58101572ba5aef7621681fec36b64345f3d51aff0b801e707f09b74771ef41ec,1,1,1058,1058
secworks_sha256,5819627ad44196b196a2d47b4176beafb6e0f4bff3f56e0b6c6395df3da59be7,1,1,1418,1418
secworks_sha256,581fa153b6188f06b5aa2d4a332e13aeca30cd6806c66ff8441726ef8062d078,1,1,896,896
secworks_sha256,582425e0b8700c04899c650934c756adba7b94a10c4685cb7667a50f477a66ab,1,1,385,385
secworks_sha256,5871f4072881db4e472517fffbe0a8736ab60bb37235f48405c0eaf3d592e464,1,1,2027,2027
secworks_sha256,587c7325dfaf92d427c966467c719f9baff6bfaf7591544cb37c9d6121c13a14,2,2,696,1153
secworks_sha256,588686b5394c7bd71ee40fcc19d015dd982884f66638d9eef09ab8e918836dfd,1,1,225,225
secworks_sha256,589878d6c93f6545ca103e51094b728e6554cd5db52eb50b39e08e9f76aedeba,1,1,41,41
secworks_sha256,589e344861e8ebc8f944f97fdd8ee840d0bb82237d5f7d2ea1e5917cc7dd93c5,1,1,34,34
secworks_sha256,589f7bfd1e9d314ddb54ae7ca9942d0435ac4f2434372f9315d19463f23ea863,1,1,362,362
secworks_sha256,58a065fda6bb5b7f30a85b19d973f61dded674589c7deb6f366253b24bcd051c,1,1,225,225
secworks_sha256,58c1730252409bba8c86f42a8f1c93b1163b27c7bbc4b55ed768d005872f782d,1,1,1742,1742
secworks_sha256,58c8904e331b534c5716e76bdc6deebb0d81167da5f38bb6e7ca22a5e08d8457,1,1,86,86
secworks_sha256,58e190dc8c750a8b4820b20319f85a3e4123746a385b30a8aa76953d6d47840d,1,1,353,353
secworks_sha256,58e30b8527aa3a7b109b12ef535a1857ecaa44ff54fd4f637adb127b672dad36,1,1,777,777
secworks_sha256,5908324ad7de0dd3117696a442014646255ffcda02fc448d36680dc7c601807a,1,1,979,979
secworks_sha256,591c304e1efb120e39faf3147841fad9e8c9a5de677eecf36f4883985a2bd864,1,1,209,209
secworks_sha256,591f15ce35668bcf755b8e39b6366a92da994371954fe1a58e61769c7d55f473,1,1,1515,1515
secworks_sha256,593f4010377a7e19eb69d85a6639ea569275c3de4f827ec2daaed49ccb89df88,1,1,127,127
secworks_sha256,594c73538ec3f99523913a55de3bf33c70d0ab97080b7aed37789364abe0fba8,1,1,910,910
secworks_sha256,596814ded49b308c875ce0cdd7ef269fb23a904852c932280d001af104722c15,1,1,1432,1432
secworks_sha256,597f5aba342679f4e7f2b66987850916eaede7e157116238a170b36f01cefcc4,1,1,678,678
secworks_sha256,598bebc0857d228f264da95515b5453a19924de79269afe490081d19f66bef30,1,1,1773,1773
secworks_sha256,599a930def088d1b3e52c0aafe51f1702a09c487552ac19aee4d9c33b1416c4a,1,1,1352,1352
secworks_sha256,59b2d97ecb0a3861bbcb0e062e929c415e43f20f998bbe21085601f301acf90b,1,1,1452,1452
secworks_sha256,59bc18edb2a5c7abc69a1f37c136e6e715e40c8c559d48cd70da6f23f28c6771,1,1,26,26
secworks_sha256,59c390f754d2518b0a7626248f99cb2eab8e43599972d172967f93ea92a0249c,1,1,1489,1489
secworks_sha256,59cc127036fadc7b74035e92d79742285d69e6786e107328f4e6a31d3180488e,1,1,1040,1040
secworks_sha256,59cd8e79055605dc593e12cd2e2573af0e81fb13ebaa11a09c74b1a747ad6d84,1,1,1154,1154
secworks_sha256,59dd65c04279f3bf0dbd16d935b2bb84aaa8db30e54d082af85284818c996ac3,1,1,1141,1141
secworks_sha256,59f4d9ea2accf68f0824a832d294d22760922849e0ddd4aaa58622f8f90b25da,1,1,952,952
secworks_sha256,5a0ea05c7a0595bc4bfd5030cebcd4a8c84404a25250a00611f8a981c6b3e2cc,1,1,595,595
secworks_sha256,5a259cb97ef2de2390de44b32679d87d1c59ae638f46b87a27aad5684c510b51,1,1,1024,1024
secworks_sha256,5a2a1560a24af2e7573b843497ad53b82918bd28aebe8a90d37fdd765f646b8c,1,1,1350,1350
secworks_sha256,5a32fda90e5c69d47373cc2aa359bf715a133410557b7098ad2bdb340798c163,1,1,900,900
secworks_sha256,5a5a61c4259e4dccacafcbf847c3854abaca8adc11f8619f9af00fba8111d4b8,1,1,623,623
secworks_sha256,5a8df25b365daba3f9ccc9dbe9bcfda6cebb512ab80788e8cad1c6944098b22e,1,1,660,660
secworks_sha256,5a91a66a5877915d5d4bddeb28eb7bdde9cd4795e71de51cc02ac075210ad252,1,1,1015,1015
secworks_sha256,5a9bcdee6f6c9bd775f23b1957d15e32934f9ec2d44cc96497d2bf4636f8cf9e,1,1,43,43
secworks_sha256,5aa308b19a07503c80be75747bb2618d4dce7ebd7fb2ca91e03f8ae89ac11442,1,1,1360,1360
secworks_sha256,5ab3b1485ea26ed92a77c56bc1727b6fcde8ed1ba8cee7c208ad9caec0b8e88f,1,1,845,845
secworks_sha256,5af689baec82f1678e86334fcc873d45835c58a63e22a40c2fb41c47ee72fc4a,1,1,1243,1243
secworks_sha256,5b0048b07e776c677f91a50a16b46f6e68b977075d7eb1aa8d8102e5531b443c,1,1,992,992
secworks_sha256,5b0a918dd96beb41d3dd9a341a6d17a60e381941d930a7c39907989ed1676c59,1,1,22,22
secworks_sha256,5b13be1a82621a8f74fc3d3687013bee569b43fe587cb7cdc390c1d2a161c7b5,1,1,243,243
secworks_sha256,5b6a8cab8bfa596721fab27abb375de86e4039b323d792743462c4ec8770ad70,1,1,769,769
secworks_sha256,5b83a1f1de46470aa0b0a4e8277edc033b27cb743a2405d1a5d2b70c510afe65,1,1,707,707
secworks_sha256,5b8501b2223b3b853e7664674bd87bf8c4a41a659ef5f126b869436867764437,1,1,1743,1743
secworks_sha256,5bb141ea587599a14aa2306cebf6149ac7a6ec38ce100d59189b466dc7e3e6ec,1,1,1047,1047
secworks_sha256,5bc168e906d429058728bfba5979857f71c3e99b414b5428fc391394bafbe879,1,1,1536,1536
secworks_sha256,5bd977f9cbb1cd9bde7e3d0fc2d44bf1b09059acc14e8fc0bcd0233b268562b2,1,1,103,103
secworks_sha256,5be5f0b99c4307aa514f96a3dce999c68e894a7a84d296ae656fa6dd7206e823,1,1,1173,1173
secworks_sha256,5c014772704686fca81d697807151e1442d81fe8946c1d7841fae0fcdd9b42f8,1,1,323,323
secworks_sha256,5c2333f0b9675936bdee115798afea0d7902d5df628d768f9d1a44706f271e6a,1,1,668,668
secworks_sha256,5c2b8368845ee0459e9fb39fe9fab68a5470059f9d7ac303d4b18ac09c836dd8,1,1,539,539
secworks_sha256,5c57a9a398a949e950be790d1ef1af7c8a43c86bdcee1471fedd167921e8dee4,1,1,620,620
secworks_sha256,5cabd1e647a98812fe7f5a07455ecbf386f5f058939b6ae9200c6ef9a6837fdf,1,1,1180,1180
secworks_sha256,5cba6ba4d6538d5f30a91d5ddc4adcb6b2a7ad360351055dd791fe1a0c469185,1,1,1091,1091
secworks_sha256,5ce2315166f7b432f99434486f587984682a721d1e549a57368ed40565ed985b,1,1,950,950
secworks_sha256,5ce3f9da4b57719d3a0c5d70ffed02c82127ac36cacd95cfae75fe0a4aac3eb4,1,1,399,399
secworks_sha256,5ce7155d0321f9a6c7048f3777aadc13093f1eb9830211d7b3a2c779d1b1fd73,1,1,918,918
secworks_sha256,5d0896c2610da6eaf222adfeba64cca0e3da7a9ebf04560bb83048424d59c526,1,1,1932,1932
secworks_sha256,5d1146486cb9ef23d1f305a2ce46af4b08039379d7646d3f753bfb5bfc9ef7aa,1,1,1312,1312
secworks_sha256,5d20fe4a4efee3b063a81ffb4a800ecc1ea2a0deacd458096bb43d27cae6a37c,2,2,972,1040
secworks_sha256,5d2fbd9935351134d3a322ffdaa6ac3ea8134109ccaad70871ec01eac2d2b574,1,1,1484,1484
secworks_sha256,5d4d4cc17065106a941120e072948982f991d22c4a5e6d283485d6db01cb0130,1,1,684,684
secworks_sha256,5d5f0144b1bfdd6c2117847a498b16edccb2230755dc84645ef1b705af4ecd2c,1,1,1955,1955
secworks_sha256,5d7c82251251f306be6db45419d529d70603b36f937e02b3c5e2ab8c4a991ef8,1,1,265,265
secworks_sha256,5d83a5c313eb19478edcd1bac13ac0c5db1dd08dd5b4a4a1d31af03b54a443dc,1,1,580,580
secworks_sha256,5d8ee71ecef1bd634ed7f8c0be3fee978f272b16d0c0124dc081d07c0fe8f12c,1,1,1168,1168
secworks_sha256,5da7fc346d03fcb6d90204e57a45832ced48cfc9133c541a63b032bc2cf71a3b,1,1,1390,1390
secworks_sha256,5db32909f3ddd6c70e0b27bef2c01fedf20cee1a694349f478b998d9f69bde42,1,1,794,794
secworks_sha256,5db9662d586c43770aad7db68ef46395539001893d678415a573db3b0072c477,1,1,1438,1438
secworks_sha256,5dc9838e63f39cd981dcc12650500188094c970b903d748b44369203bd0268c4,1,1,1939,1939
secworks_sha256,5df41dc2083c6e6b3d9fb4461a19e467a98cc1b59a27c6526674a29ab06e8257,1,1,792,792
secworks_sha256,5e04ae8d680e13f4b6893a33e76d69fe808ae322dda174f65581764e1f88bbf9,1,1,1229,1229
secworks_sha256,5e3074675afebe99872ca5c74f7ee9d9016b3c1c69c2c4ee0169869aab3def4c,1,1,569,569
secworks_sha256,5e3f24893836e94151fa336987cb433d26604664ee03f280aee18411812d3128,1,1,727,727
secworks_sha256,5e4e2e35ca3c06a8f0e2fc3f0951dce96c9e691bb6dfa15a5ca125fbffd3837f,1,1,381,381
secworks_sha256,5e5f7dac06ae013a22dc0d321822bf0bb32ddf91da2aa44945bb0b146155496c,1,1,389,389
secworks_sha256,5ea8803a2ff20d0598dcdc596ceedc444b544e9502701ed376f162cef22cfabe,1,1,1374,1374
secworks_sha256,5ebe60fd9c8685f4f1a60e1782284bd1d5de9ecf11f7cd1d53596c8c03ca098b,1,1,752,752
secworks_sha256,5ed61dde82fcb162cbd7881e3805882b411f74f1d8f64997cc418d4b27a7bf06,1,1,483,483
secworks_sha256,5f1035bcb7956c750330c3205e91403429ddda2b2b57d43d1903c0e353613a0e,3,3,1809,1830
secworks_sha256,5f1f0f2456bbae29902f2c3520a36e9a7379b8b341528266e1805c508c6db412,2,2,1692,1693
secworks_sha256,5f23a0a6562c4be59f0219fbcb6a8effd97e9b3223c352501587ea5a888f5cfa,2,2,284,1189
secworks_sha256,5f407d717889afdebb1658f9c3b84d798cd9e30b95756693860dda8e1a4f1e97,1,1,1391,1391
secworks_sha256,5f46c1cba2d7dfb907b9222ac67441fefb5c677958f91ccc4b3cc670daf767b7,2,2,2,1194
secworks_sha256,5f540ffe34985d329462341d88bb01d0c4f4ebb80822c3419bceea5b924fb7d9,2,2,48,1084
secworks_sha256,5f692c13d099dd7388dd218fa5f0064df6116a446f473a82edddc1180c20a6ca,1,1,1176,1176
secworks_sha256,5f6adcf93c63abf55490cdc363d02be2a2cae4852f95ea1b6a0640a94b3b11f8,1,1,417,417
secworks_sha256,5f78b373d6682740dca9975bd421b1bf42190b2533751d5e3031b1cb16effda6,1,1,1386,1386
secworks_sha256,5f82c01251caf22622bdcb36190269a9b1724f346f047c2a157965517737fdbd,1,1,1246,1246
secworks_sha256,5f9cd975dfb9b481e3fd25323475a2439fe958957b35537834837b3e17769792,5,5,1557,1672
secworks_sha256,5fab08d73e3ecea0f866ccd00247f9fc1b42e089aca33ecb526435c838d4678f,1,1,926,926
secworks_sha256,5fe19322198715c765d65d53586e7c578865a5fa821d25f4477829d084be4702,1,1,81,81
secworks_sha256,5fe8aa68a80f230555edb2dfc05a8d577df9641589942f072e72b8395da5a2cc,1,1,466,466
secworks_sha256,6006c5c63360d5b2b724d7634ae20be18d4baf63108e8fe8bad1261fcb8ae4bf,1,1,601,601
secworks_sha256,60143d926ddb22178fd2addb96de337bb0bd217437bb005c2d7f5151bf127845,1,1,360,360
secworks_sha256,603017b537ab9d0804a84bd0f69edb383c8f3681e2789b993de59310f847c1ad,1,1,1313,1313
secworks_sha256,604dcf96b28e63c7a0b534c45beb0910db8a37aa944841fd530f23b768462cd5,1,1,1364,1364
secworks_sha256,6053598141a7a27197f652593b0a945822c3cc4f87563c9e8cb25c41ddc2d6ad,1,1,661,661
secworks_sha256,6066efb73e9c25dd3224fd0455c8e2ec2fa5939db1a70e22b4546295a80ccd77,1,1,246,246
secworks_sha256,606aa724aaa23cf0288fa9dd7c53388a00105d45d51200b847df262d41983333,2,2,25,1217
secworks_sha256,607bf5644968e6bb82a17ab5de24972146d68308442284359dc1253417e6c39e,1,1,819,819
secworks_sha256,609a4913ab85ae06ca69d40a15c0e293602e9370a6f68dbcf59846732b966029,1,1,101,101
secworks_sha256,60ad29bd65baa6a828e396d2403dc4950989654f3bdc3f2bd5526def91ef104d,1,1,447,447
secworks_sha256,60beacbc273a1ed8e81f8023e7bd284e87e99332b0fff4d158315b6d8c51c426,1,1,1742,1742
secworks_sha256,60c22fd8979e5e4cabcbecf8cd7baafc87eb967d4322033ced2cad3d143e13d0,1,1,129,129
secworks_sha256,6113f4bc6d77f291380dac9716076a25fe295ca0cb4a58a7aedcf6b7dffe6e5b,1,1,1163,1163
secworks_sha256,6117566b0971c2da1c53557546bf31a5a5eb2f0efe99e01f9773a1666defd821,1,1,658,658
secworks_sha256,6119f86cfb49032568ed8ed6907b3e601fb07fb139694ff3f358784c06aa0de9,1,1,1346,1346
secworks_sha256,615b958cad3b7912a8899caccccada85d8a8a52ce9a9b13b1bbbf5a6279e81af,1,1,424,424
secworks_sha256,617935ebf66228eb6f926c40028cafa644d6f32993ed88e6a4d30ca59e1515e6,1,1,1747,1747
secworks_sha256,618c7d125b7552e424623d0fc2ecdaed297463a888773da04407c0a70a8254b8,1,1,829,829
secworks_sha256,618d35955102b137b8c7e315d465201c05415f923862ba54a57942b0da2a7e28,1,1,1230,1230
secworks_sha256,61962726fd7062e1461c27985be0f15a7608502063db0d0f549505ffdf36b4ae,1,1,832,832
secworks_sha256,619848159d04d7a44a25af2da7d199d032f47fe5f54386ef7de92a1c7039a51f,1,1,1688,1688
secworks_sha256,619b39025c637e659642e01b6e1adf2149457454527cdb7d68a68a94a795eda8,1,1,750,750
secworks_sha256,61bfa9876438b9cdf28713d21af42ec3b2895b71496c76dac86526ab2b3d3450,1,1,409,409
secworks_sha256,61c377a9c5fdea9999cc328699fbf483eacb97d43cd1c13f7efcb9765f240751,1,1,1080,1080
secworks_sha256,61e1c1ec93f4676e2b48cb11d1251f5952423f5d94373d918ed2609845b5a97c,1,1,939,939
secworks_sha256,61f40323785921f2082d367686abe474b0adb550f910b2258bd76a30fed96d44,2,2,257,1162
secworks_sha256,61f478b77baba027cf304739e286e390f5ead06f51958ec786aeb096bd1cf099,1,1,1801,1801
secworks_sha256,620a3ee9e77685df2458055b10c9f7bc86957b70924d369e74e4535d93f0718c,1,1,199,199
secworks_sha256,620e3ae6b426a545b799ae7a531401462e0e25b7d32d56a20a9f5e6371c1a8e1,1,1,547,547
secworks_sha256,621b19889cb4028b03183c195d4f42a38fdb8b8160734d81983de07410188d30,1,1,907,907
secworks_sha256,621b44ae6e8a9f4e0c3fbdc64412cf56220bbbb6ec6d2e0e13dce60dddbfc241,1,1,1363,1363
secworks_sha256,6220eeba46f22db46fdfba8bf0b3794b91a89c1f6581d12390a7f17275cfa55b,1,1,599,599
secworks_sha256,623d6b08f75a1f60ceb36cbe0c3c00ee8ba8ed2dcc3a87d144b5af2d9eb8226d,1,1,1294,1294
secworks_sha256,623f3c3ffdb3d277ed9d6a37f605dfef9b1f08d30b4c069631c5334454d1b4e7,1,1,800,800
secworks_sha256,624449457a2e91667be457863dae182c271262689ed92ca9590c0a6944fdb8fa,3,3,1985,2034
secworks_sha256,628e0b44d6db981d4c9da6a2f37b656fc288d8ab2ecbfd7fc23fb3ade9817d78,1,1,1938,1938
secworks_sha256,629716a973df24dff1427917dd137af55125196e2fb202602af9fa6aebc937bf,1,1,370,370
secworks_sha256,62973d2a4b0812762a7d44a723ed4736adcffbe4ba52ab2c7a45ff1632ecea57,1,1,509,509
secworks_sha256,6298294d8d1ac39ed3884a183fc571a8aff45230b29077a0b0869dc99161c1f1,1,1,1506,1506
secworks_sha256,62cd9cdaaf7648ffc9e59c4e8b1962ff07700af7fb9a2c7d4e2134d0f48262d2,1,1,112,112
secworks_sha256,62d0fcbc9d84d74136c6a651a1ac271d0581a55df020e4c75d06793d542a7070,1,1,1487,1487
secworks_sha256,62f3a0f8eab01b81358036ebccbb20d158f227ccceac70a6481c57b31c5426de,1,1,371,371
secworks_sha256,62fb1edea14ba04afcfa015cd1582c7257e3d081855b3093d0efa920ca44e3f2,6,6,1907,2044
secworks_sha256,62ffc1829cc4fed2ce52230a8ec6407483c4584955d3d4d9ebeb8654b8d5cae6,1,1,512,512
secworks_sha256,6317920cbca38859e71ffe01e00ca93cb22c65b7684dce0bdfa22d5837b33b81,2,2,1574,1575
secworks_sha256,631d59f19a19b253e8a0b7600b98c9d6b5abd68cf873ea7646bac5fa75f36f42,1,1,903,903
secworks_sha256,632977a570ff7d8b129ec00aeb0c370cea2bc8f8334af0c88e8f7a1e5f5511d0,2,2,1671,1672
secworks_sha256,63367287b32c73fc0adac4fbb2b3d4c96d2eb77873910a532f26c0ec0e6e04d8,1,1,1895,1895
secworks_sha256,6356d0ebf04d73ebc7b962981fd19a6c6d387cae8fac2dd42aa34018de62cd06,1,1,663,663
secworks_sha256,6359f74197704d3a24e1e6873aa0d51e3d24f4e942e874a4dc18be76ea55d703,1,1,1286,1286
secworks_sha256,63741337ca2fe7d68e6e9e4ac8f17d553d54207eab4929eb724b2ea88627bc23,1,1,397,397
secworks_sha256,6396e2729c86e44aadd791c1ae16b321b2c989759dcc32691d1f0fa59223eae4,1,1,632,632
secworks_sha256,63c0f08f5779b9b01dc63036443d9df5a5c572da0ef4f795588dfaefbd8bb520,1,1,604,604
secworks_sha256,63d63b6dec031257387fce6eb91847111bd2312da0a8babea7e00ef86387e257,1,1,608,608
secworks_sha256,640ad19407586eab4bab4b7a310eab5b883cfccd0c35b112f1b00035012113fa,1,1,713,713
secworks_sha256,6424c307560199f52b0a1e5227b65f686da867314e91930ea0c94925386d277b,1,1,1237,1237
secworks_sha256,6428ef9fd030240b181aa7646b03c7d3c7329c253beb8d5c927794cf41e03d24,1,1,1085,1085
secworks_sha256,643e98027e70d80badc64d24d4599e18d196b4b901fc6017a9626e3840381a39,1,1,69,69
secworks_sha256,644913de4e8f1fa24c1b0b5675c39b501d9f3e2444885f90dd048c2735ec9621,1,1,1258,1258
secworks_sha256,6451d0e22f9bde2a2e1c254b64b9d181882cfce8a2a8e514bb02c2a75e664032,1,1,1435,1435
secworks_sha256,6463f06baacc920d146036f2cef8dbd008d8a95e648ab83fa454b8b7cec76fc7,1,1,1361,1361
secworks_sha256,64658efcbddda82a5ef0a3c58e4b3bf9050bd2ecacac9755514f310a57a339c6,2,2,1585,1594
secworks_sha256,6480d8492a45038bc416c870596721dba7e87863573a65419a990be2eeecd3d0,1,1,1780,1780
secworks_sha256,64826eae07c615a98a0691348aef56c18cd3bfffac3c4f03a89db28eb5a3be55,1,1,291,291
secworks_sha256,64846e51f17b6a1020c92dfcc3e206ab8797291072f33724ac69b3fc2288274b,1,1,630,630
secworks_sha256,64859b997adba1bdfc576956ec105240e629f27b1d38ffa64b13fb7a28b59bd4,1,1,528,528
secworks_sha256,648e1f1f65069da8ff8346a57c6be06ddce2674db60e538a558d76858a82974c,1,1,1379,1379
secworks_sha256,64a2c890df0b66b7868900db6e6f36bf665c76958b898d2418f0ea9703c29992,2,2,1645,1679
secworks_sha256,64b5e4298a53daf56727fcc49ec2c17bcd854a578e98750b500edc2259725e16,1,1,359,359
secworks_sha256,64b78caf571d726789c68c9225d1ef556174cca0488eab74c0dfad02475ff091,1,1,619,619
secworks_sha256,64cc299b60360b08fa88dd39bc9a73a85b7cce361535a5b67f23e392f557ae2f,1,1,1948,1948
secworks_sha256,64eadf4e99ee55fdaf9b9834093427cbf04a943244195c9227af2c82ab6ba1ba,1,1,435,435
secworks_sha256,650db31ebc9e7c053eccc2468c51a1d4eb5b3f51859a7c4472e5c701c753388e,1,1,468,468
secworks_sha256,652b209a41c77f483bb65ee59841e94c574e4d0734ed0e9c02e422387303813f,1,1,1273,1273
secworks_sha256,65517579579fa098e3edbd78142392402ef0f952c8f7a3d1de49a8cd5596e99c,1,1,86,86
secworks_sha256,656e232998ef89aeefc947210e01d147663c02be942144923ff9c8beeb17f678,1,1,788,788
secworks_sha256,6576025cb1d32b32142924320f0651d0c2de803425429e4200f311f5f9eeb546,1,1,1238,1238
secworks_sha256,6582105733b42d6745e3aa9f46ea176b3d10e8078366bf06f78f690ab23756ca,1,1,547,547
secworks_sha256,6598b873144acd3d98f2c27f59214951f8b12d2b214eee75968707d2c8a928b5,1,1,398,398
secworks_sha256,65aade6120d047f059449cdfe6937def9f6e625637ed1794d9a9cb127aaa6aaf,1,1,908,908
secworks_sha256,65b6a3d94a33979e2a92d646de727ba8a383ddc4514f8aa44f4e5b251fe5f8e9,1,1,1913,1913
secworks_sha256,65e507ae2c154d258ad3115bf8ed4cf4502ce5444abaca38c670f11ddc1af9b7,1,1,756,756
secworks_sha256,65eb78b79a5e35df13ccc957cc9b3a5dc91e80b35ea2b3402fe0806e911365bc,1,1,1488,1488
secworks_sha256,661a63dff522e7c5224531ff0dd41bf289df56b8584906c4b7e188d56305b550,1,1,1256,1256
secworks_sha256,662c7059eee7c6b98b5f4813aeb87108d5e957495b6c3fc5df2947eeb838db33,1,1,505,505
secworks_sha256,66366a113ba9fc2713567b8a6861a3fdc674f13ca1302575c3d3d9d73c30f31a,1,1,1203,1203
secworks_sha256,663d0ba80fb6f6e3ef8bcc2f8524b01344961c1072ca856c9ad998d50dda0135,2,2,991,1059
secworks_sha256,66481f9e85245c86f67d33041cce5f5ac88434340817c0970fdb6054250ff719,1,1,75,75
secworks_sha256,665abbd131551ba0e036e66fd129699cce84cf7ab88128e928450cc8c64bfd82,1,1,1292,1292
secworks_sha256,669908d39258e0767299f1917ba7be149a8c6e308f1791a72f9dae0ab8bf8bfe,1,1,897,897
secworks_sha256,66a8911532529369e87c7902a380ca816ffe41161e1971d271614ab95858a958,1,1,44,44
secworks_sha256,66af7353db2652d0003058764854f08debf3b939304846dc3422770faa981288,2,2,899,1917
secworks_sha256,66cb6af21d3aed92ac553e63eb42ec46c00c9aa381078b6b0b3d09460ee38b51,1,1,838,838
secworks_sha256,66d46210c41acbf52284be9cf757deab594b3ef8f3113ce6646c7c2e566d6d9b,1,1,959,959
secworks_sha256,66eba60819f2bbcbf737962d932fdb1eb6feda8b5e5aa257132736634f433c44,1,1,288,288
secworks_sha256,6710a5f2bfbaaa2a9c7db37c512eefc6a6b7948cb13a5bba3e56786f97f1a8f2,1,1,698,698
secworks_sha256,6712aca011cc4814c663b33a414f62aa0c8a42fa8c4c75a0d63c2d4873954275,1,1,645,645
secworks_sha256,671d28693183c11f73f6344ce70ef8e17586f6f70d419ee4c92743996a27ac21,1,1,807,807
secworks_sha256,672bdefc0e5e20bfd618b210efb333c54036f648855f9dca1f77eafe5bf138a1,1,1,749,749
secworks_sha256,674027a45187211810c0aaf8ae958cbe98a1dba6eec2642d941df50203e5679c,1,1,1757,1757
secworks_sha256,674e2bfbfe2fee8e1348615dd13f734e240f5d2a80bbac21cb441432ac8a40b0,1,1,1919,1919
secworks_sha256,678800602ed1e4aa164538943e752ed326605a3d7a951bcf40f3f5a1d20d75a9,1,1,481,481
secworks_sha256,6790e9753426f455da4d1d87f9a443fc59af10527472ae65735a70b08cc7dace,1,1,405,405
secworks_sha256,679217ede9aaa2030fae3b89044e1f99334b673e515b503bfc1579f2201de9a1,1,1,92,92
secworks_sha256,6792621a6032da54910cc5982aec5ebb2285210f27cc3c66ff41495e523ad657,1,1,219,219
secworks_sha256,67940b917214746696f98d20bf30dfd158f201def2d40157d63e15e9ba53d28d,1,1,410,410
secworks_sha256,679c8eefb8c8a637c4281a2d7029b99c64ca7db9ef9fd7fa0a9d449d43e37b22,1,1,1383,1383
secworks_sha256,67b4c5b06ce0086a9cca863bfdc5b98d15150118d59eede6daa03d9d8bfdae5e,2,2,56,1092
secworks_sha256,67b75f1d4f0e7b65d7975b6fd795ff2c863c00022af68cb67efe08540e4254e4,1,1,1236,1236
secworks_sha256,67e4b2be5415b598f23dc3a48de3598142002bd19ed1198c39626a0a97c68a35,1,1,169,169
secworks_sha256,67ecc533bcbcd1daafc09dcf8f30388c7a1f95d57547a81bdfab47dd9e40d32f,1,1,699,699
secworks_sha256,67eee34667b3e5a671d3d9c7034ce782b18ba1ef8ccb38e5d6e0ca97ff126898,1,1,612,612
secworks_sha256,67f41982df0ed00aa4cf4b9957cf93d04eb12b56b020aed44282994f766c79c2,1,1,775,775
secworks_sha256,67fa3b113fafab7010ecfd40fc4951e24f79390bea0a20a0063ea42571f69159,2,2,1031,1129
secworks_sha256,68020071009da9bb0decd039c23498521761b4cbcbd323afc7aaface53487109,1,1,1515,1515
secworks_sha256,6835a4e4344f922eba506ac5b22274f57e35b68817ccd4b6500c283227bb890c,1,1,365,365
secworks_sha256,6839b3453893f1568485e3d68251ce183570a58fdf6bd6391cfd5f9085f954bc,1,1,222,222
secworks_sha256,685732a8f7234bd7ab3f3bd1ff8e29f3d601a9d259e3af55045f8764fe0b4309,1,1,1731,1731
secworks_sha256,685ed7c6b0ca6a4402a432426351f7564832a79ed0b683596c8add63568bf524,2,2,1763,1764
secworks_sha256,68672acd3e94ff9153014d155c199d850c6756f06ca508f0d84efc5145257c24,1,1,990,990
secworks_sha256,6868dfdae72a836368b12fd46ab34750fa1c19be7afcee0734ad6a3ceaf07952,1,1,2,2
secworks_sha256,68843e6db43f01ea24b297ba22721974d0a61f1b46d9d14bdec74aa9396e317c,1,1,1226,1226
secworks_sha256,688e537e11a748d98145068378b20320528bb00fdf8a7bf6aa187707e0f10cc8,1,1,33,33
secworks_sha256,6893e71b2bb66b649a4b8adecc677608d89de281e634a9d235989850173822fb,1,1,188,188
secworks_sha256,6899a09cac0be12636664f24ed41e67a5fd65fd999f7e5ce3dcff608906c2e8f,2,2,1768,1771
secworks_sha256,68b60e49b04ea9261a815023135b3f6af2113f09832ec5e4aa36ac3db608fd6d,1,1,644,644
secworks_sha256,68c42c97c1da90959f3fa2ff0049b21d2918062495d586641c28421a6c295887,1,1,127,127
secworks_sha256,68d0a1eec7163ed5017ddbd5958a3b5023dcff589eb5d2d3624ce88137f0fac3,1,1,578,578
secworks_sha256,68d0bf1dec8a2c96ed0a726717ce7fe11db60ca15cc8b7d83df311caffd8de1e,1,1,876,876
secworks_sha256,68e3ba7dde191066df71b86b6b19206147786aaca76c87a559fe4082ed820fda,1,1,1380,1380
secworks_sha256,68f686a144ff86c0f5708fb497f8f90c317c6d09162fc2c2ec202d8ea673344c,1,1,314,314
secworks_sha256,6907b442ab52f0642e80c9d68e57571bd5ff6b0bfb36ac7a5ae0bc69a9e7eb12,1,1,1189,1189
secworks_sha256,6916712a7e3fb33689dda5ca7de53b1135731e02f21a12f95a14a025971eb79d,1,1,461,461
secworks_sha256,6925637662d16f7e0ef9a3871d82359b0ed3fbac4204877d44e242dbbdb34e9d,1,1,70,70
secworks_sha256,692c2c47139fcae0f6060b9a62735aadf66453cd6a401bbac76d384079323425,1,1,1260,1260
secworks_sha256,6933499b205c51feb73197d45baa31bb0512439f160c254dbbc7aa36601170b0,1,1,848,848
secworks_sha256,69436cc364cc67b4f786e28950a3a132a790080fddee332761e9140a3451b11f,1,1,1410,1410
secworks_sha256,69554dd4608562aa5709a2ce99400a64c75032c88cd1bf06d6bd96fa59a1355e,1,1,10,10
secworks_sha256,6976525a7dc408a59b5d6597491ca39877ec14869e1769659eb4444fecfeaac5,1,1,976,976
secworks_sha256,697bb1235b82958b746ebc060081657f32b9ab909a794213de598deb54eef96b,1,1,622,622
secworks_sha256,6981798af3e3e50dbcadf7dc172180ed6d937a297f2aeb806dba1a8cef1778f1,1,1,532,532
secworks_sha256,69c2c7c00ccda890e7c4b4ebc1e7acebb2b3f0be5bbbae6e8e1cf8d310a563b2,1,1,1057,1057
secworks_sha256,69d16c00ec94f76d019f5c76bcae3848da4cb857a02ffbb87d2689e314b8cad3,1,1,268,268
secworks_sha256,69d1e361c43690f6119d268458024108a1f2f067702239f3ceb08696ccb318bc,1,1,711,711
secworks_sha256,69e14d3f8cf48a669d6d8dda3dab55434bce6fad5853ec43743763ca1b39aa55,1,1,242,242
secworks_sha256,69e55484f5062f33b62e059879352472062d3aabb9b9fe484b2fb9cf6a198938,1,1,269,269
secworks_sha256,69eed30d8eb60b15863bb4533d6d31194f3992fb805282379de178fe47316272,2,2,987,1055
secworks_sha256,69fa030231620f1f6056bc77cd5d341da0772cc0c0db15bbe566d778185dfba0,1,1,936,936
secworks_sha256,69fbd89ed9958a488b8075f9b5361aa9f84ed5e129bbb4ef2f0c8afcfb2701bb,1,1,70,70
secworks_sha256,6a09bd8d4841b0beddd1e154d08841a99e39bdcb072026696d2a17ae3cc51172,1,1,248,248
secworks_sha256,6a0d06295d91338e5ff3e594e822c3f2283db59488407e9e2ccecb993fcf4f2f,1,1,191,191
secworks_sha256,6a1b63627feacd5d343b6593928f19856586e60e24df9a743059e3d9efc463c2,2,2,1032,1130
secworks_sha256,6a1e50b2ee1e348de32af9969f71e0ec92b574c57f5ece87c3dff4ee7ac3281f,1,1,816,816
secworks_sha256,6a5930eb8744613699a9f13773440bcda9017c077f3007298c722766bed424a2,1,1,1997,1997
secworks_sha256,6a865bafd35c90ddf7cee6a0dd509682b9076056c04e76ade82a264b560445b3,1,1,994,994
secworks_sha256,6a8e4b0f4c0f7ca9929cb681d4af313f1fa23d4a155e1031c4c625dc3447c52b,1,1,1043,1043
secworks_sha256,6ac4873d8db174c11f15c9b83474fa6912a31705d64a76798bb8a29d0ee98814,1,1,296,296
secworks_sha256,6ad702598e4c10d166cd133e5f5318c2a23292d11712e31d1cd946b4c0149871,1,1,419,419
secworks_sha256,6b1924e4d5befb722896a9e3345757c12ecf67552b4e4ff85753c5f40c9d6489,2,2,520,1261
secworks_sha256,6b485c4737fa279d3624782d33e9c3a729fd835f1e9c7e8b89f84ccd31c983ef,1,1,616,616
secworks_sha256,6b4e65217e1ee34abfe904757086076c17c389c19d853152cb81b0c9d9423af7,1,1,47,47
secworks_sha256,6b5e22f8449e7649e8159b37c650ea3d18ef4c9716851872e8d89fe62060db9a,2,2,517,1258
secworks_sha256,6b62957159e10bbbfe6552e28a638295e7b79cecad8901b8037d807db8cb3032,1,1,920,920
secworks_sha256,6b79b8102882f92d3315620bc8a17c3e53c1af2c0c37b29b8e646c3a485b52f6,1,1,1537,1537
secworks_sha256,6b8ec8bdf104e29fd8fc1887b155a9ff8ee18ab983139f4ee3591750dd005f36,1,1,916,916
secworks_sha256,6b926def67e03a3128f7b0ed8b650debb57fc2e2cb8ac7210240029449eaa49e,1,1,233,233
secworks_sha256,6bdf2f1d72fb0f596e0744bc23845983cb7c5d56cf6cd1bb28c979eee930dedd,1,1,297,297
secworks_sha256,6bee9a6816432bc94ec8c6a2c0b43cf63cc374084d4c98dfdcfc2c76ae3dca8c,2,2,1828,1856
secworks_sha256,6c0932741f554d7be20771e9020a9cd8d6b2afa84a5c4e1ce4fea0d0a20b22b3,1,1,177,177
secworks_sha256,6c161f3a09c511f94f7817a57bd064dd99c8a2283ac9635ef97478c57aef5a1a,1,1,510,510
secworks_sha256,6c2a82ef2a744a61f556cefc8929a74e1b3ebda88c437c6abb82ffd485188f9e,1,1,739,739
secworks_sha256,6c39207577bdabd16aae4e80748e008bd7259195d39dd59ac98d4c78433c6ca4,1,1,1944,1944
secworks_sha256,6c3fff27d5a0ac0baba1f32992579185e0780ea351afe7dde2cb005b7a235631,1,1,403,403
secworks_sha256,6c4f4819162bf8c4675b35dd4bcf89489c2c4191ec6d633bf476fd96dc114de5,2,2,1018,1116
secworks_sha256,6c605f62e0626007a93a598290fa351fa3be9b4af4fb083381d91c3e5a5e865c,1,1,1333,1333
secworks_sha256,6c624bf96a9126f194c78a549782796183bfa57dcf47e43fe63d0ed589398625,1,1,477,477
secworks_sha256,6c6c79f2df3be6152f77e1ccc7e71b815e4bccb60ae745d74b94718524a2b673,1,1,369,369
secworks_sha256,6c74e5ecf4486fda1f23e99ae24ce6182ed38536b4e8ab9774bb46c6ec145bb4,1,1,811,811
secworks_sha256,6c8fcff73f8cc6b15adddca7a6dde31aaa097fbfb48b22fbbfed1d6c8e9ff50d,1,1,1351,1351
secworks_sha256,6cac3968765d74dd101c0b3e43da74a37a9ecb48721ffec8663f7deaba79bc06,1,1,899,899
secworks_sha256,6cae53110d4d0acb016787345b86b79e6bfcedc7eecbea0932622908a0409fac,1,1,1370,1370
secworks_sha256,6cafa26711b56bf997b8358c9d5b942162e654aa7b2dd6e8838dd66b152c2d30,1,1,411,411
secworks_sha256,6cbb3ae0a6b9da8d9a9185287e990245c8833e30c79f8507c64d89bf381b0e59,1,1,1375,1375
secworks_sha256,6cbcdb8cc4bc58b3e7450c06ceab51bc4fd23b6ff75b468898ccdaf45ea8de51,1,1,1215,1215
secworks_sha256,6cc0cdb61965dcbec48c2b7adf6e74e6021e01c786d1002fccfe5df76242a502,1,1,776,776
secworks_sha256,6ccbab7d53cb05071ee075f9d222db7c722a00c3aa7cab32c12b9182332313ba,1,1,238,238
secworks_sha256,6cf8c7ab3e4228f2eb582faa13b15cf0a5b45059fbede8fb3956544b491f4e22,1,1,1373,1373
secworks_sha256,6d01b50f05a31110af81b553e2562876e10f2dfd2629f5d7d9bd6ea259a4bd2f,1,1,1320,1320
secworks_sha256,6d33c5fb53299a35a043f64e42c2a04eaac1342ed3081632b2841d37a4f2c831,1,1,754,754
secworks_sha256,6d3af37294a4c69bf3eb200e072fa6961e634a7e8eeb162515c564089ae66c24,1,1,647,647
secworks_sha256,6d6c406b7cfaaa9ace7c6cf10521d7196afe31f2c258a251140a98f9667d8cd5,1,1,837,837
secworks_sha256,6d958a873d98f667219d47ed584dc522222eccc56fe4d4a5cb5534073b3f8442,1,1,358,358
secworks_sha256,6d9ed07709075058f85e75f430c3fad480735e16a504b8f1e26ca67135acc007,1,1,575,575
secworks_sha256,6db0869fa213c9437f7e90c94a063baf3e52a34df76870a64ea864877d2f88ec,1,1,1338,1338
secworks_sha256,6db153f449ef88728a538cd5304ee6e8bd3873b5ec8cf7f58507953a2bda0652,1,1,580,580
secworks_sha256,6dd557d19b7fdd768e8150c43b2a5e3f74938bf3a3938f92b5805d89392ef020,1,1,93,93
secworks_sha256,6ddaec82f2309df72dd8c3ee7725770e94795f46f8a45053bc42e1bc2032d3f6,1,1,380,380
secworks_sha256,6de4e210cc0117e2ad60c09c2208adb53582a699f6f174f7f2cb7a83597edda4,1,1,1926,1926
secworks_sha256,6e6dc784cecf20bed1c49c60600e69e3dfbfbda91d0f22e55b24cdf05008b4b8,1,1,1951,1951
secworks_sha256,6e75eef41b2da7c107a1afd42fa334ada80308b76ad7dfec0ae77d4e7829ba89,1,1,576,576
secworks_sha256,6e7bf5f25e24271b26988790ec9b56c703523f7e085bd6b11d81391c14690a83,1,1,1522,1522
secworks_sha256,6ebc0b261619e87105dc82dfec622fbd36118059903b33d3098b4088bf698481,1,1,965,965
secworks_sha256,6ebf6b50ed78a81cd5137f1dd3adf6f51765a93406fdd69cf5336585152c7090,1,1,974,974
secworks_sha256,6ecf1c4eb58c640764cdb3e8a0817a4ef363065c9835a19afba5ca88311f2769,1,1,584,584
secworks_sha256,6ed184022931ee86ce40e1b649bbb3dd6a03c573de72ee6f9be726bf9c74addf,1,1,1095,1095
secworks_sha256,6ed907f74d24edf43a1ef24b0abf2acf87d3c4de8a36fdba16bb5d997b29feb5,1,1,970,970
secworks_sha256,6eeb40313d5bac7089d065b3ef9fc6668c8b59da3da274aebf3d563106d3f742,2,2,1808,1883
secworks_sha256,6efb21f6cbe1f281bf3531dbb3af5c2e595928bd971d5448699be6f329235193,2,2,30,1222
secworks_sha256,6f1a780657a6f8ebb52602b8c2109cc11d6118d3905bfaabcbceae4a243d9c4e,1,1,234,234
secworks_sha256,6f218f1bc1a8227446a803981f822ed7e3f02f4f728c820c4a7ccaff42de5fba,1,1,1199,1199
secworks_sha256,6f3094d64dc2ec02e579e6b2189539d77dacf134faf773ad016b1c76bf08eeaf,1,1,258,258
secworks_sha256,6f340735cdb0f9eacd975859a57f768ab5c68e97a6f49fe5ccac625a79f28ac2,1,1,560,560
secworks_sha256,6fb2feaedac92421c0564c83956d1813a3afa65480139278402ceb90a0e622be,2,2,539,1280
secworks_sha256,6fdd2c8e535f00348877b93a83aa7db8ee6e11e65dd1b4563e8c76a7f8053027,1,1,290,290
secworks_sha256,6fdf93729b51e0a1e29e490ac18b055265d35c98ff2d9fdfb742c6c86cf49925,1,1,1372,1372
secworks_sha256,6ff5c4c49b5229ac9d77a58bfabc27170ab1e4475b54148bb34ea059776df357,2,2,1808,1883
secworks_sha256,700912418af72c9554062edc142a89ba11d8968151f4b9fe2df39f309ff7b5c1,1,1,1324,1324
secworks_sha256,700c39a62cf9e5fcdc4b2e5b67ec4da6478d77a7261a78e6245ac44eaa6a2490,1,1,869,869
secworks_sha256,701d6b7f9b3871af4f27db53101bf9fcde1f6c0f3db67ea4de1f78ab7cbf05c4,1,1,1439,1439
secworks_sha256,7061874422edc69aee7aae5252eab75d998489beaf29c0c8a857b9726529269e,1,1,924,924
secworks_sha256,706aa44204567661f2c201d96aaa40a04073f7803b72b39588a8d8130e4275c9,1,1,218,218
secworks_sha256,707424dc5bbc8206ec501e4a389b94d9d9889d804ee2c15c4f011c50ef4ca070,1,1,1512,1512
secworks_sha256,707ca957d04ce0708e8465b770c6410cc257ce1f22fc1a00b8227cd25826495a,1,1,904,904
secworks_sha256,70926f561a4eb19578f97c26106c1ccd6f55b898f757d6986e970f504a65edd1,1,1,1435,1435
secworks_sha256,709341c2ac158c57e20966eaea035158901fa4939312dc83b9199a2dc1d9fa36,1,1,221,221
secworks_sha256,709a856c54b5c4d94a3327187074ba22ad2ed5467c83244db7e52097834de42c,1,1,784,784
secworks_sha256,709e2bb94c714da845828852666f210d7b97ad45809ab961b19ffdd85b25caab,1,1,417,417
secworks_sha256,709ebe5e3eafe651e1267f795dc60add4c9388ae48cb144e0c5a6db4bdf7a0f2,1,1,1425,1425
secworks_sha256,70be88acba0ec5f8b175202f3da0ad8746c2e45826160181c7fd36b4b66487cf,1,1,490,490
secworks_sha256,70d23a7676c71a75a80b15f3599e8d4927de19ecfd0afbbd6e3934d6e810bf37,1,1,875,875
secworks_sha256,70ee2edbfd4c2083edb5867add7f3a12cbd7e187f8bbd2ba6fa65ade8cdc1228,1,1,504,504
secworks_sha256,710646d88332eb94489e753b9755a38adfb4493b158bfda60c16316c49a5ab00,1,1,1468,1468
secworks_sha256,711580d60c423007e8ddcb9b0fec80f4c33fb19e0994d16ed75dca9a74715276,1,1,969,969
secworks_sha256,711815355e2f59b7b71f971cc92bd201413fee71b1cdf5be11fed9520fa37c28,1,1,387,387
secworks_sha256,7125dd6a10842100f4fedd09f866ec633fe300b9c2c29d11800f18084f8ce8e2,2,2,1957,1960
secworks_sha256,713bc679808f089bb637e754bfc56a9251c456e1ecdcd4d2c81afed49d03136d,2,2,697,1154
secworks_sha256,71540823fc7544e170b2e2bd7baba722dd54e2f498a9dc64d80d133a38c94dd2,1,1,1599,1599
secworks_sha256,715cafb4ada22a147b8c14aef9efc2be106edad4a70d8b52aaa4e2e602216f6a,1,1,88,88
secworks_sha256,71734bde35a12232b53104a3271ea0f6cfc27e644aca61113153fe5649b9ff8f,1,1,1249,1249
secworks_sha256,717f50ad80552ff1365b470ad87c0e984ab56c541ab40a7cff5081c55dfcb87c,1,1,1748,1748
secworks_sha256,719c925041146a46be20aa6b4d9594b0573e960cff48718b9dbd943e2c26972e,1,1,674,674
secworks_sha256,71a48cf897fefacee8bfc36b8ffd5d6bf29baedd19a39eec3636026f19d2a207,1,1,1232,1232
secworks_sha256,71d527a7e382cdcddcf193df934f161baf91584c07f2b2968d67fa656031a574,1,1,1016,1016
secworks_sha256,71d83ef942ee5afc861e0c21830b44a1c0fadefd6def74f26b21d1a739b823c3,1,1,101,101
secworks_sha256,71e15f69fa4eda56f5708362999c60e50b9625298f4d570af166334493dc1ffb,1,1,1520,1520
secworks_sha256,7208c79cd211070661c2eb41680bdf0f3d648e629d066b94980240d40e342243,1,1,629,629
secworks_sha256,72191e3920a6f35420f35a6ae47a08f5c07989c40c1a3f12bc487bc266726c5f,1,1,1259,1259
secworks_sha256,723d74e7ad3f5e3c7b7fa68da24132b06ef364b2f341b524999aae3582b294ae,1,1,1396,1396
secworks_sha256,727c316e231be280af4540ee0ad6c17c9357abe6652010524103852d4d4656df,1,1,866,866
secworks_sha256,7286bd805da361a551b5155768949a28a28824d257ef9f1391385f0aecb08071,1,1,1528,1528
secworks_sha256,72b9168209d814cfc948fb6b663f4d54a095d6e370c33496d76101461e4016b9,4,4,1559,1668
secworks_sha256,72cebeba6d769b64526ff4a9dd7ea8e30d19940105806306c64967c79448ae75,1,1,109,109
secworks_sha256,72cf55d2faad390742bb2d905b092b07cd106611b7d9a44b181eb241958a37cd,1,1,1081,1081
secworks_sha256,72eeaf877fff0d0c595a93886e60af820cff3b718521e85dc6a5c46a2146fafc,1,1,651,651
secworks_sha256,7302cf0e9aafd497298ef5c22467df9d213a5c4908eb1c7248214a4001b7997e,1,1,911,911
secworks_sha256,731809cab1d5f155713adc86381be9d936ee03dab5176518399d9669b9426dd9,1,1,987,987
secworks_sha256,731c628ab407ed809862c5144aac921c101c989fc2c7db074f220fb8d26a966e,1,1,157,157
secworks_sha256,732101099d8f05f1b3bda6460fa81a921ba29b71ce3319f30f12518e4501bbd9,1,1,1235,1235
secworks_sha256,73340b480224488b9cfe91211c2b4c458c8864cec456d46d174cd65f458f032e,1,1,303,303
secworks_sha256,7345e7d6a257779e8ae8f8f04b8755e6fd882457ca4407f3103cda20a1d87abe,2,2,278,1183
secworks_sha256,7354d90bad05bfe3103ec938610be1741344c17d7fe92b89ae1d61229e8e1475,1,1,1438,1438
secworks_sha256,735b64cae1cd1a1bf9181c8c25afc01e661f6a0d82422dfd8367168d55b47f5c,1,1,181,181
secworks_sha256,736799185b31371f613f9b8514d16b30aabf495f583b2f41deb5eb79a4a6d3a8,1,1,1133,1133
secworks_sha256,737530df1483f7d44bc7faf53499e88d6679f0d19650a33a0e1e3a3108953f85,1,1,546,546
secworks_sha256,7376ee103e0a168be315c93d2e92d86d56362590fd3e4797de4ad9654b33b603,2,2,50,1086
secworks_sha256,737cad99a52ec93e09754f858a00683134806216f9559d90793067cbb9d559c2,1,1,1529,1529
secworks_sha256,73a9c9257347569b660b4bea36ba8c081a0cbc22fb34a43aa06fae66c77e5d01,1,1,414,414
secworks_sha256,73b802fac00367d5a1b9bbb1d855e6002ddf88bcb1214f0b1be69201cc7881ff,1,1,1263,1263
secworks_sha256,73c3105d3725d6cb750e06d882c8bdce380928b62b5642ffd4e4af6d5ee96225,1,1,88,88
secworks_sha256,73dcc4ae3069e9bc5a6857678613c39c1b99d4629a9b5f19c95b3b118602b5b6,1,1,985,985
secworks_sha256,73e83c76701cef44db739376652cb1a927fff0bd6cb76bda8b4f4c86fa44ee38,1,1,1287,1287
secworks_sha256,73f2c08b99f899dd751e844d506cd8de5525ada0ddeb0e9c093c78485ccfe193,1,1,469,469
secworks_sha256,73f51786315dde1335db91ae1e0c9323bab5f8fcf2fd0c8f95f4eec45f250cad,2,2,543,1284
secworks_sha256,741a92ffd5c45f916b9af38163b3f8f9f529f8d7db05e10f3e58a8e17a95734e,1,1,1506,1506
secworks_sha256,7420c37a988695d4e9f130623e6cfa76c424d4f46bc60133a04b3e9bb4f0d45b,1,1,1185,1185
secworks_sha256,74249373f34ef7ec7eb0360c282e74b706e5b9aa6da94d6e9eea10c18bd65e14,1,1,728,728
secworks_sha256,743f2aad261741f54571180ec2a2e8d51dbc807033535ff6bd95b725a9a3af90,1,1,935,935
secworks_sha256,748339564ac4b960ad5ee14f26242e02ae76c66e3db6eec46a6b9a02ce2bc48d,1,1,161,161
secworks_sha256,7489be0f550c58985fad9864b78240a3caafe325f09e489cdec676d359f8ac15,2,2,38,1074
secworks_sha256,74ac58c6327c4b538e5b973e39d9f2c83fc425584940718be6d598cb11b1752d,1,1,1530,1530
secworks_sha256,74d5a2e71e769ea9d747442591c4fe3e8d508a35dc401cbbf97487dfc11ac6f3,1,1,1070,1070
secworks_sha256,74e367370911e2d9bc4cabdf02a80a23172a4cd5f6118b8f7fb2e8f1035fbfa3,2,2,1604,1605
secworks_sha256,7507f0f8992f90ad32e7d4ae2e193f2a3f56b41a0f111cd1dbace8e664500d81,1,1,806,806
secworks_sha256,751a1aeb939891518cf54ad3b6cad01c0c188bcab8f8dea2b6f9dc33dc0c4970,1,1,1964,1964
secworks_sha256,75368a197337aaff2bbc2f0b0fbcdd591d6db2652e7754fa2763ef9bf8a314d2,1,1,162,162
secworks_sha256,754987cbd36f2128a997cce64130c4f8f267387665b383d634e49338f6f2a922,1,1,416,416
secworks_sha256,7550b02a00c66f206b5c6c88b9ba6c8ff2c56187256781624d053e8069f907dd,1,1,1252,1252
secworks_sha256,7571209a08e5186f94f3ba6f99d58093c14b73f8d3e4586decf14d82876a43ab,1,1,400,400
secworks_sha256,757f0084f52bf922fd5e595be24fa4c4acc6a194237c193338a4810b4e509270,1,1,231,231
secworks_sha256,7586666dc8051b852a19a6eb0b8c9d4ae04cc75a7a0dc24fd77f5199fad21b9c,1,1,967,967
secworks_sha256,7588d5dcc1079155c1bcf3e9e9947954d491fb699b51bd029fc58c6d780a3579,1,1,1327,1327
secworks_sha256,75ac080d7ca34bffdef43ee8502eb3457dde177f5d0a7b1009b60e74e8cc0471,1,1,598,598
secworks_sha256,75c8327b0be9bef2f74eaa92ac92c9e2e826b68bd106aeb970c1ec01c7716575,1,1,1891,1891
secworks_sha256,75c832a08ad510b4060cc8bb14bbc57e265779ed1547391e925768ce66b8a5e3,1,1,347,347
secworks_sha256,75cb687fce28ed8c25730bf07adcf845b9f90f348c20f51fa32b0e9189580fe8,1,1,391,391
secworks_sha256,75ff283cbf35be9eb4bf3d475c389815f0155709f686964295449bf98abb4588,1,1,2024,2024
secworks_sha256,760b14c302f76a2f1885be67f1b142a3f0b8944110a610524a95d8187c2f0b3e,1,1,85,85
secworks_sha256,762859e9688fd63c2adddf88f4ef2161b218b25075c755441bfbf760258e5ae1,1,1,1326,1326
secworks_sha256,7657034fdb4bfe8a168eb7ddff1124c64a6de584b1d453bd0e854cc69016a22a,1,1,857,857
secworks_sha256,765aae243b7305eaef80a1ac63156ce4c5ea9ed19931d4b254a2f89df1ee250d,2,2,1587,1652
secworks_sha256,7690099cf59973b92343eb29938f7a616ef74b4c1c568a8b837d8b3a7145a793,1,1,1245,1245
secworks_sha256,769484ae0e897a171b435e669f1502ec8b2d82afd81a2ea6248a81e51b98846a,1,1,224,224
secworks_sha256,76adf9491ecf2867095af41ab503dfbaafcd4bb23cee85f1064a52effc9a79af,1,1,782,782
secworks_sha256,76b03de75983662d40bc6a96ac12cb51a184ed524ddc7a9d24c822ea4334b1c4,1,1,1738,1738
secworks_sha256,76b243cebee1cfc49dc68d08da5aa39b214af1a4c73ca21d02c4e96e869ef81f,2,2,14,1206
secworks_sha256,76c80209d3882dd31f8ea4bf44b4c00c124c6b63e2924dc2eac55edc582301d8,1,1,418,418
secworks_sha256,76d5accfda76766a94767d49e552d89ae51dfc4f62b656b1d79946e99b662a08,2,2,516,1257
secworks_sha256,76d6d782c8280b6ede8170c1886a4ba563c20c150d7f3b255e5efba1bfc6e5c8,1,1,844,844
secworks_sha256,76d764d2627c8d547c0c993b698f93ab0b5492acf21ecc113939a73dd4532dbb,1,1,1092,1092
secworks_sha256,76ee53218f233e3b3f132cad8b3ce5a7f44de6c0b6b1e86467ff268a9690f4b2,1,1,943,943
secworks_sha256,76efc465801d5bc934d3db39d78a4f64e854fea7755c556afff7325f6ab4abf1,1,1,212,212
secworks_sha256,76f32c07f952047a970d8b8f4cd215dd09dceeede92ada781132071fb4ee3c14,1,1,1902,1902
secworks_sha256,7712bb6ae1c2640236fcf67142eae386b6e0d303607036fb094f4e34f0062fae,1,1,13,13
secworks_sha256,772dac98f493ae0de65e2e468cdb15b618ddabf31b3acac5bf64ebc15c38d1bc,1,1,942,942
secworks_sha256,77cf40a8ef34a15893f65295eead96a3add087a2ec36a045c7a52335ed12156f,1,1,1007,1007
secworks_sha256,77ddf8d3980e9dfc7aa4d9865fa1ad531426cefeb5c65ac3a69d77d33d3753bb,2,2,19,1211
secworks_sha256,77fc3ed07e034694a320fb00e7733aa2e1515d48b4a913fb81dbff762ae3e6ec,1,1,1427,1427
secworks_sha256,77fd1ef3ef75e63ce01511d6663993e9c7aff6bedbfb616e18be28af203dd10d,1,1,1014,1014
secworks_sha256,780c53923ce974243d9c73319d656cf196f58a008c50e9d2565b8756f66851ba,1,1,200,200
secworks_sha256,78238390441723dec4c3b7b6a4eda8ab5ce36b742f8bbf4076b7099f7ff58d58,2,2,18,1210
secworks_sha256,7825958dae9a6ca9e91a040cf0db82c16a53878abb931dee774ef8c6dd25a009,1,1,1473,1473
secworks_sha256,78269fdf70167b86a6ec2c395be938d2207e3714f45cec757364c375c8096288,1,1,431,431
secworks_sha256,783e888e6c078b7db9e431f135ff7b1312d07ca0ac3ea2861927cde5d9fc33bc,2,2,981,1049
secworks_sha256,783fb3fb4df42f3a5b108517e687f32173d0f7d8c21953b27908dda927df7c48,1,1,1417,1417
secworks_sha256,783ff5ae6cb7605030afc91c42d049773ab47f9c1b1f7ce90b1e3f6df1e54413,2,2,676,1133
secworks_sha256,784d5bb5c1978f42d3f8671c1cf3ec6ed8b9e4aed09f60b1d42becd907a39cff,1,1,567,567
secworks_sha256,784de1d532d9e844b7b3b32a4558d133fcff558ffd496ef2400ae68b79a74996,1,1,220,220
secworks_sha256,78834178ab134dbcd314ada25316e37cb7acdaf2980cadf3823ac9ed27ba4026,1,1,798,798
secworks_sha256,78c90dda0d69bbb1158650459ce4a8229c937001a6c2ef7966cbaa916dd49ba6,1,1,72,72
secworks_sha256,78d0b2e994a6e215845a30170ce35ba3ee4b85b2dee1ad1d618031b03b75ed12,1,1,492,492
secworks_sha256,78d436423e247fe1cba21b995eb458de9c1853c39f6fbbebc3a6d63551ec21c2,1,1,801,801
secworks_sha256,78d88331e242f54108500b4c15d8f42bf53f4b190a10d4e7ed26b4ce9e3e8967,1,1,1739,1739
secworks_sha256,78f40a2ffc40d32519188359dab4f220479711fc1d9d260a9ace65801b242212,1,1,562,562
secworks_sha256,78fdb0770433b7c2a2fbf1c3363dea44dbdba71f65080a585b8f7847dd1ade35,1,1,285,285
secworks_sha256,7910faac198beee1273080b4e004500eaff2a92187f39d67229948fb88342845,1,1,501,501
secworks_sha256,791a1f54c68e61fce13df209eb01758d50ebbae546d97725084166116e3cb8b2,9,9,1563,1663
secworks_sha256,793fa6a92745d34f5ceb4fd08bada73eb3718b0fbb4fa84ee0f74991dbae83d6,1,1,216,216
secworks_sha256,79592f38f72e633e44740db68adddec103428d9eda5e25d2193ce5e5c6f773b0,1,1,91,91
secworks_sha256,7974ee83d4104ca8a7d6757e764f9751b7f380a76d818a9ada54c50c74239382,1,1,879,879
secworks_sha256,7981315c6fd49027a4066be9335a57bd8c5f399937d6f8013a0325a8cce5450f,1,1,749,749
secworks_sha256,7991b55c9d6d23af50063bae930814660fb8a12ccef7677c2c9b5820d76ab9cf,1,1,1049,1049
secworks_sha256,799ecea34048b6b463d5c1bfc74483b89a72f45ec65fc1900b425212fcfea61e,1,1,348,348
secworks_sha256,79b1d6f074acb85a621a5d0b1ed82e8ac594b7ac9b3cff2109f5dc8d74d79008,1,1,649,649
secworks_sha256,79b43ca5dd59c9c195b89ccf6ae64ba95058231fa939c88f02e1ad36033b3a8c,1,1,1370,1370
secworks_sha256,79d17befc4f9bdd37305c6a3615bd063ab51849d986422a3be691aadf3eb6147,1,1,1908,1908
secworks_sha256,79f61a4046a61554a96311fb139c8ad6e6bde30116ca3818307ae5e405482cb4,1,1,1738,1738
secworks_sha256,79fe7899f373c4d7ffbda0c9e2ba9594eea128dc22848004c3f42b60f3a022b0,1,1,576,576
secworks_sha256,7a0e15557da5d168fb56e1248e208ff5efef89b80959c52b28b6c0b10e43d65c,1,1,236,236
secworks_sha256,7a14e565f2a21bf1665a4f59664ac6a487d4774a322b63591bde64da52a4a405,1,1,709,709
secworks_sha256,7a2aeb2d19c24b18571f5766de5382ed422e38d53808c2ad0c91bfa42a57d69e,1,1,636,636
secworks_sha256,7a36e22733ae97edeebb511c20b2c0a82af80d79b68158a6afd3aa0c1398c4a7,1,1,197,197
secworks_sha256,7a414475a6ac88e50d982eb9e86880519acfcf1a1ff3fb986e9cc43f3edf0625,1,1,1940,1940
secworks_sha256,7a4f7b66712cf95761484b638827f675777ee1ccd2a985af25b846792cc88a16,1,1,379,379
secworks_sha256,7a5452c3d80f38e157482c3e7278534608e0ff6174ce88122167e9aa6ad3581e,1,1,426,426
secworks_sha256,7a7cad30405d8895678f28660fa868881f4771d1f28c36acc5a6c8d977e32990,1,1,118,118
secworks_sha256,7a8116de1a0f0ab9e90b0fda93f517fdc6de95733a004a8745c132755f33d1b1,1,1,813,813
secworks_sha256,7a84e1e3cd88bfb14639bc13019f2e91d8ab07d67f702a71b17fdc9319eb9d51,1,1,397,397
secworks_sha256,7ac7d3b84a3abcf93446da70723af3750ae8152d57ff94f7585e90e7471652f8,1,1,191,191
secworks_sha256,7aca4cee6d2a8103c2a8a5524eff9b0dc22ecd590b278bf547e98285ff444e95,1,1,479,479
secworks_sha256,7b0362336c473e60c291721d609c8bbce3d547f6929a1c3d1b8b18add6e1a422,1,1,126,126
secworks_sha256,7b04e7f4a526e42d9821a13b66c7bc15da3318a1c9661f3c39c1f15b83226a67,2,2,533,1274
secworks_sha256,7b0762eb0838db2c32727bae1699163151f26c315a46776cad140aa70db42485,1,1,247,247
secworks_sha256,7b132dc87aabac024b7462415ee4b9a4390b7dd5d4a14ae4ba0cdd7b080d6bba,1,1,477,477
secworks_sha256,7b311ff3d7e6ef7be32cde32212ec1954879dfc5e3b6bb0bc7bf235cda631004,1,1,1172,1172
secworks_sha256,7b395ae200d2c72087d8055e2cefcd64a114b513e118e29d3ed49bb2e3b339eb,1,1,880,880
secworks_sha256,7b4c42142dcc4fa190591acdcbc097028b120c40d88a12972f6af66cee6fd7ef,1,1,80,80
secworks_sha256,7b500610ccdb20a143adb0e46fa52b2cb34435ee334084754539e968b8b76bbe,1,1,538,538
secworks_sha256,7b57182a89016e57abf9ad0c2cb79a6ae793ede4569d633f0c8b2c6318433195,1,1,785,785
secworks_sha256,7b58490567e9951f733c1e0c930cb1f01907c86d258a20f69234e8b36efb9e6e,1,1,843,843
secworks_sha256,7b61c73afc4aa889e699db36ab0a04430eb7509ba04363a667704f19785dab05,1,1,32,32
secworks_sha256,7ba916235495a5cebc59875a12f0a7f140a3bc17dd3ffd712a6b9738ffb8300a,1,1,1446,1446
secworks_sha256,7bce91d9dfd596e42d86ab270db963a7f29521ca5b9dfa1982154c4dbe3cddfd,1,1,928,928
secworks_sha256,7bd4dbdc26f63af3786d9aa1405a0506f76b06721c05688b7c9f525e5ab54530,1,1,1029,1029
secworks_sha256,7bdb11aa238d03dfc81aa714d46c4f8ead91e3c6e62dd827b9cf52cd8833d23d,1,1,143,143
secworks_sha256,7c07072860b8d6accae44c7402416c0a3aca09fe02e1ab4662367d12882f1d32,1,1,373,373
secworks_sha256,7c23108ee050e9104bc76b5a454cd26af0c856dd73ddba6f3f67a8c3e8de2a72,1,1,518,518
secworks_sha256,7c2f11c730eb962b22b9d8620d50031b16c8da02075d9e63ffd17b5bbae4ae5d,1,1,1252,1252
secworks_sha256,7c431cfe9be9a94886386f3a8755d039e5ddd221323545609a761dc72efcea76,1,1,706,706
secworks_sha256,7c4c9021185429cdd1a718daeaae04ded2108331f5bc297407095381974d6d16,2,2,524,1265
secworks_sha256,7c6736565a28421c6b59344a03f76b010615f2d6370c4360f36b7e43ec5d0578,1,1,719,719
secworks_sha256,7c87b37d92cc707b81f63a66e33756c906cf53084b7b1643fafc73abc7b6f44b,1,1,1327,1327
secworks_sha256,7c8fbfc2a07202ce098f3bbfa17eebc32b32d7225932fa127b854cb3d7bc3b56,1,1,1374,1374
secworks_sha256,7c907aa88608f9e015ac67bd41b2b1716228a0790d515d6d5618c4ab9dc05918,1,1,406,406
secworks_sha256,7ca527c3a0f2b9517684d0236ed85595a182f39bcd4dce3cf5c815763a822011,1,1,312,312
secworks_sha256,7cab99395374b2055c5039ba3cec48efc306ad7d2bef327dee0b1e8ef3726ed4,1,1,79,79
secworks_sha256,7cb02f4454a66d39f1e91afb5cf2ffb1b58faeeea27e915c23ed4ba3154fda74,1,1,1351,1351
secworks_sha256,7cbea46e4e0a2022f8006f3bcfc4a817f1f10458127dffe6f3f548523069c084,1,1,130,130
secworks_sha256,7ce572fb2ec2dc7e5a900fa8dd08ec97b74cf5d7de263f6005e51c83af980b95,1,1,1295,1295
secworks_sha256,7ceac58d77f362aed3012f338c3ff6740649ccce2b947606a875c71ed22df2dc,1,1,494,494
secworks_sha256,7ceebc4e3e2cf63f3ebdb6f7e98a49777d8b36e934d717438d637a83daf8830e,1,1,498,498
secworks_sha256,7d146ce6a11939744a59f30417025d25f1ba3987402cffc69783703a928505f9,1,1,115,115
secworks_sha256,7d18466fae860cdb1332bdc4e8262293bf23f86e4fd044dfb6646dba0083c6c5,1,1,998,998
secworks_sha256,7d20e8c9446e584962d6f802c8974c486599aa7293e42df4666e8cbce41e3bc4,1,1,343,343
secworks_sha256,7d273789633c02e0b889397cb15e0db94039e0a370a840bf1d1a2f2655e138ef,1,1,404,404
secworks_sha256,7d3da1489d2443139834eba0f117bb67b05308416a0677c643034150fe117848,2,2,361,1517
secworks_sha256,7d5298d6e8affced9e84e376d89bae9b1a0091e79db19e0b14396f78fbeb78cf,1,1,1459,1459
secworks_sha256,7d574fdbf3c50ca1a898acf8ea2b2628b3d37723f17f19943a584940bfe7b98f,5,5,1700,1882
secworks_sha256,7d5850a8e9ca7a968e798e1916df3560e74f6e241cba4ac32c0426a4b014beb8,1,1,1078,1078
secworks_sha256,7d60b36f494122ac0dddf870d50ed6e700df1cab69166ea84a1b54189d51b58e,1,1,895,895
secworks_sha256,7d732fef91ddae83774c0eb76733f2a219e24dc9814d9ff64534e6bcb1f7568d,2,2,42,1078
secworks_sha256,7d9acf65ca8615b157c5bdd8e81090f41f55eca0fcb9cb325b7d16dfbe7c37f2,1,1,536,536
secworks_sha256,7d9c5446459e86005809bb208a505f353d367de6579f8e2c9a14b8a643a0bf30,1,1,846,846
secworks_sha256,7db3a8b6c3939730abd82af0366db3bd13e511e11f885c16b4a1edfd19b13ccf,1,1,305,305
secworks_sha256,7dc5b10edffcbb6a6d4bebc5ab6497d8efd53b0f3c9534455e74c7e39edbe6f5,1,1,1088,1088
secworks_sha256,7dcbe9f49ef3292828629c3b08b1cd135b9c743d167131bcf9a534539bfc63ef,1,1,1518,1518
secworks_sha256,7df0fb822b1cb39ad0e09ead8efef1f6ef3614e869624dbb96d8c30b8fd64227,2,2,1802,1833
secworks_sha256,7e16aba814900bceaa726818012275665758c6ad54e48f5b0b9c5aa555b91f6c,1,1,927,927
secworks_sha256,7e34ff9265226d83947a53978e5c73ea16ddbf7f11f4e79bbbbbfd27d089a150,1,1,147,147
secworks_sha256,7e3f0bed16c78157a40df885e9ab6c64a6d310abb16ce8b5266fbc20c2222715,1,1,478,478
secworks_sha256,7e4c844b5614a28ca3a03f8c3364eaef1a5dc757a860a5e87135782403a7e288,2,2,15,1207
secworks_sha256,7e583b6498d9ff39953fd26dd0e104c902d9f33219fa4b4b9f59a32b9236b6d6,1,1,1518,1518
secworks_sha256,7e65201332fb358d35f6915f9c107844ce99dfc1e0bfff336a7bb5dd3124fcd5,1,1,824,824
secworks_sha256,7e671d33cc60ff42b51ac7df7ade793bafb5f95cb79e13de49a752617664eb1a,1,1,1234,1234
secworks_sha256,7e8afd6aa2de06a23f681e50230719d9ebcbde6d42e9ceb7383e98203b58b5f4,1,1,1982,1982
secworks_sha256,7e90547059e725f78ebd9e7719c667bbc140f8321d5193f3f67a61b6b1ed6c00,1,1,1055,1055
secworks_sha256,7ea0e4673c313ddeeb38f9ba3c2dcb0710166bc7c3dd3d4724799056f3da36cb,1,1,833,833
secworks_sha256,7ea9b8418a1affbd4b5a0b7a076bbe997cbf0cb16fdf0327d15cddd6397f018c,1,1,816,816
secworks_sha256,7ec5c13935bcae64471607b7db58bbfdfefe5f3dd4bb13d74b5a9d655c8fddef,1,1,1482,1482
secworks_sha256,7ecc100d3ef5e1d7d2a11dbb5c74f323f630ffbdc32a4ba4de86cd6c7162da2b,1,1,1299,1299
secworks_sha256,7ed7cd9b5909a34aa6446dda90a1a442a15804ae455f6e9e8cb095ba46a24ea8,1,1,1155,1155
secworks_sha256,7efbc111b1658f84c8e49405a4230d8381a571af1b66b7d51c79967256978608,1,1,211,211
secworks_sha256,7f2de15251c5057084e623ed6be49f409c580ff34a021e41da42f7d9df7e045c,1,1,1329,1329
secworks_sha256,7f372d48e636bc17a3c96300e2d3e8988e9288703b6ce3951a921f6be2e96cf0,1,1,566,566
secworks_sha256,7f3efc6ff0dab68a641cf09b00addca3e80002f0477b53edd55cfa094bf6e9ee,1,1,168,168
secworks_sha256,7f4f5b06ebbf53eaa7f28b654741c5eaefd167e50cbe6e1b4a3f508cdb6ccfd6,1,1,423,423
secworks_sha256,7f56ce02f8ea35b3bb36249fc9f660c133c89dc3bf04a290cb18138879e32c8d,1,1,167,167
secworks_sha256,7f7bc5be56bbdda5757053e58bea95eac12399a4736a27a95f8440d22a79c08f,1,1,863,863
secworks_sha256,7f8635d37e9971db7deb3401b63eab1cab73e56d10e4553fdd41e598ee42f9fb,1,1,12,12
secworks_sha256,7f91d599eb3b0f14a5b48124fa2026c9e7e2dccc924d295444031426daa3efc7,1,1,71,71
secworks_sha256,7f976bf018122d52c614a975c1ba7ace819bac81b1850ec581493dade956d221,1,1,1527,1527
secworks_sha256,7fc0a454edc4f68d4feda794017245481a128a85a01697514147d756779540bd,1,1,969,969
secworks_sha256,7fe62710de7e6bdec7dac7409ae80f38811929b2f0d2995a3b4681398fe932a4,1,1,1359,1359
secworks_sha256,7ff7a0cf20c63e0a293a63393714e8f02fbf70104410bfbc3920479045a98052,1,1,214,214
secworks_sha256,80083f7da9a5acd1e6f8001a644399aab553283f07026f2bdcb9b733e3cec576,1,1,1108,1108
secworks_sha256,8021b27d05cedad7828641ad06a03775060a32fd156e37989d0dea8fb29cac68,1,1,1349,1349
secworks_sha256,802ae79bf3ff5577f79d20e561af140cbe0a4fabe477162f47db339c2b2d1ebb,1,1,648,648
secworks_sha256,80442a246a4b2dbb4c99bf387a5faaab8ebbd06ba31225eae47ab2f0883c297b,1,1,1213,1213
secworks_sha256,805318b91f1e1d65234edcca4d3a7e341cbda050beb8e514b26eafa680133e8a,1,1,1298,1298
secworks_sha256,806544c6d4bf811587903c5b3e15ae225a0bd157989f0fbb7b7c454ae331d7b6,1,1,419,419
secworks_sha256,806f1e3635859c2fa6df6e2b252e96e99acae912399a4a88380ab802e221b1b0,1,1,246,246
secworks_sha256,807cf0002bafd27c19adef6dba2a5e5f0b0c71253fd534c738d536177f5e9a1e,2,2,1777,1780
secworks_sha256,808c20f7b7beee8090ccb560860836915f944d8d29f717fd8d487dbd6a8516ea,1,1,295,295
secworks_sha256,808f209ec224ecf2e105bc0ff6744c5ac31f0982b44593172e7002a1ca24286a,2,2,285,1190
secworks_sha256,80923f1eafb05514b3a98d833286ca60ae4993d79298309378f8e70db714884c,1,1,203,203
secworks_sha256,80e0576b2928e418e5a2121b6a8470b98e0ece68c9e19f7345f63f09891016e0,1,1,1398,1398
secworks_sha256,80e780b37474911249b8a09d1b4fc2f140824676275d9c1dd398ab403eef0fc3,2,2,1975,1978
secworks_sha256,810d3b3652fdbd648c363d3b934d9d43c2c92d0541910069c5efc3396a7a7e73,1,1,427,427
secworks_sha256,8128802bfa6544dcf63ad1f0112615230ea19ab53abd5fc3cec15b5482006236,1,1,354,354
secworks_sha256,81557dabf1157d3e31028886b9921b3cc490cd5e36441c1f55897235e5a74f1e,1,1,931,931
secworks_sha256,81700bc391549663f8ad3bf296a5c16848d9d18bc24df7f1ae518c67b0643cfa,1,1,336,336
secworks_sha256,81896490d027a4b33e1b0331dd68d1f6cca5ddf0b02a9ede7d093d8e38fb1eca,2,2,1975,1978
secworks_sha256,819b6b869d1b2d3da49c47aab6050774aff711037882643acbecfbb72b009e44,1,1,1406,1406
secworks_sha256,819c5d0607ba3a98b98b8af9720e96283111d625a17476e4ec64d2bc6fd95797,1,1,1373,1373
secworks_sha256,81b3b73962283b0a952dbe183a2eba237b3cf4a547bfcd8940e09315c2c0e16b,1,1,751,751
secworks_sha256,81b52d160f66dc1d805c9c54b50a20cb5daa5e988c1607e7993f9081c431e206,2,2,1706,1872
secworks_sha256,81bf9e66a526786a3e5295f6b36c67618c70ad141d5dac9c6abee472e6d60573,1,1,325,325
secworks_sha256,81cf92ebbff5db516a0267ec2607467c217aa62619e99801db9f20defb951b0f,1,1,955,955
secworks_sha256,81e4156737d416d3de6e50f24b1f0f691c273d49617bebe827d5b9bf561951a4,2,2,698,1155
secworks_sha256,81ffadfbdb3908826031b3218d0f2ab6fef043c96b67cbf4be9affec346d2b0d,1,1,506,506
secworks_sha256,82264c54b856f1905547070f8fa46f6aec0edb56417ffc2f9ed1d9015d396198,1,1,507,507
secworks_sha256,824a0cbe8456c6e92cd5776f8cda2380239a2557e0e6722d967f87b6cd8560e9,1,1,675,675
secworks_sha256,8283aba1f357ead3affc13359165d43ecc552e51e3504ca021126732c599176f,1,1,1297,1297
secworks_sha256,828dff509a68cd085a7a9296c278b69b158a534fd9b8b7ffe5ffdd531cb6195a,1,1,56,56
secworks_sha256,828e79c5574de7bc5283d8742b36ba196af632f0d286a95e1058a120ed327fb4,1,1,728,728
secworks_sha256,82b6c64dccf50965d549ba8031e052e683a9f88aa4270007b5ac70ea07771ad7,1,1,1305,1305
secworks_sha256,82c7d6fb2345ccdd70077e68fe132115ce9b0928979be413bf1aae608d2f367e,1,1,329,329
secworks_sha256,82e0552fbb4f3de283ed3c861e5a50b4da652234e28604ac2e8663e2f3779820,1,1,1181,1181
secworks_sha256,82e1c5b2b31ffac03a4c0d5cb0018beef4c0f7d9d44a3a39b6ff3cecacdc9cf1,1,1,1453,1453
secworks_sha256,82e6bd2238feff00789e5c1cf3cfb2c38969d4eaae8358cf1a9129afff4757a3,1,1,1364,1364
secworks_sha256,82f10773f95ba75ebb583e14a3c1c6c0172679e58e0ee75cb276ab18f271f1e7,1,1,1415,1415
secworks_sha256,82f20b9d7dd21753a6d20fc3c6a9d723d7416ead11b9e315cbc85e542feb304c,1,1,689,689
secworks_sha256,82f5b15ae6acc735e60ab9e93d34d2710e2ec81dbf9ee0f6f4861d5541f7d515,1,1,1400,1400
secworks_sha256,83089457ff709e79dcce7848b075bede6981bcb7aa38ad5aa12d4fbcb709dc89,1,1,1131,1131
secworks_sha256,830c34f320fb8d72cfddbc2ba00d2fdf7880e692d4e174cde5f5423a9452e75c,3,3,1570,1618
secworks_sha256,8311dbc4e6699becfe5b95003900175674c8f5daa8d1df39d65e07d430d53089,1,1,731,731
secworks_sha256,835e233f639616befd6aec15419876f351dd00419878b33c5c2b48bb79c39e6b,1,1,618,618
secworks_sha256,8363b84591fe7cb5dc92b5b43efc4a71597ea127bc8fd437095faf5eff8e1931,1,1,1101,1101
secworks_sha256,8370ae5b1f7972d0de6f724f26ebc311d27a22c1000ca7938247e3398207fa01,1,1,641,641
secworks_sha256,8373f6f7bcfc09cb386347b91431b4e23f83d7e5ea350a8e8f7520ee0fefad25,1,1,255,255
secworks_sha256,8399b2138f34dff21369f35d47f587105362e8c527e71611405da8a3f14a1f46,2,2,1000,1068
secworks_sha256,83bb890044b656a74dd4a2d9a05368812dd57df35cdfc21bed8a185bfefeee20,1,1,783,783
secworks_sha256,83c8e7124739b4ad7769f8d612d7c8bb32ed345e32fe95df78dff0d5fb66e117,1,1,869,869
secworks_sha256,83caa8da8288d23bd104fd2aea2b6fc6e5a3677937960357076c0bd6768198b9,1,1,189,189
secworks_sha256,83e467be1ae8c5a49edeeedf455fc7d7a59a1175b8c99d6745026b131aec2298,7,7,1551,1681
secworks_sha256,83e587decc3242b7ad80a35fd25d51e21d9996dde208e57e5e4a70cb24c8e54d,1,1,1287,1287
secworks_sha256,8407f1da0fdc6c198ab2f5a6afd280e1887e84e10fe362fc598864e560945253,1,1,125,125
secworks_sha256,842b2b1cb1cc56b70e3b86240aff02bf873b1c7679062b214c31b6d54872a851,1,1,866,866
secworks_sha256,8459573798113cb2864ef5a24e85110b4d87ff02d664a82132e5a30ee9492530,1,1,859,859
secworks_sha256,846959d9af54dc6d33bdf155a2785e6c1fce3e9015190321a971632230e87265,1,1,1350,1350
secworks_sha256,848176a5efea890f1441aa4b483d41e4cf596e71c900c0d86a210105b38ba9a3,1,1,1482,1482
secworks_sha256,84887ef94f1d698b8fed8ca5bd5c4ebd2fd9fa4b8c947d1aa187aa61bf73f3d5,1,1,1158,1158
secworks_sha256,8494098884935383625f23f45acb08d3d92a5ccabc3256fc883d136c486f5ccf,2,2,1007,1105
secworks_sha256,849bd33f63dbcb0123621171a54926760cda9d830752d73956b8dfd5e2d62d70,2,2,1907,2043
secworks_sha256,84bb676e7d98c10db7decf71224d8eb8fd898bed056db0aabaf28712fcd87d3a,1,1,200,200
secworks_sha256,84f2f05a3b57b3d856710eb8881f049132028f94f7c3baf77c5a3ea4700292e9,1,1,908,908
secworks_sha256,84fe0cfc9fb7121b3646c17084ecede927632ea2aca3b466dc66ec0ff2357ca3,1,1,1749,1749
secworks_sha256,850b5510d1bd81eb2d41a16b35ecaa49ea653f252480361ccd05ec7f48fc5605,1,1,1178,1178
secworks_sha256,853433ebabc79bae4d64b26e50340b89fc03312a76aaf759146170ddb190678e,1,1,934,934
secworks_sha256,8544d7c1739ca4dd07bd6ed0d44cef8f67b7274bff2888f558402e196f57548c,1,1,272,272
secworks_sha256,857798c75b3d02d04d443bec9e679c404b1b00d141822515f2822ec0400b2cf4,1,1,1956,1956
secworks_sha256,858049f67346f47cb3c18724f9b3d2abaaf6d0a659cf0b69229f4a40955eeead,1,1,1280,1280
secworks_sha256,8584ff7332db1cad59e4ce713ac5b479b1779045871b548edb8c37ae7bf28096,1,1,1045,1045
secworks_sha256,85854c88cc7c11e7ea9ad75351b03b6c81e5870f8d8aa6c5737a96d58621ad10,1,1,1255,1255
secworks_sha256,85a1364ab2c03bd3e1a50aeb8971e545e7ce03c8f737fa61f9c76b3eaca00799,1,1,398,398
secworks_sha256,85e42b80da0ee7e82feb4deb651a39904dce30f82fa710895ebe775115bbcd66,1,1,603,603
secworks_sha256,85eadb70d85b9bd1abb4373383d1892d86d12c64ac4df04b5336b76b408e1871,1,1,421,421
secworks_sha256,861ddc2db13d55ec5d7f51565789c318d9d6d57ba66f041b55bc941fcd5a4be2,1,1,820,820
secworks_sha256,863604a9164163cd0ba2644a71e30affe8b0ee2c130a13c741040ccd24c2fd19,1,1,488,488
secworks_sha256,863e31db873e0c1bf50fd4bacefc667f0d359eb20de2f8edc02b41a1101bbce5,1,1,179,179
secworks_sha256,8642856cfcea73ad7a153c574b7a9f336f17a3e03c9ffac5f7085e525ffcbf30,1,1,223,223
secworks_sha256,864d7eae54a41ddd599f366d4f9e3c3986dbb2f674a452cf9233a30ec01fd24f,1,1,1319,1319
secworks_sha256,867700ee022e925db3315dfb1bfab7de36b2341fe0e08d4c57e411f035e20eb0,1,1,168,168
secworks_sha256,8686f1ec9c9680893da3aa621694295674d517e2bf51a7b3c4b6a0738e8da583,1,1,427,427
secworks_sha256,869119b03e2365bf45d028788c5e652832ebadb42e0fecea40228d5b1aa10dd1,1,1,954,954
secworks_sha256,86917ecd04938672adf1358709c4af7bbf9f116c7ebdc8cca8154ca56f35b33f,1,1,1784,1784
secworks_sha256,8696d1ba15bc90f7fc5be49c29476505903ede7b7bdd5d625d335edee64cb50e,1,1,1936,1936
secworks_sha256,86a1df7d23fe079ae27c0386a87ee3ffe4d5be685c6f4575072c6b6d7c520a16,1,1,135,135
secworks_sha256,86c176880d943223bfabd7b3a9f54cf02792c22653ed464f8350ef030ea23091,1,1,705,705
secworks_sha256,86dc2e82b5c1728d2a6de752a784141ae87a9e805b381d5c6c7086290b818295,1,1,442,442
secworks_sha256,86ef335b9f428571374b0c9dd33d0800c1ba8bffe9d245ac52d1e6e68fd5dbe5,1,1,1972,1972
secworks_sha256,86f170bc9dc6bdca926a8b5f19139ffb119f8e7ff061284bb7c3580df789f510,1,1,508,508
secworks_sha256,86f4b92ea83acc04012ccae1ffb04fe964401d76c560486f43d86cf292677992,1,1,646,646
secworks_sha256,875c0df7cd3d7f4ac1f9dc4ce6062d476ae90ac377344d90388b38d20ac0d9c9,1,1,626,626
secworks_sha256,8764ba77807e58462b1060da3694eee9d31784317366405da08d5c31d4d350e6,1,1,589,589
secworks_sha256,87794f01ff0a46beae97076d34a8fb342443a272343eeca347576c962a252e42,1,1,1001,1001
secworks_sha256,878a5157bb35d3c787336fc08180e7913c8e0261b3a8d16d5bf6c6609b96a2a5,1,1,1188,1188
secworks_sha256,879ad872804dc64e9fb5f40187ca05212f6d2179c8e97d376ad97371f67e6b92,1,1,593,593
secworks_sha256,879feca07fd6b3a33c65148d49042d45bdf0edd10588f5c72dbcb58f19fbd4ce,1,1,1910,1910
secworks_sha256,87a3bc7b2c72043a03935ebca70e1f279f073049c59527c71e4ef61cf17bf759,1,1,1789,1789
secworks_sha256,87ac8f795ecdae1dc1c1171761f70a4246cb7585793394a4bde808363112ae57,1,1,1474,1474
secworks_sha256,87b1533b5d2228fb45a12fb39d4ae498b1e5676fd23dbd5216bc62027473281e,1,1,1127,1127
secworks_sha256,87e1fee54cec531b1a5b793134432b54ba61be49be1af605c1d6f45e99a6aeed,1,1,1196,1196
secworks_sha256,87ecf08d02ee5e2ca3c2b0ce994835db155ca72bba187b1fb0fa7bdcbfb0f6a1,1,1,1166,1166
secworks_sha256,87f10eec92ae3eac1f739f4d6261d74b03bcea92db027f0d7c43fcfca95abe0c,1,1,919,919
secworks_sha256,88038ac619000ad6eebb44113505f5b4124bdd219df191b65a07594a7f6d3970,1,1,1478,1478
secworks_sha256,880b66014849dff825fae29ebe1d4557514d2fe056beda777e9f22d210972bc7,1,1,114,114
secworks_sha256,881c4ad6280e62563545f210e9fcc421638c31482d3dc63a04ef801232d3ab83,1,1,1242,1242
secworks_sha256,886f79db10c2c74d95be8dbb5a1bf683d8de7c77319c6f824bbe8d73bd060cb6,1,1,1064,1064
secworks_sha256,8874287630eb030ff5fed688de4299b3d5c9fa809e6730a47a8e275a29693641,1,1,594,594
secworks_sha256,888c9c91de81b8eefacfadaeae9b1ff379a9bb9ef45ef84c89e7627478852bff,1,1,546,546
secworks_sha256,88ce0168096f33db85030f4c94d19edfee895aa790ef45ff1d23ce341267f34d,1,1,1114,1114
secworks_sha256,88f93a5a98f60a59b4821d5b1e90f189740406e63068932e03640b3a5be8032e,1,1,227,227
secworks_sha256,88fd4e39c050107de6765ccf8e39e859d04b299f0bc8fe0414166ec7b46374c1,1,1,221,221
secworks_sha256,893a2e452e04114830a4daba273373c78bd229caa64342e1991ece57a5da6677,2,2,31,1223
secworks_sha256,894d20c5ce3d63128ee1de865b429c20e37ba7b2d30ab7ac48d9b44b789cdfbe,1,1,1082,1082
secworks_sha256,8961eb01fe153e47c56ef80de1a46c637a03d5cd031118c50e0afd5147596aa6,2,2,1628,1649
secworks_sha256,897549d8a416ecce2c163364a3bb62557e80dbc93dc78a74e416fb0ed7f90276,1,1,237,237
secworks_sha256,8975e4f4b7082c8d31c799cfc00970a654e6e9018af0486d6bae04be9d6e0a6d,1,1,1028,1028
secworks_sha256,8976d1f383222149c6662368e552dfe8e06844835076889bdabb2e2d161bd244,1,1,1514,1514
secworks_sha256,89836573ab864052e100426540661711de65cd2fc86824e47b5e70c3d3687f44,1,1,156,156
secworks_sha256,89857004f8283ce4d3237229345e0f97b7c3cb45bc37768fc04744b09e3d6ea4,1,1,463,463
secworks_sha256,89daed36440e8b3c131ca62057b0532bbfa8c41c5a183c1dae76b11f63738884,1,1,769,769
secworks_sha256,89f284d3b4131a8d415bd35eb386438c5736e5b46ed11473190e6b419a4f283c,1,1,1511,1511
secworks_sha256,8a00e07d112df61956c8182d354e55449796cb773c7d4f7f313415afabdeeeab,1,1,821,821
secworks_sha256,8a3c3a8731d44eaeed3c94396ffe6c2e3b3c0a1df35f19b9b4a1e27402344e75,1,1,761,761
secworks_sha256,8a56c14a5ebda3157d31f7e2a94d6f524d528980fb65dcd53583aaab489341e5,1,1,767,767
secworks_sha256,8a8d2ce2f8741e31d3046dd7799e8380af75904835e30452d6eab31e2df7aa96,1,1,2016,2016
secworks_sha256,8a9311b68cd498ca4b3a891549952cc41f31497c93cf2dae2727705a6c1bd53a,1,1,830,830
secworks_sha256,8aa1ed92515b8e13f6bc577b53f9648d58bde979a1a320fef3866628d48ef5ce,1,1,945,945
secworks_sha256,8aa27931fcda2f49139aed57bbfac907a39b6abc207e862d46ac642ecd88a96f,1,1,1035,1035
secworks_sha256,8acfa72b83374a9dcf772c1705c861ed0b51617f2b89ec9e3d59029d27085789,1,1,334,334
secworks_sha256,8af418b7a81ca44a02f2a464024db64cc3521083e2c982b420d80d5fe72ec593,1,1,16,16
secworks_sha256,8b1b2218837f8941ed91ca4949b3798ed5c2de7fe2d0c1ce6d9f3cc86893e6f7,1,1,1733,1733
secworks_sha256,8b1d333d7a3d9bef4e032e2f8a47ec9825621da1f5239f7b5a5a0c2474990929,1,1,564,564
secworks_sha256,8b2fdda92a637941b09f1d9405315656bea201e45ab09592802c18d1e9b846f3,2,2,1569,1653
secworks_sha256,8b89f3f11b29a5f664d205b6dc8d360906bee1421b6ca29eb6133e278a113eee,1,1,817,817
secworks_sha256,8b8a487445448787cfd328a7bba1ceff9bee24e2a026aeb1b55b2758945d8446,1,1,1548,1548
secworks_sha256,8b8dc70ebd028eb6b12ba3f2e900d3869d78c5e5b6cfdcbc2c2b7ca3a429810b,1,1,1190,1190
secworks_sha256,8b8e2e02fc3084b631e3453199300d0069a68e5ca4f6ff1d539051707bc5fd1b,1,1,1929,1929
secworks_sha256,8b9597f85fd8a802f1ac2bcf34ecd365b94e77e65da5ec75d8b98cd794ff4131,1,1,1285,1285
secworks_sha256,8b9d0f2e37d377f67595951db3633653fe6c318e72a1d13ce3e17cbc61eda7ce,1,1,342,342
secworks_sha256,8bac63723081fe86baf69e7442fbf22b4339d138eb1377cd8ac42e2bad698708,1,1,248,248
secworks_sha256,8bbf14908198a7f926369764186638981b23608dafbbc34d467bedcb6778ceb6,1,1,874,874
secworks_sha256,8bc1c48867e9a4d804833df01c9c26e4bb9c0ec42a3068fcd734944dcda4b761,1,1,874,874
secworks_sha256,8bd48706abd6f4660719bee84216e870f59b5eeaee52ca2afa37753523656be1,1,1,655,655
secworks_sha256,8be73a4b69165429c488e38eeae1045c64fd2cb2f420fec757a5c73b4feec2b2,1,1,1719,1719
secworks_sha256,8bf35f23121bf2f78770594998ce2aba6afaa1a39e23fb3c4b8a29c61fcc1477,1,1,423,423
secworks_sha256,8bf7de18fb30f1367a2e72894d0b27f798500a0101084e14d4a5ecbae941447e,1,1,77,77
secworks_sha256,8c01aa9cc19c9aa24504a92dda79cfaa40d2f4defbb5b30d0ca8704eff275a28,1,1,1075,1075
secworks_sha256,8c08e21ba6cb938880ea18506c26f02dd98c1f968e80007c523979ee7c5b3394,1,1,23,23
secworks_sha256,8c283fd3ada6814a3364c555b72377b749e7680d4b7ee1c0c10c4ea878e5f6e4,1,1,837,837
secworks_sha256,8c3b4157c490ce8193587807036c7664fc8337cfab4fe66e45534fe1f9fed92f,1,1,1194,1194
secworks_sha256,8c4e9af0ca71df3407d0769dafb4a68eaadf05d871a4b2a2248091ad036592ed,1,1,1918,1918
secworks_sha256,8c62bd4792dfc24ef020fba73f041aa12fba54dd46a31e1eb37c0e155ae4c5b2,1,1,1528,1528
secworks_sha256,8c992d0160f619906ca4804283861609098d3d9c164cb602520534b8268b8ef4,1,1,84,84
secworks_sha256,8c9e27400ec9890a4fd72645ea6c2d9580a86f6ed01bb2b171ccf0f67c56b480,1,1,149,149
secworks_sha256,8cc70f32a9c7892bdb6bf03069609ca0299ab4ca2493ef41bf608f36a9ea7701,1,1,441,441
secworks_sha256,8ce517162b4eff7fb1cda44350f6b70c58d5ec0b22949dfb26a68c539135b859,1,1,324,324
secworks_sha256,8cece0fe10a6e49489b333eb8c46f80d853238e14985c0b23a23f1ba5a18ab06,1,1,911,911
secworks_sha256,8d10f568534811ad3bb31fa662ca8a0a79fceabbc464858eaab49c5d3952b426,1,1,639,639
secworks_sha256,8d41f75e68a317c41f1525c7d593a18f1b63b87a499015179701e4ed0b798d83,1,1,694,694
secworks_sha256,8d45109431bb820ef072e958597a416b567e40deb773053f10b0196e31382693,1,1,942,942
secworks_sha256,8d5bf13d381358f31e505d591c77dc004ad1cd8245389ac20572f2258779be81,1,1,642,642
secworks_sha256,8d831ac0e8a38d5ebaae4b8b75d4f334b4ebe1fed567b39d37845810e1b0d98a,1,1,1392,1392
secworks_sha256,8d88834807ba88bb13ba2c087e60ceca84e15796a92ffadf16152e3bc3aa2ae4,1,1,1555,1555
secworks_sha256,8d8ed1ba6ffbc9a913529b20af2693ce1ffe38b111d2b576ced92f68ae0de6c3,2,2,1021,1119
secworks_sha256,8dab36bf0671de8950033d709139d5d77b204824b125866e19e836392b0ad102,2,2,49,1085
secworks_sha256,8dac1c468473a6643575caec606c17feb6ad918ccbbcc213ee27422c66adb5b1,1,1,1462,1462
secworks_sha256,8dad52c4f3576b8f08074ee28ed10ef217fe55296b319eaccd0bd3ce5d9354c3,1,1,1594,1594
secworks_sha256,8daf7b02d4e5fffc2c6216898d769653098dfdb4172432df41d17321b3f358fb,1,1,157,157
secworks_sha256,8dc365c8a4c0a032ba104563337d209295545faa9526827c6fac96a94e352654,1,1,716,716
secworks_sha256,8dda3b77fd8718d48335080cb34ab5a9078655c2bae90b69c66208c5839f6911,1,1,808,808
secworks_sha256,8ddd623b70af2ca377e4a402df8e4b1a04cba3e2baff4b6364124f3e4a7b015a,1,1,455,455
secworks_sha256,8df3000a583d89d6335eab85e636f79d4a63efc3b8e34466380a88aec2c80927,1,1,356,356
secworks_sha256,8e088ff7e85067fbff42ae76104481e3679a3cda05ebd278266018381fc46c54,1,1,1388,1388
secworks_sha256,8e14be6faf4d124b564af964cf4054a983c0c24a42779f2accdf3990d5a02b73,1,1,400,400
secworks_sha256,8e2601ea3e6198fb086a74cffa5fe60f47d449d5dae8866e1d1bd3eee6822f8b,1,1,848,848
secworks_sha256,8e30a68d9f22a2666f09f4cd2aa73b4d61c1944a63ae503f9d88f78b7e530212,1,1,1922,1922
secworks_sha256,8e61d058d425b03c135f91c802786e30311e600316e340d8f5f3d70a4fcc16cb,1,1,306,306
secworks_sha256,8e83a3e5b10b76e20bd39e22cc113235a2c661c1ed0208338d0ad2c1ca82dd35,2,2,678,1135
secworks_sha256,8ea08d58572e751fa5b03d6fe225a28e1ff90e9c8e797e2e2777f138d7579496,1,1,771,771
secworks_sha256,8eac2a1ede773b4149b88e26c83a1373c6dee356a7fa14414f6e1872a11739c1,1,1,452,452
secworks_sha256,8eaf0d49ff96393fef67c67be8e94e9b80a4b4da5adad372587fcd428fde0b11,2,2,514,1255
secworks_sha256,8ebc48058e0afea9aa7ff5fdbdf141017b646fc9fb5dabc957ac44992a2772cd,1,1,1398,1398
secworks_sha256,8ec69aa48c356d90d9b64fffb65bbf2a1754000dd7e3ebd06d7c34ace7957fc5,1,1,637,637
secworks_sha256,8ed72c209df1e8a2ba128b7ed78cdd1f451a71aa0b8142a4757c7a8ddfd9f309,1,1,1018,1018
secworks_sha256,8ee22f70d8e6ec05078cc4a73030a91dfdce274f557378b36b1b3b353e2dc56e,1,1,1900,1900
secworks_sha256,8ee5bdbdaeffb176ec4bedd8c712765b6b84fcf19eb4c79e07e7d4e90ea05f0a,1,1,1011,1011
secworks_sha256,8f0c61977636815bb60df968a49c7579d8720d2a28bbd73162372a030e42d9bb,1,1,1355,1355
secworks_sha256,8f4fa5ee8bc57d11c207667838dc88d672adeb867d62ced415f4bb7ef69b288a,1,1,1711,1711
secworks_sha256,8f5ad6b82c7b5ee14b21af4a44452cce2cc33187de65721d7fe05edf8531ba6d,1,1,180,180
secworks_sha256,8f69240aca212516b8f1aac682388145e4659e6edc1e04b402eebbec3f95b470,1,1,1222,1222
secworks_sha256,8f9baf8a660cec4aae7621e9021b9c48f89693f80f2123ecbc343d41833065f7,1,1,496,496
secworks_sha256,8f9dbfd308e585baa4894d5807892110242268268c1fcac39dcff02741ae83c8,1,1,883,883
secworks_sha256,8fb4921d6ceaea73422d57844709325804a5717287391474c3d908b84e6d8d96,1,1,96,96
secworks_sha256,8fe09351bd320ac918b0cab2f6be29edc883507ce9b46a02a0e21b9306614baa,1,1,1655,1655
secworks_sha256,8ff6dd3025a1f8bf2e8bd27e99d42877402bd449f8e8c8c7226a39f363b0d13d,1,1,606,606
secworks_sha256,9000b721f7b68a912b2d3b9ee865ece09cf33584c54a9d7fd4a08ca21598c8c4,1,1,281,281
secworks_sha256,90246cf16541b765e8bbc89110ebd3916c6267ecbed6571012a0de89d98911b5,1,1,787,787
secworks_sha256,902b496a0f34c7214d7a25255a69c34a27d3ff38f2b120f2e34a3d3a77bfd2f9,2,2,993,1061
secworks_sha256,90543b320da4fee730359482bab5d2d0495a31d22800a890cf64259b6d4e701d,1,1,1466,1466
secworks_sha256,9071ddc428863fb78ba32c586a79b40250f74661bf38746706c040a0789db951,1,1,295,295
secworks_sha256,90776e85ee28c982c3c260a202a7dfe335eded660fd3f5e220572d365b5ccf6c,1,1,630,630
secworks_sha256,9096deddf69dc6d1051fff9d8f816f0abb4d5060cad25d3b9e9877d1b43a1f1e,1,1,1920,1920
secworks_sha256,90996d06dfd022d4c8c1687ed666cc0d89b5fcd85fb37757e218b181b77a38ae,1,1,1455,1455
secworks_sha256,90a1ebcf23922e4a542811da12ac1c83269ed104019fe2ad9c7e988cfcf8b17b,1,1,548,548
secworks_sha256,90e0adc8c99547a5b4c8665f51a27685599c91a2bd800ac8557814daea14abd8,2,2,1651,1691
secworks_sha256,90ed0e2e0078407057660840eb0025ac2e754336970190ec6de8235dc12c2e7c,1,1,480,480
secworks_sha256,90fca40b14f334a4a5f5275d3b45daefe09e5268bd57900558e701f571deb0c0,1,1,1903,1903
secworks_sha256,910686f196cbb19b97da8b57c0c7ee88e5773892818653f6614492b7aad24b9c,1,1,458,458
secworks_sha256,9122f645c741f59a924cbcab8c28425eaa8c86e67f09c04400254951bceaae63,1,1,947,947
secworks_sha256,912950b0600a3b5a097fc81a7359f6a07b4f7396acbf1775b4e925df0a6f666f,1,1,484,484
secworks_sha256,9134ec77f804dbfde4abc41ed5c99da274704930f34ac12c56f4110995d61738,1,1,1399,1399
secworks_sha256,91363ceb031d4568a5abfbb00e687878bb13810ba787fcd66c945062fd2c2399,2,2,1005,1103
secworks_sha256,913e4c14ebeeef45567d24619a78e69fa0daf40acbdf59b761848866c61a9781,1,1,105,105
secworks_sha256,915d0a9b3a46daca463b2ecaa8a5dbea90e6b49226fd080f15a0ca911107c29d,1,1,55,55
secworks_sha256,916ccf70fb3f095767f5f87bde9a0e1461bb83d6bf4eb3877a8a8856fe424f61,1,1,605,605
secworks_sha256,916eaf2fdefb886ade91f601af3e0f017b9f84d39495d94ec9dff8f95d4d3b5c,1,1,517,517
secworks_sha256,917c0ec027d48005fa206b8630ea603966d730fe42628cfc152427b2f9140cf8,2,2,689,1146
secworks_sha256,91820897cbd47a989d8a11c7d3b0e754f3717b05b4278c727824285ea14b27ae,1,1,125,125
secworks_sha256,91a09941434c9429d7fe0c4b14e278feda61b9b8e98ba3fc945920323f260534,1,1,338,338
secworks_sha256,91bddbf2db0ad2eb477ebc77911303fc6ffb6e439d034fb374b1377f23ea68e5,1,1,364,364
secworks_sha256,91ea3079a594aef4cbe2d863befe9462742d95bf4508b42bed2e55094143356c,1,1,849,849
secworks_sha256,923de089f24a532dd0412f5bc69a892df7ae01a52be76ed5f56aba6d6a290fcc,1,1,1504,1504
secworks_sha256,9240f8f8ba708c4b7c5193dfccaaaafe44596a7f1449f0803e806057afce566e,1,1,603,603
secworks_sha256,9242267a61aaf4a6adc09d31d6e9c133762d0467ed8d03d9556e0adc38e3efdd,1,1,588,588
secworks_sha256,9244b123926b9a6aac3452ff33f16ec12673e512d556da2e7a2d63c494cb10ae,1,1,1248,1248
secworks_sha256,92517b995a5b2e9794c1468211f5619c80421b7fa89405327033caee88f4b15d,1,1,316,316
secworks_sha256,925b375e7883042a5df497a9076ffe0cbef94e9ede8ea01e846a4c2c4c46406e,1,1,1201,1201
secworks_sha256,9267d006456802c281aaa9631cfabe13fd1909fc41940d744cb23089c7c7065f,1,1,893,893
secworks_sha256,927282d36b1615752a03ec58e46fac8c4bc57e18ae5f3c82fd0d1196a2903a20,1,1,138,138
secworks_sha256,928453ceec40ebd19388a4e61b568902632ea0c4c2d9c500bebcb48a14d69cf7,1,1,781,781
secworks_sha256,9286b0ff3595cf994776262a980a29f27e4a24c9f71c5d306c0a13f861646a40,1,1,925,925
secworks_sha256,928ef4449e6eb0610240577b10752604d023fa6dc7e8a8dc4cf372799b31917e,2,2,677,1134
secworks_sha256,929bf9f0fd8ad5ba3d039af80a4129dd215257285c466ddf928f906c198b7d2a,1,1,554,554
secworks_sha256,92a90c7bc875bce91c9719c1fb9686305d894df47717565f594060d729eccf00,1,1,182,182
secworks_sha256,92b37b16697e92b8ba795d4e5646a844624768932024b77792ccd67aff8e7e9b,1,1,152,152
secworks_sha256,92ec9953ba6694d07750f851295dda1ffc31b9413fc8323272eccef8062536c9,1,1,1540,1540
secworks_sha256,92f68d8d8880ea66922faa1d9bd81230e5b3ea974276ff7546d273df56114013,1,1,1890,1890
secworks_sha256,930de4b41450e742c501378bea4e196a4812ee87f105286e7e2bb0e856685ffa,1,1,25,25
secworks_sha256,9320a981235d699af99be8ad78e8b559036d46992130c269c242dffce665eb40,1,1,1416,1416
secworks_sha256,932336d74491d15d9a3daf2ee804deed8d82798026e18c0e5706e4695e6f38c3,1,1,1175,1175
secworks_sha256,932a0680dc9f3e8946db02f4e26e3bd69aaedb9d25f00593380de5b8a17ffd23,1,1,805,805
secworks_sha256,932e7a36f71aa93e6221ec9615632e0963794bd2c38dd8642c9057aecf6b31d6,2,2,16,1208
secworks_sha256,93341a8367a1d43cf4e6de6f05b8dbe5d5aff76f95d9f75aea03a8ea2891f16c,1,1,1472,1472
secworks_sha256,933a8ac4b0c098182086ddcec9c4dc8735bb2290c529872060efaaea822e6ad9,1,1,891,891
secworks_sha256,9349555a78d567746fdeefc3676f24afda14dbcc92cef215724367e8e71f4261,2,2,4,1196
secworks_sha256,936cfed0096d45e83b591ea119b49e1cd2475960c898c4b0523e21d57d3da3ec,1,1,1118,1118
secworks_sha256,937ac049b262e56779643c1a88e58c5257e0689423dbe53eb311d11b513acf10,1,1,494,494
secworks_sha256,937c34eaad1650b54568a75ef51746a2ba9af794f3bcf8a99eeb29ca65135da7,1,1,277,277
secworks_sha256,937e4a788dd96baabe46bc86040dba668b6eae792fdf01f917e643ca2a03eacc,3,3,1916,1996
secworks_sha256,938ceb2aa400261b9b0a596290f7e40b9c8fc89501a0e9386d88f7c9c8834c6b,1,1,1920,1920
secworks_sha256,9399104891cd60bb3325e9193a4abf86ed42412afd2b58512668947d021a3b1a,2,2,530,1271
secworks_sha256,93b69848423f92592dd8c1966c95bdfcffe5e68411838513f7c65c92d79ad303,1,1,331,331
secworks_sha256,93baec5956e280322f5a8141fff6eada1208eb297f75ca94ebcdf4ada5f981d9,1,1,725,725
secworks_sha256,93bbb4c6dfe34ceeca985420a2bda0121b915ff920ba9e1864cbd73079b8fa35,1,1,828,828
secworks_sha256,93c85f94511692f4cfcac2da1d252154d3f9b861c8058534d2aa9ddafb22faef,1,1,659,659
secworks_sha256,93eb6c96cba480c97b3d862f541c04269033abcfac01eb403d34f058d27a29f3,1,1,6,6
secworks_sha256,93ec3b1586e341d7c8cf882b431da83a0c7d812eacf00404a6c37bf6feeaf786,1,1,257,257
secworks_sha256,9413495356df226cc89ce3fd9fd694856b808957630c081d1800ea53952f2b98,1,1,422,422
secworks_sha256,94157e56b1e234739b6e102b66e3667c79c965281ede3bcfbba25b83c1f3b43c,1,1,176,176
secworks_sha256,94214da6de79d3540faae3f205aca3a47c2f9c24a948baee0185130a24187e92,2,2,1804,1807
secworks_sha256,9424952ad04fdefe707dec4592c1813b3dbf43bb75fb3ebb9a8aabd919c0cca3,2,2,1786,1789
secworks_sha256,942ce102929e088040f17269a3e3040cc78ac2c8403d0bf35d63db4269d790b1,1,1,429,429
secworks_sha256,942eaf4773ab8fe3d24026ed56eb87db94e88bd4e59c40edc29ef0a51f645128,1,1,724,724
secworks_sha256,9456ce732b517977ef6e56e765bf442ff5e4a2846e7cf9a03cc6688584cc0d45,1,1,1531,1531
secworks_sha256,9463afa66f9930fbed6f062f48376755788868323d4c00605bb04a5e3891e709,1,1,336,336
secworks_sha256,94759dc05f394765c3ed475a1ccfe8b72526306778118990db8b0f9bacd6a54c,1,1,1937,1937
secworks_sha256,947db8960f705b8b0f5cf10e1a1e0c29b8a66deafb60b247451b820b97cb132d,1,1,1341,1341
secworks_sha256,948118bc7269d6157ac4a6fa7e49958649a1f63ea24b85501e36b36c6f0bcb18,1,1,671,671
secworks_sha256,949b41fb960c5bb8576dde2f71d2dd405aa173ca23eddfea70b7cd6096f8ec78,1,1,736,736
secworks_sha256,94b6893dbcac6fae1c4d07418d1caed189b798fdb78298db093858cfa70d7bcf,1,1,1089,1089
secworks_sha256,94bf3ab70bfc528cfe55acf31f807a70e90691f39f213e127fe201f8dcb63f1c,1,1,960,960
secworks_sha256,94c6ef16c3a64b5dbf9480ca75101cd6c560203626f4e5cf9861e90180b06710,1,1,825,825
secworks_sha256,94d28f17f74f5db29afd1695498437d482b56039e85e5d5271fd311ca3f3cd8b,1,1,918,918
secworks_sha256,94f87411212e8493761aed23cb88322844baf1e15c9f3a0bacd49405fed42b7d,1,1,878,878
secworks_sha256,951a77e120494592c1b4e87190d29b803daef2c14b3e60c55e3cf27a3670328f,1,1,626,626
secworks_sha256,9522cc1046d2ad988b152000782ba8201be64ac3988f04c6f2f45272c75be598,1,1,1501,1501
secworks_sha256,95247c9353de5621ec15152aab47700bcc20314b158b65cc866adfa0ac8b5364,1,1,558,558
secworks_sha256,9529da9d97bd553b39eeaeed08970a3d18d07a1c0eee105f052dc61ed85fbb36,1,1,571,571
secworks_sha256,952db64afa6ba96fe63c17cdec616e829855cd18332f60b0c79a71e43a7349f4,1,1,537,537
secworks_sha256,954aa9f9e43221d9bb4a1ee1ec27a82af6df57f14e43107cb84c3d17ad2e6c5d,1,1,631,631
secworks_sha256,9555bb256b7f7671e0161bddc0c375ad3ed298d9c9229dce3a274bc481c97b2b,1,1,1420,1420
secworks_sha256,955b6148c32477424841ad57f1b4819193cf66e0f8c9518581ea4f3d2ed3de1d,1,1,1510,1510
secworks_sha256,95b694a64364e8dc6391295a00edca49676c3a18ee19b8c9870c4b91282ccfa1,1,1,1389,1389
secworks_sha256,95c0fea6bd75b6862e898a10fde9bc37881cf936bbea3fc5de5f76d366109804,1,1,667,667
secworks_sha256,95d331e12a65d50be5db019308b5b4e6b6c3d7426258129cb72012785a47d01a,1,1,415,415
secworks_sha256,95da7bac4769ad46b29d4a0804e7ad03515eb99448969bf2b138043ec4880454,1,1,1338,1338
secworks_sha256,960ce46068956bcc3cf0926fa575f0664c8ea3bbea1f64dc3a884a0b258121b2,3,3,1550,1572
secworks_sha256,96150cfd27dac8cc7f8d94384ed9076b93d82bef5b719d47507c551165e9a67c,1,1,218,218
secworks_sha256,961faca149121489ffd1e2a55932b4f3e417c9286729e8dfb6035f8f4d55ede4,1,1,1405,1405
secworks_sha256,963498cabac5cdd5ab9c73bae015c6c7fe1f1d4c97b0b98046270864f547a991,1,1,163,163
secworks_sha256,9641ce60be170dfe094c5b5b837e944a818edef50acc93e5fe394cd3fa2a56e8,1,1,1838,1838
secworks_sha256,96447c1a0b0af9e4ffa5792f7c498cbca1a5077f46c8cb56c536413ada149d28,1,1,1421,1421
secworks_sha256,9649935949bf9ba07759b5e637cede1dab48c7e1d3afb872587b054e794d832f,1,1,2014,2014
secworks_sha256,9653f2d1089bd8e74410f8f7bce1094c13776365ac34462691ab095163aa7d9c,1,1,1436,1436
secworks_sha256,968f322bc1c4ad6c1c85396a938bb7fbf5a07cfd90e400206fc2473b571db518,1,1,1375,1375
secworks_sha256,96a4fe6567b665942cf0a737bdfce20b996fbff9e2dc1b9f33688df0f3ae3cd3,1,1,1098,1098
secworks_sha256,96bc23a6ee0227028be3c870fb6242ca7eae864eec3be10d3628c163f44a5a66,1,1,627,627
secworks_sha256,96d094dc9dbba4609608f66be10540c5105d14d562ceca18ce9cc9e7cd0cd7f6,1,1,827,827
secworks_sha256,96dd15b441d44a52df30083440ab37e2ffedf06a5dbcd42b6b7a21166b55e2e4,1,1,297,297
secworks_sha256,96e727cc41cbe21615b8334f4c76b00b391b80dd2ce9f943aa5843ac03ba4a26,1,1,559,559
secworks_sha256,9708cacb40664c007cafb7c5d922ea2a3011f6d3e158474d404eaa59d1ce2480,1,1,1741,1741
secworks_sha256,971491367760dc223ac94b920cfad748c937fc95bbf5131a03174e5429f286f3,1,1,113,113
secworks_sha256,971513195000635cfbb3aca69c7fa181f1c473d8c131acc350c1cc799ade04c3,1,1,1504,1504
secworks_sha256,9717ee96a565a685c10120c85637a4dc285740e66ad9a314a01c250239ed5167,1,1,208,208
secworks_sha256,972f5e9daf24d2775effb21a15dcbb22aba62c8d798891b2ae83cf166a350b26,1,1,94,94
secworks_sha256,97378ce2156ee5e76ff08e710bc89d1db5038f4b7610e60988db345f1624161c,1,1,1330,1330
secworks_sha256,973af8ffb995dd73883fd4c6aedcb95734a919f03ae49f8e3224b39707312066,1,1,455,455
secworks_sha256,973b44c7fe08cca2610a6734a00cb7a1b71f648f53d28fa5729e3d28e814e7a6,1,1,759,759
secworks_sha256,974bff5b556cf549142e9dca3f39e5f9a3f9bc46abcd52e925edd3baceba29dd,2,2,287,1192
secworks_sha256,9751c13cc426c7e4598974f94ad645eadc27d4a6376ef9fd31f218d69d09051e,1,1,388,388
secworks_sha256,976ba0fba0c0a31296ef7b5bf66fba9fb270cdd48e540558ea3fbe0cecdc311e,1,1,679,679
secworks_sha256,9771d1f1159dd8d8ce806946defee719510c44cd3a38c890b5251397f73e50c9,1,1,743,743
secworks_sha256,9776a64eb35b847b8d66e186895f9c8d283e188c9113ce1fe6a349154a9a0ac4,1,1,394,394
secworks_sha256,9788027119627947518326079dd0ae8acf11198c7366ad4874bcf42814832920,1,1,1224,1224
secworks_sha256,979e260d17cd50ac3ed5fd244fbccde2905644afafda16ce9001739267b34de3,2,2,701,1158
secworks_sha256,97b3d0a2ea44fb52d12405b0ed393a1157cfd10b7d6f99c7f5a1df9d69fbf740,1,1,729,729
secworks_sha256,97d36417e75b4dbb5c82d09e52688a2f1f4e16bec573bf5a4b4f29c800427e06,1,1,1023,1023
secworks_sha256,97d381690b244a7877f0b86460d653c4447785bf4700810cad3e22272d96b9d5,1,1,789,789
secworks_sha256,97f0137980d077c468997e5e8390eb4c8d50729486a9c0c447983b99b13e111f,1,1,1929,1929
secworks_sha256,97f0dca47bf120c2e45cf1bbd714087cef0cb26e79af57ce4f8bcfb6f805d1fb,1,1,777,777
secworks_sha256,97f4f8f13fc7f1a052a2e05750b831a4cc5013a43c41ae430bbd88cd32f92d76,1,1,952,952
secworks_sha256,97fabcb25115e0afc63d177a437bbdd934fccce11c66ea63cf8cf118889913dc,1,1,977,977
secworks_sha256,980c14c885e0e7deab9b079f8b1522cf1ac854163b04d7645485bf7fc9851821,1,1,1001,1001
secworks_sha256,9819e655920c9e575ec28b831d89d892f1869f68ac76973fc8a43a2b62764a4d,1,1,773,773
secworks_sha256,981de4b18ac70759bfa8d3b0d74916f50432bae8accded7dd7b72ff7f63f67ef,1,1,951,951
secworks_sha256,9829fa8b4bd2760961875fe4bc1df9a4a1f1de104984180799be2bd02544befc,1,1,251,251
secworks_sha256,983619786c4e5ed0dc2ab1410296de6bc41367e6ad0e87f00595dc04e5d2055e,1,1,1470,1470
secworks_sha256,984273f396bd949e25a2308312f745cdcd4ef7706074a43eef8ac0e4656f82ef,2,2,11,1203
secworks_sha256,9859e033a435a3e7dbcc6e347498d821eb78747410b87f6d25894ea053c69085,1,1,742,742
secworks_sha256,9865a31408c6339d327e8ed78ab7f315737d48d206a975379834976397b9536e,1,1,1318,1318
secworks_sha256,9878d654b31a3dd633953ef1b1a837599636f0c99e0960245efd95710cdc563c,1,1,49,49
secworks_sha256,9880ba0808f22f446bea0fa443f9736793ce67d8905e4c9665c514f585369125,1,1,1725,1725
secworks_sha256,9884887c354a7a4d4111bb5ac81b5dde0e4acd7cc4b1edd6244638cda082ee07,1,1,1404,1404
secworks_sha256,9886de8e94e7d106793756b654192784c9b74491176fab933cde8366c7ca1e80,1,1,1337,1337
secworks_sha256,9895ea02dc332548fdd3cf225780df229a7416c171d35f3398b594a2cd65b18f,1,1,228,228
secworks_sha256,98a2b617c5b63746411b8b24b1dfb0214a43e9dd72541843529f46d1219e15d0,2,2,261,1166
secworks_sha256,98b83e91dabd6cd5b994d08091623d4be89bf5e7abf4af69dc043f3d5bc31e0c,1,1,670,670
secworks_sha256,98be56682086c33501bcccd871f5937bcc8e49539c678a231c865959b32d99cb,1,1,741,741
secworks_sha256,98d26dfcb41757464af1c30e458eb5564dd04c7a2bfca76ee3151d00c195aa62,1,1,266,266
secworks_sha256,99065621c302fbaa058f6df112e15e6057c1777ea6ce773169f4ea900e882e1f,1,1,243,243
secworks_sha256,9906e2530453ffa77a241f9257127aaaf1485a5cb65a47357ebf43589af2e530,1,1,1460,1460
secworks_sha256,991661d36e29a95dcb30e02b07208718e282c06598655672720b28d09074df36,1,1,739,739
secworks_sha256,992b5ab5d33b4b0ef222c2df05fe1d886462070324bcd56b5f101f0ef2ac8f68,1,1,418,418
secworks_sha256,9942d46e345ada47def90c472d54ea70b878b244d84a57ed4f75c21bfdddfa2c,1,1,1952,1952
secworks_sha256,994a99694d48818c299f530104357315442b14ddf5bf0c967959091019472645,1,1,1598,1598
secworks_sha256,994b677a66b6d57b201d90737971f986ef848ec030d049be5efbd354418d83b4,2,2,1834,1868
secworks_sha256,99be21833d3ae3305459531175f856bc420bc8cc8fc60cb34faad0bfb2e98c53,1,1,1829,1829
secworks_sha256,99c21d42493ac507cbfe68933b9944948e701be55e727310d182a8ef24431a79,1,1,1541,1541
secworks_sha256,9a0c36eb3e7a065d1ea66282c58389797f175e7cb51d88d552e3f1f829f21d6f,1,1,860,860
secworks_sha256,9a2ce42f9677c8bb9aeb54775196f877e73d8a2ff219ba2d6789a9e1978d58e2,1,1,1299,1299
secworks_sha256,9a4123ded8f59589f1cb8043e0e6ee057c7e45344be5d11069da6cba3d6d4c67,1,1,325,325
secworks_sha256,9a62f2af9e0375f1c477140d316e90f4c6c63912cb42ff9aea1e33ee29e9abd9,1,1,772,772
secworks_sha256,9a8938a247a2b877be4b92ab3731bd6ad296b4e9835dcd341c08faafc711af33,1,1,902,902
secworks_sha256,9aa32d687bb9c69b9266ce43790b7be2652ed81507cd4a960f26c5ba0a00fac4,1,1,609,609
secworks_sha256,9ad1c8b359d3b06bfcd92a00debe3899a88a0912c872d34875191fa8b42cab07,1,1,439,439
secworks_sha256,9ae5aac3884015f85b8be9a519ac0de30852e7195aae3eb7e2340cb3d5175450,1,1,1513,1513
secworks_sha256,9aef55b1d11ee1df99eaee9ee68253a71dad3795ab22dcaf6410f94cbc25e16b,1,1,957,957
secworks_sha256,9afa91ac76947a0043181616f924abc962c52fb377d5ebdaa6a0d1d41ab968c9,1,1,1159,1159
secworks_sha256,9b16bf896c82e1521447263a7882e03587f481bae5344abddde3c2daeec40130,1,1,1676,1676
secworks_sha256,9b2aa893e79b37f3f58ce477dbd075601961f9445e4cf660797de8c061d25e32,1,1,1333,1333
secworks_sha256,9b4020c1883eb9361109804b6446811be2b628f642f39e82ed3c003d1a412756,1,1,1304,1304
secworks_sha256,9b69b7a45a9f66b228d041ae4e2036d023b522626a9c1f03530bdd46d7027e38,1,1,836,836
secworks_sha256,9b74a8c7cfff6d8292f2cf19c6d9b4347adc6368567e35dffb5363829d0d4973,1,1,1744,1744
secworks_sha256,9b76054c1b0ede52a281ad1611a46b2cceb8b81332783baf8fc939928e4ab11e,7,7,1567,1657
secworks_sha256,9b83e1683ebdaf7af82a18b8f95a4685352dfaa3c12b75a7dede09ef66e47866,1,1,1187,1187
secworks_sha256,9bd997c739be6f00b2af462ba96ddbeb21aa2c9247676fd42447fd9ece0cb20e,1,1,224,224
secworks_sha256,9bd9f1e03599c3eaa98af6205c4e286daa429944cb95c34f1439b8d6ff67b152,1,1,914,914
secworks_sha256,9bdef0fa31c1c304fe951b937974df1458d9b80310985febec46115594dcfde7,1,1,1853,1853
secworks_sha256,9c075272f1216cee63cf5b7b77953f5369e8b67f90672b6020010e453676c59a,1,1,710,710
secworks_sha256,9c0971a8c21d0842014b48c8ca459f353e4577b79ffda1d35dc9a60af0c6fec7,1,1,657,657
secworks_sha256,9c1a8c7a46d6b73b397d8ad6bdb0b0ce02251d529eff9e4ece6fd518854260c4,1,1,1353,1353
secworks_sha256,9c39928dd0d55df7b48542c4b9dff27a0ce3253d3be90879a70fc003f29be555,1,1,1502,1502
secworks_sha256,9c6524ae038f7b11fba6ec076d69b6b9ff233883e13585c31d938c99a9d3fbc9,2,2,47,1083
secworks_sha256,9ca44c4193b728fff007de73a9edcdee69910364c2e28544687ee8daedb34ec5,1,1,864,864
secworks_sha256,9ca8e93f085a4be2746bad2637861367fc19f2dc281f46313ab80202928947a8,1,1,1244,1244
secworks_sha256,9cae6bf755023d9b40a1044b34b63e874677f1f3d88c1790fe8d42329cf1f13a,2,2,700,1157
secworks_sha256,9cd354bff79ae2905470a7533993cc29f926fbbe94f81611f2f89a885bd395d8,1,1,1757,1757
secworks_sha256,9d23fab742e9f43a3d35ecd33b217b4d845e695a63f5368baf950313422f13d6,1,1,1059,1059
secworks_sha256,9d2755ab5fc46d3c853c16b7002644baa24796df02868894d143111fbafb91c7,1,1,318,318
secworks_sha256,9d2bdb50368216204883ac799e5a106cb04138469e2cf48c6a1159e1240a1bf5,1,1,310,310
secworks_sha256,9d4bed3f8f60f3bd271ebc1368f045c35b1d97559f6955055cee380d7ec0d0ce,1,1,600,600
secworks_sha256,9d643ed17ed008def98d303439c7c2e0c037852d0b43f994e1b8f57d95751f5f,1,1,1318,1318
secworks_sha256,9d64fc484aebc4041da084a9724e62e3dc73cb18ef7a6b5f27ee94c25e1d3c17,1,1,440,440
secworks_sha256,9d72ca4820d6629c1aa80ce76cf1459e739727a56aee7c3e340a2c354b3bcbc5,2,2,541,1282
secworks_sha256,9d75247c85625b18b7ceac7b59076ef158e5790d6ae5697ed3cf42e3ea3b89c3,1,1,710,710
secworks_sha256,9d75e94578e6e9be257473485f8fb78b1fd79946efb3921b075843fbf2f36716,1,1,1149,1149
secworks_sha256,9d948bd522c65baee00a9b38b4d41941746c6b82b2fd5e73c5c5c8ca35101f52,2,2,702,1159
secworks_sha256,9d9665e9a5bc5120c0b9c0b06e06e2dcd02eecab5d82567478c254f3ac5c4b61,1,1,861,861
secworks_sha256,9da71fddc0f7ade4ae1510f5d6a59ee56083cf4dbd2ee546bf6e26a18788853f,1,1,1737,1737
secworks_sha256,9db0830f25a0ff6be6bef2b88c11a3a317f97b720e1dda8335a737c24f74cfde,1,1,404,404
secworks_sha256,9db5be1ad4d7ac5432900acf6ab63ad9dfade5fdb86d61d693658bdaa68f204e,1,1,1721,1721
secworks_sha256,9db8819f67f44874f67ef67818e1f2af5aeaab256a31e2d1e63ad338525aa26a,2,2,684,1141
secworks_sha256,9dc616bb7664a43741b938bf26c4c63b6bd59c0a789cdab42b7ab94f4f6d3a3e,2,2,165,1733
secworks_sha256,9dd588673df3092c57302787bf96f3d93f3f8c7f6660a3db75ed7efd72d507b8,1,1,789,789
secworks_sha256,9ddf2023815636e4db5636726691db904f676fb5c8d822da7c57a46b2e87201d,1,1,1703,1703
secworks_sha256,9de7fc344407b488f36cba711bf21954b7edc4226213928168afac031c4de039,1,1,253,253
secworks_sha256,9e197146be79b570292fe92b7dcc7297dc60763c34cfa361f5eaec0eb23cef27,1,1,470,470
secworks_sha256,9e3d321ef92a492178aca5dea0e08e241792b0f008c2870c2a87c677cbfdc8b8,1,1,1748,1748
secworks_sha256,9e4256e00fecdc5e87ea52f182dfda4839aec5621fa6bfb8a42637e9da9e0604,1,1,1495,1495
secworks_sha256,9e669edcef6fcf6e920e1b47c8865834d83f1b1040849a8d336e7e57991f06d1,1,1,1312,1312
secworks_sha256,9eab1ed76987f61617eb3494c8d996788b93609409a4c154f5a64c2192381a13,2,2,2017,2045
secworks_sha256,9eb13683ce261bebce15095e0e0b729c89d98c6e9779348d3808eb386ca5efbd,1,1,702,702
secworks_sha256,9ef38c422f1200c29aa440527dd0a80fd6ceec063221f2f92e4d2cf83de2b29e,1,1,1297,1297
secworks_sha256,9efa39c7f9bc00a0efebc8cd1cf36d18555bd3749f8ca444ea5abeecaae54744,1,1,664,664
secworks_sha256,9f453508011fd3612f7e718cde5bd24f0c25ef9dccc0cc0f831c372f51945767,1,1,665,665
secworks_sha256,9f4ffe9678e432a9f6590611e307d7d5932cd6c2302691b6b866d2ba85621f5c,1,1,1753,1753
secworks_sha256,9f57a572e70ddf3a2dbeca61ebbd7e8215c4efe8e77ba8d6dffabf416c37e9c2,1,1,1941,1941
secworks_sha256,9f60c8a264de3bc174f0f59ce1cb047d6a79efa5a65937f7bdd7f02a307ae8f7,1,1,239,239
secworks_sha256,9f7a178a02cebb006e3d2d632a9201a45fd37acb986e27f3300905c734a8d442,2,2,26,1218
secworks_sha256,9f87159b54eca40b6d694f830c7e252e2a798ddbdac6e070efbd994b37500473,1,1,1403,1403
secworks_sha256,9f88ab16ac71546b3178f4915ba5daee9cb11e11aefbc03bd9ee02ec25eda2ae,1,1,1376,1376
secworks_sha256,9f8a62773df2ccc3f755bbfccfe45b0f199bec0e80f90749734ad34d4a024f15,1,1,1167,1167
secworks_sha256,9f8fc1eacdb59ff1efb4b183bbd1a79223e68be231df6737a08fcb7180289383,1,1,1530,1530
secworks_sha256,9f9f214dc19701364fbee3f83a3816070a0beeed48274afba54720e3eb725af6,1,1,1005,1005
secworks_sha256,9fa18311fabbf3e6d58d859ba5928d73df648f4e31177abfedfa63aeb5ecebd5,1,1,1499,1499
secworks_sha256,9fe6afca7457db6b80b6ce31d46e855f4c0718c8a5260ca16709855929a7575b,1,1,1525,1525
secworks_sha256,9fef821b1ada84da84b37089466468d204e180bc4389ea5abd011554917ba811,1,1,1202,1202
secworks_sha256,a000a31361590078c4aa9857516aa673d1076f362820fee7003e15eba9ab70f9,1,1,822,822
secworks_sha256,a028582f30e14fbff6be4fe4f06ee65e1a9b8b8816962b013b34e3282f899763,2,2,1014,1112
secworks_sha256,a04300b623c3c9222475251495485d446184541373b5bd7dc1f191b71d38257c,1,1,631,631
secworks_sha256,a0556d44de0b7378cf9ec31f83c9fa6532daee27e4295668ad79fa31345a1866,1,1,2021,2021
secworks_sha256,a0570d8961e49955218c8b4d97b819d23864c190c8f1028c74e474f9aa5fccc1,1,1,1050,1050
secworks_sha256,a05fb10a6e43e79b4404de30a8541bbc1df5559d196543fad18f4491ca39d34a,1,1,1125,1125
secworks_sha256,a0793249d28195ba38e7c76dbfd8a6470813eb2035169a5f5c9b0ab1247fefc5,2,2,685,1142
secworks_sha256,a09dbddb2834cd684e06248966f0b5351b73571b19d98ce25f715ca2604768d0,1,1,523,523
secworks_sha256,a0c256fa6c8fe7bc3df3335231d3b97c8fec0ca518d1168df0bdc1d0176eeeaa,1,1,555,555
secworks_sha256,a0cb871e1bd6d1f784788e9e7295138dc2c267b1a06fef31dc5736ac95e85056,1,1,1750,1750
secworks_sha256,a0e66cac839fefa4bff89c159d57e0d3d20300047ce625b3bf5bbbb1f3a2ff9a,1,1,515,515
secworks_sha256,a104a19e67105ab5dedad62de7e57f0fd99b66801d072099ba74229879cc5ffe,1,1,1823,1823
secworks_sha256,a12011a0703dd492cbfa63fc858e59caefdeeffd8831730ea682b227939510b8,1,1,905,905
secworks_sha256,a13436da446852ba01d7e293e8027e23fd4fbca837aa3474e5711ba3dda70025,1,1,1272,1272
secworks_sha256,a1394d504d17857051d50d7afa4784aa32b83450a359dac4c47e203099d4b193,1,1,524,524
secworks_sha256,a13a46bc21422ab8e12f1e0f2bb9e4c1e845b1ff9f7ecfdabcbe7068cbeb2828,1,1,688,688
secworks_sha256,a170f4b258b17cb2036b281e1f4e04b7bd0de5a28ab4c6e6049db78bca3c639d,1,1,20,20
secworks_sha256,a171bc361e83af7a9e4b0c5c15ab02c4f4edb2e246b00fb070de8a4b16597733,1,1,501,501
secworks_sha256,a19261ac950f4cdeaa779cc68f0310b0063b1b047cc9a01aaa8b806f45aa7992,1,1,1123,1123
secworks_sha256,a1943a9746548d0229a257be02f01346b4d6d9f894f75419cb50ca1a47b67d75,1,1,339,339
secworks_sha256,a19c4b73f60ba6e02052f8be68081a95c19fa6f509b13ef926c323387fdb5aec,1,1,680,680
secworks_sha256,a1a7ec614a044911ef11800365fe9619a64e635b98d9bdcd92192261411378df,1,1,145,145
secworks_sha256,a1ad8454762783dd6a00056af9ed4f8dbd7b15d33a2c4f374e310d406b5985ea,1,1,232,232
secworks_sha256,a1cc65b84e30e05198dde9a157d0ef9e1f9956ef8631aa6dc549ba5ed57b3e54,2,2,265,1170
secworks_sha256,a1fa6b648a3a2f3b63261ac3c90af5d73bae6a3877640d14aa0bbfe3219af94a,1,1,1947,1947
secworks_sha256,a20794b07040d00065a856d5f8a8effd32d3f930303c435812fcfde0d3cfea79,1,1,201,201
secworks_sha256,a2191ea6afd7ad19b4f143ee8e67c866281f95caa2c46071a1cbf798327b11ad,1,1,643,643
secworks_sha256,a21da588061a606cf24e034a2bfe3ebf73b1e0bb94d2794c44f3b64889a17a22,1,1,437,437
secworks_sha256,a2269c4531129f1d07f905910c3a9f7f6e3fb1a970751e8e89124be836542d13,1,1,1104,1104
secworks_sha256,a23415225725224f60731b58888c971dd071aeb600ab5bff42d1faaf609a8eff,2,2,1000,1068
secworks_sha256,a23d6cc1d5f7a933604dbf3baa2a4c4d24af0720aa57a00191f7c428b4f90269,1,1,1930,1930
secworks_sha256,a257faa9e3f5bba037cc1c55b5784c74da2bc0337b46bb40cdc0dbf6b8d9903f,1,1,1348,1348
secworks_sha256,a266f1d10a5946e54125461a4c7640714446583f5f56e54c3c3e4f89976ec3a9,1,1,384,384
secworks_sha256,a284cf6eed23b86b9f8ac91fb992b807d1e22ddd289723c1ceea737e21190bfe,1,1,1925,1925
secworks_sha256,a29064861c001c7935bb7176a69972a49301840f156424e4e9f2bfd76170e451,1,1,597,597
secworks_sha256,a298615c2b775d564aee0ec1a2466b7b1a183b6aab4719fc542bfe54c33a5b87,1,1,1554,1554
secworks_sha256,a2a0f5555f38fb65834aafd1bc8b6e497aef2318456ab8905f16b1131ed4a8ef,1,1,958,958
secworks_sha256,a2aaf3d20d517a457f3c2bd67a3164146f63ce708389ba3bdf32662453cf5a2e,1,1,502,502
secworks_sha256,a2ab36bf73718c5a68a5271ed75429381ac35d2d42ebb79daf12e299e03cf699,1,1,819,819
secworks_sha256,a2af00c642e9636b93afabbe6d9f3e170ef211cfee9d853d07d5b238c2e9e5b8,1,1,1468,1468
secworks_sha256,a2c61cc89483bd97811832539ce4e9132e22094a3c2b845410071e9933a0b6c1,1,1,1359,1359
secworks_sha256,a2ced79cae22e6938dd2067b98e5b1c4dffabbbdfae604aea381ff619a82a14d,1,1,766,766
secworks_sha256,a2e7619da1953addc96dd9a8effd1e80d70f8cd0b83ccf7b99c59d10677ad516,1,1,737,737
secworks_sha256,a311d6306a2d87bb812123fe4b2ae6f5d9a2a28e0fe618df3ac0db4f833d4bdb,2,2,1013,1111
secworks_sha256,a335b9a5ef91a8a4880d11a7cee45a8c44601ba0cc6cac01ff3c0b278ed3eb0b,1,1,1963,1963
secworks_sha256,a3391497cba176a7a81ac0205047d36259855fe5e09cbb39ee15d368e55c1601,1,1,1570,1570
secworks_sha256,a38b084153ff93d4ef3f0d43c615496157e570ab5ecc019830cce45bc78d63f7,1,1,637,637
secworks_sha256,a38c552ec3ddb529650272589a062da6f137519eb9aa52946f888424eb386919,1,1,1755,1755
secworks_sha256,a39d685d6b1e3677b6cd6fcb0bab7bfbb5e1e3e7a190bef19b65f3622b17b712,1,1,60,60
secworks_sha256,a3a2f91e7178fbfc060f4ea629d3c8efa5d96b107d0e9cbcb477686fd5d95e67,2,2,1795,1798
secworks_sha256,a3a7e7320be43e67e66278dccf604f31f3eaed2cbd9e1bd734135b3619a530a5,1,1,886,886
secworks_sha256,a3ba100e98b49c9eea596f80ec010cc3812b5f5110403f00c5a9ca7db569577c,1,1,1148,1148
secworks_sha256,a3d6f9352989237e2a9cd8f6e6c2267492cb2f1032e7a5e6e2a51405f516cf39,1,1,851,851
secworks_sha256,a3ff620ff763826804507e1cd8dcac6d540fa74c131404417419c20eab2a8fbb,1,1,433,433
secworks_sha256,a40e5e3d4ad1f4ac24dab23b8b88f2505dbb4ffa4db1b14722af9f2ae09114bd,1,1,787,787
secworks_sha256,a44e94f7aa0d1fac805bc809ee3db30ad9a7cdddf89c19a91fead79d8aae9cd6,1,1,1566,1566
secworks_sha256,a45a20fabfaac7d361f682a6a95d286af2d61334ab21db655d57c9612cafce4a,1,1,330,330
secworks_sha256,a4bffa19640b819b36d48ec6912f8fd9183e1a238d821a3a7853d24d282b12f3,1,1,762,762
secworks_sha256,a4d3f573c73e4a72147f70de4414731846291fe75c3df04b3ba23e4b907a4c19,1,1,890,890
secworks_sha256,a4fd08a2ecb97fd01939679142b16645dface7f156420eabc21c04c98fa38b64,1,1,1278,1278
secworks_sha256,a50192aeb59f91999ef0cc82996763a2adb2dc3b7ee6ab9753b8d3e916abb9bb,1,1,1291,1291
secworks_sha256,a50ffa23042d1376650d1131d4c0ddd6d8c90b57b79d2826064b1cdaea817097,1,1,577,577
secworks_sha256,a51989ad5c31697caa485e561c36ef5beb7ad10157a819434a4d426922dac691,1,1,405,405
secworks_sha256,a53660b80d2393d9f5ec7e94abc6f2cb347b86ad6e52cbc4635799186963fb3b,1,1,1251,1251
secworks_sha256,a548e7c180247d3014a15e3bb2318d9cdb27f8648abdb957980a76c9041e227c,1,1,617,617
secworks_sha256,a5a6654db03a8578cf746d9c7b8b99d93ce6dda8a7a2caff9c1ad7f65037ba23,1,1,90,90
secworks_sha256,a5a6f9b58961695071a86db3a368e4f064de55530df97e265b0bd4c4ae7b3313,1,1,1915,1915
secworks_sha256,a5ac3c3da4a19f8dbcd981aef85431d339a5068d5034dc0df6f60d410f6d0fd8,1,1,245,245
secworks_sha256,a5b3a435c6bc7840cf3be9316e1d4706d3e599678e2847988e6b9c9fe5a3868b,2,2,6,1198
secworks_sha256,a5bb4aff8dfaf45100261d6ea50fbe9c805b71ba5cecd48d9325a803f2db08de,1,1,1308,1308
secworks_sha256,a5d94ed876e0cbe7e72753a048a82f4b22828f2706eae5226cb3804f0b0324c2,1,1,760,760
secworks_sha256,a5e5849e7f4bfa449cace7bfa143412887f5520b49a14ee7c0d9238940108ad4,1,1,416,416
secworks_sha256,a5e967a172078762c1245569e259ba0b94f361ebf88c35332621e1175512fa54,1,1,349,349
secworks_sha256,a60180e4b2310169e7f9a3506db6aee82edc6b6d46d58557c2e695fe5289c3ac,1,1,67,67
secworks_sha256,a60e79f23487be2c7e7753b12dd7fb5c3117676cc0aedb2075f6e6b3e2e4e6b1,2,2,1002,1100
secworks_sha256,a60ef8017bfd9b081e209f97a335b3e4239dbbf380a171463a3d58977a2eea0d,1,1,868,868
secworks_sha256,a63dee791da8026039418788c9fa328e57bfcaaa10f4284540733d268f6d8c4e,1,1,705,705
secworks_sha256,a667002810254f6bca4672637cf5dbb2e1d7f63f999cc7815356a07cbafd0205,2,2,537,1278
secworks_sha256,a674779801425ae8d49a63937174983d1da4c3d0568c04f4f1181dcde4ac8ba2,1,1,573,573
secworks_sha256,a69a533d3840a2180c7a09834e723ec745bedc5fa4c30cf47872e26aa0f62724,1,1,92,92
secworks_sha256,a69e29ac3faa79a5d91ea35156e8f69f2f821d98572d9f538320c7e629b977fd,1,1,1397,1397
secworks_sha256,a6a2778121674b7b4147c2c0d2f47ef60670b1b691da1388cde6f17e7591d0b2,2,2,55,1091
secworks_sha256,a6b8a6063ea38b069c0933e8f78decca13f3999816aa73233309dcd38620c660,1,1,102,102
secworks_sha256,a6e23bdeacc61ffcb7b426e92f34ce253befeebe4e0185060a65d8583e7eca9c,1,1,151,151
secworks_sha256,a7039bbaa684d9ee45e12126cd09f498a40fd0150b96ea7013e2daf45561b2e5,2,2,63,1099
secworks_sha256,a71147ee38a394caf4d96a3ad595909a4037487d95abd2b784b085c640bc642c,1,1,643,643
secworks_sha256,a7295f50db8e339f42fe1f7455b2b104d904c9eeff179719056189ef9024333c,1,1,485,485
secworks_sha256,a72a9990ee55075595d93a2efdc28da345f9dfa8c5990a4cd233a4491d5d7417,1,1,421,421
secworks_sha256,a740fdf82140726f23e1fc2ce4cf4af1cf8bfd3837fb5de0a65cef682f90867a,1,1,338,338
secworks_sha256,a7548d9463fae6ee0770ba085d7bb78394fde3347d4dfffac49b92a6a0c461a7,1,1,1182,1182
secworks_sha256,a774452bca2dff10188aa9c1d1d080dca98709730a0f242f17aa37ecc34cf408,1,1,214,214
secworks_sha256,a776606190102f42447d47d63ebe02e7405938fdd76cd112d4b057cbe67ac16e,1,1,910,910
secworks_sha256,a794a295de7c8cbfcccf06215e8e88381ec16458311e2f4ee1db178d710ca46f,1,1,1475,1475
secworks_sha256,a798a3e4bdcf8ef86dd471f61443213ed4b6d0e6d91de895c55453c190eaafc9,1,1,479,479
secworks_sha256,a7ab4427ec1df71fbd711109c5a5a6a87ab88e9bec64f6c18c2bd531fe3b1363,1,1,668,668
secworks_sha256,a7dc4b7c919068f4a86d417d3b3f89efab28d366502521a32b54d6bff782a478,1,1,1344,1344
secworks_sha256,a7ebc0da4e0b9cd2907d06c14c28209d19e90f95383101fb66a19a4e9a69b4a8,1,1,193,193
secworks_sha256,a7f48df18fba4ca356a26e63f02ca348ea05e1d97007592541ec71ca944bbfee,2,2,1024,1122
secworks_sha256,a7f7c0034577165a0129be785508f1be5f02d60c84963c89b3a37144bf39cabd,1,1,415,415
secworks_sha256,a7ffddb540f944fe4a55ab501883f1377e1db46f650765ff75aea1d6933d5167,1,1,798,798
secworks_sha256,a8066e412d0718f3ec9c2fef2a99193b3367b02a672ac5e0063ef4180ecf584e,1,1,957,957
secworks_sha256,a82042e71be65849c9a71408890533736b6a11e40f8294d8ef40d46e8787bb0c,1,1,550,550
secworks_sha256,a82b13defd3f084bca6bc06ccd95e4554bf598e257000a0c9dc34b7873cdcb99,1,1,1646,1646
secworks_sha256,a83cd7c3e97009ec7a472e84b5686a1366e1ebe0e0cfeb40d2b5871f44dc334e,1,1,1363,1363
secworks_sha256,a846a3f478debfb369948e6039389acf6d8dd7ca595a984be284f341ebe4f44d,1,1,337,337
secworks_sha256,a859e3c96121792c7bde6be421e0d54298a9e7884e7369291a58ce63791ef4da,1,1,486,486
secworks_sha256,a878cb8da3b0963fe4c569d2ab78d4c319d888e9f7325174f9031935f6fee89b,1,1,1120,1120
secworks_sha256,a8847f168ce7db29972068f1667847cff7d9370df11a63c2bfc8361327b008fd,1,1,64,64
secworks_sha256,a885762a1185d264145e3902268691c075bcf0c2bab976bfeeb1adf299e828d9,1,1,1021,1021
secworks_sha256,a888927aede05a13e0c9ead351efc1a21612a619f7a8b36042591b9c39444813,1,1,425,425
secworks_sha256,a88bf385790f57cb7b21b9db5e9659b5679039531152833a89be8d727bc5c7cb,1,1,207,207
secworks_sha256,a8973bb9c820d089c89fe24bdc6384b9a12e614d6153c0f1b62ca447975e21b6,1,1,340,340
secworks_sha256,a8a0363bd36039b622949fb347bf7bab950e4b2e36b0b36b2c7afdf310712d68,1,1,114,114
secworks_sha256,a8b17c7436322e64f6db682c05fdf978cd7d3fc2cbc551d9b4f2dff26f507be7,1,1,1264,1264
secworks_sha256,a8ba960dcfb46e4ae76aef5139a1c18a1fb1bdae189d394195056e4784f61f97,1,1,62,62
secworks_sha256,a8e3865ce3828259de90d7e1730b9d9530baac375bcc75c67a6cca6dec7da9ca,1,1,307,307
secworks_sha256,a8f58df4cddc9156cfb4586cf9189a97d0cc8a0f6fc241df29c63a290d9f72ff,1,1,450,450
secworks_sha256,a8f61f3424c9dfc573778c5878e47dca34a61280da51b948fc66c68593820f0b,1,1,434,434
secworks_sha256,a9031c3521deb4f27b6e533a996864dd47c9402f7880f1070bc3c139c091aa98,1,1,641,641
secworks_sha256,a914e76070657bd41668838b4410c1a362d7284820632377e57bf563fd22b7d4,1,1,1931,1931
secworks_sha256,a920b6c85b53197e002f15db1a90c39ef0d3a5d69eb76e1d609557801b45f6bf,1,1,1367,1367
secworks_sha256,a92db162449db7f85ba4c08a0a05f69f9084b899fb411fa76fe598c48d53427f,1,1,194,194
secworks_sha256,a93430e3905f38196de8aaac33783eb671544722ac3ede1c8c19ced9e40d4d22,1,1,1717,1717
secworks_sha256,a938ed0c6210eca07f4cbc05987bff18b5097212a91d5b85855b99fb9270ccd2,2,2,1961,1962
secworks_sha256,a98e5a153306aa783ec5cf9e1832610d1d18b4c8b669367a37aa0bcd631e4385,1,1,1966,1966
secworks_sha256,a991a8a7f11b34a9d24eebe4cfc3ff4600f8223102e3d4d44e7ee1a7f2c761e5,1,1,893,893
secworks_sha256,a9b7abcc07ec9f80ad026e55579f8185727931fb6569b68a21067d7a80e65901,1,1,1233,1233
secworks_sha256,a9d97cc91dcc8fcf7620e1a53386675a450eaab1729e59f44b58b62fcb121978,1,1,155,155
secworks_sha256,a9f955d5d9a9ea78692ad340b9c5fc3eb1ac81eddefba9488d08946079535b5d,2,2,61,1097
secworks_sha256,aa02956c0f63e9efa43f0502c3a09daf9d4dfc87bc3603121eebcad8428164b0,1,1,1613,1613
secworks_sha256,aa109f63feaa8bf1dc6c96382e6a31570ef2a081d186e1ccb86b2a147482e1b5,1,1,611,611
secworks_sha256,aa38044fd1bc648ff6103fc73bd07314b7b5945cb2ab718eb069a1727ce7688d,1,1,831,831
secworks_sha256,aa38a6298552f1938e370aec669598900fa0856fdf3a675e74976ecccebffd79,1,1,962,962
secworks_sha256,aa5a60cf95c638e6b9a867984eff2945bdcaa4443587c0eb09f93b5d0d54969d,1,1,561,561
secworks_sha256,aa683286a06d0d5abd42735696951102b80ff9289de8b0282c0611c74baf0d46,1,1,78,78
secworks_sha256,aa740ed14ab7dd204c92dca55a54b33c9b3607bf97b874ef0ea6790c51e42d15,1,1,432,432
secworks_sha256,aa8fe1c36c55af5076e94afc957bccdbb5da584786d01b96c76ce3e0f0ae156a,1,1,1129,1129
secworks_sha256,aa903f2a5837f8cc97f749f0f13fb358a91c778f95a66e7cc29ef027569a5339,1,1,420,420
secworks_sha256,aa943ca7c24d0c82e5b090718f161db23fd61f84cbc899c25368d9392704d9a1,1,1,329,329
secworks_sha256,aa9b07d290fe6222f11734912e8153a39c199013837a07e198c92250c61c6569,1,1,252,252
secworks_sha256,aaa308d401531a4205f843c6d65e008fabb1136de8995d9828abb7801b31f3e2,2,2,33,1069
secworks_sha256,aab0466c9591b008fa7751efe9d57a53f3ad9244e057c17822e47482f150a426,1,1,913,913
secworks_sha256,aab188ea2f288a236cfad1c2116e3c99520584c144f9926ec03c8bf6419f736b,1,1,838,838
secworks_sha256,aad83ff2c458a6d72fc30fadd96c264982f954958c14c6cb02c04a4fe215ec35,1,1,1253,1253
secworks_sha256,aae5ca389f24c34b904e84f510375f22e2313323d38920bcece964a97689e780,1,1,197,197
secworks_sha256,aaf39eeb725aa3a7a450bdb5ed104ea787054748f4c142ab87acce6def29b54b,1,1,187,187
secworks_sha256,aaf65f0ad35704bdc84aa010693124b50494258414867706a3e75b6f475b041f,1,1,1491,1491
secworks_sha256,aaf71b4e6950689076b826ad9db9a4b869e78eecf56159fd4603d30a10d188d5,1,1,568,568
secworks_sha256,aafd2ad6f72e843a4d71381f62a3ea057d94b069194897252493c0411c99e047,1,1,1477,1477
secworks_sha256,ab25164586c866d5a5c83b04082775fcf948bc31188e5be586d826e0ffcc9313,1,1,577,577
secworks_sha256,ab40ae1bc1ff4dd02627ed5208374d30a07c5cee1452cb29096d2b516cd32ecc,1,1,839,839
secworks_sha256,ab44613733b083474d89160de85056fb570654c0121a5dcabe8582677de03314,1,1,905,905
secworks_sha256,ab69b4891690782be32f9826bd5e863dfbe40cf55445c081ed2db7d5032c3bfa,1,1,486,486
secworks_sha256,ab69fd664419e0e2d99bf436ad5a36cd179a0a93c2c6e76dd6d56f68e4f8f23e,1,1,316,316
secworks_sha256,ab8b59d8274bcf65036b88a3d909213363f1b09ed9f54d0a6f1b51f934a59042,1,1,393,393
secworks_sha256,ab8d9aac5d8588197e96cbd1ff104644886e6c2f8822e892b295838580b96126,2,2,996,1064
secworks_sha256,ab941cfde16b63300ddf2d06b3e1a4e8728b6f2026be82189439254b9f219cd8,1,1,1595,1595
secworks_sha256,abb0adbdd94405799a163e445e6b3a1c8de9f5bf23a3fbd7429d5ea9d716940a,1,1,1307,1307
secworks_sha256,abf14e346f33a654a3feaa9e5695ec5c8d1798a28e768d132101e712be92c56d,1,1,199,199
secworks_sha256,abfff59374433634777e3ce598f87ae3a1f910f69041ff175bc9b1168ecfbfb2,1,1,357,357
secworks_sha256,ac0f2703f80d37871232c074cba06d989b57a53a5965e65a04f5895b51040aff,1,1,938,938
secworks_sha256,ac1c2256548ad70626f1f8e16266f7df49d50e8d0a6e5dcae160ae0f1c7a85a1,1,1,1905,1905
secworks_sha256,ac2074e5d0962e53688dcc03ffc443e559063bd7d7b637449d90b5801a817cc6,1,1,821,821
secworks_sha256,ac2ba43f7eaaad2d3a56acd79dbacd6922dd1eca4ad39d7680213e494ea8bc72,1,1,456,456
secworks_sha256,ac663096fb7c538e7fb7feb1d72c21aa90769934cc47e441017066eb1f668dba,1,1,482,482
secworks_sha256,ac7421baf4cba3bb78975943caf7b1e80fb96b092af3c53ccc297d3dc1d40efa,1,1,840,840
secworks_sha256,ac968b5a3a8a8c28fa78cc453fcaa0d98adf5a8c591db1feb136277ac89b90ba,1,1,683,683
secworks_sha256,acba86ef8839f0073390ee9a671c8f414467e42f374884310bf1ac1875204c94,1,1,1212,1212
secworks_sha256,acdf225b95e730a6d05507ca23a914410c703ab5f98361de11ff1eca8298eb48,1,1,58,58
secworks_sha256,ad00e23bf8ca69f649d49826773e70a78263410fce43411ae3946aeb90127db3,1,1,1923,1923
secworks_sha256,ad054bcf995a4e35b2171b1ac79a07e864a2eef52ec24ecde96529045879a93f,1,1,1752,1752
secworks_sha256,ad07580fd431e6a31cc1008defac73e7f50aa5444e430d5e74bd3ac9d03ec5c7,1,1,858,858
secworks_sha256,ad09ff2810f81d1978757ec47979226e591f730aa926923d7016acc3031a1c2e,1,1,814,814
secworks_sha256,ad0b1c460b0025edf43c3d94b9659f7f8c4b22d54e4516e2729b06ed76de8b06,1,1,941,941
secworks_sha256,ad37186695bb0c8c2653d677b68a4b5a1cac552b7a386cc26c81fd3f18ccf315,2,2,286,1191
secworks_sha256,ad39acd5cb162596e060f139a8f35c2b367234ff424053493bf496c2ca9642a2,1,1,1945,1945
secworks_sha256,ad3af57f3f8541cf4040b3b681067a416c8cb561b952778ca945b17d213d9fe6,1,1,45,45
secworks_sha256,ad50bfe5b5ba610aacf67a7dac1962a13289d6aa85729f2f0ca916898849f719,1,1,1538,1538
secworks_sha256,ad5de2562c56ba94f5c9309fb5dba8a103854c297933e593c456fafc16bee8fd,1,1,1451,1451
secworks_sha256,ad8c7907253439a6510cec720a56ff885697135e70c1786d453a8520ddba8841,2,2,529,1270
secworks_sha256,ad9baae5994e14cde470e8ac1f1f12c54d4910f5dbd8a913f9779f24aa569574,1,1,51,51
secworks_sha256,ada10c2e46ca2a9fcd66918b2eb7c6de5cbaa79abbe5dbdd8185b1fdbae8366b,1,1,129,129
secworks_sha256,ada1ddc8079bbfc968ba2bebf68a8f22e3f838af8349650c29166da8ff6a4480,1,1,1246,1246
secworks_sha256,ada2c88b23f26333688061a85c8167c0407c7ee09f3e4399d4960f784bd89c7c,1,1,1288,1288
secworks_sha256,adb89bdcda44564cea16ebe0d6196f4af1b8641a8947f08d743fa9bea56e0a07,1,1,1538,1538
secworks_sha256,ade1453243d805266af774c24d5fce8bd7d24184eaac7a596e23d3f73fdad59b,1,1,583,583
secworks_sha256,adef2a5ffce30aba99e73ea23b7fc8d0941e6563902268c4ea0ff25637fab541,1,1,867,867
secworks_sha256,adef6048f26ba981d023336738ad1fbd147f6703a7d011013f29048f2d37573f,1,1,782,782
secworks_sha256,ae25e6f579ee8103d51216f88c32293bb613a0384c8be1d0eb760cc6ebdc75ed,1,1,351,351
secworks_sha256,ae2783d651fa74f1161aa20bb3365fc10288f0189e0b1c43608ad3c05862c092,2,2,535,1276
secworks_sha256,ae2f3f1979a888efefae6e4e0ff5fcc44c0a89045315caf4f2710d88fe4535d3,1,1,932,932
secworks_sha256,ae41fbb98a325a90e68027316acb72568afe4785c5344730f6c2abb103ee1491,1,1,1044,1044
secworks_sha256,ae482e56988f2ca6cb60149cc1e7c7f2e67962a395fe81b9ebbe36da08489be5,2,2,377,1533
secworks_sha256,ae9cde3faa6e6af3dac86a591406739175fa816f31ac9885c4c7658e8e4d59a7,2,2,681,1138
secworks_sha256,aeaa52e1bdefa31a3b123aeb50fefe91c4618faaa357555dbfa97ec6c0bc24be,1,1,1145,1145
secworks_sha256,aeb26de72872a1ac06f996f2980b59732455a71ec0e9ef6524c260fcfa2f4947,1,1,19,19
secworks_sha256,aebff159d4275fff3305235853447d666fc090e08e8988364ec4fb22a5b6c52f,1,1,89,89
secworks_sha256,aeda506b004197fcd2d060fd25a84005e45a1865489fe39cf6df7b50706f8cf1,1,1,505,505
secworks_sha256,af34db4f8dce02c894e134041f4f42304c7e51e2a8bdac65b2e111be8466c948,1,1,369,369
secworks_sha256,af36946f9c3b73409194f9470814b63c042cc5de839183abe936d07e6a89878f,3,3,802,1037
secworks_sha256,af3df40b483ba9047231601e5db88d6ab4cfe13a67ed627781c11113dfbb3dbb,2,2,536,1277
secworks_sha256,af985a923727673e195838e2498181d76113ae2576766385072f6c251ee3b3ef,1,1,651,651
secworks_sha256,af9d46f4d06e3dc2fbee77fb00d5b2ce5dd8aaa139b934ecb0135ec96ed6e379,1,1,459,459
secworks_sha256,afa92eb7026e493e78ce908cebc5b909be6b658c66def88705218789c5892fe8,2,2,1763,1764
secworks_sha256,afaa94d506c1b051b5121d6bd5f06cf7fa27743910fd5d40c888b2c22f314160,1,1,1195,1195
secworks_sha256,afb3128593c0f54e51fc6bab2a02767cb518b574733a4bfd9d36cf4288a3cb4c,1,1,931,931
secworks_sha256,afc12514492e17a0ae3a1c7c625b1d38c3e29ca30b715d042aff68e7fcbd2055,1,1,851,851
secworks_sha256,afc53566447439d7aee2f1891c4e618fb59f19c79dbc42f292db26d1d32ae95e,1,1,111,111
secworks_sha256,afd6a19c2631b4af0da14dc5e56c6e7c3eba2a5987ec3a41f2aff6887f69b53c,2,2,997,1065
secworks_sha256,afd6b20d749db10ed2cd5a5a604c437a1193c1c34cbad3bd53c84dd0a7d7fe82,1,1,104,104
secworks_sha256,afe53daea5957f988b22644f5c95203b92b1a60d5b8f10eb41e288c5f13cb71a,1,1,1060,1060
secworks_sha256,afec32ded7e28ea5973c2cea33f64379d2cd8855d61747077231f18f3247eac6,1,1,921,921
secworks_sha256,afed74d9241550eda671f03eb28cea390eb76490c447904be302b54033d8909a,2,2,977,1045
secworks_sha256,b00907e75e9f62585ca87e9be69a235970f578634bab7a306bc326d06d2ac3c3,1,1,1386,1386
secworks_sha256,b0139cff815736638ad552086abd6aede1ecb31f1ed886bee1f43143241c9509,1,1,172,172
secworks_sha256,b01bda99f281a8959e3f7414ae36a6d50dba7143eebca930e09d34184b1142a3,2,2,1884,1885
secworks_sha256,b02b3a37a76900362be735dff41549e3706e4d35a7c706af12a7ce8efd347ef3,1,1,850,850
secworks_sha256,b036726aaf732f95c9f9f8c0802d20a891e8fe737f744d73f540c4886db7ccae,1,1,17,17
secworks_sha256,b03763e08f2d72306b88bd67d0d62b4ef3310f1e4a47569c1308324c2fdf9917,1,1,1488,1488
secworks_sha256,b03dc8f0b280d1faca1ce94da1897447862bc6c8048d5096a7581f43ce6f5989,1,1,1980,1980
secworks_sha256,b05504d462830451541aaa94a18ec98f008d22f5ae306616c73e7238af28523e,1,1,935,935
secworks_sha256,b097bf95be10fedd8707e793f1ae1ac50dc0b7875e1be185ec413d485a584fa7,1,1,703,703
secworks_sha256,b0a5ee1c4272cc4c110b82c769ac03845a909eaa1bde4ef2b3745612354bfc5b,1,1,1440,1440
secworks_sha256,b0be9932a8867807836bbf3c487921932e4441ba4fa484174dae35c622fd4ba2,1,1,372,372
secworks_sha256,b0cd5510c1988ac4c09eda7a6f29f61cdb5c192465e9a97fc92dc4c749b0bef2,1,1,298,298
secworks_sha256,b12975f240bcf74db55ca7e48e7010ca1c6327c0dfa43a3161f4300b0d17ae19,1,1,1381,1381
secworks_sha256,b14cf24be9d35a5db10eb7f8f750bd4f7585272e05378a6e87b7d62dea7e2dcf,1,1,500,500
secworks_sha256,b14ea9c1b3b23a724ec356fcf35db10a8bc5dd66c64610910369946f5d144761,1,1,1119,1119
secworks_sha256,b154a9d6e77303b9f2733d9985b4ed071ae079ce176ce48059dd23a6ff51be80,1,1,889,889
secworks_sha256,b1781e2f9425071e846d20faebf52c6d9d9ed2aa1b13b96b16df794f15b57cf0,1,1,522,522
secworks_sha256,b1ac34ca8189b082b1181bd3bde521990b21c2c372a276c359c19a020930514b,1,1,1412,1412
secworks_sha256,b1b65623b59e508a5e7dbeffa46a17b78e1e7b545ef66ff1358506f5907528d1,1,1,804,804
secworks_sha256,b1bbde4317f74e2d0dc6814021b959f08aa7943af5f4f4ee27839ed03879e705,1,1,1250,1250
secworks_sha256,b1e95e4ba52bc5daac265a084941c9da46175a2caf0c70771e469d9ec661b7dc,1,1,1006,1006
secworks_sha256,b1edf52e2a3df911bd9b2e8ef2e5628b5d6ff5d7d91b8de7a8a87c6ecf236474,1,1,1443,1443
secworks_sha256,b204a765efc29bf206e5a097c9032dfe05b68047799e8b9669cee71522506760,1,1,170,170
secworks_sha256,b20e169b603706792cf465318e7cf32c6ef687ca1d7ecfb1e762213200a741e2,1,1,429,429
secworks_sha256,b22bac340651d1c8b2fd05c9035d8e4cc56ca3ff3757bb06e7e15ba05bd60031,1,1,653,653
secworks_sha256,b22f0f922110361a523b4e24010e705a05a213bab09f4beafaa5aa2f72aac852,2,2,1790,1791
secworks_sha256,b2383dc287492d71f680a777790c9f5a4666cbcbf405d3de3c43fa2ea6f226f3,1,1,1493,1493
secworks_sha256,b2493cd934bb01867fb92097629790ac9c44e6ca0827a284ba412439685e0969,1,1,235,235
secworks_sha256,b25815dd22668bd72420a0f94367e1351779f7d76b29ed3984bd4b3c71ac9fe2,1,1,601,601
secworks_sha256,b25dae3cb072d31e861448ce642696a45ce832c48d0452f43ebd0f683dfae1d0,1,1,450,450
secworks_sha256,b270daadbe278ca49b5a08a77a19446c82037473fd0eba911bf4ab3bef036361,1,1,1396,1396
secworks_sha256,b279188d20818b115bf94c6cb98609ebda7209f085f88b5f1e76c382e73867b2,1,1,358,358
secworks_sha256,b28a87f0732e402686fe65b96b32415a96beeaa234fa620b7fc8aa9383a8ff02,1,1,828,828
secworks_sha256,b2a2bc50a933c0531384c5eef1f1b51f8aafd417ad7533d5a776c7992704678c,1,1,1465,1465
secworks_sha256,b2aaceb8e72c747c64c39f7c1d00f2d1df4d265c88b73f2ffb20b10b1802fcd0,2,2,62,1098
secworks_sha256,b2cab1e4d227610bb2f1a91ea4b9f13610e227289b50403102367cb85bb9e034,1,1,887,887
secworks_sha256,b2e5b2878a5f9fa8837deea8fff361c253739e6faab5e69ec9ce9dff5396c817,1,1,716,716
secworks_sha256,b2e7d98d04bd694b42bce9223a2041f04c007ca6e6976e6d705ab5066c52c11b,1,1,1211,1211
secworks_sha256,b2f12aa001d693273e0db9d5c824b4ee0e8d5a6ce45ae5d6fc26b386236278d5,2,2,1029,1127
secworks_sha256,b2f2caaed6aac834795d3928cb146b9e98538d88e89c84694a3370857ba35bb6,1,1,1328,1328
secworks_sha256,b309adcde6f0739d0a308e95eac43008f7cb3a39ca09e2587798d215b3be9896,1,1,1723,1723
secworks_sha256,b32283e1814b09b3cce9d1a1e91a41be91350e69ca1988b1abf6195360687ceb,1,1,757,757
secworks_sha256,b32bd801fb5a6c158ecf4270c1da029c22c420543725c1dda6e2f7941bceac2d,1,1,712,712
secworks_sha256,b331e9730d6d90a4919cf84cb579d5154b574a78ac15f83c8bcab55c8f445f7b,1,1,1583,1583
secworks_sha256,b348bb071968f7257fc86c65abc33125b80f375365d14884a7b4e41cf6373961,1,1,99,99
secworks_sha256,b365967e501efe506bed5f7bcdf259e7599a677b88d234f98c916b49fbaf2f36,1,1,1243,1243
secworks_sha256,b37f3d5ce7cc22371ea7c67c07af706b62fc48b03d49dc84adeb4b8d064408d2,1,1,78,78
secworks_sha256,b3824b1382819b3797b9c3127018f7c4df1472312bb5eb647c26cf0eb15e1e49,1,1,344,344
secworks_sha256,b39e59b4afad2513ec19580a81de9fbfefd65373778a7e3d2b1e0608e2424a09,1,1,493,493
secworks_sha256,b39e5e9968e5de3a9445d0fbd2903f5cc1b29d62f1e1fc3e03ba952563d38b72,1,1,1919,1919
secworks_sha256,b3ba1992ad5dc6172ed13f780821cadb2af1a158128e04e78fd909843b1c00c3,2,2,988,1056
secworks_sha256,b3d7df2d5aebfadab680fae4bc3474041ae702ff9c599da30da6a2be2c57a5a7,1,1,594,594
secworks_sha256,b3e62af77bf11cd146fd296348db65ba95898c1a1e8158b5c2b92fe2ff751340,1,1,627,627
secworks_sha256,b3ead77854ba17499dd87e371edda8275dc809a439392f7d2c02bb56c5ee6b94,2,2,29,1221
secworks_sha256,b3edf6b96c0664f2dbb61430221e3b1c2970ec742f348bfaf19787add436cbef,1,1,1316,1316
secworks_sha256,b3f7dba3c5d07d1335824a0f780297ff41c2ca8c941641607a54696e8a9ce5b2,1,1,333,333
secworks_sha256,b4048465ca71761b4bd98d543ad69ec4dcf50f080b5efef369af1918b430c5c0,3,3,1890,1959
secworks_sha256,b4101c6b8201d8a95c8b18b6b27d9494892a63b5f080fa0cce50241907179a34,2,2,1606,1609
secworks_sha256,b411d23971968ee95990d70691540abd138fe607bf3a1b3aeb72f39861ecba89,1,1,366,366
secworks_sha256,b452c047055cda9dc44a3d3cab76f6ccfa8f15d5e4a080efa4f70ec8bbfc485f,1,1,912,912
secworks_sha256,b4897cd64499fc275a2ecbf26fc439a00a56c27db50004969d9857c258ffa138,1,1,1308,1308
secworks_sha256,b48f428827d8502d3c2b80e784bb4abeb02970404a54192fe889af7520656f34,1,1,460,460
secworks_sha256,b4a1c78651c180c446f8f942d89eca07030349a3923f0bfc43344fae5aa2caac,1,1,1931,1931
secworks_sha256,b4d137bc109c224225c0ad87d22013e1b7b9e90ddc0d7135138285d27e70a769,2,2,280,1185
secworks_sha256,b4e1af6ada292220affd1d261d5e026babec4a4def5cbcd20888268c0bc3c27a,2,2,1588,1591
secworks_sha256,b506808ebbd9c3d24ecfbdbe242dad59aeb526d1062d87bc14b41089e9a52344,1,1,1969,1969
secworks_sha256,b525082a64d3316074bf275accad1491898fb0c49e4f89a99dd5a79da7eb0bb8,1,1,654,654
secworks_sha256,b53f18a69110a6ab2636a83e89e710f8920ad01132a1694cf271e02d23fc882d,1,1,1483,1483
secworks_sha256,b541e34594faa35d30b5232fa970a47154fbb37d5ecbf7a6aa987dea908c2ba5,1,1,672,672
secworks_sha256,b54c781581786ecd4e65585f25f48a46afbce14b8f7e6ee35cbec5430d2f3cc5,2,2,1573,1612
secworks_sha256,b579d0772b32f4034470794db2ec7db49866323c69d833a4072b542928339c51,1,1,1888,1888
secworks_sha256,b589c58b23af74f44e3c177f061654fb1aee5f88b5563c32eabd02701e762fb2,1,1,386,386
secworks_sha256,b594da7483d37f5224a33b151ddf7504549ec12aec1e76b7cd696a2d1e6bd621,1,1,412,412
secworks_sha256,b5a436518daf76fb121b6a238046c5f5d7d4ca06253e16314104db05b7651d52,1,1,846,846
secworks_sha256,b5a963f7285df05b2cfe88e00cb13018ef5d6aee98afddcc7d948aad9d843343,1,1,914,914
secworks_sha256,b5b3474db23aa40f151ad65d9a0012db77dce360e683148822cc1200b9cc4984,1,1,1291,1291
secworks_sha256,b5c41e6ca642bcf6e8cb764d8a457f9ea393035304663236eb6d89e286b76f69,1,1,1510,1510
secworks_sha256,b5c443521d847d12d39a421edc257d5d3e6bd3f3defcdb8b3708ac95b9f42ad2,1,1,1452,1452
secworks_sha256,b5cd2136bb25fa91475b1326d318e7b1c80aaf62674f372647403f7e9428588a,1,1,560,560
secworks_sha256,b5cebdb4cd32485880707105bc2015e2e4fd8e67a8daddd4de327500d3ad01e7,1,1,1484,1484
secworks_sha256,b5eef8cd70a54213542e32fceec8baecd4e3b494dafbca3e46fa33b4a8c93c61,1,1,1013,1013
secworks_sha256,b5ef94273c5e7b1e6708a67d46f227f694a077a6b25eaf7a47f6a2b0e6ff5fcd,1,1,1361,1361
secworks_sha256,b6259171904ebbec23199c61edbc9dca73a5be3bab5898850b22446251188ed4,1,1,741,741
secworks_sha256,b641209edb42a70d1d4a027188b233ddfb93ed661dc971faf4f87e331c222c3c,1,1,1707,1707
secworks_sha256,b64bcd7339ce8a3246d1be5eca51ffa388da82d542133b9059e90fbf617ba447,1,1,1469,1469
secworks_sha256,b651ef00608551af0dd4c0f5b19e3bdfd744dae3b6fdb8a4682059ae809ad05a,1,1,1277,1277
secworks_sha256,b652eb1dd0e6cf97a7867b3e2fe0252af7c7ba37bec98abdd09794d4df646fc6,1,1,761,761
secworks_sha256,b66f81ca8f3d02b38b86da4e7ea52e61797be139e8d0747a686734cd2a47a253,1,1,1116,1116
secworks_sha256,b67a9a9de37ff1f2bd3b8671663895c0df8d7a4a537ebf747fd98a7a886ec6fb,1,1,1747,1747
secworks_sha256,b683b77bb6c9edcba7af0f502f0316d15e131a030c8c13a5ccd1f9d5c96cde4f,1,1,1169,1169
secworks_sha256,b6c9bce5cffbf20183b758417e2531c0fff05e65c1d32c6846b846d17f7ac47b,1,1,64,64
secworks_sha256,b710d568d06124932242f6eb36962315cdaf157e69ba6f364bc42c9300313957,1,1,252,252
secworks_sha256,b71d250ef2b8570313e495936c5e9b4b1a80c7985309a89245cd7c31cbf12045,1,1,565,565
secworks_sha256,b721ddcdb7b6e87e4af76f1e68ca1464f228fb7532f306189dffbced6d37e818,1,1,986,986
secworks_sha256,b731bcad789e3c4ecd9f73e32b2ef4aa8cd08e760e986c60d0b51ddeec393a52,1,1,806,806
secworks_sha256,b735d9f29f475c54750079af68d7b636f43c344bf78048fc86e32651c1ac0722,1,1,475,475
secworks_sha256,b75f808d5c2de1c2ffeef86cd69fd8d5bdb94d6a61121c13271fe448682ef588,1,1,542,542
secworks_sha256,b778f0c6cfc276da0c9b84d2e2e356b5f823bf4e646caf5bc968cccadffe94de,3,3,1904,1990
secworks_sha256,b77fa2c14752b8752d9a7cfbc89b5ea65055b729a9bc95f6ad0f1e4ed13861c0,2,2,53,1089
secworks_sha256,b78a54b369b7d471c06a797ab6d4b1163562bb52067e15c225c9936883ccbd11,1,1,1503,1503
secworks_sha256,b78a7a93d630e8b1069284f1e79fb52ec9fd88a7df5e98753aa1c6b8f038e9ce,1,1,1100,1100
secworks_sha256,b7a6813419850876e46da65ca565bc2a998289e1c2173833732d01380874041b,2,2,682,1139
secworks_sha256,b7cfc4fdfc5354331265186ed8c7ea4c9d6aa8363d7d7404cf335beb288d04b7,1,1,809,809
secworks_sha256,b7cfe02120481fdf10b42900182103292664a70d1d9d0c1c46b1afd37ffe6658,1,1,361,361
secworks_sha256,b801275fed2bdc548beb67fde1bf5b05537a3b70aa7f615d69557477723a06fe,3,3,1912,1987
secworks_sha256,b802d96d5e04459b6662875d0599f4b845a84ef8db5dbe83b6ddd4196ed8a3b6,1,1,1027,1027
secworks_sha256,b81f8653892684f65df731b4bbbbff4c6bf86a41e74ef8181fa277d52e5056d6,1,1,39,39
secworks_sha256,b831c17fad8d2fe71b941b92a35e283e547323e13d0bfab892b1c6c8777b4887,1,1,390,390
secworks_sha256,b839e2e7e92ef856cf0ce51dd6b2276f4363ba73ebd694be62fe661e522e2e78,1,1,790,790
secworks_sha256,b8432b701de38913ad1f3d88007c5f175f96c5d1cbcead8ef655d94ac20a72b3,1,1,768,768
secworks_sha256,b8574f5b85dea0f7ead547d42bcda21d17ef479422f6e35f651e6cfdcd94e0eb,1,1,1084,1084
secworks_sha256,b858b6aa69b868428a8d4774759c7541a336cb2bb1e4e0291fdf894d5646be2f,1,1,2039,2039
secworks_sha256,b89efe78177a7281404cbdac5bac5ef2e0ab4c74aacc717ff5e1f625482d53a0,1,1,1471,1471
secworks_sha256,b8c960ba18fa2e91079b257e9ee6dc92c3cad1c03f289eaa705aab93469f6eef,1,1,1650,1650
secworks_sha256,b8d8e0233c7c2a20335a7bfaa7f34457eb488418f7564c7a07942b94f28f0a69,1,1,1473,1473
secworks_sha256,b8e438086a8fbdf63339a7d3404ab75be0acf4fd6e14a57f312ec89dc1ed359f,1,1,1428,1428
secworks_sha256,b8ee1ce82f4fa9fe83747a0878db49d069908d81a06fb1f647ba76f4e472762c,2,2,3,1195
secworks_sha256,b8f5f9ae60e12649854d0b8ac16ae44040e400627e6c30199a6244dcc80a174a,1,1,1112,1112
secworks_sha256,b90d0b0bb1407288248366d116f9fed804776c71e793678af089749d8e44c847,2,2,1774,1783
secworks_sha256,b92a8e925dacce0cd7d469b377534f762cd8d8c6a396d95090c8a2362f131f9a,1,1,1449,1449
secworks_sha256,b936d6fd82b136f8648525be7fc17e169db907eae5851b86e7e91db6728d946c,1,1,71,71
secworks_sha256,b936edf9b58233c9daa28ca3b6ca04a8c2b38f22ce7e0e5a6ef0b101655120fe,1,1,1062,1062
secworks_sha256,b93977ff6f70eec93671fadf56c5bd3df9f11c8c90657ffefa505f9a20bfdf3a,1,1,1349,1349
secworks_sha256,b93b0c0f806b77624e09248073caf4cd7e655f104e478ff8619635e93ef16e32,1,1,579,579
secworks_sha256,b96149fe87246376960d7a092e631e17444298e51557de71508b12287282e879,2,2,1619,1694
secworks_sha256,b96c14b1ebd9dde5a546adaed7b7859c3153a94e62e3a4a4f00f07c27c60a073,1,1,1409,1409
secworks_sha256,b97618f52d2dc97b6cbb3883859b7fe9f15cfd8c4b5be8f4ebd550e4be8f00eb,1,1,386,386
secworks_sha256,b9841fbf04c200933813c3cf3fd4313c55f3542bd64eae2e9ed4a893f5a3010a,1,1,652,652
secworks_sha256,b984623f590ddd6019dfe5cee0da69a874359264e4d66d290fddd4ec6423c74d,1,1,1455,1455
secworks_sha256,b995821dce7dd03f833c3cce9219ebbc2d30d94e3ed0f8c39ea8f96ef704e5d7,1,1,876,876
secworks_sha256,b9a0bc18fd39962d783b9189fdee88467a84bd916cbc1a86e5aa656acf1d934a,2,2,521,1262
secworks_sha256,b9b3175d13eb094b3b5df7a8653d01d8b470df47435b76f23b617955858db970,1,1,1746,1746
secworks_sha256,b9d2e5e5963a80b0025b4fa3f87a7619c0e63c5c2b9f4157c08fae46597b9320,1,1,1517,1517
secworks_sha256,b9d5a033d8f4aae17c914717a99f03b234549568ae2631191c073d2b107448b3,1,1,446,446
secworks_sha256,b9eacbca2050d79fd510ed6a1efc7f0e3f8605c2b2426d7a3286d2ae656a105c,1,1,217,217
secworks_sha256,b9eff819c23b3df7d2380224135281167bd35b8cc9e1d7d1668c0e024ff19ac4,1,1,251,251
secworks_sha256,b9f378b4fb54048e11adc3b4156091e42861c92cac31d71e43bbe302c8d74706,1,1,614,614
secworks_sha256,b9faf0629e8cc54cef904516fbab8cb63e4eea662d470cb5e76db3de74652ca1,1,1,173,173
secworks_sha256,ba027e49a0d61ac06266c18c19cd0d942d0914fe304e90fed3ebeba9f171775f,1,1,581,581
secworks_sha256,ba040363d626f6a5e11554db08ce02041ce2d24423f2f9a5dac6180be60dc88f,1,1,100,100
secworks_sha256,ba449afd85777861599667b21ebb0e80954f82ae2072e53d08bc09f2efcd51d8,1,1,744,744
secworks_sha256,ba66401e827729b0bbd5c4c49ce19e794e74213504da24813eada1c404b0436d,1,1,1520,1520
secworks_sha256,baacb69706d3478e9cb9aaf299e2bd69a9afd0dbc6cdcc7901b38e97f6486abb,1,1,1535,1535
secworks_sha256,baaeca82af50e19a15234b9949296ba087b0e49e8f7940ecb35c6411e526ae80,1,1,1756,1756
secworks_sha256,baba4091a52abfc614ed6387d1573c4de35133d234c176a53acc15364321ae58,1,1,359,359
secworks_sha256,babf9c8411219f301adbaedb9751db5543cd1950b56da40e394b3c524b1c06a7,1,1,492,492
secworks_sha256,bb001c44a95b85caf260ccb4c58358cc429c0a41d38c02c7d9c164e4dc916077,1,1,1090,1090
secworks_sha256,bb11afdebe0a80a45b51315a08a59026ff511605445c62b93265652f22f4f8c2,1,1,1150,1150
secworks_sha256,bb5ac0eba244cda2a92bbba4989d14c9f67d86408e68eae1c69ad7597406ebef,1,1,829,829
secworks_sha256,bb7b836e4487594d03a89fdf4bc09b41b972d1c29c77ab08d3599a7d51939fb5,1,1,940,940
secworks_sha256,bb7c63dc724f33f6d48ddd400681484f4d10a954432bbb6aebf3c04739c12fea,1,1,1735,1735
secworks_sha256,bb8074147f1aaa54def125b9e29281d237ca5376f63c38e356e6e751cc13b517,1,1,776,776
secworks_sha256,bb852cb90ee2277b40ff9f8955398f1f522e90d22792ce3055ce1429c6ce0060,1,1,443,443
secworks_sha256,bb85329f1d78a94b151691688f11a847785176cf73921ad91c57cf4a014ff45b,1,1,790,790
secworks_sha256,bb9bec35837c56595431d89ba73161ff52d36e4960ccbfcde689558ec2b164f6,2,2,534,1275
secworks_sha256,bbae8b6dfed811b75638134a79201da7f3e90f743913f963020b6ce44bfb3a1e,1,1,723,723
secworks_sha256,bbe109273904b163bbc39e991a842c3f11bab700a545f61463570d742a0607ab,1,1,1369,1369
secworks_sha256,bbf7cbf24092896ae4a029c3f49c1802b855799f23520cb3f382b14923946e97,1,1,1568,1568
secworks_sha256,bbfa7ca92b89bf349f6220c4177138c7b4b808195a1d25d8a92de412faedf704,1,1,1519,1519
secworks_sha256,bc10c0fc695f4a84c36ee83693dbde4d9ebd0df530d2741388a0f330a2103c12,1,1,813,813
secworks_sha256,bc1d9d1ae810aa8adf2eadf1dda06369e7b2cd2da3bbdc4f6b89d611d6e7dc5b,1,1,286,286
secworks_sha256,bc22129e6b28206d0abcdad954a1e7adbaf54c9a66ed3ecfa268107c2577c206,1,1,74,74
secworks_sha256,bc2f803dbc324cc805737d53e56164bf26bc33d5dd428bf82c45bd2320c4ae24,1,1,271,271
secworks_sha256,bc4a086e44db4089d511a54f689230755e57f33264327ddfb61e20d0d48125b9,5,5,1543,1693
secworks_sha256,bc54b0c06d747926ea521cfce38e53b1cac1adec30b76ad4cbabb34e3a2ae340,1,1,1388,1388
secworks_sha256,bc621110d338690dbe98d38021a075222fe069d5348c557fe3fbc4102f4f11b6,2,2,1781,1782
secworks_sha256,bc74bc929bdbcb361d0787822e9d6416f311154248bfda28080c9eb66cc59276,1,1,1339,1339
secworks_sha256,bc9289299a3d0e4c2e620860ac19d54724e764b24324cb5fff1df45425c210a2,1,1,11,11
secworks_sha256,bc9b6fd86f45e3def37a32cb6a7bfa04c0a1e0ff1c393057675efa395c94b72e,1,1,1403,1403
secworks_sha256,bca1d1067a0f96022c4f78269bf0c13f64b3336e15c62d43595fd947e7df1291,1,1,1781,1781
secworks_sha256,bcbc232185afa20712b3912bfb4caaf51c54157f7eb58e72b12f0d4baad3a5b1,1,1,1073,1073
secworks_sha256,bcd99fdd5093eb8d33b6deb7e9a095136842913d589fb5466f11425b381f1677,1,1,781,781
secworks_sha256,bce480a4c30403d9192f79708148805261770458f02ab11dac0c0fcc27fd7f2a,2,2,13,1205
secworks_sha256,bcf3d686562c3d6536d4c389aa00f0ae5893a3679afeb8afa544e50c97075cd0,1,1,1071,1071
secworks_sha256,bcf4eb282a29b03f6514bd4cea673f73401b8463a6d70698360a4a97b8585cf1,1,1,187,187
secworks_sha256,bcf791016d55e579f7d931e87ec43c27bad3610d184f585e9295fa065d8e7426,1,1,1945,1945
secworks_sha256,bd15edbd616ef7fa4d8286a3595f97729e9d258d013440ed89b58763ded1933a,1,1,1184,1184
secworks_sha256,bd1b84b72a267adcc209806d7209494399233ceb444969dfa32463a5e277d5b1,1,1,1025,1025
secworks_sha256,bd231961e6a165cef72f2c3ed5be5729362afe5ec8be92a1c8faad99e3fb66a5,1,1,1439,1439
secworks_sha256,bd38f3195cf6bf70170d228cc8246b417f2d91da360cbe335c7d117657518e48,2,2,277,1182
secworks_sha256,bd51f7b0157e9c442a73beb92b258006bb3f63ae7f519aa3b52801ecc7f38305,1,1,80,80
secworks_sha256,bd55d21b4009194cb12b4134cac725abe15672944db60907b64be7da7ae4765b,1,1,367,367
secworks_sha256,bd589eeea94e89e36b5aa0291a35da233a0c1a7d9e7c186d06a61572a9cb4ea9,1,1,1402,1402
secworks_sha256,bd8362ff0cf004e2771f7ca40511c245b6e1fe5255f99e119cd1af8a9cf824db,2,2,1008,1106
secworks_sha256,bd8a2c25ce25d34c38ee5ac9055b188f9d2dc16499c7e09eee05d3fd728f2a07,1,1,1523,1523
secworks_sha256,bd906a8a2110466300c9521bcae181e38d03f0f5caeb19af8bfb5066215b06f2,1,1,1151,1151
secworks_sha256,bd95a5ee4bdd6998641869da1b2b0592330755f4adf21df0512582cb22f99754,1,1,231,231
secworks_sha256,bd9a58532d0d62dfbc6bd98f713fcd1ce3f979b186163a0bf06b4fa920346f07,1,1,367,367
secworks_sha256,bdbd6860128ba9a2478400448474fd16fc0e9905ca67286eb21d4986f4d1ed20,2,2,1628,1649
secworks_sha256,bdc534493fe9fc124d0fe4ab7c76797fbc3693fc27ddb0a9c9293fd967164fce,2,2,1954,1981
secworks_sha256,bde71997d389a273024de11a8cc0ace8dc95b0c9a0ddf21d1e0c18fdb6ee1ef4,1,1,451,451
secworks_sha256,be40770fe286cedf2a0c33531b4d20f5ec94485717b5f3b74c2b29392320312e,1,1,913,913
secworks_sha256,be453986c3ca4fe0351f6d4fbc503170774779031aa4c022079cc78be2a55bea,3,3,1899,1977
secworks_sha256,be78d599ff503ab0382e7b44401743a70231d0e912cc697b8115802bf3421cd8,1,1,767,767
secworks_sha256,be90ac175394252d6d583e89e357d7682ac5d25baa40395dda124dc8a6b9cb43,1,1,930,930
secworks_sha256,bf4b71950ac3295af8e7dc9912b800dd8b813ee82f5846be625897fcd346ca46,1,1,174,174
secworks_sha256,bf4f532c33ffd9dd73a30ad092274497ccc96cd3f44ed7eb850d78e9d7bf1085,1,1,341,341
secworks_sha256,bf6273e9fb5dc895040080275cb961e8e80451a84d12a7f184d2ce845367cfc4,1,1,75,75
secworks_sha256,bf723b3b6fd93f7847355574d3a14b07dcd040f7a3eb4f65370033f47d0897ec,1,1,1501,1501
secworks_sha256,bf73c2a958ec29d4579dfe3fca05e67d05918966351236b0028fbc9243dff7f9,1,1,624,624
secworks_sha256,bf94eebafdd0995b763e786b76dd597f6a5ade400fcc81da3ffd7179c6094ddd,1,1,1198,1198
secworks_sha256,bf99dd3caf5764deb6727b917be7475a3bbaf46640b070e16e63d489f1812930,1,1,144,144
secworks_sha256,bfb4b31d28179668a3d447153810080890d63e9e1d54b94040b8e30853bfa57e,1,1,1122,1122
secworks_sha256,bfdd8e76445f40bad873f9843f27bdb5ee423b027a24f6d2a01d53631a20b3e3,1,1,1707,1707
secworks_sha256,bfdddc890df1beaf087aad403519f9a423d003be4c96eb0d7b2537d642e4a63a,1,1,158,158
secworks_sha256,bfe829dea3a6b70fca238c3f371ed3cb02d471d0ec82206081854dbdf51b7494,1,1,1083,1083
secworks_sha256,bfee42a4898035646915aec288b536cbd0261b65a3b8a78669e4bf922ac85c6b,1,1,897,897
secworks_sha256,c01dac6a2aae45ac2465e65b21b871c7d8f9613bc5b7574961c0cf6db7359f04,1,1,490,490
secworks_sha256,c028e39eb93513149b3c04460b85eaead1726db6615ab781cc6e2be800c220a5,1,1,425,425
secworks_sha256,c02ea5a24a316bc689be3d9576a7f37d13b83d980f98f25fa41ce28cd5dd207c,1,1,755,755
secworks_sha256,c043a2377ef8d8f9fea262922385e1710f0787c8b4f54a161eddadb559a048ae,1,1,175,175
secworks_sha256,c067819eb16ee36b33c66fefab27f67a75969f712abd28481a47b209ecba9fa3,1,1,831,831
secworks_sha256,c087014d7053ed1b6a74dff676a08bde2c1f74447663c13a32577c873e289713,1,1,465,465
secworks_sha256,c093a334de31096749febfbfcf3cc38f166b956079731b382c8dfa97e9978a70,1,1,253,253
secworks_sha256,c0a095c6e18c2d29d5b2bc8e4c2fc1116cd084281a4bf103f5996f4d9412fa56,1,1,484,484
secworks_sha256,c0a3fd2b7d82d0e664ae9fec6f82533ee5a4d7357cfcd0aa4a71634d0ce53129,1,1,235,235
secworks_sha256,c0b630e5ad2251e7d094d5421fda7e492b0ae606d2ea486ba750b0bd5944c6b7,1,1,1849,1849
secworks_sha256,c0c55f736f4cf7ee4763d9e5e553f192c47e258509475e090a4b7f6ed2f3660e,1,1,3,3
secworks_sha256,c0e5176417fa981c08c9680f79a4864fba8fbe93391a579942eba0f4737109f9,2,2,995,1063
secworks_sha256,c0ed0bb6feac43b06f42c496ca3eed866cbef729e9fe8e0729a996e199028b78,1,1,1197,1197
secworks_sha256,c0fe3e63e05291e4994869ae9815e03504375a5dea6f3a776ae6ee3a51169122,1,1,568,568
secworks_sha256,c117a5cc6074c7536f075df7c322e362fbc2813ddeb439275506af86c731cdd7,2,2,1579,1582
secworks_sha256,c12651ee17e78e81c54e85269bdac3f8971aa8f196644b33d2ea7570e96491f9,1,1,478,478
secworks_sha256,c13aeabcb5bdd731c1ec789aea607adc41e00f276ce1f95f6de387e46416f380,1,1,202,202
secworks_sha256,c13dd53cbbff71689343a0fef0384d45d55e1c4bfdf44f697d19d35e03ad0aa7,1,1,1997,1997
secworks_sha256,c142d0d2f36661ae91a4deb7f462bb2944f2eb855cdeba7a2b724efdb0cb0d9c,1,1,321,321
secworks_sha256,c1581babcae87c6682561e6de81d07f51943f906b2c0630028324ba2ce14442a,1,1,317,317
secworks_sha256,c15b89f030fe238f5997e8e11e4b2bfe362157e614f58f22418f3966340a7f47,1,1,971,971
secworks_sha256,c15cdc0c4d95f1cf0b77a338e33c5a236d9253527b79ca141bed8da5088e22da,1,1,1227,1227
secworks_sha256,c1721ca331827eeed24ecae1887931b8d1276581d0cfd829ac9003c580e86130,1,1,192,192
secworks_sha256,c1b54c96a22dcc94ff55db7721b6a7862f6c9203c69fe39c14cd23d36fc5a8d2,1,1,834,834
secworks_sha256,c1c2044a5b8249100fe4d778d6f67ec9e4e784a58cd878236f6b46710f4845b5,1,1,968,968
secworks_sha256,c1c47c8870d7748b50fd643c87843158246cea3d2a8dde472339a73214c541fc,2,2,1011,1109
secworks_sha256,c227d84f19ccfa54d9a02d6c7da3f5267b591bfe3769fc1b225dfc83a209a841,1,1,906,906
secworks_sha256,c22bb173fb6583ce07a8ba3beb01d6682d5aa1065acbab949d85c05315856b9b,2,2,1573,1612
secworks_sha256,c26db452f03cd9f31fd5e31573d5e64f40bef68330410999fc02ef4737b687d8,1,1,917,917
secworks_sha256,c27e82b259dcd7cbfafe300f58a9b89056b2f6c955d8a5b354aa969ff1180839,1,1,1419,1419
secworks_sha256,c296aa180c89520b3208698f3e23744a964c4fea3161e7808eef80c869b454f9,1,1,1512,1512
secworks_sha256,c2ab9ed7f2c2001a8173cae00fb241f596dd5b7d4205d10137e5a9819daafb1c,1,1,1041,1041
secworks_sha256,c2c49d38da9fd8556d7a40facb6592b259211692250d354b56d355e15dd786a7,3,3,1714,1861
secworks_sha256,c2cf021b5733cf613cf155971914c57d80c21ba7abe86866bea6e23833f0f595,2,2,1776,1841
secworks_sha256,c2df3d9a4409f7398ee244adb48cbbcf899311c729649c249d3d9519f70907fe,2,2,22,1214
secworks_sha256,c2e830b50ee5d01b93ea39de8fcad99f98557ead5349d1784c6f68132b2d9945,1,1,2007,2007
secworks_sha256,c2edfc374073bbdc22d64af069600bedf5ba5995502f5f099dc96aa99a2a57b4,1,1,1282,1282
secworks_sha256,c2f6ecebf0b0a56b42a883e72cc67f7a761878197b2299e4c313d5618faff71d,1,1,1241,1241
secworks_sha256,c30024a952f1895443d0d8407c8bfad6427797a12a6cc6a113bbda8da2988ea8,1,1,1321,1321
secworks_sha256,c3127d687992f486344c4f804d55a91e0a7cd46b78038b896f8a72a91091c4f0,1,1,1389,1389
secworks_sha256,c321044abe7b12b496dc61e7621199ab7b04bf24efe27e65c55ca4fde7f1ba7a,1,1,738,738
secworks_sha256,c341bb53f658ad4baa34d691a81c476ec9dae31d4e2a6d41579b02bc21801a25,1,1,582,582
secworks_sha256,c36526e071e347c65125e00722e44a0c1429500d37cea4eaed6d76cf28f2650c,1,1,382,382
secworks_sha256,c372cba701b4ad41553acd5b50606835e7b2ce03d1bcc91ebc50a85b9db96c33,1,1,1051,1051
secworks_sha256,c37453eecf5529a1d0ee0cd192c28727917f31b8ab84e24e389ea6fee5e8ebf2,1,1,1346,1346
secworks_sha256,c395633efc4d311c524dc038fba7c83d71b2ccc12f4f8460d28447ad90fe3597,1,1,949,949
secworks_sha256,c39aab8e23c9832d263405a42b45b62322024b3e1f4b773541d4cff623d89ce6,1,1,291,291
secworks_sha256,c3a3678763c6e7df16c1aa9567fb8abf1a834176eaeb822320f2929791e02865,1,1,1458,1458
secworks_sha256,c3bb15886348b6f531cfb002deb46dc618a8cb316ba33458e484f12d23671dbe,1,1,765,765
secworks_sha256,c3bc1f39232984979d0a616e95d93050a89d94f674a64e66acda524e0f1b2c1b,2,2,980,1048
secworks_sha256,c3bffc8e8005f5e573b15159131e22ced69e7329503093279266b37841a8b604,1,1,211,211
secworks_sha256,c3f0afca457ffc6c595d15fb83dbb9bd4ad81f4b7989326b3c7a746c5296d3b7,1,1,320,320
secworks_sha256,c3f92f16d32f4f2c596146381952267074f79689f983dd9b687d64e4d85aa328,1,1,458,458
secworks_sha256,c4019cd2c717980ca08b7138fa9d6058a84ab415693c275ed9842683b0279382,1,1,1603,1603
secworks_sha256,c407c22b562089229775d707c5e33ce2a6db37d92e42c3a410239478677f5c4f,1,1,818,818
secworks_sha256,c40933ec535acff64cfd6283f3ce13ce1362e504fae22b76b2215cc9484d34ca,1,1,411,411
secworks_sha256,c40da449afdcb7ef059b50d299853fbab19ef5539d04e0dab148abf3d8357c5f,1,1,607,607
secworks_sha256,c41f5f53d1759a21f0fe9c1ac450ba933053e2d638927e361c26f4b25bd138b3,1,1,1664,1664
secworks_sha256,c4223ad55cc3b1a9b97b03507f4a826b11d167a91ef431e78d88fc15531aeed1,1,1,884,884
secworks_sha256,c439a1badd5b858b7623d40a0691c62524ac7f7411df79a5494efbef785a0758,1,1,1709,1709
secworks_sha256,c43fc18e89ea0b92872d9d801aa2a2880354ec5890a322592287a94584ee6c70,1,1,97,97
secworks_sha256,c45ceeca48a3e072154678cf3525945ee1b19d13dd0ced1b31b00e151e67541e,1,1,442,442
secworks_sha256,c473e8b522d22cfd769247e4ced6ce5445802615f75fd4f9ca5594f8ed4a3871,1,1,1205,1205
secworks_sha256,c48bad75b674ceb44dcfddad37bab14f0be8b1c8d0ec1869382ff8a72577de43,1,1,541,541
secworks_sha256,c48cff18835fd5644905c3b6e9134dc174255ccdbdeb4fe7a27dce05ff18a3e1,1,1,130,130
secworks_sha256,c491581daae4d531c0e34913a6f4bee45affae7ca55cc98d7dd5f9f80138b202,1,1,734,734
secworks_sha256,c4b7f4b62a359bb1fd7bfca38aabc090b1e702f1977f40e4e2ebefc06220ef1a,2,2,692,1149
secworks_sha256,c4bad09143cf4582b3070ed93a954476a727b158c5c4eae7e07ec7782a35848f,1,1,143,143
secworks_sha256,c4c67a0ed1c0ba1f65c78fb8c933a5b758ee53ba5d6e15d8938e87fae4edf344,1,1,117,117
secworks_sha256,c5093662fb5dbf8a6d3335d7e3bf18049bf34962e0a5dbddaedbaccbfb52da9f,1,1,902,902
secworks_sha256,c50f16d4a18bdf4640105f30b69e9ae297c68b9a285d64d4affac42fb2c8836c,1,1,457,457
secworks_sha256,c50f55a6058f096c72c3ca771e616a7bb08feaf9d01b59de65c13ddd65c80725,1,1,1970,1970
secworks_sha256,c5257e05f7bfda9eae411d6b9f0129d66da30d9a73b093859101e0db35218c2a,1,1,783,783
secworks_sha256,c5377f8db90dccb621622208e3ea2c78170dd3d0cd2f31e8b59a63e5b66454c5,3,3,1565,1659
secworks_sha256,c53a0394b3528c2eee5a253f09df70364cfdf74fb640610daa7639c35ddd0a33,3,3,1895,1980
secworks_sha256,c541269a823053dc2ab6d073ebc11d3a9e5b83801b96d05aedbfa37b38b03af9,1,1,1126,1126
secworks_sha256,c57aca0ed220537701b067ec90d1a61155a675323bb0424d2a6ca3300ecb7199,1,1,1242,1242
secworks_sha256,c58e732996bde03df1a795b4d3ee413b974fc8b902d2178af6306ac656fc1ad3,1,1,1850,1850
secworks_sha256,c5903e37974cecf7710e1f79b1cedce4501dbdae0667da9c3d517656c405b361,1,1,753,753
secworks_sha256,c59701499d4d2802184eb62f3108eb56f55c4526f282f1923705e8f9df3f16f9,1,1,878,878
secworks_sha256,c5b5adc3e2c5dff1afb3613a69fb27474b004bc195f05961239bb29b10c2607b,1,1,670,670
secworks_sha256,c5b876266ed90f4e152faa6cbb38985d6ac0abd5e2ee8a3d8cdc5dd755b142b6,1,1,650,650
secworks_sha256,c5da30be25b0a35136facddc380b82e09bfd834ab829615955cccb5d918b27ef,1,1,825,825
secworks_sha256,c5df69c56de96abfc7837ec24c08d833ee439ec59856d4b113ee4f373756d5f5,1,1,1288,1288
secworks_sha256,c5ebe55a81af6c582dd4986300e76d1f31a7b832069116bb20cf7227c1b267b2,1,1,468,468
secworks_sha256,c6057be3f7e4ef15f76510da8943ff29b331d555fca8ced7f56c702661544d55,2,2,271,1176
secworks_sha256,c61309a44b98a7a09457cf2f880be5b4e51d269da8c41f567c16fd78663ab88f,1,1,1111,1111
secworks_sha256,c634b73580162ce42743a0089d581973c8bcffbfd6c069be72ed13b422b07f05,1,1,937,937
secworks_sha256,c64d36338206c1b63b206b58ad4bdd350bfd1e380e7c36fbb36890c6335c5336,1,1,1493,1493
secworks_sha256,c6509087b00fbad473bd465739c2afb29a5c649560d02431407c3b77227d797a,1,1,775,775
secworks_sha256,c65ef7e5f0e4d244a48ec6d4a5d6df8cb634592131e0db91c5d5b375b327beee,1,1,409,409
secworks_sha256,c662f1bb612a9671484167341b665d9ed7b22bb4df20464942458b5d07f7bbd8,1,1,198,198
secworks_sha256,c66e8a7c4fb1cb737cdaf7d315fb3401ef1c78e35273d5fd3c51feb60bd0a3f9,1,1,1097,1097
secworks_sha256,c6a1c6908c12993d726381553366444ff7e29ae48e47c6f52315b26feed5cf3e,1,1,156,156
secworks_sha256,c6bfaf8ba2469d44855be45fa584347c8b6dae9319bf50c6f99fc25f87b1c679,1,1,1552,1552
secworks_sha256,c6c0f2ac6834a5da0cbd845aa23bf8a2f01cb617c900422494b8e655ae674b8b,1,1,1406,1406
secworks_sha256,c6c44c974e4bade21c39c9bd6512f3776a5025d5bb1f3bc429d04e492f315353,2,2,978,1046
secworks_sha256,c717812a39434e8aeace6856267f512c089019ea78543f93a8a0b98977a72963,1,1,356,356
secworks_sha256,c723c9b678e89f562b150e40c1f2eda6b9bdf0c665bea3db6a319da9baa7904c,2,2,1010,1108
secworks_sha256,c75ae4dddab76bb4a38d2dd050050a68feb08438a68be268c526c0ada74d754b,1,1,944,944
secworks_sha256,c76f685231c5e2b8364bb9c99690be523f4f52a241d5e1f9d35d3ea35ad69fb0,1,1,1399,1399
secworks_sha256,c79aeb21308e9bf9dfffa3fbb9fee3c98c742f3a92bec65701cdcf20a32cc1a8,1,1,96,96
secworks_sha256,c7a03f0a242d5c5de2e982f6c290d5d836585637800078e13fd67b5c34f11300,1,1,4,4
secworks_sha256,c7d02ef130dfc0c1e57bc4f67765f4d8133cf47eb9b5c616a095916602e61b4f,1,1,723,723
secworks_sha256,c7daef0bc6810240b41d3d485823a8b44061e6412cdc076e881e3c5d6419b59f,1,1,799,799
secworks_sha256,c7fc178f9da0b7d1ac70748829b28372763b7448aa2361e9023297ac299ea2f6,1,1,108,108
secworks_sha256,c8007e73d8e5bfadc7ff949119d44f8aaa0b78c7af146c4eafe94c2b68c56958,1,1,300,300
secworks_sha256,c81177a7747b9998f176fb454fea9ec1c35ac448d15624c8eed76f794aa66fe1,1,1,1754,1754
secworks_sha256,c82b8b5666e24933baefb5cc10d56af57ce910be44b16131429e23c952a4ee7e,1,1,138,138
secworks_sha256,c840d4e347077e9a008a08529490ee5460744cb1667159f5f45a4565308087e5,1,1,996,996
secworks_sha256,c84aca3d016c444d565f572ecc68a53dfdfbf8d0e7777e45676edf832485799d,2,2,1774,1783
secworks_sha256,c8901fe7989cda3ffd1497e8c581d39ef59fee22b3d3b43c7e159a368ca3adc5,1,1,1200,1200
secworks_sha256,c8a78ff6c933a3651683d6e601822e0e6980e79ef989c1df29dae4cfd1eeb50e,1,1,0,0
secworks_sha256,c8c4292987e417f27cd95d545eee561d02d7e54627d6d635e4be9a0fc8e86a41,1,1,1759,1759
secworks_sha256,c8cbf314cb71fb2aaf0909ebcc3c627be101a7f9065e66fc5363114edcc757b8,1,1,1737,1737
secworks_sha256,c8d2df4d7ce7afa89bb209ee455999643a42229d23358d663b5f34f7b1f5ddad,1,1,1507,1507
secworks_sha256,c90945d5f096d43868111210b6d9557c18b79d6c34f9efc124dfa1d023888d4c,1,1,735,735
secworks_sha256,c91856b54ab9a8a3ad10b5e149a8a70621a9e72d6098685921ffc6ae8937817e,1,1,609,609
secworks_sha256,c95159d5bdb3866222e6cb80c1488b64d14eb9c2552402fe7a4302680f7342e5,1,1,1730,1730
secworks_sha256,c9743e8bfb27a4619b71da216b08b9a7242b30f6e6b5d4dd6d9e2a05ad410997,1,1,1418,1418
secworks_sha256,c977be2b7ddfdb523a394c3c3831f6f494a45cb0e8c69740a9fe247b36af0737,1,1,1301,1301
secworks_sha256,c982e29a66cb91136df3cfbc5d715917e03f0ccfbac929206075c2e548ab21db,1,1,311,311
secworks_sha256,c98de4c44d31f30dbeac37272eb1b6c68f0127e904ea6bea25f0344d012749b4,1,1,301,301
secworks_sha256,c9968ce1a57f9c0aadf3e4f471a4424465e245168821b32b9c276e1d0a1c7cb2,1,1,263,263
secworks_sha256,c9aa5d87acdfff4544bac96722885258fff3b264cad452406cd0a4158cd1f13c,1,1,549,549
secworks_sha256,c9b330d74f400ca8855141924a6a9451c4b4d087a693441f5f3e5ae0df9de921,1,1,466,466
secworks_sha256,c9b855eabcc67a0efb12b321f7e1882abbc68391117f79d6b99ff5dfec5911bb,1,1,709,709
secworks_sha256,c9cc8871973681984dcc843c1f66d9f5e69195fdd23e770f53fe5a22ba6908ee,1,1,1870,1870
secworks_sha256,ca0abe69aedf2932dcf985de41aec213cf3f4282fb01f8c921f283531155c958,1,1,1156,1156
secworks_sha256,ca1a99e6589ce754570ac234f513e796162ecdfcbc2264baf70cac93b7e37b07,1,1,715,715
secworks_sha256,ca3f45d2f41891f186f16981c1412d54dc7787a7348ac3e919694467fe0a489e,1,1,617,617
secworks_sha256,ca5db4d0d3e7773ddd70e9b7410802237fe9eb805c5dca4c56e2debd8e42f966,2,2,267,1172
secworks_sha256,ca6893045770b12f9200360989fbcb76698ce2dc836f44623d0250701488eefd,1,1,1204,1204
secworks_sha256,ca6c0a88a708d0e9e3c90e51afff5ff90558af29ba05bff262f45fa496da9ff0,1,1,633,633
secworks_sha256,caaebd1739f105136873bee43d07f31010ca4c64a27f9b66bc39d70f44b1059c,1,1,399,399
secworks_sha256,cb038a5620e88e4205fd02dd3b73ba9dac4765fa2ee02f3820774d736415d302,1,1,1325,1325
secworks_sha256,cb0d3d730a760d8f6595af1c1e1555d97b37da35311a329c572783b7343ee75e,1,1,553,553
secworks_sha256,cb16d4d12f8533f45ccca881753e880cbd646739ed2a6744c695d5e12b6767ac,1,1,533,533
secworks_sha256,cb2295b0cfd885369f2d70a8a42e46b030c533ba552c6dcdd4e22fee55d3411e,1,1,1228,1228
secworks_sha256,cb3ced152ec751ce63a8945c2c5123c7ea12ac2394c93960f6db72ac7cb25c56,1,1,885,885
secworks_sha256,cb401df5125bfaaf1420ae116e8be9f571f48ad9f640e30132194dffc6f5c1a9,1,1,473,473
secworks_sha256,cb48579ad9fad8bc001066d825fd866cb94d04eea483ab3974d7d13b15a837ee,2,2,9,1201
secworks_sha256,cb5615d0f11b0c9d49a1f058f8a3f1073e3bdae41aa7edd0308392f050bd64be,1,1,1642,1642
secworks_sha256,cb58de04626581f8ee2a21d39b45f846b1e50f75e9398bc7d06d9840843a3b62,1,1,1469,1469
secworks_sha256,cb9e6bbac69ea09e42ba9d0c7d10aa87bb95a797f4c3538d422d16e15a9ceb52,1,1,1414,1414
secworks_sha256,cbcb8bdf056d377642138687b6102aa31c55671d1473892d0dfe3e097a9da320,1,1,1254,1254
secworks_sha256,cbdb20ab184c4ff1a11c60235694a1ffac3ccf1d1f0f0031f0af65ba8baf8b7e,1,1,499,499
secworks_sha256,cc210f7029eeb7d138b278340aa887a5bc8b635c697d368a8d4108c378bb6a57,1,1,1186,1186
secworks_sha256,cc3aa9497cb7b320750d7cfd361a522e0ed0d784c9e4e145eb0df927979cc095,1,1,1959,1959
secworks_sha256,cc3d5e247ecac2abc4b9de1a5d5495334e922c2d43654ab200932ee8d904d8a6,1,1,732,732
secworks_sha256,cc6f18a2fb547a6329091a1596adefb5603cffcc208f9be5975db30a7804587e,1,1,1925,1925
secworks_sha256,cc7ea7f412186f882b47d225911d5cc73221591e0ac7cfa9b35af6b3810909aa,1,1,274,274
secworks_sha256,cc859938903605892da7c5856ad6a5e69e2708246b79d0953a20adbd249c22c2,1,1,933,933
secworks_sha256,cc8fd1ac870fe19a639ae7ba85f6441d06052c44a1afb4dc8ae5465e66e898cf,1,1,153,153
secworks_sha256,cc92d4d627aa9d1dae23fc3b53f6d3fde6fea56b2a7876c34446abab74c6f031,1,1,870,870
secworks_sha256,cc9f2eec22e9de7db77a62e02fd7162da72fd532b32ffd0b7e655a25700e5e20,1,1,136,136
secworks_sha256,cca78557623cdba33f20d2d53d0e96d1f8fc12f28839a9bf144bd1845154cfb6,1,1,482,482
secworks_sha256,ccb7df7a51598106da3c8034b3b36363c9a37f862b8c94327906c5eae5b1629b,1,1,584,584
secworks_sha256,ccba9e3132335264e700c153331f860fef5daf783e8b89e9766d75945bb977b3,1,1,1086,1086
secworks_sha256,ccbcd700d4758f5e735a19ea38f262a187925b867d9111509c56edcad5f2df46,1,1,1342,1342
secworks_sha256,ccc3a40113363f6c12a4b9cff4b69d31daa48476eab4b5d46e5d85e64c295e63,1,1,1615,1615
secworks_sha256,ccf1e33b721be826e4b9746b12ffd30374a4ec335a66c0773567bfbc7524594b,1,1,327,327
secworks_sha256,cd00d76a0d2630f80b252fb3de5b09a58087e7ccc6f5d971278d354e97f81b26,1,1,1335,1335
secworks_sha256,cd14410ff59ea81f80eec82bab33c519bf4d691dd89eb430911bcf5aa2c71229,1,1,77,77
secworks_sha256,cd1b0e7be5cc5642a5939c38ca30faea47ab712a57a4c4fd6dddc1a358693058,1,1,30,30
secworks_sha256,cd39f216915bcc9c1499f36432065ac27ea2f06e631f2d10442a45bbb1fdb2e8,1,1,1571,1571
secworks_sha256,cd4ed5137772e11da2dff8eae3f15cd61bfdedff32757a8a02d75506fa305f2e,1,1,1311,1311
secworks_sha256,cd5d4dc561f645b92687260402839f45833e7c5a5aadc7243534074660e2d2eb,1,1,628,628
secworks_sha256,cd68dab6a25315f725c7a8ffa5682872cf9da5e9db2f17942288d3832ae82d9b,1,1,189,189
secworks_sha256,cd7f63534be03a4e487c1068266be47dbbc4abd2be3f63195225a18a9b1e141e,1,1,447,447
secworks_sha256,cd870eadbf709a32a23a35b58dca0c9f8130bd3c7f1d2f2e4e0d976745cfa71c,1,1,1300,1300
secworks_sha256,cd8ae6143a36f517cbec0233418c557e8047a9a5a905bf4ca4649be05824c8b1,2,2,1778,1779
secworks_sha256,cd8e95c1c9afcd3f2ff5f21b0888ce93908443d09608d5034b8ba13373fa6055,1,1,823,823
secworks_sha256,cda7a890574c4c09addf85262455d5de60ed1cdd979c609dc6bf318d9eb0a695,1,1,644,644
secworks_sha256,cdde7467ca03478c318c02e3380954c7d7ccff3ab2779da271396792e338c0d2,1,1,483,483
secworks_sha256,cde11a6aac21a8b18cdb34055d10be03bb82f5775b39df63398b5ff3a04eea12,1,1,93,93
secworks_sha256,cdfef5c61402d25bd5e2ce1afe967272b9a40b300712cc228a9bf80ee3445bc0,1,1,653,653
secworks_sha256,ce0d06a3b4766d55814bde8c83a19a0de40f2c3183d25fbc3f631dc3a2c43ec9,1,1,921,921
secworks_sha256,ce1252089a6e76dc6c8b6ee7eb1cbcd56237a7f69cad9da9be21fbf4c6212055,1,1,711,711
secworks_sha256,ce7fa24a36b62a3504587a10311d8f75c7f46f668e242c04d2a7bb65bed14dc9,1,1,250,250
secworks_sha256,ce975a7d0cb6f9bf7f4ca75e84151e2f3781df098e92b1a1455c640814fcd2ec,2,2,998,1066
secworks_sha256,ce98fa57e063781e08eecec4ebad8a923f65f615e737b65adaaabf179c4347e2,1,1,204,204
secworks_sha256,cea60c903bc76ee430cd99348b84d7487cadd330ff9ab3dacc8fc6f5d350cac3,1,1,308,308
secworks_sha256,cee152ce0ca36cd3a569ff7308f5affde4de84d77a928075070433c18257b573,1,1,563,563
secworks_sha256,cee15af5d0a9830e00eb26256120fd2b12175eacef1b553eb5af9a86ca8b9e65,1,1,778,778
secworks_sha256,ceebfd4cb8c0746888b9ceb30b3615541d015734a8d30eb2ae8330f8b52fa031,1,1,315,315
secworks_sha256,cef447e668a5564648ad8e93745dc534abd24b170f41dd543571103dec530feb,1,1,300,300
secworks_sha256,cef59340592cd2da3ba29dd2ebf58117ec2f1293b7e74f518d1dd2e17f144a05,1,1,733,733
secworks_sha256,cf52f5d6fa7aa62f854f39b8a74649a0d11ad47a4abcfe117140ad77fb2483b5,1,1,395,395
secworks_sha256,cf822960aa9dc2955c3ee4e616ca9f8aed4b1702a4cfb481cef1a6509ed01fce,1,1,1229,1229
secworks_sha256,cf9aa1716fc5c42cbceafc0de485bb3622e12d6406765c4c6a8d10e2e9fd70cd,1,1,1219,1219
secworks_sha256,cf9bc0046d86154d47a075364008e3cf9d8445c80ca044bf0955174cd6eb6d0d,1,1,520,520
secworks_sha256,cfd1ecfb3b6f8d5454b6c2fbbe0a8dacce824be6b68b3880a16f0d2875f27eef,1,1,585,585
secworks_sha256,cfe74c507a309b9b737e38c72300507aacc8c6dc5632886a64ebd740c042ec7b,1,1,504,504
secworks_sha256,d0161061f91ac6221e5e3718b2e4086ebbd2889c7e244ae3071c4b8f8a9946b9,1,1,313,313
secworks_sha256,d04cf5ad83b238e0e31d3fb330a602ca3b1110ebfd32c77907855a38fbfc1db7,1,1,351,351
secworks_sha256,d056c59c6bf1ab8fb6d2d99e478b9378d16e10618b90dafafe7ef3bba63a2c16,2,2,540,1281
secworks_sha256,d075c01c51e9eeed047954e98f73d0f42ce99b652d907b16caada98ee7d3b95c,1,1,939,939
secworks_sha256,d092c1d4dda1be5999edb62c474300140156b383e3bfcb01a79711aebc74be33,2,2,989,1057
secworks_sha256,d0a898119c41012f90241933453a6502573d0dda508823ec8dffa31685a3dd3e,1,1,944,944
secworks_sha256,d0aecd6cda06a1441e461a99ca4b47ddd69114c57cdaf47cf21bfc2032025f2f,1,1,862,862
secworks_sha256,d0bb957133e247eec727dd376ab426ec430b9263a7d2964a3ad5f94f1f3aa865,1,1,1979,1979
secworks_sha256,d0cab7ea7d657f4364fe840f292407d4685c9b32e720db3c04866824ff8148e1,1,1,454,454
secworks_sha256,d0d44fb2e417c74cff9b2951217d41a2fcb01af53129eef1d7e190db3947d7f4,1,1,241,241
secworks_sha256,d0e615bb8d7f35b7644fb1ad80251930df06d9f7bb665a0d5766ccbc26b82ecc,1,1,192,192
secworks_sha256,d0f7aa70c9003109de10f4d466219879ea2cf9ec53b0884016545acc3bec5575,1,1,1958,1958
secworks_sha256,d111fa93108121b1298923e372114f75f27dd0de96aa6bd97c5486de9d7fbb11,1,1,184,184
secworks_sha256,d12d965a28cd65e9b1b7a91fab4f392059c1c52b452a8785abc42a7ddbacac32,1,1,1357,1357
secworks_sha256,d14d115d00f73471d5905b36631cf312d69cc472bcc8b34300d7d1787557092d,1,1,722,722
secworks_sha256,d16d3476fa3884a77dd679a5c97f433796b772ed818b5cf963d4caa3fe545ce9,1,1,106,106
secworks_sha256,d17c4509b3e79d3878061a75505c04256e0da5aff5c77f4d8515160ebc8f4293,1,1,1220,1220
secworks_sha256,d18181f9b08121d4d706f2f075a4713706767af3d6e631c7d6d22859bc980124,1,1,1324,1324
secworks_sha256,d1a594934e6fab9d2f0ace5662e687c4c0ac8fef0aa74f855407f57670f19915,1,1,1491,1491
secworks_sha256,d1b127df2d12098d90aa46eb3af559e6d8b5c7d30e05720ec2d77bf2e8a95f11,1,1,1012,1012
secworks_sha256,d1c67d46d24cfd2825ffac8bf3c21ee382f2fe4dd9eec42d9bb317ba12bcb36c,1,1,820,820
secworks_sha256,d1d9d1fc8bc7d3e86eeb15b6e71d58773f2081791fc3422c4d619dbc1989fe24,1,1,552,552
secworks_sha256,d1df21510e4eddc3d35a893a879666640f5395bf555faaa832a6faa951237769,1,1,1160,1160
secworks_sha256,d1f82565e8ea097eeebf1ff883071a44fddf6612747ab5dd5a6ff361fbb4196b,1,1,273,273
secworks_sha256,d1fc3d32477ce29a595ae335f832ff6083ba82a80f6cb53f7ec6158fe2ee3575,2,2,525,1266
secworks_sha256,d212ec3c702db6b1c36c24db3549de208309eac3aa7353305c05d8af4195c73d,1,1,1869,1869
secworks_sha256,d21f6f7d39bb46fa35c9a89b93e15e0ad45a8b93793bada2184288b35c3d655e,1,1,227,227
secworks_sha256,d23de56715e7b3b92bd9187a012e74fd81792c5641da2c537f1de2c61c28a5db,1,1,847,847
secworks_sha256,d23ff0bf5a6e2e95872fc670ee32d5c636ca50d227a914c41fb2ce5f6ca0ee84,1,1,299,299
secworks_sha256,d24d6ac0d2b6299a728d58be1f6c4c488acd6f8d408213950f7644e46349844b,1,1,778,778
secworks_sha256,d25501e126276a017f6f476b667fc4e60f2a258ab01b6fed842cfb9e1d3851b3,1,1,1371,1371
secworks_sha256,d268df2cc18d3a2548f787888d215f5f6abd3f5f475eb6551eb2b03b35f110a4,1,1,117,117
secworks_sha256,d2737476eb9dff13fa4f7cbafed14f9496748ac8c2117f344b8bc525b49e8740,1,1,1713,1713
secworks_sha256,d2805d18c141b818f0742a58c7fc159557da80222ab1bbc45e9c7516740e340e,1,1,97,97
secworks_sha256,d2a2d78583f88d864ec3ecb1af2367df1e766cafc8f7dfd5056732d420f9d4f6,1,1,700,700
secworks_sha256,d2b4071461ea2ca12aad8bfb631dfa05c3c6c2cd29f7ad9b52f11080f32bcafc,1,1,807,807
secworks_sha256,d2c3d1652a358306b405f154fb6729d7ace414ce9673a0a59439c408412b10d3,1,1,773,773
secworks_sha256,d2ca2cd71769604b1941a063d8450fba9b562f60fede668312dc348d9ead8db6,1,1,473,473
secworks_sha256,d2deae5b316f747fe48c525dd863e484390c7d95076bc4aea3c49038774642fe,1,1,804,804
secworks_sha256,d2f5b1da554cf344167db4c169e24a841755e69a37e504fa145fa06d28d60f1b,1,1,578,578
secworks_sha256,d31a586c643ab8a3afab6655c9e2507ff2a11432a2c9a4d8ad26527bce1a31d1,1,1,993,993
secworks_sha256,d321f3cc64b6abf41f00e4377d6488b96ce01b60a2b81e86c88e15c0d0a8feb5,1,1,249,249
secworks_sha256,d326550ade33596f541daf82867a491a829064c7a581bc192a171433faacd864,1,1,190,190
secworks_sha256,d32806dce1b8171f565997f4e217b35704c660b4686c46ba13e0c8b66758b8ec,1,1,402,402
secworks_sha256,d32b1b5ecac83dd8e70c1996150099cc8bae4d332db5623282ffc319ad518365,1,1,275,275
secworks_sha256,d33170a9bce6004a973322b0cbae6d2af243d4cefbef4166c1ca30ef9b8a8558,1,1,128,128
secworks_sha256,d33b10656d3e683e137b41d8179af1544b52a7fda33720659c909b00564bbe9e,1,1,1977,1977
secworks_sha256,d34716c65e8f1f746e5870a75d52cc93a5164b041b3c1b8116c4208ac4030da6,1,1,746,746
secworks_sha256,d34781e9f4b51eff91736c761bba2aa95b978a33fdf866ba0b81b589348dd2b8,1,1,949,949
secworks_sha256,d353f5a9ae89b07a4c69320d86206174bc0bfde81915df9116ef0a913e142ed2,1,1,443,443
secworks_sha256,d357ece4674b884803963d52961431632fd006c6b27c9e58c5d343fb5386bc15,1,1,1121,1121
secworks_sha256,d3697d5ef4c546123fc7cf9d101a036bd88a03f47b733c4ef596f0a9b4206aac,1,1,1214,1214
secworks_sha256,d376e67c3d068f84c96bb7929a002fa2deda4e1a355f67ac7b7c1be98d7b2499,1,1,463,463
secworks_sha256,d384e64d3410db7b196ce4495efe577b20759ff326c559910ed1945d1cf158bd,1,1,126,126
secworks_sha256,d388a260eafa62703ff0013193a357fb7bd22d456a0f17de9be14e8dde908be9,1,1,496,496
secworks_sha256,d38d4dcb92243eb07b16a39375fb74d55298bcdf4acae6a8155d1243a6c1224d,1,1,238,238
secworks_sha256,d39c5d0905ced6adaff73be722a6f4b68ac5fbeadc9a1c1d5dd947a74e997bfb,1,1,172,172
secworks_sha256,d3bfe65d86e6914e49926949e91ca1aec1c0ec681b93e3ff31a39786916f6dbd,1,1,73,73
secworks_sha256,d3c32aef5fa137baa908e8906565d1c6adb4e442dd91761e445b8ea92df8ca4b,1,1,1496,1496
secworks_sha256,d3e6d1cfb4e69efe314c725b30d9b4d8be188a93356fcc30fcf8cd3885d518be,1,1,1745,1745
secworks_sha256,d3f2a2025d0d86d72f378004b4d8112c8823262282ee99a242512c0adc7ca9cf,1,1,292,292
secworks_sha256,d4031641ba0b60981fa119f7870550a9928b715ceca955e2f59f7f7b19a47b4c,1,1,321,321
secworks_sha256,d40ca5eb57563dbd5374a70383b0fa58cd0dd47322dd5687b438988a8835f9c5,1,1,750,750
secworks_sha256,d41850179192ce6f5bb9524b758c7265e38562aadf65de9f34ddf7d085fb8ff4,1,1,464,464
secworks_sha256,d419d17341df5d7e805076f5ce5cb7edb65c22eb6c22846a93b38c6e09edfceb,1,1,497,497
secworks_sha256,d41a7b684cc04871a65fdb946ea90a64a94a524d4553df0a734cf911ac155205,1,1,1110,1110
secworks_sha256,d48272812a2b2cd5b3af30bca6386cd835fc483e7cc088efeef53e78d841c7f7,1,1,503,503
secworks_sha256,d48814b933b93e3bf2807c01d0a76ba00f031f2bdf77c9e772152c418839e0c3,1,1,1755,1755
secworks_sha256,d4c520db7bed9fc29c5cb2464fd28cdead7ac34952889e6c5f22b05235f7f1af,2,2,10,1202
secworks_sha256,d4d384a321ef0071a053ef64f2cbf7b51d71e2af2d7b24284632589a1b493313,1,1,304,304
secworks_sha256,d4d3964ca7a6150b00c846d2df0e1a20c6993bfba88d04e0987057701031e477,2,2,1583,1584
secworks_sha256,d4e98cff2a2138d37229278f40b93382570f40c0294b5cbe735e279c623271dd,1,1,322,322
secworks_sha256,d4ea33808ebcd1725237df3b23772cba9004a494ecbad9625bcfdde81d507e5b,1,1,229,229
secworks_sha256,d501147d121f4be4661f952965a0a0a016a91c833f5d4e0c2538cd9f77e46c2f,1,1,1056,1056
secworks_sha256,d50fb63572e6e07f3b1477de2a49dd3d7e838211b39b4569813cde50f992f6ac,1,1,1394,1394
secworks_sha256,d517874cf3a54147b8528792610c3b48d8a5322f52f6f9dfad2c52a328edd11c,1,1,1790,1790
secworks_sha256,d5510ec6c7853c33c0e678d7be6b121d7ea41ecb5c4bef4a7304ff15db15ff34,1,1,393,393
secworks_sha256,d566bba94c91c546ac1bd3ef475eec4ce4bfd8d80ff15c7ae1612580b7dd527b,1,1,1485,1485
secworks_sha256,d573e052243c0718dba6aeb1b936f724a67f1b6735ff624812e8e277c834c298,1,1,1302,1302
secworks_sha256,d581ff1152f073da6011901752d447bc4b952b20d1bb5e9d161551bf859572b8,2,2,986,1054
secworks_sha256,d5831796885d229ce1bff0666abb1707f3333000aad4d28fe99a6bcb4d8be6ad,1,1,69,69
secworks_sha256,d589f3cfda677e343db2011e4e26d922c5ff7dcbbb9f749880b6b5fdd267b7f1,1,1,1726,1726
secworks_sha256,d5a5f0d899ef7eccb63b173a55934477899f355529485f7634d19e4f22af0083,1,1,471,471
secworks_sha256,d5a954a684c164fd040598663b49200fad2a9e71d445010ee748383b5e6a7cae,1,1,812,812
secworks_sha256,d5b2d9b44982159f775cf2461710828b3e6ad3365a1a463b25d447ad7616c80f,2,2,1787,1788
secworks_sha256,d5b6e22e99f3c242d6b1be7011cd5f653f4652c9dec4fc50bf15f4f18c9b5a78,1,1,640,640
secworks_sha256,d5bb323ab17897b3a4f932cc6be7b5a9ad38ce80a5eb9b09a0971b1018fe9b7e,1,1,1343,1343
secworks_sha256,d5dfc4d631ecf0d1a7c3d4f277ff45da97dd76e55f5b21d26d75eadb0cd5a400,1,1,1898,1898
secworks_sha256,d5e4053bcb3a8d8610d639f02751b269a139ffadc888c1e4c69a35dfbcd4b279,1,1,234,234
secworks_sha256,d5f53e6a506ca7289b42697a7650f52c14cb48f7cc7dcf605a2ee065a1fc4375,1,1,1387,1387
secworks_sha256,d5f56ffeff53cdd8f0b48e101a5f49e572f31c39fc5561091245b206a762bca4,2,2,1793,1794
secworks_sha256,d5f7a51ceb5c1e6172a978a27137963d87c91be2955f9b5aa0d0e0d6ea20cea3,1,1,956,956
secworks_sha256,d5f9a9448541d28c61f6e3ad8524fbdfe118b4c31e330b29899ca4f6ba873436,1,1,2031,2031
secworks_sha256,d661f863591118ff1da9e0ce4920de00269f861dc010e969fa3fa49559d720b1,1,1,1496,1496
secworks_sha256,d667106f22e84aa070071436fa9c3cf4eda7ee9ff204cba998410886358c3cbd,1,1,1227,1227
secworks_sha256,d6a0f1f90a443a49fdfbef61f2af439d445ed6d5a84080dc4165293c49dfc8a5,1,1,1550,1550
secworks_sha256,d6a50f35cbe2cc3f6cde74ce5123b3205e12f85f67d5db1baef1d145219e9a47,1,1,144,144
secworks_sha256,d6b0bde1dba5722b6474dc6c158c0cf6ab9844a9c02b0ba99b34b224aa7221c8,1,1,2039,2039
secworks_sha256,d6c3357eec105f2b2d20ad65811a1fd7a5042d10619f226f578c3aa4ed8f8ba9,1,1,937,937
secworks_sha256,d6c96c3408cd320c7cf356823770153ecee5d859adfac1999102c97412acf45a,1,1,176,176
secworks_sha256,d6cb353ea85528693af2f1575610b9ac72d43429a8083d1af1385b413ece7f65,1,1,1990,1990
secworks_sha256,d6e1109eecc33c7f02efdb2f9b837989da9026678e009208d5e4fd86bbc6751f,1,1,1431,1431
secworks_sha256,d6e9b5ea2a72f03cff85c3233bc8eb6d9d5ec62eb7f55a172059a1899a0f38f9,2,2,8,1200
secworks_sha256,d6fe47275122573fd0e0d69d9a88fc4b60e962dc0284ef17aed924cd7aced5d1,1,1,46,46
secworks_sha256,d6ffa261111786d286050b77030ccdae1e551d1c415a4ed90d763d65485b7d61,2,2,1710,1866
secworks_sha256,d70153308f734371fa1ebe0e08dfef57499e296f1219d09857551edc95cd2ecd,1,1,1480,1480
secworks_sha256,d702742c8c025de3d3bdfec7bad5aee39c726a8c542c8f4a25054f40c149247c,1,1,1470,1470
secworks_sha256,d75e41b495dbae68bd36d6f61e35b5ef7412a2a7c759b8cc5db8c569735a0038,1,1,1270,1270
secworks_sha256,d76570b906d2084a305e2daa3a192df246a6ba040f826c4c46918c4983d79980,1,1,650,650
secworks_sha256,d76d0bd90829b6576bc279bb59f70e8a844dbf6141e421280f11e7fa3bca77c5,1,1,337,337
secworks_sha256,d7934b7fb7e7afd583a0d4641652dd1f55518372abfbbe72174354011c6874d7,1,1,1385,1385
secworks_sha256,d7af6418e52ac4d8efe1cf9d5cd97a9a35ee986e692d0a40fb75648ec3d6a908,1,1,507,507
secworks_sha256,d7cfa250639cb2310d731ba2fe7169448b8d35ea3a45296c8bc56b3b8f28746d,1,1,32,32
secworks_sha256,d7d60f4321532f1748e985ffb92dc11322f332b2ef5191fa458b4367e73ea79a,1,1,469,469
secworks_sha256,d7e516ccea47e9feee04d864569446d3f9a63254c87517dc02fb7efc10037f5a,1,1,1447,1447
secworks_sha256,d800bf2055fa3e747eefe9a8b58b5da0b043385dd1e29d1e426f13d2430270f5,1,1,950,950
secworks_sha256,d80688b607c7de07437e071e29feb1636edfba9c1c362e66dcf86a92978d992e,1,1,1428,1428
secworks_sha256,d849b5b6f18c0e541038877a8e3e79a4c753c4b280f6286bcd0d44657011439d,1,1,1289,1289
secworks_sha256,d86803ae236630156517b62866d283bde122ef0969f2de4a4464704dd5896751,1,1,428,428
secworks_sha256,d87048dfa8e41affef467de486213c7887ae6e2b526a5a0ec1f9f4facec686cc,1,1,1940,1940
secworks_sha256,d87c5b158ff505f05679fe48bdfa60e5fc7b3401b8ad3533c6faeebcce633746,2,2,275,1180
secworks_sha256,d88015df1feea47578da5f4d4513acb04de38abe93bc27ba448a2628f21cbc7c,1,1,1938,1938
secworks_sha256,d898d9f5a2121aa36c639f54b9d21c7a160c76f9d5b4f1a2cb32c08a0b08335c,1,1,148,148
secworks_sha256,d8bdecc95a33a68de54dd13efbf0b53804a53409c296a05c1946b1d0213a8fc1,1,1,1932,1932
secworks_sha256,d8c2ff0adc714b36cc88068fbdd1a45e281011784a7c8274a6402ab8b1fb960a,1,1,206,206
secworks_sha256,d8f8c0ca92bcc4d196d968b61f969f2a61936832a3f631bfef91feb6033ac7ff,1,1,596,596
secworks_sha256,d8f8c9a1d3ee386c67796e7336ddc85d4076895d4b7eacf3e276acf4a2e5dcea,1,1,1641,1641
secworks_sha256,d940b81e594221435b09e74bb04bfb7d7e9a5e7a8e1fc32302f39f5837e103ec,1,1,310,310
secworks_sha256,d9436cccc5393c3e1b4c94c5b323d9834572cb6956746823d8adf3c0fb0f1485,1,1,493,493
secworks_sha256,d94b2605ac6eeaace4da57b7ae436e97cd846dc3731527e5189de8dd2bad1277,1,1,865,865
secworks_sha256,d95de32c955941a3ffb0bdb47f96bed9e90cf9762789630e2361614522a86cd1,1,1,146,146
secworks_sha256,d9615f3d1436f83beb602a6abb56d408caaf5c2282b1df41c98dffaa6ef6e527,1,1,1230,1230
secworks_sha256,d963aee8123d9bf1c6a9daebc0c8da827ca3edd351c3d1374200e617d3037ae9,1,1,1314,1314
secworks_sha256,d97db67449092defc997b63ecc539cfd56c3046cd14bfa7d4747040934482aef,1,1,799,799
secworks_sha256,d981d9ab12036d53cdbd5b7611115f8f26b1173c03e45c6511771cad71b90029,1,1,677,677
secworks_sha256,d98eb1edefd57a2ae90a985b1e9afd79a3c413d6554e3e10cb746f5e5dcbba5d,1,1,1132,1132
secworks_sha256,d9a7f26b2cda1e12082e7669b38452100ed38da14d59e549870ff6a579fe4ad1,1,1,667,667
secworks_sha256,d9e97e150341fdef53550a51be69a406278717d07bb0149dd9ab7ef74a6bb465,1,1,1048,1048
secworks_sha256,da427abea2e3240a47259a649e17cd08fed1431b250a4eb106d823582d1fc9a8,1,1,742,742
secworks_sha256,da440134f6fc19701b48a785cad7f360ed83046de31e32263174950135da1d2d,1,1,207,207
secworks_sha256,da6c1bf54077c419bbccd6bd4a6f9537ed14c5fbd0e12c95e0b019bc41e993d3,1,1,87,87
secworks_sha256,da83e1fb6ce3cd62e65290a47a663f510435991264c97350af5e8fea3af4168d,1,1,254,254
secworks_sha256,da8a4ddd40ecee2d3b4ca2d4db71f944c5b8629e92550af8f0f2e6b7bc14d5b9,1,1,1525,1525
secworks_sha256,daad6424b11fafcde87a8e68cfb261aee35f23802d079829782d3f57723b67a3,1,1,161,161
secworks_sha256,dab5cff405a5ad121499811f25d799d4203e39b4f10f6e1b2c72e4e19b5c9295,1,1,383,383
secworks_sha256,daf96c121991d50b6a720f031802bdaa475e59a348e498ef0cde05f7e71a38fb,2,2,35,1071
secworks_sha256,db07796aa461148452bd5e6ed0b8501e594d9edf239a1e19a057d325f65081b2,1,1,513,513
secworks_sha256,db08f7752dcf58ef38e86faba9986715007bc3bcf75b21c0452139ab67cc4ce9,1,1,707,707
secworks_sha256,db1dc47a3308f53fd89ef254373e6e655638532ef853940a2d244180866795cf,1,1,464,464
secworks_sha256,db444def197b9046fbf1b4c175844ae3c6bff468178c38020447ed8f86421d69,1,1,922,922
secworks_sha256,db44e4f2bd91bb01e6066f30c29bfbf41a66a37f639bdf7fdb99de9ee69f9db1,1,1,324,324
secworks_sha256,db45767fa577dde8fe08e2c4e726587335f39a90cb5f9965c1de375c5af6df68,1,1,1067,1067
secworks_sha256,db4821725221742a7a5444ddbd98b3367312dfa3d897585b4a7d260c235c923a,1,1,1231,1231
secworks_sha256,db606b260c198ce49cd7b7cbf145f8c1e0be2868bd4e49019470f335c407f0a2,2,2,1949,1950
secworks_sha256,db7e74fbe86daa34219a4451b33fa5faa504de26427fdb183821acfff9acd89b,1,1,1106,1106
secworks_sha256,db8632acf21cac16d2dd8788989e3b6e02a4277cac2c343cfcf8d7364f57fd52,1,1,514,514
secworks_sha256,db9505d9c43af5737f7bd2fcdb69a27a3b2411e5099fb3ca15f10ff17f98e232,1,1,1296,1296
secworks_sha256,db9c8a6a504ffdc3bd0dc48fa52c0e43dd3a923e750abea08dfa72dc450a0e42,1,1,290,290
secworks_sha256,dba784dc3de945f53b0170c0bbdb605673f799dcfa41c91a2c47d9a96b26e63e,1,1,815,815
secworks_sha256,dbbde74021efbd3acbd6085c793c275d5396ce1d4fe12eda9ca6df7079f03de1,1,1,1941,1941
secworks_sha256,dbfb5c62e508f3a0cd9acf254ad56377b1ae54f47d85d2c5b0710fb2ca2728b5,1,1,1345,1345
secworks_sha256,dc0c1878bfe52c8edb36d5dcef8cd87d49e42186a0ea70d355bd3f5d4b9285a7,1,1,1020,1020
secworks_sha256,dc23bda217ac2aef527b1fa1e2c9aac6515ecf85f54db663712a9672ab7a69e9,1,1,430,430
secworks_sha256,dc46fde1b47a6bc5e9df7d1d9a2a0ed77f214365a0f0fde0556e5e66e4a6811c,1,1,959,959
secworks_sha256,dc58c64af7c33b8b1a02478b56303fa314d0b14e5888a641f71784a9750aa51b,2,2,27,1219
secworks_sha256,dc770c34e0117a008a3a024b096506d8a55e7e46c8dbed540e0c521b3313c15b,1,1,763,763
secworks_sha256,dca46bfc49e55379518013948b86ab884f9c45239243a6e3ffd687e43530cf54,2,2,994,1062
secworks_sha256,dcaf039cc3a3dc14583c20f69db6742616e5a55695e9f9b338a5a73d7f0cdb85,1,1,740,740
secworks_sha256,dcbb19e84732b177fc89d1178f3ee51086c6d826a740b8ade0461da34ce01c09,1,1,1228,1228
secworks_sha256,dce252ac2afefbc2480ff569bfe5c82c86d3b8c4fbbe4dd62d08883f91614147,1,1,305,305
secworks_sha256,dcf524d9c5fbd3e8b9f3ffb8e9a1f88864dbbb4625ec510d7daf663cac12d967,1,1,368,368
secworks_sha256,dcf8c4442cf44ba781cbf7e37ace61d1ac381e0ba32458c1a872209c508dde2b,1,1,1740,1740
secworks_sha256,dd020a4d013066773b8bf9daad93b00ce17d4971d24ab7bf485db5b75d0366bf,1,1,1224,1224
secworks_sha256,dd126dad288605e21cabc3cb003c5be38bc1b030480e7ee6d60f636a3dc852ce,1,1,1253,1253
secworks_sha256,dd1838adf3d8fa00d112a5cb187ae19d11049b707e5de2fe65dbef72b9489c78,2,2,1718,1854
secworks_sha256,dd1fca8e75c1db7b338f20ef54dcbae186107a2c1fd6f54ca3dd26973647bfab,1,1,812,812
secworks_sha256,dd34388be2cfdbc5470c8c9caf148abb1c5c4067b73ddec3d28bb656d28e0d14,1,1,810,810
secworks_sha256,dd64cebd70282a964bc2c829d10f3824a06d609e9b6ff8bbc7b93551aa61c991,1,1,1257,1257
secworks_sha256,dd7ce63a0c6a5981fa5f331593969594036573afddc9ba9bed4f7386e13523b2,1,1,1715,1715
secworks_sha256,ddadeceb16dd8e9df5ac34c9845379d0f31027e7736d840e7e064ec4928405c9,2,2,46,1082
secworks_sha256,ddef59b4ac26d9dcc02dca7c718f24f38ac605c1c28370ff489d03dd5905df87,1,1,1367,1367
secworks_sha256,ddf48931fed35ee54aaf86a8798e73b3c1f755179c09d51cd6e72f9220e8c0ab,1,1,1074,1074
secworks_sha256,de088df17110e78ccc3d78a72f89ff2458dcf6743077838a636f5b71fd040dfc,1,1,1708,1708
secworks_sha256,de187d203cc92b8ffd0b376b62617bf786073b3a57ac4f1c0023ff93978c9954,1,1,835,835
secworks_sha256,de2e834b3d07d611592c9f781212cfcb0523b993e45f21deb8e82e74dea3db1e,1,1,1751,1751
secworks_sha256,de30c76bb65716601ffd690117f9643dfd3769ffabfeceabf10b818e39c169cd,1,1,614,614
secworks_sha256,de437d4700e183d94b88c1609ecd6c4749796903a45275f738f27b7dddcf2a66,1,1,613,613
secworks_sha256,de5298597e02192f82ac594c4c419c5282c392008aa8fa247a4a1d36305d46fe,1,1,1295,1295
secworks_sha256,de5a11d24dd7fc599d0e9e38fcba4ccfcbe67705588216f12917a8e2a3a339c2,1,1,827,827
secworks_sha256,de5fb07c1fc9b3be9627b24f438cffb262b34a75ecf491a3c95e17d6ecfc18c2,3,3,1991,2023
secworks_sha256,de74b26f3f06ad3a071d621fb7ed6ca415ee3951c4c37b38db0d8d5747185f27,1,1,1409,1409
secworks_sha256,de7e9f8ea8683cb282631ca380a01834398e17b8aa44253394946a53db19ac91,1,1,152,152
secworks_sha256,de869594a9344280289c299352e072062a3c53543ffeb215e1ae99c2c18e33e3,1,1,774,774
secworks_sha256,de905f799fdc524ba4cf6ffb0dbe8694d07ce4a8f804ae8679acd08017d73d0f,1,1,1713,1713
secworks_sha256,de99e0b52b66bc929a5e7f989bef85d7883e7767d8af783d57e54b65450d5977,1,1,52,52
secworks_sha256,deab8236d207597765b972c8281171fe3e7701787f91b9a90bb53a970c5d6cf3,1,1,646,646
secworks_sha256,ded7a4ce922870e3a9cd81a0d41b2616e490243b62275bacf386dcfb90a5e821,1,1,836,836
secworks_sha256,dedd9d1a7cce0b0d3c10e02fe062a9de066be237d52b0c8296c6f6850ce581ea,1,1,553,553
secworks_sha256,def41f1d522e0d127a758ad6e831ab29bbe0cee00a77fda8f8f5057e612e05c0,1,1,1165,1165
secworks_sha256,df0519c681b4757391ec05435d1fca91e4591764e88be9588655477766f44d5f,1,1,149,149
secworks_sha256,df086ba69c39e4d93d26087dfb4d592f315bdad3510dfdf45ecdf02fa17ff2de,1,1,566,566
secworks_sha256,df0d46cd3c3027013fd2bf280e828c0edb6df2c1c1b592e12f84efdd3e31bd9a,1,1,521,521
secworks_sha256,df1490b76cf1688987c5236769ecfb2dec54d884804f825b1f7a5646b82be959,1,1,1281,1281
secworks_sha256,df250f9f98011f5078c61a1928fa4e1533f75337b13322eabbcbe78bd53c68af,1,1,602,602
secworks_sha256,df4a99fd760d0440f66bcea3c5c60d0640e8520ee14cc1d6c811c77b77bef1b2,1,1,1004,1004
secworks_sha256,df4efdea1f9662f0af5036a459ca158bf4e334509e6c6228073bcb5b31655013,1,1,843,843
secworks_sha256,df650a0b29a227bb77c648e0460b2c99e7ebf08496641987046e4fc5f81be17a,1,1,110,110
secworks_sha256,df6750732662cf61727f53ad55e81e5d63048fad333664bbde7a3f4c19bbc83a,1,1,859,859
secworks_sha256,df72522188dfce175e94c159d5909f2fb5f1d7e934d66291c9f7a452f8cf3a83,1,1,1449,1449
secworks_sha256,df794c0e5f02ccf88f2aaa355327a7eedf3b16d852c702eb1e0e9f2705962e5c,1,1,1240,1240
secworks_sha256,df866283da09a076878f273d87091021e4cf46d7393fc14ec3d9d7237485b22a,1,1,823,823
secworks_sha256,df8e7bf3686492a9826d4c882d14a7cf4fbb11400225d0a58bc51637da33d9d5,1,1,800,800
secworks_sha256,df90891d8c9605933fee8796712bd61b0ccd408d3911866d0098a029fce7701e,1,1,108,108
secworks_sha256,df94a92cacf5729f4b679805a773385826c17f55775816b842917ec58bf35083,1,1,1305,1305
secworks_sha256,dfaf54d57b6535a7ecd4d2fc0df2cf00cd0a91442a2e5efccd682c5733bc730f,1,1,1948,1948
secworks_sha256,dfb12419d4785df8c72c5e227f95712bb32a49de5ecc50176388f9b559138047,1,1,657,657
secworks_sha256,dfc2485adbb64ab4656f7ff964d00717686548b2565c9bec9888862610ff17e3,1,1,1332,1332
secworks_sha256,dfddbd989da6d5cec2137ff39c770d7aedfebe9b6177ebad2cab30e3b8332b85,1,1,1458,1458
secworks_sha256,e00b3afb097c35bdfa63741c988297db77b2f575a6164893c85c5370d49ca53a,2,2,164,1732
secworks_sha256,e00f1fb3b9930499f9c82afef23f51afea268cc2f7d030d2c976b863d38c47f7,2,2,694,1151
secworks_sha256,e02a5ef0e8acd72121e1553f0644315b5af46b9434b1e1ea57b3caf49aa1691c,1,1,907,907
secworks_sha256,e05e2a5901f17bb47e856d1f43268abe201f777bb7ef0a6db3fb6666ae538f45,1,1,606,606
secworks_sha256,e075722bd86acd30eed0c43de4b769ae66526748e579d429f09734f97de6e0e8,1,1,1896,1896
secworks_sha256,e0977103192737efe2632b361b7f844184dd07830b54b39d71e721831447acdd,1,1,438,438
secworks_sha256,e0ad5a8cc68448895f602b374e7b63066bc1dad9bec69dbb95a4d6b9008e52cc,1,1,1034,1034
secworks_sha256,e0c5c0af39f23532db674a7aeaba2503439b9bd72c2d7a8b0d4b5dea5c0d879b,1,1,163,163
secworks_sha256,e0c70cc0c3426b81c3962b655e4a40a55255f3491cd9fa641ca119c075a429a1,1,1,437,437
secworks_sha256,e0c867815b7ba393a7704df214f25730fa27b32497917a9ee3c4cd403b4c8967,1,1,854,854
secworks_sha256,e0de855d8b8d53fc1a3990c035e63a3dd3d0fdaa5cce26537c1445ca1e6869ae,1,1,1314,1314
secworks_sha256,e0e74b0e57405910621e534f91d114079416904b1d43ba21ecb495c67c61a7de,1,1,1381,1381
secworks_sha256,e0e92aefe8a91b7d9b5bc18df7d876c5038af3e4be63ec360723bfccbeb63588,1,1,245,245
secworks_sha256,e0efde9843618be7c48ae74b76644066321b180632ebbff3f564fade4f3c2b56,1,1,569,569
secworks_sha256,e10589dd028c5517459104127cdf7a208cb77c3251c297aada991c01ed8fc5fb,1,1,1939,1939
secworks_sha256,e11137d1cbcdfc73e93a309f0ecf81f827fc6a39f35d0fa1d8e3d7445ce738d6,1,1,725,725
secworks_sha256,e12773f6d63e091397023a0ea2d8d93924ca35aaaa0320cab534d1f7a86f508b,1,1,855,855
secworks_sha256,e12ff57dafee545064e1dbcce614a6d10904c9f209230cb74cee9e59fe785b83,3,3,1698,1885
secworks_sha256,e13d75c1bdc3b4c5753f11b1881105c3750a78d66e75dee881ea9537a0345a39,1,1,1139,1139
secworks_sha256,e1467f5f3dafad299b4daf1c16d9a3bf9025820f5f927fe8062ed1f2b3a5a0ca,1,1,929,929
secworks_sha256,e14e2310329fa83810e6e45b6f6ff7cf27a278a23b9a2b39263f65193fc18333,1,1,1341,1341
secworks_sha256,e15470e93e12b094b7a954f0ef7e69bcd2ab7f2d44eff05f473024dffed0e553,2,2,992,1060
secworks_sha256,e15c719d10685a574fa94a52b4a41968bc7d117c2f7b11f251d5a63afd0a2ec1,2,2,1020,1118
secworks_sha256,e164ac9029c2434620316d91589c891fbf23499a22060da91369d4185b725174,1,1,1408,1408
secworks_sha256,e180d33ff771da947ea3c81fd8bdcbfdf413af32aa84b3702f9ca9416e36d5db,1,1,1319,1319
secworks_sha256,e183bfee8235160b014c84030f34bf38cab45f5315de0af93826573fef9ccf73,1,1,1339,1339
secworks_sha256,e19a0e4b5fd9235669dc043037e1e623cf579513bcf24580ddd65033fd90f396,1,1,1143,1143
secworks_sha256,e1a3bbafb75dd81271bbc773b12679dd2d7900c59d03ac6b2e18ab6a2cb307fc,3,3,1702,1879
secworks_sha256,e1aa86979357774801dba8a01b69762ef3e917dac2f89897a089a60ef46c0fb8,1,1,1368,1368
secworks_sha256,e1b13e923d5c941c9f2724015287c473a9dfc117c50873c1b6c56c0c177afa3d,1,1,1038,1038
secworks_sha256,e1b1dee136583027ea913528d69ec54b1432a1b23de5d0c4acdce870fb8f9ed4,1,1,139,139
secworks_sha256,e1c7c805be948801f702f8255db5bfcb6c7bb7af2390addd60a1da0a6330131d,1,1,748,748
secworks_sha256,e207e959189b3b629cb6d9da61a916cd983c384556d771ddbf877cc149684eb2,2,2,258,1163
secworks_sha256,e2317d9883e0dc1fcf3a47f5d221c6369cf5321a0bc040fbecfd77badfb9f098,1,1,1634,1634
secworks_sha256,e251c1beb0ffd4f45c5a1bbaf652911936b8535ad2cf115420661336fab71d13,1,1,260,260
secworks_sha256,e25dcfd8776175ca314b8e25ba43d17813eda60d0058d74fb4f96db6fb715e12,1,1,857,857
secworks_sha256,e2799acff7f0508c1e28e0af15bd3d7b1079c43b286c94d3fadb0b0c494bf996,1,1,784,784
secworks_sha256,e2a10ff9679bf39a09bf0d6058eb59d00ce39c4fc1813da1f59f715b044e9877,1,1,1535,1535
secworks_sha256,e2a9c52124da72d5e0095f0b84e1d9cce5846db97b136187c799053721253684,1,1,1433,1433
secworks_sha256,e2b28f790841da426ec31cf326410d591fad70ae7ab0c0aea881f40959cf7410,1,1,963,963
secworks_sha256,e2bc987d26d000b78fba459a11a22a0dc4d3ef78bc2c8757ca74a9d88f84ea84,1,1,1526,1526
secworks_sha256,e2c8317e6a3386964a725f771322cabcd6da208905fbf36d720ae9405ac00dd0,1,1,997,997
secworks_sha256,e2d18b16ad5dfbb2c6ed154994607120de5162bdf78d78c6a2460ef2aef1b0ef,1,1,1467,1467
secworks_sha256,e2d7f02ba5bbf568a38ce7a5c1cfd41893172649b359ecbf4cefdb5109d96d20,1,1,21,21
secworks_sha256,e2fa7c708e2e3786b8380365812b8abf586b9fd48764cfc17355857afa8a1c13,2,2,1620,1626
secworks_sha256,e354051e96af346b91e65fab7490c567c0780a3d60b0dbee5e7c27c6a8c84528,1,1,621,621
secworks_sha256,e356ff04ab596d5911d9b64592693b28a4d3523926d89f292ef351e77cfaac6e,1,1,1933,1933
secworks_sha256,e35e76222104f4a6fea9706c451b17c558eea07e9af6ba3dbe050ffe9099d847,1,1,1772,1772
secworks_sha256,e3669b0b9c0502b0893e3ec73d59e99d675a7f36b2eba70109f38feaacca4747,1,1,1729,1729
secworks_sha256,e366ab7e44051eb7cca98db25e6cbee24067b01c087c26324c3ccc163522dffd,1,1,1741,1741
secworks_sha256,e373002429c573a479315ff117a351063e6baf36f703d61995399c51f7d0a52f,1,1,936,936
secworks_sha256,e3830d1d32571a425a4768176f0bfb343f032b94c45f0225c85e039dc92bfee6,1,1,654,654
secworks_sha256,e39089383000d153fb794c87142fda8cff87a856249b520d6354ee58182970e3,1,1,497,497
secworks_sha256,e3b723a519974834cbe166f7bf3cd640174a414b2e97c1a95a3893f75fb474e5,2,2,1022,1120
secworks_sha256,e3df18d4eca349e8db05b31302ab50d4cb35e85d8873193b2a27fc4d4c822da8,2,2,276,1181
secworks_sha256,e3fc6336b78321f842ae66ca038c37efc684f5ed953bedca5bd06f385222ff3d,2,2,272,1177
secworks_sha256,e3feebb4128ca3f1509de9cb0c31db56b176600f8046981769b93075b8e5d28d,1,1,289,289
secworks_sha256,e46783aba29d3976e9d4598f1139957a6b14dcd92a72de2f697275528c357f55,1,1,1254,1254
secworks_sha256,e4a0ea811dcf6f8e292c5cf22ff1a5d0a075901d8f5462d9a2c334510f61c2de,1,1,912,912
secworks_sha256,e4b61cc5935dae49053f75d6a6fac4fade569aaae26e00c4b5bf247880b3d5b9,1,1,1392,1392
secworks_sha256,e4c6d63dfa742781c325201a42237ed2ce87e4d67252c8ff52426f23021c4681,1,1,751,751
secworks_sha256,e4c73384e7335b0b9b132d4267c3cd07042521bccc351ecec4f6517aa0fc762b,1,1,608,608
secworks_sha256,e4d1acc3ab0598856ff9e37b8ae7342fdd4dcfda1f2f54ee68a14bb65bda7595,1,1,213,213
secworks_sha256,e4d5ab1fe04074f29c36f649dd5211cdcc12c8343d7b4c0181e65eba6abcdfdd,1,1,2032,2032
secworks_sha256,e509bf41f4b3f50c11b20f8df619a7c6376c769484f6b9b6e933128bb43886d0,1,1,467,467
secworks_sha256,e51243762fa03ecb72115343458e0305bd782e1eb6df71589820418487180e34,1,1,151,151
secworks_sha256,e513d7da66b855c1a33887b3f5c944ea74df5eff59c1cf4a124cf8d8aa4a916b,1,1,289,289
secworks_sha256,e52655bcfdc89b7c00cee64f0606812a3470d252dc545ba1a11ce5c9f29ddf8b,1,1,1275,1275
secworks_sha256,e526885ac2583168e539e33bf42ef986485a4b00d7e984fdd5356537ef78abb7,1,1,472,472
secworks_sha256,e53bd138e567220671899e5ebe4ffa325c132dbe01a26663e8480a0a542d5289,1,1,1743,1743
secworks_sha256,e556ccb54b740b15f95f8d1a23326d384b969ca7be1af4995b978b99db10aa19,1,1,223,223
secworks_sha256,e5649a5c67ce35e2beb3348e521538355ea97215e0b0ffa166fbc738aa8458ad,1,1,917,917
secworks_sha256,e565e73d7b04fb022b2f7710403bb07f5d0464649bec1c3a2eb6829cfb2395ec,1,1,1500,1500
secworks_sha256,e567d70916c903ee93d7f182e868a76d205b24c28adfed168b52cd462410ec87,1,1,735,735
secworks_sha256,e569a3223ee6e7a21d3edaea4b62ffe713b98503613f0f38c823dbaa9219ccb5,1,1,1670,1670
secworks_sha256,e574beacb415807ab59f3570b59a5ce5649a22df8590a7cfcec5b4730e9f12e7,1,1,1926,1926
secworks_sha256,e583f452dfdef30c213861f8e98a5946d10b61062babf1de98332e14b6c3497f,2,2,699,1156
secworks_sha256,e58a531d3044a5bc3ed1c0e9caa1f281e946433bc224463f6b2eb79f3af9fe35,1,1,811,811
secworks_sha256,e5a0a869baf4702d67d9ab6aed851d9821396f7ac86f110a29f09a10b95a80b6,1,1,1362,1362
secworks_sha256,e5aab00dc2de8d7acf350d16caebb9490678c1c2ec0ecd2953b4b4d8c2692d71,1,1,499,499
secworks_sha256,e5b98b63a6881d6262399972d9116d36e732ee8f06113220edf621a0278d8665,1,1,133,133
secworks_sha256,e5c2b5f1ada39d538d613819bf31d3f120f45f65217fd4e9be589b2ea19ac372,1,1,292,292
secworks_sha256,e5d3e0c4606e2ab3a6f94db29d5c4e0d8b493c1efeb92f30b2dba6c1499dbf5e,1,1,244,244
secworks_sha256,e5dfed53fdc151ccfea555fd609104b433e0503619bc6929295c4418f55a1715,1,1,413,413
secworks_sha256,e5e8ead20c4767b08e9b2ee8ef8c4497bdc7672ae5364ed36489e5c908e5efcc,1,1,1792,1792
secworks_sha256,e5f3e7e8d9539f3303571e4bd78d44252d060e8e5e82be100d734e7057cbe977,1,1,110,110
secworks_sha256,e5f420f5b4eb6d2ccec4265d5f1e65b7c57258897f2d7d75a19968016d40e882,1,1,882,882
secworks_sha256,e603a3ba45ed394c5a79cf5aa3cb9cf6826efecab8743fc411a9b6f1296fd0e9,1,1,567,567
secworks_sha256,e60eae862ee319a55e5434bb7113fcbf319ad89962d779a712907071260e4ff7,1,1,592,592
secworks_sha256,e61c4464c7d61668bdc590b09347f06cb00db354cc44fe28ccb4e1bdefbe0ad7,1,1,1740,1740
secworks_sha256,e63cddc8e0c57369484025c6f3afdff2ba256cd16f8f6acbb633512a560a7b81,1,1,304,304
secworks_sha256,e645ca0cf525e0a93844d6cd916c17a2cc14ba5ee7fc58f95148e77d9bba8dcd,1,1,1471,1471
secworks_sha256,e64a980106d83b669ef7602fa55ca3834cd13e1ec3a44239efda20be3eb2b98c,1,1,1371,1371
secworks_sha256,e6595032b5bffcc59a265539fa2f9ed2b1e0d74662d223fdc84951f5e1c75a6f,2,2,1778,1848
secworks_sha256,e67d499ac4ec515e18925e2b4d126a0d461b75fa224784095448ef66c913f47c,1,1,1536,1536
secworks_sha256,e69ec94cae41fab23fe7c414dee792510f012e4cc2ac147dda1cdface97629ba,1,1,906,906
secworks_sha256,e6b755c52a2b993e2a3723124fb21729b5389eaaec599cc0d804a17cb65ec9df,1,1,209,209
secworks_sha256,e6bfa63948239cf34b4a316bd2d2c4f3756af5b190a84b5006662df34f64cfac,1,1,256,256
secworks_sha256,e6cfdbcee593965a705db5c1d5b7b67ac3260b8cb8887bbee2c1bbf7c502748c,1,1,475,475
secworks_sha256,e6dd8108d61476228cc2afeb27752ca8a06f85078b728bb838215310cce39702,1,1,1974,1974
secworks_sha256,e6e0ba3c6894ba46109fa61fa7ae390bc7e5bb5f7664925a533604501efbfe11,1,1,855,855
secworks_sha256,e706e9ccdb350ce96a51ddc723bb9a6a7684615628dfb43ccf713de9f0952393,1,1,557,557
secworks_sha256,e752aea26790d934af9720aa1c1ffa23bbb8393666d399f1d017face2530baa0,1,1,695,695
secworks_sha256,e75caa9fc5cd921b9b7cc7791779dec377bea5d7b8539f671d03ae160dfdae29,1,1,385,385
secworks_sha256,e76bfb7d8a675be0a292a3dc2095f4d7b705b03d04b5dafa029956e9a641110e,1,1,340,340
secworks_sha256,e78fdc57f72c52e6e1ca95f81e77fccc02e2fce3f6e8e7cfeaef9bdc41b56585,2,2,1949,1950
secworks_sha256,e79148913e013025d2abd9071fe6019c3b0f41efd22507591cb27bada900f44b,1,1,803,803
secworks_sha256,e7a4deb20d1dd2dd8baaad738502b38193d76ec717142abd57764cfced4726a6,1,1,904,904
secworks_sha256,e7b8e2937c64cd1c86ec8420338002841ef7d3cd98241fe884008677edf7def1,1,1,839,839
secworks_sha256,e7c6b75ba79afa29c75e4eab34b1b29270dd8bd4a8eff209606d57e764583ea1,1,1,850,850
secworks_sha256,e7d9402afa53de5b8e02f47db82dbd51c671c85ed709474756a861296adfb5ad,1,1,763,763
secworks_sha256,e7ddd55832fb366e516a096db56b1c036cb2705069a0f20a7649a2cc66a12760,1,1,180,180
secworks_sha256,e82e714c44f0840e7f50e65b83c51a7115b65568b03a1f0c2f7835e0fc6aafc0,2,2,43,1079
secworks_sha256,e83cb535acca57d6ba34443d7dea2d09e8c3ff33b74a4c762c252c2ad2af710d,1,1,213,213
secworks_sha256,e865d61ec9639b20ecc5d2cf1d226e2ea20b9989f7a8c1b7b51dc3279a5d2ef9,1,1,1266,1266
secworks_sha256,e86a9a9719f53c5fba62cdf892df35f937bddd0ef7ba4efa0e609a5ac4136810,1,1,1010,1010
secworks_sha256,e8a973430e4ef326bd0794f64f85f5b282c0de5aeb258afcbca4c4d9b7bfd03c,1,1,349,349
secworks_sha256,e8b42c6913d505e6de08ec9970f29d62a66d151baa9a5607dcaaba53074526b0,1,1,947,947
secworks_sha256,e8c75d91c66183010d689e07797833b7960b513d0e5d3f3c08aea6641d7bedc6,1,1,1209,1209
secworks_sha256,e8cc8144251a692d423a617f70351a46655c4faa25619a1e89c067145e5d68bc,1,1,1498,1498
secworks_sha256,e8d9e09827cd8c9c5c40682e582478db7eb5af1f77de3a5fdda6bf994baf910f,1,1,802,802
secworks_sha256,e8e1364c12dcfaf35ad4356d09ab090bd6ca01a551b8e6eefe62a85812e6fc5d,5,5,1716,1858
secworks_sha256,e8e6edcd4e7912476c748fb7961ad5be37d0adc0fb0d535b0b7023ffc902a11e,1,1,278,278
secworks_sha256,e900dcbcc5be3556bbd4ddd21b50612d0ffc959f8a989799a88bad846ea68f8f,1,1,525,525
secworks_sha256,e91b4fe6c03f3b77f02be9340101c40804a4621788044c84b7c0674cd0a25cc2,1,1,142,142
secworks_sha256,e924bc9b3f6c04411736bf13827ae7a896564071b43e87d5c75f7b90b48a6470,1,1,1892,1892
secworks_sha256,e936f4539b466f98592c8b85ab0ebe0772de46dfa9c6f03d8a3aa4705255b621,1,1,618,618
secworks_sha256,e966b88dc4497f8fc164c3dc1b7344b7b03c5de0f6644afa7606db61b1ee8e21,1,1,1416,1416
secworks_sha256,e97a99ac96a21aea65c4e7be129560587213ba3cd91eba6eb04443349c9a49dd,1,1,886,886
secworks_sha256,e9be9b61fad6c1e69814382221e1e5b35f1e131dc1395e326cb73663307d1984,1,1,624,624
secworks_sha256,e9c170ef4fa10c4ffe9c5b948e13443f2fc833ab32f75828d03d2c92dd58a4da,1,1,293,293
secworks_sha256,e9d28b5945923086e58aace9ee3770548b043b615326403e2948ec100d936a80,1,1,14,14
secworks_sha256,e9ecc0f7517bce44f95486498755b49db8c96aaa7f8623f1912c5078cceccdc2,2,2,1023,1121
secworks_sha256,ea1243a8e2af218eab03aa94fcf73fdb5de16319acb269e91f3707e7a446de06,1,1,1377,1377
secworks_sha256,ea48cf027fa4b5e83a60c096902b83335f1d71c6b22b2e1960343b3749b06682,1,1,249,249
secworks_sha256,ea4e07d6863d05a6d2e83ff39c5569288bb7a44a4ee8e5592537580bbc09e7d7,1,1,652,652
secworks_sha256,ea540dfbba60714056ac0e8a31741cee12cfc378cf063078e0b3342dfd43cc28,2,2,1768,1771
secworks_sha256,ea6bb51c2d6a7fce7434aa977866f411dc623308376df25e7b93af1859bdd90b,1,1,1787,1787
secworks_sha256,ea87163d3200ae95c0acac45e4e0b4ed86daeb01d07055db55c1622684f7c7b0,1,1,1673,1673
secworks_sha256,eaae84f2f0185d3d89870eb67c89c3c6343698807511be775a7e2f52ef74cd30,1,1,1527,1527
secworks_sha256,eab708c850f1c4c4d818b8c907be772db6eacdfe246dd1c056712443a446dee9,1,1,57,57
secworks_sha256,ead3852b2c686d78ff15a32c464ea765745e97e414b1f37f5e47e4f18c5da1f0,1,1,1244,1244
secworks_sha256,eae023cf9ff07bd5a7e70bb1a1989319de6193f38e2c0a25b759f3f22e43e987,1,1,559,559
secworks_sha256,eaf326be46598beb92fe96aaa4360e23c6489daa8dba862a04eb498a50dd1a33,1,1,237,237
secworks_sha256,eb0ec046854e5a268557a2f5766d29f58320db1be37b111631eb8d9f93196b67,1,1,1441,1441
secworks_sha256,eb10baa0e0ff69af8ec41388c7770c45a8def40bde8c8937c1893e3314984d72,1,1,302,302
secworks_sha256,eb21e1e2a9efea4d766931ba12e3d5d7cb89ab5e2589c1d46f283ce2ad109f49,1,1,715,715
secworks_sha256,eb4941465cff6ce7ff342338bc761115cc7a83db196998a5e2755436715aa5b0,1,1,1345,1345
secworks_sha256,eb4af0f2c87a71283a07adb81d45df5c569c4d114f502f9202f3fb22e29d8df6,1,1,1728,1728
secworks_sha256,eb5025e0c22e1b4e5f750467005a3a663e1a2f5557634464d142f1a509e8b040,1,1,2020,2020
secworks_sha256,eb66538b3b2f2b6ecebf51852b9b087dab4de4535334a343eef6ef63b6bde811,1,1,390,390
secworks_sha256,eb6cfd654fd1f79b0712650c7d6c964d1766ee27b64a93af892261119a3379a4,1,1,1292,1292
secworks_sha256,eb7979fb34efefd4bc97efeda1f7dde5dc228bb2618beb7a35e3e4cf438934c2,9,9,1720,1852
secworks_sha256,eb9a6a13e33f76c2d676bad9ddb868ef15eb61bc6c43521e20a07a7d36b276d7,2,2,1760,1761
secworks_sha256,ebb5fb748910ba4c04d2ebe1b4ff44045789ad43e24ab941274f4521b4d5ee6d,1,1,713,713
secworks_sha256,ebb84294c2a3f271184de46413f609686fab4bacec4cd149dcc82a50448be4ad,1,1,1887,1887
secworks_sha256,ebb84f4d256a1bf5fa52d8da9f2c3a7f3974e1a95a2a536be8fad874ad2383b7,1,1,328,328
secworks_sha256,ebb8e69d9be4ddb7f3daba0f245e38a59b6291cf291d745354418f59876735c5,1,1,797,797
secworks_sha256,ebf01e06b2f88fb11da17b1d9f3f307bc5571fd77f52996168556e887475076e,1,1,1476,1476
secworks_sha256,ebfcbe4925b20b31e7f640b689bb350a16ec1b20ca61c36904d131160747087b,1,1,1142,1142
secworks_sha256,ec00b309038e0e0feab83b7b655c1504cfa4819a4c230451f4fa560b5536ef63,1,1,498,498
secworks_sha256,ec0f51ac7ab336ec06b03aeb8d7b8ba4a3a37870cc5195c46243af4d2f852968,1,1,1472,1472
secworks_sha256,ec1d6afebbfa1cfee29e31633d19c48bf63171feb01ad28405cf726d18c630a0,1,1,1562,1562
secworks_sha256,ec1f90714fcfaab2acbea925cb0e9b78c3a269ef04e5718dfa6d7b3a3e15605c,1,1,1444,1444
secworks_sha256,ec43db02cd62f7b966a7f4cdb0e93bbd8e3c24d41a041a78163feeb9c5900c96,2,2,1627,1640
secworks_sha256,ec60183b173f8bac8c5506c0109023b480ea2f749f84f938d625ce91439f3f63,1,1,66,66
secworks_sha256,ec60939c64c20fcac8670d63d5c4a7aa35a158b035cc0fead108657b5e0e5f20,5,5,1893,2026
secworks_sha256,ec6fdb21cc1f8963ca54df57df25e23cebc428def12e78e00866eae9da84e4b7,1,1,842,842
secworks_sha256,ec7dde5188834fde5674f65d1135f92cfe6d8b07e3ebd4cdf916658acac79096,1,1,1395,1395
secworks_sha256,ec89e4af5959e32c9e51d6bb35f7294b0877552053b88ff486ff3165b9ec94b1,1,1,1758,1758
secworks_sha256,eca16b5923401def2c931af1d11cf319cc7d5565b02e354c2723d62b8e2f4d94,1,1,1721,1721
secworks_sha256,ecbd359a6f941ec0ed86cfc4a9171c11abef2cf96b71dfecd0faa0783221e912,1,1,1174,1174
secworks_sha256,ecc1366ca695001cd3310fb7c4c6fecf085e762b9f31c7d5560e2716e50213f9,1,1,1765,1765
secworks_sha256,ecd4cbfbda0f73e7951d71e9854508ba631d5c7ea6834774fdde2cc57503441c,1,1,198,198
secworks_sha256,ecdc94eeae086bb3b8fdb1e5d2bfe3b16f6ecbd42eca7145accd06687a517918,1,1,718,718
secworks_sha256,ecea7acdcfdc693cafadb18250a0b043658eba10151b3ded706e1a87244c433e,1,1,740,740
secworks_sha256,ed32b78fc6c4e1d1000fc25c08f42cbb373a6f3aa4046ec3346228d52dfd0392,2,2,7,1199
secworks_sha256,ed46accf2e373cc3acf40b9f2b144e6bdd813b332acb8e99ba402946e619e6e9,2,2,983,1051
secworks_sha256,ed569880df6d3486741bf9c6309cfa509dba912800f115d94602ca04b82c9b60,1,1,543,543
secworks_sha256,ed61e1df74f5badd6d2b5e2d56c1a5c723e4f5074be6482505e9b5a9d15b9b80,1,1,1942,1942
secworks_sha256,ed642c9fb7ecd14143e2c8ada26f6b654b8cf60a8087edc0a2e826915c0ba035,1,1,1511,1511
secworks_sha256,ed73af44acbe8f4e1444dd54ec83a359e943e68a3a379fb296343b021c16feec,2,2,1954,1981
secworks_sha256,ed920758c3d335c3b3b34abb68744e86907a9d03f3d535b751b2bae4197c0d15,1,1,1494,1494
secworks_sha256,ed9e470b26e55e912c2e5e86bc3cf6635df78cb660c09952c6503dd598d4104b,1,1,962,962
secworks_sha256,edad68c0681f9c61a693042e60674c6fdc416dbb2245266173bb342f3d801549,1,1,511,511
secworks_sha256,edb10dad82f0f17910fa5f8ecbd8d81d60c9ebb37cb4d7cbf13460d38ba09930,1,1,1465,1465
secworks_sha256,ede4fcb5ba5f617e742ac26735ccb33a72e87687632f2324e7ee49166b32536c,1,1,241,241
secworks_sha256,ee05cb2fde3ab0cea4c6c7af224069523d3523909f78b5b578c1aacd49936f0e,2,2,287,1192
secworks_sha256,ee1301a3dad7218afcff4b11d7591866bb97cbca20701cf62ecfbd466fa2fd44,1,1,346,346
secworks_sha256,ee14fb1e0418463d228e780fa737ee74f51830f16faca31f3eff36abf9627594,1,1,184,184
secworks_sha256,ee4b574270e8752ce499db8b4f591731011058c3071fc23b364761f63a738277,1,1,780,780
secworks_sha256,ee7922e6332d35d54c6592351fba7c9c95c03bc6aa8e9f773de8f6ff96d84183,1,1,374,374
secworks_sha256,ee8f12626f219d967c002c84b566417232c72d8394056d49ab32f9233d685851,1,1,387,387
secworks_sha256,eeb3f801e23645d61260b4db91c97f741fc250c688cb6569cf89b9073f8c64ea,1,1,550,550
secworks_sha256,eeb4ac291e69b3146647e330a7826b5f4d197a174fa5ba8dfdcba66773a3fe10,1,1,720,720
secworks_sha256,eeb8cfe57a9f40cbb8fc31c6576c7d657dc72a22d2bf9dbb2be15b0524804ce5,1,1,685,685
secworks_sha256,eed39769e9503c4fbb1911ce4d4f9478cdbfbcb9eace5af1ed6cf0f0b29fdadd,1,1,1276,1276
secworks_sha256,eed7b2421b3d5607f547772340d09f14907a30d53f8cdb18578d63b40cddfa54,1,1,1347,1347
secworks_sha256,eef9fbfaa1d08e39e9ea2175f498711d3ebc6ac230bed068a11b75b0ed3a9ea9,1,1,880,880
secworks_sha256,eefb1c928a90d2e060d7864412e80be1ff97b429ac26a91f590a117bc1e35d7c,2,2,28,1220
secworks_sha256,eeff4013bf53f9fb2dad421d7cba75dffe32b0ccd672ab7b910a4b41c3ae3556,1,1,720,720
secworks_sha256,ef166728774f8c5ba1c07f71baa58784f6fbfe0bf76e5e3bfd6fa7c61354bcc0,1,1,136,136
secworks_sha256,ef176e0dbce48aaca99de880a0646219f75861e99b126d363fca4f2297d1c750,2,2,281,1186
secworks_sha256,ef531f747bb2dc670193c349400c6c7c57b53b70fa390552a1338b459cb238a8,1,1,1540,1540
secworks_sha256,ef709bcabc2d63c9b732bd623aaa75ea7cf4889ead257c57fa30f0efa5ce2155,1,1,526,526
secworks_sha256,ef827e81eba76b6cc17085e3bbcf763f55fc08faa9076acc7a686d3f0e4cf1c4,1,1,1221,1221
secworks_sha256,efacf421855f819a82e5c8f7f8651d7b08979692d48bc842d48e554d3bf07eab,1,1,503,503
secworks_sha256,efb88b9e2d31f4938ceba2bcb3b70a856ec40ca95ca4ac5c94fad0042db71f86,1,1,920,920
secworks_sha256,efc958df5df3183839f2196b311e3887b8bc74a09aa7bc44c5495c07680e02b9,1,1,747,747
secworks_sha256,efd742c62c235694accbe486d5baf1a00537f8d2940d4c1fcbb4367ee46d75ba,1,1,1293,1293
secworks_sha256,efd99a9cfc965eec5035f644832db18d0e6e8b2fe81c283f160a15e3d32aaeb0,1,1,582,582
secworks_sha256,efecc38e0200151716c663fa58a9ca9520b4c1baea7cfa2a3f96dd73cf99888e,11,11,1909,2041
secworks_sha256,eff17d18a298a45655a939a3d02431151b863398b9f5d228c40498da694b095d,1,1,384,384
secworks_sha256,eff8f6c971c5e191e39abbca55798b487be60c930b9e2f685b1b31e8213e63b7,1,1,953,953
secworks_sha256,f042780598f0975d43e912c2c4255e732d428117c6a3e7aa45e618fa7c0e5441,1,1,701,701
secworks_sha256,f08c8bf71247f7ac888c51be9b5b2804637423bf4c90f8d62d6323abdb031632,1,1,706,706
secworks_sha256,f0b46ac24ea00bbe376376667312531cd7739e4870929f3cc004ebdd3c23180a,2,2,259,1164
secworks_sha256,f0bb2ed0a5e1414c28ac9b74a5fcd53cda61afb1f6daccab73e17950f6e3fd17,1,1,662,662
secworks_sha256,f0c4d90d4bf2064cdad22405e24571a9ca0a05fb4d05c33bda7a6f9b17a6ab89,2,2,59,1095
secworks_sha256,f0d6eaea1bac2bd006a305c1212601ff4b13d3ea5b7594dfc4e75bf43cdf9a49,2,2,17,1209
secworks_sha256,f0f0ba94d259e78600092946eba40603ca1431ba380703d4a73eddbe8940d895,1,1,598,598
secworks_sha256,f0f280d7e97487c97457d57e02bb969f1227cb9d6f6b4e78a15b56ccc8e1c865,1,1,1077,1077
secworks_sha256,f1367497b4b93580b931a2860b0f98ef515c6f57c7a58e117372055990358c27,1,1,333,333
secworks_sha256,f1390dfefd84ec9e41aa01012a869d030c2856d1d40d61ed6661447190a00a60,1,1,1526,1526
secworks_sha256,f13ded7ae4a3a3057e127508a74def80bd1c6ba87aa84f45b71b629ccddcf0fd,1,1,1853,1853
secworks_sha256,f14f0f669bcb9e1cd9b06ecb1c4bd6afcca74bd114c10f478851d9aa1876abe1,1,1,1924,1924
secworks_sha256,f15dbe8cd2aec427f89c9ff83dea0ee763b1212f923c773dd89315e4383a5087,1,1,1522,1522
secworks_sha256,f16b4503e540321f1290a4d632b55b9ee3460cf98ad82146fb0ad04c17f9cfdd,1,1,1348,1348
secworks_sha256,f17979031ed65ce4c9539999d8c5ff11550f3c700ef4ae399c4098556aaa8fea,2,2,984,1052
secworks_sha256,f196782c3096f460bf5e2435820345b669a41297c113a5568ec371dd2df07202,1,1,562,562
secworks_sha256,f1be94e10a3ec178ed91bee4790d32f1954509c7bf45cb351bb18aefaffe44b0,1,1,587,587
secworks_sha256,f1c9816ec5846eedfcec59f2144276b823b39ae8815a93c4582cb887d2db9037,1,1,217,217
secworks_sha256,f1e5c5a371b73530d4b7756b9cdce52ff752c9f246ef655eecb322cac768512d,1,1,1240,1240
secworks_sha256,f1f102d1c033b1e9babad8f530ed1728a437008e7b1f8e8d9afd00de4b23f723,1,1,1695,1695
secworks_sha256,f200068ee8c73dc5eeab9c42d736be29fa969c6de886e32603e61bd938bc498e,1,1,572,572
secworks_sha256,f282649c249c52759904596338e9f9d579b764544f3af47fd10991cbfe33c8df,1,1,491,491
secworks_sha256,f299bae14d488aca68cf684080e9dcd33f6299bfb89827ae45a9fe5f17861708,1,1,229,229
secworks_sha256,f2b744527c7078a41388281ea150504c7def74010385b9f0f8d05811739706b0,1,1,205,205
secworks_sha256,f2e30fed5cb739231eda0a8bbbe861d3104cd21dee37fb99f55d679f2724a9b7,5,5,1569,1654
secworks_sha256,f2f06b8adf2218561da6750e8d36fc5115492aaf63c7ba17f28d05bae2c9fd33,1,1,68,68
secworks_sha256,f31338788090e1033df7bda4f70a5e33e12d21f68fbf4cdfa5ca1d8096246da6,1,1,1419,1419
secworks_sha256,f313ffe53a024b4ef0b28923a8773c55a7411d225ebcf6a98cb2c409abde1d06,1,1,376,376
secworks_sha256,f317c7c9ba00c3e8d1e29219d68287b92fba3799e5235bba28dd8b8964e0ced7,1,1,357,357
secworks_sha256,f3244ae6e0624b09385f270db89418adb5219b614f1ce5682102cf29a03e315a,1,1,228,228
secworks_sha256,f32ce79ce717fdb4e00953be7acf3641d323dbe62fd0ce2b4bc348555538d40c,2,2,975,1043
secworks_sha256,f334b11c35aa057b13eba3127ca0a5a10906ae0c4ea1d1d5a55f86cb15bd6ff7,1,1,59,59
secworks_sha256,f335649bc7e06f96e122cf709c07b84ca940e6e845d61ea3713bf5902c594513,1,1,453,453
secworks_sha256,f36bbb8466a967af485c93af564ee590370b63515dbdcfd428306d062c4c1080,1,1,345,345
secworks_sha256,f3849104ffe59452aa9007b7bc0f0acc4ee07d8d073bab1d490a5bea4c9c67ce,1,1,1460,1460
secworks_sha256,f3d289bfa18b116217d127402f1cecceb4b82a60f58bd77a57c1a6b9f7d368d7,1,1,1459,1459
secworks_sha256,f3d2b8dd63eba67e2a49bb5465b4835f432cafa5a07e823e8fd29c53d9b66a45,1,1,190,190
secworks_sha256,f3fa76ba46c5a2b31d6417372e4237ebf00ef46fad3fe9b86b7f6d53dc1bf080,1,1,181,181
secworks_sha256,f3fb3e8c96616feb0ba5fe3139cce3d0f114b9ffbd612da0fa223b4b359a81c3,1,1,226,226
secworks_sha256,f3fc6d5b5b9bc1798c7a4020172f71f3233c3e5b59dab26495be98e09442172c,1,1,864,864
secworks_sha256,f40885bbf617201d0471ca5b41b81ee26fdaf880d99420ef23e4642044487b35,1,1,364,364
secworks_sha256,f408e179537791c76527b8894d8007c663f7305c37846e2379e5a0ee806acd85,1,1,1442,1442
secworks_sha256,f40b62178eb59ac7a16c3506042119ab77559df7a36438a6e2fdaed931532a75,1,1,881,881
secworks_sha256,f40c9f93e6211c89c257ae291bd5c7aaf2fa8e8bfca72c3997fe692c56899cb9,1,1,1183,1183
secworks_sha256,f423a9c77dbb1dc5ee152f3bc6a593ad110264e08b78c7d1e3f82ff608289f36,1,1,1315,1315
secworks_sha256,f4415858057526078748671f508bf448835a347122decb741600acd187f06471,1,1,148,148
secworks_sha256,f4493cdc628d9ecafaa0d11d4bffe22c75feba20c14f2a99e4b2e243dbc6ad11,1,1,1450,1450
secworks_sha256,f4779c425d289afda22317b47eb348a22f7f1be12c95f55746fff1ab1486c262,1,1,511,511
secworks_sha256,f47b0f62e0dd907b51c373a3a0b0a7ecb1962d06d808bbe85136ad8e3aace951,1,1,1777,1777
secworks_sha256,f4b30baa02b1ebd1e89602a80f3748133d0eecf6a71616afe91387751d87f6a7,1,1,232,232
secworks_sha256,f4be484428a0262368292647a620d8a6b5061bf700735c762c06565547910307,1,1,729,729
secworks_sha256,f4c4b995ce6100b878f6c574f5fa40d3bcf8a05855ad5998aad7aa4d8d67bd56,2,2,1589,1590
secworks_sha256,f4c85909fbd6810596a4a4993fc63d786f43c6976ea4cd2568676e8a83b3ffaf,1,1,796,796
secworks_sha256,f52552922de51783b4a7d4b0f32f90286f9ea5eb9b783ab5e6be101622d0be67,2,2,273,1178
secworks_sha256,f53164471eaec6f4b67fb49232e0c1948875d3d78a0670ab8ec27fa9ace0809b,1,1,1542,1542
secworks_sha256,f571ec31efd8758b0e52bebed28285b5f065bfcae064303de71a5b83227f77be,1,1,1358,1358
secworks_sha256,f598b0c52a0cfc90761fafc4f6ec83a5bc715f1e27ae967391b1aa3d49a6e7f1,1,1,1752,1752
secworks_sha256,f59c2a398a2339945d2c6a31efc19b101244f2ecb7d67f1d04f640fe52538983,2,2,704,1161
secworks_sha256,f59d45349721440a1c2f72a15f39d21486c7069ac65bbbf4e08e4a60da7f1a2d,2,2,900,1918
secworks_sha256,f5a177bb965d33614dd1d05c973b52dd368798052426c1574a35907420205ce7,1,1,1454,1454
secworks_sha256,f5ac24f7f5d3ff321b1fba628861bf21346df146e28e3c2b37a6fd1d2fdc0854,1,1,759,759
secworks_sha256,f5ad4995adc05eb947b53154f08ca763d7094a492909426dd5919fd9f1bfbe77,1,1,331,331
secworks_sha256,f5b711bbad9d5e9030a11e158517cc3c21d481198bb4a459fa043dd324088a5e,1,1,1331,1331
secworks_sha256,f5c975623b1e67b54d7298d428eb8af113c96bbc55bce08644eb45dc188be81d,1,1,267,267
secworks_sha256,f5cf86a742bbe99ba6f7619bb9ba82cb95c5a08f5b3c0fae5cccd94d1e5eb93e,1,1,112,112
secworks_sha256,f5e1a3ed8066b39791f62367c5e0de9d15a43b9434dc364b6f1ed75b7a4cf3f7,1,1,288,288
secworks_sha256,f5f5821a76dfd33b6b9599fa8f642115ed4f34673ab7d8e64ad8f723ce910e46,1,1,588,588
secworks_sha256,f5f9ddfd458a426013663ccfcbe34f7c2d3febdf7359e2b26721c10a637fc53e,1,1,422,422
secworks_sha256,f6074441b80512d0a7b8db8fed8fe69cfc5bfabb37b6f071202e80a7ab788f58,1,1,1354,1354
secworks_sha256,f62aeb971cfaacbaf6fef7a8ee6277daf4d1d984d6fae0e523c1d10d21b7997d,5,5,1561,1666
secworks_sha256,f6304eab8b250d988b12d043213a9cef557d913d642b9ee13d200ad969bd54fa,1,1,201,201
secworks_sha256,f6344c31d5bdc2108d6369fe43abde29cc6ca5b873c471d2bdf7e50bf0728dbe,1,1,1759,1759
secworks_sha256,f6491fd1b425dea59d316c11639990cf915c9bb977bee1f9e11698ca652a1e6f,1,1,1921,1921
secworks_sha256,f6567c812b264ff02f22fc9295fb883c60c3f930c9c2b1cb09aa0ff1a421dd71,1,1,250,250
secworks_sha256,f664de744b418b0f697f776db452d6df471682711109f9a53dd16d3badba7bc4,1,1,901,901
secworks_sha256,f66eab3a3ebc9d5fee113754174dbdead1ba20dd81c2ef145b7f410182c192ae,1,1,597,597
secworks_sha256,f67477c275c6bf61b9030fe9ade44bc79e4a6178502bbbc3505d25dda5ffb31d,1,1,814,814
secworks_sha256,f69bfa7856c01bc13468b7d251c9c6032e563515cbc978d741864dc86b00fd9b,2,2,262,1167
secworks_sha256,f6b10ffeecc0f9d46decfa3aa5e172782cf94683074886604d6a5f556989b9fc,1,1,471,471
secworks_sha256,f6cad78a443f1e4cd9701c4a0c18818b33ceb5c4d126959cb7f7cdd98bcc2021,1,1,738,738
secworks_sha256,f6cc6dca7baa5fc446d4b52a6b96ecabe9503cd7c0753eef47635bffa17f4f60,1,1,318,318
secworks_sha256,f6d15d07391e0d5e27bd140abcc28b63d6a818464dae5662a5d0c22cbe4d972a,1,1,727,727
secworks_sha256,f6d5fe56ec78b382b0814b392102a1831d7f6c2b908d8d6ab8535cdd068f8ef1,1,1,948,948
secworks_sha256,f6ef1852cd6045f70d6ef142f6546704e4ac423ba84a3f70f5fd44b7bcd352ca,1,1,339,339
secworks_sha256,f6fa003aea771c76ddc69c7c222583f2fde8a3730310172ac0147f0f0711e0d6,1,1,1685,1685
secworks_sha256,f708319822e89453520a944605d4c44921c29a301a51d3289110c76d127281f4,1,1,923,923
secworks_sha256,f756ebef1d9892397bd8e058df820f7d6c199a4b909c6d69a27ddc6a4dee674c,1,1,54,54
secworks_sha256,f77643e41afa794a987ec2bed4e344e06a128d1ba1434f2d6fbcd88f8d8653e3,1,1,1383,1383
secworks_sha256,f777d8ec1fdebe4ba280c902d286d77b03c4ed4c9426a26cf99b037a0b55d0cb,1,1,40,40
secworks_sha256,f77bf70d9ca5a380bc0353d2edffcdb008eb62f88e6ca5965a7c35d3d964bc2a,1,1,1030,1030
secworks_sha256,f7aeadd25043209e9580e4df3f765df95cd05288a792273079ba4a4961a5a10f,1,1,303,303
secworks_sha256,f7cde6d37007a7940d67ded0a9303286ea352adf83c3f300868eb33df70553f7,1,1,1746,1746
secworks_sha256,f7cea13558db80e93aa86aaf33421a5f27edfbceb78546a16bb4833c2350b538,1,1,613,613
secworks_sha256,f7fb4ea8f6c2309be51dba3131209b52176abb7c8b8efba30e49fb8ef2832939,1,1,792,792
secworks_sha256,f7fd3ef2b50bc1b8c79e6b1b1db799f0445207466e1769ef52b6d51c6c5deb97,1,1,115,115
secworks_sha256,f82b8bec9b5be9137c4fa96bc8427c01ddaab74f38766b7cd386c7d5b23e4993,1,1,1843,1843
secworks_sha256,f83b845049814b45baa139525b86cb226c619434fd4279d9e66aa89c4fb0f487,2,2,982,1050
secworks_sha256,f8505a0baa8f46dc33cc51681fd023b34da4f8b77d73e9ad1987cf585c2ceb0f,1,1,671,671
secworks_sha256,f85df6c29ed58f0e174b46d2b0797c5ee1e976944749dd86cf7c0ea8d68f3ba6,1,1,1817,1817
secworks_sha256,f8a8575ce6b7f92b5d956559f766776b4d0eb4a39901e1fdd95849cd3c7a4c50,1,1,140,140
secworks_sha256,f8b10a45e6daf3e1d9b6854ecdd351cd2ff892ae29729b7793ce8caf93439853,1,1,203,203
secworks_sha256,f8c1ccecfa6d512af51b36089d4e78519daa53f37361ca201d6e7c8a5aed26cb,1,1,1317,1317
secworks_sha256,f8cacb9973a7700905ddeee774d17c6c6e3587b51cdd55d1ab05ca8e7006aee3,1,1,1494,1494
secworks_sha256,f8cca78fdb560b5555ef00d54731319ffcd91f84ecd76756a86ac2e25ec3b296,1,1,402,402
secworks_sha256,f8d9e198278eb20ed6462df28ff0c2a6ce37e46dba9cde4bd580ce37d777e48a,1,1,691,691
secworks_sha256,f8e2f27aece8ee90616f09597a1be0570865877ce16dcdb49a8296ab8fbbcfc8,1,1,1303,1303
secworks_sha256,f8f5a93639627ec41260f7e12b4c37334cf420a162077335726a6c9ffd06db0b,1,1,1313,1313
secworks_sha256,f8f61e91d9302c2a4fc9ec7df9088778545944da4039417989635907868af247,1,1,943,943
secworks_sha256,f8f6a18401136a2db607ecaf359f0792adf364ab1102788849c57b85607f07f7,1,1,350,350
secworks_sha256,f905c0fab215962451c69490646f0804919b6fbffe23bc5d6ec4dcbf14099c20,1,1,1052,1052
secworks_sha256,f970f2e41783ffa7e354531a37d1281d51a68d841c05922bf4a8feef0c768dc1,1,1,489,489
secworks_sha256,f97fc879649947c8da961e44b7569cab218c6bc7f43ae39ea9d3b698fe351e1f,1,1,1430,1430
secworks_sha256,f989bc33c904f6d9db64b80dc097b8ebdad888d83d366973b42a288fa51f43c2,1,1,1601,1601
secworks_sha256,f993fdb3b7980833461ab933dcfee3d457fbc837d4abe8c0a86b3261459b11a2,1,1,1760,1760
secworks_sha256,f99b63d38456a1a83f0f106b6c5ffafbf2b5056a4a953ac4eb59681749a2fa6b,1,1,535,535
secworks_sha256,f9a28a3471085402f65e4e528a86e7422564e471ddfb5190b4881368955a83fa,1,1,916,916
secworks_sha256,f9baeae646a56eaa4790b52efe6b7540a4b6a42704f11afa3e9dfefd99ff5263,1,1,764,764
secworks_sha256,f9ec7be5b224a1670ca80f480dc021f49a8929316c0ff2fd6b1733417d85414f,1,1,27,27
secworks_sha256,f9f2136774dacc657bc375a0f3c94261ab735f887c10b02dd456837f1d1221b1,2,2,1015,1113
secworks_sha256,f9f989315aea1f327c4797845d1d6c699713048b454afa49e3121aa1b4dbefc1,1,1,1699,1699
secworks_sha256,fa06251b650ab3447d9dc4e08c3980d507831802a5069f0ac965fb8e797ace2d,1,1,1729,1729
secworks_sha256,fa19b5cfe22dcf17653d15b7f3fe62deac617a52956bde45ce8036ae516b273a,1,1,571,571
secworks_sha256,fa1c86c58f31c3e71b72ab036cf691efdb320721428357483e6bd41d87af5343,1,1,1437,1437
secworks_sha256,fa25eadd9740eaa7b2a84b9ea8c7987b6394307bf976bebe295f64bafb5a658c,1,1,1296,1296
secworks_sha256,fa333c2602e2ccaee9a55b13e6ac6e3a046c5b19777ebfaa43c1094fa49f6f79,1,1,771,771
secworks_sha256,fa36202089f395041349db89dc1fba5991d05dcc1fb4661e2c4b868d063e3824,1,1,1322,1322
secworks_sha256,fa4d6510e7f845cdb53f86f6c22d42cd1543ddda100a6c139175b0495e98433a,1,1,565,565
secworks_sha256,fa8e57770ef539c4531b6ea1f3f6a3eb999c0abb6907a943f7ae92b5333b247b,1,1,730,730
secworks_sha256,faa7e064285c58be66319892a961c70dff93054f60c24b71d49ceda465fb453f,1,1,1539,1539
secworks_sha256,faaedd998d733fef30fcdd5bd6ac07c65a358af7fe0c98d99c503e858a83294e,2,2,1579,1582
secworks_sha256,fabd0f5fb102c5207c431bbe9a69d24c2b76c4cc2d27ba0f03b9d230b7d12b25,2,2,688,1145
secworks_sha256,face486d5c2414d532fc1be41bd68e523e97edf6eb77692ed7e1f756ddfe84cf,1,1,230,230
secworks_sha256,fad67692d604e932a4ae8126221c7e6eda9a3e932a4aa6f7ec4c188bcbc060e4,1,1,1564,1564
secworks_sha256,fad98937bbdbcb9a5e36c66789ada8a89765206adddf0c75668af25fb82d418f,1,1,317,317
secworks_sha256,fae4d17b752a3162efaa4549da741cc2bbe2631fbed33f105e2005e1c1e8d9cb,1,1,95,95
secworks_sha256,faf33e183a5df08438562c5d298c848ab74cdd4af0bd40de53d9cda6633e1022,1,1,1486,1486
secworks_sha256,fafd0042a3a460c8d842673e517006fc3eeb35c3d9ffbe8221ca9db9cf838805,1,1,926,926
secworks_sha256,fb20e97c31752a04c54a4cfa047ac82ddfddb40092e57671a2e3770c6952fb3e,1,1,877,877
secworks_sha256,fb41152135002e734eec9bdb8b965381aff68aa90f3a4cbd9fd2b38582bfe833,1,1,175,175
secworks_sha256,fb43563f7f1053b2e867c4a1cd43348db8265912e6f84f8c4cd71ea39a75df62,1,1,847,847
secworks_sha256,fb4959027604e54f80e329ec458dd9cabd6ec71decdba37062e99ff80fc014ab,5,5,1911,2038
secworks_sha256,fb592e9a5339bb4a2bd05a356badfa63c2a9efe6ea391a8e6ef320af6d171476,1,1,8,8
secworks_sha256,fb5b2b656a2956669db98543a549455e0a91fac366ad0187adccce9b6d852833,1,1,1377,1377
secworks_sha256,fb5c0bfb01ad1eaaa876b57f0c8365643f78242d92f6bce2ebaec8ed70f98fc8,1,1,90,90
secworks_sha256,fb6f9cd9a88621a6d8a3854664db3adb75755ed0ddad3818816a2fc322ad9e01,1,1,1223,1223
secworks_sha256,fb95d3580b7ffa29a6688e2bf8ff44a965334b5fd914ff2770d1a0564376be94,1,1,322,322
secworks_sha256,fbb8f8db88e56a8420e46e342ee23fcde7c98a61616ddae14d79961b325610f7,1,1,1762,1762
secworks_sha256,fbbaa6908b00b0e4dd61685812a292a3695b7231269d83afcc121236b082936e,1,1,135,135
secworks_sha256,fbca802c05fdcd906bc761183b16cda1ef8b468bd233bfaf3f077ea398a16f74,1,1,454,454
secworks_sha256,fbe35aa56cdef412e0d3e6d778118c6259629085879133118d9c255dd5f415a4,1,1,1758,1758
secworks_sha256,fbf0c60ab18dfe83bc71242dc5b44d31a885cb91d5f04da2efba8d0e6d214710,1,1,586,586
secworks_sha256,fbf3dfb4315a68bc8836b17938f6a970a4174bae21737e6dff83dd1f0a09c664,1,1,1225,1225
secworks_sha256,fc0c7b0e8bea15ad247943231f5a89319de0695288322a335f714b4ea0e4bbb9,1,1,408,408
secworks_sha256,fc104a263e1188107e9855a0109f95964c20ef1322ef2a22846031160e774933,1,1,1413,1413
secworks_sha256,fc17b9d6a5e2b53fac6b89f2cddab874090a2897a33a4ad9a57b661daf290dfa,1,1,590,590
secworks_sha256,fc234af0ec4bb7a09e013a382bf72cd4ea6be6d1bc6c7af65a68b44051df9e2e,1,1,1144,1144
secworks_sha256,fc5ab2506ffcbfdc10cc9f7144c54e88e10aa20573401506044ef80affc9d0f6,1,1,1391,1391
secworks_sha256,fc7acfdce9a677e04063176700d2b13c1f7e10c02697c933de11074583f383a4,1,1,1231,1231
secworks_sha256,fc97353d99f71fcf9e6bdf850002a2fd47d2df73b5f3dc35d2da755df15a86ae,1,1,1914,1914
secworks_sha256,fc9c6e2adb9ad2a73f0d3f60d71faca6c058c53c921be9898a467929c0a05e1f,1,1,1697,1697
secworks_sha256,fca5b1d1e7de4e004aa974ff74071d6645caf34eb9faa13e0c45919d8cc9c614,1,1,1447,1447
secworks_sha256,fcb7de960befca494eb291bc01ceee5bbf66f56032cc41f0b8cc068cc7b84fbe,1,1,395,395
secworks_sha256,fcd3df87689ebc1e2735108dee449ad7bd4ef02269adbb8fc0f20b365e22782b,1,1,570,570
secworks_sha256,fd38bed1d3172ba8677530fe5dcd62674bbf6c2b611a09cbfe08cb9b759c8a8a,1,1,1445,1445
secworks_sha256,fd5cc5bb273294d51ad218c1fa2f754dce2d5c901ffc67c2d3c7c88c28682a74,2,2,1993,1996
secworks_sha256,fd86a10fd75b3e130076c07b8f96ad91d51fad687497ff26b3c8df944c7cf80f,1,1,410,410
secworks_sha256,fd8e417ab8d481fe97c0c74fecefc958809fa947203a634c91dd726f6c47f9b5,1,1,1495,1495
secworks_sha256,fda7101e83115c6ae52416c1e5a78e50595f74a59b220a0b7593b4971789abf5,1,1,379,379
secworks_sha256,fda9822aadd3ceaa0423163e38009a79b9e8e00f42ecc960beb0162deebdab05,3,3,1998,2019
secworks_sha256,fdbd16ba795a4472c0b38f1142ca37c281b1140624b05c0c9b2d6ddbef0c88c4,1,1,871,871
secworks_sha256,fdd046262cdc1c83e40a44d9fef20f77e54a87173e7daa0fbbc2806d18e26d68,1,1,1480,1480
secworks_sha256,fdea657b0e004d3a1a02ad9eafd65fa6600c99b0e85e83c0938627a8e24a866a,1,1,762,762
secworks_sha256,fdef168a3ceab247bfbe7f917e020ea598133f98fd65db424559dbfa33fc1397,1,1,362,362
secworks_sha256,fe014728ca969ecf33ac6c332baa66b4f9ca7efd5e0d94345c875ff802be614a,1,1,1461,1461
secworks_sha256,fe0a7a0ccb59db6c8305789d1542dbf40e926d96fd49412e2a0f89872b5fa484,1,1,634,634
secworks_sha256,fe0fed56e921b1daf2c708b78fafc80f7cb6449feee1b830082ca1ff1bc7fe9d,1,1,280,280
secworks_sha256,fe185713ec2c8c917a854e83e85adb810aa2a20b801b65fcef81fb7a20d5b29f,1,1,67,67
secworks_sha256,fe194051163dab0db8866a1618427846a7548ff93edee491133cb036837eb2c2,1,1,1429,1429
secworks_sha256,fe1b50710f235d6605f8a8a5c16326c53bae2beb6a6a8bca1766bcc7ffa4b361,1,1,872,872
secworks_sha256,fe1b75584380bf35e357a8ad4f12c146eb24e7c43a2d09abcdd27bcf75bb8eba,1,1,1046,1046
secworks_sha256,fe472808c0c7e74deb77e27d9fa6acbae1d37388391d02275df473b8c1a73ecb,2,2,376,1532
secworks_sha256,fe88ac86af96ee8a2dd66a82f63ae87600f3ee442793f032072f38d558f8caa5,1,1,1697,1697
secworks_sha256,fe897f79fa538e3fb83ba5a0d841d921f60df375575e57afece9bc7e8ed77be0,1,1,612,612
secworks_sha256,feab8763a6b9cae3c18da4bebcb0cf7a46ff03e12440d01897a79bf12875850f,1,1,1423,1423
secworks_sha256,fed6f04011b5a66ee6019a696d1c7ec30f9df2a56923b749cf3d213eb6b5278c,1,1,579,579
secworks_sha256,fef6ccad204178394293f870e71849f220aa9e0eb9d2399bcafb7fcda80c27b1,1,1,692,692
secworks_sha256,ff61b96f9da6fae3e648616a61df67770429388f9f5f844f80c4f0402a39e0e1,1,1,116,116
secworks_sha256,ff7bc14c85e6886ad8e9d3b63edce5544903196940c1d3a5d36b96df330b1272,1,1,164,164
secworks_sha256,ff92154f3a941ab2c46b3ca631918d11171472348bf84bfe6dcfeb2d17626bcc,3,3,1706,1873
secworks_sha256,ffa4e1f85f4a94a44de5539494ac1776894abb18e6233991d185ad7bf417f939,1,1,1054,1054
secworks_sha256,ffc84ef104c27e04ea5203bc3a29cf7486fbf9c6bfcea12173ec448e550cf560,1,1,1328,1328
secworks_sha256,ffda9a261602451006cbfac68888f5c4eabaacb259466411ce5d986092b145f5,1,1,1239,1239
