candidate_id,probe_bit,bank_index,bank_bit,site_id,site_index,node_index,bit_id,driver_cell,driver_cell_type,site_category,net_name,cell_fanout,in_degree_branches,out_degree_branches,aggregated_repair_train_score,selection_rationale
EM_TOPOLOGY_4X64_T24,0,0,0,HMAC-STEM-005232,5232,5231,5748,$auto$ff.cc:337:slice$7084,$_DFFE_PN0P_,SEQUENTIAL_STATE_STEM,u_bridge.u_prim_sha2_32.gen_multimode_logic.u_prim_sha2_multimode.round_q[3],349,2,349,0.000000,TOPOLOGY_SEQUENTIAL_STATE
EM_TOPOLOGY_4X64_T24,1,0,1,HMAC-STEM-006043,6043,6042,6559,$auto$ff.cc:337:slice$8065,$_DFFE_PN0P_,SEQUENTIAL_STATE_STEM,fifo_rptr[0],259,2,259,0.000000,TOPOLOGY_SEQUENTIAL_STATE
EM_TOPOLOGY_4X64_T24,2,0,2,HMAC-STEM-005230,5230,5229,5746,$auto$ff.cc:337:slice$7083,$_DFFE_PN0P_,SEQUENTIAL_STATE_STEM,u_bridge.u_prim_sha2_32.gen_multimode_logic.u_prim_sha2_multimode.round_q[2],254,2,254,0.000000,TOPOLOGY_SEQUENTIAL_STATE
EM_TOPOLOGY_4X64_T24,3,0,3,HMAC-STEM-005097,5097,5096,5613,$auto$ff.cc:337:slice$7003,$_DFFE_PN0P_,SEQUENTIAL_STATE_STEM,u_bridge.u_hmac_core.txcount[5],196,2,196,0.000000,TOPOLOGY_SEQUENTIAL_STATE
EM_TOPOLOGY_4X64_T24,4,0,4,HMAC-STEM-005234,5234,5233,5750,$auto$ff.cc:337:slice$7085,$_DFFE_PN0P_,SEQUENTIAL_STATE_STEM,u_bridge.u_prim_sha2_32.gen_multimode_logic.u_prim_sha2_multimode.round_q[4],155,2,155,0.000000,TOPOLOGY_SEQUENTIAL_STATE
EM_TOPOLOGY_4X64_T24,5,0,5,HMAC-STEM-006045,6045,6044,6561,$auto$ff.cc:337:slice$8066,$_DFFE_PN0P_,SEQUENTIAL_STATE_STEM,fifo_rptr[1],130,2,130,0.000000,TOPOLOGY_SEQUENTIAL_STATE
EM_TOPOLOGY_4X64_T24,6,0,6,HMAC-STEM-005099,5099,5098,5615,$auto$ff.cc:337:slice$7004,$_DFFE_PN0P_,SEQUENTIAL_STATE_STEM,u_bridge.u_hmac_core.txcount[6],100,2,100,0.000000,TOPOLOGY_SEQUENTIAL_STATE
EM_TOPOLOGY_4X64_T24,7,0,7,HMAC-STEM-005236,5236,5235,5752,$auto$ff.cc:337:slice$7086,$_DFFE_PN0P_,SEQUENTIAL_STATE_STEM,u_bridge.u_prim_sha2_32.gen_multimode_logic.u_prim_sha2_multimode.round_q[5],85,2,85,0.000000,TOPOLOGY_SEQUENTIAL_STATE
EM_TOPOLOGY_4X64_T24,8,0,8,HMAC-STEM-005238,5238,5237,5754,$auto$ff.cc:337:slice$7087,$_DFFE_PN0P_,SEQUENTIAL_STATE_STEM,u_bridge.u_prim_sha2_32.gen_multimode_logic.u_prim_sha2_multimode.round_q[6],68,2,68,0.000000,TOPOLOGY_SEQUENTIAL_STATE
EM_TOPOLOGY_4X64_T24,9,0,9,HMAC-STEM-006047,6047,6046,6563,$auto$ff.cc:337:slice$8067,$_DFFE_PN0P_,SEQUENTIAL_STATE_STEM,fifo_rptr[2],66,2,66,0.000000,TOPOLOGY_SEQUENTIAL_STATE
EM_TOPOLOGY_4X64_T24,10,0,10,HMAC-STEM-005101,5101,5100,5617,$auto$ff.cc:337:slice$7005,$_DFFE_PN0P_,SEQUENTIAL_STATE_STEM,u_bridge.u_hmac_core.txcount[7],53,2,53,0.000000,TOPOLOGY_SEQUENTIAL_STATE
EM_TOPOLOGY_4X64_T24,11,0,11,HMAC-STEM-005103,5103,5102,5619,$auto$ff.cc:337:slice$7006,$_DFFE_PN0P_,SEQUENTIAL_STATE_STEM,u_bridge.u_hmac_core.txcount[8],53,2,53,0.000000,TOPOLOGY_SEQUENTIAL_STATE
EM_TOPOLOGY_4X64_T24,12,0,12,HMAC-STEM-005228,5228,5227,5744,$auto$ff.cc:337:slice$7082,$_DFFE_PN0P_,SEQUENTIAL_STATE_STEM,u_bridge.u_prim_sha2_32.gen_multimode_logic.u_prim_sha2_multimode.round_q[1],47,2,47,0.000000,TOPOLOGY_SEQUENTIAL_STATE
EM_TOPOLOGY_4X64_T24,13,0,13,HMAC-STEM-005226,5226,5225,5742,$auto$ff.cc:337:slice$7081,$_DFFE_PN0P_,SEQUENTIAL_STATE_STEM,u_bridge.u_prim_sha2_32.gen_multimode_logic.u_prim_sha2_multimode.round_q[0],35,2,35,0.000000,TOPOLOGY_SEQUENTIAL_STATE
EM_TOPOLOGY_4X64_T24,14,0,14,HMAC-STEM-006049,6049,6048,6565,$auto$ff.cc:337:slice$8068,$_DFFE_PN0P_,SEQUENTIAL_STATE_STEM,fifo_rptr[3],33,2,33,0.000000,TOPOLOGY_SEQUENTIAL_STATE
EM_TOPOLOGY_4X64_T24,15,0,15,HMAC-STEM-001242,1242,1241,1758,$auto$ff.cc:337:slice$5044,$_DFFE_PN0P_,SEQUENTIAL_STATE_STEM,u_bridge.u_prim_sha2_32.gen_multimode_logic.u_prim_sha2_multimode.gen_multimode.hash_q[256],11,2,11,0.000000,TOPOLOGY_SEQUENTIAL_STATE
EM_TOPOLOGY_4X64_T24,16,0,16,HMAC-STEM-001244,1244,1243,1760,$auto$ff.cc:337:slice$5045,$_DFFE_PN0P_,SEQUENTIAL_STATE_STEM,u_bridge.u_prim_sha2_32.gen_multimode_logic.u_prim_sha2_multimode.gen_multimode.hash_q[257],11,2,11,0.000000,TOPOLOGY_SEQUENTIAL_STATE
EM_TOPOLOGY_4X64_T24,17,0,17,HMAC-STEM-001246,1246,1245,1762,$auto$ff.cc:337:slice$5046,$_DFFE_PN0P_,SEQUENTIAL_STATE_STEM,u_bridge.u_prim_sha2_32.gen_multimode_logic.u_prim_sha2_multimode.gen_multimode.hash_q[258],11,2,11,0.000000,TOPOLOGY_SEQUENTIAL_STATE
EM_TOPOLOGY_4X64_T24,18,0,18,HMAC-STEM-001248,1248,1247,1764,$auto$ff.cc:337:slice$5047,$_DFFE_PN0P_,SEQUENTIAL_STATE_STEM,u_bridge.u_prim_sha2_32.gen_multimode_logic.u_prim_sha2_multimode.gen_multimode.hash_q[259],11,2,11,0.000000,TOPOLOGY_SEQUENTIAL_STATE
EM_TOPOLOGY_4X64_T24,19,0,19,HMAC-STEM-001250,1250,1249,1766,$auto$ff.cc:337:slice$5048,$_DFFE_PN0P_,SEQUENTIAL_STATE_STEM,u_bridge.u_prim_sha2_32.gen_multimode_logic.u_prim_sha2_multimode.gen_multimode.hash_q[260],11,2,11,0.000000,TOPOLOGY_SEQUENTIAL_STATE
EM_TOPOLOGY_4X64_T24,20,0,20,HMAC-STEM-001252,1252,1251,1768,$auto$ff.cc:337:slice$5049,$_DFFE_PN0P_,SEQUENTIAL_STATE_STEM,u_bridge.u_prim_sha2_32.gen_multimode_logic.u_prim_sha2_multimode.gen_multimode.hash_q[261],11,2,11,0.000000,TOPOLOGY_SEQUENTIAL_STATE
EM_TOPOLOGY_4X64_T24,21,0,21,HMAC-STEM-001254,1254,1253,1770,$auto$ff.cc:337:slice$5050,$_DFFE_PN0P_,SEQUENTIAL_STATE_STEM,u_bridge.u_prim_sha2_32.gen_multimode_logic.u_prim_sha2_multimode.gen_multimode.hash_q[262],11,2,11,0.000000,TOPOLOGY_SEQUENTIAL_STATE
EM_TOPOLOGY_4X64_T24,22,0,22,HMAC-STEM-001256,1256,1255,1772,$auto$ff.cc:337:slice$5051,$_DFFE_PN0P_,SEQUENTIAL_STATE_STEM,u_bridge.u_prim_sha2_32.gen_multimode_logic.u_prim_sha2_multimode.gen_multimode.hash_q[263],11,2,11,0.000000,TOPOLOGY_SEQUENTIAL_STATE
EM_TOPOLOGY_4X64_T24,23,0,23,HMAC-STEM-001258,1258,1257,1774,$auto$ff.cc:337:slice$5052,$_DFFE_PN0P_,SEQUENTIAL_STATE_STEM,u_bridge.u_prim_sha2_32.gen_multimode_logic.u_prim_sha2_multimode.gen_multimode.hash_q[264],11,2,11,0.000000,TOPOLOGY_SEQUENTIAL_STATE
EM_TOPOLOGY_4X64_T24,24,0,24,HMAC-STEM-001260,1260,1259,1776,$auto$ff.cc:337:slice$5053,$_DFFE_PN0P_,SEQUENTIAL_STATE_STEM,u_bridge.u_prim_sha2_32.gen_multimode_logic.u_prim_sha2_multimode.gen_multimode.hash_q[265],11,2,11,0.000000,TOPOLOGY_SEQUENTIAL_STATE
EM_TOPOLOGY_4X64_T24,25,0,25,HMAC-STEM-001262,1262,1261,1778,$auto$ff.cc:337:slice$5054,$_DFFE_PN0P_,SEQUENTIAL_STATE_STEM,u_bridge.u_prim_sha2_32.gen_multimode_logic.u_prim_sha2_multimode.gen_multimode.hash_q[266],11,2,11,0.000000,TOPOLOGY_SEQUENTIAL_STATE
EM_TOPOLOGY_4X64_T24,26,0,26,HMAC-STEM-001264,1264,1263,1780,$auto$ff.cc:337:slice$5055,$_DFFE_PN0P_,SEQUENTIAL_STATE_STEM,u_bridge.u_prim_sha2_32.gen_multimode_logic.u_prim_sha2_multimode.gen_multimode.hash_q[267],11,2,11,0.000000,TOPOLOGY_SEQUENTIAL_STATE
EM_TOPOLOGY_4X64_T24,27,0,27,HMAC-STEM-001266,1266,1265,1782,$auto$ff.cc:337:slice$5056,$_DFFE_PN0P_,SEQUENTIAL_STATE_STEM,u_bridge.u_prim_sha2_32.gen_multimode_logic.u_prim_sha2_multimode.gen_multimode.hash_q[268],11,2,11,0.000000,TOPOLOGY_SEQUENTIAL_STATE
EM_TOPOLOGY_4X64_T24,28,0,28,HMAC-STEM-001268,1268,1267,1784,$auto$ff.cc:337:slice$5057,$_DFFE_PN0P_,SEQUENTIAL_STATE_STEM,u_bridge.u_prim_sha2_32.gen_multimode_logic.u_prim_sha2_multimode.gen_multimode.hash_q[269],11,2,11,0.000000,TOPOLOGY_SEQUENTIAL_STATE
EM_TOPOLOGY_4X64_T24,29,0,29,HMAC-STEM-001270,1270,1269,1786,$auto$ff.cc:337:slice$5058,$_DFFE_PN0P_,SEQUENTIAL_STATE_STEM,u_bridge.u_prim_sha2_32.gen_multimode_logic.u_prim_sha2_multimode.gen_multimode.hash_q[270],11,2,11,0.000000,TOPOLOGY_SEQUENTIAL_STATE
EM_TOPOLOGY_4X64_T24,30,0,30,HMAC-STEM-001272,1272,1271,1788,$auto$ff.cc:337:slice$5059,$_DFFE_PN0P_,SEQUENTIAL_STATE_STEM,u_bridge.u_prim_sha2_32.gen_multimode_logic.u_prim_sha2_multimode.gen_multimode.hash_q[271],11,2,11,0.000000,TOPOLOGY_SEQUENTIAL_STATE
EM_TOPOLOGY_4X64_T24,31,0,31,HMAC-STEM-001274,1274,1273,1790,$auto$ff.cc:337:slice$5060,$_DFFE_PN0P_,SEQUENTIAL_STATE_STEM,u_bridge.u_prim_sha2_32.gen_multimode_logic.u_prim_sha2_multimode.gen_multimode.hash_q[272],11,2,11,0.000000,TOPOLOGY_SEQUENTIAL_STATE
EM_TOPOLOGY_4X64_T24,32,0,32,HMAC-STEM-001276,1276,1275,1792,$auto$ff.cc:337:slice$5061,$_DFFE_PN0P_,SEQUENTIAL_STATE_STEM,u_bridge.u_prim_sha2_32.gen_multimode_logic.u_prim_sha2_multimode.gen_multimode.hash_q[273],11,2,11,0.000000,TOPOLOGY_SEQUENTIAL_STATE
EM_TOPOLOGY_4X64_T24,33,0,33,HMAC-STEM-001278,1278,1277,1794,$auto$ff.cc:337:slice$5062,$_DFFE_PN0P_,SEQUENTIAL_STATE_STEM,u_bridge.u_prim_sha2_32.gen_multimode_logic.u_prim_sha2_multimode.gen_multimode.hash_q[274],11,2,11,0.000000,TOPOLOGY_SEQUENTIAL_STATE
EM_TOPOLOGY_4X64_T24,34,0,34,HMAC-STEM-001280,1280,1279,1796,$auto$ff.cc:337:slice$5063,$_DFFE_PN0P_,SEQUENTIAL_STATE_STEM,u_bridge.u_prim_sha2_32.gen_multimode_logic.u_prim_sha2_multimode.gen_multimode.hash_q[275],11,2,11,0.000000,TOPOLOGY_SEQUENTIAL_STATE
EM_TOPOLOGY_4X64_T24,35,0,35,HMAC-STEM-001282,1282,1281,1798,$auto$ff.cc:337:slice$5064,$_DFFE_PN0P_,SEQUENTIAL_STATE_STEM,u_bridge.u_prim_sha2_32.gen_multimode_logic.u_prim_sha2_multimode.gen_multimode.hash_q[276],11,2,11,0.000000,TOPOLOGY_SEQUENTIAL_STATE
EM_TOPOLOGY_4X64_T24,36,0,36,HMAC-STEM-001284,1284,1283,1800,$auto$ff.cc:337:slice$5065,$_DFFE_PN0P_,SEQUENTIAL_STATE_STEM,u_bridge.u_prim_sha2_32.gen_multimode_logic.u_prim_sha2_multimode.gen_multimode.hash_q[277],11,2,11,0.000000,TOPOLOGY_SEQUENTIAL_STATE
EM_TOPOLOGY_4X64_T24,37,0,37,HMAC-STEM-001286,1286,1285,1802,$auto$ff.cc:337:slice$5066,$_DFFE_PN0P_,SEQUENTIAL_STATE_STEM,u_bridge.u_prim_sha2_32.gen_multimode_logic.u_prim_sha2_multimode.gen_multimode.hash_q[278],11,2,11,0.000000,TOPOLOGY_SEQUENTIAL_STATE
EM_TOPOLOGY_4X64_T24,38,0,38,HMAC-STEM-001288,1288,1287,1804,$auto$ff.cc:337:slice$5067,$_DFFE_PN0P_,SEQUENTIAL_STATE_STEM,u_bridge.u_prim_sha2_32.gen_multimode_logic.u_prim_sha2_multimode.gen_multimode.hash_q[279],11,2,11,0.000000,TOPOLOGY_SEQUENTIAL_STATE
EM_TOPOLOGY_4X64_T24,39,0,39,HMAC-STEM-001290,1290,1289,1806,$auto$ff.cc:337:slice$5068,$_DFFE_PN0P_,SEQUENTIAL_STATE_STEM,u_bridge.u_prim_sha2_32.gen_multimode_logic.u_prim_sha2_multimode.gen_multimode.hash_q[280],11,2,11,0.000000,TOPOLOGY_SEQUENTIAL_STATE
EM_TOPOLOGY_4X64_T24,40,0,40,HMAC-STEM-001292,1292,1291,1808,$auto$ff.cc:337:slice$5069,$_DFFE_PN0P_,SEQUENTIAL_STATE_STEM,u_bridge.u_prim_sha2_32.gen_multimode_logic.u_prim_sha2_multimode.gen_multimode.hash_q[281],11,2,11,0.000000,TOPOLOGY_SEQUENTIAL_STATE
EM_TOPOLOGY_4X64_T24,41,0,41,HMAC-STEM-001294,1294,1293,1810,$auto$ff.cc:337:slice$5070,$_DFFE_PN0P_,SEQUENTIAL_STATE_STEM,u_bridge.u_prim_sha2_32.gen_multimode_logic.u_prim_sha2_multimode.gen_multimode.hash_q[282],11,2,11,0.000000,TOPOLOGY_SEQUENTIAL_STATE
EM_TOPOLOGY_4X64_T24,42,0,42,HMAC-STEM-001296,1296,1295,1812,$auto$ff.cc:337:slice$5071,$_DFFE_PN0P_,SEQUENTIAL_STATE_STEM,u_bridge.u_prim_sha2_32.gen_multimode_logic.u_prim_sha2_multimode.gen_multimode.hash_q[283],11,2,11,0.000000,TOPOLOGY_SEQUENTIAL_STATE
EM_TOPOLOGY_4X64_T24,43,0,43,HMAC-STEM-001298,1298,1297,1814,$auto$ff.cc:337:slice$5072,$_DFFE_PN0P_,SEQUENTIAL_STATE_STEM,u_bridge.u_prim_sha2_32.gen_multimode_logic.u_prim_sha2_multimode.gen_multimode.hash_q[284],11,2,11,0.000000,TOPOLOGY_SEQUENTIAL_STATE
EM_TOPOLOGY_4X64_T24,44,0,44,HMAC-STEM-001300,1300,1299,1816,$auto$ff.cc:337:slice$5073,$_DFFE_PN0P_,SEQUENTIAL_STATE_STEM,u_bridge.u_prim_sha2_32.gen_multimode_logic.u_prim_sha2_multimode.gen_multimode.hash_q[285],11,2,11,0.000000,TOPOLOGY_SEQUENTIAL_STATE
EM_TOPOLOGY_4X64_T24,45,0,45,HMAC-STEM-001302,1302,1301,1818,$auto$ff.cc:337:slice$5074,$_DFFE_PN0P_,SEQUENTIAL_STATE_STEM,u_bridge.u_prim_sha2_32.gen_multimode_logic.u_prim_sha2_multimode.gen_multimode.hash_q[286],11,2,11,0.000000,TOPOLOGY_SEQUENTIAL_STATE
EM_TOPOLOGY_4X64_T24,46,0,46,HMAC-STEM-001304,1304,1303,1820,$auto$ff.cc:337:slice$5075,$_DFFE_PN0P_,SEQUENTIAL_STATE_STEM,u_bridge.u_prim_sha2_32.gen_multimode_logic.u_prim_sha2_multimode.gen_multimode.hash_q[287],11,2,11,0.000000,TOPOLOGY_SEQUENTIAL_STATE
EM_TOPOLOGY_4X64_T24,47,0,47,HMAC-STEM-001754,1754,1753,2270,$auto$ff.cc:337:slice$5300,$_DFFE_PN0P_,SEQUENTIAL_STATE_STEM,u_bridge.u_prim_sha2_32.gen_multimode_logic.u_prim_sha2_multimode.gen_multimode.hash_q[0],11,2,11,0.000000,TOPOLOGY_SEQUENTIAL_STATE
EM_TOPOLOGY_4X64_T24,48,0,48,HMAC-STEM-001756,1756,1755,2272,$auto$ff.cc:337:slice$5301,$_DFFE_PN0P_,SEQUENTIAL_STATE_STEM,u_bridge.u_prim_sha2_32.gen_multimode_logic.u_prim_sha2_multimode.gen_multimode.hash_q[1],11,2,11,0.000000,TOPOLOGY_SEQUENTIAL_STATE
EM_TOPOLOGY_4X64_T24,49,0,49,HMAC-STEM-001758,1758,1757,2274,$auto$ff.cc:337:slice$5302,$_DFFE_PN0P_,SEQUENTIAL_STATE_STEM,u_bridge.u_prim_sha2_32.gen_multimode_logic.u_prim_sha2_multimode.gen_multimode.hash_q[2],11,2,11,0.000000,TOPOLOGY_SEQUENTIAL_STATE
EM_TOPOLOGY_4X64_T24,50,0,50,HMAC-STEM-001760,1760,1759,2276,$auto$ff.cc:337:slice$5303,$_DFFE_PN0P_,SEQUENTIAL_STATE_STEM,u_bridge.u_prim_sha2_32.gen_multimode_logic.u_prim_sha2_multimode.gen_multimode.hash_q[3],11,2,11,0.000000,TOPOLOGY_SEQUENTIAL_STATE
EM_TOPOLOGY_4X64_T24,51,0,51,HMAC-STEM-001762,1762,1761,2278,$auto$ff.cc:337:slice$5304,$_DFFE_PN0P_,SEQUENTIAL_STATE_STEM,u_bridge.u_prim_sha2_32.gen_multimode_logic.u_prim_sha2_multimode.gen_multimode.hash_q[4],11,2,11,0.000000,TOPOLOGY_SEQUENTIAL_STATE
EM_TOPOLOGY_4X64_T24,52,0,52,HMAC-STEM-001764,1764,1763,2280,$auto$ff.cc:337:slice$5305,$_DFFE_PN0P_,SEQUENTIAL_STATE_STEM,u_bridge.u_prim_sha2_32.gen_multimode_logic.u_prim_sha2_multimode.gen_multimode.hash_q[5],11,2,11,0.000000,TOPOLOGY_SEQUENTIAL_STATE
EM_TOPOLOGY_4X64_T24,53,0,53,HMAC-STEM-001766,1766,1765,2282,$auto$ff.cc:337:slice$5306,$_DFFE_PN0P_,SEQUENTIAL_STATE_STEM,u_bridge.u_prim_sha2_32.gen_multimode_logic.u_prim_sha2_multimode.gen_multimode.hash_q[6],11,2,11,0.000000,TOPOLOGY_SEQUENTIAL_STATE
EM_TOPOLOGY_4X64_T24,54,0,54,HMAC-STEM-001768,1768,1767,2284,$auto$ff.cc:337:slice$5307,$_DFFE_PN0P_,SEQUENTIAL_STATE_STEM,u_bridge.u_prim_sha2_32.gen_multimode_logic.u_prim_sha2_multimode.gen_multimode.hash_q[7],11,2,11,0.000000,TOPOLOGY_SEQUENTIAL_STATE
EM_TOPOLOGY_4X64_T24,55,0,55,HMAC-STEM-001770,1770,1769,2286,$auto$ff.cc:337:slice$5308,$_DFFE_PN0P_,SEQUENTIAL_STATE_STEM,u_bridge.u_prim_sha2_32.gen_multimode_logic.u_prim_sha2_multimode.gen_multimode.hash_q[8],11,2,11,0.000000,TOPOLOGY_SEQUENTIAL_STATE
EM_TOPOLOGY_4X64_T24,56,0,56,HMAC-STEM-001772,1772,1771,2288,$auto$ff.cc:337:slice$5309,$_DFFE_PN0P_,SEQUENTIAL_STATE_STEM,u_bridge.u_prim_sha2_32.gen_multimode_logic.u_prim_sha2_multimode.gen_multimode.hash_q[9],11,2,11,0.000000,TOPOLOGY_SEQUENTIAL_STATE
EM_TOPOLOGY_4X64_T24,57,0,57,HMAC-STEM-001774,1774,1773,2290,$auto$ff.cc:337:slice$5310,$_DFFE_PN0P_,SEQUENTIAL_STATE_STEM,u_bridge.u_prim_sha2_32.gen_multimode_logic.u_prim_sha2_multimode.gen_multimode.hash_q[10],11,2,11,0.000000,TOPOLOGY_SEQUENTIAL_STATE
EM_TOPOLOGY_4X64_T24,58,0,58,HMAC-STEM-001776,1776,1775,2292,$auto$ff.cc:337:slice$5311,$_DFFE_PN0P_,SEQUENTIAL_STATE_STEM,u_bridge.u_prim_sha2_32.gen_multimode_logic.u_prim_sha2_multimode.gen_multimode.hash_q[11],11,2,11,0.000000,TOPOLOGY_SEQUENTIAL_STATE
EM_TOPOLOGY_4X64_T24,59,0,59,HMAC-STEM-001778,1778,1777,2294,$auto$ff.cc:337:slice$5312,$_DFFE_PN0P_,SEQUENTIAL_STATE_STEM,u_bridge.u_prim_sha2_32.gen_multimode_logic.u_prim_sha2_multimode.gen_multimode.hash_q[12],11,2,11,0.000000,TOPOLOGY_SEQUENTIAL_STATE
EM_TOPOLOGY_4X64_T24,60,0,60,HMAC-STEM-001780,1780,1779,2296,$auto$ff.cc:337:slice$5313,$_DFFE_PN0P_,SEQUENTIAL_STATE_STEM,u_bridge.u_prim_sha2_32.gen_multimode_logic.u_prim_sha2_multimode.gen_multimode.hash_q[13],11,2,11,0.000000,TOPOLOGY_SEQUENTIAL_STATE
EM_TOPOLOGY_4X64_T24,61,0,61,HMAC-STEM-001782,1782,1781,2298,$auto$ff.cc:337:slice$5314,$_DFFE_PN0P_,SEQUENTIAL_STATE_STEM,u_bridge.u_prim_sha2_32.gen_multimode_logic.u_prim_sha2_multimode.gen_multimode.hash_q[14],11,2,11,0.000000,TOPOLOGY_SEQUENTIAL_STATE
EM_TOPOLOGY_4X64_T24,62,0,62,HMAC-STEM-001784,1784,1783,2300,$auto$ff.cc:337:slice$5315,$_DFFE_PN0P_,SEQUENTIAL_STATE_STEM,u_bridge.u_prim_sha2_32.gen_multimode_logic.u_prim_sha2_multimode.gen_multimode.hash_q[15],11,2,11,0.000000,TOPOLOGY_SEQUENTIAL_STATE
EM_TOPOLOGY_4X64_T24,63,0,63,HMAC-STEM-001786,1786,1785,2302,$auto$ff.cc:337:slice$5316,$_DFFE_PN0P_,SEQUENTIAL_STATE_STEM,u_bridge.u_prim_sha2_32.gen_multimode_logic.u_prim_sha2_multimode.gen_multimode.hash_q[16],11,2,11,0.000000,TOPOLOGY_SEQUENTIAL_STATE
EM_TOPOLOGY_4X64_T24,64,1,0,HMAC-STEM-000979,979,978,1495,$auto$simplemap.cc:474:simplemap_pmux$17691,$_MUX_,COMBINATIONAL_LOGIC_STEM,u_bridge.sha_hash_start,1823,2,1823,0.000000,TOPOLOGY_CONTROL
EM_TOPOLOGY_4X64_T24,65,1,1,HMAC-STEM-018193,18193,18192,18709,$auto$simplemap.cc:460:simplemap_pmux$12879,$_AND_,COMBINATIONAL_LOGIC_STEM,u_bridge.u_prim_sha2_32.gen_multimode_logic.u_prim_sha2_multimode.init_hash,514,2,514,0.000000,TOPOLOGY_CONTROL
EM_TOPOLOGY_4X64_T24,66,1,2,HMAC-STEM-007090,7090,7089,7606,$auto$simplemap.cc:474:simplemap_pmux$17637,$_MUX_,COMBINATIONAL_LOGIC_STEM,u_bridge.shaf_rvalid,150,2,150,0.000000,TOPOLOGY_CONTROL
EM_TOPOLOGY_4X64_T24,67,1,3,HMAC-STEM-006168,6168,6167,6684,$auto$simplemap.cc:106:simplemap_bitop$12915,$_AND_,COMBINATIONAL_LOGIC_STEM,u_bridge.u_prim_sha2_32.gen_multimode_logic.u_prim_sha2_multimode.calculate_next_w,66,2,66,0.000000,TOPOLOGY_CONTROL
EM_TOPOLOGY_4X64_T24,68,1,4,HMAC-STEM-001788,1788,1787,2304,$auto$ff.cc:337:slice$5317,$_DFFE_PN0P_,SEQUENTIAL_STATE_STEM,u_bridge.u_prim_sha2_32.gen_multimode_logic.u_prim_sha2_multimode.gen_multimode.hash_q[17],11,2,11,0.000000,TOPOLOGY_CONTROL
EM_TOPOLOGY_4X64_T24,69,1,5,HMAC-STEM-001790,1790,1789,2306,$auto$ff.cc:337:slice$5318,$_DFFE_PN0P_,SEQUENTIAL_STATE_STEM,u_bridge.u_prim_sha2_32.gen_multimode_logic.u_prim_sha2_multimode.gen_multimode.hash_q[18],11,2,11,0.000000,TOPOLOGY_CONTROL
EM_TOPOLOGY_4X64_T24,70,1,6,HMAC-STEM-001792,1792,1791,2308,$auto$ff.cc:337:slice$5319,$_DFFE_PN0P_,SEQUENTIAL_STATE_STEM,u_bridge.u_prim_sha2_32.gen_multimode_logic.u_prim_sha2_multimode.gen_multimode.hash_q[19],11,2,11,0.000000,TOPOLOGY_CONTROL
EM_TOPOLOGY_4X64_T24,71,1,7,HMAC-STEM-001794,1794,1793,2310,$auto$ff.cc:337:slice$5320,$_DFFE_PN0P_,SEQUENTIAL_STATE_STEM,u_bridge.u_prim_sha2_32.gen_multimode_logic.u_prim_sha2_multimode.gen_multimode.hash_q[20],11,2,11,0.000000,TOPOLOGY_CONTROL
EM_TOPOLOGY_4X64_T24,72,1,8,HMAC-STEM-001796,1796,1795,2312,$auto$ff.cc:337:slice$5321,$_DFFE_PN0P_,SEQUENTIAL_STATE_STEM,u_bridge.u_prim_sha2_32.gen_multimode_logic.u_prim_sha2_multimode.gen_multimode.hash_q[21],11,2,11,0.000000,TOPOLOGY_CONTROL
EM_TOPOLOGY_4X64_T24,73,1,9,HMAC-STEM-001798,1798,1797,2314,$auto$ff.cc:337:slice$5322,$_DFFE_PN0P_,SEQUENTIAL_STATE_STEM,u_bridge.u_prim_sha2_32.gen_multimode_logic.u_prim_sha2_multimode.gen_multimode.hash_q[22],11,2,11,0.000000,TOPOLOGY_CONTROL
EM_TOPOLOGY_4X64_T24,74,1,10,HMAC-STEM-001800,1800,1799,2316,$auto$ff.cc:337:slice$5323,$_DFFE_PN0P_,SEQUENTIAL_STATE_STEM,u_bridge.u_prim_sha2_32.gen_multimode_logic.u_prim_sha2_multimode.gen_multimode.hash_q[23],11,2,11,0.000000,TOPOLOGY_CONTROL
EM_TOPOLOGY_4X64_T24,75,1,11,HMAC-STEM-001802,1802,1801,2318,$auto$ff.cc:337:slice$5324,$_DFFE_PN0P_,SEQUENTIAL_STATE_STEM,u_bridge.u_prim_sha2_32.gen_multimode_logic.u_prim_sha2_multimode.gen_multimode.hash_q[24],11,2,11,0.000000,TOPOLOGY_CONTROL
EM_TOPOLOGY_4X64_T24,76,1,12,HMAC-STEM-001804,1804,1803,2320,$auto$ff.cc:337:slice$5325,$_DFFE_PN0P_,SEQUENTIAL_STATE_STEM,u_bridge.u_prim_sha2_32.gen_multimode_logic.u_prim_sha2_multimode.gen_multimode.hash_q[25],11,2,11,0.000000,TOPOLOGY_CONTROL
EM_TOPOLOGY_4X64_T24,77,1,13,HMAC-STEM-001806,1806,1805,2322,$auto$ff.cc:337:slice$5326,$_DFFE_PN0P_,SEQUENTIAL_STATE_STEM,u_bridge.u_prim_sha2_32.gen_multimode_logic.u_prim_sha2_multimode.gen_multimode.hash_q[26],11,2,11,0.000000,TOPOLOGY_CONTROL
EM_TOPOLOGY_4X64_T24,78,1,14,HMAC-STEM-001808,1808,1807,2324,$auto$ff.cc:337:slice$5327,$_DFFE_PN0P_,SEQUENTIAL_STATE_STEM,u_bridge.u_prim_sha2_32.gen_multimode_logic.u_prim_sha2_multimode.gen_multimode.hash_q[27],11,2,11,0.000000,TOPOLOGY_CONTROL
EM_TOPOLOGY_4X64_T24,79,1,15,HMAC-STEM-001810,1810,1809,2326,$auto$ff.cc:337:slice$5328,$_DFFE_PN0P_,SEQUENTIAL_STATE_STEM,u_bridge.u_prim_sha2_32.gen_multimode_logic.u_prim_sha2_multimode.gen_multimode.hash_q[28],11,2,11,0.000000,TOPOLOGY_CONTROL
EM_TOPOLOGY_4X64_T24,80,1,16,HMAC-STEM-001812,1812,1811,2328,$auto$ff.cc:337:slice$5329,$_DFFE_PN0P_,SEQUENTIAL_STATE_STEM,u_bridge.u_prim_sha2_32.gen_multimode_logic.u_prim_sha2_multimode.gen_multimode.hash_q[29],11,2,11,0.000000,TOPOLOGY_CONTROL
EM_TOPOLOGY_4X64_T24,81,1,17,HMAC-STEM-001814,1814,1813,2330,$auto$ff.cc:337:slice$5330,$_DFFE_PN0P_,SEQUENTIAL_STATE_STEM,u_bridge.u_prim_sha2_32.gen_multimode_logic.u_prim_sha2_multimode.gen_multimode.hash_q[30],11,2,11,0.000000,TOPOLOGY_CONTROL
EM_TOPOLOGY_4X64_T24,82,1,18,HMAC-STEM-001816,1816,1815,2332,$auto$ff.cc:337:slice$5331,$_DFFE_PN0P_,SEQUENTIAL_STATE_STEM,u_bridge.u_prim_sha2_32.gen_multimode_logic.u_prim_sha2_multimode.gen_multimode.hash_q[31],11,2,11,0.000000,TOPOLOGY_CONTROL
EM_TOPOLOGY_4X64_T24,83,1,19,HMAC-STEM-007120,7120,7119,7636,$auto$simplemap.cc:106:simplemap_bitop$17993,$_AND_,COMBINATIONAL_LOGIC_STEM,u_bridge.u_prim_sha2_32.gen_multimode_logic.u_prim_sha2_multimode.shaf_rready,11,2,11,0.000000,TOPOLOGY_CONTROL
EM_TOPOLOGY_4X64_T24,84,1,20,HMAC-STEM-001306,1306,1305,1822,$auto$ff.cc:337:slice$5076,$_DFFE_PN0P_,SEQUENTIAL_STATE_STEM,u_bridge.u_prim_sha2_32.gen_multimode_logic.u_prim_sha2_multimode.gen_multimode.hash_q[288],8,2,8,0.000000,TOPOLOGY_CONTROL
EM_TOPOLOGY_4X64_T24,85,1,21,HMAC-STEM-001308,1308,1307,1824,$auto$ff.cc:337:slice$5077,$_DFFE_PN0P_,SEQUENTIAL_STATE_STEM,u_bridge.u_prim_sha2_32.gen_multimode_logic.u_prim_sha2_multimode.gen_multimode.hash_q[289],8,2,8,0.000000,TOPOLOGY_CONTROL
EM_TOPOLOGY_4X64_T24,86,1,22,HMAC-STEM-001310,1310,1309,1826,$auto$ff.cc:337:slice$5078,$_DFFE_PN0P_,SEQUENTIAL_STATE_STEM,u_bridge.u_prim_sha2_32.gen_multimode_logic.u_prim_sha2_multimode.gen_multimode.hash_q[290],8,2,8,0.000000,TOPOLOGY_CONTROL
EM_TOPOLOGY_4X64_T24,87,1,23,HMAC-STEM-001312,1312,1311,1828,$auto$ff.cc:337:slice$5079,$_DFFE_PN0P_,SEQUENTIAL_STATE_STEM,u_bridge.u_prim_sha2_32.gen_multimode_logic.u_prim_sha2_multimode.gen_multimode.hash_q[291],8,2,8,0.000000,TOPOLOGY_CONTROL
EM_TOPOLOGY_4X64_T24,88,1,24,HMAC-STEM-001314,1314,1313,1830,$auto$ff.cc:337:slice$5080,$_DFFE_PN0P_,SEQUENTIAL_STATE_STEM,u_bridge.u_prim_sha2_32.gen_multimode_logic.u_prim_sha2_multimode.gen_multimode.hash_q[292],8,2,8,0.000000,TOPOLOGY_CONTROL
EM_TOPOLOGY_4X64_T24,89,1,25,HMAC-STEM-001316,1316,1315,1832,$auto$ff.cc:337:slice$5081,$_DFFE_PN0P_,SEQUENTIAL_STATE_STEM,u_bridge.u_prim_sha2_32.gen_multimode_logic.u_prim_sha2_multimode.gen_multimode.hash_q[293],8,2,8,0.000000,TOPOLOGY_CONTROL
EM_TOPOLOGY_4X64_T24,90,1,26,HMAC-STEM-001318,1318,1317,1834,$auto$ff.cc:337:slice$5082,$_DFFE_PN0P_,SEQUENTIAL_STATE_STEM,u_bridge.u_prim_sha2_32.gen_multimode_logic.u_prim_sha2_multimode.gen_multimode.hash_q[294],8,2,8,0.000000,TOPOLOGY_CONTROL
EM_TOPOLOGY_4X64_T24,91,1,27,HMAC-STEM-001320,1320,1319,1836,$auto$ff.cc:337:slice$5083,$_DFFE_PN0P_,SEQUENTIAL_STATE_STEM,u_bridge.u_prim_sha2_32.gen_multimode_logic.u_prim_sha2_multimode.gen_multimode.hash_q[295],8,2,8,0.000000,TOPOLOGY_CONTROL
EM_TOPOLOGY_4X64_T24,92,1,28,HMAC-STEM-001322,1322,1321,1838,$auto$ff.cc:337:slice$5084,$_DFFE_PN0P_,SEQUENTIAL_STATE_STEM,u_bridge.u_prim_sha2_32.gen_multimode_logic.u_prim_sha2_multimode.gen_multimode.hash_q[296],8,2,8,0.000000,TOPOLOGY_CONTROL
EM_TOPOLOGY_4X64_T24,93,1,29,HMAC-STEM-001324,1324,1323,1840,$auto$ff.cc:337:slice$5085,$_DFFE_PN0P_,SEQUENTIAL_STATE_STEM,u_bridge.u_prim_sha2_32.gen_multimode_logic.u_prim_sha2_multimode.gen_multimode.hash_q[297],8,2,8,0.000000,TOPOLOGY_CONTROL
EM_TOPOLOGY_4X64_T24,94,1,30,HMAC-STEM-001326,1326,1325,1842,$auto$ff.cc:337:slice$5086,$_DFFE_PN0P_,SEQUENTIAL_STATE_STEM,u_bridge.u_prim_sha2_32.gen_multimode_logic.u_prim_sha2_multimode.gen_multimode.hash_q[298],8,2,8,0.000000,TOPOLOGY_CONTROL
EM_TOPOLOGY_4X64_T24,95,1,31,HMAC-STEM-001328,1328,1327,1844,$auto$ff.cc:337:slice$5087,$_DFFE_PN0P_,SEQUENTIAL_STATE_STEM,u_bridge.u_prim_sha2_32.gen_multimode_logic.u_prim_sha2_multimode.gen_multimode.hash_q[299],8,2,8,0.000000,TOPOLOGY_CONTROL
EM_TOPOLOGY_4X64_T24,96,1,32,HMAC-STEM-001330,1330,1329,1846,$auto$ff.cc:337:slice$5088,$_DFFE_PN0P_,SEQUENTIAL_STATE_STEM,u_bridge.u_prim_sha2_32.gen_multimode_logic.u_prim_sha2_multimode.gen_multimode.hash_q[300],8,2,8,0.000000,TOPOLOGY_CONTROL
EM_TOPOLOGY_4X64_T24,97,1,33,HMAC-STEM-001332,1332,1331,1848,$auto$ff.cc:337:slice$5089,$_DFFE_PN0P_,SEQUENTIAL_STATE_STEM,u_bridge.u_prim_sha2_32.gen_multimode_logic.u_prim_sha2_multimode.gen_multimode.hash_q[301],8,2,8,0.000000,TOPOLOGY_CONTROL
EM_TOPOLOGY_4X64_T24,98,1,34,HMAC-STEM-001334,1334,1333,1850,$auto$ff.cc:337:slice$5090,$_DFFE_PN0P_,SEQUENTIAL_STATE_STEM,u_bridge.u_prim_sha2_32.gen_multimode_logic.u_prim_sha2_multimode.gen_multimode.hash_q[302],8,2,8,0.000000,TOPOLOGY_CONTROL
EM_TOPOLOGY_4X64_T24,99,1,35,HMAC-STEM-001336,1336,1335,1852,$auto$ff.cc:337:slice$5091,$_DFFE_PN0P_,SEQUENTIAL_STATE_STEM,u_bridge.u_prim_sha2_32.gen_multimode_logic.u_prim_sha2_multimode.gen_multimode.hash_q[303],8,2,8,0.000000,TOPOLOGY_CONTROL
EM_TOPOLOGY_4X64_T24,100,1,36,HMAC-STEM-001338,1338,1337,1854,$auto$ff.cc:337:slice$5092,$_DFFE_PN0P_,SEQUENTIAL_STATE_STEM,u_bridge.u_prim_sha2_32.gen_multimode_logic.u_prim_sha2_multimode.gen_multimode.hash_q[304],8,2,8,0.000000,TOPOLOGY_CONTROL
EM_TOPOLOGY_4X64_T24,101,1,37,HMAC-STEM-001340,1340,1339,1856,$auto$ff.cc:337:slice$5093,$_DFFE_PN0P_,SEQUENTIAL_STATE_STEM,u_bridge.u_prim_sha2_32.gen_multimode_logic.u_prim_sha2_multimode.gen_multimode.hash_q[305],8,2,8,0.000000,TOPOLOGY_CONTROL
EM_TOPOLOGY_4X64_T24,102,1,38,HMAC-STEM-001342,1342,1341,1858,$auto$ff.cc:337:slice$5094,$_DFFE_PN0P_,SEQUENTIAL_STATE_STEM,u_bridge.u_prim_sha2_32.gen_multimode_logic.u_prim_sha2_multimode.gen_multimode.hash_q[306],8,2,8,0.000000,TOPOLOGY_CONTROL
EM_TOPOLOGY_4X64_T24,103,1,39,HMAC-STEM-001344,1344,1343,1860,$auto$ff.cc:337:slice$5095,$_DFFE_PN0P_,SEQUENTIAL_STATE_STEM,u_bridge.u_prim_sha2_32.gen_multimode_logic.u_prim_sha2_multimode.gen_multimode.hash_q[307],8,2,8,0.000000,TOPOLOGY_CONTROL
EM_TOPOLOGY_4X64_T24,104,1,40,HMAC-STEM-001346,1346,1345,1862,$auto$ff.cc:337:slice$5096,$_DFFE_PN0P_,SEQUENTIAL_STATE_STEM,u_bridge.u_prim_sha2_32.gen_multimode_logic.u_prim_sha2_multimode.gen_multimode.hash_q[308],8,2,8,0.000000,TOPOLOGY_CONTROL
EM_TOPOLOGY_4X64_T24,105,1,41,HMAC-STEM-001348,1348,1347,1864,$auto$ff.cc:337:slice$5097,$_DFFE_PN0P_,SEQUENTIAL_STATE_STEM,u_bridge.u_prim_sha2_32.gen_multimode_logic.u_prim_sha2_multimode.gen_multimode.hash_q[309],8,2,8,0.000000,TOPOLOGY_CONTROL
EM_TOPOLOGY_4X64_T24,106,1,42,HMAC-STEM-001350,1350,1349,1866,$auto$ff.cc:337:slice$5098,$_DFFE_PN0P_,SEQUENTIAL_STATE_STEM,u_bridge.u_prim_sha2_32.gen_multimode_logic.u_prim_sha2_multimode.gen_multimode.hash_q[310],8,2,8,0.000000,TOPOLOGY_CONTROL
EM_TOPOLOGY_4X64_T24,107,1,43,HMAC-STEM-001352,1352,1351,1868,$auto$ff.cc:337:slice$5099,$_DFFE_PN0P_,SEQUENTIAL_STATE_STEM,u_bridge.u_prim_sha2_32.gen_multimode_logic.u_prim_sha2_multimode.gen_multimode.hash_q[311],8,2,8,0.000000,TOPOLOGY_CONTROL
EM_TOPOLOGY_4X64_T24,108,1,44,HMAC-STEM-001354,1354,1353,1870,$auto$ff.cc:337:slice$5100,$_DFFE_PN0P_,SEQUENTIAL_STATE_STEM,u_bridge.u_prim_sha2_32.gen_multimode_logic.u_prim_sha2_multimode.gen_multimode.hash_q[312],8,2,8,0.000000,TOPOLOGY_CONTROL
EM_TOPOLOGY_4X64_T24,109,1,45,HMAC-STEM-001356,1356,1355,1872,$auto$ff.cc:337:slice$5101,$_DFFE_PN0P_,SEQUENTIAL_STATE_STEM,u_bridge.u_prim_sha2_32.gen_multimode_logic.u_prim_sha2_multimode.gen_multimode.hash_q[313],8,2,8,0.000000,TOPOLOGY_CONTROL
EM_TOPOLOGY_4X64_T24,110,1,46,HMAC-STEM-001358,1358,1357,1874,$auto$ff.cc:337:slice$5102,$_DFFE_PN0P_,SEQUENTIAL_STATE_STEM,u_bridge.u_prim_sha2_32.gen_multimode_logic.u_prim_sha2_multimode.gen_multimode.hash_q[314],8,2,8,0.000000,TOPOLOGY_CONTROL
EM_TOPOLOGY_4X64_T24,111,1,47,HMAC-STEM-001360,1360,1359,1876,$auto$ff.cc:337:slice$5103,$_DFFE_PN0P_,SEQUENTIAL_STATE_STEM,u_bridge.u_prim_sha2_32.gen_multimode_logic.u_prim_sha2_multimode.gen_multimode.hash_q[315],8,2,8,0.000000,TOPOLOGY_CONTROL
EM_TOPOLOGY_4X64_T24,112,1,48,HMAC-STEM-001362,1362,1361,1878,$auto$ff.cc:337:slice$5104,$_DFFE_PN0P_,SEQUENTIAL_STATE_STEM,u_bridge.u_prim_sha2_32.gen_multimode_logic.u_prim_sha2_multimode.gen_multimode.hash_q[316],8,2,8,0.000000,TOPOLOGY_CONTROL
EM_TOPOLOGY_4X64_T24,113,1,49,HMAC-STEM-001364,1364,1363,1880,$auto$ff.cc:337:slice$5105,$_DFFE_PN0P_,SEQUENTIAL_STATE_STEM,u_bridge.u_prim_sha2_32.gen_multimode_logic.u_prim_sha2_multimode.gen_multimode.hash_q[317],8,2,8,0.000000,TOPOLOGY_CONTROL
EM_TOPOLOGY_4X64_T24,114,1,50,HMAC-STEM-001366,1366,1365,1882,$auto$ff.cc:337:slice$5106,$_DFFE_PN0P_,SEQUENTIAL_STATE_STEM,u_bridge.u_prim_sha2_32.gen_multimode_logic.u_prim_sha2_multimode.gen_multimode.hash_q[318],8,2,8,0.000000,TOPOLOGY_CONTROL
EM_TOPOLOGY_4X64_T24,115,1,51,HMAC-STEM-001818,1818,1817,2334,$auto$ff.cc:337:slice$5332,$_DFFE_PN0P_,SEQUENTIAL_STATE_STEM,u_bridge.u_prim_sha2_32.gen_multimode_logic.u_prim_sha2_multimode.gen_multimode.hash_q[32],8,2,8,0.000000,TOPOLOGY_CONTROL
EM_TOPOLOGY_4X64_T24,116,1,52,HMAC-STEM-001820,1820,1819,2336,$auto$ff.cc:337:slice$5333,$_DFFE_PN0P_,SEQUENTIAL_STATE_STEM,u_bridge.u_prim_sha2_32.gen_multimode_logic.u_prim_sha2_multimode.gen_multimode.hash_q[33],8,2,8,0.000000,TOPOLOGY_CONTROL
EM_TOPOLOGY_4X64_T24,117,1,53,HMAC-STEM-001822,1822,1821,2338,$auto$ff.cc:337:slice$5334,$_DFFE_PN0P_,SEQUENTIAL_STATE_STEM,u_bridge.u_prim_sha2_32.gen_multimode_logic.u_prim_sha2_multimode.gen_multimode.hash_q[34],8,2,8,0.000000,TOPOLOGY_CONTROL
EM_TOPOLOGY_4X64_T24,118,1,54,HMAC-STEM-001824,1824,1823,2340,$auto$ff.cc:337:slice$5335,$_DFFE_PN0P_,SEQUENTIAL_STATE_STEM,u_bridge.u_prim_sha2_32.gen_multimode_logic.u_prim_sha2_multimode.gen_multimode.hash_q[35],8,2,8,0.000000,TOPOLOGY_CONTROL
EM_TOPOLOGY_4X64_T24,119,1,55,HMAC-STEM-001826,1826,1825,2342,$auto$ff.cc:337:slice$5336,$_DFFE_PN0P_,SEQUENTIAL_STATE_STEM,u_bridge.u_prim_sha2_32.gen_multimode_logic.u_prim_sha2_multimode.gen_multimode.hash_q[36],8,2,8,0.000000,TOPOLOGY_CONTROL
EM_TOPOLOGY_4X64_T24,120,1,56,HMAC-STEM-001828,1828,1827,2344,$auto$ff.cc:337:slice$5337,$_DFFE_PN0P_,SEQUENTIAL_STATE_STEM,u_bridge.u_prim_sha2_32.gen_multimode_logic.u_prim_sha2_multimode.gen_multimode.hash_q[37],8,2,8,0.000000,TOPOLOGY_CONTROL
EM_TOPOLOGY_4X64_T24,121,1,57,HMAC-STEM-001830,1830,1829,2346,$auto$ff.cc:337:slice$5338,$_DFFE_PN0P_,SEQUENTIAL_STATE_STEM,u_bridge.u_prim_sha2_32.gen_multimode_logic.u_prim_sha2_multimode.gen_multimode.hash_q[38],8,2,8,0.000000,TOPOLOGY_CONTROL
EM_TOPOLOGY_4X64_T24,122,1,58,HMAC-STEM-001832,1832,1831,2348,$auto$ff.cc:337:slice$5339,$_DFFE_PN0P_,SEQUENTIAL_STATE_STEM,u_bridge.u_prim_sha2_32.gen_multimode_logic.u_prim_sha2_multimode.gen_multimode.hash_q[39],8,2,8,0.000000,TOPOLOGY_CONTROL
EM_TOPOLOGY_4X64_T24,123,1,59,HMAC-STEM-001834,1834,1833,2350,$auto$ff.cc:337:slice$5340,$_DFFE_PN0P_,SEQUENTIAL_STATE_STEM,u_bridge.u_prim_sha2_32.gen_multimode_logic.u_prim_sha2_multimode.gen_multimode.hash_q[40],8,2,8,0.000000,TOPOLOGY_CONTROL
EM_TOPOLOGY_4X64_T24,124,1,60,HMAC-STEM-001836,1836,1835,2352,$auto$ff.cc:337:slice$5341,$_DFFE_PN0P_,SEQUENTIAL_STATE_STEM,u_bridge.u_prim_sha2_32.gen_multimode_logic.u_prim_sha2_multimode.gen_multimode.hash_q[41],8,2,8,0.000000,TOPOLOGY_CONTROL
EM_TOPOLOGY_4X64_T24,125,1,61,HMAC-STEM-001838,1838,1837,2354,$auto$ff.cc:337:slice$5342,$_DFFE_PN0P_,SEQUENTIAL_STATE_STEM,u_bridge.u_prim_sha2_32.gen_multimode_logic.u_prim_sha2_multimode.gen_multimode.hash_q[42],8,2,8,0.000000,TOPOLOGY_CONTROL
EM_TOPOLOGY_4X64_T24,126,1,62,HMAC-STEM-001840,1840,1839,2356,$auto$ff.cc:337:slice$5343,$_DFFE_PN0P_,SEQUENTIAL_STATE_STEM,u_bridge.u_prim_sha2_32.gen_multimode_logic.u_prim_sha2_multimode.gen_multimode.hash_q[43],8,2,8,0.000000,TOPOLOGY_CONTROL
EM_TOPOLOGY_4X64_T24,127,1,63,HMAC-STEM-001842,1842,1841,2358,$auto$ff.cc:337:slice$5344,$_DFFE_PN0P_,SEQUENTIAL_STATE_STEM,u_bridge.u_prim_sha2_32.gen_multimode_logic.u_prim_sha2_multimode.gen_multimode.hash_q[44],8,2,8,0.000000,TOPOLOGY_CONTROL
EM_TOPOLOGY_4X64_T24,128,2,0,HMAC-STEM-001882,1882,1881,2398,$auto$simplemap.cc:157:simplemap_reduce$6152,$_AND_,COMBINATIONAL_LOGIC_STEM,$auto$opt_dff.cc:367:make_patterns_logic$3064,1024,2,1024,0.000000,TOPOLOGY_HIGH_FANOUT
EM_TOPOLOGY_4X64_T24,129,2,1,HMAC-STEM-007088,7088,7087,7604,$auto$simplemap.cc:157:simplemap_reduce$11955,$_OR_,COMBINATIONAL_LOGIC_STEM,$381y,611,2,611,0.000000,TOPOLOGY_HIGH_FANOUT
EM_TOPOLOGY_4X64_T24,130,2,2,HMAC-STEM-005514,5514,5513,6030,$auto$simplemap.cc:157:simplemap_reduce$7273,$_AND_,COMBINATIONAL_LOGIC_STEM,$46y,529,1,529,0.000000,TOPOLOGY_HIGH_FANOUT
EM_TOPOLOGY_4X64_T24,131,2,3,HMAC-STEM-000985,985,984,1501,$auto$simplemap.cc:157:simplemap_reduce$5493,$_OR_,COMBINATIONAL_LOGIC_STEM,$auto$opt_dff.cc:350:make_patterns_logic$3171,512,2,512,0.000000,TOPOLOGY_HIGH_FANOUT
EM_TOPOLOGY_4X64_T24,132,2,4,HMAC-STEM-002011,2011,2010,2527,$auto$simplemap.cc:157:simplemap_reduce$6666,$_OR_,COMBINATIONAL_LOGIC_STEM,$auto$opt_dff.cc:350:make_patterns_logic$3044,512,2,512,0.000000,TOPOLOGY_HIGH_FANOUT
EM_TOPOLOGY_4X64_T24,133,2,5,HMAC-STEM-006027,6027,6026,6543,$auto$simplemap.cc:106:simplemap_bitop$18858,$_AND_,COMBINATIONAL_LOGIC_STEM,$auto$opt_dff.cc:367:make_patterns_logic$2966,257,2,257,0.000000,TOPOLOGY_HIGH_FANOUT
EM_TOPOLOGY_4X64_T24,134,2,6,HMAC-STEM-019357,19357,19356,19873,$auto$simplemap.cc:198:logic_reduce$8962,$_OR_,COMBINATIONAL_LOGIC_STEM,$auto$simplemap.cc:189:logic_reduce$8961,149,2,149,0.000000,TOPOLOGY_HIGH_FANOUT
EM_TOPOLOGY_4X64_T24,135,2,7,HMAC-STEM-005252,5252,5251,5768,$auto$simplemap.cc:157:simplemap_reduce$7099,$_OR_,COMBINATIONAL_LOGIC_STEM,$auto$opt_dff.cc:350:make_patterns_logic$3000,123,2,123,0.000000,TOPOLOGY_HIGH_FANOUT
EM_TOPOLOGY_4X64_T24,136,2,8,HMAC-STEM-018303,18303,18302,18819,$auto$simplemap.cc:157:simplemap_reduce$8973,$_OR_,COMBINATIONAL_LOGIC_STEM,$auto$simplemap.cc:277:simplemap_eqne$8970,113,2,113,0.000000,TOPOLOGY_HIGH_FANOUT
EM_TOPOLOGY_4X64_T24,137,2,9,HMAC-STEM-018304,18304,18303,18820,$auto$simplemap.cc:157:simplemap_reduce$8985,$_OR_,COMBINATIONAL_LOGIC_STEM,$auto$simplemap.cc:277:simplemap_eqne$8982,73,2,73,0.000000,TOPOLOGY_HIGH_FANOUT
EM_TOPOLOGY_4X64_T24,138,2,10,HMAC-STEM-018195,18195,18194,18711,$auto$simplemap.cc:256:simplemap_logbin$8990,$_AND_,COMBINATIONAL_LOGIC_STEM,$492y,66,2,66,0.000000,TOPOLOGY_HIGH_FANOUT
EM_TOPOLOGY_4X64_T24,139,2,11,HMAC-STEM-018309,18309,18308,18825,$auto$simplemap.cc:227:simplemap_lognot$14488,$_NOT_,COMBINATIONAL_LOGIC_STEM,$procmux$510_CMP,65,1,65,0.000000,TOPOLOGY_HIGH_FANOUT
EM_TOPOLOGY_4X64_T24,140,2,12,HMAC-STEM-018313,18313,18312,18829,$auto$simplemap.cc:198:logic_reduce$13766,$_OR_,COMBINATIONAL_LOGIC_STEM,$auto$simplemap.cc:189:logic_reduce$13765,64,2,64,0.000000,TOPOLOGY_HIGH_FANOUT
EM_TOPOLOGY_4X64_T24,141,2,13,HMAC-STEM-005096,5096,5095,5612,$auto$simplemap.cc:157:simplemap_reduce$7002,$_OR_,COMBINATIONAL_LOGIC_STEM,$auto$opt_dff.cc:350:make_patterns_logic$3028,59,2,59,0.000000,TOPOLOGY_HIGH_FANOUT
EM_TOPOLOGY_4X64_T24,142,2,14,HMAC-STEM-007078,7078,7077,7594,$auto$simplemap.cc:256:simplemap_logbin$8964,$_AND_,COMBINATIONAL_LOGIC_STEM,$429y,39,2,39,0.000000,TOPOLOGY_HIGH_FANOUT
EM_TOPOLOGY_4X64_T24,143,2,15,HMAC-STEM-007076,7076,7075,7592,$auto$simplemap.cc:256:simplemap_logbin$8965,$_AND_,COMBINATIONAL_LOGIC_STEM,$432y,38,2,38,0.000000,TOPOLOGY_HIGH_FANOUT
EM_TOPOLOGY_4X64_T24,144,2,16,HMAC-STEM-017949,17949,17948,18465,$auto$simplemap.cc:46:simplemap_not$34260,$_NOT_,COMBINATIONAL_LOGIC_STEM,$552y[0],36,1,36,0.000000,TOPOLOGY_HIGH_FANOUT
EM_TOPOLOGY_4X64_T24,145,2,17,HMAC-STEM-018221,18221,18220,18737,$auto$simplemap.cc:227:simplemap_lognot$19843,$_NOT_,COMBINATIONAL_LOGIC_STEM,$78y,34,1,34,0.000000,TOPOLOGY_HIGH_FANOUT
EM_TOPOLOGY_4X64_T24,146,2,18,HMAC-STEM-019376,19376,19375,19892,$auto$simplemap.cc:256:simplemap_logbin$8625,$_AND_,COMBINATIONAL_LOGIC_STEM,hmac_fifo_push,33,2,33,0.000000,TOPOLOGY_HIGH_FANOUT
EM_TOPOLOGY_4X64_T24,147,2,19,HMAC-STEM-018430,18430,18429,18946,$auto$simplemap.cc:227:simplemap_lognot$18973,$_NOT_,COMBINATIONAL_LOGIC_STEM,$procmux$2756_CMP,33,1,33,0.000000,TOPOLOGY_HIGH_FANOUT
EM_TOPOLOGY_4X64_T24,148,2,20,HMAC-STEM-018431,18431,18430,18947,$auto$simplemap.cc:227:simplemap_lognot$19763,$_NOT_,COMBINATIONAL_LOGIC_STEM,$procmux$2757_CMP,33,1,33,0.000000,TOPOLOGY_HIGH_FANOUT
EM_TOPOLOGY_4X64_T24,149,2,21,HMAC-STEM-018433,18433,18432,18949,$auto$simplemap.cc:227:simplemap_lognot$19776,$_NOT_,COMBINATIONAL_LOGIC_STEM,$procmux$2758_CMP,33,1,33,0.000000,TOPOLOGY_HIGH_FANOUT
EM_TOPOLOGY_4X64_T24,150,2,22,HMAC-STEM-018434,18434,18433,18950,$auto$simplemap.cc:227:simplemap_lognot$19789,$_NOT_,COMBINATIONAL_LOGIC_STEM,$procmux$2759_CMP,33,1,33,0.000000,TOPOLOGY_HIGH_FANOUT
EM_TOPOLOGY_4X64_T24,151,2,23,HMAC-STEM-018436,18436,18435,18952,$auto$simplemap.cc:227:simplemap_lognot$19802,$_NOT_,COMBINATIONAL_LOGIC_STEM,$procmux$2760_CMP,33,1,33,0.000000,TOPOLOGY_HIGH_FANOUT
EM_TOPOLOGY_4X64_T24,152,2,24,HMAC-STEM-018437,18437,18436,18953,$auto$simplemap.cc:227:simplemap_lognot$19815,$_NOT_,COMBINATIONAL_LOGIC_STEM,$procmux$2761_CMP,33,1,33,0.000000,TOPOLOGY_HIGH_FANOUT
EM_TOPOLOGY_4X64_T24,153,2,25,HMAC-STEM-018440,18440,18439,18956,$auto$simplemap.cc:227:simplemap_lognot$19828,$_NOT_,COMBINATIONAL_LOGIC_STEM,$procmux$2762_CMP,33,1,33,0.000000,TOPOLOGY_HIGH_FANOUT
EM_TOPOLOGY_4X64_T24,154,2,26,HMAC-STEM-018859,18859,18858,19375,$auto$simplemap.cc:227:simplemap_lognot$20732,$_NOT_,COMBINATIONAL_LOGIC_STEM,$procmux$2767_CMP,33,1,33,0.000000,TOPOLOGY_HIGH_FANOUT
EM_TOPOLOGY_4X64_T24,155,2,27,HMAC-STEM-018861,18861,18860,19377,$auto$simplemap.cc:227:simplemap_lognot$20747,$_NOT_,COMBINATIONAL_LOGIC_STEM,$procmux$2768_CMP,33,1,33,0.000000,TOPOLOGY_HIGH_FANOUT
EM_TOPOLOGY_4X64_T24,156,2,28,HMAC-STEM-018862,18862,18861,19378,$auto$simplemap.cc:227:simplemap_lognot$20762,$_NOT_,COMBINATIONAL_LOGIC_STEM,$procmux$2769_CMP,33,1,33,0.000000,TOPOLOGY_HIGH_FANOUT
EM_TOPOLOGY_4X64_T24,157,2,29,HMAC-STEM-018864,18864,18863,19380,$auto$simplemap.cc:227:simplemap_lognot$20777,$_NOT_,COMBINATIONAL_LOGIC_STEM,$procmux$2770_CMP,33,1,33,0.000000,TOPOLOGY_HIGH_FANOUT
EM_TOPOLOGY_4X64_T24,158,2,30,HMAC-STEM-018865,18865,18864,19381,$auto$simplemap.cc:227:simplemap_lognot$20792,$_NOT_,COMBINATIONAL_LOGIC_STEM,$procmux$2771_CMP,33,1,33,0.000000,TOPOLOGY_HIGH_FANOUT
EM_TOPOLOGY_4X64_T24,159,2,31,HMAC-STEM-018867,18867,18866,19383,$auto$simplemap.cc:227:simplemap_lognot$20807,$_NOT_,COMBINATIONAL_LOGIC_STEM,$procmux$2772_CMP,33,1,33,0.000000,TOPOLOGY_HIGH_FANOUT
EM_TOPOLOGY_4X64_T24,160,2,32,HMAC-STEM-018868,18868,18867,19384,$auto$simplemap.cc:227:simplemap_lognot$20813,$_NOT_,COMBINATIONAL_LOGIC_STEM,$procmux$2773_CMP,33,1,33,0.000000,TOPOLOGY_HIGH_FANOUT
EM_TOPOLOGY_4X64_T24,161,2,33,HMAC-STEM-021202,21202,21201,21718,$auto$simplemap.cc:298:simplemap_mux$18938,$_MUX_,COMBINATIONAL_LOGIC_STEM,$memory$auto$memory_bmux2rom.cc:63:execute$3308$rdmux[0][4][10]$b$3421[5],33,3,33,0.000000,TOPOLOGY_HIGH_FANOUT
EM_TOPOLOGY_4X64_T24,162,2,34,HMAC-STEM-021199,21199,21198,21715,$auto$simplemap.cc:298:simplemap_mux$18936,$_MUX_,COMBINATIONAL_LOGIC_STEM,$memory$auto$memory_bmux2rom.cc:63:execute$3308$rdmux[0][4][10]$a$3420[3],33,2,33,0.000000,TOPOLOGY_HIGH_FANOUT
EM_TOPOLOGY_4X64_T24,163,2,35,HMAC-STEM-000420,420,419,936,$auto$simplemap.cc:106:simplemap_bitop$17005,$_AND_,COMBINATIONAL_LOGIC_STEM,$memory\fifo_data_mem$wren[15][0][0]$y$4116,32,2,32,0.000000,TOPOLOGY_HIGH_FANOUT
EM_TOPOLOGY_4X64_T24,164,2,36,HMAC-STEM-000484,484,483,1000,$auto$simplemap.cc:106:simplemap_bitop$17006,$_AND_,COMBINATIONAL_LOGIC_STEM,$memory\fifo_data_mem$wren[14][0][0]$y$4110,32,2,32,0.000000,TOPOLOGY_HIGH_FANOUT
EM_TOPOLOGY_4X64_T24,165,2,37,HMAC-STEM-000517,517,516,1033,$auto$simplemap.cc:106:simplemap_bitop$17009,$_AND_,COMBINATIONAL_LOGIC_STEM,$memory\fifo_data_mem$wren[13][0][0]$y$4104,32,2,32,0.000000,TOPOLOGY_HIGH_FANOUT
EM_TOPOLOGY_4X64_T24,166,2,38,HMAC-STEM-000550,550,549,1066,$auto$simplemap.cc:106:simplemap_bitop$17011,$_AND_,COMBINATIONAL_LOGIC_STEM,$memory\fifo_data_mem$wren[12][0][0]$y$4098,32,2,32,0.000000,TOPOLOGY_HIGH_FANOUT
EM_TOPOLOGY_4X64_T24,167,2,39,HMAC-STEM-000583,583,582,1099,$auto$simplemap.cc:106:simplemap_bitop$17012,$_AND_,COMBINATIONAL_LOGIC_STEM,$memory\fifo_data_mem$wren[11][0][0]$y$4090,32,2,32,0.000000,TOPOLOGY_HIGH_FANOUT
EM_TOPOLOGY_4X64_T24,168,2,40,HMAC-STEM-000616,616,615,1132,$auto$simplemap.cc:106:simplemap_bitop$17014,$_AND_,COMBINATIONAL_LOGIC_STEM,$memory\fifo_data_mem$wren[10][0][0]$y$4084,32,2,32,0.000000,TOPOLOGY_HIGH_FANOUT
EM_TOPOLOGY_4X64_T24,169,2,41,HMAC-STEM-000649,649,648,1165,$auto$simplemap.cc:106:simplemap_bitop$17015,$_AND_,COMBINATIONAL_LOGIC_STEM,$memory\fifo_data_mem$wren[9][0][0]$y$4078,32,2,32,0.000000,TOPOLOGY_HIGH_FANOUT
EM_TOPOLOGY_4X64_T24,170,2,42,HMAC-STEM-000682,682,681,1198,$auto$simplemap.cc:106:simplemap_bitop$17016,$_AND_,COMBINATIONAL_LOGIC_STEM,$memory\fifo_data_mem$wren[8][0][0]$y$4072,32,2,32,0.000000,TOPOLOGY_HIGH_FANOUT
EM_TOPOLOGY_4X64_T24,171,2,43,HMAC-STEM-000715,715,714,1231,$auto$simplemap.cc:106:simplemap_bitop$17018,$_AND_,COMBINATIONAL_LOGIC_STEM,$memory\fifo_data_mem$wren[7][0][0]$y$4062,32,2,32,0.000000,TOPOLOGY_HIGH_FANOUT
EM_TOPOLOGY_4X64_T24,172,2,44,HMAC-STEM-000748,748,747,1264,$auto$simplemap.cc:106:simplemap_bitop$17090,$_AND_,COMBINATIONAL_LOGIC_STEM,$memory\fifo_data_mem$wren[6][0][0]$y$4056,32,2,32,0.000000,TOPOLOGY_HIGH_FANOUT
EM_TOPOLOGY_4X64_T24,173,2,45,HMAC-STEM-000781,781,780,1297,$auto$simplemap.cc:106:simplemap_bitop$17091,$_AND_,COMBINATIONAL_LOGIC_STEM,$memory\fifo_data_mem$wren[5][0][0]$y$4050,32,2,32,0.000000,TOPOLOGY_HIGH_FANOUT
EM_TOPOLOGY_4X64_T24,174,2,46,HMAC-STEM-000814,814,813,1330,$auto$simplemap.cc:106:simplemap_bitop$17092,$_AND_,COMBINATIONAL_LOGIC_STEM,$memory\fifo_data_mem$wren[4][0][0]$y$4044,32,2,32,0.000000,TOPOLOGY_HIGH_FANOUT
EM_TOPOLOGY_4X64_T24,175,2,47,HMAC-STEM-000847,847,846,1363,$auto$simplemap.cc:106:simplemap_bitop$17093,$_AND_,COMBINATIONAL_LOGIC_STEM,$memory\fifo_data_mem$wren[3][0][0]$y$4034,32,2,32,0.000000,TOPOLOGY_HIGH_FANOUT
EM_TOPOLOGY_4X64_T24,176,2,48,HMAC-STEM-000880,880,879,1396,$auto$simplemap.cc:106:simplemap_bitop$17094,$_AND_,COMBINATIONAL_LOGIC_STEM,$memory\fifo_data_mem$wren[2][0][0]$y$4026,32,2,32,0.000000,TOPOLOGY_HIGH_FANOUT
EM_TOPOLOGY_4X64_T24,177,2,49,HMAC-STEM-000913,913,912,1429,$auto$simplemap.cc:106:simplemap_bitop$17095,$_AND_,COMBINATIONAL_LOGIC_STEM,$memory\fifo_data_mem$wren[1][0][0]$y$4016,32,2,32,0.000000,TOPOLOGY_HIGH_FANOUT
EM_TOPOLOGY_4X64_T24,178,2,50,HMAC-STEM-000946,946,945,1462,$auto$simplemap.cc:106:simplemap_bitop$17096,$_AND_,COMBINATIONAL_LOGIC_STEM,$memory\fifo_data_mem$wren[0][0][0]$y$4006,32,2,32,0.000000,TOPOLOGY_HIGH_FANOUT
EM_TOPOLOGY_4X64_T24,179,2,51,HMAC-STEM-018239,18239,18238,18755,$auto$simplemap.cc:157:simplemap_reduce$8762,$_OR_,COMBINATIONAL_LOGIC_STEM,$auto$simplemap.cc:277:simplemap_eqne$8759,32,2,32,0.000000,TOPOLOGY_HIGH_FANOUT
EM_TOPOLOGY_4X64_T24,180,2,52,HMAC-STEM-018442,18442,18441,18958,$auto$simplemap.cc:198:logic_reduce$18982,$_OR_,COMBINATIONAL_LOGIC_STEM,$auto$simplemap.cc:189:logic_reduce$18981,32,2,32,0.000000,TOPOLOGY_HIGH_FANOUT
EM_TOPOLOGY_4X64_T24,181,2,53,HMAC-STEM-018872,18872,18871,19388,$auto$simplemap.cc:198:logic_reduce$19853,$_OR_,COMBINATIONAL_LOGIC_STEM,$auto$simplemap.cc:189:logic_reduce$19852,32,2,32,0.000000,TOPOLOGY_HIGH_FANOUT
EM_TOPOLOGY_4X64_T24,182,2,54,HMAC-STEM-019355,19355,19354,19871,$auto$simplemap.cc:198:logic_reduce$8800,$_OR_,COMBINATIONAL_LOGIC_STEM,$auto$simplemap.cc:189:logic_reduce$8799,32,2,32,0.000000,TOPOLOGY_HIGH_FANOUT
EM_TOPOLOGY_4X64_T24,183,2,55,HMAC-STEM-021203,21203,21202,21719,$auto$simplemap.cc:298:simplemap_mux$18941,$_MUX_,COMBINATIONAL_LOGIC_STEM,$memory$auto$memory_bmux2rom.cc:63:execute$3308$rdmux[0][4][10]$b$3421[8],32,3,32,0.000000,TOPOLOGY_HIGH_FANOUT
EM_TOPOLOGY_4X64_T24,184,2,56,HMAC-STEM-021201,21201,21200,21717,$auto$simplemap.cc:298:simplemap_mux$18940,$_MUX_,COMBINATIONAL_LOGIC_STEM,$memory$auto$memory_bmux2rom.cc:63:execute$3308$rdmux[0][4][10]$a$3420[1],32,2,32,0.000000,TOPOLOGY_HIGH_FANOUT
EM_TOPOLOGY_4X64_T24,185,2,57,HMAC-STEM-021841,21841,21840,22357,$auto$simplemap.cc:298:simplemap_mux$18945,$_MUX_,COMBINATIONAL_LOGIC_STEM,$memory$auto$memory_bmux2rom.cc:63:execute$3308$rdmux[0][4][10]$a$3420[9],32,2,32,0.000000,TOPOLOGY_HIGH_FANOUT
EM_TOPOLOGY_4X64_T24,186,2,58,HMAC-STEM-017950,17950,17949,18466,$auto$simplemap.cc:46:simplemap_not$34261,$_NOT_,COMBINATIONAL_LOGIC_STEM,$552y[1],32,1,32,0.000000,TOPOLOGY_HIGH_FANOUT
EM_TOPOLOGY_4X64_T24,187,2,59,HMAC-STEM-021198,21198,21197,21714,$auto$simplemap.cc:298:simplemap_mux$18937,$_MUX_,COMBINATIONAL_LOGIC_STEM,$memory$auto$memory_bmux2rom.cc:63:execute$3308$rdmux[0][4][10]$b$3421[0],31,3,31,0.000000,TOPOLOGY_HIGH_FANOUT
EM_TOPOLOGY_4X64_T24,188,2,60,HMAC-STEM-021197,21197,21196,21713,$auto$simplemap.cc:298:simplemap_mux$18943,$_MUX_,COMBINATIONAL_LOGIC_STEM,$memory$auto$memory_bmux2rom.cc:63:execute$3308$rdmux[0][4][10]$a$3420[51],31,2,31,0.000000,TOPOLOGY_HIGH_FANOUT
EM_TOPOLOGY_4X64_T24,189,2,61,HMAC-STEM-021200,21200,21199,21716,$auto$simplemap.cc:298:simplemap_mux$18942,$_MUX_,COMBINATIONAL_LOGIC_STEM,$memory$auto$memory_bmux2rom.cc:63:execute$3308$rdmux[0][4][10]$a$3420[11],31,2,31,0.000000,TOPOLOGY_HIGH_FANOUT
EM_TOPOLOGY_4X64_T24,190,2,62,HMAC-STEM-021196,21196,21195,21712,$auto$simplemap.cc:298:simplemap_mux$18934,$_MUX_,COMBINATIONAL_LOGIC_STEM,$memory$auto$memory_bmux2rom.cc:63:execute$3308$rdmux[0][4][10]$a$3420[7],28,2,28,0.000000,TOPOLOGY_HIGH_FANOUT
EM_TOPOLOGY_4X64_T24,191,2,63,HMAC-STEM-021204,21204,21203,21720,$auto$simplemap.cc:298:simplemap_mux$18935,$_MUX_,COMBINATIONAL_LOGIC_STEM,$memory$auto$memory_bmux2rom.cc:63:execute$3308$rdmux[0][4][10]$a$3420[4],28,2,28,0.000000,TOPOLOGY_HIGH_FANOUT
EM_TOPOLOGY_4X64_T24,192,3,0,HMAC-STEM-000001,1,0,517,$auto$ff.cc:337:slice$8055,$_DFFE_PN0P_,SEQUENTIAL_STATE_STEM,busy_o,0,2,0,0.000000,TOPOLOGY_BOUNDARY
EM_TOPOLOGY_4X64_T24,193,3,1,HMAC-STEM-000003,3,2,519,$auto$ff.cc:337:slice$7788,$_DFFE_PN0P_,SEQUENTIAL_STATE_STEM,digest_o[0],0,2,0,0.000000,TOPOLOGY_BOUNDARY
EM_TOPOLOGY_4X64_T24,194,3,2,HMAC-STEM-000004,4,3,520,$auto$ff.cc:337:slice$7789,$_DFFE_PN0P_,SEQUENTIAL_STATE_STEM,digest_o[1],0,2,0,0.000000,TOPOLOGY_BOUNDARY
EM_TOPOLOGY_4X64_T24,195,3,3,HMAC-STEM-000005,5,4,521,$auto$ff.cc:337:slice$7790,$_DFFE_PN0P_,SEQUENTIAL_STATE_STEM,digest_o[2],0,2,0,0.000000,TOPOLOGY_BOUNDARY
EM_TOPOLOGY_4X64_T24,196,3,4,HMAC-STEM-000006,6,5,522,$auto$ff.cc:337:slice$7791,$_DFFE_PN0P_,SEQUENTIAL_STATE_STEM,digest_o[3],0,2,0,0.000000,TOPOLOGY_BOUNDARY
EM_TOPOLOGY_4X64_T24,197,3,5,HMAC-STEM-000007,7,6,523,$auto$ff.cc:337:slice$7792,$_DFFE_PN0P_,SEQUENTIAL_STATE_STEM,digest_o[4],0,2,0,0.000000,TOPOLOGY_BOUNDARY
EM_TOPOLOGY_4X64_T24,198,3,6,HMAC-STEM-000008,8,7,524,$auto$ff.cc:337:slice$7793,$_DFFE_PN0P_,SEQUENTIAL_STATE_STEM,digest_o[5],0,2,0,0.000000,TOPOLOGY_BOUNDARY
EM_TOPOLOGY_4X64_T24,199,3,7,HMAC-STEM-000009,9,8,525,$auto$ff.cc:337:slice$7794,$_DFFE_PN0P_,SEQUENTIAL_STATE_STEM,digest_o[6],0,2,0,0.000000,TOPOLOGY_BOUNDARY
EM_TOPOLOGY_4X64_T24,200,3,8,HMAC-STEM-000010,10,9,526,$auto$ff.cc:337:slice$7795,$_DFFE_PN0P_,SEQUENTIAL_STATE_STEM,digest_o[7],0,2,0,0.000000,TOPOLOGY_BOUNDARY
EM_TOPOLOGY_4X64_T24,201,3,9,HMAC-STEM-000011,11,10,527,$auto$ff.cc:337:slice$7796,$_DFFE_PN0P_,SEQUENTIAL_STATE_STEM,digest_o[8],0,2,0,0.000000,TOPOLOGY_BOUNDARY
EM_TOPOLOGY_4X64_T24,202,3,10,HMAC-STEM-000012,12,11,528,$auto$ff.cc:337:slice$7797,$_DFFE_PN0P_,SEQUENTIAL_STATE_STEM,digest_o[9],0,2,0,0.000000,TOPOLOGY_BOUNDARY
EM_TOPOLOGY_4X64_T24,203,3,11,HMAC-STEM-000013,13,12,529,$auto$ff.cc:337:slice$7798,$_DFFE_PN0P_,SEQUENTIAL_STATE_STEM,digest_o[10],0,2,0,0.000000,TOPOLOGY_BOUNDARY
EM_TOPOLOGY_4X64_T24,204,3,12,HMAC-STEM-000014,14,13,530,$auto$ff.cc:337:slice$7799,$_DFFE_PN0P_,SEQUENTIAL_STATE_STEM,digest_o[11],0,2,0,0.000000,TOPOLOGY_BOUNDARY
EM_TOPOLOGY_4X64_T24,205,3,13,HMAC-STEM-000015,15,14,531,$auto$ff.cc:337:slice$7800,$_DFFE_PN0P_,SEQUENTIAL_STATE_STEM,digest_o[12],0,2,0,0.000000,TOPOLOGY_BOUNDARY
EM_TOPOLOGY_4X64_T24,206,3,14,HMAC-STEM-000016,16,15,532,$auto$ff.cc:337:slice$7801,$_DFFE_PN0P_,SEQUENTIAL_STATE_STEM,digest_o[13],0,2,0,0.000000,TOPOLOGY_BOUNDARY
EM_TOPOLOGY_4X64_T24,207,3,15,HMAC-STEM-000017,17,16,533,$auto$ff.cc:337:slice$7802,$_DFFE_PN0P_,SEQUENTIAL_STATE_STEM,digest_o[14],0,2,0,0.000000,TOPOLOGY_BOUNDARY
EM_TOPOLOGY_4X64_T24,208,3,16,HMAC-STEM-000018,18,17,534,$auto$ff.cc:337:slice$7803,$_DFFE_PN0P_,SEQUENTIAL_STATE_STEM,digest_o[15],0,2,0,0.000000,TOPOLOGY_BOUNDARY
EM_TOPOLOGY_4X64_T24,209,3,17,HMAC-STEM-000019,19,18,535,$auto$ff.cc:337:slice$7804,$_DFFE_PN0P_,SEQUENTIAL_STATE_STEM,digest_o[16],0,2,0,0.000000,TOPOLOGY_BOUNDARY
EM_TOPOLOGY_4X64_T24,210,3,18,HMAC-STEM-000020,20,19,536,$auto$ff.cc:337:slice$7805,$_DFFE_PN0P_,SEQUENTIAL_STATE_STEM,digest_o[17],0,2,0,0.000000,TOPOLOGY_BOUNDARY
EM_TOPOLOGY_4X64_T24,211,3,19,HMAC-STEM-000021,21,20,537,$auto$ff.cc:337:slice$7806,$_DFFE_PN0P_,SEQUENTIAL_STATE_STEM,digest_o[18],0,2,0,0.000000,TOPOLOGY_BOUNDARY
EM_TOPOLOGY_4X64_T24,212,3,20,HMAC-STEM-000022,22,21,538,$auto$ff.cc:337:slice$7807,$_DFFE_PN0P_,SEQUENTIAL_STATE_STEM,digest_o[19],0,2,0,0.000000,TOPOLOGY_BOUNDARY
EM_TOPOLOGY_4X64_T24,213,3,21,HMAC-STEM-000023,23,22,539,$auto$ff.cc:337:slice$7808,$_DFFE_PN0P_,SEQUENTIAL_STATE_STEM,digest_o[20],0,2,0,0.000000,TOPOLOGY_BOUNDARY
EM_TOPOLOGY_4X64_T24,214,3,22,HMAC-STEM-000024,24,23,540,$auto$ff.cc:337:slice$7809,$_DFFE_PN0P_,SEQUENTIAL_STATE_STEM,digest_o[21],0,2,0,0.000000,TOPOLOGY_BOUNDARY
EM_TOPOLOGY_4X64_T24,215,3,23,HMAC-STEM-000025,25,24,541,$auto$ff.cc:337:slice$7810,$_DFFE_PN0P_,SEQUENTIAL_STATE_STEM,digest_o[22],0,2,0,0.000000,TOPOLOGY_BOUNDARY
EM_TOPOLOGY_4X64_T24,216,3,24,HMAC-STEM-000026,26,25,542,$auto$ff.cc:337:slice$7811,$_DFFE_PN0P_,SEQUENTIAL_STATE_STEM,digest_o[23],0,2,0,0.000000,TOPOLOGY_BOUNDARY
EM_TOPOLOGY_4X64_T24,217,3,25,HMAC-STEM-000027,27,26,543,$auto$ff.cc:337:slice$7812,$_DFFE_PN0P_,SEQUENTIAL_STATE_STEM,digest_o[24],0,2,0,0.000000,TOPOLOGY_BOUNDARY
EM_TOPOLOGY_4X64_T24,218,3,26,HMAC-STEM-000028,28,27,544,$auto$ff.cc:337:slice$7813,$_DFFE_PN0P_,SEQUENTIAL_STATE_STEM,digest_o[25],0,2,0,0.000000,TOPOLOGY_BOUNDARY
EM_TOPOLOGY_4X64_T24,219,3,27,HMAC-STEM-000029,29,28,545,$auto$ff.cc:337:slice$7814,$_DFFE_PN0P_,SEQUENTIAL_STATE_STEM,digest_o[26],0,2,0,0.000000,TOPOLOGY_BOUNDARY
EM_TOPOLOGY_4X64_T24,220,3,28,HMAC-STEM-000030,30,29,546,$auto$ff.cc:337:slice$7815,$_DFFE_PN0P_,SEQUENTIAL_STATE_STEM,digest_o[27],0,2,0,0.000000,TOPOLOGY_BOUNDARY
EM_TOPOLOGY_4X64_T24,221,3,29,HMAC-STEM-000031,31,30,547,$auto$ff.cc:337:slice$7816,$_DFFE_PN0P_,SEQUENTIAL_STATE_STEM,digest_o[28],0,2,0,0.000000,TOPOLOGY_BOUNDARY
EM_TOPOLOGY_4X64_T24,222,3,30,HMAC-STEM-000032,32,31,548,$auto$ff.cc:337:slice$7817,$_DFFE_PN0P_,SEQUENTIAL_STATE_STEM,digest_o[29],0,2,0,0.000000,TOPOLOGY_BOUNDARY
EM_TOPOLOGY_4X64_T24,223,3,31,HMAC-STEM-000033,33,32,549,$auto$ff.cc:337:slice$7818,$_DFFE_PN0P_,SEQUENTIAL_STATE_STEM,digest_o[30],0,2,0,0.000000,TOPOLOGY_BOUNDARY
EM_TOPOLOGY_4X64_T24,224,3,32,HMAC-STEM-000034,34,33,550,$auto$ff.cc:337:slice$7819,$_DFFE_PN0P_,SEQUENTIAL_STATE_STEM,digest_o[31],0,2,0,0.000000,TOPOLOGY_BOUNDARY
EM_TOPOLOGY_4X64_T24,225,3,33,HMAC-STEM-000035,35,34,551,$auto$ff.cc:337:slice$7820,$_DFFE_PN0P_,SEQUENTIAL_STATE_STEM,digest_o[32],0,2,0,0.000000,TOPOLOGY_BOUNDARY
EM_TOPOLOGY_4X64_T24,226,3,34,HMAC-STEM-000036,36,35,552,$auto$ff.cc:337:slice$7821,$_DFFE_PN0P_,SEQUENTIAL_STATE_STEM,digest_o[33],0,2,0,0.000000,TOPOLOGY_BOUNDARY
EM_TOPOLOGY_4X64_T24,227,3,35,HMAC-STEM-000037,37,36,553,$auto$ff.cc:337:slice$7822,$_DFFE_PN0P_,SEQUENTIAL_STATE_STEM,digest_o[34],0,2,0,0.000000,TOPOLOGY_BOUNDARY
EM_TOPOLOGY_4X64_T24,228,3,36,HMAC-STEM-000038,38,37,554,$auto$ff.cc:337:slice$7823,$_DFFE_PN0P_,SEQUENTIAL_STATE_STEM,digest_o[35],0,2,0,0.000000,TOPOLOGY_BOUNDARY
EM_TOPOLOGY_4X64_T24,229,3,37,HMAC-STEM-000039,39,38,555,$auto$ff.cc:337:slice$7824,$_DFFE_PN0P_,SEQUENTIAL_STATE_STEM,digest_o[36],0,2,0,0.000000,TOPOLOGY_BOUNDARY
EM_TOPOLOGY_4X64_T24,230,3,38,HMAC-STEM-000040,40,39,556,$auto$ff.cc:337:slice$7825,$_DFFE_PN0P_,SEQUENTIAL_STATE_STEM,digest_o[37],0,2,0,0.000000,TOPOLOGY_BOUNDARY
EM_TOPOLOGY_4X64_T24,231,3,39,HMAC-STEM-000041,41,40,557,$auto$ff.cc:337:slice$7826,$_DFFE_PN0P_,SEQUENTIAL_STATE_STEM,digest_o[38],0,2,0,0.000000,TOPOLOGY_BOUNDARY
EM_TOPOLOGY_4X64_T24,232,3,40,HMAC-STEM-000042,42,41,558,$auto$ff.cc:337:slice$7827,$_DFFE_PN0P_,SEQUENTIAL_STATE_STEM,digest_o[39],0,2,0,0.000000,TOPOLOGY_BOUNDARY
EM_TOPOLOGY_4X64_T24,233,3,41,HMAC-STEM-000043,43,42,559,$auto$ff.cc:337:slice$7828,$_DFFE_PN0P_,SEQUENTIAL_STATE_STEM,digest_o[40],0,2,0,0.000000,TOPOLOGY_BOUNDARY
EM_TOPOLOGY_4X64_T24,234,3,42,HMAC-STEM-000044,44,43,560,$auto$ff.cc:337:slice$7829,$_DFFE_PN0P_,SEQUENTIAL_STATE_STEM,digest_o[41],0,2,0,0.000000,TOPOLOGY_BOUNDARY
EM_TOPOLOGY_4X64_T24,235,3,43,HMAC-STEM-000045,45,44,561,$auto$ff.cc:337:slice$7830,$_DFFE_PN0P_,SEQUENTIAL_STATE_STEM,digest_o[42],0,2,0,0.000000,TOPOLOGY_BOUNDARY
EM_TOPOLOGY_4X64_T24,236,3,44,HMAC-STEM-000046,46,45,562,$auto$ff.cc:337:slice$7831,$_DFFE_PN0P_,SEQUENTIAL_STATE_STEM,digest_o[43],0,2,0,0.000000,TOPOLOGY_BOUNDARY
EM_TOPOLOGY_4X64_T24,237,3,45,HMAC-STEM-000047,47,46,563,$auto$ff.cc:337:slice$7832,$_DFFE_PN0P_,SEQUENTIAL_STATE_STEM,digest_o[44],0,2,0,0.000000,TOPOLOGY_BOUNDARY
EM_TOPOLOGY_4X64_T24,238,3,46,HMAC-STEM-000048,48,47,564,$auto$ff.cc:337:slice$7833,$_DFFE_PN0P_,SEQUENTIAL_STATE_STEM,digest_o[45],0,2,0,0.000000,TOPOLOGY_BOUNDARY
EM_TOPOLOGY_4X64_T24,239,3,47,HMAC-STEM-000049,49,48,565,$auto$ff.cc:337:slice$7834,$_DFFE_PN0P_,SEQUENTIAL_STATE_STEM,digest_o[46],0,2,0,0.000000,TOPOLOGY_BOUNDARY
EM_TOPOLOGY_4X64_T24,240,3,48,HMAC-STEM-000050,50,49,566,$auto$ff.cc:337:slice$7835,$_DFFE_PN0P_,SEQUENTIAL_STATE_STEM,digest_o[47],0,2,0,0.000000,TOPOLOGY_BOUNDARY
EM_TOPOLOGY_4X64_T24,241,3,49,HMAC-STEM-000051,51,50,567,$auto$ff.cc:337:slice$7836,$_DFFE_PN0P_,SEQUENTIAL_STATE_STEM,digest_o[48],0,2,0,0.000000,TOPOLOGY_BOUNDARY
EM_TOPOLOGY_4X64_T24,242,3,50,HMAC-STEM-000052,52,51,568,$auto$ff.cc:337:slice$7837,$_DFFE_PN0P_,SEQUENTIAL_STATE_STEM,digest_o[49],0,2,0,0.000000,TOPOLOGY_BOUNDARY
EM_TOPOLOGY_4X64_T24,243,3,51,HMAC-STEM-000053,53,52,569,$auto$ff.cc:337:slice$7838,$_DFFE_PN0P_,SEQUENTIAL_STATE_STEM,digest_o[50],0,2,0,0.000000,TOPOLOGY_BOUNDARY
EM_TOPOLOGY_4X64_T24,244,3,52,HMAC-STEM-000054,54,53,570,$auto$ff.cc:337:slice$7839,$_DFFE_PN0P_,SEQUENTIAL_STATE_STEM,digest_o[51],0,2,0,0.000000,TOPOLOGY_BOUNDARY
EM_TOPOLOGY_4X64_T24,245,3,53,HMAC-STEM-000055,55,54,571,$auto$ff.cc:337:slice$7840,$_DFFE_PN0P_,SEQUENTIAL_STATE_STEM,digest_o[52],0,2,0,0.000000,TOPOLOGY_BOUNDARY
EM_TOPOLOGY_4X64_T24,246,3,54,HMAC-STEM-000056,56,55,572,$auto$ff.cc:337:slice$7841,$_DFFE_PN0P_,SEQUENTIAL_STATE_STEM,digest_o[53],0,2,0,0.000000,TOPOLOGY_BOUNDARY
EM_TOPOLOGY_4X64_T24,247,3,55,HMAC-STEM-000057,57,56,573,$auto$ff.cc:337:slice$7842,$_DFFE_PN0P_,SEQUENTIAL_STATE_STEM,digest_o[54],0,2,0,0.000000,TOPOLOGY_BOUNDARY
EM_TOPOLOGY_4X64_T24,248,3,56,HMAC-STEM-000058,58,57,574,$auto$ff.cc:337:slice$7843,$_DFFE_PN0P_,SEQUENTIAL_STATE_STEM,digest_o[55],0,2,0,0.000000,TOPOLOGY_BOUNDARY
EM_TOPOLOGY_4X64_T24,249,3,57,HMAC-STEM-000059,59,58,575,$auto$ff.cc:337:slice$7844,$_DFFE_PN0P_,SEQUENTIAL_STATE_STEM,digest_o[56],0,2,0,0.000000,TOPOLOGY_BOUNDARY
EM_TOPOLOGY_4X64_T24,250,3,58,HMAC-STEM-000060,60,59,576,$auto$ff.cc:337:slice$7845,$_DFFE_PN0P_,SEQUENTIAL_STATE_STEM,digest_o[57],0,2,0,0.000000,TOPOLOGY_BOUNDARY
EM_TOPOLOGY_4X64_T24,251,3,59,HMAC-STEM-000061,61,60,577,$auto$ff.cc:337:slice$7846,$_DFFE_PN0P_,SEQUENTIAL_STATE_STEM,digest_o[58],0,2,0,0.000000,TOPOLOGY_BOUNDARY
EM_TOPOLOGY_4X64_T24,252,3,60,HMAC-STEM-000062,62,61,578,$auto$ff.cc:337:slice$7847,$_DFFE_PN0P_,SEQUENTIAL_STATE_STEM,digest_o[59],0,2,0,0.000000,TOPOLOGY_BOUNDARY
EM_TOPOLOGY_4X64_T24,253,3,61,HMAC-STEM-000063,63,62,579,$auto$ff.cc:337:slice$7848,$_DFFE_PN0P_,SEQUENTIAL_STATE_STEM,digest_o[60],0,2,0,0.000000,TOPOLOGY_BOUNDARY
EM_TOPOLOGY_4X64_T24,254,3,62,HMAC-STEM-000064,64,63,580,$auto$ff.cc:337:slice$7849,$_DFFE_PN0P_,SEQUENTIAL_STATE_STEM,digest_o[61],0,2,0,0.000000,TOPOLOGY_BOUNDARY
EM_TOPOLOGY_4X64_T24,255,3,63,HMAC-STEM-000065,65,64,581,$auto$ff.cc:337:slice$7850,$_DFFE_PN0P_,SEQUENTIAL_STATE_STEM,digest_o[62],0,2,0,0.000000,TOPOLOGY_BOUNDARY
EM_STATE_CHECKPOINT_2X64_T32,0,0,0,HMAC-STEM-005232,5232,5231,5748,$auto$ff.cc:337:slice$7084,$_DFFE_PN0P_,SEQUENTIAL_STATE_STEM,u_bridge.u_prim_sha2_32.gen_multimode_logic.u_prim_sha2_multimode.round_q[3],349,2,349,0.000000,STATE_CHECKPOINT
EM_STATE_CHECKPOINT_2X64_T32,1,0,1,HMAC-STEM-006043,6043,6042,6559,$auto$ff.cc:337:slice$8065,$_DFFE_PN0P_,SEQUENTIAL_STATE_STEM,fifo_rptr[0],259,2,259,0.000000,STATE_CHECKPOINT
EM_STATE_CHECKPOINT_2X64_T32,2,0,2,HMAC-STEM-005230,5230,5229,5746,$auto$ff.cc:337:slice$7083,$_DFFE_PN0P_,SEQUENTIAL_STATE_STEM,u_bridge.u_prim_sha2_32.gen_multimode_logic.u_prim_sha2_multimode.round_q[2],254,2,254,0.000000,STATE_CHECKPOINT
EM_STATE_CHECKPOINT_2X64_T32,3,0,3,HMAC-STEM-005097,5097,5096,5613,$auto$ff.cc:337:slice$7003,$_DFFE_PN0P_,SEQUENTIAL_STATE_STEM,u_bridge.u_hmac_core.txcount[5],196,2,196,0.000000,STATE_CHECKPOINT
EM_STATE_CHECKPOINT_2X64_T32,4,0,4,HMAC-STEM-005234,5234,5233,5750,$auto$ff.cc:337:slice$7085,$_DFFE_PN0P_,SEQUENTIAL_STATE_STEM,u_bridge.u_prim_sha2_32.gen_multimode_logic.u_prim_sha2_multimode.round_q[4],155,2,155,0.000000,STATE_CHECKPOINT
EM_STATE_CHECKPOINT_2X64_T32,5,0,5,HMAC-STEM-006045,6045,6044,6561,$auto$ff.cc:337:slice$8066,$_DFFE_PN0P_,SEQUENTIAL_STATE_STEM,fifo_rptr[1],130,2,130,0.000000,STATE_CHECKPOINT
EM_STATE_CHECKPOINT_2X64_T32,6,0,6,HMAC-STEM-005099,5099,5098,5615,$auto$ff.cc:337:slice$7004,$_DFFE_PN0P_,SEQUENTIAL_STATE_STEM,u_bridge.u_hmac_core.txcount[6],100,2,100,0.000000,STATE_CHECKPOINT
EM_STATE_CHECKPOINT_2X64_T32,7,0,7,HMAC-STEM-005236,5236,5235,5752,$auto$ff.cc:337:slice$7086,$_DFFE_PN0P_,SEQUENTIAL_STATE_STEM,u_bridge.u_prim_sha2_32.gen_multimode_logic.u_prim_sha2_multimode.round_q[5],85,2,85,0.000000,STATE_CHECKPOINT
EM_STATE_CHECKPOINT_2X64_T32,8,0,8,HMAC-STEM-005238,5238,5237,5754,$auto$ff.cc:337:slice$7087,$_DFFE_PN0P_,SEQUENTIAL_STATE_STEM,u_bridge.u_prim_sha2_32.gen_multimode_logic.u_prim_sha2_multimode.round_q[6],68,2,68,0.000000,STATE_CHECKPOINT
EM_STATE_CHECKPOINT_2X64_T32,9,0,9,HMAC-STEM-006047,6047,6046,6563,$auto$ff.cc:337:slice$8067,$_DFFE_PN0P_,SEQUENTIAL_STATE_STEM,fifo_rptr[2],66,2,66,0.000000,STATE_CHECKPOINT
EM_STATE_CHECKPOINT_2X64_T32,10,0,10,HMAC-STEM-005101,5101,5100,5617,$auto$ff.cc:337:slice$7005,$_DFFE_PN0P_,SEQUENTIAL_STATE_STEM,u_bridge.u_hmac_core.txcount[7],53,2,53,0.000000,STATE_CHECKPOINT
EM_STATE_CHECKPOINT_2X64_T32,11,0,11,HMAC-STEM-005103,5103,5102,5619,$auto$ff.cc:337:slice$7006,$_DFFE_PN0P_,SEQUENTIAL_STATE_STEM,u_bridge.u_hmac_core.txcount[8],53,2,53,0.000000,STATE_CHECKPOINT
EM_STATE_CHECKPOINT_2X64_T32,12,0,12,HMAC-STEM-005228,5228,5227,5744,$auto$ff.cc:337:slice$7082,$_DFFE_PN0P_,SEQUENTIAL_STATE_STEM,u_bridge.u_prim_sha2_32.gen_multimode_logic.u_prim_sha2_multimode.round_q[1],47,2,47,0.000000,STATE_CHECKPOINT
EM_STATE_CHECKPOINT_2X64_T32,13,0,13,HMAC-STEM-005226,5226,5225,5742,$auto$ff.cc:337:slice$7081,$_DFFE_PN0P_,SEQUENTIAL_STATE_STEM,u_bridge.u_prim_sha2_32.gen_multimode_logic.u_prim_sha2_multimode.round_q[0],35,2,35,0.000000,STATE_CHECKPOINT
EM_STATE_CHECKPOINT_2X64_T32,14,0,14,HMAC-STEM-006049,6049,6048,6565,$auto$ff.cc:337:slice$8068,$_DFFE_PN0P_,SEQUENTIAL_STATE_STEM,fifo_rptr[3],33,2,33,0.000000,STATE_CHECKPOINT
EM_STATE_CHECKPOINT_2X64_T32,15,0,15,HMAC-STEM-001242,1242,1241,1758,$auto$ff.cc:337:slice$5044,$_DFFE_PN0P_,SEQUENTIAL_STATE_STEM,u_bridge.u_prim_sha2_32.gen_multimode_logic.u_prim_sha2_multimode.gen_multimode.hash_q[256],11,2,11,0.000000,STATE_CHECKPOINT
EM_STATE_CHECKPOINT_2X64_T32,16,0,16,HMAC-STEM-001244,1244,1243,1760,$auto$ff.cc:337:slice$5045,$_DFFE_PN0P_,SEQUENTIAL_STATE_STEM,u_bridge.u_prim_sha2_32.gen_multimode_logic.u_prim_sha2_multimode.gen_multimode.hash_q[257],11,2,11,0.000000,STATE_CHECKPOINT
EM_STATE_CHECKPOINT_2X64_T32,17,0,17,HMAC-STEM-001246,1246,1245,1762,$auto$ff.cc:337:slice$5046,$_DFFE_PN0P_,SEQUENTIAL_STATE_STEM,u_bridge.u_prim_sha2_32.gen_multimode_logic.u_prim_sha2_multimode.gen_multimode.hash_q[258],11,2,11,0.000000,STATE_CHECKPOINT
EM_STATE_CHECKPOINT_2X64_T32,18,0,18,HMAC-STEM-001248,1248,1247,1764,$auto$ff.cc:337:slice$5047,$_DFFE_PN0P_,SEQUENTIAL_STATE_STEM,u_bridge.u_prim_sha2_32.gen_multimode_logic.u_prim_sha2_multimode.gen_multimode.hash_q[259],11,2,11,0.000000,STATE_CHECKPOINT
EM_STATE_CHECKPOINT_2X64_T32,19,0,19,HMAC-STEM-001250,1250,1249,1766,$auto$ff.cc:337:slice$5048,$_DFFE_PN0P_,SEQUENTIAL_STATE_STEM,u_bridge.u_prim_sha2_32.gen_multimode_logic.u_prim_sha2_multimode.gen_multimode.hash_q[260],11,2,11,0.000000,STATE_CHECKPOINT
EM_STATE_CHECKPOINT_2X64_T32,20,0,20,HMAC-STEM-001252,1252,1251,1768,$auto$ff.cc:337:slice$5049,$_DFFE_PN0P_,SEQUENTIAL_STATE_STEM,u_bridge.u_prim_sha2_32.gen_multimode_logic.u_prim_sha2_multimode.gen_multimode.hash_q[261],11,2,11,0.000000,STATE_CHECKPOINT
EM_STATE_CHECKPOINT_2X64_T32,21,0,21,HMAC-STEM-001254,1254,1253,1770,$auto$ff.cc:337:slice$5050,$_DFFE_PN0P_,SEQUENTIAL_STATE_STEM,u_bridge.u_prim_sha2_32.gen_multimode_logic.u_prim_sha2_multimode.gen_multimode.hash_q[262],11,2,11,0.000000,STATE_CHECKPOINT
EM_STATE_CHECKPOINT_2X64_T32,22,0,22,HMAC-STEM-001256,1256,1255,1772,$auto$ff.cc:337:slice$5051,$_DFFE_PN0P_,SEQUENTIAL_STATE_STEM,u_bridge.u_prim_sha2_32.gen_multimode_logic.u_prim_sha2_multimode.gen_multimode.hash_q[263],11,2,11,0.000000,STATE_CHECKPOINT
EM_STATE_CHECKPOINT_2X64_T32,23,0,23,HMAC-STEM-001258,1258,1257,1774,$auto$ff.cc:337:slice$5052,$_DFFE_PN0P_,SEQUENTIAL_STATE_STEM,u_bridge.u_prim_sha2_32.gen_multimode_logic.u_prim_sha2_multimode.gen_multimode.hash_q[264],11,2,11,0.000000,STATE_CHECKPOINT
EM_STATE_CHECKPOINT_2X64_T32,24,0,24,HMAC-STEM-001260,1260,1259,1776,$auto$ff.cc:337:slice$5053,$_DFFE_PN0P_,SEQUENTIAL_STATE_STEM,u_bridge.u_prim_sha2_32.gen_multimode_logic.u_prim_sha2_multimode.gen_multimode.hash_q[265],11,2,11,0.000000,STATE_CHECKPOINT
EM_STATE_CHECKPOINT_2X64_T32,25,0,25,HMAC-STEM-001262,1262,1261,1778,$auto$ff.cc:337:slice$5054,$_DFFE_PN0P_,SEQUENTIAL_STATE_STEM,u_bridge.u_prim_sha2_32.gen_multimode_logic.u_prim_sha2_multimode.gen_multimode.hash_q[266],11,2,11,0.000000,STATE_CHECKPOINT
EM_STATE_CHECKPOINT_2X64_T32,26,0,26,HMAC-STEM-001264,1264,1263,1780,$auto$ff.cc:337:slice$5055,$_DFFE_PN0P_,SEQUENTIAL_STATE_STEM,u_bridge.u_prim_sha2_32.gen_multimode_logic.u_prim_sha2_multimode.gen_multimode.hash_q[267],11,2,11,0.000000,STATE_CHECKPOINT
EM_STATE_CHECKPOINT_2X64_T32,27,0,27,HMAC-STEM-001266,1266,1265,1782,$auto$ff.cc:337:slice$5056,$_DFFE_PN0P_,SEQUENTIAL_STATE_STEM,u_bridge.u_prim_sha2_32.gen_multimode_logic.u_prim_sha2_multimode.gen_multimode.hash_q[268],11,2,11,0.000000,STATE_CHECKPOINT
EM_STATE_CHECKPOINT_2X64_T32,28,0,28,HMAC-STEM-001268,1268,1267,1784,$auto$ff.cc:337:slice$5057,$_DFFE_PN0P_,SEQUENTIAL_STATE_STEM,u_bridge.u_prim_sha2_32.gen_multimode_logic.u_prim_sha2_multimode.gen_multimode.hash_q[269],11,2,11,0.000000,STATE_CHECKPOINT
EM_STATE_CHECKPOINT_2X64_T32,29,0,29,HMAC-STEM-001270,1270,1269,1786,$auto$ff.cc:337:slice$5058,$_DFFE_PN0P_,SEQUENTIAL_STATE_STEM,u_bridge.u_prim_sha2_32.gen_multimode_logic.u_prim_sha2_multimode.gen_multimode.hash_q[270],11,2,11,0.000000,STATE_CHECKPOINT
EM_STATE_CHECKPOINT_2X64_T32,30,0,30,HMAC-STEM-001272,1272,1271,1788,$auto$ff.cc:337:slice$5059,$_DFFE_PN0P_,SEQUENTIAL_STATE_STEM,u_bridge.u_prim_sha2_32.gen_multimode_logic.u_prim_sha2_multimode.gen_multimode.hash_q[271],11,2,11,0.000000,STATE_CHECKPOINT
EM_STATE_CHECKPOINT_2X64_T32,31,0,31,HMAC-STEM-001274,1274,1273,1790,$auto$ff.cc:337:slice$5060,$_DFFE_PN0P_,SEQUENTIAL_STATE_STEM,u_bridge.u_prim_sha2_32.gen_multimode_logic.u_prim_sha2_multimode.gen_multimode.hash_q[272],11,2,11,0.000000,STATE_CHECKPOINT
EM_STATE_CHECKPOINT_2X64_T32,32,0,32,HMAC-STEM-001276,1276,1275,1792,$auto$ff.cc:337:slice$5061,$_DFFE_PN0P_,SEQUENTIAL_STATE_STEM,u_bridge.u_prim_sha2_32.gen_multimode_logic.u_prim_sha2_multimode.gen_multimode.hash_q[273],11,2,11,0.000000,STATE_CHECKPOINT
EM_STATE_CHECKPOINT_2X64_T32,33,0,33,HMAC-STEM-001278,1278,1277,1794,$auto$ff.cc:337:slice$5062,$_DFFE_PN0P_,SEQUENTIAL_STATE_STEM,u_bridge.u_prim_sha2_32.gen_multimode_logic.u_prim_sha2_multimode.gen_multimode.hash_q[274],11,2,11,0.000000,STATE_CHECKPOINT
EM_STATE_CHECKPOINT_2X64_T32,34,0,34,HMAC-STEM-001280,1280,1279,1796,$auto$ff.cc:337:slice$5063,$_DFFE_PN0P_,SEQUENTIAL_STATE_STEM,u_bridge.u_prim_sha2_32.gen_multimode_logic.u_prim_sha2_multimode.gen_multimode.hash_q[275],11,2,11,0.000000,STATE_CHECKPOINT
EM_STATE_CHECKPOINT_2X64_T32,35,0,35,HMAC-STEM-001282,1282,1281,1798,$auto$ff.cc:337:slice$5064,$_DFFE_PN0P_,SEQUENTIAL_STATE_STEM,u_bridge.u_prim_sha2_32.gen_multimode_logic.u_prim_sha2_multimode.gen_multimode.hash_q[276],11,2,11,0.000000,STATE_CHECKPOINT
EM_STATE_CHECKPOINT_2X64_T32,36,0,36,HMAC-STEM-001284,1284,1283,1800,$auto$ff.cc:337:slice$5065,$_DFFE_PN0P_,SEQUENTIAL_STATE_STEM,u_bridge.u_prim_sha2_32.gen_multimode_logic.u_prim_sha2_multimode.gen_multimode.hash_q[277],11,2,11,0.000000,STATE_CHECKPOINT
EM_STATE_CHECKPOINT_2X64_T32,37,0,37,HMAC-STEM-001286,1286,1285,1802,$auto$ff.cc:337:slice$5066,$_DFFE_PN0P_,SEQUENTIAL_STATE_STEM,u_bridge.u_prim_sha2_32.gen_multimode_logic.u_prim_sha2_multimode.gen_multimode.hash_q[278],11,2,11,0.000000,STATE_CHECKPOINT
EM_STATE_CHECKPOINT_2X64_T32,38,0,38,HMAC-STEM-001288,1288,1287,1804,$auto$ff.cc:337:slice$5067,$_DFFE_PN0P_,SEQUENTIAL_STATE_STEM,u_bridge.u_prim_sha2_32.gen_multimode_logic.u_prim_sha2_multimode.gen_multimode.hash_q[279],11,2,11,0.000000,STATE_CHECKPOINT
EM_STATE_CHECKPOINT_2X64_T32,39,0,39,HMAC-STEM-001290,1290,1289,1806,$auto$ff.cc:337:slice$5068,$_DFFE_PN0P_,SEQUENTIAL_STATE_STEM,u_bridge.u_prim_sha2_32.gen_multimode_logic.u_prim_sha2_multimode.gen_multimode.hash_q[280],11,2,11,0.000000,STATE_CHECKPOINT
EM_STATE_CHECKPOINT_2X64_T32,40,0,40,HMAC-STEM-001292,1292,1291,1808,$auto$ff.cc:337:slice$5069,$_DFFE_PN0P_,SEQUENTIAL_STATE_STEM,u_bridge.u_prim_sha2_32.gen_multimode_logic.u_prim_sha2_multimode.gen_multimode.hash_q[281],11,2,11,0.000000,STATE_CHECKPOINT
EM_STATE_CHECKPOINT_2X64_T32,41,0,41,HMAC-STEM-001294,1294,1293,1810,$auto$ff.cc:337:slice$5070,$_DFFE_PN0P_,SEQUENTIAL_STATE_STEM,u_bridge.u_prim_sha2_32.gen_multimode_logic.u_prim_sha2_multimode.gen_multimode.hash_q[282],11,2,11,0.000000,STATE_CHECKPOINT
EM_STATE_CHECKPOINT_2X64_T32,42,0,42,HMAC-STEM-001296,1296,1295,1812,$auto$ff.cc:337:slice$5071,$_DFFE_PN0P_,SEQUENTIAL_STATE_STEM,u_bridge.u_prim_sha2_32.gen_multimode_logic.u_prim_sha2_multimode.gen_multimode.hash_q[283],11,2,11,0.000000,STATE_CHECKPOINT
EM_STATE_CHECKPOINT_2X64_T32,43,0,43,HMAC-STEM-001298,1298,1297,1814,$auto$ff.cc:337:slice$5072,$_DFFE_PN0P_,SEQUENTIAL_STATE_STEM,u_bridge.u_prim_sha2_32.gen_multimode_logic.u_prim_sha2_multimode.gen_multimode.hash_q[284],11,2,11,0.000000,STATE_CHECKPOINT
EM_STATE_CHECKPOINT_2X64_T32,44,0,44,HMAC-STEM-001300,1300,1299,1816,$auto$ff.cc:337:slice$5073,$_DFFE_PN0P_,SEQUENTIAL_STATE_STEM,u_bridge.u_prim_sha2_32.gen_multimode_logic.u_prim_sha2_multimode.gen_multimode.hash_q[285],11,2,11,0.000000,STATE_CHECKPOINT
EM_STATE_CHECKPOINT_2X64_T32,45,0,45,HMAC-STEM-001302,1302,1301,1818,$auto$ff.cc:337:slice$5074,$_DFFE_PN0P_,SEQUENTIAL_STATE_STEM,u_bridge.u_prim_sha2_32.gen_multimode_logic.u_prim_sha2_multimode.gen_multimode.hash_q[286],11,2,11,0.000000,STATE_CHECKPOINT
EM_STATE_CHECKPOINT_2X64_T32,46,0,46,HMAC-STEM-001304,1304,1303,1820,$auto$ff.cc:337:slice$5075,$_DFFE_PN0P_,SEQUENTIAL_STATE_STEM,u_bridge.u_prim_sha2_32.gen_multimode_logic.u_prim_sha2_multimode.gen_multimode.hash_q[287],11,2,11,0.000000,STATE_CHECKPOINT
EM_STATE_CHECKPOINT_2X64_T32,47,0,47,HMAC-STEM-001754,1754,1753,2270,$auto$ff.cc:337:slice$5300,$_DFFE_PN0P_,SEQUENTIAL_STATE_STEM,u_bridge.u_prim_sha2_32.gen_multimode_logic.u_prim_sha2_multimode.gen_multimode.hash_q[0],11,2,11,0.000000,STATE_CHECKPOINT
EM_STATE_CHECKPOINT_2X64_T32,48,0,48,HMAC-STEM-001756,1756,1755,2272,$auto$ff.cc:337:slice$5301,$_DFFE_PN0P_,SEQUENTIAL_STATE_STEM,u_bridge.u_prim_sha2_32.gen_multimode_logic.u_prim_sha2_multimode.gen_multimode.hash_q[1],11,2,11,0.000000,STATE_CHECKPOINT
EM_STATE_CHECKPOINT_2X64_T32,49,0,49,HMAC-STEM-001758,1758,1757,2274,$auto$ff.cc:337:slice$5302,$_DFFE_PN0P_,SEQUENTIAL_STATE_STEM,u_bridge.u_prim_sha2_32.gen_multimode_logic.u_prim_sha2_multimode.gen_multimode.hash_q[2],11,2,11,0.000000,STATE_CHECKPOINT
EM_STATE_CHECKPOINT_2X64_T32,50,0,50,HMAC-STEM-001760,1760,1759,2276,$auto$ff.cc:337:slice$5303,$_DFFE_PN0P_,SEQUENTIAL_STATE_STEM,u_bridge.u_prim_sha2_32.gen_multimode_logic.u_prim_sha2_multimode.gen_multimode.hash_q[3],11,2,11,0.000000,STATE_CHECKPOINT
EM_STATE_CHECKPOINT_2X64_T32,51,0,51,HMAC-STEM-001762,1762,1761,2278,$auto$ff.cc:337:slice$5304,$_DFFE_PN0P_,SEQUENTIAL_STATE_STEM,u_bridge.u_prim_sha2_32.gen_multimode_logic.u_prim_sha2_multimode.gen_multimode.hash_q[4],11,2,11,0.000000,STATE_CHECKPOINT
EM_STATE_CHECKPOINT_2X64_T32,52,0,52,HMAC-STEM-001764,1764,1763,2280,$auto$ff.cc:337:slice$5305,$_DFFE_PN0P_,SEQUENTIAL_STATE_STEM,u_bridge.u_prim_sha2_32.gen_multimode_logic.u_prim_sha2_multimode.gen_multimode.hash_q[5],11,2,11,0.000000,STATE_CHECKPOINT
EM_STATE_CHECKPOINT_2X64_T32,53,0,53,HMAC-STEM-001766,1766,1765,2282,$auto$ff.cc:337:slice$5306,$_DFFE_PN0P_,SEQUENTIAL_STATE_STEM,u_bridge.u_prim_sha2_32.gen_multimode_logic.u_prim_sha2_multimode.gen_multimode.hash_q[6],11,2,11,0.000000,STATE_CHECKPOINT
EM_STATE_CHECKPOINT_2X64_T32,54,0,54,HMAC-STEM-001768,1768,1767,2284,$auto$ff.cc:337:slice$5307,$_DFFE_PN0P_,SEQUENTIAL_STATE_STEM,u_bridge.u_prim_sha2_32.gen_multimode_logic.u_prim_sha2_multimode.gen_multimode.hash_q[7],11,2,11,0.000000,STATE_CHECKPOINT
EM_STATE_CHECKPOINT_2X64_T32,55,0,55,HMAC-STEM-001770,1770,1769,2286,$auto$ff.cc:337:slice$5308,$_DFFE_PN0P_,SEQUENTIAL_STATE_STEM,u_bridge.u_prim_sha2_32.gen_multimode_logic.u_prim_sha2_multimode.gen_multimode.hash_q[8],11,2,11,0.000000,STATE_CHECKPOINT
EM_STATE_CHECKPOINT_2X64_T32,56,0,56,HMAC-STEM-001772,1772,1771,2288,$auto$ff.cc:337:slice$5309,$_DFFE_PN0P_,SEQUENTIAL_STATE_STEM,u_bridge.u_prim_sha2_32.gen_multimode_logic.u_prim_sha2_multimode.gen_multimode.hash_q[9],11,2,11,0.000000,STATE_CHECKPOINT
EM_STATE_CHECKPOINT_2X64_T32,57,0,57,HMAC-STEM-001774,1774,1773,2290,$auto$ff.cc:337:slice$5310,$_DFFE_PN0P_,SEQUENTIAL_STATE_STEM,u_bridge.u_prim_sha2_32.gen_multimode_logic.u_prim_sha2_multimode.gen_multimode.hash_q[10],11,2,11,0.000000,STATE_CHECKPOINT
EM_STATE_CHECKPOINT_2X64_T32,58,0,58,HMAC-STEM-001776,1776,1775,2292,$auto$ff.cc:337:slice$5311,$_DFFE_PN0P_,SEQUENTIAL_STATE_STEM,u_bridge.u_prim_sha2_32.gen_multimode_logic.u_prim_sha2_multimode.gen_multimode.hash_q[11],11,2,11,0.000000,STATE_CHECKPOINT
EM_STATE_CHECKPOINT_2X64_T32,59,0,59,HMAC-STEM-001778,1778,1777,2294,$auto$ff.cc:337:slice$5312,$_DFFE_PN0P_,SEQUENTIAL_STATE_STEM,u_bridge.u_prim_sha2_32.gen_multimode_logic.u_prim_sha2_multimode.gen_multimode.hash_q[12],11,2,11,0.000000,STATE_CHECKPOINT
EM_STATE_CHECKPOINT_2X64_T32,60,0,60,HMAC-STEM-001780,1780,1779,2296,$auto$ff.cc:337:slice$5313,$_DFFE_PN0P_,SEQUENTIAL_STATE_STEM,u_bridge.u_prim_sha2_32.gen_multimode_logic.u_prim_sha2_multimode.gen_multimode.hash_q[13],11,2,11,0.000000,STATE_CHECKPOINT
EM_STATE_CHECKPOINT_2X64_T32,61,0,61,HMAC-STEM-001782,1782,1781,2298,$auto$ff.cc:337:slice$5314,$_DFFE_PN0P_,SEQUENTIAL_STATE_STEM,u_bridge.u_prim_sha2_32.gen_multimode_logic.u_prim_sha2_multimode.gen_multimode.hash_q[14],11,2,11,0.000000,STATE_CHECKPOINT
EM_STATE_CHECKPOINT_2X64_T32,62,0,62,HMAC-STEM-001784,1784,1783,2300,$auto$ff.cc:337:slice$5315,$_DFFE_PN0P_,SEQUENTIAL_STATE_STEM,u_bridge.u_prim_sha2_32.gen_multimode_logic.u_prim_sha2_multimode.gen_multimode.hash_q[15],11,2,11,0.000000,STATE_CHECKPOINT
EM_STATE_CHECKPOINT_2X64_T32,63,0,63,HMAC-STEM-001786,1786,1785,2302,$auto$ff.cc:337:slice$5316,$_DFFE_PN0P_,SEQUENTIAL_STATE_STEM,u_bridge.u_prim_sha2_32.gen_multimode_logic.u_prim_sha2_multimode.gen_multimode.hash_q[16],11,2,11,0.000000,STATE_CHECKPOINT
EM_STATE_CHECKPOINT_2X64_T32,64,1,0,HMAC-STEM-001788,1788,1787,2304,$auto$ff.cc:337:slice$5317,$_DFFE_PN0P_,SEQUENTIAL_STATE_STEM,u_bridge.u_prim_sha2_32.gen_multimode_logic.u_prim_sha2_multimode.gen_multimode.hash_q[17],11,2,11,0.000000,STATE_CHECKPOINT
EM_STATE_CHECKPOINT_2X64_T32,65,1,1,HMAC-STEM-001790,1790,1789,2306,$auto$ff.cc:337:slice$5318,$_DFFE_PN0P_,SEQUENTIAL_STATE_STEM,u_bridge.u_prim_sha2_32.gen_multimode_logic.u_prim_sha2_multimode.gen_multimode.hash_q[18],11,2,11,0.000000,STATE_CHECKPOINT
EM_STATE_CHECKPOINT_2X64_T32,66,1,2,HMAC-STEM-001792,1792,1791,2308,$auto$ff.cc:337:slice$5319,$_DFFE_PN0P_,SEQUENTIAL_STATE_STEM,u_bridge.u_prim_sha2_32.gen_multimode_logic.u_prim_sha2_multimode.gen_multimode.hash_q[19],11,2,11,0.000000,STATE_CHECKPOINT
EM_STATE_CHECKPOINT_2X64_T32,67,1,3,HMAC-STEM-001794,1794,1793,2310,$auto$ff.cc:337:slice$5320,$_DFFE_PN0P_,SEQUENTIAL_STATE_STEM,u_bridge.u_prim_sha2_32.gen_multimode_logic.u_prim_sha2_multimode.gen_multimode.hash_q[20],11,2,11,0.000000,STATE_CHECKPOINT
EM_STATE_CHECKPOINT_2X64_T32,68,1,4,HMAC-STEM-001796,1796,1795,2312,$auto$ff.cc:337:slice$5321,$_DFFE_PN0P_,SEQUENTIAL_STATE_STEM,u_bridge.u_prim_sha2_32.gen_multimode_logic.u_prim_sha2_multimode.gen_multimode.hash_q[21],11,2,11,0.000000,STATE_CHECKPOINT
EM_STATE_CHECKPOINT_2X64_T32,69,1,5,HMAC-STEM-001798,1798,1797,2314,$auto$ff.cc:337:slice$5322,$_DFFE_PN0P_,SEQUENTIAL_STATE_STEM,u_bridge.u_prim_sha2_32.gen_multimode_logic.u_prim_sha2_multimode.gen_multimode.hash_q[22],11,2,11,0.000000,STATE_CHECKPOINT
EM_STATE_CHECKPOINT_2X64_T32,70,1,6,HMAC-STEM-001800,1800,1799,2316,$auto$ff.cc:337:slice$5323,$_DFFE_PN0P_,SEQUENTIAL_STATE_STEM,u_bridge.u_prim_sha2_32.gen_multimode_logic.u_prim_sha2_multimode.gen_multimode.hash_q[23],11,2,11,0.000000,STATE_CHECKPOINT
EM_STATE_CHECKPOINT_2X64_T32,71,1,7,HMAC-STEM-001802,1802,1801,2318,$auto$ff.cc:337:slice$5324,$_DFFE_PN0P_,SEQUENTIAL_STATE_STEM,u_bridge.u_prim_sha2_32.gen_multimode_logic.u_prim_sha2_multimode.gen_multimode.hash_q[24],11,2,11,0.000000,STATE_CHECKPOINT
EM_STATE_CHECKPOINT_2X64_T32,72,1,8,HMAC-STEM-001804,1804,1803,2320,$auto$ff.cc:337:slice$5325,$_DFFE_PN0P_,SEQUENTIAL_STATE_STEM,u_bridge.u_prim_sha2_32.gen_multimode_logic.u_prim_sha2_multimode.gen_multimode.hash_q[25],11,2,11,0.000000,STATE_CHECKPOINT
EM_STATE_CHECKPOINT_2X64_T32,73,1,9,HMAC-STEM-001806,1806,1805,2322,$auto$ff.cc:337:slice$5326,$_DFFE_PN0P_,SEQUENTIAL_STATE_STEM,u_bridge.u_prim_sha2_32.gen_multimode_logic.u_prim_sha2_multimode.gen_multimode.hash_q[26],11,2,11,0.000000,STATE_CHECKPOINT
EM_STATE_CHECKPOINT_2X64_T32,74,1,10,HMAC-STEM-001808,1808,1807,2324,$auto$ff.cc:337:slice$5327,$_DFFE_PN0P_,SEQUENTIAL_STATE_STEM,u_bridge.u_prim_sha2_32.gen_multimode_logic.u_prim_sha2_multimode.gen_multimode.hash_q[27],11,2,11,0.000000,STATE_CHECKPOINT
EM_STATE_CHECKPOINT_2X64_T32,75,1,11,HMAC-STEM-001810,1810,1809,2326,$auto$ff.cc:337:slice$5328,$_DFFE_PN0P_,SEQUENTIAL_STATE_STEM,u_bridge.u_prim_sha2_32.gen_multimode_logic.u_prim_sha2_multimode.gen_multimode.hash_q[28],11,2,11,0.000000,STATE_CHECKPOINT
EM_STATE_CHECKPOINT_2X64_T32,76,1,12,HMAC-STEM-001812,1812,1811,2328,$auto$ff.cc:337:slice$5329,$_DFFE_PN0P_,SEQUENTIAL_STATE_STEM,u_bridge.u_prim_sha2_32.gen_multimode_logic.u_prim_sha2_multimode.gen_multimode.hash_q[29],11,2,11,0.000000,STATE_CHECKPOINT
EM_STATE_CHECKPOINT_2X64_T32,77,1,13,HMAC-STEM-001814,1814,1813,2330,$auto$ff.cc:337:slice$5330,$_DFFE_PN0P_,SEQUENTIAL_STATE_STEM,u_bridge.u_prim_sha2_32.gen_multimode_logic.u_prim_sha2_multimode.gen_multimode.hash_q[30],11,2,11,0.000000,STATE_CHECKPOINT
EM_STATE_CHECKPOINT_2X64_T32,78,1,14,HMAC-STEM-001816,1816,1815,2332,$auto$ff.cc:337:slice$5331,$_DFFE_PN0P_,SEQUENTIAL_STATE_STEM,u_bridge.u_prim_sha2_32.gen_multimode_logic.u_prim_sha2_multimode.gen_multimode.hash_q[31],11,2,11,0.000000,STATE_CHECKPOINT
EM_STATE_CHECKPOINT_2X64_T32,79,1,15,HMAC-STEM-001306,1306,1305,1822,$auto$ff.cc:337:slice$5076,$_DFFE_PN0P_,SEQUENTIAL_STATE_STEM,u_bridge.u_prim_sha2_32.gen_multimode_logic.u_prim_sha2_multimode.gen_multimode.hash_q[288],8,2,8,0.000000,STATE_CHECKPOINT
EM_STATE_CHECKPOINT_2X64_T32,80,1,16,HMAC-STEM-001308,1308,1307,1824,$auto$ff.cc:337:slice$5077,$_DFFE_PN0P_,SEQUENTIAL_STATE_STEM,u_bridge.u_prim_sha2_32.gen_multimode_logic.u_prim_sha2_multimode.gen_multimode.hash_q[289],8,2,8,0.000000,STATE_CHECKPOINT
EM_STATE_CHECKPOINT_2X64_T32,81,1,17,HMAC-STEM-001310,1310,1309,1826,$auto$ff.cc:337:slice$5078,$_DFFE_PN0P_,SEQUENTIAL_STATE_STEM,u_bridge.u_prim_sha2_32.gen_multimode_logic.u_prim_sha2_multimode.gen_multimode.hash_q[290],8,2,8,0.000000,STATE_CHECKPOINT
EM_STATE_CHECKPOINT_2X64_T32,82,1,18,HMAC-STEM-001312,1312,1311,1828,$auto$ff.cc:337:slice$5079,$_DFFE_PN0P_,SEQUENTIAL_STATE_STEM,u_bridge.u_prim_sha2_32.gen_multimode_logic.u_prim_sha2_multimode.gen_multimode.hash_q[291],8,2,8,0.000000,STATE_CHECKPOINT
EM_STATE_CHECKPOINT_2X64_T32,83,1,19,HMAC-STEM-001314,1314,1313,1830,$auto$ff.cc:337:slice$5080,$_DFFE_PN0P_,SEQUENTIAL_STATE_STEM,u_bridge.u_prim_sha2_32.gen_multimode_logic.u_prim_sha2_multimode.gen_multimode.hash_q[292],8,2,8,0.000000,STATE_CHECKPOINT
EM_STATE_CHECKPOINT_2X64_T32,84,1,20,HMAC-STEM-001316,1316,1315,1832,$auto$ff.cc:337:slice$5081,$_DFFE_PN0P_,SEQUENTIAL_STATE_STEM,u_bridge.u_prim_sha2_32.gen_multimode_logic.u_prim_sha2_multimode.gen_multimode.hash_q[293],8,2,8,0.000000,STATE_CHECKPOINT
EM_STATE_CHECKPOINT_2X64_T32,85,1,21,HMAC-STEM-001318,1318,1317,1834,$auto$ff.cc:337:slice$5082,$_DFFE_PN0P_,SEQUENTIAL_STATE_STEM,u_bridge.u_prim_sha2_32.gen_multimode_logic.u_prim_sha2_multimode.gen_multimode.hash_q[294],8,2,8,0.000000,STATE_CHECKPOINT
EM_STATE_CHECKPOINT_2X64_T32,86,1,22,HMAC-STEM-001320,1320,1319,1836,$auto$ff.cc:337:slice$5083,$_DFFE_PN0P_,SEQUENTIAL_STATE_STEM,u_bridge.u_prim_sha2_32.gen_multimode_logic.u_prim_sha2_multimode.gen_multimode.hash_q[295],8,2,8,0.000000,STATE_CHECKPOINT
EM_STATE_CHECKPOINT_2X64_T32,87,1,23,HMAC-STEM-001322,1322,1321,1838,$auto$ff.cc:337:slice$5084,$_DFFE_PN0P_,SEQUENTIAL_STATE_STEM,u_bridge.u_prim_sha2_32.gen_multimode_logic.u_prim_sha2_multimode.gen_multimode.hash_q[296],8,2,8,0.000000,STATE_CHECKPOINT
EM_STATE_CHECKPOINT_2X64_T32,88,1,24,HMAC-STEM-001324,1324,1323,1840,$auto$ff.cc:337:slice$5085,$_DFFE_PN0P_,SEQUENTIAL_STATE_STEM,u_bridge.u_prim_sha2_32.gen_multimode_logic.u_prim_sha2_multimode.gen_multimode.hash_q[297],8,2,8,0.000000,STATE_CHECKPOINT
EM_STATE_CHECKPOINT_2X64_T32,89,1,25,HMAC-STEM-001326,1326,1325,1842,$auto$ff.cc:337:slice$5086,$_DFFE_PN0P_,SEQUENTIAL_STATE_STEM,u_bridge.u_prim_sha2_32.gen_multimode_logic.u_prim_sha2_multimode.gen_multimode.hash_q[298],8,2,8,0.000000,STATE_CHECKPOINT
EM_STATE_CHECKPOINT_2X64_T32,90,1,26,HMAC-STEM-001328,1328,1327,1844,$auto$ff.cc:337:slice$5087,$_DFFE_PN0P_,SEQUENTIAL_STATE_STEM,u_bridge.u_prim_sha2_32.gen_multimode_logic.u_prim_sha2_multimode.gen_multimode.hash_q[299],8,2,8,0.000000,STATE_CHECKPOINT
EM_STATE_CHECKPOINT_2X64_T32,91,1,27,HMAC-STEM-001330,1330,1329,1846,$auto$ff.cc:337:slice$5088,$_DFFE_PN0P_,SEQUENTIAL_STATE_STEM,u_bridge.u_prim_sha2_32.gen_multimode_logic.u_prim_sha2_multimode.gen_multimode.hash_q[300],8,2,8,0.000000,STATE_CHECKPOINT
EM_STATE_CHECKPOINT_2X64_T32,92,1,28,HMAC-STEM-001332,1332,1331,1848,$auto$ff.cc:337:slice$5089,$_DFFE_PN0P_,SEQUENTIAL_STATE_STEM,u_bridge.u_prim_sha2_32.gen_multimode_logic.u_prim_sha2_multimode.gen_multimode.hash_q[301],8,2,8,0.000000,STATE_CHECKPOINT
EM_STATE_CHECKPOINT_2X64_T32,93,1,29,HMAC-STEM-001334,1334,1333,1850,$auto$ff.cc:337:slice$5090,$_DFFE_PN0P_,SEQUENTIAL_STATE_STEM,u_bridge.u_prim_sha2_32.gen_multimode_logic.u_prim_sha2_multimode.gen_multimode.hash_q[302],8,2,8,0.000000,STATE_CHECKPOINT
EM_STATE_CHECKPOINT_2X64_T32,94,1,30,HMAC-STEM-001336,1336,1335,1852,$auto$ff.cc:337:slice$5091,$_DFFE_PN0P_,SEQUENTIAL_STATE_STEM,u_bridge.u_prim_sha2_32.gen_multimode_logic.u_prim_sha2_multimode.gen_multimode.hash_q[303],8,2,8,0.000000,STATE_CHECKPOINT
EM_STATE_CHECKPOINT_2X64_T32,95,1,31,HMAC-STEM-001338,1338,1337,1854,$auto$ff.cc:337:slice$5092,$_DFFE_PN0P_,SEQUENTIAL_STATE_STEM,u_bridge.u_prim_sha2_32.gen_multimode_logic.u_prim_sha2_multimode.gen_multimode.hash_q[304],8,2,8,0.000000,STATE_CHECKPOINT
EM_STATE_CHECKPOINT_2X64_T32,96,1,32,HMAC-STEM-000979,979,978,1495,$auto$simplemap.cc:474:simplemap_pmux$17691,$_MUX_,COMBINATIONAL_LOGIC_STEM,u_bridge.sha_hash_start,1823,2,1823,0.000000,CONTROL_CHECKPOINT
EM_STATE_CHECKPOINT_2X64_T32,97,1,33,HMAC-STEM-018193,18193,18192,18709,$auto$simplemap.cc:460:simplemap_pmux$12879,$_AND_,COMBINATIONAL_LOGIC_STEM,u_bridge.u_prim_sha2_32.gen_multimode_logic.u_prim_sha2_multimode.init_hash,514,2,514,0.000000,CONTROL_CHECKPOINT
EM_STATE_CHECKPOINT_2X64_T32,98,1,34,HMAC-STEM-007090,7090,7089,7606,$auto$simplemap.cc:474:simplemap_pmux$17637,$_MUX_,COMBINATIONAL_LOGIC_STEM,u_bridge.shaf_rvalid,150,2,150,0.000000,CONTROL_CHECKPOINT
EM_STATE_CHECKPOINT_2X64_T32,99,1,35,HMAC-STEM-006168,6168,6167,6684,$auto$simplemap.cc:106:simplemap_bitop$12915,$_AND_,COMBINATIONAL_LOGIC_STEM,u_bridge.u_prim_sha2_32.gen_multimode_logic.u_prim_sha2_multimode.calculate_next_w,66,2,66,0.000000,CONTROL_CHECKPOINT
EM_STATE_CHECKPOINT_2X64_T32,100,1,36,HMAC-STEM-007120,7120,7119,7636,$auto$simplemap.cc:106:simplemap_bitop$17993,$_AND_,COMBINATIONAL_LOGIC_STEM,u_bridge.u_prim_sha2_32.gen_multimode_logic.u_prim_sha2_multimode.shaf_rready,11,2,11,0.000000,CONTROL_CHECKPOINT
EM_STATE_CHECKPOINT_2X64_T32,101,1,37,HMAC-STEM-001340,1340,1339,1856,$auto$ff.cc:337:slice$5093,$_DFFE_PN0P_,SEQUENTIAL_STATE_STEM,u_bridge.u_prim_sha2_32.gen_multimode_logic.u_prim_sha2_multimode.gen_multimode.hash_q[305],8,2,8,0.000000,CONTROL_CHECKPOINT
EM_STATE_CHECKPOINT_2X64_T32,102,1,38,HMAC-STEM-001342,1342,1341,1858,$auto$ff.cc:337:slice$5094,$_DFFE_PN0P_,SEQUENTIAL_STATE_STEM,u_bridge.u_prim_sha2_32.gen_multimode_logic.u_prim_sha2_multimode.gen_multimode.hash_q[306],8,2,8,0.000000,CONTROL_CHECKPOINT
EM_STATE_CHECKPOINT_2X64_T32,103,1,39,HMAC-STEM-001344,1344,1343,1860,$auto$ff.cc:337:slice$5095,$_DFFE_PN0P_,SEQUENTIAL_STATE_STEM,u_bridge.u_prim_sha2_32.gen_multimode_logic.u_prim_sha2_multimode.gen_multimode.hash_q[307],8,2,8,0.000000,CONTROL_CHECKPOINT
EM_STATE_CHECKPOINT_2X64_T32,104,1,40,HMAC-STEM-001346,1346,1345,1862,$auto$ff.cc:337:slice$5096,$_DFFE_PN0P_,SEQUENTIAL_STATE_STEM,u_bridge.u_prim_sha2_32.gen_multimode_logic.u_prim_sha2_multimode.gen_multimode.hash_q[308],8,2,8,0.000000,CONTROL_CHECKPOINT
EM_STATE_CHECKPOINT_2X64_T32,105,1,41,HMAC-STEM-001348,1348,1347,1864,$auto$ff.cc:337:slice$5097,$_DFFE_PN0P_,SEQUENTIAL_STATE_STEM,u_bridge.u_prim_sha2_32.gen_multimode_logic.u_prim_sha2_multimode.gen_multimode.hash_q[309],8,2,8,0.000000,CONTROL_CHECKPOINT
EM_STATE_CHECKPOINT_2X64_T32,106,1,42,HMAC-STEM-001350,1350,1349,1866,$auto$ff.cc:337:slice$5098,$_DFFE_PN0P_,SEQUENTIAL_STATE_STEM,u_bridge.u_prim_sha2_32.gen_multimode_logic.u_prim_sha2_multimode.gen_multimode.hash_q[310],8,2,8,0.000000,CONTROL_CHECKPOINT
EM_STATE_CHECKPOINT_2X64_T32,107,1,43,HMAC-STEM-001352,1352,1351,1868,$auto$ff.cc:337:slice$5099,$_DFFE_PN0P_,SEQUENTIAL_STATE_STEM,u_bridge.u_prim_sha2_32.gen_multimode_logic.u_prim_sha2_multimode.gen_multimode.hash_q[311],8,2,8,0.000000,CONTROL_CHECKPOINT
EM_STATE_CHECKPOINT_2X64_T32,108,1,44,HMAC-STEM-001354,1354,1353,1870,$auto$ff.cc:337:slice$5100,$_DFFE_PN0P_,SEQUENTIAL_STATE_STEM,u_bridge.u_prim_sha2_32.gen_multimode_logic.u_prim_sha2_multimode.gen_multimode.hash_q[312],8,2,8,0.000000,CONTROL_CHECKPOINT
EM_STATE_CHECKPOINT_2X64_T32,109,1,45,HMAC-STEM-001356,1356,1355,1872,$auto$ff.cc:337:slice$5101,$_DFFE_PN0P_,SEQUENTIAL_STATE_STEM,u_bridge.u_prim_sha2_32.gen_multimode_logic.u_prim_sha2_multimode.gen_multimode.hash_q[313],8,2,8,0.000000,CONTROL_CHECKPOINT
EM_STATE_CHECKPOINT_2X64_T32,110,1,46,HMAC-STEM-001358,1358,1357,1874,$auto$ff.cc:337:slice$5102,$_DFFE_PN0P_,SEQUENTIAL_STATE_STEM,u_bridge.u_prim_sha2_32.gen_multimode_logic.u_prim_sha2_multimode.gen_multimode.hash_q[314],8,2,8,0.000000,CONTROL_CHECKPOINT
EM_STATE_CHECKPOINT_2X64_T32,111,1,47,HMAC-STEM-001360,1360,1359,1876,$auto$ff.cc:337:slice$5103,$_DFFE_PN0P_,SEQUENTIAL_STATE_STEM,u_bridge.u_prim_sha2_32.gen_multimode_logic.u_prim_sha2_multimode.gen_multimode.hash_q[315],8,2,8,0.000000,CONTROL_CHECKPOINT
EM_STATE_CHECKPOINT_2X64_T32,112,1,48,HMAC-STEM-001362,1362,1361,1878,$auto$ff.cc:337:slice$5104,$_DFFE_PN0P_,SEQUENTIAL_STATE_STEM,u_bridge.u_prim_sha2_32.gen_multimode_logic.u_prim_sha2_multimode.gen_multimode.hash_q[316],8,2,8,0.000000,CONTROL_CHECKPOINT
EM_STATE_CHECKPOINT_2X64_T32,113,1,49,HMAC-STEM-001364,1364,1363,1880,$auto$ff.cc:337:slice$5105,$_DFFE_PN0P_,SEQUENTIAL_STATE_STEM,u_bridge.u_prim_sha2_32.gen_multimode_logic.u_prim_sha2_multimode.gen_multimode.hash_q[317],8,2,8,0.000000,CONTROL_CHECKPOINT
EM_STATE_CHECKPOINT_2X64_T32,114,1,50,HMAC-STEM-001366,1366,1365,1882,$auto$ff.cc:337:slice$5106,$_DFFE_PN0P_,SEQUENTIAL_STATE_STEM,u_bridge.u_prim_sha2_32.gen_multimode_logic.u_prim_sha2_multimode.gen_multimode.hash_q[318],8,2,8,0.000000,CONTROL_CHECKPOINT
EM_STATE_CHECKPOINT_2X64_T32,115,1,51,HMAC-STEM-001818,1818,1817,2334,$auto$ff.cc:337:slice$5332,$_DFFE_PN0P_,SEQUENTIAL_STATE_STEM,u_bridge.u_prim_sha2_32.gen_multimode_logic.u_prim_sha2_multimode.gen_multimode.hash_q[32],8,2,8,0.000000,CONTROL_CHECKPOINT
EM_STATE_CHECKPOINT_2X64_T32,116,1,52,HMAC-STEM-001820,1820,1819,2336,$auto$ff.cc:337:slice$5333,$_DFFE_PN0P_,SEQUENTIAL_STATE_STEM,u_bridge.u_prim_sha2_32.gen_multimode_logic.u_prim_sha2_multimode.gen_multimode.hash_q[33],8,2,8,0.000000,CONTROL_CHECKPOINT
EM_STATE_CHECKPOINT_2X64_T32,117,1,53,HMAC-STEM-001822,1822,1821,2338,$auto$ff.cc:337:slice$5334,$_DFFE_PN0P_,SEQUENTIAL_STATE_STEM,u_bridge.u_prim_sha2_32.gen_multimode_logic.u_prim_sha2_multimode.gen_multimode.hash_q[34],8,2,8,0.000000,CONTROL_CHECKPOINT
EM_STATE_CHECKPOINT_2X64_T32,118,1,54,HMAC-STEM-001824,1824,1823,2340,$auto$ff.cc:337:slice$5335,$_DFFE_PN0P_,SEQUENTIAL_STATE_STEM,u_bridge.u_prim_sha2_32.gen_multimode_logic.u_prim_sha2_multimode.gen_multimode.hash_q[35],8,2,8,0.000000,CONTROL_CHECKPOINT
EM_STATE_CHECKPOINT_2X64_T32,119,1,55,HMAC-STEM-001826,1826,1825,2342,$auto$ff.cc:337:slice$5336,$_DFFE_PN0P_,SEQUENTIAL_STATE_STEM,u_bridge.u_prim_sha2_32.gen_multimode_logic.u_prim_sha2_multimode.gen_multimode.hash_q[36],8,2,8,0.000000,CONTROL_CHECKPOINT
EM_STATE_CHECKPOINT_2X64_T32,120,1,56,HMAC-STEM-001828,1828,1827,2344,$auto$ff.cc:337:slice$5337,$_DFFE_PN0P_,SEQUENTIAL_STATE_STEM,u_bridge.u_prim_sha2_32.gen_multimode_logic.u_prim_sha2_multimode.gen_multimode.hash_q[37],8,2,8,0.000000,CONTROL_CHECKPOINT
EM_STATE_CHECKPOINT_2X64_T32,121,1,57,HMAC-STEM-001830,1830,1829,2346,$auto$ff.cc:337:slice$5338,$_DFFE_PN0P_,SEQUENTIAL_STATE_STEM,u_bridge.u_prim_sha2_32.gen_multimode_logic.u_prim_sha2_multimode.gen_multimode.hash_q[38],8,2,8,0.000000,CONTROL_CHECKPOINT
EM_STATE_CHECKPOINT_2X64_T32,122,1,58,HMAC-STEM-001832,1832,1831,2348,$auto$ff.cc:337:slice$5339,$_DFFE_PN0P_,SEQUENTIAL_STATE_STEM,u_bridge.u_prim_sha2_32.gen_multimode_logic.u_prim_sha2_multimode.gen_multimode.hash_q[39],8,2,8,0.000000,CONTROL_CHECKPOINT
EM_STATE_CHECKPOINT_2X64_T32,123,1,59,HMAC-STEM-001834,1834,1833,2350,$auto$ff.cc:337:slice$5340,$_DFFE_PN0P_,SEQUENTIAL_STATE_STEM,u_bridge.u_prim_sha2_32.gen_multimode_logic.u_prim_sha2_multimode.gen_multimode.hash_q[40],8,2,8,0.000000,CONTROL_CHECKPOINT
EM_STATE_CHECKPOINT_2X64_T32,124,1,60,HMAC-STEM-001836,1836,1835,2352,$auto$ff.cc:337:slice$5341,$_DFFE_PN0P_,SEQUENTIAL_STATE_STEM,u_bridge.u_prim_sha2_32.gen_multimode_logic.u_prim_sha2_multimode.gen_multimode.hash_q[41],8,2,8,0.000000,CONTROL_CHECKPOINT
EM_STATE_CHECKPOINT_2X64_T32,125,1,61,HMAC-STEM-001838,1838,1837,2354,$auto$ff.cc:337:slice$5342,$_DFFE_PN0P_,SEQUENTIAL_STATE_STEM,u_bridge.u_prim_sha2_32.gen_multimode_logic.u_prim_sha2_multimode.gen_multimode.hash_q[42],8,2,8,0.000000,CONTROL_CHECKPOINT
EM_STATE_CHECKPOINT_2X64_T32,126,1,62,HMAC-STEM-001840,1840,1839,2356,$auto$ff.cc:337:slice$5343,$_DFFE_PN0P_,SEQUENTIAL_STATE_STEM,u_bridge.u_prim_sha2_32.gen_multimode_logic.u_prim_sha2_multimode.gen_multimode.hash_q[43],8,2,8,0.000000,CONTROL_CHECKPOINT
EM_STATE_CHECKPOINT_2X64_T32,127,1,63,HMAC-STEM-001842,1842,1841,2358,$auto$ff.cc:337:slice$5344,$_DFFE_PN0P_,SEQUENTIAL_STATE_STEM,u_bridge.u_prim_sha2_32.gen_multimode_logic.u_prim_sha2_multimode.gen_multimode.hash_q[44],8,2,8,0.000000,CONTROL_CHECKPOINT
EM_TESTPOINT_4X64_T16,0,0,0,HMAC-STEM-015966,15966,15965,16482,$auto$simplemap.cc:106:simplemap_bitop$47277,$_AND_,COMBINATIONAL_LOGIC_STEM,$auto$alumacc.cc:548:replace_alu$3296.fa.X[56],2,2,2,8.000000,AGGREGATED_REPAIR_TRAIN_COVERAGE
EM_TESTPOINT_4X64_T16,1,0,1,HMAC-STEM-016946,16946,16945,17462,$auto$simplemap.cc:106:simplemap_bitop$49966,$_OR_,COMBINATIONAL_LOGIC_STEM,$techmap$auto$maccmap.cc:240:synth$4870.lcu.$or$/home/pavan/tools/oss-cad-suite/lib/../share/yosys/techmap.v:240$21517_Y,2,2,2,8.000000,AGGREGATED_REPAIR_TRAIN_COVERAGE
EM_TESTPOINT_4X64_T16,2,0,2,HMAC-STEM-014218,14218,14217,14734,$auto$simplemap.cc:106:simplemap_bitop$41345,$_AND_,COMBINATIONAL_LOGIC_STEM,$techmap$auto$alumacc.cc:548:replace_alu$3242.lcu.$and$/home/pavan/tools/oss-cad-suite/lib/../share/yosys/techmap.v:248$21738_Y,1,2,1,8.000000,AGGREGATED_REPAIR_TRAIN_COVERAGE
EM_TESTPOINT_4X64_T16,3,0,3,HMAC-STEM-017286,17286,17285,17802,$auto$simplemap.cc:106:simplemap_bitop$50565,$_AND_,COMBINATIONAL_LOGIC_STEM,$techmap$auto$maccmap.cc:240:synth$4880.lcu.$and$/home/pavan/tools/oss-cad-suite/lib/../share/yosys/techmap.v:240$21537_Y,1,2,1,8.000000,AGGREGATED_REPAIR_TRAIN_COVERAGE
EM_TESTPOINT_4X64_T16,4,0,4,HMAC-STEM-006699,6699,6698,7215,$auto$simplemap.cc:106:simplemap_bitop$11344,$_XOR_,COMBINATIONAL_LOGIC_STEM,$auto$maccmap.cc:114:fulladd$4856.B[17],2,2,2,7.000000,AGGREGATED_REPAIR_TRAIN_COVERAGE
EM_TESTPOINT_4X64_T16,5,0,5,HMAC-STEM-012146,12146,12145,12662,$auto$simplemap.cc:106:simplemap_bitop$39460,$_OR_,COMBINATIONAL_LOGIC_STEM,$auto$maccmap.cc:114:fulladd$4876.X[42],2,2,2,7.000000,AGGREGATED_REPAIR_TRAIN_COVERAGE
EM_TESTPOINT_4X64_T16,6,0,6,HMAC-STEM-012615,12615,12614,13131,$auto$simplemap.cc:106:simplemap_bitop$39281,$_AND_,COMBINATIONAL_LOGIC_STEM,$auto$maccmap.cc:114:fulladd$4876.t2[55],1,2,1,7.000000,AGGREGATED_REPAIR_TRAIN_COVERAGE
EM_TESTPOINT_4X64_T16,7,0,7,HMAC-STEM-016557,16557,16556,17073,$auto$simplemap.cc:106:simplemap_bitop$49079,$_AND_,COMBINATIONAL_LOGIC_STEM,$auto$maccmap.cc:240:synth$4857.fa.X[29],1,2,1,7.000000,AGGREGATED_REPAIR_TRAIN_COVERAGE
EM_TESTPOINT_4X64_T16,8,0,8,HMAC-STEM-004426,4426,4425,4942,$auto$ff.cc:337:slice$6656,$_DFFE_PN0P_,SEQUENTIAL_STATE_STEM,u_bridge.u_prim_sha2_32.gen_multimode_logic.u_prim_sha2_multimode.gen_multimode.w_q[55],4,2,4,6.500000,AGGREGATED_REPAIR_TRAIN_COVERAGE
EM_TESTPOINT_4X64_T16,9,0,9,HMAC-STEM-003488,3488,3487,4004,$auto$ff.cc:337:slice$6187,$_DFFE_PN0P_,SEQUENTIAL_STATE_STEM,u_bridge.u_prim_sha2_32.gen_multimode_logic.u_prim_sha2_multimode.gen_multimode.w_q[482],1,2,1,6.500000,AGGREGATED_REPAIR_TRAIN_COVERAGE
EM_TESTPOINT_4X64_T16,10,0,10,HMAC-STEM-014745,14745,14744,15261,$auto$simplemap.cc:106:simplemap_bitop$43221,$_AND_,COMBINATIONAL_LOGIC_STEM,$techmap$auto$alumacc.cc:548:replace_alu$3248.lcu.$and$/home/pavan/tools/oss-cad-suite/lib/../share/yosys/techmap.v:241$31795_Y,2,2,2,6.500000,AGGREGATED_REPAIR_TRAIN_COVERAGE
EM_TESTPOINT_4X64_T16,11,0,11,HMAC-STEM-007246,7246,7245,7762,$auto$simplemap.cc:106:simplemap_bitop$36705,$_XOR_,COMBINATIONAL_LOGIC_STEM,$auto$alumacc.cc:548:replace_alu$3278.P[42],3,2,3,6.000000,AGGREGATED_REPAIR_TRAIN_COVERAGE
EM_TESTPOINT_4X64_T16,12,0,12,HMAC-STEM-009471,9471,9470,9987,$auto$simplemap.cc:106:simplemap_bitop$48497,$_XOR_,COMBINATIONAL_LOGIC_STEM,$auto$alumacc.cc:548:replace_alu$3302.P[33],3,2,3,6.000000,AGGREGATED_REPAIR_TRAIN_COVERAGE
EM_TESTPOINT_4X64_T16,13,0,13,HMAC-STEM-006735,6735,6734,7251,$auto$simplemap.cc:106:simplemap_bitop$11380,$_XOR_,COMBINATIONAL_LOGIC_STEM,$auto$maccmap.cc:114:fulladd$4856.B[53],2,2,2,6.000000,AGGREGATED_REPAIR_TRAIN_COVERAGE
EM_TESTPOINT_4X64_T16,14,0,14,HMAC-STEM-009954,9954,9953,10470,$auto$simplemap.cc:106:simplemap_bitop$36427,$_OR_,COMBINATIONAL_LOGIC_STEM,$techmap$auto$alumacc.cc:548:replace_alu$3278.lcu.$or$/home/pavan/tools/oss-cad-suite/lib/../share/yosys/techmap.v:240$21451_Y,2,2,2,6.000000,AGGREGATED_REPAIR_TRAIN_COVERAGE
EM_TESTPOINT_4X64_T16,15,0,15,HMAC-STEM-011598,11598,11597,12114,$auto$simplemap.cc:106:simplemap_bitop$38371,$_XOR_,COMBINATIONAL_LOGIC_STEM,$auto$maccmap.cc:114:fulladd$4863.t1[42],2,2,2,6.000000,AGGREGATED_REPAIR_TRAIN_COVERAGE
EM_TESTPOINT_4X64_T16,16,0,16,HMAC-STEM-011617,11617,11616,12133,$auto$simplemap.cc:106:simplemap_bitop$38390,$_XOR_,COMBINATIONAL_LOGIC_STEM,$auto$maccmap.cc:114:fulladd$4863.t1[61],2,2,2,6.000000,AGGREGATED_REPAIR_TRAIN_COVERAGE
EM_TESTPOINT_4X64_T16,17,0,17,HMAC-STEM-016019,16019,16018,16535,$auto$simplemap.cc:106:simplemap_bitop$47589,$_AND_,COMBINATIONAL_LOGIC_STEM,$techmap$auto$alumacc.cc:548:replace_alu$3296.lcu.$and$/home/pavan/tools/oss-cad-suite/lib/../share/yosys/techmap.v:241$21446_Y,2,2,2,6.000000,AGGREGATED_REPAIR_TRAIN_COVERAGE
EM_TESTPOINT_4X64_T16,18,0,18,HMAC-STEM-016851,16851,16850,17367,$auto$simplemap.cc:106:simplemap_bitop$49713,$_AND_,COMBINATIONAL_LOGIC_STEM,$auto$maccmap.cc:240:synth$4870.fa.X[44],2,2,2,6.000000,AGGREGATED_REPAIR_TRAIN_COVERAGE
EM_TESTPOINT_4X64_T16,19,0,19,HMAC-STEM-002237,2237,2236,2753,$auto$simplemap.cc:298:simplemap_mux$13733,$_MUX_,COMBINATIONAL_LOGIC_STEM,u_bridge.u_prim_sha2_32.gen_multimode_logic.u_prim_sha2_multimode.gen_multimode.hash_d[497],1,3,1,6.000000,AGGREGATED_REPAIR_TRAIN_COVERAGE
EM_TESTPOINT_4X64_T16,20,0,20,HMAC-STEM-020854,20854,20853,21370,$auto$simplemap.cc:298:simplemap_mux$15972,$_MUX_,COMBINATIONAL_LOGIC_STEM,$procmux$1048_Y[29],1,3,1,6.000000,AGGREGATED_REPAIR_TRAIN_COVERAGE
EM_TESTPOINT_4X64_T16,21,0,21,HMAC-STEM-020982,20982,20981,21498,$auto$simplemap.cc:298:simplemap_mux$16055,$_MUX_,COMBINATIONAL_LOGIC_STEM,$procmux$1170_Y[0],1,3,1,6.000000,AGGREGATED_REPAIR_TRAIN_COVERAGE
EM_TESTPOINT_4X64_T16,22,0,22,HMAC-STEM-003625,3625,3624,4141,$auto$simplemap.cc:298:simplemap_mux$15104,$_MUX_,COMBINATIONAL_LOGIC_STEM,u_bridge.u_prim_sha2_32.gen_multimode_logic.u_prim_sha2_multimode.gen_multimode.w_d[423],1,2,1,6.000000,AGGREGATED_REPAIR_TRAIN_COVERAGE
EM_TESTPOINT_4X64_T16,23,0,23,HMAC-STEM-004159,4159,4158,4675,$auto$simplemap.cc:298:simplemap_mux$14859,$_MUX_,COMBINATIONAL_LOGIC_STEM,u_bridge.u_prim_sha2_32.gen_multimode_logic.u_prim_sha2_multimode.gen_multimode.w_d[178],1,2,1,6.000000,AGGREGATED_REPAIR_TRAIN_COVERAGE
EM_TESTPOINT_4X64_T16,24,0,24,HMAC-STEM-006635,6635,6634,7151,$auto$simplemap.cc:106:simplemap_bitop$11216,$_XOR_,COMBINATIONAL_LOGIC_STEM,$625y[17],1,2,1,6.000000,AGGREGATED_REPAIR_TRAIN_COVERAGE
EM_TESTPOINT_4X64_T16,25,0,25,HMAC-STEM-007236,7236,7235,7752,$auto$simplemap.cc:106:simplemap_bitop$21788,$_XOR_,COMBINATIONAL_LOGIC_STEM,$auto$alumacc.cc:548:replace_alu$3278.Y[38],1,2,1,6.000000,AGGREGATED_REPAIR_TRAIN_COVERAGE
EM_TESTPOINT_4X64_T16,26,0,26,HMAC-STEM-009240,9240,9239,9756,$auto$simplemap.cc:106:simplemap_bitop$47376,$_OR_,COMBINATIONAL_LOGIC_STEM,$auto$alumacc.cc:548:replace_alu$3296.CO[56],1,2,1,6.000000,AGGREGATED_REPAIR_TRAIN_COVERAGE
EM_TESTPOINT_4X64_T16,27,0,27,HMAC-STEM-011094,11094,11093,11610,$auto$simplemap.cc:106:simplemap_bitop$37834,$_AND_,COMBINATIONAL_LOGIC_STEM,$auto$maccmap.cc:114:fulladd$4869.t3[17],1,2,1,6.000000,AGGREGATED_REPAIR_TRAIN_COVERAGE
EM_TESTPOINT_4X64_T16,28,0,28,HMAC-STEM-011789,11789,11788,12305,$auto$simplemap.cc:106:simplemap_bitop$38513,$_AND_,COMBINATIONAL_LOGIC_STEM,$auto$maccmap.cc:114:fulladd$4863.t3[56],1,2,1,6.000000,AGGREGATED_REPAIR_TRAIN_COVERAGE
EM_TESTPOINT_4X64_T16,29,0,29,HMAC-STEM-012602,12602,12601,13118,$auto$simplemap.cc:106:simplemap_bitop$39268,$_AND_,COMBINATIONAL_LOGIC_STEM,$auto$maccmap.cc:114:fulladd$4876.t2[42],1,2,1,6.000000,AGGREGATED_REPAIR_TRAIN_COVERAGE
EM_TESTPOINT_4X64_T16,30,0,30,HMAC-STEM-014393,14393,14392,14909,$auto$simplemap.cc:106:simplemap_bitop$41521,$_AND_,COMBINATIONAL_LOGIC_STEM,$techmap$auto$alumacc.cc:548:replace_alu$3242.lcu.$and$/home/pavan/tools/oss-cad-suite/lib/../share/yosys/techmap.v:240$21474_Y,1,2,1,6.000000,AGGREGATED_REPAIR_TRAIN_COVERAGE
EM_TESTPOINT_4X64_T16,31,0,31,HMAC-STEM-014686,14686,14685,15202,$auto$simplemap.cc:106:simplemap_bitop$42176,$_AND_,COMBINATIONAL_LOGIC_STEM,$techmap$auto$alumacc.cc:548:replace_alu$3245.lcu.$and$/home/pavan/tools/oss-cad-suite/lib/../share/yosys/techmap.v:240$21438_Y,1,2,1,6.000000,AGGREGATED_REPAIR_TRAIN_COVERAGE
EM_TESTPOINT_4X64_T16,32,0,32,HMAC-STEM-015605,15605,15604,16121,$auto$simplemap.cc:106:simplemap_bitop$46222,$_AND_,COMBINATIONAL_LOGIC_STEM,$techmap$auto$alumacc.cc:548:replace_alu$3272.lcu.$and$/home/pavan/tools/oss-cad-suite/lib/../share/yosys/techmap.v:240$21444_Y,1,2,1,6.000000,AGGREGATED_REPAIR_TRAIN_COVERAGE
EM_TESTPOINT_4X64_T16,33,0,33,HMAC-STEM-015690,15690,15689,16206,$auto$simplemap.cc:106:simplemap_bitop$46705,$_AND_,COMBINATIONAL_LOGIC_STEM,$techmap$auto$alumacc.cc:548:replace_alu$3290.lcu.$and$/home/pavan/tools/oss-cad-suite/lib/../share/yosys/techmap.v:248$21726_Y,1,2,1,6.000000,AGGREGATED_REPAIR_TRAIN_COVERAGE
EM_TESTPOINT_4X64_T16,34,0,34,HMAC-STEM-015992,15992,15991,16508,$auto$simplemap.cc:106:simplemap_bitop$47385,$_AND_,COMBINATIONAL_LOGIC_STEM,$techmap$auto$alumacc.cc:548:replace_alu$3296.lcu.$and$/home/pavan/tools/oss-cad-suite/lib/../share/yosys/techmap.v:248$21738_Y,1,2,1,6.000000,AGGREGATED_REPAIR_TRAIN_COVERAGE
EM_TESTPOINT_4X64_T16,35,0,35,HMAC-STEM-016717,16717,16716,17233,$auto$simplemap.cc:106:simplemap_bitop$49315,$_AND_,COMBINATIONAL_LOGIC_STEM,$techmap$auto$maccmap.cc:240:synth$4857.lcu.$and$/home/pavan/tools/oss-cad-suite/lib/../share/yosys/techmap.v:240$21549_Y,1,2,1,6.000000,AGGREGATED_REPAIR_TRAIN_COVERAGE
EM_TESTPOINT_4X64_T16,36,0,36,HMAC-STEM-017364,17364,17363,17880,$auto$simplemap.cc:106:simplemap_bitop$50706,$_AND_,COMBINATIONAL_LOGIC_STEM,$techmap$auto$maccmap.cc:240:synth$4880.lcu.$and$/home/pavan/tools/oss-cad-suite/lib/../share/yosys/techmap.v:240$21396_Y,1,2,1,6.000000,AGGREGATED_REPAIR_TRAIN_COVERAGE
EM_TESTPOINT_4X64_T16,37,0,37,HMAC-STEM-019976,19976,19975,20492,$auto$simplemap.cc:298:simplemap_mux$12954,$_MUX_,COMBINATIONAL_LOGIC_STEM,$procmux$431_Y[38],1,2,1,6.000000,AGGREGATED_REPAIR_TRAIN_COVERAGE
EM_TESTPOINT_4X64_T16,38,0,38,HMAC-STEM-006518,6518,6517,7034,$auto$simplemap.cc:46:simplemap_not$10861,$_NOT_,COMBINATIONAL_LOGIC_STEM,$612y[46],1,1,1,6.000000,AGGREGATED_REPAIR_TRAIN_COVERAGE
EM_TESTPOINT_4X64_T16,39,0,39,HMAC-STEM-001210,1210,1209,1726,$auto$ff.cc:337:slice$5028,$_DFFE_PN0P_,SEQUENTIAL_STATE_STEM,u_bridge.u_prim_sha2_32.gen_multimode_logic.u_prim_sha2_multimode.gen_multimode.hash_q[368],4,2,4,5.000000,AGGREGATED_REPAIR_TRAIN_COVERAGE
EM_TESTPOINT_4X64_T16,40,0,40,HMAC-STEM-001482,1482,1481,1998,$auto$ff.cc:337:slice$5164,$_DFFE_PN0P_,SEQUENTIAL_STATE_STEM,u_bridge.u_prim_sha2_32.gen_multimode_logic.u_prim_sha2_multimode.gen_multimode.hash_q[248],4,2,4,5.000000,AGGREGATED_REPAIR_TRAIN_COVERAGE
EM_TESTPOINT_4X64_T16,41,0,41,HMAC-STEM-010430,10430,10429,10946,$auto$simplemap.cc:106:simplemap_bitop$37679,$_XOR_,COMBINATIONAL_LOGIC_STEM,$auto$alumacc.cc:548:replace_alu$3296.B[55],4,2,4,5.000000,AGGREGATED_REPAIR_TRAIN_COVERAGE
EM_TESTPOINT_4X64_T16,42,0,42,HMAC-STEM-010432,10432,10431,10948,$auto$simplemap.cc:106:simplemap_bitop$37680,$_XOR_,COMBINATIONAL_LOGIC_STEM,$auto$alumacc.cc:548:replace_alu$3296.B[56],4,2,4,5.000000,AGGREGATED_REPAIR_TRAIN_COVERAGE
EM_TESTPOINT_4X64_T16,43,0,43,HMAC-STEM-008599,8599,8598,9115,$auto$simplemap.cc:106:simplemap_bitop$45244,$_XOR_,COMBINATIONAL_LOGIC_STEM,$auto$alumacc.cc:548:replace_alu$3260.P[47],3,2,3,5.000000,AGGREGATED_REPAIR_TRAIN_COVERAGE
EM_TESTPOINT_4X64_T16,44,0,44,HMAC-STEM-006330,6330,6329,6846,$auto$simplemap.cc:106:simplemap_bitop$10719,$_XOR_,COMBINATIONAL_LOGIC_STEM,$auto$maccmap.cc:114:fulladd$4866.C[32],2,2,2,5.000000,AGGREGATED_REPAIR_TRAIN_COVERAGE
EM_TESTPOINT_4X64_T16,45,0,45,HMAC-STEM-007790,7790,7789,8306,$auto$simplemap.cc:106:simplemap_bitop$41980,$_OR_,COMBINATIONAL_LOGIC_STEM,$auto$alumacc.cc:548:replace_alu$3245.CO[33],2,2,2,5.000000,AGGREGATED_REPAIR_TRAIN_COVERAGE
EM_TESTPOINT_4X64_T16,46,0,46,HMAC-STEM-009655,9655,9654,10171,$auto$simplemap.cc:106:simplemap_bitop$36142,$_AND_,COMBINATIONAL_LOGIC_STEM,$auto$alumacc.cc:548:replace_alu$3281.fa.X[34],2,2,2,5.000000,AGGREGATED_REPAIR_TRAIN_COVERAGE
EM_TESTPOINT_4X64_T16,47,0,47,HMAC-STEM-009660,9660,9659,10176,$auto$simplemap.cc:106:simplemap_bitop$36144,$_AND_,COMBINATIONAL_LOGIC_STEM,$auto$alumacc.cc:548:replace_alu$3281.fa.X[36],2,2,2,5.000000,AGGREGATED_REPAIR_TRAIN_COVERAGE
EM_TESTPOINT_4X64_T16,48,0,48,HMAC-STEM-009944,9944,9943,10460,$auto$simplemap.cc:106:simplemap_bitop$36421,$_OR_,COMBINATIONAL_LOGIC_STEM,$techmap$auto$alumacc.cc:548:replace_alu$3278.lcu.$or$/home/pavan/tools/oss-cad-suite/lib/../share/yosys/techmap.v:240$21445_Y,2,2,2,5.000000,AGGREGATED_REPAIR_TRAIN_COVERAGE
EM_TESTPOINT_4X64_T16,49,0,49,HMAC-STEM-010355,10355,10354,10871,$auto$simplemap.cc:106:simplemap_bitop$37193,$_XOR_,COMBINATIONAL_LOGIC_STEM,$auto$maccmap.cc:114:fulladd$4856.t1[17],2,2,2,5.000000,AGGREGATED_REPAIR_TRAIN_COVERAGE
EM_TESTPOINT_4X64_T16,50,0,50,HMAC-STEM-010603,10603,10602,11119,$auto$simplemap.cc:106:simplemap_bitop$37397,$_XOR_,COMBINATIONAL_LOGIC_STEM,$auto$maccmap.cc:114:fulladd$4856.Y[29],2,2,2,5.000000,AGGREGATED_REPAIR_TRAIN_COVERAGE
EM_TESTPOINT_4X64_T16,51,0,51,HMAC-STEM-010639,10639,10638,11155,$auto$simplemap.cc:106:simplemap_bitop$37433,$_OR_,COMBINATIONAL_LOGIC_STEM,$auto$maccmap.cc:114:fulladd$4856.X[1],2,2,2,5.000000,AGGREGATED_REPAIR_TRAIN_COVERAGE
EM_TESTPOINT_4X64_T16,52,0,52,HMAC-STEM-010670,10670,10669,11186,$auto$simplemap.cc:106:simplemap_bitop$37464,$_OR_,COMBINATIONAL_LOGIC_STEM,$auto$maccmap.cc:114:fulladd$4856.X[32],2,2,2,5.000000,AGGREGATED_REPAIR_TRAIN_COVERAGE
EM_TESTPOINT_4X64_T16,53,0,53,HMAC-STEM-011000,11000,10999,11516,$auto$simplemap.cc:106:simplemap_bitop$38323,$_OR_,COMBINATIONAL_LOGIC_STEM,$auto$maccmap.cc:114:fulladd$4866.X[58],2,2,2,5.000000,AGGREGATED_REPAIR_TRAIN_COVERAGE
EM_TESTPOINT_4X64_T16,54,0,54,HMAC-STEM-011426,11426,11425,11942,$auto$simplemap.cc:106:simplemap_bitop$38063,$_XOR_,COMBINATIONAL_LOGIC_STEM,$auto$maccmap.cc:114:fulladd$4866.t1[54],2,2,2,5.000000,AGGREGATED_REPAIR_TRAIN_COVERAGE
EM_TESTPOINT_4X64_T16,55,0,55,HMAC-STEM-011432,11432,11431,11948,$auto$simplemap.cc:106:simplemap_bitop$38065,$_XOR_,COMBINATIONAL_LOGIC_STEM,$auto$maccmap.cc:114:fulladd$4866.t1[56],2,2,2,5.000000,AGGREGATED_REPAIR_TRAIN_COVERAGE
EM_TESTPOINT_4X64_T16,56,0,56,HMAC-STEM-015238,15238,15237,15754,$auto$simplemap.cc:106:simplemap_bitop$45426,$_AND_,COMBINATIONAL_LOGIC_STEM,$techmap$auto$alumacc.cc:548:replace_alu$3260.lcu.$and$/home/pavan/tools/oss-cad-suite/lib/../share/yosys/techmap.v:241$21521_Y,2,2,2,5.000000,AGGREGATED_REPAIR_TRAIN_COVERAGE
EM_TESTPOINT_4X64_T16,57,0,57,HMAC-STEM-016339,16339,16338,16855,$auto$simplemap.cc:106:simplemap_bitop$48751,$_OR_,COMBINATIONAL_LOGIC_STEM,$techmap$auto$alumacc.cc:548:replace_alu$3302.lcu.$or$/home/pavan/tools/oss-cad-suite/lib/../share/yosys/techmap.v:240$21463_Y,2,2,2,5.000000,AGGREGATED_REPAIR_TRAIN_COVERAGE
EM_TESTPOINT_4X64_T16,58,0,58,HMAC-STEM-016900,16900,16899,17416,$auto$simplemap.cc:106:simplemap_bitop$50026,$_OR_,COMBINATIONAL_LOGIC_STEM,$techmap$auto$maccmap.cc:240:synth$4870.lcu.$or$/home/pavan/tools/oss-cad-suite/lib/../share/yosys/techmap.v:240$21457_Y,2,2,2,5.000000,AGGREGATED_REPAIR_TRAIN_COVERAGE
EM_TESTPOINT_4X64_T16,59,0,59,HMAC-STEM-016931,16931,16930,17447,$auto$simplemap.cc:106:simplemap_bitop$50073,$_AND_,COMBINATIONAL_LOGIC_STEM,$techmap$auto$maccmap.cc:240:synth$4870.lcu.$and$/home/pavan/tools/oss-cad-suite/lib/../share/yosys/techmap.v:241$21410_Y,2,2,2,5.000000,AGGREGATED_REPAIR_TRAIN_COVERAGE
EM_TESTPOINT_4X64_T16,60,0,60,HMAC-STEM-016942,16942,16941,17458,$auto$simplemap.cc:106:simplemap_bitop$49960,$_OR_,COMBINATIONAL_LOGIC_STEM,$techmap$auto$maccmap.cc:240:synth$4870.lcu.$or$/home/pavan/tools/oss-cad-suite/lib/../share/yosys/techmap.v:240$21523_Y,2,2,2,5.000000,AGGREGATED_REPAIR_TRAIN_COVERAGE
EM_TESTPOINT_4X64_T16,61,0,61,HMAC-STEM-001233,1233,1232,1749,$auto$simplemap.cc:298:simplemap_mux$13616,$_MUX_,COMBINATIONAL_LOGIC_STEM,u_bridge.u_prim_sha2_32.gen_multimode_logic.u_prim_sha2_multimode.gen_multimode.hash_d[380],1,3,1,5.000000,AGGREGATED_REPAIR_TRAIN_COVERAGE
EM_TESTPOINT_4X64_T16,62,0,62,HMAC-STEM-001821,1821,1820,2337,$auto$simplemap.cc:298:simplemap_mux$13270,$_MUX_,COMBINATIONAL_LOGIC_STEM,u_bridge.u_prim_sha2_32.gen_multimode_logic.u_prim_sha2_multimode.gen_multimode.hash_d[34],1,3,1,5.000000,AGGREGATED_REPAIR_TRAIN_COVERAGE
EM_TESTPOINT_4X64_T16,63,0,63,HMAC-STEM-019888,19888,19887,20404,$auto$simplemap.cc:298:simplemap_mux$8563,$_MUX_,COMBINATIONAL_LOGIC_STEM,$memory$auto$memory_bmux2rom.cc:63:execute$3308$rdmux[0][0][0]$b$3346[3],1,3,1,5.000000,AGGREGATED_REPAIR_TRAIN_COVERAGE
EM_TESTPOINT_4X64_T16,64,1,0,HMAC-STEM-001984,1984,1983,2500,$auto$simplemap.cc:298:simplemap_mux$15692,$_MUX_,COMBINATIONAL_LOGIC_STEM,u_bridge.u_prim_sha2_32.gen_multimode_logic.u_prim_sha2_multimode.gen_multimode.w_d[1011],1,2,1,5.000000,AGGREGATED_REPAIR_TRAIN_COVERAGE
EM_TESTPOINT_4X64_T16,65,1,1,HMAC-STEM-002000,2000,1999,2516,$auto$simplemap.cc:298:simplemap_mux$15700,$_MUX_,COMBINATIONAL_LOGIC_STEM,u_bridge.u_prim_sha2_32.gen_multimode_logic.u_prim_sha2_multimode.gen_multimode.w_d[1019],1,2,1,5.000000,AGGREGATED_REPAIR_TRAIN_COVERAGE
EM_TESTPOINT_4X64_T16,66,1,2,HMAC-STEM-004287,4287,4286,4803,$auto$simplemap.cc:298:simplemap_mux$14795,$_MUX_,COMBINATIONAL_LOGIC_STEM,u_bridge.u_prim_sha2_32.gen_multimode_logic.u_prim_sha2_multimode.gen_multimode.w_d[114],1,2,1,5.000000,AGGREGATED_REPAIR_TRAIN_COVERAGE
EM_TESTPOINT_4X64_T16,67,1,3,HMAC-STEM-004921,4921,4920,5437,$auto$simplemap.cc:298:simplemap_mux$12534,$_MUX_,COMBINATIONAL_LOGIC_STEM,u_bridge.u_prim_sha2_32.gen_multimode_logic.u_prim_sha2_multimode.gen_multimode.digest_d[175],1,2,1,5.000000,AGGREGATED_REPAIR_TRAIN_COVERAGE
EM_TESTPOINT_4X64_T16,68,1,4,HMAC-STEM-007670,7670,7669,8186,$auto$simplemap.cc:106:simplemap_bitop$41336,$_OR_,COMBINATIONAL_LOGIC_STEM,$auto$alumacc.cc:548:replace_alu$3242.CO[56],1,2,1,5.000000,AGGREGATED_REPAIR_TRAIN_COVERAGE
EM_TESTPOINT_4X64_T16,69,1,5,HMAC-STEM-008014,8014,8013,8530,$auto$simplemap.cc:106:simplemap_bitop$43020,$_AND_,COMBINATIONAL_LOGIC_STEM,$auto$alumacc.cc:548:replace_alu$3248.CO[68],1,2,1,5.000000,AGGREGATED_REPAIR_TRAIN_COVERAGE
EM_TESTPOINT_4X64_T16,70,1,6,HMAC-STEM-008268,8268,8267,8784,$auto$simplemap.cc:106:simplemap_bitop$33443,$_XOR_,COMBINATIONAL_LOGIC_STEM,$auto$alumacc.cc:548:replace_alu$3251.Y[74],1,2,1,5.000000,AGGREGATED_REPAIR_TRAIN_COVERAGE
EM_TESTPOINT_4X64_T16,71,1,7,HMAC-STEM-008622,8622,8621,9138,$auto$simplemap.cc:106:simplemap_bitop$33978,$_XOR_,COMBINATIONAL_LOGIC_STEM,$auto$alumacc.cc:548:replace_alu$3260.Y[54],1,2,1,5.000000,AGGREGATED_REPAIR_TRAIN_COVERAGE
EM_TESTPOINT_4X64_T16,72,1,8,HMAC-STEM-008999,8999,8998,9515,$auto$simplemap.cc:106:simplemap_bitop$34501,$_XOR_,COMBINATIONAL_LOGIC_STEM,$auto$alumacc.cc:548:replace_alu$3290.Y[41],1,2,1,5.000000,AGGREGATED_REPAIR_TRAIN_COVERAGE
EM_TESTPOINT_4X64_T16,73,1,9,HMAC-STEM-009102,9102,9101,9618,$auto$simplemap.cc:106:simplemap_bitop$47365,$_OR_,COMBINATIONAL_LOGIC_STEM,$auto$alumacc.cc:548:replace_alu$3296.CO[10],1,2,1,5.000000,AGGREGATED_REPAIR_TRAIN_COVERAGE
EM_TESTPOINT_4X64_T16,74,1,10,HMAC-STEM-010076,10076,10075,10592,$auto$simplemap.cc:106:simplemap_bitop$36542,$_AND_,COMBINATIONAL_LOGIC_STEM,$techmap$auto$alumacc.cc:548:replace_alu$3278.lcu.$and$/home/pavan/tools/oss-cad-suite/lib/../share/yosys/techmap.v:241$21566_Y,1,2,1,5.000000,AGGREGATED_REPAIR_TRAIN_COVERAGE
EM_TESTPOINT_4X64_T16,75,1,11,HMAC-STEM-010108,10108,10107,10624,$auto$simplemap.cc:106:simplemap_bitop$36612,$_AND_,COMBINATIONAL_LOGIC_STEM,$techmap$auto$alumacc.cc:548:replace_alu$3278.lcu.$and$/home/pavan/tools/oss-cad-suite/lib/../share/yosys/techmap.v:248$21636_Y,1,2,1,5.000000,AGGREGATED_REPAIR_TRAIN_COVERAGE
EM_TESTPOINT_4X64_T16,76,1,12,HMAC-STEM-010244,10244,10243,10760,$auto$simplemap.cc:106:simplemap_bitop$37149,$_XOR_,COMBINATIONAL_LOGIC_STEM,$auto$maccmap.cc:240:synth$4857.Y[38],1,2,1,5.000000,AGGREGATED_REPAIR_TRAIN_COVERAGE
EM_TESTPOINT_4X64_T16,77,1,13,HMAC-STEM-010246,10246,10245,10762,$auto$simplemap.cc:106:simplemap_bitop$49226,$_OR_,COMBINATIONAL_LOGIC_STEM,$auto$maccmap.cc:240:synth$4857.CO[38],1,2,1,5.000000,AGGREGATED_REPAIR_TRAIN_COVERAGE
EM_TESTPOINT_4X64_T16,78,1,14,HMAC-STEM-010465,10465,10464,10981,$auto$simplemap.cc:106:simplemap_bitop$37257,$_AND_,COMBINATIONAL_LOGIC_STEM,$auto$maccmap.cc:114:fulladd$4856.t2[17],1,2,1,5.000000,AGGREGATED_REPAIR_TRAIN_COVERAGE
EM_TESTPOINT_4X64_T16,79,1,15,HMAC-STEM-010540,10540,10539,11056,$auto$simplemap.cc:106:simplemap_bitop$37333,$_AND_,COMBINATIONAL_LOGIC_STEM,$auto$maccmap.cc:114:fulladd$4856.t3[29],1,2,1,5.000000,AGGREGATED_REPAIR_TRAIN_COVERAGE
EM_TESTPOINT_4X64_T16,80,1,16,HMAC-STEM-011080,11080,11079,11596,$auto$simplemap.cc:106:simplemap_bitop$37820,$_AND_,COMBINATIONAL_LOGIC_STEM,$auto$maccmap.cc:114:fulladd$4869.t3[3],1,2,1,5.000000,AGGREGATED_REPAIR_TRAIN_COVERAGE
EM_TESTPOINT_4X64_T16,81,1,17,HMAC-STEM-012253,12253,12252,12769,$auto$simplemap.cc:106:simplemap_bitop$38952,$_AND_,COMBINATIONAL_LOGIC_STEM,$auto$maccmap.cc:114:fulladd$4879.t2[46],1,2,1,5.000000,AGGREGATED_REPAIR_TRAIN_COVERAGE
EM_TESTPOINT_4X64_T16,82,1,18,HMAC-STEM-012612,12612,12611,13128,$auto$simplemap.cc:106:simplemap_bitop$39278,$_AND_,COMBINATIONAL_LOGIC_STEM,$auto$maccmap.cc:114:fulladd$4876.t2[52],1,2,1,5.000000,AGGREGATED_REPAIR_TRAIN_COVERAGE
EM_TESTPOINT_4X64_T16,83,1,19,HMAC-STEM-014243,14243,14242,14759,$auto$simplemap.cc:106:simplemap_bitop$41359,$_AND_,COMBINATIONAL_LOGIC_STEM,$techmap$auto$alumacc.cc:548:replace_alu$3242.lcu.$and$/home/pavan/tools/oss-cad-suite/lib/../share/yosys/techmap.v:248$21636_Y,1,2,1,5.000000,AGGREGATED_REPAIR_TRAIN_COVERAGE
EM_TESTPOINT_4X64_T16,84,1,20,HMAC-STEM-014347,14347,14346,14863,$auto$simplemap.cc:106:simplemap_bitop$41467,$_AND_,COMBINATIONAL_LOGIC_STEM,$techmap$auto$alumacc.cc:548:replace_alu$3242.lcu.$and$/home/pavan/tools/oss-cad-suite/lib/../share/yosys/techmap.v:240$21528_Y,1,2,1,5.000000,AGGREGATED_REPAIR_TRAIN_COVERAGE
EM_TESTPOINT_4X64_T16,85,1,21,HMAC-STEM-014352,14352,14351,14868,$auto$simplemap.cc:106:simplemap_bitop$41529,$_OR_,COMBINATIONAL_LOGIC_STEM,$techmap$auto$alumacc.cc:548:replace_alu$3242.lcu.$or$/home/pavan/tools/oss-cad-suite/lib/../share/yosys/techmap.v:240$21466_Y,1,2,1,5.000000,AGGREGATED_REPAIR_TRAIN_COVERAGE
EM_TESTPOINT_4X64_T16,86,1,22,HMAC-STEM-014795,14795,14794,15311,$auto$simplemap.cc:106:simplemap_bitop$43305,$_AND_,COMBINATIONAL_LOGIC_STEM,$techmap$auto$alumacc.cc:548:replace_alu$3248.lcu.$and$/home/pavan/tools/oss-cad-suite/lib/../share/yosys/techmap.v:241$31711_Y,1,2,1,5.000000,AGGREGATED_REPAIR_TRAIN_COVERAGE
EM_TESTPOINT_4X64_T16,87,1,23,HMAC-STEM-014809,14809,14808,15325,$auto$simplemap.cc:106:simplemap_bitop$43389,$_AND_,COMBINATIONAL_LOGIC_STEM,$techmap$auto$alumacc.cc:548:replace_alu$3248.lcu.$and$/home/pavan/tools/oss-cad-suite/lib/../share/yosys/techmap.v:241$31627_Y,1,2,1,5.000000,AGGREGATED_REPAIR_TRAIN_COVERAGE
EM_TESTPOINT_4X64_T16,88,1,24,HMAC-STEM-015267,15267,15266,15783,$auto$simplemap.cc:106:simplemap_bitop$45428,$_AND_,COMBINATIONAL_LOGIC_STEM,$techmap$auto$alumacc.cc:548:replace_alu$3260.lcu.$and$/home/pavan/tools/oss-cad-suite/lib/../share/yosys/techmap.v:240$21519_Y,1,2,1,5.000000,AGGREGATED_REPAIR_TRAIN_COVERAGE
EM_TESTPOINT_4X64_T16,89,1,25,HMAC-STEM-016227,16227,16226,16743,$auto$simplemap.cc:106:simplemap_bitop$48071,$_AND_,COMBINATIONAL_LOGIC_STEM,$techmap$auto$alumacc.cc:548:replace_alu$3299.lcu.$and$/home/pavan/tools/oss-cad-suite/lib/../share/yosys/techmap.v:241$34991_Y,1,2,1,5.000000,AGGREGATED_REPAIR_TRAIN_COVERAGE
EM_TESTPOINT_4X64_T16,90,1,26,HMAC-STEM-016623,16623,16622,17139,$auto$simplemap.cc:106:simplemap_bitop$49222,$_AND_,COMBINATIONAL_LOGIC_STEM,$techmap$auto$maccmap.cc:240:synth$4857.lcu.$and$/home/pavan/tools/oss-cad-suite/lib/../share/yosys/techmap.v:248$21642_Y,1,2,1,5.000000,AGGREGATED_REPAIR_TRAIN_COVERAGE
EM_TESTPOINT_4X64_T16,91,1,27,HMAC-STEM-016698,16698,16697,17214,$auto$simplemap.cc:106:simplemap_bitop$49328,$_AND_,COMBINATIONAL_LOGIC_STEM,$techmap$auto$maccmap.cc:240:synth$4857.lcu.$and$/home/pavan/tools/oss-cad-suite/lib/../share/yosys/techmap.v:248$21729_Y,1,2,1,5.000000,AGGREGATED_REPAIR_TRAIN_COVERAGE
EM_TESTPOINT_4X64_T16,92,1,28,HMAC-STEM-016704,16704,16703,17220,$auto$simplemap.cc:106:simplemap_bitop$49314,$_OR_,COMBINATIONAL_LOGIC_STEM,$techmap$auto$maccmap.cc:240:synth$4857.lcu.$or$/home/pavan/tools/oss-cad-suite/lib/../share/yosys/techmap.v:240$21550_Y,1,2,1,5.000000,AGGREGATED_REPAIR_TRAIN_COVERAGE
EM_TESTPOINT_4X64_T16,93,1,29,HMAC-STEM-016762,16762,16761,17278,$auto$simplemap.cc:106:simplemap_bitop$49363,$_AND_,COMBINATIONAL_LOGIC_STEM,$techmap$auto$maccmap.cc:240:synth$4857.lcu.$and$/home/pavan/tools/oss-cad-suite/lib/../share/yosys/techmap.v:240$21501_Y,1,2,1,5.000000,AGGREGATED_REPAIR_TRAIN_COVERAGE
EM_TESTPOINT_4X64_T16,94,1,30,HMAC-STEM-016876,16876,16875,17392,$auto$simplemap.cc:106:simplemap_bitop$49812,$_AND_,COMBINATIONAL_LOGIC_STEM,$techmap$auto$maccmap.cc:240:synth$4870.lcu.$and$/home/pavan/tools/oss-cad-suite/lib/../share/yosys/techmap.v:248$21723_Y,1,2,1,5.000000,AGGREGATED_REPAIR_TRAIN_COVERAGE
EM_TESTPOINT_4X64_T16,95,1,31,HMAC-STEM-017266,17266,17265,17782,$auto$simplemap.cc:106:simplemap_bitop$50564,$_OR_,COMBINATIONAL_LOGIC_STEM,$techmap$auto$maccmap.cc:240:synth$4880.lcu.$or$/home/pavan/tools/oss-cad-suite/lib/../share/yosys/techmap.v:240$21538_Y,1,2,1,5.000000,AGGREGATED_REPAIR_TRAIN_COVERAGE
EM_TESTPOINT_4X64_T16,96,1,32,HMAC-STEM-019985,19985,19984,20501,$auto$simplemap.cc:298:simplemap_mux$12963,$_MUX_,COMBINATIONAL_LOGIC_STEM,$procmux$431_Y[47],1,2,1,5.000000,AGGREGATED_REPAIR_TRAIN_COVERAGE
EM_TESTPOINT_4X64_T16,97,1,33,HMAC-STEM-020758,20758,20757,21274,$auto$simplemap.cc:298:simplemap_mux$15897,$_MUX_,COMBINATIONAL_LOGIC_STEM,$procmux$990_Y[29],1,2,1,5.000000,AGGREGATED_REPAIR_TRAIN_COVERAGE
EM_TESTPOINT_4X64_T16,98,1,34,HMAC-STEM-020765,20765,20764,21281,$auto$simplemap.cc:298:simplemap_mux$15904,$_MUX_,COMBINATIONAL_LOGIC_STEM,$procmux$990_Y[36],1,2,1,5.000000,AGGREGATED_REPAIR_TRAIN_COVERAGE
EM_TESTPOINT_4X64_T16,99,1,35,HMAC-STEM-020800,20800,20799,21316,$auto$simplemap.cc:298:simplemap_mux$15939,$_MUX_,COMBINATIONAL_LOGIC_STEM,$procmux$990_Y[71],1,2,1,5.000000,AGGREGATED_REPAIR_TRAIN_COVERAGE
EM_TESTPOINT_4X64_T16,100,1,36,HMAC-STEM-002588,2588,2587,3104,$auto$ff.cc:337:slice$5718,$_DFFE_PN0P_,SEQUENTIAL_STATE_STEM,u_bridge.u_prim_sha2_32.gen_multimode_logic.u_prim_sha2_multimode.gen_multimode.w_q[928],4,2,4,4.500000,AGGREGATED_REPAIR_TRAIN_COVERAGE
EM_TESTPOINT_4X64_T16,101,1,37,HMAC-STEM-004302,4302,4301,4818,$auto$ff.cc:337:slice$6594,$_DFFE_PN0P_,SEQUENTIAL_STATE_STEM,u_bridge.u_prim_sha2_32.gen_multimode_logic.u_prim_sha2_multimode.gen_multimode.w_q[121],4,2,4,4.500000,AGGREGATED_REPAIR_TRAIN_COVERAGE
EM_TESTPOINT_4X64_T16,102,1,38,HMAC-STEM-004400,4400,4399,4916,$auto$ff.cc:337:slice$6643,$_DFFE_PN0P_,SEQUENTIAL_STATE_STEM,u_bridge.u_prim_sha2_32.gen_multimode_logic.u_prim_sha2_multimode.gen_multimode.w_q[42],4,2,4,4.500000,AGGREGATED_REPAIR_TRAIN_COVERAGE
EM_TESTPOINT_4X64_T16,103,1,39,HMAC-STEM-003280,3280,3279,3796,$auto$ff.cc:337:slice$6081,$_DFFE_PN0P_,SEQUENTIAL_STATE_STEM,u_bridge.u_prim_sha2_32.gen_multimode_logic.u_prim_sha2_multimode.gen_multimode.w_q[634],3,2,3,4.500000,AGGREGATED_REPAIR_TRAIN_COVERAGE
EM_TESTPOINT_4X64_T16,104,1,40,HMAC-STEM-001995,1995,1994,2511,$auto$ff.cc:337:slice$5420,$_DFFE_PN0P_,SEQUENTIAL_STATE_STEM,u_bridge.u_prim_sha2_32.gen_multimode_logic.u_prim_sha2_multimode.gen_multimode.w_q[1016],1,2,1,4.500000,AGGREGATED_REPAIR_TRAIN_COVERAGE
EM_TESTPOINT_4X64_T16,105,1,41,HMAC-STEM-002007,2007,2006,2523,$auto$ff.cc:337:slice$5426,$_DFFE_PN0P_,SEQUENTIAL_STATE_STEM,u_bridge.u_prim_sha2_32.gen_multimode_logic.u_prim_sha2_multimode.gen_multimode.w_q[1022],1,2,1,4.500000,AGGREGATED_REPAIR_TRAIN_COVERAGE
EM_TESTPOINT_4X64_T16,106,1,42,HMAC-STEM-002762,2762,2761,3278,$auto$ff.cc:337:slice$5822,$_DFFE_PN0P_,SEQUENTIAL_STATE_STEM,u_bridge.u_prim_sha2_32.gen_multimode_logic.u_prim_sha2_multimode.gen_multimode.w_q[887],1,2,1,4.500000,AGGREGATED_REPAIR_TRAIN_COVERAGE
EM_TESTPOINT_4X64_T16,107,1,43,HMAC-STEM-002896,2896,2895,3412,$auto$ff.cc:337:slice$5889,$_DFFE_PN0P_,SEQUENTIAL_STATE_STEM,u_bridge.u_prim_sha2_32.gen_multimode_logic.u_prim_sha2_multimode.gen_multimode.w_q[826],1,2,1,4.500000,AGGREGATED_REPAIR_TRAIN_COVERAGE
EM_TESTPOINT_4X64_T16,108,1,44,HMAC-STEM-003138,3138,3137,3654,$auto$ff.cc:337:slice$6010,$_DFFE_PN0P_,SEQUENTIAL_STATE_STEM,u_bridge.u_prim_sha2_32.gen_multimode_logic.u_prim_sha2_multimode.gen_multimode.w_q[691],1,2,1,4.500000,AGGREGATED_REPAIR_TRAIN_COVERAGE
EM_TESTPOINT_4X64_T16,109,1,45,HMAC-STEM-003378,3378,3377,3894,$auto$ff.cc:337:slice$6130,$_DFFE_PN0P_,SEQUENTIAL_STATE_STEM,u_bridge.u_prim_sha2_32.gen_multimode_logic.u_prim_sha2_multimode.gen_multimode.w_q[555],1,2,1,4.500000,AGGREGATED_REPAIR_TRAIN_COVERAGE
EM_TESTPOINT_4X64_T16,110,1,46,HMAC-STEM-003498,3498,3497,4014,$auto$ff.cc:337:slice$6192,$_DFFE_PN0P_,SEQUENTIAL_STATE_STEM,u_bridge.u_prim_sha2_32.gen_multimode_logic.u_prim_sha2_multimode.gen_multimode.w_q[487],1,2,1,4.500000,AGGREGATED_REPAIR_TRAIN_COVERAGE
EM_TESTPOINT_4X64_T16,111,1,47,HMAC-STEM-003538,3538,3537,4054,$auto$ff.cc:337:slice$6212,$_DFFE_PN0P_,SEQUENTIAL_STATE_STEM,u_bridge.u_prim_sha2_32.gen_multimode_logic.u_prim_sha2_multimode.gen_multimode.w_q[507],1,2,1,4.500000,AGGREGATED_REPAIR_TRAIN_COVERAGE
EM_TESTPOINT_4X64_T16,112,1,48,HMAC-STEM-003766,3766,3765,4282,$auto$ff.cc:337:slice$6326,$_DFFE_PN0P_,SEQUENTIAL_STATE_STEM,u_bridge.u_prim_sha2_32.gen_multimode_logic.u_prim_sha2_multimode.gen_multimode.w_q[365],1,2,1,4.500000,AGGREGATED_REPAIR_TRAIN_COVERAGE
EM_TESTPOINT_4X64_T16,113,1,49,HMAC-STEM-004032,4032,4031,4548,$auto$ff.cc:337:slice$6459,$_DFFE_PN0P_,SEQUENTIAL_STATE_STEM,u_bridge.u_prim_sha2_32.gen_multimode_logic.u_prim_sha2_multimode.gen_multimode.w_q[242],1,2,1,4.500000,AGGREGATED_REPAIR_TRAIN_COVERAGE
EM_TESTPOINT_4X64_T16,114,1,50,HMAC-STEM-004038,4038,4037,4554,$auto$ff.cc:337:slice$6462,$_DFFE_PN0P_,SEQUENTIAL_STATE_STEM,u_bridge.u_prim_sha2_32.gen_multimode_logic.u_prim_sha2_multimode.gen_multimode.w_q[245],1,2,1,4.500000,AGGREGATED_REPAIR_TRAIN_COVERAGE
EM_TESTPOINT_4X64_T16,115,1,51,HMAC-STEM-004156,4156,4155,4672,$auto$ff.cc:337:slice$6521,$_DFFE_PN0P_,SEQUENTIAL_STATE_STEM,u_bridge.u_prim_sha2_32.gen_multimode_logic.u_prim_sha2_multimode.gen_multimode.w_q[176],1,2,1,4.500000,AGGREGATED_REPAIR_TRAIN_COVERAGE
EM_TESTPOINT_4X64_T16,116,1,52,HMAC-STEM-004184,4184,4183,4700,$auto$ff.cc:337:slice$6535,$_DFFE_PN0P_,SEQUENTIAL_STATE_STEM,u_bridge.u_prim_sha2_32.gen_multimode_logic.u_prim_sha2_multimode.gen_multimode.w_q[190],1,2,1,4.500000,AGGREGATED_REPAIR_TRAIN_COVERAGE
EM_TESTPOINT_4X64_T16,117,1,53,HMAC-STEM-014815,14815,14814,15331,$auto$simplemap.cc:106:simplemap_bitop$44435,$_AND_,COMBINATIONAL_LOGIC_STEM,$techmap$auto$alumacc.cc:548:replace_alu$3251.lcu.$and$/home/pavan/tools/oss-cad-suite/lib/../share/yosys/techmap.v:241$32843_Y,2,2,2,4.500000,AGGREGATED_REPAIR_TRAIN_COVERAGE
EM_TESTPOINT_4X64_T16,118,1,54,HMAC-STEM-000273,273,272,789,$auto$simplemap.cc:298:simplemap_mux$16314,$_MUX_,COMBINATIONAL_LOGIC_STEM,u_bridge.u_prim_sha2_32.gen_multimode_logic.word_buffer_d[8],1,3,1,4.500000,AGGREGATED_REPAIR_TRAIN_COVERAGE
EM_TESTPOINT_4X64_T16,119,1,55,HMAC-STEM-008181,8181,8180,8697,$auto$simplemap.cc:106:simplemap_bitop$44047,$_AND_,COMBINATIONAL_LOGIC_STEM,$auto$alumacc.cc:548:replace_alu$3251.CO[30],1,2,1,4.500000,AGGREGATED_REPAIR_TRAIN_COVERAGE
EM_TESTPOINT_4X64_T16,120,1,56,HMAC-STEM-020454,20454,20453,20970,$auto$simplemap.cc:474:simplemap_pmux$14151,$_MUX_,COMBINATIONAL_LOGIC_STEM,u_bridge.u_prim_sha2_32.gen_multimode_logic.u_prim_sha2_multimode.shaf_rdata[34],1,2,1,4.500000,AGGREGATED_REPAIR_TRAIN_COVERAGE
EM_TESTPOINT_4X64_T16,121,1,57,HMAC-STEM-020460,20460,20459,20976,$auto$simplemap.cc:474:simplemap_pmux$14184,$_MUX_,COMBINATIONAL_LOGIC_STEM,u_bridge.u_prim_sha2_32.gen_multimode_logic.u_prim_sha2_multimode.shaf_rdata[37],1,2,1,4.500000,AGGREGATED_REPAIR_TRAIN_COVERAGE
EM_TESTPOINT_4X64_T16,122,1,58,HMAC-STEM-020486,20486,20485,21002,$auto$simplemap.cc:474:simplemap_pmux$14327,$_MUX_,COMBINATIONAL_LOGIC_STEM,u_bridge.u_prim_sha2_32.gen_multimode_logic.u_prim_sha2_multimode.shaf_rdata[50],1,2,1,4.500000,AGGREGATED_REPAIR_TRAIN_COVERAGE
EM_TESTPOINT_4X64_T16,123,1,59,HMAC-STEM-020504,20504,20503,21020,$auto$simplemap.cc:474:simplemap_pmux$14426,$_MUX_,COMBINATIONAL_LOGIC_STEM,u_bridge.u_prim_sha2_32.gen_multimode_logic.u_prim_sha2_multimode.shaf_rdata[59],1,2,1,4.500000,AGGREGATED_REPAIR_TRAIN_COVERAGE
EM_TESTPOINT_4X64_T16,124,1,60,HMAC-STEM-001334,1334,1333,1850,$auto$ff.cc:337:slice$5090,$_DFFE_PN0P_,SEQUENTIAL_STATE_STEM,u_bridge.u_prim_sha2_32.gen_multimode_logic.u_prim_sha2_multimode.gen_multimode.hash_q[302],8,2,8,4.000000,AGGREGATED_REPAIR_TRAIN_COVERAGE
EM_TESTPOINT_4X64_T16,125,1,61,HMAC-STEM-001844,1844,1843,2360,$auto$ff.cc:337:slice$5345,$_DFFE_PN0P_,SEQUENTIAL_STATE_STEM,u_bridge.u_prim_sha2_32.gen_multimode_logic.u_prim_sha2_multimode.gen_multimode.hash_q[45],8,2,8,4.000000,AGGREGATED_REPAIR_TRAIN_COVERAGE
EM_TESTPOINT_4X64_T16,126,1,62,HMAC-STEM-001368,1368,1367,1884,$auto$ff.cc:337:slice$5107,$_DFFE_PN0P_,SEQUENTIAL_STATE_STEM,u_bridge.u_prim_sha2_32.gen_multimode_logic.u_prim_sha2_multimode.gen_multimode.hash_q[319],7,2,7,4.000000,AGGREGATED_REPAIR_TRAIN_COVERAGE
EM_TESTPOINT_4X64_T16,127,1,63,HMAC-STEM-001584,1584,1583,2100,$auto$ff.cc:337:slice$5215,$_DFFE_PN0P_,SEQUENTIAL_STATE_STEM,u_bridge.u_prim_sha2_32.gen_multimode_logic.u_prim_sha2_multimode.gen_multimode.hash_q[171],5,2,5,4.000000,AGGREGATED_REPAIR_TRAIN_COVERAGE
EM_TESTPOINT_4X64_T16,128,2,0,HMAC-STEM-001070,1070,1069,1586,$auto$ff.cc:337:slice$4958,$_DFFE_PN0P_,SEQUENTIAL_STATE_STEM,u_bridge.u_prim_sha2_32.gen_multimode_logic.u_prim_sha2_multimode.gen_multimode.hash_q[426],4,2,4,4.000000,AGGREGATED_REPAIR_TRAIN_COVERAGE
EM_TESTPOINT_4X64_T16,129,2,1,HMAC-STEM-001086,1086,1085,1602,$auto$ff.cc:337:slice$4966,$_DFFE_PN0P_,SEQUENTIAL_STATE_STEM,u_bridge.u_prim_sha2_32.gen_multimode_logic.u_prim_sha2_multimode.gen_multimode.hash_q[434],4,2,4,4.000000,AGGREGATED_REPAIR_TRAIN_COVERAGE
EM_TESTPOINT_4X64_T16,130,2,2,HMAC-STEM-001110,1110,1109,1626,$auto$ff.cc:337:slice$4978,$_DFFE_PN0P_,SEQUENTIAL_STATE_STEM,u_bridge.u_prim_sha2_32.gen_multimode_logic.u_prim_sha2_multimode.gen_multimode.hash_q[446],4,2,4,4.000000,AGGREGATED_REPAIR_TRAIN_COVERAGE
EM_TESTPOINT_4X64_T16,131,2,3,HMAC-STEM-001464,1464,1463,1980,$auto$ff.cc:337:slice$5155,$_DFFE_PN0P_,SEQUENTIAL_STATE_STEM,u_bridge.u_prim_sha2_32.gen_multimode_logic.u_prim_sha2_multimode.gen_multimode.hash_q[239],4,2,4,4.000000,AGGREGATED_REPAIR_TRAIN_COVERAGE
EM_TESTPOINT_4X64_T16,132,2,4,HMAC-STEM-001472,1472,1471,1988,$auto$ff.cc:337:slice$5159,$_DFFE_PN0P_,SEQUENTIAL_STATE_STEM,u_bridge.u_prim_sha2_32.gen_multimode_logic.u_prim_sha2_multimode.gen_multimode.hash_q[243],4,2,4,4.000000,AGGREGATED_REPAIR_TRAIN_COVERAGE
EM_TESTPOINT_4X64_T16,133,2,5,HMAC-STEM-002206,2206,2205,2722,$auto$ff.cc:337:slice$5527,$_DFFE_PN0P_,SEQUENTIAL_STATE_STEM,u_bridge.u_prim_sha2_32.gen_multimode_logic.u_prim_sha2_multimode.gen_multimode.hash_q[481],4,2,4,4.000000,AGGREGATED_REPAIR_TRAIN_COVERAGE
EM_TESTPOINT_4X64_T16,134,2,6,HMAC-STEM-002262,2262,2261,2778,$auto$ff.cc:337:slice$5555,$_DFFE_PN0P_,SEQUENTIAL_STATE_STEM,u_bridge.u_prim_sha2_32.gen_multimode_logic.u_prim_sha2_multimode.gen_multimode.hash_q[509],4,2,4,4.000000,AGGREGATED_REPAIR_TRAIN_COVERAGE
EM_TESTPOINT_4X64_T16,135,2,7,HMAC-STEM-000296,296,295,812,$auto$ff.cc:337:slice$12297,$_DFF_PN0_,SEQUENTIAL_STATE_STEM,u_bridge.u_prim_sha2_32.gen_multimode_logic.word_buffer_q[19],4,1,4,4.000000,AGGREGATED_REPAIR_TRAIN_COVERAGE
EM_TESTPOINT_4X64_T16,136,2,8,HMAC-STEM-000304,304,303,820,$auto$ff.cc:337:slice$12301,$_DFF_PN0_,SEQUENTIAL_STATE_STEM,u_bridge.u_prim_sha2_32.gen_multimode_logic.word_buffer_q[23],4,1,4,4.000000,AGGREGATED_REPAIR_TRAIN_COVERAGE
EM_TESTPOINT_4X64_T16,137,2,9,HMAC-STEM-000324,324,323,840,$auto$ff.cc:337:slice$12311,$_DFF_PN0_,SEQUENTIAL_STATE_STEM,u_bridge.u_prim_sha2_32.gen_multimode_logic.word_buffer_q[33],4,1,4,4.000000,AGGREGATED_REPAIR_TRAIN_COVERAGE
EM_TESTPOINT_4X64_T16,138,2,10,HMAC-STEM-000364,364,363,880,$auto$ff.cc:337:slice$12331,$_DFF_PN0_,SEQUENTIAL_STATE_STEM,u_bridge.u_prim_sha2_32.gen_multimode_logic.word_buffer_q[53],4,1,4,4.000000,AGGREGATED_REPAIR_TRAIN_COVERAGE
EM_TESTPOINT_4X64_T16,139,2,11,HMAC-STEM-002100,2100,2099,2616,$auto$ff.cc:337:slice$5472,$_DFFE_PN0P_,SEQUENTIAL_STATE_STEM,u_bridge.digest[300],3,2,3,4.000000,AGGREGATED_REPAIR_TRAIN_COVERAGE
EM_TESTPOINT_4X64_T16,140,2,12,HMAC-STEM-002360,2360,2359,2876,$auto$ff.cc:337:slice$5604,$_DFFE_PN0P_,SEQUENTIAL_STATE_STEM,u_bridge.digest[46],3,2,3,4.000000,AGGREGATED_REPAIR_TRAIN_COVERAGE
EM_TESTPOINT_4X64_T16,141,2,13,HMAC-STEM-002368,2368,2367,2884,$auto$ff.cc:337:slice$5608,$_DFFE_PN0P_,SEQUENTIAL_STATE_STEM,u_bridge.digest[50],3,2,3,4.000000,AGGREGATED_REPAIR_TRAIN_COVERAGE
EM_TESTPOINT_4X64_T16,142,2,14,HMAC-STEM-004540,4540,4539,5056,$auto$ff.cc:337:slice$6715,$_DFFE_PN0P_,SEQUENTIAL_STATE_STEM,u_bridge.digest[368],3,2,3,4.000000,AGGREGATED_REPAIR_TRAIN_COVERAGE
EM_TESTPOINT_4X64_T16,143,2,15,HMAC-STEM-004550,4550,4549,5066,$auto$ff.cc:337:slice$6720,$_DFFE_PN0P_,SEQUENTIAL_STATE_STEM,u_bridge.digest[373],3,2,3,4.000000,AGGREGATED_REPAIR_TRAIN_COVERAGE
EM_TESTPOINT_4X64_T16,144,2,16,HMAC-STEM-004648,4648,4647,5164,$auto$ff.cc:337:slice$6769,$_DFFE_PN0P_,SEQUENTIAL_STATE_STEM,u_bridge.digest[230],3,2,3,4.000000,AGGREGATED_REPAIR_TRAIN_COVERAGE
EM_TESTPOINT_4X64_T16,145,2,17,HMAC-STEM-004684,4684,4683,5200,$auto$ff.cc:337:slice$6787,$_DFFE_PN0P_,SEQUENTIAL_STATE_STEM,u_bridge.digest[248],3,2,3,4.000000,AGGREGATED_REPAIR_TRAIN_COVERAGE
EM_TESTPOINT_4X64_T16,146,2,18,HMAC-STEM-004794,4794,4793,5310,$auto$ff.cc:337:slice$6842,$_DFFE_PN0P_,SEQUENTIAL_STATE_STEM,u_bridge.digest[495],3,2,3,4.000000,AGGREGATED_REPAIR_TRAIN_COVERAGE
EM_TESTPOINT_4X64_T16,147,2,19,HMAC-STEM-004798,4798,4797,5314,$auto$ff.cc:337:slice$6844,$_DFFE_PN0P_,SEQUENTIAL_STATE_STEM,u_bridge.digest[497],3,2,3,4.000000,AGGREGATED_REPAIR_TRAIN_COVERAGE
EM_TESTPOINT_4X64_T16,148,2,20,HMAC-STEM-004938,4938,4937,5454,$auto$ff.cc:337:slice$6914,$_DFFE_PN0P_,SEQUENTIAL_STATE_STEM,u_bridge.digest[183],3,2,3,4.000000,AGGREGATED_REPAIR_TRAIN_COVERAGE
EM_TESTPOINT_4X64_T16,149,2,21,HMAC-STEM-005034,5034,5033,5550,$auto$ff.cc:337:slice$6962,$_DFFE_PN0P_,SEQUENTIAL_STATE_STEM,u_bridge.digest[423],3,2,3,4.000000,AGGREGATED_REPAIR_TRAIN_COVERAGE
EM_TESTPOINT_4X64_T16,150,2,22,HMAC-STEM-008151,8151,8150,8667,$auto$simplemap.cc:106:simplemap_bitop$44287,$_AND_,COMBINATIONAL_LOGIC_STEM,$auto$alumacc.cc:548:replace_alu$3251.CO[15],6,2,6,4.000000,AGGREGATED_REPAIR_TRAIN_COVERAGE
EM_TESTPOINT_4X64_T16,151,2,23,HMAC-STEM-007667,7667,7666,8183,$auto$simplemap.cc:106:simplemap_bitop$41406,$_OR_,COMBINATIONAL_LOGIC_STEM,$auto$alumacc.cc:548:replace_alu$3242.CO[55],4,2,4,4.000000,AGGREGATED_REPAIR_TRAIN_COVERAGE
EM_TESTPOINT_4X64_T16,152,2,24,HMAC-STEM-010141,10141,10140,10657,$auto$simplemap.cc:106:simplemap_bitop$49377,$_OR_,COMBINATIONAL_LOGIC_STEM,$auto$maccmap.cc:240:synth$4857.CO[3],4,2,4,4.000000,AGGREGATED_REPAIR_TRAIN_COVERAGE
EM_TESTPOINT_4X64_T16,153,2,25,HMAC-STEM-010249,10249,10248,10765,$auto$simplemap.cc:106:simplemap_bitop$49278,$_OR_,COMBINATIONAL_LOGIC_STEM,$auto$maccmap.cc:240:synth$4857.CO[39],4,2,4,4.000000,AGGREGATED_REPAIR_TRAIN_COVERAGE
EM_TESTPOINT_4X64_T16,154,2,26,HMAC-STEM-010340,10340,10339,10856,$auto$simplemap.cc:106:simplemap_bitop$37634,$_XOR_,COMBINATIONAL_LOGIC_STEM,$auto$alumacc.cc:548:replace_alu$3296.B[10],4,2,4,4.000000,AGGREGATED_REPAIR_TRAIN_COVERAGE
EM_TESTPOINT_4X64_T16,155,2,27,HMAC-STEM-010354,10354,10353,10870,$auto$simplemap.cc:106:simplemap_bitop$37641,$_XOR_,COMBINATIONAL_LOGIC_STEM,$auto$alumacc.cc:548:replace_alu$3296.B[17],4,2,4,4.000000,AGGREGATED_REPAIR_TRAIN_COVERAGE
EM_TESTPOINT_4X64_T16,156,2,28,HMAC-STEM-019464,19464,19463,19980,$auto$simplemap.cc:298:simplemap_mux$21054,$_MUX_,COMBINATIONAL_LOGIC_STEM,$memory$auto$memory_bmux2rom.cc:63:execute$3308$rdmux[0][3][3]$a$3375[40],3,3,3,4.000000,AGGREGATED_REPAIR_TRAIN_COVERAGE
EM_TESTPOINT_4X64_T16,157,2,29,HMAC-STEM-007420,7420,7419,7936,$auto$simplemap.cc:106:simplemap_bitop$36081,$_XOR_,COMBINATIONAL_LOGIC_STEM,$auto$alumacc.cc:548:replace_alu$3281.P[37],3,2,3,4.000000,AGGREGATED_REPAIR_TRAIN_COVERAGE
EM_TESTPOINT_4X64_T16,158,2,30,HMAC-STEM-007477,7477,7476,7993,$auto$simplemap.cc:106:simplemap_bitop$36100,$_XOR_,COMBINATIONAL_LOGIC_STEM,$auto$alumacc.cc:548:replace_alu$3281.P[56],3,2,3,4.000000,AGGREGATED_REPAIR_TRAIN_COVERAGE
EM_TESTPOINT_4X64_T16,159,2,31,HMAC-STEM-007606,7606,7605,8122,$auto$simplemap.cc:106:simplemap_bitop$41281,$_XOR_,COMBINATIONAL_LOGIC_STEM,$auto$alumacc.cc:548:replace_alu$3242.P[36],3,2,3,4.000000,AGGREGATED_REPAIR_TRAIN_COVERAGE
EM_TESTPOINT_4X64_T16,160,2,32,HMAC-STEM-007666,7666,7665,8182,$auto$simplemap.cc:106:simplemap_bitop$41301,$_XOR_,COMBINATIONAL_LOGIC_STEM,$auto$alumacc.cc:548:replace_alu$3242.P[56],3,2,3,4.000000,AGGREGATED_REPAIR_TRAIN_COVERAGE
EM_TESTPOINT_4X64_T16,161,2,33,HMAC-STEM-007786,7786,7785,8302,$auto$simplemap.cc:106:simplemap_bitop$41897,$_XOR_,COMBINATIONAL_LOGIC_STEM,$auto$alumacc.cc:548:replace_alu$3245.P[33],3,2,3,4.000000,AGGREGATED_REPAIR_TRAIN_COVERAGE
EM_TESTPOINT_4X64_T16,162,2,34,HMAC-STEM-007801,7801,7800,8317,$auto$simplemap.cc:106:simplemap_bitop$41902,$_XOR_,COMBINATIONAL_LOGIC_STEM,$auto$alumacc.cc:548:replace_alu$3245.P[38],3,2,3,4.000000,AGGREGATED_REPAIR_TRAIN_COVERAGE
EM_TESTPOINT_4X64_T16,163,2,35,HMAC-STEM-007867,7867,7866,8383,$auto$simplemap.cc:106:simplemap_bitop$41924,$_XOR_,COMBINATIONAL_LOGIC_STEM,$auto$alumacc.cc:548:replace_alu$3245.P[60],3,2,3,4.000000,AGGREGATED_REPAIR_TRAIN_COVERAGE
EM_TESTPOINT_4X64_T16,164,2,36,HMAC-STEM-008635,8635,8634,9151,$auto$simplemap.cc:106:simplemap_bitop$45256,$_XOR_,COMBINATIONAL_LOGIC_STEM,$auto$alumacc.cc:548:replace_alu$3260.P[59],3,2,3,4.000000,AGGREGATED_REPAIR_TRAIN_COVERAGE
EM_TESTPOINT_4X64_T16,165,2,37,HMAC-STEM-009018,9018,9017,9534,$auto$simplemap.cc:106:simplemap_bitop$46683,$_XOR_,COMBINATIONAL_LOGIC_STEM,$auto$alumacc.cc:548:replace_alu$3290.P[48],3,2,3,4.000000,AGGREGATED_REPAIR_TRAIN_COVERAGE
EM_TESTPOINT_4X64_T16,166,2,38,HMAC-STEM-009170,9170,9169,9686,$auto$simplemap.cc:106:simplemap_bitop$47319,$_XOR_,COMBINATIONAL_LOGIC_STEM,$auto$alumacc.cc:548:replace_alu$3296.P[34],3,2,3,4.000000,AGGREGATED_REPAIR_TRAIN_COVERAGE
EM_TESTPOINT_4X64_T16,167,2,39,HMAC-STEM-009179,9179,9178,9695,$auto$simplemap.cc:106:simplemap_bitop$47322,$_XOR_,COMBINATIONAL_LOGIC_STEM,$auto$alumacc.cc:548:replace_alu$3296.P[37],3,2,3,4.000000,AGGREGATED_REPAIR_TRAIN_COVERAGE
EM_TESTPOINT_4X64_T16,168,2,40,HMAC-STEM-009188,9188,9187,9704,$auto$simplemap.cc:106:simplemap_bitop$47325,$_XOR_,COMBINATIONAL_LOGIC_STEM,$auto$alumacc.cc:548:replace_alu$3296.P[40],3,2,3,4.000000,AGGREGATED_REPAIR_TRAIN_COVERAGE
EM_TESTPOINT_4X64_T16,169,2,41,HMAC-STEM-009236,9236,9235,9752,$auto$simplemap.cc:106:simplemap_bitop$47341,$_XOR_,COMBINATIONAL_LOGIC_STEM,$auto$alumacc.cc:548:replace_alu$3296.P[56],3,2,3,4.000000,AGGREGATED_REPAIR_TRAIN_COVERAGE
EM_TESTPOINT_4X64_T16,170,2,42,HMAC-STEM-010194,10194,10193,10710,$auto$simplemap.cc:106:simplemap_bitop$49136,$_XOR_,COMBINATIONAL_LOGIC_STEM,$auto$maccmap.cc:240:synth$4857.P[22],3,2,3,4.000000,AGGREGATED_REPAIR_TRAIN_COVERAGE
EM_TESTPOINT_4X64_T16,171,2,43,HMAC-STEM-010233,10233,10232,10749,$auto$simplemap.cc:106:simplemap_bitop$49149,$_XOR_,COMBINATIONAL_LOGIC_STEM,$auto$maccmap.cc:240:synth$4857.P[35],3,2,3,4.000000,AGGREGATED_REPAIR_TRAIN_COVERAGE
EM_TESTPOINT_4X64_T16,172,2,44,HMAC-STEM-010311,10311,10310,10827,$auto$simplemap.cc:106:simplemap_bitop$49175,$_XOR_,COMBINATIONAL_LOGIC_STEM,$auto$maccmap.cc:240:synth$4857.P[61],3,2,3,4.000000,AGGREGATED_REPAIR_TRAIN_COVERAGE
EM_TESTPOINT_4X64_T16,173,2,45,HMAC-STEM-010729,10729,10728,11245,$auto$simplemap.cc:106:simplemap_bitop$49749,$_XOR_,COMBINATIONAL_LOGIC_STEM,$auto$maccmap.cc:240:synth$4870.P[16],3,2,3,4.000000,AGGREGATED_REPAIR_TRAIN_COVERAGE
EM_TESTPOINT_4X64_T16,174,2,46,HMAC-STEM-010786,10786,10785,11302,$auto$simplemap.cc:106:simplemap_bitop$49879,$_OR_,COMBINATIONAL_LOGIC_STEM,$auto$maccmap.cc:240:synth$4870.CO[43],3,2,3,4.000000,AGGREGATED_REPAIR_TRAIN_COVERAGE
EM_TESTPOINT_4X64_T16,175,2,47,HMAC-STEM-011908,11908,11907,12424,$auto$simplemap.cc:106:simplemap_bitop$50379,$_XOR_,COMBINATIONAL_LOGIC_STEM,$auto$maccmap.cc:240:synth$4880.P[27],3,2,3,4.000000,AGGREGATED_REPAIR_TRAIN_COVERAGE
EM_TESTPOINT_4X64_T16,176,2,48,HMAC-STEM-011923,11923,11922,12439,$auto$simplemap.cc:106:simplemap_bitop$50384,$_XOR_,COMBINATIONAL_LOGIC_STEM,$auto$maccmap.cc:240:synth$4880.P[32],3,2,3,4.000000,AGGREGATED_REPAIR_TRAIN_COVERAGE
EM_TESTPOINT_4X64_T16,177,2,49,HMAC-STEM-006331,6331,6330,6847,$auto$simplemap.cc:106:simplemap_bitop$10720,$_XOR_,COMBINATIONAL_LOGIC_STEM,$auto$maccmap.cc:114:fulladd$4866.C[33],2,2,2,4.000000,AGGREGATED_REPAIR_TRAIN_COVERAGE
EM_TESTPOINT_4X64_T16,178,2,50,HMAC-STEM-006335,6335,6334,6851,$auto$simplemap.cc:106:simplemap_bitop$10724,$_XOR_,COMBINATIONAL_LOGIC_STEM,$auto$maccmap.cc:114:fulladd$4866.C[37],2,2,2,4.000000,AGGREGATED_REPAIR_TRAIN_COVERAGE
EM_TESTPOINT_4X64_T16,179,2,51,HMAC-STEM-006336,6336,6335,6852,$auto$simplemap.cc:106:simplemap_bitop$10725,$_XOR_,COMBINATIONAL_LOGIC_STEM,$auto$maccmap.cc:114:fulladd$4866.C[38],2,2,2,4.000000,AGGREGATED_REPAIR_TRAIN_COVERAGE
EM_TESTPOINT_4X64_T16,180,2,52,HMAC-STEM-006593,6593,6592,7109,$auto$simplemap.cc:106:simplemap_bitop$10982,$_XOR_,COMBINATIONAL_LOGIC_STEM,$auto$maccmap.cc:114:fulladd$4869.C[39],2,2,2,4.000000,AGGREGATED_REPAIR_TRAIN_COVERAGE
EM_TESTPOINT_4X64_T16,181,2,53,HMAC-STEM-006613,6613,6612,7129,$auto$simplemap.cc:106:simplemap_bitop$11002,$_XOR_,COMBINATIONAL_LOGIC_STEM,$auto$maccmap.cc:114:fulladd$4869.C[59],2,2,2,4.000000,AGGREGATED_REPAIR_TRAIN_COVERAGE
EM_TESTPOINT_4X64_T16,182,2,54,HMAC-STEM-006683,6683,6682,7199,$auto$simplemap.cc:106:simplemap_bitop$11328,$_XOR_,COMBINATIONAL_LOGIC_STEM,$auto$maccmap.cc:114:fulladd$4856.B[1],2,2,2,4.000000,AGGREGATED_REPAIR_TRAIN_COVERAGE
EM_TESTPOINT_4X64_T16,183,2,55,HMAC-STEM-006691,6691,6690,7207,$auto$simplemap.cc:106:simplemap_bitop$11336,$_XOR_,COMBINATIONAL_LOGIC_STEM,$auto$maccmap.cc:114:fulladd$4856.B[9],2,2,2,4.000000,AGGREGATED_REPAIR_TRAIN_COVERAGE
EM_TESTPOINT_4X64_T16,184,2,56,HMAC-STEM-006711,6711,6710,7227,$auto$simplemap.cc:106:simplemap_bitop$11356,$_XOR_,COMBINATIONAL_LOGIC_STEM,$auto$maccmap.cc:114:fulladd$4856.B[29],2,2,2,4.000000,AGGREGATED_REPAIR_TRAIN_COVERAGE
EM_TESTPOINT_4X64_T16,185,2,57,HMAC-STEM-006714,6714,6713,7230,$auto$simplemap.cc:106:simplemap_bitop$11359,$_XOR_,COMBINATIONAL_LOGIC_STEM,$auto$maccmap.cc:114:fulladd$4856.B[32],2,2,2,4.000000,AGGREGATED_REPAIR_TRAIN_COVERAGE
EM_TESTPOINT_4X64_T16,186,2,58,HMAC-STEM-006715,6715,6714,7231,$auto$simplemap.cc:106:simplemap_bitop$11360,$_XOR_,COMBINATIONAL_LOGIC_STEM,$auto$maccmap.cc:114:fulladd$4856.B[33],2,2,2,4.000000,AGGREGATED_REPAIR_TRAIN_COVERAGE
EM_TESTPOINT_4X64_T16,187,2,59,HMAC-STEM-006734,6734,6733,7250,$auto$simplemap.cc:106:simplemap_bitop$11379,$_XOR_,COMBINATIONAL_LOGIC_STEM,$auto$maccmap.cc:114:fulladd$4856.B[52],2,2,2,4.000000,AGGREGATED_REPAIR_TRAIN_COVERAGE
EM_TESTPOINT_4X64_T16,188,2,60,HMAC-STEM-007043,7043,7042,7559,$auto$simplemap.cc:106:simplemap_bitop$11688,$_XOR_,COMBINATIONAL_LOGIC_STEM,$auto$maccmap.cc:114:fulladd$4856.C[41],2,2,2,4.000000,AGGREGATED_REPAIR_TRAIN_COVERAGE
EM_TESTPOINT_4X64_T16,189,2,61,HMAC-STEM-007049,7049,7048,7565,$auto$simplemap.cc:106:simplemap_bitop$11694,$_XOR_,COMBINATIONAL_LOGIC_STEM,$auto$maccmap.cc:114:fulladd$4856.C[47],2,2,2,4.000000,AGGREGATED_REPAIR_TRAIN_COVERAGE
EM_TESTPOINT_4X64_T16,190,2,62,HMAC-STEM-007235,7235,7234,7751,$auto$simplemap.cc:106:simplemap_bitop$36613,$_OR_,COMBINATIONAL_LOGIC_STEM,$auto$alumacc.cc:548:replace_alu$3278.CO[37],2,2,2,4.000000,AGGREGATED_REPAIR_TRAIN_COVERAGE
EM_TESTPOINT_4X64_T16,191,2,63,HMAC-STEM-007495,7495,7494,8011,$auto$simplemap.cc:106:simplemap_bitop$36106,$_XOR_,COMBINATIONAL_LOGIC_STEM,$auto$alumacc.cc:548:replace_alu$3281.P[62],2,2,2,4.000000,AGGREGATED_REPAIR_TRAIN_COVERAGE
EM_TESTPOINT_4X64_T16,192,3,0,HMAC-STEM-007637,7637,7636,8153,$auto$simplemap.cc:106:simplemap_bitop$41352,$_OR_,COMBINATIONAL_LOGIC_STEM,$auto$alumacc.cc:548:replace_alu$3242.CO[45],2,2,2,4.000000,AGGREGATED_REPAIR_TRAIN_COVERAGE
EM_TESTPOINT_4X64_T16,193,3,1,HMAC-STEM-007888,7888,7887,8404,$auto$simplemap.cc:106:simplemap_bitop$42992,$_AND_,COMBINATIONAL_LOGIC_STEM,$auto$alumacc.cc:548:replace_alu$3248.CO[5],2,2,2,4.000000,AGGREGATED_REPAIR_TRAIN_COVERAGE
EM_TESTPOINT_4X64_T16,194,3,2,HMAC-STEM-009487,9487,9486,10003,$auto$simplemap.cc:106:simplemap_bitop$48577,$_OR_,COMBINATIONAL_LOGIC_STEM,$auto$alumacc.cc:548:replace_alu$3302.CO[37],2,2,2,4.000000,AGGREGATED_REPAIR_TRAIN_COVERAGE
EM_TESTPOINT_4X64_T16,195,3,3,HMAC-STEM-009941,9941,9940,10457,$auto$simplemap.cc:106:simplemap_bitop$36763,$_AND_,COMBINATIONAL_LOGIC_STEM,$auto$alumacc.cc:548:replace_alu$3278.fa.X[36],2,2,2,4.000000,AGGREGATED_REPAIR_TRAIN_COVERAGE
EM_TESTPOINT_4X64_T16,196,3,4,HMAC-STEM-010029,10029,10028,10545,$auto$simplemap.cc:106:simplemap_bitop$36487,$_OR_,COMBINATIONAL_LOGIC_STEM,$techmap$auto$alumacc.cc:548:replace_alu$3278.lcu.$or$/home/pavan/tools/oss-cad-suite/lib/../share/yosys/techmap.v:240$21511_Y,2,2,2,4.000000,AGGREGATED_REPAIR_TRAIN_COVERAGE
EM_TESTPOINT_4X64_T16,197,3,5,HMAC-STEM-010039,10039,10038,10555,$auto$simplemap.cc:106:simplemap_bitop$36497,$_AND_,COMBINATIONAL_LOGIC_STEM,$techmap$auto$alumacc.cc:548:replace_alu$3278.lcu.$and$/home/pavan/tools/oss-cad-suite/lib/../share/yosys/techmap.v:241$21521_Y,2,2,2,4.000000,AGGREGATED_REPAIR_TRAIN_COVERAGE
EM_TESTPOINT_4X64_T16,198,3,6,HMAC-STEM-010347,10347,10346,10863,$auto$simplemap.cc:106:simplemap_bitop$37189,$_XOR_,COMBINATIONAL_LOGIC_STEM,$auto$maccmap.cc:114:fulladd$4856.t1[13],2,2,2,4.000000,AGGREGATED_REPAIR_TRAIN_COVERAGE
EM_TESTPOINT_4X64_T16,199,3,7,HMAC-STEM-010375,10375,10374,10891,$auto$simplemap.cc:106:simplemap_bitop$37203,$_XOR_,COMBINATIONAL_LOGIC_STEM,$auto$maccmap.cc:114:fulladd$4856.t1[27],2,2,2,4.000000,AGGREGATED_REPAIR_TRAIN_COVERAGE
EM_TESTPOINT_4X64_T16,200,3,8,HMAC-STEM-010612,10612,10611,11128,$auto$simplemap.cc:106:simplemap_bitop$37406,$_XOR_,COMBINATIONAL_LOGIC_STEM,$auto$maccmap.cc:114:fulladd$4856.Y[38],2,2,2,4.000000,AGGREGATED_REPAIR_TRAIN_COVERAGE
EM_TESTPOINT_4X64_T16,201,3,9,HMAC-STEM-010617,10617,10616,11133,$auto$simplemap.cc:106:simplemap_bitop$37411,$_XOR_,COMBINATIONAL_LOGIC_STEM,$auto$maccmap.cc:114:fulladd$4856.Y[43],2,2,2,4.000000,AGGREGATED_REPAIR_TRAIN_COVERAGE
EM_TESTPOINT_4X64_T16,202,3,10,HMAC-STEM-010618,10618,10617,11134,$auto$simplemap.cc:106:simplemap_bitop$37412,$_XOR_,COMBINATIONAL_LOGIC_STEM,$auto$maccmap.cc:114:fulladd$4856.Y[44],2,2,2,4.000000,AGGREGATED_REPAIR_TRAIN_COVERAGE
EM_TESTPOINT_4X64_T16,203,3,11,HMAC-STEM-010758,10758,10757,11274,$auto$simplemap.cc:106:simplemap_bitop$49852,$_OR_,COMBINATIONAL_LOGIC_STEM,$auto$maccmap.cc:240:synth$4870.CO[29],2,2,2,4.000000,AGGREGATED_REPAIR_TRAIN_COVERAGE
EM_TESTPOINT_4X64_T16,204,3,12,HMAC-STEM-010831,10831,10830,11347,$auto$simplemap.cc:106:simplemap_bitop$38204,$_XOR_,COMBINATIONAL_LOGIC_STEM,$auto$maccmap.cc:114:fulladd$4866.Y[3],2,2,2,4.000000,AGGREGATED_REPAIR_TRAIN_COVERAGE
EM_TESTPOINT_4X64_T16,205,3,13,HMAC-STEM-010839,10839,10838,11355,$auto$simplemap.cc:106:simplemap_bitop$37694,$_XOR_,COMBINATIONAL_LOGIC_STEM,$auto$maccmap.cc:114:fulladd$4869.t1[5],2,2,2,4.000000,AGGREGATED_REPAIR_TRAIN_COVERAGE
EM_TESTPOINT_4X64_T16,206,3,14,HMAC-STEM-010875,10875,10874,11391,$auto$simplemap.cc:106:simplemap_bitop$37706,$_XOR_,COMBINATIONAL_LOGIC_STEM,$auto$maccmap.cc:114:fulladd$4869.t1[17],2,2,2,4.000000,AGGREGATED_REPAIR_TRAIN_COVERAGE
EM_TESTPOINT_4X64_T16,207,3,15,HMAC-STEM-010889,10889,10888,11405,$auto$simplemap.cc:106:simplemap_bitop$38286,$_OR_,COMBINATIONAL_LOGIC_STEM,$auto$maccmap.cc:114:fulladd$4866.X[21],2,2,2,4.000000,AGGREGATED_REPAIR_TRAIN_COVERAGE
EM_TESTPOINT_4X64_T16,208,3,16,HMAC-STEM-010930,10930,10929,11446,$auto$simplemap.cc:106:simplemap_bitop$38237,$_XOR_,COMBINATIONAL_LOGIC_STEM,$auto$maccmap.cc:114:fulladd$4866.Y[36],2,2,2,4.000000,AGGREGATED_REPAIR_TRAIN_COVERAGE
EM_TESTPOINT_4X64_T16,209,3,17,HMAC-STEM-011146,11146,11145,11662,$auto$simplemap.cc:106:simplemap_bitop$37888,$_XOR_,COMBINATIONAL_LOGIC_STEM,$auto$maccmap.cc:114:fulladd$4869.Y[7],2,2,2,4.000000,AGGREGATED_REPAIR_TRAIN_COVERAGE
EM_TESTPOINT_4X64_T16,210,3,18,HMAC-STEM-011183,11183,11182,11699,$auto$simplemap.cc:106:simplemap_bitop$37925,$_XOR_,COMBINATIONAL_LOGIC_STEM,$auto$maccmap.cc:114:fulladd$4869.Y[44],2,2,2,4.000000,AGGREGATED_REPAIR_TRAIN_COVERAGE
EM_TESTPOINT_4X64_T16,211,3,19,HMAC-STEM-011214,11214,11213,11730,$auto$simplemap.cc:106:simplemap_bitop$37957,$_OR_,COMBINATIONAL_LOGIC_STEM,$auto$maccmap.cc:114:fulladd$4869.X[12],2,2,2,4.000000,AGGREGATED_REPAIR_TRAIN_COVERAGE
EM_TESTPOINT_4X64_T16,212,3,20,HMAC-STEM-011232,11232,11231,11748,$auto$simplemap.cc:106:simplemap_bitop$37975,$_OR_,COMBINATIONAL_LOGIC_STEM,$auto$maccmap.cc:114:fulladd$4869.X[30],2,2,2,4.000000,AGGREGATED_REPAIR_TRAIN_COVERAGE
EM_TESTPOINT_4X64_T16,213,3,21,HMAC-STEM-011234,11234,11233,11750,$auto$simplemap.cc:106:simplemap_bitop$37977,$_OR_,COMBINATIONAL_LOGIC_STEM,$auto$maccmap.cc:114:fulladd$4869.X[32],2,2,2,4.000000,AGGREGATED_REPAIR_TRAIN_COVERAGE
EM_TESTPOINT_4X64_T16,214,3,22,HMAC-STEM-011256,11256,11255,11772,$auto$simplemap.cc:106:simplemap_bitop$37999,$_OR_,COMBINATIONAL_LOGIC_STEM,$auto$maccmap.cc:114:fulladd$4869.X[54],2,2,2,4.000000,AGGREGATED_REPAIR_TRAIN_COVERAGE
EM_TESTPOINT_4X64_T16,215,3,23,HMAC-STEM-011275,11275,11274,11791,$auto$simplemap.cc:106:simplemap_bitop$38588,$_OR_,COMBINATIONAL_LOGIC_STEM,$auto$maccmap.cc:114:fulladd$4863.X[3],2,2,2,4.000000,AGGREGATED_REPAIR_TRAIN_COVERAGE
EM_TESTPOINT_4X64_T16,216,3,24,HMAC-STEM-011307,11307,11306,11823,$auto$simplemap.cc:106:simplemap_bitop$38536,$_XOR_,COMBINATIONAL_LOGIC_STEM,$auto$maccmap.cc:114:fulladd$4863.Y[15],2,2,2,4.000000,AGGREGATED_REPAIR_TRAIN_COVERAGE
EM_TESTPOINT_4X64_T16,217,3,25,HMAC-STEM-011336,11336,11335,11852,$auto$simplemap.cc:106:simplemap_bitop$38033,$_XOR_,COMBINATIONAL_LOGIC_STEM,$auto$maccmap.cc:114:fulladd$4866.t1[24],2,2,2,4.000000,AGGREGATED_REPAIR_TRAIN_COVERAGE
EM_TESTPOINT_4X64_T16,218,3,26,HMAC-STEM-011358,11358,11357,11874,$auto$simplemap.cc:106:simplemap_bitop$38553,$_XOR_,COMBINATIONAL_LOGIC_STEM,$auto$maccmap.cc:114:fulladd$4863.Y[32],2,2,2,4.000000,AGGREGATED_REPAIR_TRAIN_COVERAGE
EM_TESTPOINT_4X64_T16,219,3,27,HMAC-STEM-011382,11382,11381,11898,$auto$simplemap.cc:106:simplemap_bitop$38561,$_XOR_,COMBINATIONAL_LOGIC_STEM,$auto$maccmap.cc:114:fulladd$4863.Y[40],2,2,2,4.000000,AGGREGATED_REPAIR_TRAIN_COVERAGE
EM_TESTPOINT_4X64_T16,220,3,28,HMAC-STEM-011437,11437,11436,11953,$auto$simplemap.cc:106:simplemap_bitop$38642,$_OR_,COMBINATIONAL_LOGIC_STEM,$auto$maccmap.cc:114:fulladd$4863.X[57],2,2,2,4.000000,AGGREGATED_REPAIR_TRAIN_COVERAGE
EM_TESTPOINT_4X64_T16,221,3,29,HMAC-STEM-011610,11610,11609,12126,$auto$simplemap.cc:106:simplemap_bitop$38383,$_XOR_,COMBINATIONAL_LOGIC_STEM,$auto$maccmap.cc:114:fulladd$4863.t1[54],2,2,2,4.000000,AGGREGATED_REPAIR_TRAIN_COVERAGE
EM_TESTPOINT_4X64_T16,222,3,30,HMAC-STEM-011612,11612,11611,12128,$auto$simplemap.cc:106:simplemap_bitop$38385,$_XOR_,COMBINATIONAL_LOGIC_STEM,$auto$maccmap.cc:114:fulladd$4863.t1[56],2,2,2,4.000000,AGGREGATED_REPAIR_TRAIN_COVERAGE
EM_TESTPOINT_4X64_T16,223,3,31,HMAC-STEM-012031,12031,12030,12547,$auto$simplemap.cc:106:simplemap_bitop$39359,$_XOR_,COMBINATIONAL_LOGIC_STEM,$auto$maccmap.cc:114:fulladd$4876.Y[5],2,2,2,4.000000,AGGREGATED_REPAIR_TRAIN_COVERAGE
EM_TESTPOINT_4X64_T16,224,3,32,HMAC-STEM-012043,12043,12042,12559,$auto$simplemap.cc:106:simplemap_bitop$39363,$_XOR_,COMBINATIONAL_LOGIC_STEM,$auto$maccmap.cc:114:fulladd$4876.Y[9],2,2,2,4.000000,AGGREGATED_REPAIR_TRAIN_COVERAGE
EM_TESTPOINT_4X64_T16,225,3,33,HMAC-STEM-012094,12094,12093,12610,$auto$simplemap.cc:106:simplemap_bitop$39380,$_XOR_,COMBINATIONAL_LOGIC_STEM,$auto$maccmap.cc:114:fulladd$4876.Y[26],2,2,2,4.000000,AGGREGATED_REPAIR_TRAIN_COVERAGE
EM_TESTPOINT_4X64_T16,226,3,34,HMAC-STEM-012150,12150,12149,12666,$auto$simplemap.cc:106:simplemap_bitop$38886,$_XOR_,COMBINATIONAL_LOGIC_STEM,$auto$maccmap.cc:114:fulladd$4879.t1[44],2,2,2,4.000000,AGGREGATED_REPAIR_TRAIN_COVERAGE
EM_TESTPOINT_4X64_T16,227,3,35,HMAC-STEM-012157,12157,12156,12673,$auto$simplemap.cc:106:simplemap_bitop$39401,$_XOR_,COMBINATIONAL_LOGIC_STEM,$auto$maccmap.cc:114:fulladd$4876.Y[47],2,2,2,4.000000,AGGREGATED_REPAIR_TRAIN_COVERAGE
EM_TESTPOINT_4X64_T16,228,3,36,HMAC-STEM-012171,12171,12170,12687,$auto$simplemap.cc:106:simplemap_bitop$38893,$_XOR_,COMBINATIONAL_LOGIC_STEM,$auto$maccmap.cc:114:fulladd$4879.t1[51],2,2,2,4.000000,AGGREGATED_REPAIR_TRAIN_COVERAGE
EM_TESTPOINT_4X64_T16,229,3,37,HMAC-STEM-012299,12299,12298,12815,$auto$simplemap.cc:106:simplemap_bitop$8252,$_XOR_,COMBINATIONAL_LOGIC_STEM,$auto$maccmap.cc:114:fulladd$4879.C[14],2,2,2,4.000000,AGGREGATED_REPAIR_TRAIN_COVERAGE
EM_TESTPOINT_4X64_T16,230,3,38,HMAC-STEM-012313,12313,12312,12829,$auto$simplemap.cc:106:simplemap_bitop$8259,$_XOR_,COMBINATIONAL_LOGIC_STEM,$auto$maccmap.cc:114:fulladd$4879.C[21],2,2,2,4.000000,AGGREGATED_REPAIR_TRAIN_COVERAGE
EM_TESTPOINT_4X64_T16,231,3,39,HMAC-STEM-012353,12353,12352,12869,$auto$simplemap.cc:106:simplemap_bitop$8279,$_XOR_,COMBINATIONAL_LOGIC_STEM,$auto$maccmap.cc:114:fulladd$4879.C[41],2,2,2,4.000000,AGGREGATED_REPAIR_TRAIN_COVERAGE
EM_TESTPOINT_4X64_T16,232,3,40,HMAC-STEM-012516,12516,12515,13032,$auto$simplemap.cc:106:simplemap_bitop$39153,$_OR_,COMBINATIONAL_LOGIC_STEM,$auto$maccmap.cc:114:fulladd$4879.X[55],2,2,2,4.000000,AGGREGATED_REPAIR_TRAIN_COVERAGE
EM_TESTPOINT_4X64_T16,233,3,41,HMAC-STEM-012558,12558,12557,13074,$auto$simplemap.cc:106:simplemap_bitop$39209,$_XOR_,COMBINATIONAL_LOGIC_STEM,$auto$maccmap.cc:114:fulladd$4876.t1[47],2,2,2,4.000000,AGGREGATED_REPAIR_TRAIN_COVERAGE
EM_TESTPOINT_4X64_T16,234,3,42,HMAC-STEM-012680,12680,12679,13196,$auto$simplemap.cc:106:simplemap_bitop$8320,$_XOR_,COMBINATIONAL_LOGIC_STEM,$auto$maccmap.cc:114:fulladd$4876.C[24],2,2,2,4.000000,AGGREGATED_REPAIR_TRAIN_COVERAGE
EM_TESTPOINT_4X64_T16,235,3,43,HMAC-STEM-012714,12714,12713,13230,$auto$simplemap.cc:106:simplemap_bitop$8335,$_XOR_,COMBINATIONAL_LOGIC_STEM,$auto$maccmap.cc:114:fulladd$4876.C[39],2,2,2,4.000000,AGGREGATED_REPAIR_TRAIN_COVERAGE
EM_TESTPOINT_4X64_T16,236,3,44,HMAC-STEM-012716,12716,12715,13232,$auto$simplemap.cc:106:simplemap_bitop$8336,$_XOR_,COMBINATIONAL_LOGIC_STEM,$auto$maccmap.cc:114:fulladd$4876.C[40],2,2,2,4.000000,AGGREGATED_REPAIR_TRAIN_COVERAGE
EM_TESTPOINT_4X64_T16,237,3,45,HMAC-STEM-012730,12730,12729,13246,$auto$simplemap.cc:106:simplemap_bitop$8343,$_XOR_,COMBINATIONAL_LOGIC_STEM,$auto$maccmap.cc:114:fulladd$4876.C[47],2,2,2,4.000000,AGGREGATED_REPAIR_TRAIN_COVERAGE
EM_TESTPOINT_4X64_T16,238,3,46,HMAC-STEM-012744,12744,12743,13260,$auto$simplemap.cc:106:simplemap_bitop$8350,$_XOR_,COMBINATIONAL_LOGIC_STEM,$auto$maccmap.cc:114:fulladd$4876.C[54],2,2,2,4.000000,AGGREGATED_REPAIR_TRAIN_COVERAGE
EM_TESTPOINT_4X64_T16,239,3,47,HMAC-STEM-014196,14196,14195,14712,$auto$simplemap.cc:106:simplemap_bitop$41237,$_AND_,COMBINATIONAL_LOGIC_STEM,$auto$alumacc.cc:548:replace_alu$3242.fa.X[56],2,2,2,4.000000,AGGREGATED_REPAIR_TRAIN_COVERAGE
EM_TESTPOINT_4X64_T16,240,3,48,HMAC-STEM-014238,14238,14237,14754,$auto$simplemap.cc:106:simplemap_bitop$41544,$_OR_,COMBINATIONAL_LOGIC_STEM,$techmap$auto$alumacc.cc:548:replace_alu$3242.lcu.$or$/home/pavan/tools/oss-cad-suite/lib/../share/yosys/techmap.v:240$21451_Y,2,2,2,4.000000,AGGREGATED_REPAIR_TRAIN_COVERAGE
EM_TESTPOINT_4X64_T16,241,3,49,HMAC-STEM-014278,14278,14277,14794,$auto$simplemap.cc:106:simplemap_bitop$41471,$_AND_,COMBINATIONAL_LOGIC_STEM,$techmap$auto$alumacc.cc:548:replace_alu$3242.lcu.$and$/home/pavan/tools/oss-cad-suite/lib/../share/yosys/techmap.v:241$21524_Y,2,2,2,4.000000,AGGREGATED_REPAIR_TRAIN_COVERAGE
EM_TESTPOINT_4X64_T16,242,3,50,HMAC-STEM-014629,14629,14628,15145,$auto$simplemap.cc:106:simplemap_bitop$42141,$_AND_,COMBINATIONAL_LOGIC_STEM,$techmap$auto$alumacc.cc:548:replace_alu$3245.lcu.$and$/home/pavan/tools/oss-cad-suite/lib/../share/yosys/techmap.v:241$21473_Y,2,2,2,4.000000,AGGREGATED_REPAIR_TRAIN_COVERAGE
EM_TESTPOINT_4X64_T16,243,3,51,HMAC-STEM-014739,14739,14738,15255,$auto$simplemap.cc:106:simplemap_bitop$43185,$_AND_,COMBINATIONAL_LOGIC_STEM,$techmap$auto$alumacc.cc:548:replace_alu$3248.lcu.$and$/home/pavan/tools/oss-cad-suite/lib/../share/yosys/techmap.v:241$31831_Y,2,2,2,4.000000,AGGREGATED_REPAIR_TRAIN_COVERAGE
EM_TESTPOINT_4X64_T16,244,3,52,HMAC-STEM-014846,14846,14845,15362,$auto$simplemap.cc:106:simplemap_bitop$44354,$_AND_,COMBINATIONAL_LOGIC_STEM,$techmap$auto$alumacc.cc:548:replace_alu$3251.lcu.$and$/home/pavan/tools/oss-cad-suite/lib/../share/yosys/techmap.v:241$32924_Y,2,2,2,4.000000,AGGREGATED_REPAIR_TRAIN_COVERAGE
EM_TESTPOINT_4X64_T16,245,3,53,HMAC-STEM-015378,15378,15377,15894,$auto$simplemap.cc:106:simplemap_bitop$45888,$_AND_,COMBINATIONAL_LOGIC_STEM,$auto$alumacc.cc:548:replace_alu$3272.fa.X[36],2,2,2,4.000000,AGGREGATED_REPAIR_TRAIN_COVERAGE
EM_TESTPOINT_4X64_T16,246,3,54,HMAC-STEM-015435,15435,15434,15951,$auto$simplemap.cc:106:simplemap_bitop$46202,$_AND_,COMBINATIONAL_LOGIC_STEM,$techmap$auto$alumacc.cc:548:replace_alu$3272.lcu.$and$/home/pavan/tools/oss-cad-suite/lib/../share/yosys/techmap.v:241$21464_Y,2,2,2,4.000000,AGGREGATED_REPAIR_TRAIN_COVERAGE
EM_TESTPOINT_4X64_T16,247,3,55,HMAC-STEM-015446,15446,15445,15962,$auto$simplemap.cc:106:simplemap_bitop$46220,$_AND_,COMBINATIONAL_LOGIC_STEM,$techmap$auto$alumacc.cc:548:replace_alu$3272.lcu.$and$/home/pavan/tools/oss-cad-suite/lib/../share/yosys/techmap.v:241$21446_Y,2,2,2,4.000000,AGGREGATED_REPAIR_TRAIN_COVERAGE
EM_TESTPOINT_4X64_T16,248,3,56,HMAC-STEM-015672,15672,15671,16188,$auto$simplemap.cc:106:simplemap_bitop$46619,$_AND_,COMBINATIONAL_LOGIC_STEM,$auto$alumacc.cc:548:replace_alu$3290.fa.X[48],2,2,2,4.000000,AGGREGATED_REPAIR_TRAIN_COVERAGE
EM_TESTPOINT_4X64_T16,249,3,57,HMAC-STEM-015728,15728,15727,16244,$auto$simplemap.cc:106:simplemap_bitop$46939,$_AND_,COMBINATIONAL_LOGIC_STEM,$techmap$auto$alumacc.cc:548:replace_alu$3290.lcu.$and$/home/pavan/tools/oss-cad-suite/lib/../share/yosys/techmap.v:241$21446_Y,2,2,2,4.000000,AGGREGATED_REPAIR_TRAIN_COVERAGE
EM_TESTPOINT_4X64_T16,250,3,58,HMAC-STEM-015768,15768,15767,16284,$auto$simplemap.cc:106:simplemap_bitop$46874,$_OR_,COMBINATIONAL_LOGIC_STEM,$techmap$auto$alumacc.cc:548:replace_alu$3290.lcu.$or$/home/pavan/tools/oss-cad-suite/lib/../share/yosys/techmap.v:240$21511_Y,2,2,2,4.000000,AGGREGATED_REPAIR_TRAIN_COVERAGE
EM_TESTPOINT_4X64_T16,251,3,59,HMAC-STEM-015811,15811,15810,16327,$auto$simplemap.cc:106:simplemap_bitop$46864,$_AND_,COMBINATIONAL_LOGIC_STEM,$techmap$auto$alumacc.cc:548:replace_alu$3290.lcu.$and$/home/pavan/tools/oss-cad-suite/lib/../share/yosys/techmap.v:241$21521_Y,2,2,2,4.000000,AGGREGATED_REPAIR_TRAIN_COVERAGE
EM_TESTPOINT_4X64_T16,252,3,60,HMAC-STEM-016209,16209,16208,16725,$auto$simplemap.cc:106:simplemap_bitop$48173,$_AND_,COMBINATIONAL_LOGIC_STEM,$techmap$auto$alumacc.cc:548:replace_alu$3299.lcu.$and$/home/pavan/tools/oss-cad-suite/lib/../share/yosys/techmap.v:241$34889_Y,2,2,2,4.000000,AGGREGATED_REPAIR_TRAIN_COVERAGE
EM_TESTPOINT_4X64_T16,253,3,61,HMAC-STEM-016211,16211,16210,16727,$auto$simplemap.cc:106:simplemap_bitop$48185,$_AND_,COMBINATIONAL_LOGIC_STEM,$techmap$auto$alumacc.cc:548:replace_alu$3299.lcu.$and$/home/pavan/tools/oss-cad-suite/lib/../share/yosys/techmap.v:241$34877_Y,2,2,2,4.000000,AGGREGATED_REPAIR_TRAIN_COVERAGE
EM_TESTPOINT_4X64_T16,254,3,62,HMAC-STEM-016334,16334,16333,16850,$auto$simplemap.cc:106:simplemap_bitop$48738,$_AND_,COMBINATIONAL_LOGIC_STEM,$techmap$auto$alumacc.cc:548:replace_alu$3302.lcu.$and$/home/pavan/tools/oss-cad-suite/lib/../share/yosys/techmap.v:241$21476_Y,2,2,2,4.000000,AGGREGATED_REPAIR_TRAIN_COVERAGE
EM_TESTPOINT_4X64_T16,255,3,63,HMAC-STEM-016390,16390,16389,16906,$auto$simplemap.cc:106:simplemap_bitop$48696,$_AND_,COMBINATIONAL_LOGIC_STEM,$techmap$auto$alumacc.cc:548:replace_alu$3302.lcu.$and$/home/pavan/tools/oss-cad-suite/lib/../share/yosys/techmap.v:241$21518_Y,2,2,2,4.000000,AGGREGATED_REPAIR_TRAIN_COVERAGE
