site_rank,cell_name,cell_type,output_port,net_bit
0,$abc$20785$auto$blifparse.cc:397:parse_blif$20786,$_ANDNOT_,Y,1424
1,$abc$20785$auto$blifparse.cc:397:parse_blif$20787,$_AND_,Y,1426
2,$abc$20785$auto$blifparse.cc:397:parse_blif$20788,$_ANDNOT_,Y,1428
3,$abc$20785$auto$blifparse.cc:397:parse_blif$20789,$_NAND_,Y,1430
4,$abc$20785$auto$blifparse.cc:397:parse_blif$20790,$_AND_,Y,1431
5,$abc$20785$auto$blifparse.cc:397:parse_blif$20791,$_NAND_,Y,1433
6,$abc$20785$auto$blifparse.cc:397:parse_blif$20792,$_AND_,Y,1434
7,$abc$20785$auto$blifparse.cc:397:parse_blif$20793,$_ORNOT_,Y,1435
8,$abc$20785$auto$blifparse.cc:397:parse_blif$20794,$_XNOR_,Y,1436
9,$abc$20785$auto$blifparse.cc:397:parse_blif$20795,$_AND_,Y,1438
10,$abc$20785$auto$blifparse.cc:397:parse_blif$20796,$_NAND_,Y,1440
11,$abc$20785$auto$blifparse.cc:397:parse_blif$20797,$_NAND_,Y,1442
12,$abc$20785$auto$blifparse.cc:397:parse_blif$20798,$_AND_,Y,1443
13,$abc$20785$auto$blifparse.cc:397:parse_blif$20799,$_ORNOT_,Y,1444
14,$abc$20785$auto$blifparse.cc:397:parse_blif$20800,$_ORNOT_,Y,1445
15,$abc$20785$auto$blifparse.cc:397:parse_blif$20801,$_AND_,Y,1447
16,$abc$20785$auto$blifparse.cc:397:parse_blif$20802,$_NAND_,Y,1449
17,$abc$20785$auto$blifparse.cc:397:parse_blif$20803,$_NAND_,Y,1451
18,$abc$20785$auto$blifparse.cc:397:parse_blif$20804,$_AND_,Y,1452
19,$abc$20785$auto$blifparse.cc:397:parse_blif$20805,$_ORNOT_,Y,1453
20,$abc$20785$auto$blifparse.cc:397:parse_blif$20806,$_XNOR_,Y,1454
21,$abc$20785$auto$blifparse.cc:397:parse_blif$20807,$_NAND_,Y,1456
22,$abc$20785$auto$blifparse.cc:397:parse_blif$20808,$_NAND_,Y,1458
23,$abc$20785$auto$blifparse.cc:397:parse_blif$20809,$_NAND_,Y,1460
24,$abc$20785$auto$blifparse.cc:397:parse_blif$20810,$_AND_,Y,1461
25,$abc$20785$auto$blifparse.cc:397:parse_blif$20811,$_OR_,Y,1462
26,$abc$20785$auto$blifparse.cc:397:parse_blif$20812,$_NAND_,Y,1463
27,$abc$20785$auto$blifparse.cc:397:parse_blif$20813,$_AND_,Y,1465
28,$abc$20785$auto$blifparse.cc:397:parse_blif$20814,$_NAND_,Y,1467
29,$abc$20785$auto$blifparse.cc:397:parse_blif$20815,$_NAND_,Y,1469
30,$abc$20785$auto$blifparse.cc:397:parse_blif$20816,$_AND_,Y,1470
31,$abc$20785$auto$blifparse.cc:397:parse_blif$20817,$_ORNOT_,Y,1471
32,$abc$20785$auto$blifparse.cc:397:parse_blif$20818,$_XNOR_,Y,1472
33,$abc$20785$auto$blifparse.cc:397:parse_blif$20819,$_AND_,Y,1474
34,$abc$20785$auto$blifparse.cc:397:parse_blif$20820,$_NAND_,Y,1476
35,$abc$20785$auto$blifparse.cc:397:parse_blif$20821,$_NAND_,Y,1478
36,$abc$20785$auto$blifparse.cc:397:parse_blif$20822,$_NAND_,Y,1479
37,$abc$20785$auto$blifparse.cc:397:parse_blif$20823,$_NAND_,Y,1480
38,$abc$20785$auto$blifparse.cc:397:parse_blif$20824,$_OR_,Y,1481
39,$abc$20785$auto$blifparse.cc:397:parse_blif$20825,$_AND_,Y,1483
40,$abc$20785$auto$blifparse.cc:397:parse_blif$20826,$_NAND_,Y,1485
41,$abc$20785$auto$blifparse.cc:397:parse_blif$20827,$_NAND_,Y,1487
42,$abc$20785$auto$blifparse.cc:397:parse_blif$20828,$_AND_,Y,1488
43,$abc$20785$auto$blifparse.cc:397:parse_blif$20829,$_ORNOT_,Y,1489
44,$abc$20785$auto$blifparse.cc:397:parse_blif$20830,$_XNOR_,Y,1490
45,$abc$20785$auto$blifparse.cc:397:parse_blif$20831,$_AND_,Y,1492
46,$abc$20785$auto$blifparse.cc:397:parse_blif$20832,$_NAND_,Y,1494
47,$abc$20785$auto$blifparse.cc:397:parse_blif$20833,$_NAND_,Y,1496
48,$abc$20785$auto$blifparse.cc:397:parse_blif$20834,$_NAND_,Y,1497
49,$abc$20785$auto$blifparse.cc:397:parse_blif$20835,$_OR_,Y,1498
50,$abc$20785$auto$blifparse.cc:397:parse_blif$20836,$_NAND_,Y,1499
51,$abc$20785$auto$blifparse.cc:397:parse_blif$20837,$_AND_,Y,1501
52,$abc$20785$auto$blifparse.cc:397:parse_blif$20838,$_NAND_,Y,1503
53,$abc$20785$auto$blifparse.cc:397:parse_blif$20839,$_NAND_,Y,1505
54,$abc$20785$auto$blifparse.cc:397:parse_blif$20840,$_AND_,Y,1506
55,$abc$20785$auto$blifparse.cc:397:parse_blif$20841,$_ORNOT_,Y,1507
56,$abc$20785$auto$blifparse.cc:397:parse_blif$20842,$_XNOR_,Y,1508
57,$abc$20785$auto$blifparse.cc:397:parse_blif$20843,$_AND_,Y,1510
58,$abc$20785$auto$blifparse.cc:397:parse_blif$20844,$_NAND_,Y,1512
59,$abc$20785$auto$blifparse.cc:397:parse_blif$20845,$_NAND_,Y,1514
60,$abc$20785$auto$blifparse.cc:397:parse_blif$20846,$_AND_,Y,1515
61,$abc$20785$auto$blifparse.cc:397:parse_blif$20847,$_ORNOT_,Y,1516
62,$abc$20785$auto$blifparse.cc:397:parse_blif$20848,$_ORNOT_,Y,1517
63,$abc$20785$auto$blifparse.cc:397:parse_blif$20849,$_AND_,Y,1519
64,$abc$20785$auto$blifparse.cc:397:parse_blif$20850,$_NAND_,Y,1521
65,$abc$20785$auto$blifparse.cc:397:parse_blif$20851,$_NAND_,Y,1523
66,$abc$20785$auto$blifparse.cc:397:parse_blif$20852,$_AND_,Y,1524
67,$abc$20785$auto$blifparse.cc:397:parse_blif$20853,$_ORNOT_,Y,1525
68,$abc$20785$auto$blifparse.cc:397:parse_blif$20854,$_XNOR_,Y,1526
69,$abc$20785$auto$blifparse.cc:397:parse_blif$20855,$_AND_,Y,1528
70,$abc$20785$auto$blifparse.cc:397:parse_blif$20856,$_NAND_,Y,1530
71,$abc$20785$auto$blifparse.cc:397:parse_blif$20857,$_NAND_,Y,1532
72,$abc$20785$auto$blifparse.cc:397:parse_blif$20858,$_NAND_,Y,1533
73,$abc$20785$auto$blifparse.cc:397:parse_blif$20859,$_OR_,Y,1534
74,$abc$20785$auto$blifparse.cc:397:parse_blif$20860,$_NAND_,Y,1535
75,$abc$20785$auto$blifparse.cc:397:parse_blif$20861,$_AND_,Y,1537
76,$abc$20785$auto$blifparse.cc:397:parse_blif$20862,$_NAND_,Y,1539
77,$abc$20785$auto$blifparse.cc:397:parse_blif$20863,$_NAND_,Y,1541
78,$abc$20785$auto$blifparse.cc:397:parse_blif$20864,$_AND_,Y,1542
79,$abc$20785$auto$blifparse.cc:397:parse_blif$20865,$_ORNOT_,Y,1543
80,$abc$20785$auto$blifparse.cc:397:parse_blif$20866,$_XNOR_,Y,1544
81,$abc$20785$auto$blifparse.cc:397:parse_blif$20867,$_AND_,Y,1546
82,$abc$20785$auto$blifparse.cc:397:parse_blif$20868,$_NAND_,Y,1548
83,$abc$20785$auto$blifparse.cc:397:parse_blif$20869,$_NAND_,Y,1550
84,$abc$20785$auto$blifparse.cc:397:parse_blif$20870,$_NAND_,Y,1551
85,$abc$20785$auto$blifparse.cc:397:parse_blif$20871,$_OR_,Y,1552
86,$abc$20785$auto$blifparse.cc:397:parse_blif$20872,$_NAND_,Y,1553
87,$abc$20785$auto$blifparse.cc:397:parse_blif$20873,$_AND_,Y,1555
88,$abc$20785$auto$blifparse.cc:397:parse_blif$20874,$_NAND_,Y,1557
89,$abc$20785$auto$blifparse.cc:397:parse_blif$20875,$_NAND_,Y,1559
90,$abc$20785$auto$blifparse.cc:397:parse_blif$20876,$_AND_,Y,1560
91,$abc$20785$auto$blifparse.cc:397:parse_blif$20877,$_ORNOT_,Y,1561
92,$abc$20785$auto$blifparse.cc:397:parse_blif$20878,$_XNOR_,Y,1562
93,$abc$20785$auto$blifparse.cc:397:parse_blif$20879,$_NAND_,Y,1564
94,$abc$20785$auto$blifparse.cc:397:parse_blif$20880,$_NAND_,Y,1566
95,$abc$20785$auto$blifparse.cc:397:parse_blif$20881,$_NAND_,Y,1568
96,$abc$20785$auto$blifparse.cc:397:parse_blif$20882,$_AND_,Y,1569
97,$abc$20785$auto$blifparse.cc:397:parse_blif$20883,$_OR_,Y,1570
98,$abc$20785$auto$blifparse.cc:397:parse_blif$20884,$_NAND_,Y,1571
99,$abc$20785$auto$blifparse.cc:397:parse_blif$20885,$_AND_,Y,1573
100,$abc$20785$auto$blifparse.cc:397:parse_blif$20886,$_NAND_,Y,1575
101,$abc$20785$auto$blifparse.cc:397:parse_blif$20887,$_NAND_,Y,1577
102,$abc$20785$auto$blifparse.cc:397:parse_blif$20888,$_AND_,Y,1578
103,$abc$20785$auto$blifparse.cc:397:parse_blif$20889,$_ORNOT_,Y,1579
104,$abc$20785$auto$blifparse.cc:397:parse_blif$20890,$_XNOR_,Y,1580
105,$abc$20785$auto$blifparse.cc:397:parse_blif$20891,$_AND_,Y,1582
106,$abc$20785$auto$blifparse.cc:397:parse_blif$20892,$_NAND_,Y,1584
107,$abc$20785$auto$blifparse.cc:397:parse_blif$20893,$_NAND_,Y,1586
108,$abc$20785$auto$blifparse.cc:397:parse_blif$20894,$_AND_,Y,1587
109,$abc$20785$auto$blifparse.cc:397:parse_blif$20895,$_ORNOT_,Y,1588
110,$abc$20785$auto$blifparse.cc:397:parse_blif$20896,$_ORNOT_,Y,1589
111,$abc$20785$auto$blifparse.cc:397:parse_blif$20897,$_AND_,Y,1591
112,$abc$20785$auto$blifparse.cc:397:parse_blif$20898,$_NAND_,Y,1593
113,$abc$20785$auto$blifparse.cc:397:parse_blif$20899,$_NAND_,Y,1595
114,$abc$20785$auto$blifparse.cc:397:parse_blif$20900,$_AND_,Y,1596
115,$abc$20785$auto$blifparse.cc:397:parse_blif$20901,$_ORNOT_,Y,1597
116,$abc$20785$auto$blifparse.cc:397:parse_blif$20902,$_XNOR_,Y,1598
117,$abc$20785$auto$blifparse.cc:397:parse_blif$20903,$_AND_,Y,1600
118,$abc$20785$auto$blifparse.cc:397:parse_blif$20904,$_NAND_,Y,1602
119,$abc$20785$auto$blifparse.cc:397:parse_blif$20905,$_NAND_,Y,1604
120,$abc$20785$auto$blifparse.cc:397:parse_blif$20906,$_NAND_,Y,1605
121,$abc$20785$auto$blifparse.cc:397:parse_blif$20907,$_OR_,Y,1606
122,$abc$20785$auto$blifparse.cc:397:parse_blif$20908,$_NAND_,Y,1607
123,$abc$20785$auto$blifparse.cc:397:parse_blif$20909,$_AND_,Y,1609
124,$abc$20785$auto$blifparse.cc:397:parse_blif$20910,$_NAND_,Y,1611
125,$abc$20785$auto$blifparse.cc:397:parse_blif$20911,$_NAND_,Y,1613
126,$abc$20785$auto$blifparse.cc:397:parse_blif$20912,$_AND_,Y,1614
127,$abc$20785$auto$blifparse.cc:397:parse_blif$20913,$_ORNOT_,Y,1615
128,$abc$20785$auto$blifparse.cc:397:parse_blif$20914,$_XNOR_,Y,1616
129,$abc$20785$auto$blifparse.cc:397:parse_blif$20915,$_AND_,Y,1618
130,$abc$20785$auto$blifparse.cc:397:parse_blif$20916,$_NAND_,Y,1620
131,$abc$20785$auto$blifparse.cc:397:parse_blif$20917,$_NAND_,Y,1622
132,$abc$20785$auto$blifparse.cc:397:parse_blif$20918,$_AND_,Y,1623
133,$abc$20785$auto$blifparse.cc:397:parse_blif$20919,$_ORNOT_,Y,1624
134,$abc$20785$auto$blifparse.cc:397:parse_blif$20920,$_ORNOT_,Y,1625
135,$abc$20785$auto$blifparse.cc:397:parse_blif$20921,$_AND_,Y,1627
136,$abc$20785$auto$blifparse.cc:397:parse_blif$20922,$_NAND_,Y,1629
137,$abc$20785$auto$blifparse.cc:397:parse_blif$20923,$_NAND_,Y,1631
138,$abc$20785$auto$blifparse.cc:397:parse_blif$20924,$_AND_,Y,1632
139,$abc$20785$auto$blifparse.cc:397:parse_blif$20925,$_ORNOT_,Y,1633
140,$abc$20785$auto$blifparse.cc:397:parse_blif$20926,$_XNOR_,Y,1634
141,$abc$20785$auto$blifparse.cc:397:parse_blif$20927,$_AND_,Y,1636
142,$abc$20785$auto$blifparse.cc:397:parse_blif$20928,$_NAND_,Y,1638
143,$abc$20785$auto$blifparse.cc:397:parse_blif$20929,$_NAND_,Y,1640
144,$abc$20785$auto$blifparse.cc:397:parse_blif$20930,$_AND_,Y,1641
145,$abc$20785$auto$blifparse.cc:397:parse_blif$20931,$_ORNOT_,Y,1642
146,$abc$20785$auto$blifparse.cc:397:parse_blif$20932,$_ORNOT_,Y,1643
147,$abc$20785$auto$blifparse.cc:397:parse_blif$20933,$_AND_,Y,1645
148,$abc$20785$auto$blifparse.cc:397:parse_blif$20934,$_NAND_,Y,1647
149,$abc$20785$auto$blifparse.cc:397:parse_blif$20935,$_NAND_,Y,1649
150,$abc$20785$auto$blifparse.cc:397:parse_blif$20936,$_AND_,Y,1650
151,$abc$20785$auto$blifparse.cc:397:parse_blif$20937,$_ORNOT_,Y,1651
152,$abc$20785$auto$blifparse.cc:397:parse_blif$20938,$_XNOR_,Y,1652
153,$abc$20785$auto$blifparse.cc:397:parse_blif$20939,$_AND_,Y,1654
154,$abc$20785$auto$blifparse.cc:397:parse_blif$20940,$_NAND_,Y,1656
155,$abc$20785$auto$blifparse.cc:397:parse_blif$20941,$_NAND_,Y,1658
156,$abc$20785$auto$blifparse.cc:397:parse_blif$20942,$_AND_,Y,1659
157,$abc$20785$auto$blifparse.cc:397:parse_blif$20943,$_ORNOT_,Y,1660
158,$abc$20785$auto$blifparse.cc:397:parse_blif$20944,$_XNOR_,Y,1661
159,$abc$20785$auto$blifparse.cc:397:parse_blif$20945,$_AND_,Y,1663
160,$abc$20785$auto$blifparse.cc:397:parse_blif$20946,$_NAND_,Y,1665
161,$abc$20785$auto$blifparse.cc:397:parse_blif$20947,$_NAND_,Y,1667
162,$abc$20785$auto$blifparse.cc:397:parse_blif$20948,$_NAND_,Y,1668
163,$abc$20785$auto$blifparse.cc:397:parse_blif$20949,$_NAND_,Y,1669
164,$abc$20785$auto$blifparse.cc:397:parse_blif$20950,$_AND_,Y,1671
165,$abc$20785$auto$blifparse.cc:397:parse_blif$20951,$_NAND_,Y,1673
166,$abc$20785$auto$blifparse.cc:397:parse_blif$20952,$_NAND_,Y,1675
167,$abc$20785$auto$blifparse.cc:397:parse_blif$20953,$_AND_,Y,1676
168,$abc$20785$auto$blifparse.cc:397:parse_blif$20954,$_ORNOT_,Y,1677
169,$abc$20785$auto$blifparse.cc:397:parse_blif$20955,$_XNOR_,Y,1678
170,$abc$20785$auto$blifparse.cc:397:parse_blif$20956,$_AND_,Y,1680
171,$abc$20785$auto$blifparse.cc:397:parse_blif$20957,$_NAND_,Y,1682
172,$abc$20785$auto$blifparse.cc:397:parse_blif$20958,$_NAND_,Y,1684
173,$abc$20785$auto$blifparse.cc:397:parse_blif$20959,$_NAND_,Y,1685
174,$abc$20785$auto$blifparse.cc:397:parse_blif$20960,$_NAND_,Y,1686
175,$abc$20785$auto$blifparse.cc:397:parse_blif$20961,$_AND_,Y,1688
176,$abc$20785$auto$blifparse.cc:397:parse_blif$20962,$_NAND_,Y,1690
177,$abc$20785$auto$blifparse.cc:397:parse_blif$20963,$_NAND_,Y,1692
178,$abc$20785$auto$blifparse.cc:397:parse_blif$20964,$_NAND_,Y,1693
179,$abc$20785$auto$blifparse.cc:397:parse_blif$20965,$_NAND_,Y,1694
180,$abc$20785$auto$blifparse.cc:397:parse_blif$20966,$_AND_,Y,1696
181,$abc$20785$auto$blifparse.cc:397:parse_blif$20967,$_NAND_,Y,1698
182,$abc$20785$auto$blifparse.cc:397:parse_blif$20968,$_NAND_,Y,1700
183,$abc$20785$auto$blifparse.cc:397:parse_blif$20969,$_NAND_,Y,1701
184,$abc$20785$auto$blifparse.cc:397:parse_blif$20970,$_AND_,Y,1702
185,$abc$20785$auto$blifparse.cc:397:parse_blif$20971,$_XOR_,Y,1703
186,$abc$20785$auto$blifparse.cc:397:parse_blif$20972,$_NAND_,Y,1704
187,$abc$20785$auto$blifparse.cc:397:parse_blif$20973,$_NAND_,Y,1705
188,$abc$20785$auto$blifparse.cc:397:parse_blif$20974,$_XOR_,Y,1706
189,$abc$20785$auto$blifparse.cc:397:parse_blif$20975,$_NAND_,Y,1707
190,$abc$20785$auto$blifparse.cc:397:parse_blif$20976,$_NAND_,Y,1708
191,$abc$20785$auto$blifparse.cc:397:parse_blif$20977,$_NAND_,Y,1709
192,$abc$20785$auto$blifparse.cc:397:parse_blif$20978,$_NAND_,Y,1710
193,$abc$20785$auto$blifparse.cc:397:parse_blif$20979,$_XOR_,Y,1711
194,$abc$20785$auto$blifparse.cc:397:parse_blif$20980,$_NAND_,Y,1712
195,$abc$20785$auto$blifparse.cc:397:parse_blif$20981,$_AND_,Y,1713
196,$abc$20785$auto$blifparse.cc:397:parse_blif$20982,$_ORNOT_,Y,1714
197,$abc$20785$auto$blifparse.cc:397:parse_blif$20983,$_AND_,Y,1715
198,$abc$20785$auto$blifparse.cc:397:parse_blif$20984,$_ORNOT_,Y,1716
199,$abc$20785$auto$blifparse.cc:397:parse_blif$20985,$_AND_,Y,1717
200,$abc$20785$auto$blifparse.cc:397:parse_blif$20986,$_NAND_,Y,1718
201,$abc$20785$auto$blifparse.cc:397:parse_blif$20987,$_AND_,Y,1719
202,$abc$20785$auto$blifparse.cc:397:parse_blif$20988,$_NAND_,Y,1720
203,$abc$20785$auto$blifparse.cc:397:parse_blif$20989,$_AND_,Y,1721
204,$abc$20785$auto$blifparse.cc:397:parse_blif$20990,$_NAND_,Y,1722
205,$abc$20785$auto$blifparse.cc:397:parse_blif$20991,$_AND_,Y,1723
206,$abc$20785$auto$blifparse.cc:397:parse_blif$20992,$_NAND_,Y,1724
207,$abc$20785$auto$blifparse.cc:397:parse_blif$20993,$_AND_,Y,1725
208,$abc$20785$auto$blifparse.cc:397:parse_blif$20994,$_NAND_,Y,1726
209,$abc$20785$auto$blifparse.cc:397:parse_blif$20995,$_AND_,Y,1727
210,$abc$20785$auto$blifparse.cc:397:parse_blif$20996,$_NAND_,Y,1728
211,$abc$20785$auto$blifparse.cc:397:parse_blif$20997,$_AND_,Y,1729
212,$abc$20785$auto$blifparse.cc:397:parse_blif$20998,$_NAND_,Y,1730
213,$abc$20785$auto$blifparse.cc:397:parse_blif$20999,$_AND_,Y,1731
214,$abc$20785$auto$blifparse.cc:397:parse_blif$21000,$_NAND_,Y,1732
215,$abc$20785$auto$blifparse.cc:397:parse_blif$21001,$_NAND_,Y,1733
216,$abc$20785$auto$blifparse.cc:397:parse_blif$21002,$_NAND_,Y,1734
217,$abc$20785$auto$blifparse.cc:397:parse_blif$21003,$_AND_,Y,1735
218,$abc$20785$auto$blifparse.cc:397:parse_blif$21004,$_ORNOT_,Y,1736
219,$abc$20785$auto$blifparse.cc:397:parse_blif$21005,$_AND_,Y,1737
220,$abc$20785$auto$blifparse.cc:397:parse_blif$21006,$_NAND_,Y,1738
221,$abc$20785$auto$blifparse.cc:397:parse_blif$21007,$_AND_,Y,1739
222,$abc$20785$auto$blifparse.cc:397:parse_blif$21008,$_NAND_,Y,1740
223,$abc$20785$auto$blifparse.cc:397:parse_blif$21009,$_AND_,Y,1741
224,$abc$20785$auto$blifparse.cc:397:parse_blif$21010,$_NAND_,Y,1742
225,$abc$20785$auto$blifparse.cc:397:parse_blif$21011,$_AND_,Y,1743
226,$abc$20785$auto$blifparse.cc:397:parse_blif$21012,$_NAND_,Y,1744
227,$abc$20785$auto$blifparse.cc:397:parse_blif$21013,$_AND_,Y,1745
228,$abc$20785$auto$blifparse.cc:397:parse_blif$21014,$_NAND_,Y,1746
229,$abc$20785$auto$blifparse.cc:397:parse_blif$21015,$_AND_,Y,1747
230,$abc$20785$auto$blifparse.cc:397:parse_blif$21016,$_NAND_,Y,1748
231,$abc$20785$auto$blifparse.cc:397:parse_blif$21017,$_AND_,Y,1749
232,$abc$20785$auto$blifparse.cc:397:parse_blif$21018,$_NAND_,Y,1750
233,$abc$20785$auto$blifparse.cc:397:parse_blif$21019,$_AND_,Y,1751
234,$abc$20785$auto$blifparse.cc:397:parse_blif$21020,$_NAND_,Y,1752
235,$abc$20785$auto$blifparse.cc:397:parse_blif$21021,$_NAND_,Y,1753
236,$abc$20785$auto$blifparse.cc:397:parse_blif$21022,$_NAND_,Y,1754
237,$abc$20785$auto$blifparse.cc:397:parse_blif$21023,$_AND_,Y,1755
238,$abc$20785$auto$blifparse.cc:397:parse_blif$21024,$_ORNOT_,Y,1756
239,$abc$20785$auto$blifparse.cc:397:parse_blif$21025,$_NAND_,Y,1757
240,$abc$20785$auto$blifparse.cc:397:parse_blif$21026,$_NAND_,Y,1758
241,$abc$20785$auto$blifparse.cc:397:parse_blif$21027,$_AND_,Y,1759
242,$abc$20785$auto$blifparse.cc:397:parse_blif$21028,$_ORNOT_,Y,1760
243,$abc$20785$auto$blifparse.cc:397:parse_blif$21029,$_AND_,Y,1761
244,$abc$20785$auto$blifparse.cc:397:parse_blif$21030,$_NAND_,Y,1762
245,$abc$20785$auto$blifparse.cc:397:parse_blif$21031,$_AND_,Y,1763
246,$abc$20785$auto$blifparse.cc:397:parse_blif$21032,$_NAND_,Y,1764
247,$abc$20785$auto$blifparse.cc:397:parse_blif$21033,$_XOR_,Y,1765
248,$abc$20785$auto$blifparse.cc:397:parse_blif$21034,$_NAND_,Y,1767
249,$abc$20785$auto$blifparse.cc:397:parse_blif$21035,$_NAND_,Y,1769
250,$abc$20785$auto$blifparse.cc:397:parse_blif$21036,$_NAND_,Y,1770
251,$abc$20785$auto$blifparse.cc:397:parse_blif$21037,$_NAND_,Y,1772
252,$abc$20785$auto$blifparse.cc:397:parse_blif$21038,$_NAND_,Y,1774
253,$abc$20785$auto$blifparse.cc:397:parse_blif$21039,$_NAND_,Y,1775
254,$abc$20785$auto$blifparse.cc:397:parse_blif$21040,$_XOR_,Y,1776
255,$abc$20785$auto$blifparse.cc:397:parse_blif$21041,$_XNOR_,Y,1777
256,$abc$20785$auto$blifparse.cc:397:parse_blif$21042,$_ANDNOT_,Y,1778
257,$abc$20785$auto$blifparse.cc:397:parse_blif$21043,$_XNOR_,Y,1779
258,$abc$20785$auto$blifparse.cc:397:parse_blif$21044,$_NAND_,Y,1781
259,$abc$20785$auto$blifparse.cc:397:parse_blif$21045,$_NAND_,Y,1783
260,$abc$20785$auto$blifparse.cc:397:parse_blif$21046,$_AND_,Y,1784
261,$abc$20785$auto$blifparse.cc:397:parse_blif$21047,$_NAND_,Y,1786
262,$abc$20785$auto$blifparse.cc:397:parse_blif$21048,$_NAND_,Y,1788
263,$abc$20785$auto$blifparse.cc:397:parse_blif$21049,$_NAND_,Y,1789
264,$abc$20785$auto$blifparse.cc:397:parse_blif$21050,$_XOR_,Y,1790
265,$abc$20785$auto$blifparse.cc:397:parse_blif$21051,$_XNOR_,Y,1791
266,$abc$20785$auto$blifparse.cc:397:parse_blif$21052,$_NAND_,Y,1792
267,$abc$20785$auto$blifparse.cc:397:parse_blif$21053,$_OR_,Y,1793
268,$abc$20785$auto$blifparse.cc:397:parse_blif$21054,$_NAND_,Y,1795
269,$abc$20785$auto$blifparse.cc:397:parse_blif$21055,$_NAND_,Y,1797
270,$abc$20785$auto$blifparse.cc:397:parse_blif$21056,$_NAND_,Y,1798
271,$abc$20785$auto$blifparse.cc:397:parse_blif$21057,$_NAND_,Y,1800
272,$abc$20785$auto$blifparse.cc:397:parse_blif$21058,$_NAND_,Y,1802
273,$abc$20785$auto$blifparse.cc:397:parse_blif$21059,$_AND_,Y,1803
274,$abc$20785$auto$blifparse.cc:397:parse_blif$21060,$_XOR_,Y,1804
275,$abc$20785$auto$blifparse.cc:397:parse_blif$21061,$_XNOR_,Y,1805
276,$abc$20785$auto$blifparse.cc:397:parse_blif$21062,$_NAND_,Y,1806
277,$abc$20785$auto$blifparse.cc:397:parse_blif$21063,$_NAND_,Y,1808
278,$abc$20785$auto$blifparse.cc:397:parse_blif$21064,$_NAND_,Y,1810
279,$abc$20785$auto$blifparse.cc:397:parse_blif$21065,$_NAND_,Y,1811
280,$abc$20785$auto$blifparse.cc:397:parse_blif$21066,$_NAND_,Y,1813
281,$abc$20785$auto$blifparse.cc:397:parse_blif$21067,$_NAND_,Y,1815
282,$abc$20785$auto$blifparse.cc:397:parse_blif$21068,$_AND_,Y,1816
283,$abc$20785$auto$blifparse.cc:397:parse_blif$21069,$_AND_,Y,1817
284,$abc$20785$auto$blifparse.cc:397:parse_blif$21070,$_NAND_,Y,1819
285,$abc$20785$auto$blifparse.cc:397:parse_blif$21071,$_NAND_,Y,1821
286,$abc$20785$auto$blifparse.cc:397:parse_blif$21072,$_NAND_,Y,1823
287,$abc$20785$auto$blifparse.cc:397:parse_blif$21073,$_AND_,Y,1824
288,$abc$20785$auto$blifparse.cc:397:parse_blif$21074,$_XNOR_,Y,1825
289,$abc$20785$auto$blifparse.cc:397:parse_blif$21075,$_XNOR_,Y,1826
290,$abc$20785$auto$blifparse.cc:397:parse_blif$21076,$_XNOR_,Y,1827
291,$abc$20785$auto$blifparse.cc:397:parse_blif$21077,$_ANDNOT_,Y,1828
292,$abc$20785$auto$blifparse.cc:397:parse_blif$21078,$_XNOR_,Y,1829
293,$abc$20785$auto$blifparse.cc:397:parse_blif$21079,$_NAND_,Y,1831
294,$abc$20785$auto$blifparse.cc:397:parse_blif$21080,$_NAND_,Y,1833
295,$abc$20785$auto$blifparse.cc:397:parse_blif$21081,$_NAND_,Y,1834
296,$abc$20785$auto$blifparse.cc:397:parse_blif$21082,$_NAND_,Y,1836
297,$abc$20785$auto$blifparse.cc:397:parse_blif$21083,$_NAND_,Y,1838
298,$abc$20785$auto$blifparse.cc:397:parse_blif$21084,$_NAND_,Y,1839
299,$abc$20785$auto$blifparse.cc:397:parse_blif$21085,$_XNOR_,Y,1840
300,$abc$20785$auto$blifparse.cc:397:parse_blif$21086,$_ANDNOT_,Y,1841
301,$abc$20785$auto$blifparse.cc:397:parse_blif$21087,$_XNOR_,Y,1842
302,$abc$20785$auto$blifparse.cc:397:parse_blif$21088,$_NAND_,Y,1844
303,$abc$20785$auto$blifparse.cc:397:parse_blif$21089,$_NAND_,Y,1846
304,$abc$20785$auto$blifparse.cc:397:parse_blif$21090,$_NAND_,Y,1847
305,$abc$20785$auto$blifparse.cc:397:parse_blif$21091,$_NAND_,Y,1849
306,$abc$20785$auto$blifparse.cc:397:parse_blif$21092,$_NAND_,Y,1851
307,$abc$20785$auto$blifparse.cc:397:parse_blif$21093,$_AND_,Y,1852
308,$abc$20785$auto$blifparse.cc:397:parse_blif$21094,$_AND_,Y,1853
309,$abc$20785$auto$blifparse.cc:397:parse_blif$21095,$_XNOR_,Y,1854
310,$abc$20785$auto$blifparse.cc:397:parse_blif$21096,$_XNOR_,Y,1855
311,$abc$20785$auto$blifparse.cc:397:parse_blif$21097,$_OR_,Y,1856
312,$abc$20785$auto$blifparse.cc:397:parse_blif$21098,$_NAND_,Y,1857
313,$abc$20785$auto$blifparse.cc:397:parse_blif$21099,$_NAND_,Y,1859
314,$abc$20785$auto$blifparse.cc:397:parse_blif$21100,$_NAND_,Y,1861
315,$abc$20785$auto$blifparse.cc:397:parse_blif$21101,$_NAND_,Y,1862
316,$abc$20785$auto$blifparse.cc:397:parse_blif$21102,$_NAND_,Y,1864
317,$abc$20785$auto$blifparse.cc:397:parse_blif$21103,$_NAND_,Y,1866
318,$abc$20785$auto$blifparse.cc:397:parse_blif$21104,$_NAND_,Y,1867
319,$abc$20785$auto$blifparse.cc:397:parse_blif$21105,$_XNOR_,Y,1868
320,$abc$20785$auto$blifparse.cc:397:parse_blif$21106,$_XNOR_,Y,1869
321,$abc$20785$auto$blifparse.cc:397:parse_blif$21107,$_ANDNOT_,Y,1870
322,$abc$20785$auto$blifparse.cc:397:parse_blif$21108,$_XNOR_,Y,1871
323,$abc$20785$auto$blifparse.cc:397:parse_blif$21109,$_NAND_,Y,1873
324,$abc$20785$auto$blifparse.cc:397:parse_blif$21110,$_NAND_,Y,1875
325,$abc$20785$auto$blifparse.cc:397:parse_blif$21111,$_AND_,Y,1876
326,$abc$20785$auto$blifparse.cc:397:parse_blif$21112,$_NAND_,Y,1878
327,$abc$20785$auto$blifparse.cc:397:parse_blif$21113,$_NAND_,Y,1880
328,$abc$20785$auto$blifparse.cc:397:parse_blif$21114,$_AND_,Y,1881
329,$abc$20785$auto$blifparse.cc:397:parse_blif$21115,$_AND_,Y,1882
330,$abc$20785$auto$blifparse.cc:397:parse_blif$21116,$_XNOR_,Y,1883
331,$abc$20785$auto$blifparse.cc:397:parse_blif$21117,$_XNOR_,Y,1884
332,$abc$20785$auto$blifparse.cc:397:parse_blif$21118,$_OR_,Y,1885
333,$abc$20785$auto$blifparse.cc:397:parse_blif$21119,$_NAND_,Y,1886
334,$abc$20785$auto$blifparse.cc:397:parse_blif$21120,$_NAND_,Y,1888
335,$abc$20785$auto$blifparse.cc:397:parse_blif$21121,$_NAND_,Y,1890
336,$abc$20785$auto$blifparse.cc:397:parse_blif$21122,$_NAND_,Y,1891
337,$abc$20785$auto$blifparse.cc:397:parse_blif$21123,$_NAND_,Y,1893
338,$abc$20785$auto$blifparse.cc:397:parse_blif$21124,$_NAND_,Y,1895
339,$abc$20785$auto$blifparse.cc:397:parse_blif$21125,$_NAND_,Y,1896
340,$abc$20785$auto$blifparse.cc:397:parse_blif$21126,$_XNOR_,Y,1897
341,$abc$20785$auto$blifparse.cc:397:parse_blif$21127,$_XNOR_,Y,1898
342,$abc$20785$auto$blifparse.cc:397:parse_blif$21128,$_ANDNOT_,Y,1899
343,$abc$20785$auto$blifparse.cc:397:parse_blif$21129,$_XNOR_,Y,1900
344,$abc$20785$auto$blifparse.cc:397:parse_blif$21130,$_NAND_,Y,1902
345,$abc$20785$auto$blifparse.cc:397:parse_blif$21131,$_NAND_,Y,1904
346,$abc$20785$auto$blifparse.cc:397:parse_blif$21132,$_NAND_,Y,1905
347,$abc$20785$auto$blifparse.cc:397:parse_blif$21133,$_NAND_,Y,1907
348,$abc$20785$auto$blifparse.cc:397:parse_blif$21134,$_NAND_,Y,1909
349,$abc$20785$auto$blifparse.cc:397:parse_blif$21135,$_AND_,Y,1910
350,$abc$20785$auto$blifparse.cc:397:parse_blif$21136,$_AND_,Y,1911
351,$abc$20785$auto$blifparse.cc:397:parse_blif$21137,$_XNOR_,Y,1912
352,$abc$20785$auto$blifparse.cc:397:parse_blif$21138,$_XNOR_,Y,1913
353,$abc$20785$auto$blifparse.cc:397:parse_blif$21139,$_ANDNOT_,Y,1914
354,$abc$20785$auto$blifparse.cc:397:parse_blif$21140,$_XNOR_,Y,1915
355,$abc$20785$auto$blifparse.cc:397:parse_blif$21141,$_NAND_,Y,1917
356,$abc$20785$auto$blifparse.cc:397:parse_blif$21142,$_NAND_,Y,1919
357,$abc$20785$auto$blifparse.cc:397:parse_blif$21143,$_NAND_,Y,1920
358,$abc$20785$auto$blifparse.cc:397:parse_blif$21144,$_NAND_,Y,1922
359,$abc$20785$auto$blifparse.cc:397:parse_blif$21145,$_NAND_,Y,1924
360,$abc$20785$auto$blifparse.cc:397:parse_blif$21146,$_AND_,Y,1925
361,$abc$20785$auto$blifparse.cc:397:parse_blif$21147,$_XOR_,Y,1926
362,$abc$20785$auto$blifparse.cc:397:parse_blif$21148,$_XNOR_,Y,1927
363,$abc$20785$auto$blifparse.cc:397:parse_blif$21149,$_NAND_,Y,1928
364,$abc$20785$auto$blifparse.cc:397:parse_blif$21150,$_NAND_,Y,1930
365,$abc$20785$auto$blifparse.cc:397:parse_blif$21151,$_NAND_,Y,1932
366,$abc$20785$auto$blifparse.cc:397:parse_blif$21152,$_NAND_,Y,1933
367,$abc$20785$auto$blifparse.cc:397:parse_blif$21153,$_NAND_,Y,1935
368,$abc$20785$auto$blifparse.cc:397:parse_blif$21154,$_NAND_,Y,1937
369,$abc$20785$auto$blifparse.cc:397:parse_blif$21155,$_AND_,Y,1938
370,$abc$20785$auto$blifparse.cc:397:parse_blif$21156,$_NAND_,Y,1939
371,$abc$20785$auto$blifparse.cc:397:parse_blif$21157,$_XNOR_,Y,1940
372,$abc$20785$auto$blifparse.cc:397:parse_blif$21158,$_XNOR_,Y,1941
373,$abc$20785$auto$blifparse.cc:397:parse_blif$21159,$_ANDNOT_,Y,1942
374,$abc$20785$auto$blifparse.cc:397:parse_blif$21160,$_XNOR_,Y,1943
375,$abc$20785$auto$blifparse.cc:397:parse_blif$21161,$_NAND_,Y,1945
376,$abc$20785$auto$blifparse.cc:397:parse_blif$21162,$_NAND_,Y,1947
377,$abc$20785$auto$blifparse.cc:397:parse_blif$21163,$_NAND_,Y,1948
378,$abc$20785$auto$blifparse.cc:397:parse_blif$21164,$_NAND_,Y,1950
379,$abc$20785$auto$blifparse.cc:397:parse_blif$21165,$_NAND_,Y,1952
380,$abc$20785$auto$blifparse.cc:397:parse_blif$21166,$_NAND_,Y,1953
381,$abc$20785$auto$blifparse.cc:397:parse_blif$21167,$_XOR_,Y,1954
382,$abc$20785$auto$blifparse.cc:397:parse_blif$21168,$_XNOR_,Y,1955
383,$abc$20785$auto$blifparse.cc:397:parse_blif$21169,$_ANDNOT_,Y,1956
384,$abc$20785$auto$blifparse.cc:397:parse_blif$21170,$_XNOR_,Y,1957
385,$abc$20785$auto$blifparse.cc:397:parse_blif$21171,$_NAND_,Y,1959
386,$abc$20785$auto$blifparse.cc:397:parse_blif$21172,$_NAND_,Y,1961
387,$abc$20785$auto$blifparse.cc:397:parse_blif$21173,$_NAND_,Y,1962
388,$abc$20785$auto$blifparse.cc:397:parse_blif$21174,$_NAND_,Y,1964
389,$abc$20785$auto$blifparse.cc:397:parse_blif$21175,$_NAND_,Y,1966
390,$abc$20785$auto$blifparse.cc:397:parse_blif$21176,$_AND_,Y,1967
391,$abc$20785$auto$blifparse.cc:397:parse_blif$21177,$_AND_,Y,1968
392,$abc$20785$auto$blifparse.cc:397:parse_blif$21178,$_XOR_,Y,1969
393,$abc$20785$auto$blifparse.cc:397:parse_blif$21179,$_XNOR_,Y,1970
394,$abc$20785$auto$blifparse.cc:397:parse_blif$21180,$_ANDNOT_,Y,1971
395,$abc$20785$auto$blifparse.cc:397:parse_blif$21181,$_XNOR_,Y,1972
396,$abc$20785$auto$blifparse.cc:397:parse_blif$21182,$_NAND_,Y,1974
397,$abc$20785$auto$blifparse.cc:397:parse_blif$21183,$_NAND_,Y,1976
398,$abc$20785$auto$blifparse.cc:397:parse_blif$21184,$_NAND_,Y,1977
399,$abc$20785$auto$blifparse.cc:397:parse_blif$21185,$_NAND_,Y,1979
400,$abc$20785$auto$blifparse.cc:397:parse_blif$21186,$_NAND_,Y,1981
401,$abc$20785$auto$blifparse.cc:397:parse_blif$21187,$_AND_,Y,1982
402,$abc$20785$auto$blifparse.cc:397:parse_blif$21188,$_XOR_,Y,1983
403,$abc$20785$auto$blifparse.cc:397:parse_blif$21189,$_XNOR_,Y,1984
404,$abc$20785$auto$blifparse.cc:397:parse_blif$21190,$_NAND_,Y,1985
405,$abc$20785$auto$blifparse.cc:397:parse_blif$21191,$_NAND_,Y,1987
406,$abc$20785$auto$blifparse.cc:397:parse_blif$21192,$_NAND_,Y,1989
407,$abc$20785$auto$blifparse.cc:397:parse_blif$21193,$_NAND_,Y,1990
408,$abc$20785$auto$blifparse.cc:397:parse_blif$21194,$_NAND_,Y,1992
409,$abc$20785$auto$blifparse.cc:397:parse_blif$21195,$_NAND_,Y,1994
410,$abc$20785$auto$blifparse.cc:397:parse_blif$21196,$_AND_,Y,1995
411,$abc$20785$auto$blifparse.cc:397:parse_blif$21197,$_NAND_,Y,1996
412,$abc$20785$auto$blifparse.cc:397:parse_blif$21198,$_XNOR_,Y,1997
413,$abc$20785$auto$blifparse.cc:397:parse_blif$21199,$_XNOR_,Y,1998
414,$abc$20785$auto$blifparse.cc:397:parse_blif$21200,$_ANDNOT_,Y,1999
415,$abc$20785$auto$blifparse.cc:397:parse_blif$21201,$_XNOR_,Y,2000
416,$abc$20785$auto$blifparse.cc:397:parse_blif$21202,$_NAND_,Y,2002
417,$abc$20785$auto$blifparse.cc:397:parse_blif$21203,$_NAND_,Y,2004
418,$abc$20785$auto$blifparse.cc:397:parse_blif$21204,$_NAND_,Y,2005
419,$abc$20785$auto$blifparse.cc:397:parse_blif$21205,$_NAND_,Y,2007
420,$abc$20785$auto$blifparse.cc:397:parse_blif$21206,$_NAND_,Y,2009
421,$abc$20785$auto$blifparse.cc:397:parse_blif$21207,$_AND_,Y,2010
422,$abc$20785$auto$blifparse.cc:397:parse_blif$21208,$_XOR_,Y,2011
423,$abc$20785$auto$blifparse.cc:397:parse_blif$21209,$_XNOR_,Y,2012
424,$abc$20785$auto$blifparse.cc:397:parse_blif$21210,$_NAND_,Y,2013
425,$abc$20785$auto$blifparse.cc:397:parse_blif$21211,$_NAND_,Y,2015
426,$abc$20785$auto$blifparse.cc:397:parse_blif$21212,$_NAND_,Y,2017
427,$abc$20785$auto$blifparse.cc:397:parse_blif$21213,$_NAND_,Y,2018
428,$abc$20785$auto$blifparse.cc:397:parse_blif$21214,$_NAND_,Y,2020
429,$abc$20785$auto$blifparse.cc:397:parse_blif$21215,$_NAND_,Y,2022
430,$abc$20785$auto$blifparse.cc:397:parse_blif$21216,$_NAND_,Y,2023
431,$abc$20785$auto$blifparse.cc:397:parse_blif$21217,$_NAND_,Y,2024
432,$abc$20785$auto$blifparse.cc:397:parse_blif$21218,$_XNOR_,Y,2025
433,$abc$20785$auto$blifparse.cc:397:parse_blif$21219,$_XNOR_,Y,2026
434,$abc$20785$auto$blifparse.cc:397:parse_blif$21220,$_NAND_,Y,2027
435,$abc$20785$auto$blifparse.cc:397:parse_blif$21221,$_NAND_,Y,2029
436,$abc$20785$auto$blifparse.cc:397:parse_blif$21222,$_NAND_,Y,2031
437,$abc$20785$auto$blifparse.cc:397:parse_blif$21223,$_NAND_,Y,2032
438,$abc$20785$auto$blifparse.cc:397:parse_blif$21224,$_NAND_,Y,2034
439,$abc$20785$auto$blifparse.cc:397:parse_blif$21225,$_NAND_,Y,2036
440,$abc$20785$auto$blifparse.cc:397:parse_blif$21226,$_AND_,Y,2037
441,$abc$20785$auto$blifparse.cc:397:parse_blif$21227,$_XNOR_,Y,2038
442,$abc$20785$auto$blifparse.cc:397:parse_blif$21228,$_XNOR_,Y,2039
443,$abc$20785$auto$blifparse.cc:397:parse_blif$21229,$_AND_,Y,2040
444,$abc$20785$auto$blifparse.cc:397:parse_blif$21230,$_XOR_,Y,2041
445,$abc$20785$auto$blifparse.cc:397:parse_blif$21231,$_NAND_,Y,2042
446,$abc$20785$auto$blifparse.cc:397:parse_blif$21232,$_NAND_,Y,2043
447,$abc$20785$auto$blifparse.cc:397:parse_blif$21233,$_XOR_,Y,2044
448,$abc$20785$auto$blifparse.cc:397:parse_blif$21234,$_NAND_,Y,2045
449,$abc$20785$auto$blifparse.cc:397:parse_blif$21235,$_AND_,Y,2046
450,$abc$20785$auto$blifparse.cc:397:parse_blif$21236,$_ANDNOT_,Y,2047
451,$abc$20785$auto$blifparse.cc:397:parse_blif$21237,$_OR_,Y,2048
452,$abc$20785$auto$blifparse.cc:397:parse_blif$21238,$_XOR_,Y,2049
453,$abc$20785$auto$blifparse.cc:397:parse_blif$21239,$_NAND_,Y,2050
454,$abc$20785$auto$blifparse.cc:397:parse_blif$21240,$_AND_,Y,2051
455,$abc$20785$auto$blifparse.cc:397:parse_blif$21241,$_ANDNOT_,Y,2052
456,$abc$20785$auto$blifparse.cc:397:parse_blif$21242,$_NOR_,Y,2053
457,$abc$20785$auto$blifparse.cc:397:parse_blif$21243,$_ANDNOT_,Y,2054
458,$abc$20785$auto$blifparse.cc:397:parse_blif$21244,$_NOR_,Y,2055
459,$abc$20785$auto$blifparse.cc:397:parse_blif$21245,$_ANDNOT_,Y,2056
460,$abc$20785$auto$blifparse.cc:397:parse_blif$21246,$_OR_,Y,2057
461,$abc$20785$auto$blifparse.cc:397:parse_blif$21247,$_XOR_,Y,2058
462,$abc$20785$auto$blifparse.cc:397:parse_blif$21248,$_NAND_,Y,2059
463,$abc$20785$auto$blifparse.cc:397:parse_blif$21249,$_AND_,Y,2060
464,$abc$20785$auto$blifparse.cc:397:parse_blif$21250,$_ANDNOT_,Y,2061
465,$abc$20785$auto$blifparse.cc:397:parse_blif$21251,$_NOR_,Y,2062
466,$abc$20785$auto$blifparse.cc:397:parse_blif$21252,$_ANDNOT_,Y,2063
467,$abc$20785$auto$blifparse.cc:397:parse_blif$21253,$_OR_,Y,2064
468,$abc$20785$auto$blifparse.cc:397:parse_blif$21254,$_NAND_,Y,2065
469,$abc$20785$auto$blifparse.cc:397:parse_blif$21255,$_AND_,Y,2066
470,$abc$20785$auto$blifparse.cc:397:parse_blif$21256,$_ANDNOT_,Y,2067
471,$abc$20785$auto$blifparse.cc:397:parse_blif$21257,$_NOR_,Y,2068
472,$abc$20785$auto$blifparse.cc:397:parse_blif$21258,$_NAND_,Y,2069
473,$abc$20785$auto$blifparse.cc:397:parse_blif$21259,$_AND_,Y,2070
474,$abc$20785$auto$blifparse.cc:397:parse_blif$21260,$_AND_,Y,2071
475,$abc$20785$auto$blifparse.cc:397:parse_blif$21261,$_NOR_,Y,2072
476,$abc$20785$auto$blifparse.cc:397:parse_blif$21262,$_ANDNOT_,Y,2073
477,$abc$20785$auto$blifparse.cc:397:parse_blif$21263,$_OR_,Y,2074
478,$abc$20785$auto$blifparse.cc:397:parse_blif$21264,$_XOR_,Y,2075
479,$abc$20785$auto$blifparse.cc:397:parse_blif$21265,$_NAND_,Y,2076
480,$abc$20785$auto$blifparse.cc:397:parse_blif$21266,$_AND_,Y,2077
481,$abc$20785$auto$blifparse.cc:397:parse_blif$21267,$_NAND_,Y,2078
482,$abc$20785$auto$blifparse.cc:397:parse_blif$21268,$_AND_,Y,2079
483,$abc$20785$auto$blifparse.cc:397:parse_blif$21269,$_AND_,Y,2080
484,$abc$20785$auto$blifparse.cc:397:parse_blif$21270,$_XOR_,Y,2081
485,$abc$20785$auto$blifparse.cc:397:parse_blif$21271,$_XOR_,Y,2082
486,$abc$20785$auto$blifparse.cc:397:parse_blif$21272,$_ORNOT_,Y,2083
487,$abc$20785$auto$blifparse.cc:397:parse_blif$21273,$_XNOR_,Y,2084
488,$abc$20785$auto$blifparse.cc:397:parse_blif$21274,$_NAND_,Y,2085
489,$abc$20785$auto$blifparse.cc:397:parse_blif$21275,$_XNOR_,Y,2086
490,$abc$20785$auto$blifparse.cc:397:parse_blif$21276,$_XNOR_,Y,2087
491,$abc$20785$auto$blifparse.cc:397:parse_blif$21277,$_OR_,Y,2088
492,$abc$20785$auto$blifparse.cc:397:parse_blif$21278,$_NAND_,Y,2089
493,$abc$20785$auto$blifparse.cc:397:parse_blif$21279,$_XOR_,Y,2090
494,$abc$20785$auto$blifparse.cc:397:parse_blif$21280,$_XOR_,Y,2091
495,$abc$20785$auto$blifparse.cc:397:parse_blif$21281,$_ORNOT_,Y,2092
496,$abc$20785$auto$blifparse.cc:397:parse_blif$21282,$_XNOR_,Y,2093
497,$abc$20785$auto$blifparse.cc:397:parse_blif$21283,$_XNOR_,Y,2094
498,$abc$20785$auto$blifparse.cc:397:parse_blif$21284,$_XNOR_,Y,2095
499,$abc$20785$auto$blifparse.cc:397:parse_blif$21285,$_ANDNOT_,Y,2096
500,$abc$20785$auto$blifparse.cc:397:parse_blif$21286,$_ORNOT_,Y,2097
501,$abc$20785$auto$blifparse.cc:397:parse_blif$21287,$_XOR_,Y,2098
502,$abc$20785$auto$blifparse.cc:397:parse_blif$21288,$_XOR_,Y,2099
503,$abc$20785$auto$blifparse.cc:397:parse_blif$21289,$_ORNOT_,Y,2100
504,$abc$20785$auto$blifparse.cc:397:parse_blif$21290,$_XNOR_,Y,2101
505,$abc$20785$auto$blifparse.cc:397:parse_blif$21291,$_AND_,Y,2102
506,$abc$20785$auto$blifparse.cc:397:parse_blif$21292,$_XOR_,Y,2103
507,$abc$20785$auto$blifparse.cc:397:parse_blif$21293,$_XOR_,Y,2104
508,$abc$20785$auto$blifparse.cc:397:parse_blif$21294,$_ANDNOT_,Y,2105
509,$abc$20785$auto$blifparse.cc:397:parse_blif$21295,$_ORNOT_,Y,2106
510,$abc$20785$auto$blifparse.cc:397:parse_blif$21296,$_XNOR_,Y,2107
511,$abc$20785$auto$blifparse.cc:397:parse_blif$21297,$_XOR_,Y,2108
512,$abc$20785$auto$blifparse.cc:397:parse_blif$21298,$_ORNOT_,Y,2109
513,$abc$20785$auto$blifparse.cc:397:parse_blif$21299,$_XNOR_,Y,2110
514,$abc$20785$auto$blifparse.cc:397:parse_blif$21300,$_NAND_,Y,2111
515,$abc$20785$auto$blifparse.cc:397:parse_blif$21301,$_XNOR_,Y,2112
516,$abc$20785$auto$blifparse.cc:397:parse_blif$21302,$_XNOR_,Y,2113
517,$abc$20785$auto$blifparse.cc:397:parse_blif$21303,$_NAND_,Y,2114
518,$abc$20785$auto$blifparse.cc:397:parse_blif$21304,$_OR_,Y,2115
519,$abc$20785$auto$blifparse.cc:397:parse_blif$21305,$_XNOR_,Y,2116
520,$abc$20785$auto$blifparse.cc:397:parse_blif$21306,$_XOR_,Y,2117
521,$abc$20785$auto$blifparse.cc:397:parse_blif$21307,$_ORNOT_,Y,2118
522,$abc$20785$auto$blifparse.cc:397:parse_blif$21308,$_XNOR_,Y,2119
523,$abc$20785$auto$blifparse.cc:397:parse_blif$21309,$_XNOR_,Y,2120
524,$abc$20785$auto$blifparse.cc:397:parse_blif$21310,$_XNOR_,Y,2121
525,$abc$20785$auto$blifparse.cc:397:parse_blif$21311,$_ORNOT_,Y,2122
526,$abc$20785$auto$blifparse.cc:397:parse_blif$21312,$_ANDNOT_,Y,2123
527,$abc$20785$auto$blifparse.cc:397:parse_blif$21313,$_XOR_,Y,2124
528,$abc$20785$auto$blifparse.cc:397:parse_blif$21314,$_XOR_,Y,2125
529,$abc$20785$auto$blifparse.cc:397:parse_blif$21315,$_ORNOT_,Y,2126
530,$abc$20785$auto$blifparse.cc:397:parse_blif$21316,$_XNOR_,Y,2127
531,$abc$20785$auto$blifparse.cc:397:parse_blif$21317,$_XNOR_,Y,2128
532,$abc$20785$auto$blifparse.cc:397:parse_blif$21318,$_XNOR_,Y,2129
533,$abc$20785$auto$blifparse.cc:397:parse_blif$21319,$_ANDNOT_,Y,2130
534,$abc$20785$auto$blifparse.cc:397:parse_blif$21320,$_ORNOT_,Y,2131
535,$abc$20785$auto$blifparse.cc:397:parse_blif$21321,$_XNOR_,Y,2132
536,$abc$20785$auto$blifparse.cc:397:parse_blif$21322,$_XNOR_,Y,2133
537,$abc$20785$auto$blifparse.cc:397:parse_blif$21323,$_NAND_,Y,2134
538,$abc$20785$auto$blifparse.cc:397:parse_blif$21324,$_XOR_,Y,2135
539,$abc$20785$auto$blifparse.cc:397:parse_blif$21325,$_XNOR_,Y,2136
540,$abc$20785$auto$blifparse.cc:397:parse_blif$21326,$_XOR_,Y,2137
541,$abc$20785$auto$blifparse.cc:397:parse_blif$21327,$_OR_,Y,2138
542,$abc$20785$auto$blifparse.cc:397:parse_blif$21328,$_NAND_,Y,2139
543,$abc$20785$auto$blifparse.cc:397:parse_blif$21329,$_XOR_,Y,2140
544,$abc$20785$auto$blifparse.cc:397:parse_blif$21330,$_XNOR_,Y,2141
545,$abc$20785$auto$blifparse.cc:397:parse_blif$21331,$_ORNOT_,Y,2142
546,$abc$20785$auto$blifparse.cc:397:parse_blif$21332,$_XNOR_,Y,2143
547,$abc$20785$auto$blifparse.cc:397:parse_blif$21333,$_NAND_,Y,2144
548,$abc$20785$auto$blifparse.cc:397:parse_blif$21334,$_XNOR_,Y,2145
549,$abc$20785$auto$blifparse.cc:397:parse_blif$21335,$_XNOR_,Y,2146
550,$abc$20785$auto$blifparse.cc:397:parse_blif$21336,$_XNOR_,Y,2147
551,$abc$20785$auto$blifparse.cc:397:parse_blif$21337,$_OR_,Y,2148
552,$abc$20785$auto$blifparse.cc:397:parse_blif$21338,$_NAND_,Y,2149
553,$abc$20785$auto$blifparse.cc:397:parse_blif$21339,$_XOR_,Y,2150
554,$abc$20785$auto$blifparse.cc:397:parse_blif$21340,$_XOR_,Y,2151
555,$abc$20785$auto$blifparse.cc:397:parse_blif$21341,$_XNOR_,Y,2152
556,$abc$20785$auto$blifparse.cc:397:parse_blif$21342,$_ORNOT_,Y,2153
557,$abc$20785$auto$blifparse.cc:397:parse_blif$21343,$_XNOR_,Y,2154
558,$abc$20785$auto$blifparse.cc:397:parse_blif$21344,$_AND_,Y,2155
559,$abc$20785$auto$blifparse.cc:397:parse_blif$21345,$_XOR_,Y,2156
560,$abc$20785$auto$blifparse.cc:397:parse_blif$21346,$_XOR_,Y,2157
561,$abc$20785$auto$blifparse.cc:397:parse_blif$21347,$_XNOR_,Y,2158
562,$abc$20785$auto$blifparse.cc:397:parse_blif$21348,$_NAND_,Y,2159
563,$abc$20785$auto$blifparse.cc:397:parse_blif$21349,$_OR_,Y,2160
564,$abc$20785$auto$blifparse.cc:397:parse_blif$21350,$_XOR_,Y,2161
565,$abc$20785$auto$blifparse.cc:397:parse_blif$21351,$_XOR_,Y,2162
566,$abc$20785$auto$blifparse.cc:397:parse_blif$21352,$_XNOR_,Y,2163
567,$abc$20785$auto$blifparse.cc:397:parse_blif$21353,$_ORNOT_,Y,2164
568,$abc$20785$auto$blifparse.cc:397:parse_blif$21354,$_XNOR_,Y,2165
569,$abc$20785$auto$blifparse.cc:397:parse_blif$21355,$_AND_,Y,2166
570,$abc$20785$auto$blifparse.cc:397:parse_blif$21356,$_XNOR_,Y,2167
571,$abc$20785$auto$blifparse.cc:397:parse_blif$21357,$_NAND_,Y,2169
572,$abc$20785$auto$blifparse.cc:397:parse_blif$21358,$_NAND_,Y,2171
573,$abc$20785$auto$blifparse.cc:397:parse_blif$21359,$_NAND_,Y,2172
574,$abc$20785$auto$blifparse.cc:397:parse_blif$21360,$_NAND_,Y,2174
575,$abc$20785$auto$blifparse.cc:397:parse_blif$21361,$_NAND_,Y,2176
576,$abc$20785$auto$blifparse.cc:397:parse_blif$21362,$_NAND_,Y,2177
577,$abc$20785$auto$blifparse.cc:397:parse_blif$21363,$_XNOR_,Y,2178
578,$abc$20785$auto$blifparse.cc:397:parse_blif$21364,$_ANDNOT_,Y,2179
579,$abc$20785$auto$blifparse.cc:397:parse_blif$21365,$_XNOR_,Y,2180
580,$abc$20785$auto$blifparse.cc:397:parse_blif$21366,$_NAND_,Y,2182
581,$abc$20785$auto$blifparse.cc:397:parse_blif$21367,$_NAND_,Y,2184
582,$abc$20785$auto$blifparse.cc:397:parse_blif$21368,$_NAND_,Y,2185
583,$abc$20785$auto$blifparse.cc:397:parse_blif$21369,$_NAND_,Y,2187
584,$abc$20785$auto$blifparse.cc:397:parse_blif$21370,$_NAND_,Y,2189
585,$abc$20785$auto$blifparse.cc:397:parse_blif$21371,$_NAND_,Y,2190
586,$abc$20785$auto$blifparse.cc:397:parse_blif$21372,$_XNOR_,Y,2191
587,$abc$20785$auto$blifparse.cc:397:parse_blif$21373,$_NAND_,Y,2192
588,$abc$20785$auto$blifparse.cc:397:parse_blif$21374,$_OR_,Y,2193
589,$abc$20785$auto$blifparse.cc:397:parse_blif$21375,$_NAND_,Y,2195
590,$abc$20785$auto$blifparse.cc:397:parse_blif$21376,$_NAND_,Y,2197
591,$abc$20785$auto$blifparse.cc:397:parse_blif$21377,$_NAND_,Y,2198
592,$abc$20785$auto$blifparse.cc:397:parse_blif$21378,$_NAND_,Y,2200
593,$abc$20785$auto$blifparse.cc:397:parse_blif$21379,$_NAND_,Y,2202
594,$abc$20785$auto$blifparse.cc:397:parse_blif$21380,$_NAND_,Y,2203
595,$abc$20785$auto$blifparse.cc:397:parse_blif$21381,$_XNOR_,Y,2204
596,$abc$20785$auto$blifparse.cc:397:parse_blif$21382,$_ANDNOT_,Y,2205
597,$abc$20785$auto$blifparse.cc:397:parse_blif$21383,$_XNOR_,Y,2206
598,$abc$20785$auto$blifparse.cc:397:parse_blif$21384,$_NAND_,Y,2208
599,$abc$20785$auto$blifparse.cc:397:parse_blif$21385,$_NAND_,Y,2210
600,$abc$20785$auto$blifparse.cc:397:parse_blif$21386,$_NAND_,Y,2211
601,$abc$20785$auto$blifparse.cc:397:parse_blif$21387,$_NAND_,Y,2213
602,$abc$20785$auto$blifparse.cc:397:parse_blif$21388,$_NAND_,Y,2215
603,$abc$20785$auto$blifparse.cc:397:parse_blif$21389,$_AND_,Y,2216
604,$abc$20785$auto$blifparse.cc:397:parse_blif$21390,$_XNOR_,Y,2217
605,$abc$20785$auto$blifparse.cc:397:parse_blif$21391,$_OR_,Y,2218
606,$abc$20785$auto$blifparse.cc:397:parse_blif$21392,$_NAND_,Y,2219
607,$abc$20785$auto$blifparse.cc:397:parse_blif$21393,$_NAND_,Y,2221
608,$abc$20785$auto$blifparse.cc:397:parse_blif$21394,$_NAND_,Y,2223
609,$abc$20785$auto$blifparse.cc:397:parse_blif$21395,$_NAND_,Y,2224
610,$abc$20785$auto$blifparse.cc:397:parse_blif$21396,$_NAND_,Y,2226
611,$abc$20785$auto$blifparse.cc:397:parse_blif$21397,$_NAND_,Y,2228
612,$abc$20785$auto$blifparse.cc:397:parse_blif$21398,$_NAND_,Y,2229
613,$abc$20785$auto$blifparse.cc:397:parse_blif$21399,$_XOR_,Y,2230
614,$abc$20785$auto$blifparse.cc:397:parse_blif$21400,$_XNOR_,Y,2231
615,$abc$20785$auto$blifparse.cc:397:parse_blif$21401,$_ANDNOT_,Y,2232
616,$abc$20785$auto$blifparse.cc:397:parse_blif$21402,$_XNOR_,Y,2233
617,$abc$20785$auto$blifparse.cc:397:parse_blif$21403,$_NAND_,Y,2235
618,$abc$20785$auto$blifparse.cc:397:parse_blif$21404,$_NAND_,Y,2237
619,$abc$20785$auto$blifparse.cc:397:parse_blif$21405,$_NAND_,Y,2238
620,$abc$20785$auto$blifparse.cc:397:parse_blif$21406,$_NAND_,Y,2240
621,$abc$20785$auto$blifparse.cc:397:parse_blif$21407,$_NAND_,Y,2242
622,$abc$20785$auto$blifparse.cc:397:parse_blif$21408,$_NAND_,Y,2243
623,$abc$20785$auto$blifparse.cc:397:parse_blif$21409,$_AND_,Y,2244
624,$abc$20785$auto$blifparse.cc:397:parse_blif$21410,$_XNOR_,Y,2245
625,$abc$20785$auto$blifparse.cc:397:parse_blif$21411,$_XNOR_,Y,2246
626,$abc$20785$auto$blifparse.cc:397:parse_blif$21412,$_ORNOT_,Y,2247
627,$abc$20785$auto$blifparse.cc:397:parse_blif$21413,$_ANDNOT_,Y,2248
628,$abc$20785$auto$blifparse.cc:397:parse_blif$21414,$_NAND_,Y,2250
629,$abc$20785$auto$blifparse.cc:397:parse_blif$21415,$_NAND_,Y,2252
630,$abc$20785$auto$blifparse.cc:397:parse_blif$21416,$_NAND_,Y,2253
631,$abc$20785$auto$blifparse.cc:397:parse_blif$21417,$_NAND_,Y,2255
632,$abc$20785$auto$blifparse.cc:397:parse_blif$21418,$_NAND_,Y,2257
633,$abc$20785$auto$blifparse.cc:397:parse_blif$21419,$_NAND_,Y,2258
634,$abc$20785$auto$blifparse.cc:397:parse_blif$21420,$_XOR_,Y,2259
635,$abc$20785$auto$blifparse.cc:397:parse_blif$21421,$_XNOR_,Y,2260
636,$abc$20785$auto$blifparse.cc:397:parse_blif$21422,$_ANDNOT_,Y,2261
637,$abc$20785$auto$blifparse.cc:397:parse_blif$21423,$_XNOR_,Y,2262
638,$abc$20785$auto$blifparse.cc:397:parse_blif$21424,$_NAND_,Y,2264
639,$abc$20785$auto$blifparse.cc:397:parse_blif$21425,$_NAND_,Y,2266
640,$abc$20785$auto$blifparse.cc:397:parse_blif$21426,$_NAND_,Y,2267
641,$abc$20785$auto$blifparse.cc:397:parse_blif$21427,$_NAND_,Y,2269
642,$abc$20785$auto$blifparse.cc:397:parse_blif$21428,$_NAND_,Y,2271
643,$abc$20785$auto$blifparse.cc:397:parse_blif$21429,$_AND_,Y,2272
644,$abc$20785$auto$blifparse.cc:397:parse_blif$21430,$_AND_,Y,2273
645,$abc$20785$auto$blifparse.cc:397:parse_blif$21431,$_XNOR_,Y,2274
646,$abc$20785$auto$blifparse.cc:397:parse_blif$21432,$_XNOR_,Y,2275
647,$abc$20785$auto$blifparse.cc:397:parse_blif$21433,$_NAND_,Y,2276
648,$abc$20785$auto$blifparse.cc:397:parse_blif$21434,$_OR_,Y,2277
649,$abc$20785$auto$blifparse.cc:397:parse_blif$21435,$_NAND_,Y,2279
650,$abc$20785$auto$blifparse.cc:397:parse_blif$21436,$_NAND_,Y,2281
651,$abc$20785$auto$blifparse.cc:397:parse_blif$21437,$_NAND_,Y,2282
652,$abc$20785$auto$blifparse.cc:397:parse_blif$21438,$_NAND_,Y,2284
653,$abc$20785$auto$blifparse.cc:397:parse_blif$21439,$_NAND_,Y,2286
654,$abc$20785$auto$blifparse.cc:397:parse_blif$21440,$_NAND_,Y,2287
655,$abc$20785$auto$blifparse.cc:397:parse_blif$21441,$_XNOR_,Y,2288
656,$abc$20785$auto$blifparse.cc:397:parse_blif$21442,$_XNOR_,Y,2289
657,$abc$20785$auto$blifparse.cc:397:parse_blif$21443,$_ANDNOT_,Y,2290
658,$abc$20785$auto$blifparse.cc:397:parse_blif$21444,$_XNOR_,Y,2291
659,$abc$20785$auto$blifparse.cc:397:parse_blif$21445,$_NAND_,Y,2293
660,$abc$20785$auto$blifparse.cc:397:parse_blif$21446,$_NAND_,Y,2295
661,$abc$20785$auto$blifparse.cc:397:parse_blif$21447,$_AND_,Y,2296
662,$abc$20785$auto$blifparse.cc:397:parse_blif$21448,$_NAND_,Y,2298
663,$abc$20785$auto$blifparse.cc:397:parse_blif$21449,$_NAND_,Y,2300
664,$abc$20785$auto$blifparse.cc:397:parse_blif$21450,$_NAND_,Y,2301
665,$abc$20785$auto$blifparse.cc:397:parse_blif$21451,$_XNOR_,Y,2302
666,$abc$20785$auto$blifparse.cc:397:parse_blif$21452,$_XNOR_,Y,2303
667,$abc$20785$auto$blifparse.cc:397:parse_blif$21453,$_NAND_,Y,2304
668,$abc$20785$auto$blifparse.cc:397:parse_blif$21454,$_OR_,Y,2305
669,$abc$20785$auto$blifparse.cc:397:parse_blif$21455,$_NAND_,Y,2307
670,$abc$20785$auto$blifparse.cc:397:parse_blif$21456,$_NAND_,Y,2309
671,$abc$20785$auto$blifparse.cc:397:parse_blif$21457,$_NAND_,Y,2310
672,$abc$20785$auto$blifparse.cc:397:parse_blif$21458,$_NAND_,Y,2312
673,$abc$20785$auto$blifparse.cc:397:parse_blif$21459,$_NAND_,Y,2314
674,$abc$20785$auto$blifparse.cc:397:parse_blif$21460,$_NAND_,Y,2315
675,$abc$20785$auto$blifparse.cc:397:parse_blif$21461,$_XOR_,Y,2316
676,$abc$20785$auto$blifparse.cc:397:parse_blif$21462,$_XNOR_,Y,2317
677,$abc$20785$auto$blifparse.cc:397:parse_blif$21463,$_ANDNOT_,Y,2318
678,$abc$20785$auto$blifparse.cc:397:parse_blif$21464,$_XNOR_,Y,2319
679,$abc$20785$auto$blifparse.cc:397:parse_blif$21465,$_NAND_,Y,2321
680,$abc$20785$auto$blifparse.cc:397:parse_blif$21466,$_NAND_,Y,2323
681,$abc$20785$auto$blifparse.cc:397:parse_blif$21467,$_NAND_,Y,2324
682,$abc$20785$auto$blifparse.cc:397:parse_blif$21468,$_NAND_,Y,2326
683,$abc$20785$auto$blifparse.cc:397:parse_blif$21469,$_NAND_,Y,2328
684,$abc$20785$auto$blifparse.cc:397:parse_blif$21470,$_AND_,Y,2329
685,$abc$20785$auto$blifparse.cc:397:parse_blif$21471,$_XOR_,Y,2330
686,$abc$20785$auto$blifparse.cc:397:parse_blif$21472,$_XNOR_,Y,2331
687,$abc$20785$auto$blifparse.cc:397:parse_blif$21473,$_OR_,Y,2332
688,$abc$20785$auto$blifparse.cc:397:parse_blif$21474,$_NAND_,Y,2333
689,$abc$20785$auto$blifparse.cc:397:parse_blif$21475,$_NOR_,Y,2334
690,$abc$20785$auto$blifparse.cc:397:parse_blif$21476,$_NAND_,Y,2335
691,$abc$20785$auto$blifparse.cc:397:parse_blif$21477,$_AND_,Y,2336
692,$abc$20785$auto$blifparse.cc:397:parse_blif$21478,$_AND_,Y,2337
693,$abc$20785$auto$blifparse.cc:397:parse_blif$21479,$_NOR_,Y,2338
694,$abc$20785$auto$blifparse.cc:397:parse_blif$21480,$_NAND_,Y,2339
695,$abc$20785$auto$blifparse.cc:397:parse_blif$21481,$_AND_,Y,2340
696,$abc$20785$auto$blifparse.cc:397:parse_blif$21482,$_AND_,Y,2341
697,$abc$20785$auto$blifparse.cc:397:parse_blif$21483,$_OR_,Y,2342
698,$abc$20785$auto$blifparse.cc:397:parse_blif$21484,$_NAND_,Y,2343
699,$abc$20785$auto$blifparse.cc:397:parse_blif$21485,$_AND_,Y,2344
700,$abc$20785$auto$blifparse.cc:397:parse_blif$21486,$_ANDNOT_,Y,2345
701,$abc$20785$auto$blifparse.cc:397:parse_blif$21487,$_NOR_,Y,2346
702,$abc$20785$auto$blifparse.cc:397:parse_blif$21488,$_ORNOT_,Y,2347
703,$abc$20785$auto$blifparse.cc:397:parse_blif$21489,$_AND_,Y,2348
704,$abc$20785$auto$blifparse.cc:397:parse_blif$21490,$_AND_,Y,2349
705,$abc$20785$auto$blifparse.cc:397:parse_blif$21491,$_NOR_,Y,2350
706,$abc$20785$auto$blifparse.cc:397:parse_blif$21492,$_NAND_,Y,2351
707,$abc$20785$auto$blifparse.cc:397:parse_blif$21493,$_AND_,Y,2352
708,$abc$20785$auto$blifparse.cc:397:parse_blif$21494,$_AND_,Y,2353
709,$abc$20785$auto$blifparse.cc:397:parse_blif$21495,$_OR_,Y,2354
710,$abc$20785$auto$blifparse.cc:397:parse_blif$21496,$_NAND_,Y,2355
711,$abc$20785$auto$blifparse.cc:397:parse_blif$21497,$_AND_,Y,2356
712,$abc$20785$auto$blifparse.cc:397:parse_blif$21498,$_ANDNOT_,Y,2357
713,$abc$20785$auto$blifparse.cc:397:parse_blif$21499,$_NOR_,Y,2358
714,$abc$20785$auto$blifparse.cc:397:parse_blif$21500,$_NAND_,Y,2360
715,$abc$20785$auto$blifparse.cc:397:parse_blif$21501,$_NAND_,Y,2362
716,$abc$20785$auto$blifparse.cc:397:parse_blif$21502,$_AND_,Y,2363
717,$abc$20785$auto$blifparse.cc:397:parse_blif$21503,$_NAND_,Y,2365
718,$abc$20785$auto$blifparse.cc:397:parse_blif$21504,$_NAND_,Y,2367
719,$abc$20785$auto$blifparse.cc:397:parse_blif$21505,$_NAND_,Y,2368
720,$abc$20785$auto$blifparse.cc:397:parse_blif$21506,$_XNOR_,Y,2369
721,$abc$20785$auto$blifparse.cc:397:parse_blif$21507,$_XNOR_,Y,2370
722,$abc$20785$auto$blifparse.cc:397:parse_blif$21508,$_XNOR_,Y,2371
723,$abc$20785$auto$blifparse.cc:397:parse_blif$21509,$_XOR_,Y,2372
724,$abc$20785$auto$blifparse.cc:397:parse_blif$21510,$_OR_,Y,2373
725,$abc$20785$auto$blifparse.cc:397:parse_blif$21511,$_NAND_,Y,2374
726,$abc$20785$auto$blifparse.cc:397:parse_blif$21512,$_XNOR_,Y,2375
727,$abc$20785$auto$blifparse.cc:397:parse_blif$21513,$_XOR_,Y,2376
728,$abc$20785$auto$blifparse.cc:397:parse_blif$21514,$_ORNOT_,Y,2377
729,$abc$20785$auto$blifparse.cc:397:parse_blif$21515,$_XNOR_,Y,2378
730,$abc$20785$auto$blifparse.cc:397:parse_blif$21516,$_AND_,Y,2379
731,$abc$20785$auto$blifparse.cc:397:parse_blif$21517,$_XNOR_,Y,2380
732,$abc$20785$auto$blifparse.cc:397:parse_blif$21518,$_XNOR_,Y,2381
733,$abc$20785$auto$blifparse.cc:397:parse_blif$21519,$_ORNOT_,Y,2382
734,$abc$20785$auto$blifparse.cc:397:parse_blif$21520,$_ORNOT_,Y,2383
735,$abc$20785$auto$blifparse.cc:397:parse_blif$21521,$_XOR_,Y,2384
736,$abc$20785$auto$blifparse.cc:397:parse_blif$21522,$_XNOR_,Y,2385
737,$abc$20785$auto$blifparse.cc:397:parse_blif$21523,$_NAND_,Y,2386
738,$abc$20785$auto$blifparse.cc:397:parse_blif$21524,$_AND_,Y,2387
739,$abc$20785$auto$blifparse.cc:397:parse_blif$21525,$_XNOR_,Y,2388
740,$abc$20785$auto$blifparse.cc:397:parse_blif$21526,$_XNOR_,Y,2389
741,$abc$20785$auto$blifparse.cc:397:parse_blif$21527,$_NAND_,Y,2390
742,$abc$20785$auto$blifparse.cc:397:parse_blif$21528,$_XOR_,Y,2391
743,$abc$20785$auto$blifparse.cc:397:parse_blif$21529,$_XOR_,Y,2392
744,$abc$20785$auto$blifparse.cc:397:parse_blif$21530,$_XOR_,Y,2393
745,$abc$20785$auto$blifparse.cc:397:parse_blif$21531,$_ORNOT_,Y,2394
746,$abc$20785$auto$blifparse.cc:397:parse_blif$21532,$_XNOR_,Y,2395
747,$abc$20785$auto$blifparse.cc:397:parse_blif$21533,$_ANDNOT_,Y,2396
748,$abc$20785$auto$blifparse.cc:397:parse_blif$21534,$_XNOR_,Y,2397
749,$abc$20785$auto$blifparse.cc:397:parse_blif$21535,$_XNOR_,Y,2398
750,$abc$20785$auto$blifparse.cc:397:parse_blif$21536,$_ORNOT_,Y,2399
751,$abc$20785$auto$blifparse.cc:397:parse_blif$21537,$_XNOR_,Y,2400
752,$abc$20785$auto$blifparse.cc:397:parse_blif$21538,$_XNOR_,Y,2401
753,$abc$20785$auto$blifparse.cc:397:parse_blif$21539,$_XNOR_,Y,2402
754,$abc$20785$auto$blifparse.cc:397:parse_blif$21540,$_NAND_,Y,2403
755,$abc$20785$auto$blifparse.cc:397:parse_blif$21541,$_AND_,Y,2404
756,$abc$20785$auto$blifparse.cc:397:parse_blif$21542,$_XNOR_,Y,2405
757,$abc$20785$auto$blifparse.cc:397:parse_blif$21543,$_XNOR_,Y,2406
758,$abc$20785$auto$blifparse.cc:397:parse_blif$21544,$_NAND_,Y,2407
759,$abc$20785$auto$blifparse.cc:397:parse_blif$21545,$_XOR_,Y,2408
760,$abc$20785$auto$blifparse.cc:397:parse_blif$21546,$_XOR_,Y,2409
761,$abc$20785$auto$blifparse.cc:397:parse_blif$21547,$_XNOR_,Y,2410
762,$abc$20785$auto$blifparse.cc:397:parse_blif$21548,$_NAND_,Y,2411
763,$abc$20785$auto$blifparse.cc:397:parse_blif$21549,$_AND_,Y,2412
764,$abc$20785$auto$blifparse.cc:397:parse_blif$21550,$_XNOR_,Y,2413
765,$abc$20785$auto$blifparse.cc:397:parse_blif$21551,$_XNOR_,Y,2414
766,$abc$20785$auto$blifparse.cc:397:parse_blif$21552,$_NAND_,Y,2415
767,$abc$20785$auto$blifparse.cc:397:parse_blif$21553,$_XOR_,Y,2416
768,$abc$20785$auto$blifparse.cc:397:parse_blif$21554,$_XNOR_,Y,2417
769,$abc$20785$auto$blifparse.cc:397:parse_blif$21555,$_AND_,Y,2418
770,$abc$20785$auto$blifparse.cc:397:parse_blif$21556,$_XOR_,Y,2419
771,$abc$20785$auto$blifparse.cc:397:parse_blif$21557,$_NAND_,Y,2420
772,$abc$20785$auto$blifparse.cc:397:parse_blif$21558,$_NAND_,Y,2421
773,$abc$20785$auto$blifparse.cc:397:parse_blif$21559,$_XOR_,Y,2422
774,$abc$20785$auto$blifparse.cc:397:parse_blif$21560,$_NAND_,Y,2423
775,$abc$20785$auto$blifparse.cc:397:parse_blif$21561,$_NAND_,Y,2424
776,$abc$20785$auto$blifparse.cc:397:parse_blif$21562,$_NAND_,Y,2425
777,$abc$20785$auto$blifparse.cc:397:parse_blif$21563,$_NAND_,Y,2426
778,$abc$20785$auto$blifparse.cc:397:parse_blif$21564,$_XOR_,Y,2427
779,$abc$20785$auto$blifparse.cc:397:parse_blif$21565,$_NAND_,Y,2428
780,$abc$20785$auto$blifparse.cc:397:parse_blif$21566,$_AND_,Y,2429
781,$abc$20785$auto$blifparse.cc:397:parse_blif$21567,$_ORNOT_,Y,2430
782,$abc$20785$auto$blifparse.cc:397:parse_blif$21568,$_AND_,Y,2431
783,$abc$20785$auto$blifparse.cc:397:parse_blif$21569,$_ORNOT_,Y,2432
784,$abc$20785$auto$blifparse.cc:397:parse_blif$21570,$_NAND_,Y,2433
785,$abc$20785$auto$blifparse.cc:397:parse_blif$21571,$_NAND_,Y,2434
786,$abc$20785$auto$blifparse.cc:397:parse_blif$21572,$_NAND_,Y,2435
787,$abc$20785$auto$blifparse.cc:397:parse_blif$21573,$_XOR_,Y,2436
788,$abc$20785$auto$blifparse.cc:397:parse_blif$21574,$_NAND_,Y,2437
789,$abc$20785$auto$blifparse.cc:397:parse_blif$21575,$_AND_,Y,2438
790,$abc$20785$auto$blifparse.cc:397:parse_blif$21576,$_NAND_,Y,2439
791,$abc$20785$auto$blifparse.cc:397:parse_blif$21577,$_AND_,Y,2440
792,$abc$20785$auto$blifparse.cc:397:parse_blif$21578,$_NAND_,Y,2441
793,$abc$20785$auto$blifparse.cc:397:parse_blif$21579,$_AND_,Y,2442
794,$abc$20785$auto$blifparse.cc:397:parse_blif$21580,$_NAND_,Y,2443
795,$abc$20785$auto$blifparse.cc:397:parse_blif$21581,$_AND_,Y,2444
796,$abc$20785$auto$blifparse.cc:397:parse_blif$21582,$_NAND_,Y,2445
797,$abc$20785$auto$blifparse.cc:397:parse_blif$21583,$_AND_,Y,2446
798,$abc$20785$auto$blifparse.cc:397:parse_blif$21584,$_NAND_,Y,2447
799,$abc$20785$auto$blifparse.cc:397:parse_blif$21585,$_AND_,Y,2448
800,$abc$20785$auto$blifparse.cc:397:parse_blif$21586,$_NAND_,Y,2449
801,$abc$20785$auto$blifparse.cc:397:parse_blif$21587,$_AND_,Y,2450
802,$abc$20785$auto$blifparse.cc:397:parse_blif$21588,$_NAND_,Y,2451
803,$abc$20785$auto$blifparse.cc:397:parse_blif$21589,$_AND_,Y,2452
804,$abc$20785$auto$blifparse.cc:397:parse_blif$21590,$_NAND_,Y,2453
805,$abc$20785$auto$blifparse.cc:397:parse_blif$21591,$_NAND_,Y,2454
806,$abc$20785$auto$blifparse.cc:397:parse_blif$21592,$_NAND_,Y,2455
807,$abc$20785$auto$blifparse.cc:397:parse_blif$21593,$_NAND_,Y,2456
808,$abc$20785$auto$blifparse.cc:397:parse_blif$21594,$_NAND_,Y,2457
809,$abc$20785$auto$blifparse.cc:397:parse_blif$21595,$_AND_,Y,2458
810,$abc$20785$auto$blifparse.cc:397:parse_blif$21596,$_AND_,Y,2459
811,$abc$20785$auto$blifparse.cc:397:parse_blif$21597,$_NOR_,Y,2460
812,$abc$20785$auto$blifparse.cc:397:parse_blif$21598,$_NAND_,Y,2461
813,$abc$20785$auto$blifparse.cc:397:parse_blif$21599,$_NAND_,Y,2462
814,$abc$20785$auto$blifparse.cc:397:parse_blif$21600,$_ORNOT_,Y,2463
815,$abc$20785$auto$blifparse.cc:397:parse_blif$21601,$_AND_,Y,2464
816,$abc$20785$auto$blifparse.cc:397:parse_blif$21602,$_ORNOT_,Y,2465
817,$abc$20785$auto$blifparse.cc:397:parse_blif$21603,$_AND_,Y,2466
818,$abc$20785$auto$blifparse.cc:397:parse_blif$21604,$_NAND_,Y,2467
819,$abc$20785$auto$blifparse.cc:397:parse_blif$21605,$_AND_,Y,2468
820,$abc$20785$auto$blifparse.cc:397:parse_blif$21606,$_NAND_,Y,2469
821,$abc$20785$auto$blifparse.cc:397:parse_blif$21607,$_AND_,Y,2470
822,$abc$20785$auto$blifparse.cc:397:parse_blif$21608,$_AND_,Y,2471
823,$abc$20785$auto$blifparse.cc:397:parse_blif$21609,$_NOR_,Y,2472
824,$abc$20785$auto$blifparse.cc:397:parse_blif$21610,$_NAND_,Y,2473
825,$abc$20785$auto$blifparse.cc:397:parse_blif$21611,$_AND_,Y,2474
826,$abc$20785$auto$blifparse.cc:397:parse_blif$21612,$_AND_,Y,2475
827,$abc$20785$auto$blifparse.cc:397:parse_blif$21613,$_NOR_,Y,2476
828,$abc$20785$auto$blifparse.cc:397:parse_blif$21614,$_NAND_,Y,2477
829,$abc$20785$auto$blifparse.cc:397:parse_blif$21615,$_AND_,Y,2478
830,$abc$20785$auto$blifparse.cc:397:parse_blif$21616,$_NAND_,Y,2479
831,$abc$20785$auto$blifparse.cc:397:parse_blif$21617,$_AND_,Y,2480
832,$abc$20785$auto$blifparse.cc:397:parse_blif$21618,$_NAND_,Y,2481
833,$abc$20785$auto$blifparse.cc:397:parse_blif$21619,$_XOR_,Y,2482
834,$abc$20785$auto$blifparse.cc:397:parse_blif$21620,$_OR_,Y,2483
835,$abc$20785$auto$blifparse.cc:397:parse_blif$21621,$_NAND_,Y,2484
836,$abc$20785$auto$blifparse.cc:397:parse_blif$21622,$_XNOR_,Y,2485
837,$abc$20785$auto$blifparse.cc:397:parse_blif$21623,$_ORNOT_,Y,2486
838,$abc$20785$auto$blifparse.cc:397:parse_blif$21624,$_XOR_,Y,2487
839,$abc$20785$auto$blifparse.cc:397:parse_blif$21625,$_XNOR_,Y,2488
840,$abc$20785$auto$blifparse.cc:397:parse_blif$21626,$_XNOR_,Y,2489
841,$abc$20785$auto$blifparse.cc:397:parse_blif$21627,$_XOR_,Y,2490
842,$abc$20785$auto$blifparse.cc:397:parse_blif$21628,$_ORNOT_,Y,2491
843,$abc$20785$auto$blifparse.cc:397:parse_blif$21629,$_XNOR_,Y,2492
844,$abc$20785$auto$blifparse.cc:397:parse_blif$21630,$_NOT_,Y,2493
845,$abc$20785$auto$blifparse.cc:397:parse_blif$21631,$_XOR_,Y,2494
846,$abc$20785$auto$blifparse.cc:397:parse_blif$21632,$_OR_,Y,2495
847,$abc$20785$auto$blifparse.cc:397:parse_blif$21633,$_AND_,Y,2496
848,$abc$20785$auto$blifparse.cc:397:parse_blif$21634,$_XNOR_,Y,2497
849,$abc$20785$auto$blifparse.cc:397:parse_blif$21635,$_XNOR_,Y,2498
850,$abc$20785$auto$blifparse.cc:397:parse_blif$21636,$_OR_,Y,2499
851,$abc$20785$auto$blifparse.cc:397:parse_blif$21637,$_ANDNOT_,Y,2500
852,$abc$20785$auto$blifparse.cc:397:parse_blif$21638,$_XNOR_,Y,2501
853,$abc$20785$auto$blifparse.cc:397:parse_blif$21639,$_ORNOT_,Y,2502
854,$abc$20785$auto$blifparse.cc:397:parse_blif$21640,$_XOR_,Y,2503
855,$abc$20785$auto$blifparse.cc:397:parse_blif$21641,$_OR_,Y,2504
856,$abc$20785$auto$blifparse.cc:397:parse_blif$21642,$_XNOR_,Y,2505
857,$abc$20785$auto$blifparse.cc:397:parse_blif$21643,$_XNOR_,Y,2506
858,$abc$20785$auto$blifparse.cc:397:parse_blif$21644,$_XOR_,Y,2507
859,$abc$20785$auto$blifparse.cc:397:parse_blif$21645,$_AND_,Y,2508
860,$abc$20785$auto$blifparse.cc:397:parse_blif$21646,$_XNOR_,Y,2509
861,$abc$20785$auto$blifparse.cc:397:parse_blif$21647,$_NOT_,Y,2510
862,$abc$20785$auto$blifparse.cc:397:parse_blif$21648,$_XOR_,Y,2511
863,$abc$20785$auto$blifparse.cc:397:parse_blif$21649,$_AND_,Y,2512
864,$abc$20785$auto$blifparse.cc:397:parse_blif$21650,$_XNOR_,Y,2513
865,$abc$20785$auto$blifparse.cc:397:parse_blif$21651,$_XOR_,Y,2514
866,$abc$20785$auto$blifparse.cc:397:parse_blif$21652,$_OR_,Y,2515
867,$abc$20785$auto$blifparse.cc:397:parse_blif$21653,$_AND_,Y,2516
868,$abc$20785$auto$blifparse.cc:397:parse_blif$21654,$_XNOR_,Y,2517
869,$abc$20785$auto$blifparse.cc:397:parse_blif$21655,$_OR_,Y,2518
870,$abc$20785$auto$blifparse.cc:397:parse_blif$21656,$_XOR_,Y,2519
871,$abc$20785$auto$blifparse.cc:397:parse_blif$21657,$_OR_,Y,2520
872,$abc$20785$auto$blifparse.cc:397:parse_blif$21658,$_AND_,Y,2521
873,$abc$20785$auto$blifparse.cc:397:parse_blif$21659,$_XOR_,Y,2522
874,$abc$20785$auto$blifparse.cc:397:parse_blif$21660,$_ORNOT_,Y,2523
875,$abc$20785$auto$blifparse.cc:397:parse_blif$21661,$_XOR_,Y,2524
876,$abc$20785$auto$blifparse.cc:397:parse_blif$21662,$_AND_,Y,2525
877,$abc$20785$auto$blifparse.cc:397:parse_blif$21663,$_XOR_,Y,2526
878,$abc$20785$auto$blifparse.cc:397:parse_blif$21664,$_NOT_,Y,2527
879,$abc$20785$auto$blifparse.cc:397:parse_blif$21665,$_XOR_,Y,2528
880,$abc$20785$auto$blifparse.cc:397:parse_blif$21666,$_XOR_,Y,2529
881,$abc$20785$auto$blifparse.cc:397:parse_blif$21667,$_XNOR_,Y,2530
882,$abc$20785$auto$blifparse.cc:397:parse_blif$21668,$_OR_,Y,2531
883,$abc$20785$auto$blifparse.cc:397:parse_blif$21669,$_XNOR_,Y,2532
884,$abc$20785$auto$blifparse.cc:397:parse_blif$21670,$_OR_,Y,2533
885,$abc$20785$auto$blifparse.cc:397:parse_blif$21671,$_XOR_,Y,2534
886,$abc$20785$auto$blifparse.cc:397:parse_blif$21672,$_XOR_,Y,2535
887,$abc$20785$auto$blifparse.cc:397:parse_blif$21673,$_XOR_,Y,2536
888,$abc$20785$auto$blifparse.cc:397:parse_blif$21674,$_OR_,Y,2537
889,$abc$20785$auto$blifparse.cc:397:parse_blif$21675,$_XOR_,Y,2538
890,$abc$20785$auto$blifparse.cc:397:parse_blif$21676,$_XOR_,Y,2539
891,$abc$20785$auto$blifparse.cc:397:parse_blif$21677,$_OR_,Y,2540
892,$abc$20785$auto$blifparse.cc:397:parse_blif$21678,$_AND_,Y,2542
893,$abc$20785$auto$blifparse.cc:397:parse_blif$21679,$_NAND_,Y,2543
894,$abc$20785$auto$blifparse.cc:397:parse_blif$21680,$_NAND_,Y,2545
895,$abc$20785$auto$blifparse.cc:397:parse_blif$21681,$_AND_,Y,2546
896,$abc$20785$auto$blifparse.cc:397:parse_blif$21682,$_ORNOT_,Y,2547
897,$abc$20785$auto$blifparse.cc:397:parse_blif$21683,$_XNOR_,Y,2548
898,$abc$20785$auto$blifparse.cc:397:parse_blif$21684,$_AND_,Y,2550
899,$abc$20785$auto$blifparse.cc:397:parse_blif$21685,$_NAND_,Y,2551
900,$abc$20785$auto$blifparse.cc:397:parse_blif$21686,$_NAND_,Y,2553
901,$abc$20785$auto$blifparse.cc:397:parse_blif$21687,$_NAND_,Y,2554
902,$abc$20785$auto$blifparse.cc:397:parse_blif$21688,$_OR_,Y,2555
903,$abc$20785$auto$blifparse.cc:397:parse_blif$21689,$_NAND_,Y,2556
904,$abc$20785$auto$blifparse.cc:397:parse_blif$21690,$_AND_,Y,2558
905,$abc$20785$auto$blifparse.cc:397:parse_blif$21691,$_NAND_,Y,2559
906,$abc$20785$auto$blifparse.cc:397:parse_blif$21692,$_NAND_,Y,2561
907,$abc$20785$auto$blifparse.cc:397:parse_blif$21693,$_AND_,Y,2562
908,$abc$20785$auto$blifparse.cc:397:parse_blif$21694,$_ORNOT_,Y,2563
909,$abc$20785$auto$blifparse.cc:397:parse_blif$21695,$_XNOR_,Y,2564
910,$abc$20785$auto$blifparse.cc:397:parse_blif$21696,$_AND_,Y,2566
911,$abc$20785$auto$blifparse.cc:397:parse_blif$21697,$_NAND_,Y,2567
912,$abc$20785$auto$blifparse.cc:397:parse_blif$21698,$_NAND_,Y,2569
913,$abc$20785$auto$blifparse.cc:397:parse_blif$21699,$_NAND_,Y,2570
914,$abc$20785$auto$blifparse.cc:397:parse_blif$21700,$_NAND_,Y,2571
915,$abc$20785$auto$blifparse.cc:397:parse_blif$21701,$_OR_,Y,2572
916,$abc$20785$auto$blifparse.cc:397:parse_blif$21702,$_AND_,Y,2574
917,$abc$20785$auto$blifparse.cc:397:parse_blif$21703,$_NAND_,Y,2575
918,$abc$20785$auto$blifparse.cc:397:parse_blif$21704,$_NAND_,Y,2577
919,$abc$20785$auto$blifparse.cc:397:parse_blif$21705,$_AND_,Y,2578
920,$abc$20785$auto$blifparse.cc:397:parse_blif$21706,$_ORNOT_,Y,2579
921,$abc$20785$auto$blifparse.cc:397:parse_blif$21707,$_XNOR_,Y,2580
922,$abc$20785$auto$blifparse.cc:397:parse_blif$21708,$_AND_,Y,2582
923,$abc$20785$auto$blifparse.cc:397:parse_blif$21709,$_NAND_,Y,2583
924,$abc$20785$auto$blifparse.cc:397:parse_blif$21710,$_NAND_,Y,2585
925,$abc$20785$auto$blifparse.cc:397:parse_blif$21711,$_AND_,Y,2586
926,$abc$20785$auto$blifparse.cc:397:parse_blif$21712,$_ORNOT_,Y,2587
927,$abc$20785$auto$blifparse.cc:397:parse_blif$21713,$_ORNOT_,Y,2588
928,$abc$20785$auto$blifparse.cc:397:parse_blif$21714,$_AND_,Y,2590
929,$abc$20785$auto$blifparse.cc:397:parse_blif$21715,$_NAND_,Y,2591
930,$abc$20785$auto$blifparse.cc:397:parse_blif$21716,$_NAND_,Y,2593
931,$abc$20785$auto$blifparse.cc:397:parse_blif$21717,$_AND_,Y,2594
932,$abc$20785$auto$blifparse.cc:397:parse_blif$21718,$_ORNOT_,Y,2595
933,$abc$20785$auto$blifparse.cc:397:parse_blif$21719,$_XNOR_,Y,2596
934,$abc$20785$auto$blifparse.cc:397:parse_blif$21720,$_AND_,Y,2598
935,$abc$20785$auto$blifparse.cc:397:parse_blif$21721,$_NAND_,Y,2599
936,$abc$20785$auto$blifparse.cc:397:parse_blif$21722,$_NAND_,Y,2601
937,$abc$20785$auto$blifparse.cc:397:parse_blif$21723,$_NAND_,Y,2602
938,$abc$20785$auto$blifparse.cc:397:parse_blif$21724,$_NAND_,Y,2603
939,$abc$20785$auto$blifparse.cc:397:parse_blif$21725,$_OR_,Y,2604
940,$abc$20785$auto$blifparse.cc:397:parse_blif$21726,$_AND_,Y,2606
941,$abc$20785$auto$blifparse.cc:397:parse_blif$21727,$_NAND_,Y,2607
942,$abc$20785$auto$blifparse.cc:397:parse_blif$21728,$_NAND_,Y,2609
943,$abc$20785$auto$blifparse.cc:397:parse_blif$21729,$_AND_,Y,2610
944,$abc$20785$auto$blifparse.cc:397:parse_blif$21730,$_ORNOT_,Y,2611
945,$abc$20785$auto$blifparse.cc:397:parse_blif$21731,$_XNOR_,Y,2612
946,$abc$20785$auto$blifparse.cc:397:parse_blif$21732,$_AND_,Y,2614
947,$abc$20785$auto$blifparse.cc:397:parse_blif$21733,$_NAND_,Y,2615
948,$abc$20785$auto$blifparse.cc:397:parse_blif$21734,$_NAND_,Y,2617
949,$abc$20785$auto$blifparse.cc:397:parse_blif$21735,$_NAND_,Y,2618
950,$abc$20785$auto$blifparse.cc:397:parse_blif$21736,$_OR_,Y,2619
951,$abc$20785$auto$blifparse.cc:397:parse_blif$21737,$_NAND_,Y,2620
952,$abc$20785$auto$blifparse.cc:397:parse_blif$21738,$_AND_,Y,2622
953,$abc$20785$auto$blifparse.cc:397:parse_blif$21739,$_NAND_,Y,2623
954,$abc$20785$auto$blifparse.cc:397:parse_blif$21740,$_NAND_,Y,2625
955,$abc$20785$auto$blifparse.cc:397:parse_blif$21741,$_AND_,Y,2626
956,$abc$20785$auto$blifparse.cc:397:parse_blif$21742,$_ORNOT_,Y,2627
957,$abc$20785$auto$blifparse.cc:397:parse_blif$21743,$_XNOR_,Y,2628
958,$abc$20785$auto$blifparse.cc:397:parse_blif$21744,$_AND_,Y,2630
959,$abc$20785$auto$blifparse.cc:397:parse_blif$21745,$_NAND_,Y,2631
960,$abc$20785$auto$blifparse.cc:397:parse_blif$21746,$_NAND_,Y,2633
961,$abc$20785$auto$blifparse.cc:397:parse_blif$21747,$_NAND_,Y,2634
962,$abc$20785$auto$blifparse.cc:397:parse_blif$21748,$_OR_,Y,2635
963,$abc$20785$auto$blifparse.cc:397:parse_blif$21749,$_NAND_,Y,2636
964,$abc$20785$auto$blifparse.cc:397:parse_blif$21750,$_AND_,Y,2638
965,$abc$20785$auto$blifparse.cc:397:parse_blif$21751,$_NAND_,Y,2639
966,$abc$20785$auto$blifparse.cc:397:parse_blif$21752,$_NAND_,Y,2641
967,$abc$20785$auto$blifparse.cc:397:parse_blif$21753,$_AND_,Y,2642
968,$abc$20785$auto$blifparse.cc:397:parse_blif$21754,$_ORNOT_,Y,2643
969,$abc$20785$auto$blifparse.cc:397:parse_blif$21755,$_XNOR_,Y,2644
970,$abc$20785$auto$blifparse.cc:397:parse_blif$21756,$_AND_,Y,2646
971,$abc$20785$auto$blifparse.cc:397:parse_blif$21757,$_NAND_,Y,2647
972,$abc$20785$auto$blifparse.cc:397:parse_blif$21758,$_NAND_,Y,2649
973,$abc$20785$auto$blifparse.cc:397:parse_blif$21759,$_NAND_,Y,2650
974,$abc$20785$auto$blifparse.cc:397:parse_blif$21760,$_OR_,Y,2651
975,$abc$20785$auto$blifparse.cc:397:parse_blif$21761,$_NAND_,Y,2652
976,$abc$20785$auto$blifparse.cc:397:parse_blif$21762,$_AND_,Y,2654
977,$abc$20785$auto$blifparse.cc:397:parse_blif$21763,$_NAND_,Y,2655
978,$abc$20785$auto$blifparse.cc:397:parse_blif$21764,$_NAND_,Y,2657
979,$abc$20785$auto$blifparse.cc:397:parse_blif$21765,$_AND_,Y,2658
980,$abc$20785$auto$blifparse.cc:397:parse_blif$21766,$_ORNOT_,Y,2659
981,$abc$20785$auto$blifparse.cc:397:parse_blif$21767,$_XNOR_,Y,2660
982,$abc$20785$auto$blifparse.cc:397:parse_blif$21768,$_NAND_,Y,2662
983,$abc$20785$auto$blifparse.cc:397:parse_blif$21769,$_NAND_,Y,2663
984,$abc$20785$auto$blifparse.cc:397:parse_blif$21770,$_NAND_,Y,2665
985,$abc$20785$auto$blifparse.cc:397:parse_blif$21771,$_AND_,Y,2666
986,$abc$20785$auto$blifparse.cc:397:parse_blif$21772,$_OR_,Y,2667
987,$abc$20785$auto$blifparse.cc:397:parse_blif$21773,$_NAND_,Y,2668
988,$abc$20785$auto$blifparse.cc:397:parse_blif$21774,$_AND_,Y,2670
989,$abc$20785$auto$blifparse.cc:397:parse_blif$21775,$_NAND_,Y,2671
990,$abc$20785$auto$blifparse.cc:397:parse_blif$21776,$_NAND_,Y,2673
991,$abc$20785$auto$blifparse.cc:397:parse_blif$21777,$_AND_,Y,2674
992,$abc$20785$auto$blifparse.cc:397:parse_blif$21778,$_ORNOT_,Y,2675
993,$abc$20785$auto$blifparse.cc:397:parse_blif$21779,$_XNOR_,Y,2676
994,$abc$20785$auto$blifparse.cc:397:parse_blif$21780,$_AND_,Y,2678
995,$abc$20785$auto$blifparse.cc:397:parse_blif$21781,$_NAND_,Y,2679
996,$abc$20785$auto$blifparse.cc:397:parse_blif$21782,$_NAND_,Y,2681
997,$abc$20785$auto$blifparse.cc:397:parse_blif$21783,$_AND_,Y,2682
998,$abc$20785$auto$blifparse.cc:397:parse_blif$21784,$_ORNOT_,Y,2683
999,$abc$20785$auto$blifparse.cc:397:parse_blif$21785,$_ORNOT_,Y,2684
1000,$abc$20785$auto$blifparse.cc:397:parse_blif$21786,$_AND_,Y,2686
1001,$abc$20785$auto$blifparse.cc:397:parse_blif$21787,$_NAND_,Y,2687
1002,$abc$20785$auto$blifparse.cc:397:parse_blif$21788,$_NAND_,Y,2689
1003,$abc$20785$auto$blifparse.cc:397:parse_blif$21789,$_AND_,Y,2690
1004,$abc$20785$auto$blifparse.cc:397:parse_blif$21790,$_ORNOT_,Y,2691
1005,$abc$20785$auto$blifparse.cc:397:parse_blif$21791,$_XNOR_,Y,2692
1006,$abc$20785$auto$blifparse.cc:397:parse_blif$21792,$_AND_,Y,2694
1007,$abc$20785$auto$blifparse.cc:397:parse_blif$21793,$_NAND_,Y,2695
1008,$abc$20785$auto$blifparse.cc:397:parse_blif$21794,$_NAND_,Y,2697
1009,$abc$20785$auto$blifparse.cc:397:parse_blif$21795,$_AND_,Y,2698
1010,$abc$20785$auto$blifparse.cc:397:parse_blif$21796,$_ORNOT_,Y,2699
1011,$abc$20785$auto$blifparse.cc:397:parse_blif$21797,$_ORNOT_,Y,2700
1012,$abc$20785$auto$blifparse.cc:397:parse_blif$21798,$_AND_,Y,2702
1013,$abc$20785$auto$blifparse.cc:397:parse_blif$21799,$_NAND_,Y,2703
1014,$abc$20785$auto$blifparse.cc:397:parse_blif$21800,$_NAND_,Y,2705
1015,$abc$20785$auto$blifparse.cc:397:parse_blif$21801,$_AND_,Y,2706
1016,$abc$20785$auto$blifparse.cc:397:parse_blif$21802,$_ORNOT_,Y,2707
1017,$abc$20785$auto$blifparse.cc:397:parse_blif$21803,$_XNOR_,Y,2708
1018,$abc$20785$auto$blifparse.cc:397:parse_blif$21804,$_AND_,Y,2710
1019,$abc$20785$auto$blifparse.cc:397:parse_blif$21805,$_NAND_,Y,2711
1020,$abc$20785$auto$blifparse.cc:397:parse_blif$21806,$_NAND_,Y,2713
1021,$abc$20785$auto$blifparse.cc:397:parse_blif$21807,$_AND_,Y,2714
1022,$abc$20785$auto$blifparse.cc:397:parse_blif$21808,$_ORNOT_,Y,2715
1023,$abc$20785$auto$blifparse.cc:397:parse_blif$21809,$_ORNOT_,Y,2716
1024,$abc$20785$auto$blifparse.cc:397:parse_blif$21810,$_AND_,Y,2718
1025,$abc$20785$auto$blifparse.cc:397:parse_blif$21811,$_NAND_,Y,2719
1026,$abc$20785$auto$blifparse.cc:397:parse_blif$21812,$_NAND_,Y,2721
1027,$abc$20785$auto$blifparse.cc:397:parse_blif$21813,$_NAND_,Y,2722
1028,$abc$20785$auto$blifparse.cc:397:parse_blif$21814,$_NAND_,Y,2723
1029,$abc$20785$auto$blifparse.cc:397:parse_blif$21815,$_XOR_,Y,2724
1030,$abc$20785$auto$blifparse.cc:397:parse_blif$21816,$_AND_,Y,2726
1031,$abc$20785$auto$blifparse.cc:397:parse_blif$21817,$_NAND_,Y,2727
1032,$abc$20785$auto$blifparse.cc:397:parse_blif$21818,$_NAND_,Y,2729
1033,$abc$20785$auto$blifparse.cc:397:parse_blif$21819,$_AND_,Y,2730
1034,$abc$20785$auto$blifparse.cc:397:parse_blif$21820,$_ORNOT_,Y,2731
1035,$abc$20785$auto$blifparse.cc:397:parse_blif$21821,$_ORNOT_,Y,2732
1036,$abc$20785$auto$blifparse.cc:397:parse_blif$21822,$_AND_,Y,2734
1037,$abc$20785$auto$blifparse.cc:397:parse_blif$21823,$_NAND_,Y,2735
1038,$abc$20785$auto$blifparse.cc:397:parse_blif$21824,$_NAND_,Y,2737
1039,$abc$20785$auto$blifparse.cc:397:parse_blif$21825,$_AND_,Y,2738
1040,$abc$20785$auto$blifparse.cc:397:parse_blif$21826,$_ORNOT_,Y,2739
1041,$abc$20785$auto$blifparse.cc:397:parse_blif$21827,$_XNOR_,Y,2740
1042,$abc$20785$auto$blifparse.cc:397:parse_blif$21828,$_AND_,Y,2742
1043,$abc$20785$auto$blifparse.cc:397:parse_blif$21829,$_NAND_,Y,2743
1044,$abc$20785$auto$blifparse.cc:397:parse_blif$21830,$_NAND_,Y,2745
1045,$abc$20785$auto$blifparse.cc:397:parse_blif$21831,$_AND_,Y,2746
1046,$abc$20785$auto$blifparse.cc:397:parse_blif$21832,$_ORNOT_,Y,2747
1047,$abc$20785$auto$blifparse.cc:397:parse_blif$21833,$_XNOR_,Y,2748
1048,$abc$20785$auto$blifparse.cc:397:parse_blif$21834,$_AND_,Y,2750
1049,$abc$20785$auto$blifparse.cc:397:parse_blif$21835,$_NAND_,Y,2751
1050,$abc$20785$auto$blifparse.cc:397:parse_blif$21836,$_NAND_,Y,2753
1051,$abc$20785$auto$blifparse.cc:397:parse_blif$21837,$_NAND_,Y,2754
1052,$abc$20785$auto$blifparse.cc:397:parse_blif$21838,$_NAND_,Y,2755
1053,$abc$20785$auto$blifparse.cc:397:parse_blif$21839,$_AND_,Y,2757
1054,$abc$20785$auto$blifparse.cc:397:parse_blif$21840,$_NAND_,Y,2758
1055,$abc$20785$auto$blifparse.cc:397:parse_blif$21841,$_NAND_,Y,2760
1056,$abc$20785$auto$blifparse.cc:397:parse_blif$21842,$_AND_,Y,2761
1057,$abc$20785$auto$blifparse.cc:397:parse_blif$21843,$_ORNOT_,Y,2762
1058,$abc$20785$auto$blifparse.cc:397:parse_blif$21844,$_XNOR_,Y,2763
1059,$abc$20785$auto$blifparse.cc:397:parse_blif$21845,$_AND_,Y,2765
1060,$abc$20785$auto$blifparse.cc:397:parse_blif$21846,$_NAND_,Y,2766
1061,$abc$20785$auto$blifparse.cc:397:parse_blif$21847,$_NAND_,Y,2768
1062,$abc$20785$auto$blifparse.cc:397:parse_blif$21848,$_NAND_,Y,2769
1063,$abc$20785$auto$blifparse.cc:397:parse_blif$21849,$_NAND_,Y,2770
1064,$abc$20785$auto$blifparse.cc:397:parse_blif$21850,$_AND_,Y,2772
1065,$abc$20785$auto$blifparse.cc:397:parse_blif$21851,$_NAND_,Y,2773
1066,$abc$20785$auto$blifparse.cc:397:parse_blif$21852,$_NAND_,Y,2775
1067,$abc$20785$auto$blifparse.cc:397:parse_blif$21853,$_AND_,Y,2776
1068,$abc$20785$auto$blifparse.cc:397:parse_blif$21854,$_ORNOT_,Y,2777
1069,$abc$20785$auto$blifparse.cc:397:parse_blif$21855,$_AND_,Y,2779
1070,$abc$20785$auto$blifparse.cc:397:parse_blif$21856,$_NAND_,Y,2780
1071,$abc$20785$auto$blifparse.cc:397:parse_blif$21857,$_NAND_,Y,2782
1072,$abc$20785$auto$blifparse.cc:397:parse_blif$21858,$_NAND_,Y,2783
1073,$abc$20785$auto$blifparse.cc:397:parse_blif$21859,$_AND_,Y,2784
1074,$abc$20785$auto$blifparse.cc:397:parse_blif$21860,$_XNOR_,Y,2785
1075,$abc$20785$auto$blifparse.cc:397:parse_blif$21861,$_NAND_,Y,2786
1076,$abc$20785$auto$blifparse.cc:397:parse_blif$21862,$_NAND_,Y,2787
1077,$abc$20785$auto$blifparse.cc:397:parse_blif$21863,$_XOR_,Y,2788
1078,$abc$20785$auto$blifparse.cc:397:parse_blif$21864,$_NAND_,Y,2789
1079,$abc$20785$auto$blifparse.cc:397:parse_blif$21865,$_AND_,Y,2790
1080,$abc$20785$auto$blifparse.cc:397:parse_blif$21866,$_ORNOT_,Y,2791
1081,$abc$20785$auto$blifparse.cc:397:parse_blif$21867,$_NAND_,Y,2792
1082,$abc$20785$auto$blifparse.cc:397:parse_blif$21868,$_XOR_,Y,2793
1083,$abc$20785$auto$blifparse.cc:397:parse_blif$21869,$_NAND_,Y,2794
1084,$abc$20785$auto$blifparse.cc:397:parse_blif$21870,$_AND_,Y,2795
1085,$abc$20785$auto$blifparse.cc:397:parse_blif$21871,$_ORNOT_,Y,2796
1086,$abc$20785$auto$blifparse.cc:397:parse_blif$21872,$_AND_,Y,2797
1087,$abc$20785$auto$blifparse.cc:397:parse_blif$21873,$_ORNOT_,Y,2798
1088,$abc$20785$auto$blifparse.cc:397:parse_blif$21874,$_NAND_,Y,2799
1089,$abc$20785$auto$blifparse.cc:397:parse_blif$21875,$_NAND_,Y,2800
1090,$abc$20785$auto$blifparse.cc:397:parse_blif$21876,$_NAND_,Y,2801
1091,$abc$20785$auto$blifparse.cc:397:parse_blif$21877,$_NAND_,Y,2802
1092,$abc$20785$auto$blifparse.cc:397:parse_blif$21878,$_AND_,Y,2803
1093,$abc$20785$auto$blifparse.cc:397:parse_blif$21879,$_NAND_,Y,2804
1094,$abc$20785$auto$blifparse.cc:397:parse_blif$21880,$_AND_,Y,2805
1095,$abc$20785$auto$blifparse.cc:397:parse_blif$21881,$_NAND_,Y,2806
1096,$abc$20785$auto$blifparse.cc:397:parse_blif$21882,$_AND_,Y,2807
1097,$abc$20785$auto$blifparse.cc:397:parse_blif$21883,$_NAND_,Y,2808
1098,$abc$20785$auto$blifparse.cc:397:parse_blif$21884,$_AND_,Y,2809
1099,$abc$20785$auto$blifparse.cc:397:parse_blif$21885,$_NAND_,Y,2810
1100,$abc$20785$auto$blifparse.cc:397:parse_blif$21886,$_AND_,Y,2811
1101,$abc$20785$auto$blifparse.cc:397:parse_blif$21887,$_NAND_,Y,2812
1102,$abc$20785$auto$blifparse.cc:397:parse_blif$21888,$_AND_,Y,2813
1103,$abc$20785$auto$blifparse.cc:397:parse_blif$21889,$_NAND_,Y,2814
1104,$abc$20785$auto$blifparse.cc:397:parse_blif$21890,$_NAND_,Y,2815
1105,$abc$20785$auto$blifparse.cc:397:parse_blif$21891,$_NAND_,Y,2816
1106,$abc$20785$auto$blifparse.cc:397:parse_blif$21892,$_AND_,Y,2817
1107,$abc$20785$auto$blifparse.cc:397:parse_blif$21893,$_ORNOT_,Y,2818
1108,$abc$20785$auto$blifparse.cc:397:parse_blif$21894,$_AND_,Y,2819
1109,$abc$20785$auto$blifparse.cc:397:parse_blif$21895,$_NAND_,Y,2820
1110,$abc$20785$auto$blifparse.cc:397:parse_blif$21896,$_AND_,Y,2821
1111,$abc$20785$auto$blifparse.cc:397:parse_blif$21897,$_NAND_,Y,2822
1112,$abc$20785$auto$blifparse.cc:397:parse_blif$21898,$_AND_,Y,2823
1113,$abc$20785$auto$blifparse.cc:397:parse_blif$21899,$_NAND_,Y,2824
1114,$abc$20785$auto$blifparse.cc:397:parse_blif$21900,$_AND_,Y,2825
1115,$abc$20785$auto$blifparse.cc:397:parse_blif$21901,$_NAND_,Y,2826
1116,$abc$20785$auto$blifparse.cc:397:parse_blif$21902,$_AND_,Y,2827
1117,$abc$20785$auto$blifparse.cc:397:parse_blif$21903,$_NAND_,Y,2828
1118,$abc$20785$auto$blifparse.cc:397:parse_blif$21904,$_AND_,Y,2829
1119,$abc$20785$auto$blifparse.cc:397:parse_blif$21905,$_NAND_,Y,2830
1120,$abc$20785$auto$blifparse.cc:397:parse_blif$21906,$_NAND_,Y,2831
1121,$abc$20785$auto$blifparse.cc:397:parse_blif$21907,$_NAND_,Y,2832
1122,$abc$20785$auto$blifparse.cc:397:parse_blif$21908,$_AND_,Y,2833
1123,$abc$20785$auto$blifparse.cc:397:parse_blif$21909,$_ORNOT_,Y,2834
1124,$abc$20785$auto$blifparse.cc:397:parse_blif$21910,$_AND_,Y,2835
1125,$abc$20785$auto$blifparse.cc:397:parse_blif$21911,$_NAND_,Y,2836
1126,$abc$20785$auto$blifparse.cc:397:parse_blif$21912,$_AND_,Y,2837
1127,$abc$20785$auto$blifparse.cc:397:parse_blif$21913,$_NAND_,Y,2838
1128,$abc$20785$auto$blifparse.cc:397:parse_blif$21914,$_NAND_,Y,2839
1129,$abc$20785$auto$blifparse.cc:397:parse_blif$21915,$_NAND_,Y,2840
1130,$abc$20785$auto$blifparse.cc:397:parse_blif$21916,$_AND_,Y,2841
1131,$abc$20785$auto$blifparse.cc:397:parse_blif$21917,$_ORNOT_,Y,2842
1132,$abc$20785$auto$blifparse.cc:397:parse_blif$21918,$_AND_,Y,2843
1133,$abc$20785$auto$blifparse.cc:397:parse_blif$21919,$_NAND_,Y,2844
1134,$abc$20785$auto$blifparse.cc:397:parse_blif$21920,$_AND_,Y,2845
1135,$abc$20785$auto$blifparse.cc:397:parse_blif$21921,$_NAND_,Y,2846
1136,$abc$20785$auto$blifparse.cc:397:parse_blif$21922,$_XOR_,Y,2847
1137,$abc$20785$auto$blifparse.cc:397:parse_blif$21923,$_NAND_,Y,2849
1138,$abc$20785$auto$blifparse.cc:397:parse_blif$21924,$_NAND_,Y,2851
1139,$abc$20785$auto$blifparse.cc:397:parse_blif$21925,$_NAND_,Y,2852
1140,$abc$20785$auto$blifparse.cc:397:parse_blif$21926,$_NAND_,Y,2854
1141,$abc$20785$auto$blifparse.cc:397:parse_blif$21927,$_NAND_,Y,2855
1142,$abc$20785$auto$blifparse.cc:397:parse_blif$21928,$_AND_,Y,2856
1143,$abc$20785$auto$blifparse.cc:397:parse_blif$21929,$_XOR_,Y,2857
1144,$abc$20785$auto$blifparse.cc:397:parse_blif$21930,$_XNOR_,Y,2858
1145,$abc$20785$auto$blifparse.cc:397:parse_blif$21931,$_NAND_,Y,2859
1146,$abc$20785$auto$blifparse.cc:397:parse_blif$21932,$_NAND_,Y,2861
1147,$abc$20785$auto$blifparse.cc:397:parse_blif$21933,$_NAND_,Y,2863
1148,$abc$20785$auto$blifparse.cc:397:parse_blif$21934,$_NAND_,Y,2864
1149,$abc$20785$auto$blifparse.cc:397:parse_blif$21935,$_NAND_,Y,2866
1150,$abc$20785$auto$blifparse.cc:397:parse_blif$21936,$_NAND_,Y,2867
1151,$abc$20785$auto$blifparse.cc:397:parse_blif$21937,$_AND_,Y,2868
1152,$abc$20785$auto$blifparse.cc:397:parse_blif$21938,$_XOR_,Y,2869
1153,$abc$20785$auto$blifparse.cc:397:parse_blif$21939,$_XNOR_,Y,2870
1154,$abc$20785$auto$blifparse.cc:397:parse_blif$21940,$_NAND_,Y,2871
1155,$abc$20785$auto$blifparse.cc:397:parse_blif$21941,$_NAND_,Y,2873
1156,$abc$20785$auto$blifparse.cc:397:parse_blif$21942,$_NAND_,Y,2875
1157,$abc$20785$auto$blifparse.cc:397:parse_blif$21943,$_NAND_,Y,2876
1158,$abc$20785$auto$blifparse.cc:397:parse_blif$21944,$_NAND_,Y,2878
1159,$abc$20785$auto$blifparse.cc:397:parse_blif$21945,$_NAND_,Y,2879
1160,$abc$20785$auto$blifparse.cc:397:parse_blif$21946,$_AND_,Y,2880
1161,$abc$20785$auto$blifparse.cc:397:parse_blif$21947,$_AND_,Y,2881
1162,$abc$20785$auto$blifparse.cc:397:parse_blif$21948,$_NAND_,Y,2883
1163,$abc$20785$auto$blifparse.cc:397:parse_blif$21949,$_NAND_,Y,2884
1164,$abc$20785$auto$blifparse.cc:397:parse_blif$21950,$_NAND_,Y,2886
1165,$abc$20785$auto$blifparse.cc:397:parse_blif$21951,$_AND_,Y,2887
1166,$abc$20785$auto$blifparse.cc:397:parse_blif$21952,$_XNOR_,Y,2888
1167,$abc$20785$auto$blifparse.cc:397:parse_blif$21953,$_XNOR_,Y,2889
1168,$abc$20785$auto$blifparse.cc:397:parse_blif$21954,$_XNOR_,Y,2890
1169,$abc$20785$auto$blifparse.cc:397:parse_blif$21955,$_ANDNOT_,Y,2891
1170,$abc$20785$auto$blifparse.cc:397:parse_blif$21956,$_XNOR_,Y,2892
1171,$abc$20785$auto$blifparse.cc:397:parse_blif$21957,$_NAND_,Y,2894
1172,$abc$20785$auto$blifparse.cc:397:parse_blif$21958,$_NAND_,Y,2896
1173,$abc$20785$auto$blifparse.cc:397:parse_blif$21959,$_NAND_,Y,2897
1174,$abc$20785$auto$blifparse.cc:397:parse_blif$21960,$_NAND_,Y,2899
1175,$abc$20785$auto$blifparse.cc:397:parse_blif$21961,$_NAND_,Y,2900
1176,$abc$20785$auto$blifparse.cc:397:parse_blif$21962,$_NAND_,Y,2901
1177,$abc$20785$auto$blifparse.cc:397:parse_blif$21963,$_XNOR_,Y,2902
1178,$abc$20785$auto$blifparse.cc:397:parse_blif$21964,$_ANDNOT_,Y,2903
1179,$abc$20785$auto$blifparse.cc:397:parse_blif$21965,$_XNOR_,Y,2904
1180,$abc$20785$auto$blifparse.cc:397:parse_blif$21966,$_NAND_,Y,2906
1181,$abc$20785$auto$blifparse.cc:397:parse_blif$21967,$_NAND_,Y,2908
1182,$abc$20785$auto$blifparse.cc:397:parse_blif$21968,$_NAND_,Y,2909
1183,$abc$20785$auto$blifparse.cc:397:parse_blif$21969,$_NAND_,Y,2911
1184,$abc$20785$auto$blifparse.cc:397:parse_blif$21970,$_NAND_,Y,2912
1185,$abc$20785$auto$blifparse.cc:397:parse_blif$21971,$_AND_,Y,2913
1186,$abc$20785$auto$blifparse.cc:397:parse_blif$21972,$_AND_,Y,2914
1187,$abc$20785$auto$blifparse.cc:397:parse_blif$21973,$_XNOR_,Y,2915
1188,$abc$20785$auto$blifparse.cc:397:parse_blif$21974,$_XNOR_,Y,2916
1189,$abc$20785$auto$blifparse.cc:397:parse_blif$21975,$_OR_,Y,2917
1190,$abc$20785$auto$blifparse.cc:397:parse_blif$21976,$_NAND_,Y,2918
1191,$abc$20785$auto$blifparse.cc:397:parse_blif$21977,$_NAND_,Y,2920
1192,$abc$20785$auto$blifparse.cc:397:parse_blif$21978,$_NAND_,Y,2922
1193,$abc$20785$auto$blifparse.cc:397:parse_blif$21979,$_NAND_,Y,2923
1194,$abc$20785$auto$blifparse.cc:397:parse_blif$21980,$_NAND_,Y,2925
1195,$abc$20785$auto$blifparse.cc:397:parse_blif$21981,$_NAND_,Y,2926
1196,$abc$20785$auto$blifparse.cc:397:parse_blif$21982,$_NAND_,Y,2927
1197,$abc$20785$auto$blifparse.cc:397:parse_blif$21983,$_XNOR_,Y,2928
1198,$abc$20785$auto$blifparse.cc:397:parse_blif$21984,$_XNOR_,Y,2929
1199,$abc$20785$auto$blifparse.cc:397:parse_blif$21985,$_ANDNOT_,Y,2930
1200,$abc$20785$auto$blifparse.cc:397:parse_blif$21986,$_XNOR_,Y,2931
1201,$abc$20785$auto$blifparse.cc:397:parse_blif$21987,$_NAND_,Y,2933
1202,$abc$20785$auto$blifparse.cc:397:parse_blif$21988,$_NAND_,Y,2935
1203,$abc$20785$auto$blifparse.cc:397:parse_blif$21989,$_AND_,Y,2936
1204,$abc$20785$auto$blifparse.cc:397:parse_blif$21990,$_NAND_,Y,2938
1205,$abc$20785$auto$blifparse.cc:397:parse_blif$21991,$_NAND_,Y,2939
1206,$abc$20785$auto$blifparse.cc:397:parse_blif$21992,$_AND_,Y,2940
1207,$abc$20785$auto$blifparse.cc:397:parse_blif$21993,$_AND_,Y,2941
1208,$abc$20785$auto$blifparse.cc:397:parse_blif$21994,$_XNOR_,Y,2942
1209,$abc$20785$auto$blifparse.cc:397:parse_blif$21995,$_XNOR_,Y,2943
1210,$abc$20785$auto$blifparse.cc:397:parse_blif$21996,$_NAND_,Y,2944
1211,$abc$20785$auto$blifparse.cc:397:parse_blif$21997,$_OR_,Y,2945
1212,$abc$20785$auto$blifparse.cc:397:parse_blif$21998,$_NAND_,Y,2947
1213,$abc$20785$auto$blifparse.cc:397:parse_blif$21999,$_NAND_,Y,2949
1214,$abc$20785$auto$blifparse.cc:397:parse_blif$22000,$_NAND_,Y,2950
1215,$abc$20785$auto$blifparse.cc:397:parse_blif$22001,$_NAND_,Y,2952
1216,$abc$20785$auto$blifparse.cc:397:parse_blif$22002,$_NAND_,Y,2953
1217,$abc$20785$auto$blifparse.cc:397:parse_blif$22003,$_NAND_,Y,2954
1218,$abc$20785$auto$blifparse.cc:397:parse_blif$22004,$_XOR_,Y,2955
1219,$abc$20785$auto$blifparse.cc:397:parse_blif$22005,$_XNOR_,Y,2956
1220,$abc$20785$auto$blifparse.cc:397:parse_blif$22006,$_ANDNOT_,Y,2957
1221,$abc$20785$auto$blifparse.cc:397:parse_blif$22007,$_XNOR_,Y,2958
1222,$abc$20785$auto$blifparse.cc:397:parse_blif$22008,$_NAND_,Y,2960
1223,$abc$20785$auto$blifparse.cc:397:parse_blif$22009,$_NAND_,Y,2962
1224,$abc$20785$auto$blifparse.cc:397:parse_blif$22010,$_NAND_,Y,2963
1225,$abc$20785$auto$blifparse.cc:397:parse_blif$22011,$_NAND_,Y,2965
1226,$abc$20785$auto$blifparse.cc:397:parse_blif$22012,$_NAND_,Y,2966
1227,$abc$20785$auto$blifparse.cc:397:parse_blif$22013,$_AND_,Y,2967
1228,$abc$20785$auto$blifparse.cc:397:parse_blif$22014,$_AND_,Y,2968
1229,$abc$20785$auto$blifparse.cc:397:parse_blif$22015,$_XNOR_,Y,2969
1230,$abc$20785$auto$blifparse.cc:397:parse_blif$22016,$_XNOR_,Y,2970
1231,$abc$20785$auto$blifparse.cc:397:parse_blif$22017,$_OR_,Y,2971
1232,$abc$20785$auto$blifparse.cc:397:parse_blif$22018,$_NAND_,Y,2972
1233,$abc$20785$auto$blifparse.cc:397:parse_blif$22019,$_NAND_,Y,2974
1234,$abc$20785$auto$blifparse.cc:397:parse_blif$22020,$_NAND_,Y,2976
1235,$abc$20785$auto$blifparse.cc:397:parse_blif$22021,$_NAND_,Y,2977
1236,$abc$20785$auto$blifparse.cc:397:parse_blif$22022,$_NAND_,Y,2979
1237,$abc$20785$auto$blifparse.cc:397:parse_blif$22023,$_NAND_,Y,2980
1238,$abc$20785$auto$blifparse.cc:397:parse_blif$22024,$_AND_,Y,2981
1239,$abc$20785$auto$blifparse.cc:397:parse_blif$22025,$_XNOR_,Y,2982
1240,$abc$20785$auto$blifparse.cc:397:parse_blif$22026,$_XNOR_,Y,2983
1241,$abc$20785$auto$blifparse.cc:397:parse_blif$22027,$_NAND_,Y,2984
1242,$abc$20785$auto$blifparse.cc:397:parse_blif$22028,$_NAND_,Y,2986
1243,$abc$20785$auto$blifparse.cc:397:parse_blif$22029,$_NAND_,Y,2988
1244,$abc$20785$auto$blifparse.cc:397:parse_blif$22030,$_NAND_,Y,2989
1245,$abc$20785$auto$blifparse.cc:397:parse_blif$22031,$_NAND_,Y,2991
1246,$abc$20785$auto$blifparse.cc:397:parse_blif$22032,$_NAND_,Y,2992
1247,$abc$20785$auto$blifparse.cc:397:parse_blif$22033,$_NAND_,Y,2993
1248,$abc$20785$auto$blifparse.cc:397:parse_blif$22034,$_AND_,Y,2994
1249,$abc$20785$auto$blifparse.cc:397:parse_blif$22035,$_XOR_,Y,2995
1250,$abc$20785$auto$blifparse.cc:397:parse_blif$22036,$_XNOR_,Y,2996
1251,$abc$20785$auto$blifparse.cc:397:parse_blif$22037,$_NOT_,Y,2997
1252,$abc$20785$auto$blifparse.cc:397:parse_blif$22038,$_NAND_,Y,2998
1253,$abc$20785$auto$blifparse.cc:397:parse_blif$22039,$_XNOR_,Y,2999
1254,$abc$20785$auto$blifparse.cc:397:parse_blif$22040,$_NAND_,Y,3001
1255,$abc$20785$auto$blifparse.cc:397:parse_blif$22041,$_NAND_,Y,3003
1256,$abc$20785$auto$blifparse.cc:397:parse_blif$22042,$_NAND_,Y,3004
1257,$abc$20785$auto$blifparse.cc:397:parse_blif$22043,$_NAND_,Y,3006
1258,$abc$20785$auto$blifparse.cc:397:parse_blif$22044,$_NAND_,Y,3007
1259,$abc$20785$auto$blifparse.cc:397:parse_blif$22045,$_NAND_,Y,3008
1260,$abc$20785$auto$blifparse.cc:397:parse_blif$22046,$_XOR_,Y,3009
1261,$abc$20785$auto$blifparse.cc:397:parse_blif$22047,$_XNOR_,Y,3010
1262,$abc$20785$auto$blifparse.cc:397:parse_blif$22048,$_ANDNOT_,Y,3011
1263,$abc$20785$auto$blifparse.cc:397:parse_blif$22049,$_XNOR_,Y,3012
1264,$abc$20785$auto$blifparse.cc:397:parse_blif$22050,$_NAND_,Y,3014
1265,$abc$20785$auto$blifparse.cc:397:parse_blif$22051,$_NAND_,Y,3016
1266,$abc$20785$auto$blifparse.cc:397:parse_blif$22052,$_NAND_,Y,3017
1267,$abc$20785$auto$blifparse.cc:397:parse_blif$22053,$_NAND_,Y,3019
1268,$abc$20785$auto$blifparse.cc:397:parse_blif$22054,$_NAND_,Y,3020
1269,$abc$20785$auto$blifparse.cc:397:parse_blif$22055,$_AND_,Y,3021
1270,$abc$20785$auto$blifparse.cc:397:parse_blif$22056,$_NAND_,Y,3022
1271,$abc$20785$auto$blifparse.cc:397:parse_blif$22057,$_XNOR_,Y,3023
1272,$abc$20785$auto$blifparse.cc:397:parse_blif$22058,$_XNOR_,Y,3024
1273,$abc$20785$auto$blifparse.cc:397:parse_blif$22059,$_ANDNOT_,Y,3025
1274,$abc$20785$auto$blifparse.cc:397:parse_blif$22060,$_XNOR_,Y,3026
1275,$abc$20785$auto$blifparse.cc:397:parse_blif$22061,$_NAND_,Y,3028
1276,$abc$20785$auto$blifparse.cc:397:parse_blif$22062,$_NAND_,Y,3030
1277,$abc$20785$auto$blifparse.cc:397:parse_blif$22063,$_NAND_,Y,3031
1278,$abc$20785$auto$blifparse.cc:397:parse_blif$22064,$_NAND_,Y,3033
1279,$abc$20785$auto$blifparse.cc:397:parse_blif$22065,$_NAND_,Y,3034
1280,$abc$20785$auto$blifparse.cc:397:parse_blif$22066,$_AND_,Y,3035
1281,$abc$20785$auto$blifparse.cc:397:parse_blif$22067,$_XOR_,Y,3036
1282,$abc$20785$auto$blifparse.cc:397:parse_blif$22068,$_XNOR_,Y,3037
1283,$abc$20785$auto$blifparse.cc:397:parse_blif$22069,$_NAND_,Y,3038
1284,$abc$20785$auto$blifparse.cc:397:parse_blif$22070,$_NAND_,Y,3040
1285,$abc$20785$auto$blifparse.cc:397:parse_blif$22071,$_NAND_,Y,3042
1286,$abc$20785$auto$blifparse.cc:397:parse_blif$22072,$_NAND_,Y,3043
1287,$abc$20785$auto$blifparse.cc:397:parse_blif$22073,$_NAND_,Y,3045
1288,$abc$20785$auto$blifparse.cc:397:parse_blif$22074,$_NAND_,Y,3046
1289,$abc$20785$auto$blifparse.cc:397:parse_blif$22075,$_AND_,Y,3047
1290,$abc$20785$auto$blifparse.cc:397:parse_blif$22076,$_NAND_,Y,3048
1291,$abc$20785$auto$blifparse.cc:397:parse_blif$22077,$_XNOR_,Y,3049
1292,$abc$20785$auto$blifparse.cc:397:parse_blif$22078,$_XNOR_,Y,3050
1293,$abc$20785$auto$blifparse.cc:397:parse_blif$22079,$_ANDNOT_,Y,3051
1294,$abc$20785$auto$blifparse.cc:397:parse_blif$22080,$_XNOR_,Y,3052
1295,$abc$20785$auto$blifparse.cc:397:parse_blif$22081,$_NAND_,Y,3054
1296,$abc$20785$auto$blifparse.cc:397:parse_blif$22082,$_NAND_,Y,3056
1297,$abc$20785$auto$blifparse.cc:397:parse_blif$22083,$_NAND_,Y,3057
1298,$abc$20785$auto$blifparse.cc:397:parse_blif$22084,$_NAND_,Y,3059
1299,$abc$20785$auto$blifparse.cc:397:parse_blif$22085,$_NAND_,Y,3060
1300,$abc$20785$auto$blifparse.cc:397:parse_blif$22086,$_AND_,Y,3061
1301,$abc$20785$auto$blifparse.cc:397:parse_blif$22087,$_XOR_,Y,3062
1302,$abc$20785$auto$blifparse.cc:397:parse_blif$22088,$_XNOR_,Y,3063
1303,$abc$20785$auto$blifparse.cc:397:parse_blif$22089,$_NAND_,Y,3064
1304,$abc$20785$auto$blifparse.cc:397:parse_blif$22090,$_NAND_,Y,3066
1305,$abc$20785$auto$blifparse.cc:397:parse_blif$22091,$_NAND_,Y,3068
1306,$abc$20785$auto$blifparse.cc:397:parse_blif$22092,$_NAND_,Y,3069
1307,$abc$20785$auto$blifparse.cc:397:parse_blif$22093,$_NAND_,Y,3071
1308,$abc$20785$auto$blifparse.cc:397:parse_blif$22094,$_NAND_,Y,3072
1309,$abc$20785$auto$blifparse.cc:397:parse_blif$22095,$_NAND_,Y,3073
1310,$abc$20785$auto$blifparse.cc:397:parse_blif$22096,$_NAND_,Y,3074
1311,$abc$20785$auto$blifparse.cc:397:parse_blif$22097,$_XNOR_,Y,3075
1312,$abc$20785$auto$blifparse.cc:397:parse_blif$22098,$_XNOR_,Y,3076
1313,$abc$20785$auto$blifparse.cc:397:parse_blif$22099,$_NAND_,Y,3077
1314,$abc$20785$auto$blifparse.cc:397:parse_blif$22100,$_NAND_,Y,3079
1315,$abc$20785$auto$blifparse.cc:397:parse_blif$22101,$_NAND_,Y,3081
1316,$abc$20785$auto$blifparse.cc:397:parse_blif$22102,$_NAND_,Y,3082
1317,$abc$20785$auto$blifparse.cc:397:parse_blif$22103,$_NAND_,Y,3084
1318,$abc$20785$auto$blifparse.cc:397:parse_blif$22104,$_NAND_,Y,3085
1319,$abc$20785$auto$blifparse.cc:397:parse_blif$22105,$_AND_,Y,3086
1320,$abc$20785$auto$blifparse.cc:397:parse_blif$22106,$_XNOR_,Y,3087
1321,$abc$20785$auto$blifparse.cc:397:parse_blif$22107,$_XNOR_,Y,3088
1322,$abc$20785$auto$blifparse.cc:397:parse_blif$22108,$_AND_,Y,3089
1323,$abc$20785$auto$blifparse.cc:397:parse_blif$22109,$_XOR_,Y,3090
1324,$abc$20785$auto$blifparse.cc:397:parse_blif$22110,$_NAND_,Y,3091
1325,$abc$20785$auto$blifparse.cc:397:parse_blif$22111,$_NAND_,Y,3092
1326,$abc$20785$auto$blifparse.cc:397:parse_blif$22112,$_XOR_,Y,3093
1327,$abc$20785$auto$blifparse.cc:397:parse_blif$22113,$_NAND_,Y,3094
1328,$abc$20785$auto$blifparse.cc:397:parse_blif$22114,$_AND_,Y,3095
1329,$abc$20785$auto$blifparse.cc:397:parse_blif$22115,$_ANDNOT_,Y,3096
1330,$abc$20785$auto$blifparse.cc:397:parse_blif$22116,$_OR_,Y,3097
1331,$abc$20785$auto$blifparse.cc:397:parse_blif$22117,$_XOR_,Y,3098
1332,$abc$20785$auto$blifparse.cc:397:parse_blif$22118,$_NAND_,Y,3099
1333,$abc$20785$auto$blifparse.cc:397:parse_blif$22119,$_AND_,Y,3100
1334,$abc$20785$auto$blifparse.cc:397:parse_blif$22120,$_ANDNOT_,Y,3101
1335,$abc$20785$auto$blifparse.cc:397:parse_blif$22121,$_NOR_,Y,3102
1336,$abc$20785$auto$blifparse.cc:397:parse_blif$22122,$_ANDNOT_,Y,3103
1337,$abc$20785$auto$blifparse.cc:397:parse_blif$22123,$_NOR_,Y,3104
1338,$abc$20785$auto$blifparse.cc:397:parse_blif$22124,$_ORNOT_,Y,3105
1339,$abc$20785$auto$blifparse.cc:397:parse_blif$22125,$_NAND_,Y,3106
1340,$abc$20785$auto$blifparse.cc:397:parse_blif$22126,$_XOR_,Y,3107
1341,$abc$20785$auto$blifparse.cc:397:parse_blif$22127,$_NAND_,Y,3108
1342,$abc$20785$auto$blifparse.cc:397:parse_blif$22128,$_AND_,Y,3109
1343,$abc$20785$auto$blifparse.cc:397:parse_blif$22129,$_NAND_,Y,3110
1344,$abc$20785$auto$blifparse.cc:397:parse_blif$22130,$_AND_,Y,3111
1345,$abc$20785$auto$blifparse.cc:397:parse_blif$22131,$_AND_,Y,3112
1346,$abc$20785$auto$blifparse.cc:397:parse_blif$22132,$_NOR_,Y,3113
1347,$abc$20785$auto$blifparse.cc:397:parse_blif$22133,$_NAND_,Y,3114
1348,$abc$20785$auto$blifparse.cc:397:parse_blif$22134,$_AND_,Y,3115
1349,$abc$20785$auto$blifparse.cc:397:parse_blif$22135,$_AND_,Y,3116
1350,$abc$20785$auto$blifparse.cc:397:parse_blif$22136,$_NOR_,Y,3117
1351,$abc$20785$auto$blifparse.cc:397:parse_blif$22137,$_NAND_,Y,3118
1352,$abc$20785$auto$blifparse.cc:397:parse_blif$22138,$_AND_,Y,3119
1353,$abc$20785$auto$blifparse.cc:397:parse_blif$22139,$_AND_,Y,3120
1354,$abc$20785$auto$blifparse.cc:397:parse_blif$22140,$_NOR_,Y,3121
1355,$abc$20785$auto$blifparse.cc:397:parse_blif$22141,$_ANDNOT_,Y,3122
1356,$abc$20785$auto$blifparse.cc:397:parse_blif$22142,$_OR_,Y,3123
1357,$abc$20785$auto$blifparse.cc:397:parse_blif$22143,$_XOR_,Y,3124
1358,$abc$20785$auto$blifparse.cc:397:parse_blif$22144,$_NAND_,Y,3125
1359,$abc$20785$auto$blifparse.cc:397:parse_blif$22145,$_NAND_,Y,3126
1360,$abc$20785$auto$blifparse.cc:397:parse_blif$22146,$_XOR_,Y,3127
1361,$abc$20785$auto$blifparse.cc:397:parse_blif$22147,$_NAND_,Y,3128
1362,$abc$20785$auto$blifparse.cc:397:parse_blif$22148,$_NAND_,Y,3129
1363,$abc$20785$auto$blifparse.cc:397:parse_blif$22149,$_NAND_,Y,3131
1364,$abc$20785$auto$blifparse.cc:397:parse_blif$22150,$_NAND_,Y,3133
1365,$abc$20785$auto$blifparse.cc:397:parse_blif$22151,$_NAND_,Y,3134
1366,$abc$20785$auto$blifparse.cc:397:parse_blif$22152,$_NAND_,Y,3136
1367,$abc$20785$auto$blifparse.cc:397:parse_blif$22153,$_NAND_,Y,3137
1368,$abc$20785$auto$blifparse.cc:397:parse_blif$22154,$_AND_,Y,3138
1369,$abc$20785$auto$blifparse.cc:397:parse_blif$22155,$_XOR_,Y,3139
1370,$abc$20785$auto$blifparse.cc:397:parse_blif$22156,$_XNOR_,Y,3140
1371,$abc$20785$auto$blifparse.cc:397:parse_blif$22157,$_NAND_,Y,3141
1372,$abc$20785$auto$blifparse.cc:397:parse_blif$22158,$_XOR_,Y,3142
1373,$abc$20785$auto$blifparse.cc:397:parse_blif$22159,$_NAND_,Y,3143
1374,$abc$20785$auto$blifparse.cc:397:parse_blif$22160,$_XOR_,Y,3144
1375,$abc$20785$auto$blifparse.cc:397:parse_blif$22161,$_XNOR_,Y,3145
1376,$abc$20785$auto$blifparse.cc:397:parse_blif$22162,$_NAND_,Y,3146
1377,$abc$20785$auto$blifparse.cc:397:parse_blif$22163,$_XOR_,Y,3147
1378,$abc$20785$auto$blifparse.cc:397:parse_blif$22164,$_XOR_,Y,3148
1379,$abc$20785$auto$blifparse.cc:397:parse_blif$22165,$_XNOR_,Y,3149
1380,$abc$20785$auto$blifparse.cc:397:parse_blif$22166,$_ORNOT_,Y,3150
1381,$abc$20785$auto$blifparse.cc:397:parse_blif$22167,$_ORNOT_,Y,3151
1382,$abc$20785$auto$blifparse.cc:397:parse_blif$22168,$_XOR_,Y,3152
1383,$abc$20785$auto$blifparse.cc:397:parse_blif$22169,$_XOR_,Y,3153
1384,$abc$20785$auto$blifparse.cc:397:parse_blif$22170,$_ORNOT_,Y,3154
1385,$abc$20785$auto$blifparse.cc:397:parse_blif$22171,$_XNOR_,Y,3155
1386,$abc$20785$auto$blifparse.cc:397:parse_blif$22172,$_XNOR_,Y,3156
1387,$abc$20785$auto$blifparse.cc:397:parse_blif$22173,$_XNOR_,Y,3157
1388,$abc$20785$auto$blifparse.cc:397:parse_blif$22174,$_ORNOT_,Y,3158
1389,$abc$20785$auto$blifparse.cc:397:parse_blif$22175,$_ANDNOT_,Y,3159
1390,$abc$20785$auto$blifparse.cc:397:parse_blif$22176,$_XOR_,Y,3160
1391,$abc$20785$auto$blifparse.cc:397:parse_blif$22177,$_XOR_,Y,3161
1392,$abc$20785$auto$blifparse.cc:397:parse_blif$22178,$_ORNOT_,Y,3162
1393,$abc$20785$auto$blifparse.cc:397:parse_blif$22179,$_XNOR_,Y,3163
1394,$abc$20785$auto$blifparse.cc:397:parse_blif$22180,$_AND_,Y,3164
1395,$abc$20785$auto$blifparse.cc:397:parse_blif$22181,$_XOR_,Y,3165
1396,$abc$20785$auto$blifparse.cc:397:parse_blif$22182,$_XNOR_,Y,3166
1397,$abc$20785$auto$blifparse.cc:397:parse_blif$22183,$_ORNOT_,Y,3167
1398,$abc$20785$auto$blifparse.cc:397:parse_blif$22184,$_ORNOT_,Y,3168
1399,$abc$20785$auto$blifparse.cc:397:parse_blif$22185,$_XOR_,Y,3169
1400,$abc$20785$auto$blifparse.cc:397:parse_blif$22186,$_XOR_,Y,3170
1401,$abc$20785$auto$blifparse.cc:397:parse_blif$22187,$_ORNOT_,Y,3171
1402,$abc$20785$auto$blifparse.cc:397:parse_blif$22188,$_XNOR_,Y,3172
1403,$abc$20785$auto$blifparse.cc:397:parse_blif$22189,$_NAND_,Y,3173
1404,$abc$20785$auto$blifparse.cc:397:parse_blif$22190,$_XNOR_,Y,3174
1405,$abc$20785$auto$blifparse.cc:397:parse_blif$22191,$_XNOR_,Y,3175
1406,$abc$20785$auto$blifparse.cc:397:parse_blif$22192,$_ORNOT_,Y,3176
1407,$abc$20785$auto$blifparse.cc:397:parse_blif$22193,$_ORNOT_,Y,3177
1408,$abc$20785$auto$blifparse.cc:397:parse_blif$22194,$_XOR_,Y,3178
1409,$abc$20785$auto$blifparse.cc:397:parse_blif$22195,$_XOR_,Y,3179
1410,$abc$20785$auto$blifparse.cc:397:parse_blif$22196,$_ORNOT_,Y,3180
1411,$abc$20785$auto$blifparse.cc:397:parse_blif$22197,$_XNOR_,Y,3181
1412,$abc$20785$auto$blifparse.cc:397:parse_blif$22198,$_AND_,Y,3182
1413,$abc$20785$auto$blifparse.cc:397:parse_blif$22199,$_XOR_,Y,3183
1414,$abc$20785$auto$blifparse.cc:397:parse_blif$22200,$_XOR_,Y,3184
1415,$abc$20785$auto$blifparse.cc:397:parse_blif$22201,$_ANDNOT_,Y,3185
1416,$abc$20785$auto$blifparse.cc:397:parse_blif$22202,$_ORNOT_,Y,3186
1417,$abc$20785$auto$blifparse.cc:397:parse_blif$22203,$_XOR_,Y,3187
1418,$abc$20785$auto$blifparse.cc:397:parse_blif$22204,$_XNOR_,Y,3188
1419,$abc$20785$auto$blifparse.cc:397:parse_blif$22205,$_ORNOT_,Y,3189
1420,$abc$20785$auto$blifparse.cc:397:parse_blif$22206,$_XNOR_,Y,3190
1421,$abc$20785$auto$blifparse.cc:397:parse_blif$22207,$_XNOR_,Y,3191
1422,$abc$20785$auto$blifparse.cc:397:parse_blif$22208,$_XNOR_,Y,3192
1423,$abc$20785$auto$blifparse.cc:397:parse_blif$22209,$_ANDNOT_,Y,3193
1424,$abc$20785$auto$blifparse.cc:397:parse_blif$22210,$_ORNOT_,Y,3194
1425,$abc$20785$auto$blifparse.cc:397:parse_blif$22211,$_XNOR_,Y,3195
1426,$abc$20785$auto$blifparse.cc:397:parse_blif$22212,$_XOR_,Y,3196
1427,$abc$20785$auto$blifparse.cc:397:parse_blif$22213,$_ORNOT_,Y,3197
1428,$abc$20785$auto$blifparse.cc:397:parse_blif$22214,$_XNOR_,Y,3198
1429,$abc$20785$auto$blifparse.cc:397:parse_blif$22215,$_XNOR_,Y,3199
1430,$abc$20785$auto$blifparse.cc:397:parse_blif$22216,$_XOR_,Y,3200
1431,$abc$20785$auto$blifparse.cc:397:parse_blif$22217,$_NAND_,Y,3201
1432,$abc$20785$auto$blifparse.cc:397:parse_blif$22218,$_OR_,Y,3202
1433,$abc$20785$auto$blifparse.cc:397:parse_blif$22219,$_XOR_,Y,3203
1434,$abc$20785$auto$blifparse.cc:397:parse_blif$22220,$_XNOR_,Y,3204
1435,$abc$20785$auto$blifparse.cc:397:parse_blif$22221,$_ORNOT_,Y,3205
1436,$abc$20785$auto$blifparse.cc:397:parse_blif$22222,$_XNOR_,Y,3206
1437,$abc$20785$auto$blifparse.cc:397:parse_blif$22223,$_NAND_,Y,3207
1438,$abc$20785$auto$blifparse.cc:397:parse_blif$22224,$_XNOR_,Y,3208
1439,$abc$20785$auto$blifparse.cc:397:parse_blif$22225,$_XNOR_,Y,3209
1440,$abc$20785$auto$blifparse.cc:397:parse_blif$22226,$_XNOR_,Y,3210
1441,$abc$20785$auto$blifparse.cc:397:parse_blif$22227,$_OR_,Y,3211
1442,$abc$20785$auto$blifparse.cc:397:parse_blif$22228,$_NAND_,Y,3212
1443,$abc$20785$auto$blifparse.cc:397:parse_blif$22229,$_XOR_,Y,3213
1444,$abc$20785$auto$blifparse.cc:397:parse_blif$22230,$_XOR_,Y,3214
1445,$abc$20785$auto$blifparse.cc:397:parse_blif$22231,$_XNOR_,Y,3215
1446,$abc$20785$auto$blifparse.cc:397:parse_blif$22232,$_ORNOT_,Y,3216
1447,$abc$20785$auto$blifparse.cc:397:parse_blif$22233,$_XNOR_,Y,3217
1448,$abc$20785$auto$blifparse.cc:397:parse_blif$22234,$_AND_,Y,3218
1449,$abc$20785$auto$blifparse.cc:397:parse_blif$22235,$_XNOR_,Y,3219
1450,$abc$20785$auto$blifparse.cc:397:parse_blif$22236,$_XOR_,Y,3220
1451,$abc$20785$auto$blifparse.cc:397:parse_blif$22237,$_XNOR_,Y,3221
1452,$abc$20785$auto$blifparse.cc:397:parse_blif$22238,$_OR_,Y,3222
1453,$abc$20785$auto$blifparse.cc:397:parse_blif$22239,$_NAND_,Y,3223
1454,$abc$20785$auto$blifparse.cc:397:parse_blif$22240,$_XOR_,Y,3224
1455,$abc$20785$auto$blifparse.cc:397:parse_blif$22241,$_XOR_,Y,3225
1456,$abc$20785$auto$blifparse.cc:397:parse_blif$22242,$_XNOR_,Y,3226
1457,$abc$20785$auto$blifparse.cc:397:parse_blif$22243,$_ORNOT_,Y,3227
1458,$abc$20785$auto$blifparse.cc:397:parse_blif$22244,$_XNOR_,Y,3228
1459,$abc$20785$auto$blifparse.cc:397:parse_blif$22245,$_AND_,Y,3229
1460,$abc$20785$auto$blifparse.cc:397:parse_blif$22246,$_XNOR_,Y,3230
1461,$abc$20785$auto$blifparse.cc:397:parse_blif$22247,$_NAND_,Y,3232
1462,$abc$20785$auto$blifparse.cc:397:parse_blif$22248,$_NAND_,Y,3234
1463,$abc$20785$auto$blifparse.cc:397:parse_blif$22249,$_NAND_,Y,3235
1464,$abc$20785$auto$blifparse.cc:397:parse_blif$22250,$_NAND_,Y,3237
1465,$abc$20785$auto$blifparse.cc:397:parse_blif$22251,$_NAND_,Y,3238
1466,$abc$20785$auto$blifparse.cc:397:parse_blif$22252,$_NAND_,Y,3239
1467,$abc$20785$auto$blifparse.cc:397:parse_blif$22253,$_XNOR_,Y,3240
1468,$abc$20785$auto$blifparse.cc:397:parse_blif$22254,$_ANDNOT_,Y,3241
1469,$abc$20785$auto$blifparse.cc:397:parse_blif$22255,$_XNOR_,Y,3242
1470,$abc$20785$auto$blifparse.cc:397:parse_blif$22256,$_NAND_,Y,3244
1471,$abc$20785$auto$blifparse.cc:397:parse_blif$22257,$_NAND_,Y,3246
1472,$abc$20785$auto$blifparse.cc:397:parse_blif$22258,$_NAND_,Y,3247
1473,$abc$20785$auto$blifparse.cc:397:parse_blif$22259,$_NAND_,Y,3249
1474,$abc$20785$auto$blifparse.cc:397:parse_blif$22260,$_NAND_,Y,3250
1475,$abc$20785$auto$blifparse.cc:397:parse_blif$22261,$_AND_,Y,3251
1476,$abc$20785$auto$blifparse.cc:397:parse_blif$22262,$_XNOR_,Y,3252
1477,$abc$20785$auto$blifparse.cc:397:parse_blif$22263,$_NAND_,Y,3253
1478,$abc$20785$auto$blifparse.cc:397:parse_blif$22264,$_OR_,Y,3254
1479,$abc$20785$auto$blifparse.cc:397:parse_blif$22265,$_NAND_,Y,3256
1480,$abc$20785$auto$blifparse.cc:397:parse_blif$22266,$_NAND_,Y,3258
1481,$abc$20785$auto$blifparse.cc:397:parse_blif$22267,$_NAND_,Y,3259
1482,$abc$20785$auto$blifparse.cc:397:parse_blif$22268,$_NAND_,Y,3261
1483,$abc$20785$auto$blifparse.cc:397:parse_blif$22269,$_NAND_,Y,3262
1484,$abc$20785$auto$blifparse.cc:397:parse_blif$22270,$_NAND_,Y,3263
1485,$abc$20785$auto$blifparse.cc:397:parse_blif$22271,$_XNOR_,Y,3264
1486,$abc$20785$auto$blifparse.cc:397:parse_blif$22272,$_ANDNOT_,Y,3265
1487,$abc$20785$auto$blifparse.cc:397:parse_blif$22273,$_XNOR_,Y,3266
1488,$abc$20785$auto$blifparse.cc:397:parse_blif$22274,$_NAND_,Y,3268
1489,$abc$20785$auto$blifparse.cc:397:parse_blif$22275,$_NAND_,Y,3270
1490,$abc$20785$auto$blifparse.cc:397:parse_blif$22276,$_NAND_,Y,3271
1491,$abc$20785$auto$blifparse.cc:397:parse_blif$22277,$_NAND_,Y,3273
1492,$abc$20785$auto$blifparse.cc:397:parse_blif$22278,$_NAND_,Y,3274
1493,$abc$20785$auto$blifparse.cc:397:parse_blif$22279,$_NAND_,Y,3275
1494,$abc$20785$auto$blifparse.cc:397:parse_blif$22280,$_XNOR_,Y,3276
1495,$abc$20785$auto$blifparse.cc:397:parse_blif$22281,$_ORNOT_,Y,3277
1496,$abc$20785$auto$blifparse.cc:397:parse_blif$22282,$_ANDNOT_,Y,3278
1497,$abc$20785$auto$blifparse.cc:397:parse_blif$22283,$_NAND_,Y,3280
1498,$abc$20785$auto$blifparse.cc:397:parse_blif$22284,$_NAND_,Y,3282
1499,$abc$20785$auto$blifparse.cc:397:parse_blif$22285,$_NAND_,Y,3283
1500,$abc$20785$auto$blifparse.cc:397:parse_blif$22286,$_NAND_,Y,3285
1501,$abc$20785$auto$blifparse.cc:397:parse_blif$22287,$_NAND_,Y,3286
1502,$abc$20785$auto$blifparse.cc:397:parse_blif$22288,$_NAND_,Y,3287
1503,$abc$20785$auto$blifparse.cc:397:parse_blif$22289,$_XOR_,Y,3288
1504,$abc$20785$auto$blifparse.cc:397:parse_blif$22290,$_XNOR_,Y,3289
1505,$abc$20785$auto$blifparse.cc:397:parse_blif$22291,$_ANDNOT_,Y,3290
1506,$abc$20785$auto$blifparse.cc:397:parse_blif$22292,$_XNOR_,Y,3291
1507,$abc$20785$auto$blifparse.cc:397:parse_blif$22293,$_NAND_,Y,3293
1508,$abc$20785$auto$blifparse.cc:397:parse_blif$22294,$_NAND_,Y,3295
1509,$abc$20785$auto$blifparse.cc:397:parse_blif$22295,$_NAND_,Y,3296
1510,$abc$20785$auto$blifparse.cc:397:parse_blif$22296,$_NAND_,Y,3298
1511,$abc$20785$auto$blifparse.cc:397:parse_blif$22297,$_NAND_,Y,3299
1512,$abc$20785$auto$blifparse.cc:397:parse_blif$22298,$_NAND_,Y,3300
1513,$abc$20785$auto$blifparse.cc:397:parse_blif$22299,$_AND_,Y,3301
1514,$abc$20785$auto$blifparse.cc:397:parse_blif$22300,$_XNOR_,Y,3302
1515,$abc$20785$auto$blifparse.cc:397:parse_blif$22301,$_XNOR_,Y,3303
1516,$abc$20785$auto$blifparse.cc:397:parse_blif$22302,$_ORNOT_,Y,3304
1517,$abc$20785$auto$blifparse.cc:397:parse_blif$22303,$_ANDNOT_,Y,3305
1518,$abc$20785$auto$blifparse.cc:397:parse_blif$22304,$_NAND_,Y,3307
1519,$abc$20785$auto$blifparse.cc:397:parse_blif$22305,$_NAND_,Y,3309
1520,$abc$20785$auto$blifparse.cc:397:parse_blif$22306,$_NAND_,Y,3310
1521,$abc$20785$auto$blifparse.cc:397:parse_blif$22307,$_NAND_,Y,3312
1522,$abc$20785$auto$blifparse.cc:397:parse_blif$22308,$_NAND_,Y,3313
1523,$abc$20785$auto$blifparse.cc:397:parse_blif$22309,$_NAND_,Y,3314
1524,$abc$20785$auto$blifparse.cc:397:parse_blif$22310,$_XOR_,Y,3315
1525,$abc$20785$auto$blifparse.cc:397:parse_blif$22311,$_XNOR_,Y,3316
1526,$abc$20785$auto$blifparse.cc:397:parse_blif$22312,$_ANDNOT_,Y,3317
1527,$abc$20785$auto$blifparse.cc:397:parse_blif$22313,$_XNOR_,Y,3318
1528,$abc$20785$auto$blifparse.cc:397:parse_blif$22314,$_NAND_,Y,3320
1529,$abc$20785$auto$blifparse.cc:397:parse_blif$22315,$_NAND_,Y,3322
1530,$abc$20785$auto$blifparse.cc:397:parse_blif$22316,$_NAND_,Y,3323
1531,$abc$20785$auto$blifparse.cc:397:parse_blif$22317,$_NAND_,Y,3325
1532,$abc$20785$auto$blifparse.cc:397:parse_blif$22318,$_NAND_,Y,3326
1533,$abc$20785$auto$blifparse.cc:397:parse_blif$22319,$_NAND_,Y,3327
1534,$abc$20785$auto$blifparse.cc:397:parse_blif$22320,$_AND_,Y,3328
1535,$abc$20785$auto$blifparse.cc:397:parse_blif$22321,$_XNOR_,Y,3329
1536,$abc$20785$auto$blifparse.cc:397:parse_blif$22322,$_XNOR_,Y,3330
1537,$abc$20785$auto$blifparse.cc:397:parse_blif$22323,$_OR_,Y,3331
1538,$abc$20785$auto$blifparse.cc:397:parse_blif$22324,$_NAND_,Y,3332
1539,$abc$20785$auto$blifparse.cc:397:parse_blif$22325,$_NAND_,Y,3334
1540,$abc$20785$auto$blifparse.cc:397:parse_blif$22326,$_NAND_,Y,3336
1541,$abc$20785$auto$blifparse.cc:397:parse_blif$22327,$_NAND_,Y,3337
1542,$abc$20785$auto$blifparse.cc:397:parse_blif$22328,$_NAND_,Y,3339
1543,$abc$20785$auto$blifparse.cc:397:parse_blif$22329,$_NAND_,Y,3340
1544,$abc$20785$auto$blifparse.cc:397:parse_blif$22330,$_NAND_,Y,3341
1545,$abc$20785$auto$blifparse.cc:397:parse_blif$22331,$_XNOR_,Y,3342
1546,$abc$20785$auto$blifparse.cc:397:parse_blif$22332,$_XNOR_,Y,3343
1547,$abc$20785$auto$blifparse.cc:397:parse_blif$22333,$_ANDNOT_,Y,3344
1548,$abc$20785$auto$blifparse.cc:397:parse_blif$22334,$_XNOR_,Y,3345
1549,$abc$20785$auto$blifparse.cc:397:parse_blif$22335,$_NAND_,Y,3347
1550,$abc$20785$auto$blifparse.cc:397:parse_blif$22336,$_NAND_,Y,3349
1551,$abc$20785$auto$blifparse.cc:397:parse_blif$22337,$_NAND_,Y,3350
1552,$abc$20785$auto$blifparse.cc:397:parse_blif$22338,$_NAND_,Y,3352
1553,$abc$20785$auto$blifparse.cc:397:parse_blif$22339,$_NAND_,Y,3353
1554,$abc$20785$auto$blifparse.cc:397:parse_blif$22340,$_AND_,Y,3354
1555,$abc$20785$auto$blifparse.cc:397:parse_blif$22341,$_XNOR_,Y,3355
1556,$abc$20785$auto$blifparse.cc:397:parse_blif$22342,$_XNOR_,Y,3356
1557,$abc$20785$auto$blifparse.cc:397:parse_blif$22343,$_OR_,Y,3357
1558,$abc$20785$auto$blifparse.cc:397:parse_blif$22344,$_NAND_,Y,3358
1559,$abc$20785$auto$blifparse.cc:397:parse_blif$22345,$_NAND_,Y,3360
1560,$abc$20785$auto$blifparse.cc:397:parse_blif$22346,$_NAND_,Y,3362
1561,$abc$20785$auto$blifparse.cc:397:parse_blif$22347,$_NAND_,Y,3363
1562,$abc$20785$auto$blifparse.cc:397:parse_blif$22348,$_NAND_,Y,3365
1563,$abc$20785$auto$blifparse.cc:397:parse_blif$22349,$_NAND_,Y,3366
1564,$abc$20785$auto$blifparse.cc:397:parse_blif$22350,$_NAND_,Y,3367
1565,$abc$20785$auto$blifparse.cc:397:parse_blif$22351,$_XOR_,Y,3368
1566,$abc$20785$auto$blifparse.cc:397:parse_blif$22352,$_XNOR_,Y,3369
1567,$abc$20785$auto$blifparse.cc:397:parse_blif$22353,$_ANDNOT_,Y,3370
1568,$abc$20785$auto$blifparse.cc:397:parse_blif$22354,$_XNOR_,Y,3371
1569,$abc$20785$auto$blifparse.cc:397:parse_blif$22355,$_NAND_,Y,3373
1570,$abc$20785$auto$blifparse.cc:397:parse_blif$22356,$_NAND_,Y,3375
1571,$abc$20785$auto$blifparse.cc:397:parse_blif$22357,$_NAND_,Y,3376
1572,$abc$20785$auto$blifparse.cc:397:parse_blif$22358,$_NAND_,Y,3378
1573,$abc$20785$auto$blifparse.cc:397:parse_blif$22359,$_NAND_,Y,3379
1574,$abc$20785$auto$blifparse.cc:397:parse_blif$22360,$_AND_,Y,3380
1575,$abc$20785$auto$blifparse.cc:397:parse_blif$22361,$_XNOR_,Y,3381
1576,$abc$20785$auto$blifparse.cc:397:parse_blif$22362,$_XNOR_,Y,3382
1577,$abc$20785$auto$blifparse.cc:397:parse_blif$22363,$_OR_,Y,3383
1578,$abc$20785$auto$blifparse.cc:397:parse_blif$22364,$_NAND_,Y,3384
1579,$abc$20785$auto$blifparse.cc:397:parse_blif$22365,$_AND_,Y,3385
1580,$abc$20785$auto$blifparse.cc:397:parse_blif$22366,$_NAND_,Y,3386
1581,$abc$20785$auto$blifparse.cc:397:parse_blif$22367,$_AND_,Y,3387
1582,$abc$20785$auto$blifparse.cc:397:parse_blif$22368,$_AND_,Y,3388
1583,$abc$20785$auto$blifparse.cc:397:parse_blif$22369,$_NOR_,Y,3389
1584,$abc$20785$auto$blifparse.cc:397:parse_blif$22370,$_NAND_,Y,3390
1585,$abc$20785$auto$blifparse.cc:397:parse_blif$22371,$_AND_,Y,3391
1586,$abc$20785$auto$blifparse.cc:397:parse_blif$22372,$_AND_,Y,3392
1587,$abc$20785$auto$blifparse.cc:397:parse_blif$22373,$_NOR_,Y,3393
1588,$abc$20785$auto$blifparse.cc:397:parse_blif$22374,$_NAND_,Y,3394
1589,$abc$20785$auto$blifparse.cc:397:parse_blif$22375,$_AND_,Y,3395
1590,$abc$20785$auto$blifparse.cc:397:parse_blif$22376,$_AND_,Y,3396
1591,$abc$20785$auto$blifparse.cc:397:parse_blif$22377,$_NOR_,Y,3397
1592,$abc$20785$auto$blifparse.cc:397:parse_blif$22378,$_ORNOT_,Y,3398
1593,$abc$20785$auto$blifparse.cc:397:parse_blif$22379,$_AND_,Y,3399
1594,$abc$20785$auto$blifparse.cc:397:parse_blif$22380,$_AND_,Y,3400
1595,$abc$20785$auto$blifparse.cc:397:parse_blif$22381,$_NOR_,Y,3401
1596,$abc$20785$auto$blifparse.cc:397:parse_blif$22382,$_ORNOT_,Y,3402
1597,$abc$20785$auto$blifparse.cc:397:parse_blif$22383,$_AND_,Y,3403
1598,$abc$20785$auto$blifparse.cc:397:parse_blif$22384,$_AND_,Y,3404
1599,$abc$20785$auto$blifparse.cc:397:parse_blif$22385,$_OR_,Y,3405
1600,$abc$20785$auto$blifparse.cc:397:parse_blif$22386,$_NAND_,Y,3406
1601,$abc$20785$auto$blifparse.cc:397:parse_blif$22387,$_AND_,Y,3407
1602,$abc$20785$auto$blifparse.cc:397:parse_blif$22388,$_ANDNOT_,Y,3408
1603,$abc$20785$auto$blifparse.cc:397:parse_blif$22389,$_NOR_,Y,3409
1604,$abc$20785$auto$blifparse.cc:397:parse_blif$22390,$_NAND_,Y,3411
1605,$abc$20785$auto$blifparse.cc:397:parse_blif$22391,$_NAND_,Y,3413
1606,$abc$20785$auto$blifparse.cc:397:parse_blif$22392,$_AND_,Y,3414
1607,$abc$20785$auto$blifparse.cc:397:parse_blif$22393,$_NAND_,Y,3416
1608,$abc$20785$auto$blifparse.cc:397:parse_blif$22394,$_NAND_,Y,3417
1609,$abc$20785$auto$blifparse.cc:397:parse_blif$22395,$_NAND_,Y,3418
1610,$abc$20785$auto$blifparse.cc:397:parse_blif$22396,$_XNOR_,Y,3419
1611,$abc$20785$auto$blifparse.cc:397:parse_blif$22397,$_XNOR_,Y,3420
1612,$abc$20785$auto$blifparse.cc:397:parse_blif$22398,$_XNOR_,Y,3421
1613,$abc$20785$auto$blifparse.cc:397:parse_blif$22399,$_XOR_,Y,3422
1614,$abc$20785$auto$blifparse.cc:397:parse_blif$22400,$_OR_,Y,3423
1615,$abc$20785$auto$blifparse.cc:397:parse_blif$22401,$_NAND_,Y,3424
1616,$abc$20785$auto$blifparse.cc:397:parse_blif$22402,$_XNOR_,Y,3425
1617,$abc$20785$auto$blifparse.cc:397:parse_blif$22403,$_XOR_,Y,3426
1618,$abc$20785$auto$blifparse.cc:397:parse_blif$22404,$_ORNOT_,Y,3427
1619,$abc$20785$auto$blifparse.cc:397:parse_blif$22405,$_XNOR_,Y,3428
1620,$abc$20785$auto$blifparse.cc:397:parse_blif$22406,$_AND_,Y,3429
1621,$abc$20785$auto$blifparse.cc:397:parse_blif$22407,$_XNOR_,Y,3430
1622,$abc$20785$auto$blifparse.cc:397:parse_blif$22408,$_XNOR_,Y,3431
1623,$abc$20785$auto$blifparse.cc:397:parse_blif$22409,$_NAND_,Y,3432
1624,$abc$20785$auto$blifparse.cc:397:parse_blif$22410,$_XOR_,Y,3433
1625,$abc$20785$auto$blifparse.cc:397:parse_blif$22411,$_XOR_,Y,3434
1626,$abc$20785$auto$blifparse.cc:397:parse_blif$22412,$_XNOR_,Y,3435
1627,$abc$20785$auto$blifparse.cc:397:parse_blif$22413,$_NAND_,Y,3436
1628,$abc$20785$auto$blifparse.cc:397:parse_blif$22414,$_ANDNOT_,Y,3437
1629,$abc$20785$auto$blifparse.cc:397:parse_blif$22415,$_XOR_,Y,3438
1630,$abc$20785$auto$blifparse.cc:397:parse_blif$22416,$_XNOR_,Y,3439
1631,$abc$20785$auto$blifparse.cc:397:parse_blif$22417,$_ORNOT_,Y,3440
1632,$abc$20785$auto$blifparse.cc:397:parse_blif$22418,$_XNOR_,Y,3441
1633,$abc$20785$auto$blifparse.cc:397:parse_blif$22419,$_XOR_,Y,3442
1634,$abc$20785$auto$blifparse.cc:397:parse_blif$22420,$_XOR_,Y,3443
1635,$abc$20785$auto$blifparse.cc:397:parse_blif$22421,$_ORNOT_,Y,3444
1636,$abc$20785$auto$blifparse.cc:397:parse_blif$22422,$_XNOR_,Y,3445
1637,$abc$20785$auto$blifparse.cc:397:parse_blif$22423,$_ANDNOT_,Y,3446
1638,$abc$20785$auto$blifparse.cc:397:parse_blif$22424,$_XNOR_,Y,3447
1639,$abc$20785$auto$blifparse.cc:397:parse_blif$22425,$_XOR_,Y,3448
1640,$abc$20785$auto$blifparse.cc:397:parse_blif$22426,$_ORNOT_,Y,3449
1641,$abc$20785$auto$blifparse.cc:397:parse_blif$22427,$_XNOR_,Y,3450
1642,$abc$20785$auto$blifparse.cc:397:parse_blif$22428,$_XOR_,Y,3451
1643,$abc$20785$auto$blifparse.cc:397:parse_blif$22429,$_XNOR_,Y,3452
1644,$abc$20785$auto$blifparse.cc:397:parse_blif$22430,$_NAND_,Y,3453
1645,$abc$20785$auto$blifparse.cc:397:parse_blif$22431,$_AND_,Y,3454
1646,$abc$20785$auto$blifparse.cc:397:parse_blif$22432,$_XNOR_,Y,3455
1647,$abc$20785$auto$blifparse.cc:397:parse_blif$22433,$_XNOR_,Y,3456
1648,$abc$20785$auto$blifparse.cc:397:parse_blif$22434,$_ORNOT_,Y,3457
1649,$abc$20785$auto$blifparse.cc:397:parse_blif$22435,$_XNOR_,Y,3458
1650,$abc$20785$auto$blifparse.cc:397:parse_blif$22436,$_XOR_,Y,3459
1651,$abc$20785$auto$blifparse.cc:397:parse_blif$22437,$_XNOR_,Y,3460
1652,$abc$20785$auto$blifparse.cc:397:parse_blif$22438,$_NAND_,Y,3461
1653,$abc$20785$auto$blifparse.cc:397:parse_blif$22439,$_NAND_,Y,3462
1654,$abc$20785$auto$blifparse.cc:397:parse_blif$22440,$_XNOR_,Y,3463
1655,$abc$20785$auto$blifparse.cc:397:parse_blif$22441,$_XNOR_,Y,3464
1656,$abc$20785$auto$blifparse.cc:397:parse_blif$22442,$_NAND_,Y,3465
1657,$abc$20785$auto$blifparse.cc:397:parse_blif$22443,$_XOR_,Y,3466
1658,$abc$20785$auto$blifparse.cc:397:parse_blif$22444,$_XNOR_,Y,3467
1659,$abc$20785$auto$blifparse.cc:397:parse_blif$22445,$_AND_,Y,3468
1660,$abc$20785$auto$blifparse.cc:397:parse_blif$22446,$_XOR_,Y,3469
1661,$abc$20785$auto$blifparse.cc:397:parse_blif$22447,$_NAND_,Y,3470
1662,$abc$20785$auto$blifparse.cc:397:parse_blif$22448,$_NAND_,Y,3471
1663,$abc$20785$auto$blifparse.cc:397:parse_blif$22449,$_XOR_,Y,3472
1664,$abc$20785$auto$blifparse.cc:397:parse_blif$22450,$_NAND_,Y,3473
1665,$abc$20785$auto$blifparse.cc:397:parse_blif$22451,$_AND_,Y,3474
1666,$abc$20785$auto$blifparse.cc:397:parse_blif$22452,$_ORNOT_,Y,3475
1667,$abc$20785$auto$blifparse.cc:397:parse_blif$22453,$_NAND_,Y,3476
1668,$abc$20785$auto$blifparse.cc:397:parse_blif$22454,$_XOR_,Y,3477
1669,$abc$20785$auto$blifparse.cc:397:parse_blif$22455,$_NAND_,Y,3478
1670,$abc$20785$auto$blifparse.cc:397:parse_blif$22456,$_AND_,Y,3479
1671,$abc$20785$auto$blifparse.cc:397:parse_blif$22457,$_ORNOT_,Y,3480
1672,$abc$20785$auto$blifparse.cc:397:parse_blif$22458,$_AND_,Y,3481
1673,$abc$20785$auto$blifparse.cc:397:parse_blif$22459,$_ORNOT_,Y,3482
1674,$abc$20785$auto$blifparse.cc:397:parse_blif$22460,$_NAND_,Y,3483
1675,$abc$20785$auto$blifparse.cc:397:parse_blif$22461,$_NAND_,Y,3484
1676,$abc$20785$auto$blifparse.cc:397:parse_blif$22462,$_NAND_,Y,3485
1677,$abc$20785$auto$blifparse.cc:397:parse_blif$22463,$_XOR_,Y,3486
1678,$abc$20785$auto$blifparse.cc:397:parse_blif$22464,$_NAND_,Y,3487
1679,$abc$20785$auto$blifparse.cc:397:parse_blif$22465,$_NAND_,Y,3488
1680,$abc$20785$auto$blifparse.cc:397:parse_blif$22466,$_NAND_,Y,3489
1681,$abc$20785$auto$blifparse.cc:397:parse_blif$22467,$_AND_,Y,3490
1682,$abc$20785$auto$blifparse.cc:397:parse_blif$22468,$_ORNOT_,Y,3491
1683,$abc$20785$auto$blifparse.cc:397:parse_blif$22469,$_AND_,Y,3492
1684,$abc$20785$auto$blifparse.cc:397:parse_blif$22470,$_NAND_,Y,3493
1685,$abc$20785$auto$blifparse.cc:397:parse_blif$22471,$_AND_,Y,3494
1686,$abc$20785$auto$blifparse.cc:397:parse_blif$22472,$_NAND_,Y,3495
1687,$abc$20785$auto$blifparse.cc:397:parse_blif$22473,$_AND_,Y,3496
1688,$abc$20785$auto$blifparse.cc:397:parse_blif$22474,$_NAND_,Y,3497
1689,$abc$20785$auto$blifparse.cc:397:parse_blif$22475,$_AND_,Y,3498
1690,$abc$20785$auto$blifparse.cc:397:parse_blif$22476,$_NAND_,Y,3499
1691,$abc$20785$auto$blifparse.cc:397:parse_blif$22477,$_AND_,Y,3500
1692,$abc$20785$auto$blifparse.cc:397:parse_blif$22478,$_NAND_,Y,3501
1693,$abc$20785$auto$blifparse.cc:397:parse_blif$22479,$_AND_,Y,3502
1694,$abc$20785$auto$blifparse.cc:397:parse_blif$22480,$_NAND_,Y,3503
1695,$abc$20785$auto$blifparse.cc:397:parse_blif$22481,$_AND_,Y,3504
1696,$abc$20785$auto$blifparse.cc:397:parse_blif$22482,$_NAND_,Y,3505
1697,$abc$20785$auto$blifparse.cc:397:parse_blif$22483,$_AND_,Y,3506
1698,$abc$20785$auto$blifparse.cc:397:parse_blif$22484,$_NAND_,Y,3507
1699,$abc$20785$auto$blifparse.cc:397:parse_blif$22485,$_AND_,Y,3508
1700,$abc$20785$auto$blifparse.cc:397:parse_blif$22486,$_AND_,Y,3509
1701,$abc$20785$auto$blifparse.cc:397:parse_blif$22487,$_NOR_,Y,3510
1702,$abc$20785$auto$blifparse.cc:397:parse_blif$22488,$_NAND_,Y,3511
1703,$abc$20785$auto$blifparse.cc:397:parse_blif$22489,$_AND_,Y,3512
1704,$abc$20785$auto$blifparse.cc:397:parse_blif$22490,$_AND_,Y,3513
1705,$abc$20785$auto$blifparse.cc:397:parse_blif$22491,$_NOR_,Y,3514
1706,$abc$20785$auto$blifparse.cc:397:parse_blif$22492,$_NAND_,Y,3515
1707,$abc$20785$auto$blifparse.cc:397:parse_blif$22493,$_AND_,Y,3516
1708,$abc$20785$auto$blifparse.cc:397:parse_blif$22494,$_NAND_,Y,3517
1709,$abc$20785$auto$blifparse.cc:397:parse_blif$22495,$_AND_,Y,3518
1710,$abc$20785$auto$blifparse.cc:397:parse_blif$22496,$_NAND_,Y,3519
1711,$abc$20785$auto$blifparse.cc:397:parse_blif$22497,$_AND_,Y,3520
1712,$abc$20785$auto$blifparse.cc:397:parse_blif$22498,$_NAND_,Y,3521
1713,$abc$20785$auto$blifparse.cc:397:parse_blif$22499,$_AND_,Y,3522
1714,$abc$20785$auto$blifparse.cc:397:parse_blif$22500,$_NAND_,Y,3523
1715,$abc$20785$auto$blifparse.cc:397:parse_blif$22501,$_NAND_,Y,3524
1716,$abc$20785$auto$blifparse.cc:397:parse_blif$22502,$_ORNOT_,Y,3525
1717,$abc$20785$auto$blifparse.cc:397:parse_blif$22503,$_AND_,Y,3526
1718,$abc$20785$auto$blifparse.cc:397:parse_blif$22504,$_ORNOT_,Y,3527
1719,$abc$20785$auto$blifparse.cc:397:parse_blif$22505,$_NAND_,Y,3528
1720,$abc$20785$auto$blifparse.cc:397:parse_blif$22506,$_NAND_,Y,3529
1721,$abc$20785$auto$blifparse.cc:397:parse_blif$22507,$_NAND_,Y,3530
1722,$abc$20785$auto$blifparse.cc:397:parse_blif$22508,$_NAND_,Y,3531
1723,$abc$20785$auto$blifparse.cc:397:parse_blif$22509,$_XOR_,Y,3532
1724,$abc$20785$auto$blifparse.cc:397:parse_blif$22510,$_AND_,Y,3533
1725,$abc$20785$auto$blifparse.cc:397:parse_blif$22511,$_XNOR_,Y,3534
1726,$abc$20785$auto$blifparse.cc:397:parse_blif$22512,$_ORNOT_,Y,3535
1727,$abc$20785$auto$blifparse.cc:397:parse_blif$22513,$_XNOR_,Y,3536
1728,$abc$20785$auto$blifparse.cc:397:parse_blif$22514,$_OR_,Y,3537
1729,$abc$20785$auto$blifparse.cc:397:parse_blif$22515,$_ANDNOT_,Y,3538
1730,$abc$20785$auto$blifparse.cc:397:parse_blif$22516,$_XNOR_,Y,3539
1731,$abc$20785$auto$blifparse.cc:397:parse_blif$22517,$_NOT_,Y,3540
1732,$abc$20785$auto$blifparse.cc:397:parse_blif$22518,$_XOR_,Y,3541
1733,$abc$20785$auto$blifparse.cc:397:parse_blif$22519,$_NAND_,Y,3542
1734,$abc$20785$auto$blifparse.cc:397:parse_blif$22520,$_AND_,Y,3543
1735,$abc$20785$auto$blifparse.cc:397:parse_blif$22521,$_XOR_,Y,3544
1736,$abc$20785$auto$blifparse.cc:397:parse_blif$22522,$_NAND_,Y,3545
1737,$abc$20785$auto$blifparse.cc:397:parse_blif$22523,$_XOR_,Y,3546
1738,$abc$20785$auto$blifparse.cc:397:parse_blif$22524,$_OR_,Y,3547
1739,$abc$20785$auto$blifparse.cc:397:parse_blif$22525,$_AND_,Y,3548
1740,$abc$20785$auto$blifparse.cc:397:parse_blif$22526,$_XNOR_,Y,3549
1741,$abc$20785$auto$blifparse.cc:397:parse_blif$22527,$_XOR_,Y,3550
1742,$abc$20785$auto$blifparse.cc:397:parse_blif$22528,$_XNOR_,Y,3551
1743,$abc$20785$auto$blifparse.cc:397:parse_blif$22529,$_XNOR_,Y,3552
1744,$abc$20785$auto$blifparse.cc:397:parse_blif$22530,$_OR_,Y,3553
1745,$abc$20785$auto$blifparse.cc:397:parse_blif$22531,$_XOR_,Y,3554
1746,$abc$20785$auto$blifparse.cc:397:parse_blif$22532,$_XNOR_,Y,3555
1747,$abc$20785$auto$blifparse.cc:397:parse_blif$22533,$_XNOR_,Y,3556
1748,$abc$20785$auto$blifparse.cc:397:parse_blif$22534,$_XOR_,Y,3557
1749,$abc$20785$auto$blifparse.cc:397:parse_blif$22535,$_AND_,Y,3558
1750,$abc$20785$auto$blifparse.cc:397:parse_blif$22536,$_XNOR_,Y,3559
1751,$abc$20785$auto$blifparse.cc:397:parse_blif$22537,$_XOR_,Y,3560
1752,$abc$20785$auto$blifparse.cc:397:parse_blif$22538,$_AND_,Y,3561
1753,$abc$20785$auto$blifparse.cc:397:parse_blif$22539,$_XNOR_,Y,3562
1754,$abc$20785$auto$blifparse.cc:397:parse_blif$22540,$_XOR_,Y,3563
1755,$abc$20785$auto$blifparse.cc:397:parse_blif$22541,$_OR_,Y,3564
1756,$abc$20785$auto$blifparse.cc:397:parse_blif$22542,$_AND_,Y,3565
1757,$abc$20785$auto$blifparse.cc:397:parse_blif$22543,$_XNOR_,Y,3566
1758,$abc$20785$auto$blifparse.cc:397:parse_blif$22544,$_OR_,Y,3567
1759,$abc$20785$auto$blifparse.cc:397:parse_blif$22545,$_XOR_,Y,3568
1760,$abc$20785$auto$blifparse.cc:397:parse_blif$22546,$_AND_,Y,3569
1761,$abc$20785$auto$blifparse.cc:397:parse_blif$22547,$_XOR_,Y,3570
1762,$abc$20785$auto$blifparse.cc:397:parse_blif$22548,$_NOT_,Y,3571
1763,$abc$20785$auto$blifparse.cc:397:parse_blif$22549,$_XNOR_,Y,3572
1764,$abc$20785$auto$blifparse.cc:397:parse_blif$22550,$_OR_,Y,3573
1765,$abc$20785$auto$blifparse.cc:397:parse_blif$22551,$_XOR_,Y,3574
1766,$abc$20785$auto$blifparse.cc:397:parse_blif$22552,$_XOR_,Y,3575
1767,$abc$20785$auto$blifparse.cc:397:parse_blif$22553,$_XOR_,Y,3576
1768,$abc$20785$auto$blifparse.cc:397:parse_blif$22554,$_XNOR_,Y,3577
1769,$abc$20785$auto$blifparse.cc:397:parse_blif$22555,$_OR_,Y,3578
1770,$abc$20785$auto$blifparse.cc:397:parse_blif$22556,$_XNOR_,Y,3579
1771,$abc$20785$auto$blifparse.cc:397:parse_blif$22557,$_OR_,Y,3580
1772,$abc$20785$auto$blifparse.cc:397:parse_blif$22558,$_XOR_,Y,3581
1773,$abc$20785$auto$blifparse.cc:397:parse_blif$22559,$_XNOR_,Y,3582
1774,$abc$20785$auto$blifparse.cc:397:parse_blif$22560,$_OR_,Y,3583
1775,$abc$20785$auto$blifparse.cc:397:parse_blif$22561,$_XOR_,Y,3584
1776,$abc$20785$auto$blifparse.cc:397:parse_blif$22562,$_OR_,Y,3585
1777,$abc$20785$auto$blifparse.cc:397:parse_blif$22563,$_XOR_,Y,3586
1778,$abc$20785$auto$blifparse.cc:397:parse_blif$22564,$_OR_,Y,3587
1779,$abc$20785$auto$blifparse.cc:397:parse_blif$22565,$_XOR_,Y,3588
1780,$abc$20785$auto$blifparse.cc:397:parse_blif$22566,$_AND_,Y,3590
1781,$abc$20785$auto$blifparse.cc:397:parse_blif$22567,$_NAND_,Y,3591
1782,$abc$20785$auto$blifparse.cc:397:parse_blif$22568,$_NAND_,Y,3593
1783,$abc$20785$auto$blifparse.cc:397:parse_blif$22569,$_AND_,Y,3594
1784,$abc$20785$auto$blifparse.cc:397:parse_blif$22570,$_ORNOT_,Y,3595
1785,$abc$20785$auto$blifparse.cc:397:parse_blif$22571,$_XNOR_,Y,3596
1786,$abc$20785$auto$blifparse.cc:397:parse_blif$22572,$_AND_,Y,3598
1787,$abc$20785$auto$blifparse.cc:397:parse_blif$22573,$_NAND_,Y,3599
1788,$abc$20785$auto$blifparse.cc:397:parse_blif$22574,$_NAND_,Y,3601
1789,$abc$20785$auto$blifparse.cc:397:parse_blif$22575,$_AND_,Y,3602
1790,$abc$20785$auto$blifparse.cc:397:parse_blif$22576,$_ORNOT_,Y,3603
1791,$abc$20785$auto$blifparse.cc:397:parse_blif$22577,$_ORNOT_,Y,3604
1792,$abc$20785$auto$blifparse.cc:397:parse_blif$22578,$_AND_,Y,3606
1793,$abc$20785$auto$blifparse.cc:397:parse_blif$22579,$_NAND_,Y,3607
1794,$abc$20785$auto$blifparse.cc:397:parse_blif$22580,$_NAND_,Y,3609
1795,$abc$20785$auto$blifparse.cc:397:parse_blif$22581,$_AND_,Y,3610
1796,$abc$20785$auto$blifparse.cc:397:parse_blif$22582,$_ORNOT_,Y,3611
1797,$abc$20785$auto$blifparse.cc:397:parse_blif$22583,$_XNOR_,Y,3612
1798,$abc$20785$auto$blifparse.cc:397:parse_blif$22584,$_AND_,Y,3614
1799,$abc$20785$auto$blifparse.cc:397:parse_blif$22585,$_NAND_,Y,3615
1800,$abc$20785$auto$blifparse.cc:397:parse_blif$22586,$_NAND_,Y,3617
1801,$abc$20785$auto$blifparse.cc:397:parse_blif$22587,$_AND_,Y,3618
1802,$abc$20785$auto$blifparse.cc:397:parse_blif$22588,$_ORNOT_,Y,3619
1803,$abc$20785$auto$blifparse.cc:397:parse_blif$22589,$_ORNOT_,Y,3620
1804,$abc$20785$auto$blifparse.cc:397:parse_blif$22590,$_AND_,Y,3622
1805,$abc$20785$auto$blifparse.cc:397:parse_blif$22591,$_NAND_,Y,3623
1806,$abc$20785$auto$blifparse.cc:397:parse_blif$22592,$_NAND_,Y,3625
1807,$abc$20785$auto$blifparse.cc:397:parse_blif$22593,$_AND_,Y,3626
1808,$abc$20785$auto$blifparse.cc:397:parse_blif$22594,$_ORNOT_,Y,3627
1809,$abc$20785$auto$blifparse.cc:397:parse_blif$22595,$_XNOR_,Y,3628
1810,$abc$20785$auto$blifparse.cc:397:parse_blif$22596,$_AND_,Y,3630
1811,$abc$20785$auto$blifparse.cc:397:parse_blif$22597,$_NAND_,Y,3631
1812,$abc$20785$auto$blifparse.cc:397:parse_blif$22598,$_NAND_,Y,3633
1813,$abc$20785$auto$blifparse.cc:397:parse_blif$22599,$_AND_,Y,3634
1814,$abc$20785$auto$blifparse.cc:397:parse_blif$22600,$_ORNOT_,Y,3635
1815,$abc$20785$auto$blifparse.cc:397:parse_blif$22601,$_ORNOT_,Y,3636
1816,$abc$20785$auto$blifparse.cc:397:parse_blif$22602,$_AND_,Y,3638
1817,$abc$20785$auto$blifparse.cc:397:parse_blif$22603,$_NAND_,Y,3639
1818,$abc$20785$auto$blifparse.cc:397:parse_blif$22604,$_NAND_,Y,3641
1819,$abc$20785$auto$blifparse.cc:397:parse_blif$22605,$_AND_,Y,3642
1820,$abc$20785$auto$blifparse.cc:397:parse_blif$22606,$_ORNOT_,Y,3643
1821,$abc$20785$auto$blifparse.cc:397:parse_blif$22607,$_XNOR_,Y,3644
1822,$abc$20785$auto$blifparse.cc:397:parse_blif$22608,$_AND_,Y,3646
1823,$abc$20785$auto$blifparse.cc:397:parse_blif$22609,$_NAND_,Y,3647
1824,$abc$20785$auto$blifparse.cc:397:parse_blif$22610,$_NAND_,Y,3649
1825,$abc$20785$auto$blifparse.cc:397:parse_blif$22611,$_NAND_,Y,3650
1826,$abc$20785$auto$blifparse.cc:397:parse_blif$22612,$_NAND_,Y,3651
1827,$abc$20785$auto$blifparse.cc:397:parse_blif$22613,$_OR_,Y,3652
1828,$abc$20785$auto$blifparse.cc:397:parse_blif$22614,$_AND_,Y,3654
1829,$abc$20785$auto$blifparse.cc:397:parse_blif$22615,$_NAND_,Y,3655
1830,$abc$20785$auto$blifparse.cc:397:parse_blif$22616,$_NAND_,Y,3657
1831,$abc$20785$auto$blifparse.cc:397:parse_blif$22617,$_AND_,Y,3658
1832,$abc$20785$auto$blifparse.cc:397:parse_blif$22618,$_ORNOT_,Y,3659
1833,$abc$20785$auto$blifparse.cc:397:parse_blif$22619,$_XNOR_,Y,3660
1834,$abc$20785$auto$blifparse.cc:397:parse_blif$22620,$_AND_,Y,3662
1835,$abc$20785$auto$blifparse.cc:397:parse_blif$22621,$_NAND_,Y,3663
1836,$abc$20785$auto$blifparse.cc:397:parse_blif$22622,$_NAND_,Y,3665
1837,$abc$20785$auto$blifparse.cc:397:parse_blif$22623,$_AND_,Y,3666
1838,$abc$20785$auto$blifparse.cc:397:parse_blif$22624,$_ORNOT_,Y,3667
1839,$abc$20785$auto$blifparse.cc:397:parse_blif$22625,$_ORNOT_,Y,3668
1840,$abc$20785$auto$blifparse.cc:397:parse_blif$22626,$_AND_,Y,3670
1841,$abc$20785$auto$blifparse.cc:397:parse_blif$22627,$_NAND_,Y,3671
1842,$abc$20785$auto$blifparse.cc:397:parse_blif$22628,$_NAND_,Y,3673
1843,$abc$20785$auto$blifparse.cc:397:parse_blif$22629,$_AND_,Y,3674
1844,$abc$20785$auto$blifparse.cc:397:parse_blif$22630,$_ORNOT_,Y,3675
1845,$abc$20785$auto$blifparse.cc:397:parse_blif$22631,$_XNOR_,Y,3676
1846,$abc$20785$auto$blifparse.cc:397:parse_blif$22632,$_AND_,Y,3678
1847,$abc$20785$auto$blifparse.cc:397:parse_blif$22633,$_NAND_,Y,3679
1848,$abc$20785$auto$blifparse.cc:397:parse_blif$22634,$_NAND_,Y,3681
1849,$abc$20785$auto$blifparse.cc:397:parse_blif$22635,$_NAND_,Y,3682
1850,$abc$20785$auto$blifparse.cc:397:parse_blif$22636,$_OR_,Y,3683
1851,$abc$20785$auto$blifparse.cc:397:parse_blif$22637,$_NAND_,Y,3684
1852,$abc$20785$auto$blifparse.cc:397:parse_blif$22638,$_AND_,Y,3686
1853,$abc$20785$auto$blifparse.cc:397:parse_blif$22639,$_NAND_,Y,3687
1854,$abc$20785$auto$blifparse.cc:397:parse_blif$22640,$_NAND_,Y,3689
1855,$abc$20785$auto$blifparse.cc:397:parse_blif$22641,$_AND_,Y,3690
1856,$abc$20785$auto$blifparse.cc:397:parse_blif$22642,$_ORNOT_,Y,3691
1857,$abc$20785$auto$blifparse.cc:397:parse_blif$22643,$_XNOR_,Y,3692
1858,$abc$20785$auto$blifparse.cc:397:parse_blif$22644,$_NAND_,Y,3694
1859,$abc$20785$auto$blifparse.cc:397:parse_blif$22645,$_NAND_,Y,3695
1860,$abc$20785$auto$blifparse.cc:397:parse_blif$22646,$_NAND_,Y,3697
1861,$abc$20785$auto$blifparse.cc:397:parse_blif$22647,$_AND_,Y,3698
1862,$abc$20785$auto$blifparse.cc:397:parse_blif$22648,$_OR_,Y,3699
1863,$abc$20785$auto$blifparse.cc:397:parse_blif$22649,$_NAND_,Y,3700
1864,$abc$20785$auto$blifparse.cc:397:parse_blif$22650,$_AND_,Y,3702
1865,$abc$20785$auto$blifparse.cc:397:parse_blif$22651,$_NAND_,Y,3703
1866,$abc$20785$auto$blifparse.cc:397:parse_blif$22652,$_NAND_,Y,3705
1867,$abc$20785$auto$blifparse.cc:397:parse_blif$22653,$_AND_,Y,3706
1868,$abc$20785$auto$blifparse.cc:397:parse_blif$22654,$_ORNOT_,Y,3707
1869,$abc$20785$auto$blifparse.cc:397:parse_blif$22655,$_XNOR_,Y,3708
1870,$abc$20785$auto$blifparse.cc:397:parse_blif$22656,$_AND_,Y,3710
1871,$abc$20785$auto$blifparse.cc:397:parse_blif$22657,$_NAND_,Y,3711
1872,$abc$20785$auto$blifparse.cc:397:parse_blif$22658,$_NAND_,Y,3713
1873,$abc$20785$auto$blifparse.cc:397:parse_blif$22659,$_AND_,Y,3714
1874,$abc$20785$auto$blifparse.cc:397:parse_blif$22660,$_ORNOT_,Y,3715
1875,$abc$20785$auto$blifparse.cc:397:parse_blif$22661,$_ORNOT_,Y,3716
1876,$abc$20785$auto$blifparse.cc:397:parse_blif$22662,$_AND_,Y,3718
1877,$abc$20785$auto$blifparse.cc:397:parse_blif$22663,$_NAND_,Y,3719
1878,$abc$20785$auto$blifparse.cc:397:parse_blif$22664,$_NAND_,Y,3721
1879,$abc$20785$auto$blifparse.cc:397:parse_blif$22665,$_AND_,Y,3722
1880,$abc$20785$auto$blifparse.cc:397:parse_blif$22666,$_ORNOT_,Y,3723
1881,$abc$20785$auto$blifparse.cc:397:parse_blif$22667,$_XNOR_,Y,3724
1882,$abc$20785$auto$blifparse.cc:397:parse_blif$22668,$_NAND_,Y,3726
1883,$abc$20785$auto$blifparse.cc:397:parse_blif$22669,$_NAND_,Y,3727
1884,$abc$20785$auto$blifparse.cc:397:parse_blif$22670,$_NAND_,Y,3729
1885,$abc$20785$auto$blifparse.cc:397:parse_blif$22671,$_AND_,Y,3730
1886,$abc$20785$auto$blifparse.cc:397:parse_blif$22672,$_OR_,Y,3731
1887,$abc$20785$auto$blifparse.cc:397:parse_blif$22673,$_NAND_,Y,3732
1888,$abc$20785$auto$blifparse.cc:397:parse_blif$22674,$_AND_,Y,3734
1889,$abc$20785$auto$blifparse.cc:397:parse_blif$22675,$_NAND_,Y,3735
1890,$abc$20785$auto$blifparse.cc:397:parse_blif$22676,$_NAND_,Y,3737
1891,$abc$20785$auto$blifparse.cc:397:parse_blif$22677,$_AND_,Y,3738
1892,$abc$20785$auto$blifparse.cc:397:parse_blif$22678,$_ORNOT_,Y,3739
1893,$abc$20785$auto$blifparse.cc:397:parse_blif$22679,$_XNOR_,Y,3740
1894,$abc$20785$auto$blifparse.cc:397:parse_blif$22680,$_NAND_,Y,3742
1895,$abc$20785$auto$blifparse.cc:397:parse_blif$22681,$_NAND_,Y,3743
1896,$abc$20785$auto$blifparse.cc:397:parse_blif$22682,$_NAND_,Y,3745
1897,$abc$20785$auto$blifparse.cc:397:parse_blif$22683,$_AND_,Y,3746
1898,$abc$20785$auto$blifparse.cc:397:parse_blif$22684,$_OR_,Y,3747
1899,$abc$20785$auto$blifparse.cc:397:parse_blif$22685,$_NAND_,Y,3748
1900,$abc$20785$auto$blifparse.cc:397:parse_blif$22686,$_AND_,Y,3750
1901,$abc$20785$auto$blifparse.cc:397:parse_blif$22687,$_NAND_,Y,3751
1902,$abc$20785$auto$blifparse.cc:397:parse_blif$22688,$_NAND_,Y,3753
1903,$abc$20785$auto$blifparse.cc:397:parse_blif$22689,$_AND_,Y,3754
1904,$abc$20785$auto$blifparse.cc:397:parse_blif$22690,$_ORNOT_,Y,3755
1905,$abc$20785$auto$blifparse.cc:397:parse_blif$22691,$_XNOR_,Y,3756
1906,$abc$20785$auto$blifparse.cc:397:parse_blif$22692,$_AND_,Y,3758
1907,$abc$20785$auto$blifparse.cc:397:parse_blif$22693,$_NAND_,Y,3759
1908,$abc$20785$auto$blifparse.cc:397:parse_blif$22694,$_NAND_,Y,3761
1909,$abc$20785$auto$blifparse.cc:397:parse_blif$22695,$_AND_,Y,3762
1910,$abc$20785$auto$blifparse.cc:397:parse_blif$22696,$_ORNOT_,Y,3763
1911,$abc$20785$auto$blifparse.cc:397:parse_blif$22697,$_ORNOT_,Y,3764
1912,$abc$20785$auto$blifparse.cc:397:parse_blif$22698,$_AND_,Y,3766
1913,$abc$20785$auto$blifparse.cc:397:parse_blif$22699,$_NAND_,Y,3767
1914,$abc$20785$auto$blifparse.cc:397:parse_blif$22700,$_NAND_,Y,3769
1915,$abc$20785$auto$blifparse.cc:397:parse_blif$22701,$_AND_,Y,3770
1916,$abc$20785$auto$blifparse.cc:397:parse_blif$22702,$_ORNOT_,Y,3771
1917,$abc$20785$auto$blifparse.cc:397:parse_blif$22703,$_XNOR_,Y,3772
1918,$abc$20785$auto$blifparse.cc:397:parse_blif$22704,$_AND_,Y,3774
1919,$abc$20785$auto$blifparse.cc:397:parse_blif$22705,$_NAND_,Y,3775
1920,$abc$20785$auto$blifparse.cc:397:parse_blif$22706,$_NAND_,Y,3777
1921,$abc$20785$auto$blifparse.cc:397:parse_blif$22707,$_AND_,Y,3778
1922,$abc$20785$auto$blifparse.cc:397:parse_blif$22708,$_ORNOT_,Y,3779
1923,$abc$20785$auto$blifparse.cc:397:parse_blif$22709,$_ORNOT_,Y,3780
1924,$abc$20785$auto$blifparse.cc:397:parse_blif$22710,$_AND_,Y,3782
1925,$abc$20785$auto$blifparse.cc:397:parse_blif$22711,$_NAND_,Y,3783
1926,$abc$20785$auto$blifparse.cc:397:parse_blif$22712,$_NAND_,Y,3785
1927,$abc$20785$auto$blifparse.cc:397:parse_blif$22713,$_NAND_,Y,3786
1928,$abc$20785$auto$blifparse.cc:397:parse_blif$22714,$_NAND_,Y,3787
1929,$abc$20785$auto$blifparse.cc:397:parse_blif$22715,$_XOR_,Y,3788
1930,$abc$20785$auto$blifparse.cc:397:parse_blif$22716,$_AND_,Y,3790
1931,$abc$20785$auto$blifparse.cc:397:parse_blif$22717,$_NAND_,Y,3791
1932,$abc$20785$auto$blifparse.cc:397:parse_blif$22718,$_NAND_,Y,3793
1933,$abc$20785$auto$blifparse.cc:397:parse_blif$22719,$_AND_,Y,3794
1934,$abc$20785$auto$blifparse.cc:397:parse_blif$22720,$_ORNOT_,Y,3795
1935,$abc$20785$auto$blifparse.cc:397:parse_blif$22721,$_XNOR_,Y,3796
1936,$abc$20785$auto$blifparse.cc:397:parse_blif$22722,$_AND_,Y,3798
1937,$abc$20785$auto$blifparse.cc:397:parse_blif$22723,$_NAND_,Y,3799
1938,$abc$20785$auto$blifparse.cc:397:parse_blif$22724,$_NAND_,Y,3801
1939,$abc$20785$auto$blifparse.cc:397:parse_blif$22725,$_NAND_,Y,3802
1940,$abc$20785$auto$blifparse.cc:397:parse_blif$22726,$_NAND_,Y,3803
1941,$abc$20785$auto$blifparse.cc:397:parse_blif$22727,$_AND_,Y,3805
1942,$abc$20785$auto$blifparse.cc:397:parse_blif$22728,$_NAND_,Y,3806
1943,$abc$20785$auto$blifparse.cc:397:parse_blif$22729,$_NAND_,Y,3808
1944,$abc$20785$auto$blifparse.cc:397:parse_blif$22730,$_AND_,Y,3809
1945,$abc$20785$auto$blifparse.cc:397:parse_blif$22731,$_ORNOT_,Y,3810
1946,$abc$20785$auto$blifparse.cc:397:parse_blif$22732,$_XNOR_,Y,3811
1947,$abc$20785$auto$blifparse.cc:397:parse_blif$22733,$_AND_,Y,3813
1948,$abc$20785$auto$blifparse.cc:397:parse_blif$22734,$_NAND_,Y,3814
1949,$abc$20785$auto$blifparse.cc:397:parse_blif$22735,$_NAND_,Y,3816
1950,$abc$20785$auto$blifparse.cc:397:parse_blif$22736,$_NAND_,Y,3817
1951,$abc$20785$auto$blifparse.cc:397:parse_blif$22737,$_NAND_,Y,3818
1952,$abc$20785$auto$blifparse.cc:397:parse_blif$22738,$_AND_,Y,3820
1953,$abc$20785$auto$blifparse.cc:397:parse_blif$22739,$_NAND_,Y,3821
1954,$abc$20785$auto$blifparse.cc:397:parse_blif$22740,$_NAND_,Y,3823
1955,$abc$20785$auto$blifparse.cc:397:parse_blif$22741,$_AND_,Y,3824
1956,$abc$20785$auto$blifparse.cc:397:parse_blif$22742,$_ORNOT_,Y,3825
1957,$abc$20785$auto$blifparse.cc:397:parse_blif$22743,$_AND_,Y,3827
1958,$abc$20785$auto$blifparse.cc:397:parse_blif$22744,$_NAND_,Y,3828
1959,$abc$20785$auto$blifparse.cc:397:parse_blif$22745,$_NAND_,Y,3830
1960,$abc$20785$auto$blifparse.cc:397:parse_blif$22746,$_NAND_,Y,3831
1961,$abc$20785$auto$blifparse.cc:397:parse_blif$22747,$_AND_,Y,3832
1962,$abc$20785$auto$blifparse.cc:397:parse_blif$22748,$_XNOR_,Y,3833
1963,$abc$20785$auto$blifparse.cc:397:parse_blif$22749,$_NAND_,Y,3834
1964,$abc$20785$auto$blifparse.cc:397:parse_blif$22750,$_NAND_,Y,3835
1965,$abc$20785$auto$blifparse.cc:397:parse_blif$22751,$_XOR_,Y,3836
1966,$abc$20785$auto$blifparse.cc:397:parse_blif$22752,$_NAND_,Y,3837
1967,$abc$20785$auto$blifparse.cc:397:parse_blif$22753,$_NAND_,Y,3838
1968,$abc$20785$auto$blifparse.cc:397:parse_blif$22754,$_NAND_,Y,3839
1969,$abc$20785$auto$blifparse.cc:397:parse_blif$22755,$_NAND_,Y,3840
1970,$abc$20785$auto$blifparse.cc:397:parse_blif$22756,$_XOR_,Y,3841
1971,$abc$20785$auto$blifparse.cc:397:parse_blif$22757,$_NAND_,Y,3842
1972,$abc$20785$auto$blifparse.cc:397:parse_blif$22758,$_AND_,Y,3843
1973,$abc$20785$auto$blifparse.cc:397:parse_blif$22759,$_ORNOT_,Y,3844
1974,$abc$20785$auto$blifparse.cc:397:parse_blif$22760,$_NAND_,Y,3845
1975,$abc$20785$auto$blifparse.cc:397:parse_blif$22761,$_NAND_,Y,3846
1976,$abc$20785$auto$blifparse.cc:397:parse_blif$22762,$_NAND_,Y,3847
1977,$abc$20785$auto$blifparse.cc:397:parse_blif$22763,$_NAND_,Y,3848
1978,$abc$20785$auto$blifparse.cc:397:parse_blif$22764,$_NAND_,Y,3849
1979,$abc$20785$auto$blifparse.cc:397:parse_blif$22765,$_NAND_,Y,3850
1980,$abc$20785$auto$blifparse.cc:397:parse_blif$22766,$_AND_,Y,3851
1981,$abc$20785$auto$blifparse.cc:397:parse_blif$22767,$_NAND_,Y,3852
1982,$abc$20785$auto$blifparse.cc:397:parse_blif$22768,$_AND_,Y,3853
1983,$abc$20785$auto$blifparse.cc:397:parse_blif$22769,$_NAND_,Y,3854
1984,$abc$20785$auto$blifparse.cc:397:parse_blif$22770,$_NAND_,Y,3855
1985,$abc$20785$auto$blifparse.cc:397:parse_blif$22771,$_NAND_,Y,3856
1986,$abc$20785$auto$blifparse.cc:397:parse_blif$22772,$_AND_,Y,3857
1987,$abc$20785$auto$blifparse.cc:397:parse_blif$22773,$_ORNOT_,Y,3858
1988,$abc$20785$auto$blifparse.cc:397:parse_blif$22774,$_NAND_,Y,3859
1989,$abc$20785$auto$blifparse.cc:397:parse_blif$22775,$_NAND_,Y,3860
1990,$abc$20785$auto$blifparse.cc:397:parse_blif$22776,$_AND_,Y,3861
1991,$abc$20785$auto$blifparse.cc:397:parse_blif$22777,$_ORNOT_,Y,3862
1992,$abc$20785$auto$blifparse.cc:397:parse_blif$22778,$_AND_,Y,3863
1993,$abc$20785$auto$blifparse.cc:397:parse_blif$22779,$_NAND_,Y,3864
1994,$abc$20785$auto$blifparse.cc:397:parse_blif$22780,$_AND_,Y,3865
1995,$abc$20785$auto$blifparse.cc:397:parse_blif$22781,$_NAND_,Y,3866
1996,$abc$20785$auto$blifparse.cc:397:parse_blif$22782,$_NAND_,Y,3867
1997,$abc$20785$auto$blifparse.cc:397:parse_blif$22783,$_NAND_,Y,3868
1998,$abc$20785$auto$blifparse.cc:397:parse_blif$22784,$_AND_,Y,3869
1999,$abc$20785$auto$blifparse.cc:397:parse_blif$22785,$_ORNOT_,Y,3870
2000,$abc$20785$auto$blifparse.cc:397:parse_blif$22786,$_AND_,Y,3871
2001,$abc$20785$auto$blifparse.cc:397:parse_blif$22787,$_NAND_,Y,3872
2002,$abc$20785$auto$blifparse.cc:397:parse_blif$22788,$_AND_,Y,3873
2003,$abc$20785$auto$blifparse.cc:397:parse_blif$22789,$_NAND_,Y,3874
2004,$abc$20785$auto$blifparse.cc:397:parse_blif$22790,$_AND_,Y,3875
2005,$abc$20785$auto$blifparse.cc:397:parse_blif$22791,$_NAND_,Y,3876
2006,$abc$20785$auto$blifparse.cc:397:parse_blif$22792,$_AND_,Y,3877
2007,$abc$20785$auto$blifparse.cc:397:parse_blif$22793,$_NAND_,Y,3878
2008,$abc$20785$auto$blifparse.cc:397:parse_blif$22794,$_NAND_,Y,3879
2009,$abc$20785$auto$blifparse.cc:397:parse_blif$22795,$_NAND_,Y,3880
2010,$abc$20785$auto$blifparse.cc:397:parse_blif$22796,$_AND_,Y,3881
2011,$abc$20785$auto$blifparse.cc:397:parse_blif$22797,$_ORNOT_,Y,3882
2012,$abc$20785$auto$blifparse.cc:397:parse_blif$22798,$_AND_,Y,3883
2013,$abc$20785$auto$blifparse.cc:397:parse_blif$22799,$_NAND_,Y,3884
2014,$abc$20785$auto$blifparse.cc:397:parse_blif$22800,$_AND_,Y,3885
2015,$abc$20785$auto$blifparse.cc:397:parse_blif$22801,$_NAND_,Y,3886
2016,$abc$20785$auto$blifparse.cc:397:parse_blif$22802,$_AND_,Y,3887
2017,$abc$20785$auto$blifparse.cc:397:parse_blif$22803,$_NAND_,Y,3888
2018,$abc$20785$auto$blifparse.cc:397:parse_blif$22804,$_AND_,Y,3889
2019,$abc$20785$auto$blifparse.cc:397:parse_blif$22805,$_NAND_,Y,3890
2020,$abc$20785$auto$blifparse.cc:397:parse_blif$22806,$_AND_,Y,3891
2021,$abc$20785$auto$blifparse.cc:397:parse_blif$22807,$_NAND_,Y,3892
2022,$abc$20785$auto$blifparse.cc:397:parse_blif$22808,$_AND_,Y,3893
2023,$abc$20785$auto$blifparse.cc:397:parse_blif$22809,$_NAND_,Y,3894
2024,$abc$20785$auto$blifparse.cc:397:parse_blif$22810,$_XOR_,Y,3895
2025,$abc$20785$auto$blifparse.cc:397:parse_blif$22811,$_NAND_,Y,3896
2026,$abc$20785$auto$blifparse.cc:397:parse_blif$22812,$_NAND_,Y,3897
2027,$abc$20785$auto$blifparse.cc:397:parse_blif$22813,$_NAND_,Y,3898
2028,$abc$20785$auto$blifparse.cc:397:parse_blif$22814,$_NAND_,Y,3900
2029,$abc$20785$auto$blifparse.cc:397:parse_blif$22815,$_NAND_,Y,3901
2030,$abc$20785$auto$blifparse.cc:397:parse_blif$22816,$_NAND_,Y,3902
2031,$abc$20785$auto$blifparse.cc:397:parse_blif$22817,$_XOR_,Y,3903
2032,$abc$20785$auto$blifparse.cc:397:parse_blif$22818,$_XNOR_,Y,3904
2033,$abc$20785$auto$blifparse.cc:397:parse_blif$22819,$_ANDNOT_,Y,3905
2034,$abc$20785$auto$blifparse.cc:397:parse_blif$22820,$_XNOR_,Y,3906
2035,$abc$20785$auto$blifparse.cc:397:parse_blif$22821,$_NAND_,Y,3907
2036,$abc$20785$auto$blifparse.cc:397:parse_blif$22822,$_NAND_,Y,3908
2037,$abc$20785$auto$blifparse.cc:397:parse_blif$22823,$_NAND_,Y,3909
2038,$abc$20785$auto$blifparse.cc:397:parse_blif$22824,$_NAND_,Y,3911
2039,$abc$20785$auto$blifparse.cc:397:parse_blif$22825,$_NAND_,Y,3912
2040,$abc$20785$auto$blifparse.cc:397:parse_blif$22826,$_AND_,Y,3913
2041,$abc$20785$auto$blifparse.cc:397:parse_blif$22827,$_XOR_,Y,3914
2042,$abc$20785$auto$blifparse.cc:397:parse_blif$22828,$_XNOR_,Y,3915
2043,$abc$20785$auto$blifparse.cc:397:parse_blif$22829,$_NAND_,Y,3916
2044,$abc$20785$auto$blifparse.cc:397:parse_blif$22830,$_NAND_,Y,3917
2045,$abc$20785$auto$blifparse.cc:397:parse_blif$22831,$_NAND_,Y,3918
2046,$abc$20785$auto$blifparse.cc:397:parse_blif$22832,$_NAND_,Y,3919
2047,$abc$20785$auto$blifparse.cc:397:parse_blif$22833,$_NAND_,Y,3921
2048,$abc$20785$auto$blifparse.cc:397:parse_blif$22834,$_NAND_,Y,3922
2049,$abc$20785$auto$blifparse.cc:397:parse_blif$22835,$_AND_,Y,3923
2050,$abc$20785$auto$blifparse.cc:397:parse_blif$22836,$_XOR_,Y,3924
2051,$abc$20785$auto$blifparse.cc:397:parse_blif$22837,$_XNOR_,Y,3925
2052,$abc$20785$auto$blifparse.cc:397:parse_blif$22838,$_NAND_,Y,3926
2053,$abc$20785$auto$blifparse.cc:397:parse_blif$22839,$_NAND_,Y,3927
2054,$abc$20785$auto$blifparse.cc:397:parse_blif$22840,$_NAND_,Y,3928
2055,$abc$20785$auto$blifparse.cc:397:parse_blif$22841,$_NAND_,Y,3929
2056,$abc$20785$auto$blifparse.cc:397:parse_blif$22842,$_NAND_,Y,3931
2057,$abc$20785$auto$blifparse.cc:397:parse_blif$22843,$_NAND_,Y,3932
2058,$abc$20785$auto$blifparse.cc:397:parse_blif$22844,$_AND_,Y,3933
2059,$abc$20785$auto$blifparse.cc:397:parse_blif$22845,$_AND_,Y,3934
2060,$abc$20785$auto$blifparse.cc:397:parse_blif$22846,$_NAND_,Y,3936
2061,$abc$20785$auto$blifparse.cc:397:parse_blif$22847,$_NAND_,Y,3937
2062,$abc$20785$auto$blifparse.cc:397:parse_blif$22848,$_NAND_,Y,3939
2063,$abc$20785$auto$blifparse.cc:397:parse_blif$22849,$_AND_,Y,3940
2064,$abc$20785$auto$blifparse.cc:397:parse_blif$22850,$_XNOR_,Y,3941
2065,$abc$20785$auto$blifparse.cc:397:parse_blif$22851,$_XNOR_,Y,3942
2066,$abc$20785$auto$blifparse.cc:397:parse_blif$22852,$_XNOR_,Y,3943
2067,$abc$20785$auto$blifparse.cc:397:parse_blif$22853,$_ANDNOT_,Y,3944
2068,$abc$20785$auto$blifparse.cc:397:parse_blif$22854,$_XNOR_,Y,3945
2069,$abc$20785$auto$blifparse.cc:397:parse_blif$22855,$_NAND_,Y,3946
2070,$abc$20785$auto$blifparse.cc:397:parse_blif$22856,$_NAND_,Y,3947
2071,$abc$20785$auto$blifparse.cc:397:parse_blif$22857,$_NAND_,Y,3948
2072,$abc$20785$auto$blifparse.cc:397:parse_blif$22858,$_NAND_,Y,3950
2073,$abc$20785$auto$blifparse.cc:397:parse_blif$22859,$_NAND_,Y,3951
2074,$abc$20785$auto$blifparse.cc:397:parse_blif$22860,$_NAND_,Y,3952
2075,$abc$20785$auto$blifparse.cc:397:parse_blif$22861,$_XNOR_,Y,3953
2076,$abc$20785$auto$blifparse.cc:397:parse_blif$22862,$_ANDNOT_,Y,3954
2077,$abc$20785$auto$blifparse.cc:397:parse_blif$22863,$_XNOR_,Y,3955
2078,$abc$20785$auto$blifparse.cc:397:parse_blif$22864,$_NAND_,Y,3956
2079,$abc$20785$auto$blifparse.cc:397:parse_blif$22865,$_NAND_,Y,3957
2080,$abc$20785$auto$blifparse.cc:397:parse_blif$22866,$_NAND_,Y,3958
2081,$abc$20785$auto$blifparse.cc:397:parse_blif$22867,$_NAND_,Y,3960
2082,$abc$20785$auto$blifparse.cc:397:parse_blif$22868,$_NAND_,Y,3961
2083,$abc$20785$auto$blifparse.cc:397:parse_blif$22869,$_AND_,Y,3962
2084,$abc$20785$auto$blifparse.cc:397:parse_blif$22870,$_AND_,Y,3963
2085,$abc$20785$auto$blifparse.cc:397:parse_blif$22871,$_XNOR_,Y,3964
2086,$abc$20785$auto$blifparse.cc:397:parse_blif$22872,$_XNOR_,Y,3965
2087,$abc$20785$auto$blifparse.cc:397:parse_blif$22873,$_OR_,Y,3966
2088,$abc$20785$auto$blifparse.cc:397:parse_blif$22874,$_NAND_,Y,3967
2089,$abc$20785$auto$blifparse.cc:397:parse_blif$22875,$_NAND_,Y,3968
2090,$abc$20785$auto$blifparse.cc:397:parse_blif$22876,$_NAND_,Y,3969
2091,$abc$20785$auto$blifparse.cc:397:parse_blif$22877,$_NAND_,Y,3970
2092,$abc$20785$auto$blifparse.cc:397:parse_blif$22878,$_NAND_,Y,3972
2093,$abc$20785$auto$blifparse.cc:397:parse_blif$22879,$_NAND_,Y,3973
2094,$abc$20785$auto$blifparse.cc:397:parse_blif$22880,$_NAND_,Y,3974
2095,$abc$20785$auto$blifparse.cc:397:parse_blif$22881,$_XOR_,Y,3975
2096,$abc$20785$auto$blifparse.cc:397:parse_blif$22882,$_XNOR_,Y,3976
2097,$abc$20785$auto$blifparse.cc:397:parse_blif$22883,$_ANDNOT_,Y,3977
2098,$abc$20785$auto$blifparse.cc:397:parse_blif$22884,$_XNOR_,Y,3978
2099,$abc$20785$auto$blifparse.cc:397:parse_blif$22885,$_NAND_,Y,3979
2100,$abc$20785$auto$blifparse.cc:397:parse_blif$22886,$_NAND_,Y,3980
2101,$abc$20785$auto$blifparse.cc:397:parse_blif$22887,$_NAND_,Y,3981
2102,$abc$20785$auto$blifparse.cc:397:parse_blif$22888,$_NAND_,Y,3983
2103,$abc$20785$auto$blifparse.cc:397:parse_blif$22889,$_NAND_,Y,3984
2104,$abc$20785$auto$blifparse.cc:397:parse_blif$22890,$_NAND_,Y,3985
2105,$abc$20785$auto$blifparse.cc:397:parse_blif$22891,$_AND_,Y,3986
2106,$abc$20785$auto$blifparse.cc:397:parse_blif$22892,$_XNOR_,Y,3987
2107,$abc$20785$auto$blifparse.cc:397:parse_blif$22893,$_XNOR_,Y,3988
2108,$abc$20785$auto$blifparse.cc:397:parse_blif$22894,$_ORNOT_,Y,3989
2109,$abc$20785$auto$blifparse.cc:397:parse_blif$22895,$_ANDNOT_,Y,3990
2110,$abc$20785$auto$blifparse.cc:397:parse_blif$22896,$_NAND_,Y,3991
2111,$abc$20785$auto$blifparse.cc:397:parse_blif$22897,$_NAND_,Y,3992
2112,$abc$20785$auto$blifparse.cc:397:parse_blif$22898,$_NAND_,Y,3993
2113,$abc$20785$auto$blifparse.cc:397:parse_blif$22899,$_NAND_,Y,3995
2114,$abc$20785$auto$blifparse.cc:397:parse_blif$22900,$_NAND_,Y,3996
2115,$abc$20785$auto$blifparse.cc:397:parse_blif$22901,$_NAND_,Y,3997
2116,$abc$20785$auto$blifparse.cc:397:parse_blif$22902,$_XOR_,Y,3998
2117,$abc$20785$auto$blifparse.cc:397:parse_blif$22903,$_XNOR_,Y,3999
2118,$abc$20785$auto$blifparse.cc:397:parse_blif$22904,$_ANDNOT_,Y,4000
2119,$abc$20785$auto$blifparse.cc:397:parse_blif$22905,$_XNOR_,Y,4001
2120,$abc$20785$auto$blifparse.cc:397:parse_blif$22906,$_NAND_,Y,4002
2121,$abc$20785$auto$blifparse.cc:397:parse_blif$22907,$_NAND_,Y,4003
2122,$abc$20785$auto$blifparse.cc:397:parse_blif$22908,$_NAND_,Y,4004
2123,$abc$20785$auto$blifparse.cc:397:parse_blif$22909,$_NAND_,Y,4006
2124,$abc$20785$auto$blifparse.cc:397:parse_blif$22910,$_NAND_,Y,4007
2125,$abc$20785$auto$blifparse.cc:397:parse_blif$22911,$_NAND_,Y,4008
2126,$abc$20785$auto$blifparse.cc:397:parse_blif$22912,$_AND_,Y,4009
2127,$abc$20785$auto$blifparse.cc:397:parse_blif$22913,$_XNOR_,Y,4010
2128,$abc$20785$auto$blifparse.cc:397:parse_blif$22914,$_XNOR_,Y,4011
2129,$abc$20785$auto$blifparse.cc:397:parse_blif$22915,$_ORNOT_,Y,4012
2130,$abc$20785$auto$blifparse.cc:397:parse_blif$22916,$_ANDNOT_,Y,4013
2131,$abc$20785$auto$blifparse.cc:397:parse_blif$22917,$_NAND_,Y,4014
2132,$abc$20785$auto$blifparse.cc:397:parse_blif$22918,$_NAND_,Y,4015
2133,$abc$20785$auto$blifparse.cc:397:parse_blif$22919,$_NAND_,Y,4016
2134,$abc$20785$auto$blifparse.cc:397:parse_blif$22920,$_NAND_,Y,4018
2135,$abc$20785$auto$blifparse.cc:397:parse_blif$22921,$_NAND_,Y,4019
2136,$abc$20785$auto$blifparse.cc:397:parse_blif$22922,$_AND_,Y,4020
2137,$abc$20785$auto$blifparse.cc:397:parse_blif$22923,$_XNOR_,Y,4021
2138,$abc$20785$auto$blifparse.cc:397:parse_blif$22924,$_XNOR_,Y,4022
2139,$abc$20785$auto$blifparse.cc:397:parse_blif$22925,$_NAND_,Y,4023
2140,$abc$20785$auto$blifparse.cc:397:parse_blif$22926,$_NAND_,Y,4024
2141,$abc$20785$auto$blifparse.cc:397:parse_blif$22927,$_NAND_,Y,4025
2142,$abc$20785$auto$blifparse.cc:397:parse_blif$22928,$_NAND_,Y,4026
2143,$abc$20785$auto$blifparse.cc:397:parse_blif$22929,$_NAND_,Y,4028
2144,$abc$20785$auto$blifparse.cc:397:parse_blif$22930,$_NAND_,Y,4029
2145,$abc$20785$auto$blifparse.cc:397:parse_blif$22931,$_NAND_,Y,4030
2146,$abc$20785$auto$blifparse.cc:397:parse_blif$22932,$_NAND_,Y,4031
2147,$abc$20785$auto$blifparse.cc:397:parse_blif$22933,$_XNOR_,Y,4032
2148,$abc$20785$auto$blifparse.cc:397:parse_blif$22934,$_XNOR_,Y,4033
2149,$abc$20785$auto$blifparse.cc:397:parse_blif$22935,$_ANDNOT_,Y,4034
2150,$abc$20785$auto$blifparse.cc:397:parse_blif$22936,$_XNOR_,Y,4035
2151,$abc$20785$auto$blifparse.cc:397:parse_blif$22937,$_NAND_,Y,4036
2152,$abc$20785$auto$blifparse.cc:397:parse_blif$22938,$_NAND_,Y,4037
2153,$abc$20785$auto$blifparse.cc:397:parse_blif$22939,$_NAND_,Y,4038
2154,$abc$20785$auto$blifparse.cc:397:parse_blif$22940,$_NAND_,Y,4040
2155,$abc$20785$auto$blifparse.cc:397:parse_blif$22941,$_NAND_,Y,4041
2156,$abc$20785$auto$blifparse.cc:397:parse_blif$22942,$_NAND_,Y,4042
2157,$abc$20785$auto$blifparse.cc:397:parse_blif$22943,$_XOR_,Y,4043
2158,$abc$20785$auto$blifparse.cc:397:parse_blif$22944,$_XNOR_,Y,4044
2159,$abc$20785$auto$blifparse.cc:397:parse_blif$22945,$_ANDNOT_,Y,4045
2160,$abc$20785$auto$blifparse.cc:397:parse_blif$22946,$_XNOR_,Y,4046
2161,$abc$20785$auto$blifparse.cc:397:parse_blif$22947,$_NAND_,Y,4047
2162,$abc$20785$auto$blifparse.cc:397:parse_blif$22948,$_NAND_,Y,4048
2163,$abc$20785$auto$blifparse.cc:397:parse_blif$22949,$_NAND_,Y,4049
2164,$abc$20785$auto$blifparse.cc:397:parse_blif$22950,$_NAND_,Y,4051
2165,$abc$20785$auto$blifparse.cc:397:parse_blif$22951,$_NAND_,Y,4052
2166,$abc$20785$auto$blifparse.cc:397:parse_blif$22952,$_AND_,Y,4053
2167,$abc$20785$auto$blifparse.cc:397:parse_blif$22953,$_AND_,Y,4054
2168,$abc$20785$auto$blifparse.cc:397:parse_blif$22954,$_XOR_,Y,4055
2169,$abc$20785$auto$blifparse.cc:397:parse_blif$22955,$_XNOR_,Y,4056
2170,$abc$20785$auto$blifparse.cc:397:parse_blif$22956,$_ANDNOT_,Y,4057
2171,$abc$20785$auto$blifparse.cc:397:parse_blif$22957,$_XNOR_,Y,4058
2172,$abc$20785$auto$blifparse.cc:397:parse_blif$22958,$_NAND_,Y,4059
2173,$abc$20785$auto$blifparse.cc:397:parse_blif$22959,$_NAND_,Y,4060
2174,$abc$20785$auto$blifparse.cc:397:parse_blif$22960,$_NAND_,Y,4061
2175,$abc$20785$auto$blifparse.cc:397:parse_blif$22961,$_NAND_,Y,4063
2176,$abc$20785$auto$blifparse.cc:397:parse_blif$22962,$_NAND_,Y,4064
2177,$abc$20785$auto$blifparse.cc:397:parse_blif$22963,$_AND_,Y,4065
2178,$abc$20785$auto$blifparse.cc:397:parse_blif$22964,$_XOR_,Y,4066
2179,$abc$20785$auto$blifparse.cc:397:parse_blif$22965,$_XNOR_,Y,4067
2180,$abc$20785$auto$blifparse.cc:397:parse_blif$22966,$_NAND_,Y,4068
2181,$abc$20785$auto$blifparse.cc:397:parse_blif$22967,$_NAND_,Y,4069
2182,$abc$20785$auto$blifparse.cc:397:parse_blif$22968,$_NAND_,Y,4070
2183,$abc$20785$auto$blifparse.cc:397:parse_blif$22969,$_NAND_,Y,4071
2184,$abc$20785$auto$blifparse.cc:397:parse_blif$22970,$_NAND_,Y,4073
2185,$abc$20785$auto$blifparse.cc:397:parse_blif$22971,$_NAND_,Y,4074
2186,$abc$20785$auto$blifparse.cc:397:parse_blif$22972,$_AND_,Y,4075
2187,$abc$20785$auto$blifparse.cc:397:parse_blif$22973,$_NAND_,Y,4076
2188,$abc$20785$auto$blifparse.cc:397:parse_blif$22974,$_XNOR_,Y,4077
2189,$abc$20785$auto$blifparse.cc:397:parse_blif$22975,$_XNOR_,Y,4078
2190,$abc$20785$auto$blifparse.cc:397:parse_blif$22976,$_ANDNOT_,Y,4079
2191,$abc$20785$auto$blifparse.cc:397:parse_blif$22977,$_XNOR_,Y,4080
2192,$abc$20785$auto$blifparse.cc:397:parse_blif$22978,$_NAND_,Y,4081
2193,$abc$20785$auto$blifparse.cc:397:parse_blif$22979,$_NAND_,Y,4082
2194,$abc$20785$auto$blifparse.cc:397:parse_blif$22980,$_NAND_,Y,4083
2195,$abc$20785$auto$blifparse.cc:397:parse_blif$22981,$_NAND_,Y,4085
2196,$abc$20785$auto$blifparse.cc:397:parse_blif$22982,$_NAND_,Y,4086
2197,$abc$20785$auto$blifparse.cc:397:parse_blif$22983,$_AND_,Y,4087
2198,$abc$20785$auto$blifparse.cc:397:parse_blif$22984,$_XNOR_,Y,4088
2199,$abc$20785$auto$blifparse.cc:397:parse_blif$22985,$_XNOR_,Y,4089
2200,$abc$20785$auto$blifparse.cc:397:parse_blif$22986,$_NAND_,Y,4090
2201,$abc$20785$auto$blifparse.cc:397:parse_blif$22987,$_NAND_,Y,4091
2202,$abc$20785$auto$blifparse.cc:397:parse_blif$22988,$_NAND_,Y,4092
2203,$abc$20785$auto$blifparse.cc:397:parse_blif$22989,$_NAND_,Y,4093
2204,$abc$20785$auto$blifparse.cc:397:parse_blif$22990,$_NAND_,Y,4095
2205,$abc$20785$auto$blifparse.cc:397:parse_blif$22991,$_NAND_,Y,4096
2206,$abc$20785$auto$blifparse.cc:397:parse_blif$22992,$_NAND_,Y,4097
2207,$abc$20785$auto$blifparse.cc:397:parse_blif$22993,$_AND_,Y,4098
2208,$abc$20785$auto$blifparse.cc:397:parse_blif$22994,$_XNOR_,Y,4099
2209,$abc$20785$auto$blifparse.cc:397:parse_blif$22995,$_XNOR_,Y,4100
2210,$abc$20785$auto$blifparse.cc:397:parse_blif$22996,$_NAND_,Y,4101
2211,$abc$20785$auto$blifparse.cc:397:parse_blif$22997,$_NAND_,Y,4102
2212,$abc$20785$auto$blifparse.cc:397:parse_blif$22998,$_NAND_,Y,4103
2213,$abc$20785$auto$blifparse.cc:397:parse_blif$22999,$_NAND_,Y,4104
2214,$abc$20785$auto$blifparse.cc:397:parse_blif$23000,$_NAND_,Y,4106
2215,$abc$20785$auto$blifparse.cc:397:parse_blif$23001,$_NAND_,Y,4107
2216,$abc$20785$auto$blifparse.cc:397:parse_blif$23002,$_AND_,Y,4108
2217,$abc$20785$auto$blifparse.cc:397:parse_blif$23003,$_XOR_,Y,4109
2218,$abc$20785$auto$blifparse.cc:397:parse_blif$23004,$_XNOR_,Y,4110
2219,$abc$20785$auto$blifparse.cc:397:parse_blif$23005,$_AND_,Y,4111
2220,$abc$20785$auto$blifparse.cc:397:parse_blif$23006,$_XOR_,Y,4112
2221,$abc$20785$auto$blifparse.cc:397:parse_blif$23007,$_NAND_,Y,4113
2222,$abc$20785$auto$blifparse.cc:397:parse_blif$23008,$_NAND_,Y,4114
2223,$abc$20785$auto$blifparse.cc:397:parse_blif$23009,$_XOR_,Y,4115
2224,$abc$20785$auto$blifparse.cc:397:parse_blif$23010,$_NAND_,Y,4116
2225,$abc$20785$auto$blifparse.cc:397:parse_blif$23011,$_AND_,Y,4117
2226,$abc$20785$auto$blifparse.cc:397:parse_blif$23012,$_ANDNOT_,Y,4118
2227,$abc$20785$auto$blifparse.cc:397:parse_blif$23013,$_OR_,Y,4119
2228,$abc$20785$auto$blifparse.cc:397:parse_blif$23014,$_XOR_,Y,4120
2229,$abc$20785$auto$blifparse.cc:397:parse_blif$23015,$_NAND_,Y,4121
2230,$abc$20785$auto$blifparse.cc:397:parse_blif$23016,$_AND_,Y,4122
2231,$abc$20785$auto$blifparse.cc:397:parse_blif$23017,$_ANDNOT_,Y,4123
2232,$abc$20785$auto$blifparse.cc:397:parse_blif$23018,$_NOR_,Y,4124
2233,$abc$20785$auto$blifparse.cc:397:parse_blif$23019,$_ANDNOT_,Y,4125
2234,$abc$20785$auto$blifparse.cc:397:parse_blif$23020,$_NOR_,Y,4126
2235,$abc$20785$auto$blifparse.cc:397:parse_blif$23021,$_ANDNOT_,Y,4127
2236,$abc$20785$auto$blifparse.cc:397:parse_blif$23022,$_OR_,Y,4128
2237,$abc$20785$auto$blifparse.cc:397:parse_blif$23023,$_XOR_,Y,4129
2238,$abc$20785$auto$blifparse.cc:397:parse_blif$23024,$_NAND_,Y,4130
2239,$abc$20785$auto$blifparse.cc:397:parse_blif$23025,$_AND_,Y,4131
2240,$abc$20785$auto$blifparse.cc:397:parse_blif$23026,$_ORNOT_,Y,4132
2241,$abc$20785$auto$blifparse.cc:397:parse_blif$23027,$_AND_,Y,4133
2242,$abc$20785$auto$blifparse.cc:397:parse_blif$23028,$_AND_,Y,4134
2243,$abc$20785$auto$blifparse.cc:397:parse_blif$23029,$_NOR_,Y,4135
2244,$abc$20785$auto$blifparse.cc:397:parse_blif$23030,$_ORNOT_,Y,4136
2245,$abc$20785$auto$blifparse.cc:397:parse_blif$23031,$_AND_,Y,4137
2246,$abc$20785$auto$blifparse.cc:397:parse_blif$23032,$_AND_,Y,4138
2247,$abc$20785$auto$blifparse.cc:397:parse_blif$23033,$_NOR_,Y,4139
2248,$abc$20785$auto$blifparse.cc:397:parse_blif$23034,$_NAND_,Y,4140
2249,$abc$20785$auto$blifparse.cc:397:parse_blif$23035,$_AND_,Y,4141
2250,$abc$20785$auto$blifparse.cc:397:parse_blif$23036,$_AND_,Y,4142
2251,$abc$20785$auto$blifparse.cc:397:parse_blif$23037,$_NOR_,Y,4143
2252,$abc$20785$auto$blifparse.cc:397:parse_blif$23038,$_ANDNOT_,Y,4144
2253,$abc$20785$auto$blifparse.cc:397:parse_blif$23039,$_OR_,Y,4145
2254,$abc$20785$auto$blifparse.cc:397:parse_blif$23040,$_XOR_,Y,4146
2255,$abc$20785$auto$blifparse.cc:397:parse_blif$23041,$_NAND_,Y,4147
2256,$abc$20785$auto$blifparse.cc:397:parse_blif$23042,$_NAND_,Y,4148
2257,$abc$20785$auto$blifparse.cc:397:parse_blif$23043,$_XOR_,Y,4149
2258,$abc$20785$auto$blifparse.cc:397:parse_blif$23044,$_NAND_,Y,4150
2259,$abc$20785$auto$blifparse.cc:397:parse_blif$23045,$_AND_,Y,4151
2260,$abc$20785$auto$blifparse.cc:397:parse_blif$23046,$_ANDNOT_,Y,4152
2261,$abc$20785$auto$blifparse.cc:397:parse_blif$23047,$_XNOR_,Y,4153
2262,$abc$20785$auto$blifparse.cc:397:parse_blif$23048,$_XOR_,Y,4154
2263,$abc$20785$auto$blifparse.cc:397:parse_blif$23049,$_ORNOT_,Y,4155
2264,$abc$20785$auto$blifparse.cc:397:parse_blif$23050,$_XNOR_,Y,4156
2265,$abc$20785$auto$blifparse.cc:397:parse_blif$23051,$_XOR_,Y,4157
2266,$abc$20785$auto$blifparse.cc:397:parse_blif$23052,$_XNOR_,Y,4158
2267,$abc$20785$auto$blifparse.cc:397:parse_blif$23053,$_OR_,Y,4159
2268,$abc$20785$auto$blifparse.cc:397:parse_blif$23054,$_NAND_,Y,4160
2269,$abc$20785$auto$blifparse.cc:397:parse_blif$23055,$_XOR_,Y,4161
2270,$abc$20785$auto$blifparse.cc:397:parse_blif$23056,$_XOR_,Y,4162
2271,$abc$20785$auto$blifparse.cc:397:parse_blif$23057,$_ORNOT_,Y,4163
2272,$abc$20785$auto$blifparse.cc:397:parse_blif$23058,$_XNOR_,Y,4164
2273,$abc$20785$auto$blifparse.cc:397:parse_blif$23059,$_XNOR_,Y,4165
2274,$abc$20785$auto$blifparse.cc:397:parse_blif$23060,$_XNOR_,Y,4166
2275,$abc$20785$auto$blifparse.cc:397:parse_blif$23061,$_OR_,Y,4167
2276,$abc$20785$auto$blifparse.cc:397:parse_blif$23062,$_NAND_,Y,4168
2277,$abc$20785$auto$blifparse.cc:397:parse_blif$23063,$_XOR_,Y,4169
2278,$abc$20785$auto$blifparse.cc:397:parse_blif$23064,$_XOR_,Y,4170
2279,$abc$20785$auto$blifparse.cc:397:parse_blif$23065,$_ORNOT_,Y,4171
2280,$abc$20785$auto$blifparse.cc:397:parse_blif$23066,$_XNOR_,Y,4172
2281,$abc$20785$auto$blifparse.cc:397:parse_blif$23067,$_AND_,Y,4173
2282,$abc$20785$auto$blifparse.cc:397:parse_blif$23068,$_XOR_,Y,4174
2283,$abc$20785$auto$blifparse.cc:397:parse_blif$23069,$_XNOR_,Y,4175
2284,$abc$20785$auto$blifparse.cc:397:parse_blif$23070,$_ORNOT_,Y,4176
2285,$abc$20785$auto$blifparse.cc:397:parse_blif$23071,$_ORNOT_,Y,4177
2286,$abc$20785$auto$blifparse.cc:397:parse_blif$23072,$_XOR_,Y,4178
2287,$abc$20785$auto$blifparse.cc:397:parse_blif$23073,$_XOR_,Y,4179
2288,$abc$20785$auto$blifparse.cc:397:parse_blif$23074,$_ORNOT_,Y,4180
2289,$abc$20785$auto$blifparse.cc:397:parse_blif$23075,$_XNOR_,Y,4181
2290,$abc$20785$auto$blifparse.cc:397:parse_blif$23076,$_ANDNOT_,Y,4182
2291,$abc$20785$auto$blifparse.cc:397:parse_blif$23077,$_XOR_,Y,4183
2292,$abc$20785$auto$blifparse.cc:397:parse_blif$23078,$_XNOR_,Y,4184
2293,$abc$20785$auto$blifparse.cc:397:parse_blif$23079,$_ORNOT_,Y,4185
2294,$abc$20785$auto$blifparse.cc:397:parse_blif$23080,$_ORNOT_,Y,4186
2295,$abc$20785$auto$blifparse.cc:397:parse_blif$23081,$_XOR_,Y,4187
2296,$abc$20785$auto$blifparse.cc:397:parse_blif$23082,$_XOR_,Y,4188
2297,$abc$20785$auto$blifparse.cc:397:parse_blif$23083,$_ORNOT_,Y,4189
2298,$abc$20785$auto$blifparse.cc:397:parse_blif$23084,$_XNOR_,Y,4190
2299,$abc$20785$auto$blifparse.cc:397:parse_blif$23085,$_ANDNOT_,Y,4191
2300,$abc$20785$auto$blifparse.cc:397:parse_blif$23086,$_XOR_,Y,4192
2301,$abc$20785$auto$blifparse.cc:397:parse_blif$23087,$_XOR_,Y,4193
2302,$abc$20785$auto$blifparse.cc:397:parse_blif$23088,$_ANDNOT_,Y,4194
2303,$abc$20785$auto$blifparse.cc:397:parse_blif$23089,$_ORNOT_,Y,4195
2304,$abc$20785$auto$blifparse.cc:397:parse_blif$23090,$_XOR_,Y,4196
2305,$abc$20785$auto$blifparse.cc:397:parse_blif$23091,$_XNOR_,Y,4197
2306,$abc$20785$auto$blifparse.cc:397:parse_blif$23092,$_NAND_,Y,4198
2307,$abc$20785$auto$blifparse.cc:397:parse_blif$23093,$_XOR_,Y,4199
2308,$abc$20785$auto$blifparse.cc:397:parse_blif$23094,$_XNOR_,Y,4200
2309,$abc$20785$auto$blifparse.cc:397:parse_blif$23095,$_XNOR_,Y,4201
2310,$abc$20785$auto$blifparse.cc:397:parse_blif$23096,$_NOT_,Y,4202
2311,$abc$20785$auto$blifparse.cc:397:parse_blif$23097,$_ORNOT_,Y,4203
2312,$abc$20785$auto$blifparse.cc:397:parse_blif$23098,$_NAND_,Y,4204
2313,$abc$20785$auto$blifparse.cc:397:parse_blif$23099,$_XNOR_,Y,4205
2314,$abc$20785$auto$blifparse.cc:397:parse_blif$23100,$_XNOR_,Y,4206
2315,$abc$20785$auto$blifparse.cc:397:parse_blif$23101,$_ORNOT_,Y,4207
2316,$abc$20785$auto$blifparse.cc:397:parse_blif$23102,$_XNOR_,Y,4208
2317,$abc$20785$auto$blifparse.cc:397:parse_blif$23103,$_XNOR_,Y,4209
2318,$abc$20785$auto$blifparse.cc:397:parse_blif$23104,$_XOR_,Y,4210
2319,$abc$20785$auto$blifparse.cc:397:parse_blif$23105,$_NAND_,Y,4211
2320,$abc$20785$auto$blifparse.cc:397:parse_blif$23106,$_OR_,Y,4212
2321,$abc$20785$auto$blifparse.cc:397:parse_blif$23107,$_XOR_,Y,4213
2322,$abc$20785$auto$blifparse.cc:397:parse_blif$23108,$_XNOR_,Y,4214
2323,$abc$20785$auto$blifparse.cc:397:parse_blif$23109,$_ORNOT_,Y,4215
2324,$abc$20785$auto$blifparse.cc:397:parse_blif$23110,$_XNOR_,Y,4216
2325,$abc$20785$auto$blifparse.cc:397:parse_blif$23111,$_AND_,Y,4217
2326,$abc$20785$auto$blifparse.cc:397:parse_blif$23112,$_XNOR_,Y,4218
2327,$abc$20785$auto$blifparse.cc:397:parse_blif$23113,$_XNOR_,Y,4219
2328,$abc$20785$auto$blifparse.cc:397:parse_blif$23114,$_XNOR_,Y,4220
2329,$abc$20785$auto$blifparse.cc:397:parse_blif$23115,$_OR_,Y,4221
2330,$abc$20785$auto$blifparse.cc:397:parse_blif$23116,$_NAND_,Y,4222
2331,$abc$20785$auto$blifparse.cc:397:parse_blif$23117,$_XNOR_,Y,4223
2332,$abc$20785$auto$blifparse.cc:397:parse_blif$23118,$_XOR_,Y,4224
2333,$abc$20785$auto$blifparse.cc:397:parse_blif$23119,$_XNOR_,Y,4225
2334,$abc$20785$auto$blifparse.cc:397:parse_blif$23120,$_ORNOT_,Y,4226
2335,$abc$20785$auto$blifparse.cc:397:parse_blif$23121,$_XNOR_,Y,4227
2336,$abc$20785$auto$blifparse.cc:397:parse_blif$23122,$_NAND_,Y,4228
2337,$abc$20785$auto$blifparse.cc:397:parse_blif$23123,$_XNOR_,Y,4229
2338,$abc$20785$auto$blifparse.cc:397:parse_blif$23124,$_XOR_,Y,4230
2339,$abc$20785$auto$blifparse.cc:397:parse_blif$23125,$_XNOR_,Y,4231
2340,$abc$20785$auto$blifparse.cc:397:parse_blif$23126,$_OR_,Y,4232
2341,$abc$20785$auto$blifparse.cc:397:parse_blif$23127,$_NAND_,Y,4233
2342,$abc$20785$auto$blifparse.cc:397:parse_blif$23128,$_XNOR_,Y,4234
2343,$abc$20785$auto$blifparse.cc:397:parse_blif$23129,$_XOR_,Y,4235
2344,$abc$20785$auto$blifparse.cc:397:parse_blif$23130,$_XNOR_,Y,4236
2345,$abc$20785$auto$blifparse.cc:397:parse_blif$23131,$_ORNOT_,Y,4237
2346,$abc$20785$auto$blifparse.cc:397:parse_blif$23132,$_XNOR_,Y,4238
2347,$abc$20785$auto$blifparse.cc:397:parse_blif$23133,$_NAND_,Y,4239
2348,$abc$20785$auto$blifparse.cc:397:parse_blif$23134,$_XNOR_,Y,4240
2349,$abc$20785$auto$blifparse.cc:397:parse_blif$23135,$_NAND_,Y,4241
2350,$abc$20785$auto$blifparse.cc:397:parse_blif$23136,$_NAND_,Y,4242
2351,$abc$20785$auto$blifparse.cc:397:parse_blif$23137,$_NAND_,Y,4243
2352,$abc$20785$auto$blifparse.cc:397:parse_blif$23138,$_NAND_,Y,4245
2353,$abc$20785$auto$blifparse.cc:397:parse_blif$23139,$_NAND_,Y,4246
2354,$abc$20785$auto$blifparse.cc:397:parse_blif$23140,$_NAND_,Y,4247
2355,$abc$20785$auto$blifparse.cc:397:parse_blif$23141,$_XNOR_,Y,4248
2356,$abc$20785$auto$blifparse.cc:397:parse_blif$23142,$_ANDNOT_,Y,4249
2357,$abc$20785$auto$blifparse.cc:397:parse_blif$23143,$_XNOR_,Y,4250
2358,$abc$20785$auto$blifparse.cc:397:parse_blif$23144,$_NAND_,Y,4251
2359,$abc$20785$auto$blifparse.cc:397:parse_blif$23145,$_NAND_,Y,4252
2360,$abc$20785$auto$blifparse.cc:397:parse_blif$23146,$_NAND_,Y,4253
2361,$abc$20785$auto$blifparse.cc:397:parse_blif$23147,$_NAND_,Y,4255
2362,$abc$20785$auto$blifparse.cc:397:parse_blif$23148,$_NAND_,Y,4256
2363,$abc$20785$auto$blifparse.cc:397:parse_blif$23149,$_AND_,Y,4257
2364,$abc$20785$auto$blifparse.cc:397:parse_blif$23150,$_XNOR_,Y,4258
2365,$abc$20785$auto$blifparse.cc:397:parse_blif$23151,$_OR_,Y,4259
2366,$abc$20785$auto$blifparse.cc:397:parse_blif$23152,$_NAND_,Y,4260
2367,$abc$20785$auto$blifparse.cc:397:parse_blif$23153,$_NAND_,Y,4261
2368,$abc$20785$auto$blifparse.cc:397:parse_blif$23154,$_NAND_,Y,4262
2369,$abc$20785$auto$blifparse.cc:397:parse_blif$23155,$_NAND_,Y,4263
2370,$abc$20785$auto$blifparse.cc:397:parse_blif$23156,$_NAND_,Y,4265
2371,$abc$20785$auto$blifparse.cc:397:parse_blif$23157,$_NAND_,Y,4266
2372,$abc$20785$auto$blifparse.cc:397:parse_blif$23158,$_NAND_,Y,4267
2373,$abc$20785$auto$blifparse.cc:397:parse_blif$23159,$_XNOR_,Y,4268
2374,$abc$20785$auto$blifparse.cc:397:parse_blif$23160,$_ANDNOT_,Y,4269
2375,$abc$20785$auto$blifparse.cc:397:parse_blif$23161,$_XNOR_,Y,4270
2376,$abc$20785$auto$blifparse.cc:397:parse_blif$23162,$_NAND_,Y,4271
2377,$abc$20785$auto$blifparse.cc:397:parse_blif$23163,$_NAND_,Y,4272
2378,$abc$20785$auto$blifparse.cc:397:parse_blif$23164,$_NAND_,Y,4273
2379,$abc$20785$auto$blifparse.cc:397:parse_blif$23165,$_NAND_,Y,4275
2380,$abc$20785$auto$blifparse.cc:397:parse_blif$23166,$_NAND_,Y,4276
2381,$abc$20785$auto$blifparse.cc:397:parse_blif$23167,$_AND_,Y,4277
2382,$abc$20785$auto$blifparse.cc:397:parse_blif$23168,$_XNOR_,Y,4278
2383,$abc$20785$auto$blifparse.cc:397:parse_blif$23169,$_OR_,Y,4279
2384,$abc$20785$auto$blifparse.cc:397:parse_blif$23170,$_NAND_,Y,4280
2385,$abc$20785$auto$blifparse.cc:397:parse_blif$23171,$_NAND_,Y,4281
2386,$abc$20785$auto$blifparse.cc:397:parse_blif$23172,$_NAND_,Y,4282
2387,$abc$20785$auto$blifparse.cc:397:parse_blif$23173,$_NAND_,Y,4283
2388,$abc$20785$auto$blifparse.cc:397:parse_blif$23174,$_NAND_,Y,4285
2389,$abc$20785$auto$blifparse.cc:397:parse_blif$23175,$_NAND_,Y,4286
2390,$abc$20785$auto$blifparse.cc:397:parse_blif$23176,$_NAND_,Y,4287
2391,$abc$20785$auto$blifparse.cc:397:parse_blif$23177,$_XOR_,Y,4288
2392,$abc$20785$auto$blifparse.cc:397:parse_blif$23178,$_XNOR_,Y,4289
2393,$abc$20785$auto$blifparse.cc:397:parse_blif$23179,$_ANDNOT_,Y,4290
2394,$abc$20785$auto$blifparse.cc:397:parse_blif$23180,$_XNOR_,Y,4291
2395,$abc$20785$auto$blifparse.cc:397:parse_blif$23181,$_NAND_,Y,4292
2396,$abc$20785$auto$blifparse.cc:397:parse_blif$23182,$_NAND_,Y,4293
2397,$abc$20785$auto$blifparse.cc:397:parse_blif$23183,$_NAND_,Y,4294
2398,$abc$20785$auto$blifparse.cc:397:parse_blif$23184,$_NAND_,Y,4296
2399,$abc$20785$auto$blifparse.cc:397:parse_blif$23185,$_NAND_,Y,4297
2400,$abc$20785$auto$blifparse.cc:397:parse_blif$23186,$_NAND_,Y,4298
2401,$abc$20785$auto$blifparse.cc:397:parse_blif$23187,$_AND_,Y,4299
2402,$abc$20785$auto$blifparse.cc:397:parse_blif$23188,$_XNOR_,Y,4300
2403,$abc$20785$auto$blifparse.cc:397:parse_blif$23189,$_XNOR_,Y,4301
2404,$abc$20785$auto$blifparse.cc:397:parse_blif$23190,$_ORNOT_,Y,4302
2405,$abc$20785$auto$blifparse.cc:397:parse_blif$23191,$_ANDNOT_,Y,4303
2406,$abc$20785$auto$blifparse.cc:397:parse_blif$23192,$_NAND_,Y,4304
2407,$abc$20785$auto$blifparse.cc:397:parse_blif$23193,$_NAND_,Y,4305
2408,$abc$20785$auto$blifparse.cc:397:parse_blif$23194,$_NAND_,Y,4306
2409,$abc$20785$auto$blifparse.cc:397:parse_blif$23195,$_NAND_,Y,4308
2410,$abc$20785$auto$blifparse.cc:397:parse_blif$23196,$_NAND_,Y,4309
2411,$abc$20785$auto$blifparse.cc:397:parse_blif$23197,$_NAND_,Y,4310
2412,$abc$20785$auto$blifparse.cc:397:parse_blif$23198,$_XOR_,Y,4311
2413,$abc$20785$auto$blifparse.cc:397:parse_blif$23199,$_XNOR_,Y,4312
2414,$abc$20785$auto$blifparse.cc:397:parse_blif$23200,$_ANDNOT_,Y,4313
2415,$abc$20785$auto$blifparse.cc:397:parse_blif$23201,$_XNOR_,Y,4314
2416,$abc$20785$auto$blifparse.cc:397:parse_blif$23202,$_NAND_,Y,4315
2417,$abc$20785$auto$blifparse.cc:397:parse_blif$23203,$_NAND_,Y,4316
2418,$abc$20785$auto$blifparse.cc:397:parse_blif$23204,$_NAND_,Y,4317
2419,$abc$20785$auto$blifparse.cc:397:parse_blif$23205,$_NAND_,Y,4319
2420,$abc$20785$auto$blifparse.cc:397:parse_blif$23206,$_NAND_,Y,4320
2421,$abc$20785$auto$blifparse.cc:397:parse_blif$23207,$_NAND_,Y,4321
2422,$abc$20785$auto$blifparse.cc:397:parse_blif$23208,$_AND_,Y,4322
2423,$abc$20785$auto$blifparse.cc:397:parse_blif$23209,$_XNOR_,Y,4323
2424,$abc$20785$auto$blifparse.cc:397:parse_blif$23210,$_XNOR_,Y,4324
2425,$abc$20785$auto$blifparse.cc:397:parse_blif$23211,$_NAND_,Y,4325
2426,$abc$20785$auto$blifparse.cc:397:parse_blif$23212,$_OR_,Y,4326
2427,$abc$20785$auto$blifparse.cc:397:parse_blif$23213,$_NAND_,Y,4327
2428,$abc$20785$auto$blifparse.cc:397:parse_blif$23214,$_NAND_,Y,4328
2429,$abc$20785$auto$blifparse.cc:397:parse_blif$23215,$_NAND_,Y,4329
2430,$abc$20785$auto$blifparse.cc:397:parse_blif$23216,$_NAND_,Y,4331
2431,$abc$20785$auto$blifparse.cc:397:parse_blif$23217,$_NAND_,Y,4332
2432,$abc$20785$auto$blifparse.cc:397:parse_blif$23218,$_NAND_,Y,4333
2433,$abc$20785$auto$blifparse.cc:397:parse_blif$23219,$_XOR_,Y,4334
2434,$abc$20785$auto$blifparse.cc:397:parse_blif$23220,$_XNOR_,Y,4335
2435,$abc$20785$auto$blifparse.cc:397:parse_blif$23221,$_ANDNOT_,Y,4336
2436,$abc$20785$auto$blifparse.cc:397:parse_blif$23222,$_XNOR_,Y,4337
2437,$abc$20785$auto$blifparse.cc:397:parse_blif$23223,$_NAND_,Y,4338
2438,$abc$20785$auto$blifparse.cc:397:parse_blif$23224,$_NAND_,Y,4339
2439,$abc$20785$auto$blifparse.cc:397:parse_blif$23225,$_NAND_,Y,4340
2440,$abc$20785$auto$blifparse.cc:397:parse_blif$23226,$_NAND_,Y,4342
2441,$abc$20785$auto$blifparse.cc:397:parse_blif$23227,$_NAND_,Y,4343
2442,$abc$20785$auto$blifparse.cc:397:parse_blif$23228,$_AND_,Y,4344
2443,$abc$20785$auto$blifparse.cc:397:parse_blif$23229,$_XNOR_,Y,4345
2444,$abc$20785$auto$blifparse.cc:397:parse_blif$23230,$_XNOR_,Y,4346
2445,$abc$20785$auto$blifparse.cc:397:parse_blif$23231,$_OR_,Y,4347
2446,$abc$20785$auto$blifparse.cc:397:parse_blif$23232,$_NAND_,Y,4348
2447,$abc$20785$auto$blifparse.cc:397:parse_blif$23233,$_NAND_,Y,4349
2448,$abc$20785$auto$blifparse.cc:397:parse_blif$23234,$_NAND_,Y,4350
2449,$abc$20785$auto$blifparse.cc:397:parse_blif$23235,$_NAND_,Y,4351
2450,$abc$20785$auto$blifparse.cc:397:parse_blif$23236,$_NAND_,Y,4353
2451,$abc$20785$auto$blifparse.cc:397:parse_blif$23237,$_NAND_,Y,4354
2452,$abc$20785$auto$blifparse.cc:397:parse_blif$23238,$_NAND_,Y,4355
2453,$abc$20785$auto$blifparse.cc:397:parse_blif$23239,$_XOR_,Y,4356
2454,$abc$20785$auto$blifparse.cc:397:parse_blif$23240,$_XNOR_,Y,4357
2455,$abc$20785$auto$blifparse.cc:397:parse_blif$23241,$_ANDNOT_,Y,4358
2456,$abc$20785$auto$blifparse.cc:397:parse_blif$23242,$_XNOR_,Y,4359
2457,$abc$20785$auto$blifparse.cc:397:parse_blif$23243,$_NAND_,Y,4360
2458,$abc$20785$auto$blifparse.cc:397:parse_blif$23244,$_NAND_,Y,4361
2459,$abc$20785$auto$blifparse.cc:397:parse_blif$23245,$_AND_,Y,4362
2460,$abc$20785$auto$blifparse.cc:397:parse_blif$23246,$_NAND_,Y,4364
2461,$abc$20785$auto$blifparse.cc:397:parse_blif$23247,$_NAND_,Y,4365
2462,$abc$20785$auto$blifparse.cc:397:parse_blif$23248,$_NAND_,Y,4366
2463,$abc$20785$auto$blifparse.cc:397:parse_blif$23249,$_XOR_,Y,4367
2464,$abc$20785$auto$blifparse.cc:397:parse_blif$23250,$_XNOR_,Y,4368
2465,$abc$20785$auto$blifparse.cc:397:parse_blif$23251,$_NAND_,Y,4369
2466,$abc$20785$auto$blifparse.cc:397:parse_blif$23252,$_OR_,Y,4370
2467,$abc$20785$auto$blifparse.cc:397:parse_blif$23253,$_NOR_,Y,4371
2468,$abc$20785$auto$blifparse.cc:397:parse_blif$23254,$_NAND_,Y,4372
2469,$abc$20785$auto$blifparse.cc:397:parse_blif$23255,$_AND_,Y,4373
2470,$abc$20785$auto$blifparse.cc:397:parse_blif$23256,$_AND_,Y,4374
2471,$abc$20785$auto$blifparse.cc:397:parse_blif$23257,$_NOR_,Y,4375
2472,$abc$20785$auto$blifparse.cc:397:parse_blif$23258,$_NAND_,Y,4376
2473,$abc$20785$auto$blifparse.cc:397:parse_blif$23259,$_AND_,Y,4377
2474,$abc$20785$auto$blifparse.cc:397:parse_blif$23260,$_AND_,Y,4378
2475,$abc$20785$auto$blifparse.cc:397:parse_blif$23261,$_OR_,Y,4379
2476,$abc$20785$auto$blifparse.cc:397:parse_blif$23262,$_NAND_,Y,4380
2477,$abc$20785$auto$blifparse.cc:397:parse_blif$23263,$_AND_,Y,4381
2478,$abc$20785$auto$blifparse.cc:397:parse_blif$23264,$_ANDNOT_,Y,4382
2479,$abc$20785$auto$blifparse.cc:397:parse_blif$23265,$_NOR_,Y,4383
2480,$abc$20785$auto$blifparse.cc:397:parse_blif$23266,$_ORNOT_,Y,4384
2481,$abc$20785$auto$blifparse.cc:397:parse_blif$23267,$_AND_,Y,4385
2482,$abc$20785$auto$blifparse.cc:397:parse_blif$23268,$_AND_,Y,4386
2483,$abc$20785$auto$blifparse.cc:397:parse_blif$23269,$_NOR_,Y,4387
2484,$abc$20785$auto$blifparse.cc:397:parse_blif$23270,$_NAND_,Y,4388
2485,$abc$20785$auto$blifparse.cc:397:parse_blif$23271,$_AND_,Y,4389
2486,$abc$20785$auto$blifparse.cc:397:parse_blif$23272,$_AND_,Y,4390
2487,$abc$20785$auto$blifparse.cc:397:parse_blif$23273,$_NOR_,Y,4391
2488,$abc$20785$auto$blifparse.cc:397:parse_blif$23274,$_NAND_,Y,4392
2489,$abc$20785$auto$blifparse.cc:397:parse_blif$23275,$_AND_,Y,4393
2490,$abc$20785$auto$blifparse.cc:397:parse_blif$23276,$_AND_,Y,4394
2491,$abc$20785$auto$blifparse.cc:397:parse_blif$23277,$_NOR_,Y,4395
2492,$abc$20785$auto$blifparse.cc:397:parse_blif$23278,$_NAND_,Y,4396
2493,$abc$20785$auto$blifparse.cc:397:parse_blif$23279,$_NAND_,Y,4397
2494,$abc$20785$auto$blifparse.cc:397:parse_blif$23280,$_AND_,Y,4398
2495,$abc$20785$auto$blifparse.cc:397:parse_blif$23281,$_NAND_,Y,4400
2496,$abc$20785$auto$blifparse.cc:397:parse_blif$23282,$_NAND_,Y,4401
2497,$abc$20785$auto$blifparse.cc:397:parse_blif$23283,$_NAND_,Y,4402
2498,$abc$20785$auto$blifparse.cc:397:parse_blif$23284,$_XNOR_,Y,4403
2499,$abc$20785$auto$blifparse.cc:397:parse_blif$23285,$_XNOR_,Y,4404
2500,$abc$20785$auto$blifparse.cc:397:parse_blif$23286,$_XNOR_,Y,4405
2501,$abc$20785$auto$blifparse.cc:397:parse_blif$23287,$_XOR_,Y,4406
2502,$abc$20785$auto$blifparse.cc:397:parse_blif$23288,$_OR_,Y,4407
2503,$abc$20785$auto$blifparse.cc:397:parse_blif$23289,$_NAND_,Y,4408
2504,$abc$20785$auto$blifparse.cc:397:parse_blif$23290,$_XOR_,Y,4409
2505,$abc$20785$auto$blifparse.cc:397:parse_blif$23291,$_XOR_,Y,4410
2506,$abc$20785$auto$blifparse.cc:397:parse_blif$23292,$_ORNOT_,Y,4411
2507,$abc$20785$auto$blifparse.cc:397:parse_blif$23293,$_XNOR_,Y,4412
2508,$abc$20785$auto$blifparse.cc:397:parse_blif$23294,$_AND_,Y,4413
2509,$abc$20785$auto$blifparse.cc:397:parse_blif$23295,$_XNOR_,Y,4414
2510,$abc$20785$auto$blifparse.cc:397:parse_blif$23296,$_XNOR_,Y,4415
2511,$abc$20785$auto$blifparse.cc:397:parse_blif$23297,$_OR_,Y,4416
2512,$abc$20785$auto$blifparse.cc:397:parse_blif$23298,$_NAND_,Y,4417
2513,$abc$20785$auto$blifparse.cc:397:parse_blif$23299,$_XOR_,Y,4418
2514,$abc$20785$auto$blifparse.cc:397:parse_blif$23300,$_XNOR_,Y,4419
2515,$abc$20785$auto$blifparse.cc:397:parse_blif$23301,$_NAND_,Y,4420
2516,$abc$20785$auto$blifparse.cc:397:parse_blif$23302,$_AND_,Y,4421
2517,$abc$20785$auto$blifparse.cc:397:parse_blif$23303,$_XNOR_,Y,4422
2518,$abc$20785$auto$blifparse.cc:397:parse_blif$23304,$_XNOR_,Y,4423
2519,$abc$20785$auto$blifparse.cc:397:parse_blif$23305,$_ORNOT_,Y,4424
2520,$abc$20785$auto$blifparse.cc:397:parse_blif$23306,$_XNOR_,Y,4425
2521,$abc$20785$auto$blifparse.cc:397:parse_blif$23307,$_XOR_,Y,4426
2522,$abc$20785$auto$blifparse.cc:397:parse_blif$23308,$_XNOR_,Y,4427
2523,$abc$20785$auto$blifparse.cc:397:parse_blif$23309,$_NAND_,Y,4428
2524,$abc$20785$auto$blifparse.cc:397:parse_blif$23310,$_XOR_,Y,4429
2525,$abc$20785$auto$blifparse.cc:397:parse_blif$23311,$_ANDNOT_,Y,4430
2526,$abc$20785$auto$blifparse.cc:397:parse_blif$23312,$_XNOR_,Y,4431
2527,$abc$20785$auto$blifparse.cc:397:parse_blif$23313,$_XOR_,Y,4432
2528,$abc$20785$auto$blifparse.cc:397:parse_blif$23314,$_ORNOT_,Y,4433
2529,$abc$20785$auto$blifparse.cc:397:parse_blif$23315,$_XNOR_,Y,4434
2530,$abc$20785$auto$blifparse.cc:397:parse_blif$23316,$_XNOR_,Y,4435
2531,$abc$20785$auto$blifparse.cc:397:parse_blif$23317,$_XNOR_,Y,4436
2532,$abc$20785$auto$blifparse.cc:397:parse_blif$23318,$_NAND_,Y,4437
2533,$abc$20785$auto$blifparse.cc:397:parse_blif$23319,$_AND_,Y,4438
2534,$abc$20785$auto$blifparse.cc:397:parse_blif$23320,$_XNOR_,Y,4439
2535,$abc$20785$auto$blifparse.cc:397:parse_blif$23321,$_XNOR_,Y,4440
2536,$abc$20785$auto$blifparse.cc:397:parse_blif$23322,$_NAND_,Y,4441
2537,$abc$20785$auto$blifparse.cc:397:parse_blif$23323,$_XOR_,Y,4442
2538,$abc$20785$auto$blifparse.cc:397:parse_blif$23324,$_XOR_,Y,4443
2539,$abc$20785$auto$blifparse.cc:397:parse_blif$23325,$_XNOR_,Y,4444
2540,$abc$20785$auto$blifparse.cc:397:parse_blif$23326,$_NAND_,Y,4445
2541,$abc$20785$auto$blifparse.cc:397:parse_blif$23327,$_AND_,Y,4446
2542,$abc$20785$auto$blifparse.cc:397:parse_blif$23328,$_XNOR_,Y,4447
2543,$abc$20785$auto$blifparse.cc:397:parse_blif$23329,$_XNOR_,Y,4448
2544,$abc$20785$auto$blifparse.cc:397:parse_blif$23330,$_NAND_,Y,4449
2545,$abc$20785$auto$blifparse.cc:397:parse_blif$23331,$_XOR_,Y,4450
2546,$abc$20785$auto$blifparse.cc:397:parse_blif$23332,$_XNOR_,Y,4451
2547,$abc$20785$auto$blifparse.cc:397:parse_blif$23333,$_AND_,Y,4452
2548,$abc$20785$auto$blifparse.cc:397:parse_blif$23334,$_XOR_,Y,4453
2549,$abc$20785$auto$blifparse.cc:397:parse_blif$23335,$_NAND_,Y,4454
2550,$abc$20785$auto$blifparse.cc:397:parse_blif$23336,$_NAND_,Y,4455
2551,$abc$20785$auto$blifparse.cc:397:parse_blif$23337,$_XOR_,Y,4456
2552,$abc$20785$auto$blifparse.cc:397:parse_blif$23338,$_NAND_,Y,4457
2553,$abc$20785$auto$blifparse.cc:397:parse_blif$23339,$_NAND_,Y,4458
2554,$abc$20785$auto$blifparse.cc:397:parse_blif$23340,$_NAND_,Y,4459
2555,$abc$20785$auto$blifparse.cc:397:parse_blif$23341,$_NAND_,Y,4460
2556,$abc$20785$auto$blifparse.cc:397:parse_blif$23342,$_XOR_,Y,4461
2557,$abc$20785$auto$blifparse.cc:397:parse_blif$23343,$_NAND_,Y,4462
2558,$abc$20785$auto$blifparse.cc:397:parse_blif$23344,$_AND_,Y,4463
2559,$abc$20785$auto$blifparse.cc:397:parse_blif$23345,$_ORNOT_,Y,4464
2560,$abc$20785$auto$blifparse.cc:397:parse_blif$23346,$_NAND_,Y,4465
2561,$abc$20785$auto$blifparse.cc:397:parse_blif$23347,$_NAND_,Y,4466
2562,$abc$20785$auto$blifparse.cc:397:parse_blif$23348,$_NAND_,Y,4467
2563,$abc$20785$auto$blifparse.cc:397:parse_blif$23349,$_NAND_,Y,4468
2564,$abc$20785$auto$blifparse.cc:397:parse_blif$23350,$_NAND_,Y,4469
2565,$abc$20785$auto$blifparse.cc:397:parse_blif$23351,$_XOR_,Y,4470
2566,$abc$20785$auto$blifparse.cc:397:parse_blif$23352,$_NAND_,Y,4471
2567,$abc$20785$auto$blifparse.cc:397:parse_blif$23353,$_AND_,Y,4472
2568,$abc$20785$auto$blifparse.cc:397:parse_blif$23354,$_NAND_,Y,4473
2569,$abc$20785$auto$blifparse.cc:397:parse_blif$23355,$_AND_,Y,4474
2570,$abc$20785$auto$blifparse.cc:397:parse_blif$23356,$_NAND_,Y,4475
2571,$abc$20785$auto$blifparse.cc:397:parse_blif$23357,$_AND_,Y,4476
2572,$abc$20785$auto$blifparse.cc:397:parse_blif$23358,$_NAND_,Y,4477
2573,$abc$20785$auto$blifparse.cc:397:parse_blif$23359,$_AND_,Y,4478
2574,$abc$20785$auto$blifparse.cc:397:parse_blif$23360,$_NAND_,Y,4479
2575,$abc$20785$auto$blifparse.cc:397:parse_blif$23361,$_AND_,Y,4480
2576,$abc$20785$auto$blifparse.cc:397:parse_blif$23362,$_NAND_,Y,4481
2577,$abc$20785$auto$blifparse.cc:397:parse_blif$23363,$_AND_,Y,4482
2578,$abc$20785$auto$blifparse.cc:397:parse_blif$23364,$_NAND_,Y,4483
2579,$abc$20785$auto$blifparse.cc:397:parse_blif$23365,$_AND_,Y,4484
2580,$abc$20785$auto$blifparse.cc:397:parse_blif$23366,$_NAND_,Y,4485
2581,$abc$20785$auto$blifparse.cc:397:parse_blif$23367,$_AND_,Y,4486
2582,$abc$20785$auto$blifparse.cc:397:parse_blif$23368,$_NAND_,Y,4487
2583,$abc$20785$auto$blifparse.cc:397:parse_blif$23369,$_AND_,Y,4488
2584,$abc$20785$auto$blifparse.cc:397:parse_blif$23370,$_NAND_,Y,4489
2585,$abc$20785$auto$blifparse.cc:397:parse_blif$23371,$_AND_,Y,4490
2586,$abc$20785$auto$blifparse.cc:397:parse_blif$23372,$_NAND_,Y,4491
2587,$abc$20785$auto$blifparse.cc:397:parse_blif$23373,$_NAND_,Y,4492
2588,$abc$20785$auto$blifparse.cc:397:parse_blif$23374,$_NAND_,Y,4493
2589,$abc$20785$auto$blifparse.cc:397:parse_blif$23375,$_NAND_,Y,4494
2590,$abc$20785$auto$blifparse.cc:397:parse_blif$23376,$_NAND_,Y,4495
2591,$abc$20785$auto$blifparse.cc:397:parse_blif$23377,$_AND_,Y,4496
2592,$abc$20785$auto$blifparse.cc:397:parse_blif$23378,$_AND_,Y,4497
2593,$abc$20785$auto$blifparse.cc:397:parse_blif$23379,$_NOR_,Y,4498
2594,$abc$20785$auto$blifparse.cc:397:parse_blif$23380,$_NAND_,Y,4499
2595,$abc$20785$auto$blifparse.cc:397:parse_blif$23381,$_AND_,Y,4500
2596,$abc$20785$auto$blifparse.cc:397:parse_blif$23382,$_NAND_,Y,4501
2597,$abc$20785$auto$blifparse.cc:397:parse_blif$23383,$_AND_,Y,4502
2598,$abc$20785$auto$blifparse.cc:397:parse_blif$23384,$_NAND_,Y,4503
2599,$abc$20785$auto$blifparse.cc:397:parse_blif$23385,$_AND_,Y,4504
2600,$abc$20785$auto$blifparse.cc:397:parse_blif$23386,$_NAND_,Y,4505
2601,$abc$20785$auto$blifparse.cc:397:parse_blif$23387,$_AND_,Y,4506
2602,$abc$20785$auto$blifparse.cc:397:parse_blif$23388,$_NAND_,Y,4507
2603,$abc$20785$auto$blifparse.cc:397:parse_blif$23389,$_AND_,Y,4508
2604,$abc$20785$auto$blifparse.cc:397:parse_blif$23390,$_NAND_,Y,4509
2605,$abc$20785$auto$blifparse.cc:397:parse_blif$23391,$_AND_,Y,4510
2606,$abc$20785$auto$blifparse.cc:397:parse_blif$23392,$_NAND_,Y,4511
2607,$abc$20785$auto$blifparse.cc:397:parse_blif$23393,$_AND_,Y,4512
2608,$abc$20785$auto$blifparse.cc:397:parse_blif$23394,$_NAND_,Y,4513
2609,$abc$20785$auto$blifparse.cc:397:parse_blif$23395,$_AND_,Y,4514
2610,$abc$20785$auto$blifparse.cc:397:parse_blif$23396,$_NAND_,Y,4515
2611,$abc$20785$auto$blifparse.cc:397:parse_blif$23397,$_XOR_,Y,4516
2612,$abc$20785$auto$blifparse.cc:397:parse_blif$23398,$_OR_,Y,4517
2613,$abc$20785$auto$blifparse.cc:397:parse_blif$23399,$_NAND_,Y,4518
2614,$abc$20785$auto$blifparse.cc:397:parse_blif$23400,$_XNOR_,Y,4519
2615,$abc$20785$auto$blifparse.cc:397:parse_blif$23401,$_ORNOT_,Y,4520
2616,$abc$20785$auto$blifparse.cc:397:parse_blif$23402,$_XOR_,Y,4521
2617,$abc$20785$auto$blifparse.cc:397:parse_blif$23403,$_OR_,Y,4522
2618,$abc$20785$auto$blifparse.cc:397:parse_blif$23404,$_AND_,Y,4523
2619,$abc$20785$auto$blifparse.cc:397:parse_blif$23405,$_XNOR_,Y,4524
2620,$abc$20785$auto$blifparse.cc:397:parse_blif$23406,$_OR_,Y,4525
2621,$abc$20785$auto$blifparse.cc:397:parse_blif$23407,$_XOR_,Y,4526
2622,$abc$20785$auto$blifparse.cc:397:parse_blif$23408,$_AND_,Y,4527
2623,$abc$20785$auto$blifparse.cc:397:parse_blif$23409,$_XOR_,Y,4528
2624,$abc$20785$auto$blifparse.cc:397:parse_blif$23410,$_NOT_,Y,4529
2625,$abc$20785$auto$blifparse.cc:397:parse_blif$23411,$_XOR_,Y,4530
2626,$abc$20785$auto$blifparse.cc:397:parse_blif$23412,$_OR_,Y,4531
2627,$abc$20785$auto$blifparse.cc:397:parse_blif$23413,$_AND_,Y,4532
2628,$abc$20785$auto$blifparse.cc:397:parse_blif$23414,$_XNOR_,Y,4533
2629,$abc$20785$auto$blifparse.cc:397:parse_blif$23415,$_XOR_,Y,4534
2630,$abc$20785$auto$blifparse.cc:397:parse_blif$23416,$_OR_,Y,4535
2631,$abc$20785$auto$blifparse.cc:397:parse_blif$23417,$_XNOR_,Y,4536
2632,$abc$20785$auto$blifparse.cc:397:parse_blif$23418,$_XNOR_,Y,4537
2633,$abc$20785$auto$blifparse.cc:397:parse_blif$23419,$_OR_,Y,4538
2634,$abc$20785$auto$blifparse.cc:397:parse_blif$23420,$_XOR_,Y,4539
2635,$abc$20785$auto$blifparse.cc:397:parse_blif$23421,$_AND_,Y,4540
2636,$abc$20785$auto$blifparse.cc:397:parse_blif$23422,$_XNOR_,Y,4541
2637,$abc$20785$auto$blifparse.cc:397:parse_blif$23423,$_NOT_,Y,4542
2638,$abc$20785$auto$blifparse.cc:397:parse_blif$23424,$_XOR_,Y,4543
2639,$abc$20785$auto$blifparse.cc:397:parse_blif$23425,$_AND_,Y,4544
2640,$abc$20785$auto$blifparse.cc:397:parse_blif$23426,$_XNOR_,Y,4545
2641,$abc$20785$auto$blifparse.cc:397:parse_blif$23427,$_OR_,Y,4546
2642,$abc$20785$auto$blifparse.cc:397:parse_blif$23428,$_XOR_,Y,4547
2643,$abc$20785$auto$blifparse.cc:397:parse_blif$23429,$_NAND_,Y,4548
2644,$abc$20785$auto$blifparse.cc:397:parse_blif$23430,$_XNOR_,Y,4549
2645,$abc$20785$auto$blifparse.cc:397:parse_blif$23431,$_NOT_,Y,4550
2646,$abc$20785$auto$blifparse.cc:397:parse_blif$23432,$_XOR_,Y,4551
2647,$abc$20785$auto$blifparse.cc:397:parse_blif$23433,$_AND_,Y,4552
2648,$abc$20785$auto$blifparse.cc:397:parse_blif$23434,$_XNOR_,Y,4553
2649,$abc$20785$auto$blifparse.cc:397:parse_blif$23435,$_OR_,Y,4554
2650,$abc$20785$auto$blifparse.cc:397:parse_blif$23436,$_XOR_,Y,4555
2651,$abc$20785$auto$blifparse.cc:397:parse_blif$23437,$_AND_,Y,4556
2652,$abc$20785$auto$blifparse.cc:397:parse_blif$23438,$_XOR_,Y,4557
2653,$abc$20785$auto$blifparse.cc:397:parse_blif$23439,$_ORNOT_,Y,4558
2654,$abc$20785$auto$blifparse.cc:397:parse_blif$23440,$_XOR_,Y,4559
2655,$abc$20785$auto$blifparse.cc:397:parse_blif$23441,$_OR_,Y,4560
2656,$abc$20785$auto$blifparse.cc:397:parse_blif$23442,$_AND_,Y,4561
2657,$abc$20785$auto$blifparse.cc:397:parse_blif$23443,$_XOR_,Y,4562
2658,$abc$20785$auto$blifparse.cc:397:parse_blif$23444,$_NOT_,Y,4563
2659,$abc$20785$auto$blifparse.cc:397:parse_blif$23445,$_XOR_,Y,4564
2660,$abc$20785$auto$blifparse.cc:397:parse_blif$23446,$_OR_,Y,4565
2661,$abc$20785$auto$blifparse.cc:397:parse_blif$23447,$_XOR_,Y,4566
2662,$abc$20785$auto$blifparse.cc:397:parse_blif$23448,$_XOR_,Y,4567
2663,$abc$20785$auto$blifparse.cc:397:parse_blif$23449,$_XNOR_,Y,4568
2664,$abc$20785$auto$blifparse.cc:397:parse_blif$23450,$_OR_,Y,4569
2665,$abc$20785$auto$blifparse.cc:397:parse_blif$23451,$_XOR_,Y,4570
2666,$abc$20785$auto$blifparse.cc:397:parse_blif$23452,$_OR_,Y,4571
2667,$abc$20785$auto$blifparse.cc:397:parse_blif$23453,$_XOR_,Y,4572
2668,$abc$20785$auto$blifparse.cc:397:parse_blif$23454,$_ANDNOT_,Y,4573
2669,$abc$20785$auto$blifparse.cc:397:parse_blif$23455,$_XOR_,Y,4574
2670,$abc$20785$auto$blifparse.cc:397:parse_blif$23456,$_OR_,Y,4575
2671,$abc$20785$auto$blifparse.cc:397:parse_blif$23457,$_XOR_,Y,4576
2672,$abc$20785$auto$blifparse.cc:397:parse_blif$23458,$_OR_,Y,4577
2673,$abc$20785$auto$blifparse.cc:397:parse_blif$23459,$_XOR_,Y,4578
2674,$abc$20785$auto$blifparse.cc:397:parse_blif$23460,$_AND_,Y,4580
2675,$abc$20785$auto$blifparse.cc:397:parse_blif$23461,$_NAND_,Y,4581
2676,$abc$20785$auto$blifparse.cc:397:parse_blif$23462,$_NAND_,Y,4582
2677,$abc$20785$auto$blifparse.cc:397:parse_blif$23463,$_AND_,Y,4583
2678,$abc$20785$auto$blifparse.cc:397:parse_blif$23464,$_ORNOT_,Y,4584
2679,$abc$20785$auto$blifparse.cc:397:parse_blif$23465,$_XNOR_,Y,4585
2680,$abc$20785$auto$blifparse.cc:397:parse_blif$23466,$_AND_,Y,4587
2681,$abc$20785$auto$blifparse.cc:397:parse_blif$23467,$_NAND_,Y,4588
2682,$abc$20785$auto$blifparse.cc:397:parse_blif$23468,$_NAND_,Y,4589
2683,$abc$20785$auto$blifparse.cc:397:parse_blif$23469,$_AND_,Y,4590
2684,$abc$20785$auto$blifparse.cc:397:parse_blif$23470,$_ORNOT_,Y,4591
2685,$abc$20785$auto$blifparse.cc:397:parse_blif$23471,$_ORNOT_,Y,4592
2686,$abc$20785$auto$blifparse.cc:397:parse_blif$23472,$_AND_,Y,4594
2687,$abc$20785$auto$blifparse.cc:397:parse_blif$23473,$_NAND_,Y,4595
2688,$abc$20785$auto$blifparse.cc:397:parse_blif$23474,$_NAND_,Y,4596
2689,$abc$20785$auto$blifparse.cc:397:parse_blif$23475,$_AND_,Y,4597
2690,$abc$20785$auto$blifparse.cc:397:parse_blif$23476,$_ORNOT_,Y,4598
2691,$abc$20785$auto$blifparse.cc:397:parse_blif$23477,$_XNOR_,Y,4599
2692,$abc$20785$auto$blifparse.cc:397:parse_blif$23478,$_NAND_,Y,4601
2693,$abc$20785$auto$blifparse.cc:397:parse_blif$23479,$_NAND_,Y,4602
2694,$abc$20785$auto$blifparse.cc:397:parse_blif$23480,$_NAND_,Y,4603
2695,$abc$20785$auto$blifparse.cc:397:parse_blif$23481,$_AND_,Y,4604
2696,$abc$20785$auto$blifparse.cc:397:parse_blif$23482,$_OR_,Y,4605
2697,$abc$20785$auto$blifparse.cc:397:parse_blif$23483,$_NAND_,Y,4606
2698,$abc$20785$auto$blifparse.cc:397:parse_blif$23484,$_AND_,Y,4608
2699,$abc$20785$auto$blifparse.cc:397:parse_blif$23485,$_NAND_,Y,4609
2700,$abc$20785$auto$blifparse.cc:397:parse_blif$23486,$_NAND_,Y,4610
2701,$abc$20785$auto$blifparse.cc:397:parse_blif$23487,$_AND_,Y,4611
2702,$abc$20785$auto$blifparse.cc:397:parse_blif$23488,$_ORNOT_,Y,4612
2703,$abc$20785$auto$blifparse.cc:397:parse_blif$23489,$_XNOR_,Y,4613
2704,$abc$20785$auto$blifparse.cc:397:parse_blif$23490,$_AND_,Y,4615
2705,$abc$20785$auto$blifparse.cc:397:parse_blif$23491,$_NAND_,Y,4616
2706,$abc$20785$auto$blifparse.cc:397:parse_blif$23492,$_NAND_,Y,4617
2707,$abc$20785$auto$blifparse.cc:397:parse_blif$23493,$_AND_,Y,4618
2708,$abc$20785$auto$blifparse.cc:397:parse_blif$23494,$_ORNOT_,Y,4619
2709,$abc$20785$auto$blifparse.cc:397:parse_blif$23495,$_ORNOT_,Y,4620
2710,$abc$20785$auto$blifparse.cc:397:parse_blif$23496,$_AND_,Y,4622
2711,$abc$20785$auto$blifparse.cc:397:parse_blif$23497,$_NAND_,Y,4623
2712,$abc$20785$auto$blifparse.cc:397:parse_blif$23498,$_NAND_,Y,4624
2713,$abc$20785$auto$blifparse.cc:397:parse_blif$23499,$_AND_,Y,4625
2714,$abc$20785$auto$blifparse.cc:397:parse_blif$23500,$_ORNOT_,Y,4626
2715,$abc$20785$auto$blifparse.cc:397:parse_blif$23501,$_XNOR_,Y,4627
2716,$abc$20785$auto$blifparse.cc:397:parse_blif$23502,$_AND_,Y,4629
2717,$abc$20785$auto$blifparse.cc:397:parse_blif$23503,$_NAND_,Y,4630
2718,$abc$20785$auto$blifparse.cc:397:parse_blif$23504,$_NAND_,Y,4631
2719,$abc$20785$auto$blifparse.cc:397:parse_blif$23505,$_NAND_,Y,4632
2720,$abc$20785$auto$blifparse.cc:397:parse_blif$23506,$_NAND_,Y,4633
2721,$abc$20785$auto$blifparse.cc:397:parse_blif$23507,$_OR_,Y,4634
2722,$abc$20785$auto$blifparse.cc:397:parse_blif$23508,$_AND_,Y,4636
2723,$abc$20785$auto$blifparse.cc:397:parse_blif$23509,$_NAND_,Y,4637
2724,$abc$20785$auto$blifparse.cc:397:parse_blif$23510,$_NAND_,Y,4638
2725,$abc$20785$auto$blifparse.cc:397:parse_blif$23511,$_AND_,Y,4639
2726,$abc$20785$auto$blifparse.cc:397:parse_blif$23512,$_ORNOT_,Y,4640
2727,$abc$20785$auto$blifparse.cc:397:parse_blif$23513,$_XNOR_,Y,4641
2728,$abc$20785$auto$blifparse.cc:397:parse_blif$23514,$_AND_,Y,4643
2729,$abc$20785$auto$blifparse.cc:397:parse_blif$23515,$_NAND_,Y,4644
2730,$abc$20785$auto$blifparse.cc:397:parse_blif$23516,$_NAND_,Y,4645
2731,$abc$20785$auto$blifparse.cc:397:parse_blif$23517,$_AND_,Y,4646
2732,$abc$20785$auto$blifparse.cc:397:parse_blif$23518,$_ORNOT_,Y,4647
2733,$abc$20785$auto$blifparse.cc:397:parse_blif$23519,$_ORNOT_,Y,4648
2734,$abc$20785$auto$blifparse.cc:397:parse_blif$23520,$_AND_,Y,4650
2735,$abc$20785$auto$blifparse.cc:397:parse_blif$23521,$_NAND_,Y,4651
2736,$abc$20785$auto$blifparse.cc:397:parse_blif$23522,$_NAND_,Y,4652
2737,$abc$20785$auto$blifparse.cc:397:parse_blif$23523,$_AND_,Y,4653
2738,$abc$20785$auto$blifparse.cc:397:parse_blif$23524,$_ORNOT_,Y,4654
2739,$abc$20785$auto$blifparse.cc:397:parse_blif$23525,$_XNOR_,Y,4655
2740,$abc$20785$auto$blifparse.cc:397:parse_blif$23526,$_AND_,Y,4657
2741,$abc$20785$auto$blifparse.cc:397:parse_blif$23527,$_NAND_,Y,4658
2742,$abc$20785$auto$blifparse.cc:397:parse_blif$23528,$_NAND_,Y,4659
2743,$abc$20785$auto$blifparse.cc:397:parse_blif$23529,$_NAND_,Y,4660
2744,$abc$20785$auto$blifparse.cc:397:parse_blif$23530,$_OR_,Y,4661
2745,$abc$20785$auto$blifparse.cc:397:parse_blif$23531,$_NAND_,Y,4662
2746,$abc$20785$auto$blifparse.cc:397:parse_blif$23532,$_AND_,Y,4664
2747,$abc$20785$auto$blifparse.cc:397:parse_blif$23533,$_NAND_,Y,4665
2748,$abc$20785$auto$blifparse.cc:397:parse_blif$23534,$_NAND_,Y,4666
2749,$abc$20785$auto$blifparse.cc:397:parse_blif$23535,$_AND_,Y,4667
2750,$abc$20785$auto$blifparse.cc:397:parse_blif$23536,$_ORNOT_,Y,4668
2751,$abc$20785$auto$blifparse.cc:397:parse_blif$23537,$_XNOR_,Y,4669
2752,$abc$20785$auto$blifparse.cc:397:parse_blif$23538,$_AND_,Y,4671
2753,$abc$20785$auto$blifparse.cc:397:parse_blif$23539,$_NAND_,Y,4672
2754,$abc$20785$auto$blifparse.cc:397:parse_blif$23540,$_NAND_,Y,4673
2755,$abc$20785$auto$blifparse.cc:397:parse_blif$23541,$_AND_,Y,4674
2756,$abc$20785$auto$blifparse.cc:397:parse_blif$23542,$_ORNOT_,Y,4675
2757,$abc$20785$auto$blifparse.cc:397:parse_blif$23543,$_ORNOT_,Y,4676
2758,$abc$20785$auto$blifparse.cc:397:parse_blif$23544,$_AND_,Y,4678
2759,$abc$20785$auto$blifparse.cc:397:parse_blif$23545,$_NAND_,Y,4679
2760,$abc$20785$auto$blifparse.cc:397:parse_blif$23546,$_NAND_,Y,4680
2761,$abc$20785$auto$blifparse.cc:397:parse_blif$23547,$_AND_,Y,4681
2762,$abc$20785$auto$blifparse.cc:397:parse_blif$23548,$_ORNOT_,Y,4682
2763,$abc$20785$auto$blifparse.cc:397:parse_blif$23549,$_XNOR_,Y,4683
2764,$abc$20785$auto$blifparse.cc:397:parse_blif$23550,$_NAND_,Y,4685
2765,$abc$20785$auto$blifparse.cc:397:parse_blif$23551,$_NAND_,Y,4686
2766,$abc$20785$auto$blifparse.cc:397:parse_blif$23552,$_NAND_,Y,4687
2767,$abc$20785$auto$blifparse.cc:397:parse_blif$23553,$_AND_,Y,4688
2768,$abc$20785$auto$blifparse.cc:397:parse_blif$23554,$_OR_,Y,4689
2769,$abc$20785$auto$blifparse.cc:397:parse_blif$23555,$_NAND_,Y,4690
2770,$abc$20785$auto$blifparse.cc:397:parse_blif$23556,$_AND_,Y,4692
2771,$abc$20785$auto$blifparse.cc:397:parse_blif$23557,$_NAND_,Y,4693
2772,$abc$20785$auto$blifparse.cc:397:parse_blif$23558,$_NAND_,Y,4694
2773,$abc$20785$auto$blifparse.cc:397:parse_blif$23559,$_AND_,Y,4695
2774,$abc$20785$auto$blifparse.cc:397:parse_blif$23560,$_ORNOT_,Y,4696
2775,$abc$20785$auto$blifparse.cc:397:parse_blif$23561,$_XNOR_,Y,4697
2776,$abc$20785$auto$blifparse.cc:397:parse_blif$23562,$_AND_,Y,4699
2777,$abc$20785$auto$blifparse.cc:397:parse_blif$23563,$_NAND_,Y,4700
2778,$abc$20785$auto$blifparse.cc:397:parse_blif$23564,$_NAND_,Y,4701
2779,$abc$20785$auto$blifparse.cc:397:parse_blif$23565,$_AND_,Y,4702
2780,$abc$20785$auto$blifparse.cc:397:parse_blif$23566,$_ORNOT_,Y,4703
2781,$abc$20785$auto$blifparse.cc:397:parse_blif$23567,$_ORNOT_,Y,4704
2782,$abc$20785$auto$blifparse.cc:397:parse_blif$23568,$_AND_,Y,4706
2783,$abc$20785$auto$blifparse.cc:397:parse_blif$23569,$_NAND_,Y,4707
2784,$abc$20785$auto$blifparse.cc:397:parse_blif$23570,$_NAND_,Y,4708
2785,$abc$20785$auto$blifparse.cc:397:parse_blif$23571,$_AND_,Y,4709
2786,$abc$20785$auto$blifparse.cc:397:parse_blif$23572,$_ORNOT_,Y,4710
2787,$abc$20785$auto$blifparse.cc:397:parse_blif$23573,$_XNOR_,Y,4711
2788,$abc$20785$auto$blifparse.cc:397:parse_blif$23574,$_AND_,Y,4713
2789,$abc$20785$auto$blifparse.cc:397:parse_blif$23575,$_NAND_,Y,4714
2790,$abc$20785$auto$blifparse.cc:397:parse_blif$23576,$_NAND_,Y,4715
2791,$abc$20785$auto$blifparse.cc:397:parse_blif$23577,$_NAND_,Y,4716
2792,$abc$20785$auto$blifparse.cc:397:parse_blif$23578,$_OR_,Y,4717
2793,$abc$20785$auto$blifparse.cc:397:parse_blif$23579,$_NAND_,Y,4718
2794,$abc$20785$auto$blifparse.cc:397:parse_blif$23580,$_AND_,Y,4720
2795,$abc$20785$auto$blifparse.cc:397:parse_blif$23581,$_NAND_,Y,4721
2796,$abc$20785$auto$blifparse.cc:397:parse_blif$23582,$_NAND_,Y,4722
2797,$abc$20785$auto$blifparse.cc:397:parse_blif$23583,$_AND_,Y,4723
2798,$abc$20785$auto$blifparse.cc:397:parse_blif$23584,$_ORNOT_,Y,4724
2799,$abc$20785$auto$blifparse.cc:397:parse_blif$23585,$_XNOR_,Y,4725
2800,$abc$20785$auto$blifparse.cc:397:parse_blif$23586,$_AND_,Y,4727
2801,$abc$20785$auto$blifparse.cc:397:parse_blif$23587,$_NAND_,Y,4728
2802,$abc$20785$auto$blifparse.cc:397:parse_blif$23588,$_NAND_,Y,4729
2803,$abc$20785$auto$blifparse.cc:397:parse_blif$23589,$_NAND_,Y,4730
2804,$abc$20785$auto$blifparse.cc:397:parse_blif$23590,$_OR_,Y,4731
2805,$abc$20785$auto$blifparse.cc:397:parse_blif$23591,$_NAND_,Y,4732
2806,$abc$20785$auto$blifparse.cc:397:parse_blif$23592,$_AND_,Y,4734
2807,$abc$20785$auto$blifparse.cc:397:parse_blif$23593,$_NAND_,Y,4735
2808,$abc$20785$auto$blifparse.cc:397:parse_blif$23594,$_NAND_,Y,4736
2809,$abc$20785$auto$blifparse.cc:397:parse_blif$23595,$_NAND_,Y,4737
2810,$abc$20785$auto$blifparse.cc:397:parse_blif$23596,$_NAND_,Y,4738
2811,$abc$20785$auto$blifparse.cc:397:parse_blif$23597,$_XOR_,Y,4739
2812,$abc$20785$auto$blifparse.cc:397:parse_blif$23598,$_NAND_,Y,4741
2813,$abc$20785$auto$blifparse.cc:397:parse_blif$23599,$_NAND_,Y,4742
2814,$abc$20785$auto$blifparse.cc:397:parse_blif$23600,$_NAND_,Y,4743
2815,$abc$20785$auto$blifparse.cc:397:parse_blif$23601,$_AND_,Y,4744
2816,$abc$20785$auto$blifparse.cc:397:parse_blif$23602,$_OR_,Y,4745
2817,$abc$20785$auto$blifparse.cc:397:parse_blif$23603,$_NAND_,Y,4746
2818,$abc$20785$auto$blifparse.cc:397:parse_blif$23604,$_AND_,Y,4748
2819,$abc$20785$auto$blifparse.cc:397:parse_blif$23605,$_NAND_,Y,4749
2820,$abc$20785$auto$blifparse.cc:397:parse_blif$23606,$_NAND_,Y,4750
2821,$abc$20785$auto$blifparse.cc:397:parse_blif$23607,$_AND_,Y,4751
2822,$abc$20785$auto$blifparse.cc:397:parse_blif$23608,$_ORNOT_,Y,4752
2823,$abc$20785$auto$blifparse.cc:397:parse_blif$23609,$_XNOR_,Y,4753
2824,$abc$20785$auto$blifparse.cc:397:parse_blif$23610,$_AND_,Y,4755
2825,$abc$20785$auto$blifparse.cc:397:parse_blif$23611,$_NAND_,Y,4756
2826,$abc$20785$auto$blifparse.cc:397:parse_blif$23612,$_NAND_,Y,4757
2827,$abc$20785$auto$blifparse.cc:397:parse_blif$23613,$_AND_,Y,4758
2828,$abc$20785$auto$blifparse.cc:397:parse_blif$23614,$_ORNOT_,Y,4759
2829,$abc$20785$auto$blifparse.cc:397:parse_blif$23615,$_XNOR_,Y,4760
2830,$abc$20785$auto$blifparse.cc:397:parse_blif$23616,$_AND_,Y,4762
2831,$abc$20785$auto$blifparse.cc:397:parse_blif$23617,$_NAND_,Y,4763
2832,$abc$20785$auto$blifparse.cc:397:parse_blif$23618,$_NAND_,Y,4764
2833,$abc$20785$auto$blifparse.cc:397:parse_blif$23619,$_NAND_,Y,4765
2834,$abc$20785$auto$blifparse.cc:397:parse_blif$23620,$_NAND_,Y,4766
2835,$abc$20785$auto$blifparse.cc:397:parse_blif$23621,$_AND_,Y,4768
2836,$abc$20785$auto$blifparse.cc:397:parse_blif$23622,$_NAND_,Y,4769
2837,$abc$20785$auto$blifparse.cc:397:parse_blif$23623,$_NAND_,Y,4770
2838,$abc$20785$auto$blifparse.cc:397:parse_blif$23624,$_NAND_,Y,4771
2839,$abc$20785$auto$blifparse.cc:397:parse_blif$23625,$_NAND_,Y,4772
2840,$abc$20785$auto$blifparse.cc:397:parse_blif$23626,$_XOR_,Y,4773
2841,$abc$20785$auto$blifparse.cc:397:parse_blif$23627,$_AND_,Y,4775
2842,$abc$20785$auto$blifparse.cc:397:parse_blif$23628,$_NAND_,Y,4776
2843,$abc$20785$auto$blifparse.cc:397:parse_blif$23629,$_NAND_,Y,4777
2844,$abc$20785$auto$blifparse.cc:397:parse_blif$23630,$_NAND_,Y,4778
2845,$abc$20785$auto$blifparse.cc:397:parse_blif$23631,$_NAND_,Y,4779
2846,$abc$20785$auto$blifparse.cc:397:parse_blif$23632,$_AND_,Y,4781
2847,$abc$20785$auto$blifparse.cc:397:parse_blif$23633,$_NAND_,Y,4782
2848,$abc$20785$auto$blifparse.cc:397:parse_blif$23634,$_NAND_,Y,4783
2849,$abc$20785$auto$blifparse.cc:397:parse_blif$23635,$_AND_,Y,4784
2850,$abc$20785$auto$blifparse.cc:397:parse_blif$23636,$_ORNOT_,Y,4785
2851,$abc$20785$auto$blifparse.cc:397:parse_blif$23637,$_AND_,Y,4787
2852,$abc$20785$auto$blifparse.cc:397:parse_blif$23638,$_NAND_,Y,4788
2853,$abc$20785$auto$blifparse.cc:397:parse_blif$23639,$_NAND_,Y,4789
2854,$abc$20785$auto$blifparse.cc:397:parse_blif$23640,$_NAND_,Y,4790
2855,$abc$20785$auto$blifparse.cc:397:parse_blif$23641,$_AND_,Y,4791
2856,$abc$20785$auto$blifparse.cc:397:parse_blif$23642,$_XNOR_,Y,4792
2857,$abc$20785$auto$blifparse.cc:397:parse_blif$23643,$_NAND_,Y,4793
2858,$abc$20785$auto$blifparse.cc:397:parse_blif$23644,$_NAND_,Y,4794
2859,$abc$20785$auto$blifparse.cc:397:parse_blif$23645,$_XOR_,Y,4795
2860,$abc$20785$auto$blifparse.cc:397:parse_blif$23646,$_NAND_,Y,4796
2861,$abc$20785$auto$blifparse.cc:397:parse_blif$23647,$_NAND_,Y,4797
2862,$abc$20785$auto$blifparse.cc:397:parse_blif$23648,$_NAND_,Y,4798
2863,$abc$20785$auto$blifparse.cc:397:parse_blif$23649,$_NAND_,Y,4799
2864,$abc$20785$auto$blifparse.cc:397:parse_blif$23650,$_XOR_,Y,4800
2865,$abc$20785$auto$blifparse.cc:397:parse_blif$23651,$_NAND_,Y,4801
2866,$abc$20785$auto$blifparse.cc:397:parse_blif$23652,$_AND_,Y,4802
2867,$abc$20785$auto$blifparse.cc:397:parse_blif$23653,$_ORNOT_,Y,4803
2868,$abc$20785$auto$blifparse.cc:397:parse_blif$23654,$_AND_,Y,4804
2869,$abc$20785$auto$blifparse.cc:397:parse_blif$23655,$_ORNOT_,Y,4805
2870,$abc$20785$auto$blifparse.cc:397:parse_blif$23656,$_NAND_,Y,4806
2871,$abc$20785$auto$blifparse.cc:397:parse_blif$23657,$_NAND_,Y,4807
2872,$abc$20785$auto$blifparse.cc:397:parse_blif$23658,$_NAND_,Y,4808
2873,$abc$20785$auto$blifparse.cc:397:parse_blif$23659,$_NAND_,Y,4809
2874,$abc$20785$auto$blifparse.cc:397:parse_blif$23660,$_AND_,Y,4810
2875,$abc$20785$auto$blifparse.cc:397:parse_blif$23661,$_NAND_,Y,4811
2876,$abc$20785$auto$blifparse.cc:397:parse_blif$23662,$_AND_,Y,4812
2877,$abc$20785$auto$blifparse.cc:397:parse_blif$23663,$_NAND_,Y,4813
2878,$abc$20785$auto$blifparse.cc:397:parse_blif$23664,$_AND_,Y,4814
2879,$abc$20785$auto$blifparse.cc:397:parse_blif$23665,$_NAND_,Y,4815
2880,$abc$20785$auto$blifparse.cc:397:parse_blif$23666,$_AND_,Y,4816
2881,$abc$20785$auto$blifparse.cc:397:parse_blif$23667,$_NAND_,Y,4817
2882,$abc$20785$auto$blifparse.cc:397:parse_blif$23668,$_AND_,Y,4818
2883,$abc$20785$auto$blifparse.cc:397:parse_blif$23669,$_NAND_,Y,4819
2884,$abc$20785$auto$blifparse.cc:397:parse_blif$23670,$_AND_,Y,4820
2885,$abc$20785$auto$blifparse.cc:397:parse_blif$23671,$_NAND_,Y,4821
2886,$abc$20785$auto$blifparse.cc:397:parse_blif$23672,$_NAND_,Y,4822
2887,$abc$20785$auto$blifparse.cc:397:parse_blif$23673,$_NAND_,Y,4823
2888,$abc$20785$auto$blifparse.cc:397:parse_blif$23674,$_AND_,Y,4824
2889,$abc$20785$auto$blifparse.cc:397:parse_blif$23675,$_ORNOT_,Y,4825
2890,$abc$20785$auto$blifparse.cc:397:parse_blif$23676,$_AND_,Y,4826
2891,$abc$20785$auto$blifparse.cc:397:parse_blif$23677,$_NAND_,Y,4827
2892,$abc$20785$auto$blifparse.cc:397:parse_blif$23678,$_AND_,Y,4828
2893,$abc$20785$auto$blifparse.cc:397:parse_blif$23679,$_NAND_,Y,4829
2894,$abc$20785$auto$blifparse.cc:397:parse_blif$23680,$_AND_,Y,4830
2895,$abc$20785$auto$blifparse.cc:397:parse_blif$23681,$_NAND_,Y,4831
2896,$abc$20785$auto$blifparse.cc:397:parse_blif$23682,$_AND_,Y,4832
2897,$abc$20785$auto$blifparse.cc:397:parse_blif$23683,$_NAND_,Y,4833
2898,$abc$20785$auto$blifparse.cc:397:parse_blif$23684,$_AND_,Y,4834
2899,$abc$20785$auto$blifparse.cc:397:parse_blif$23685,$_NAND_,Y,4835
2900,$abc$20785$auto$blifparse.cc:397:parse_blif$23686,$_AND_,Y,4836
2901,$abc$20785$auto$blifparse.cc:397:parse_blif$23687,$_NAND_,Y,4837
2902,$abc$20785$auto$blifparse.cc:397:parse_blif$23688,$_NAND_,Y,4838
2903,$abc$20785$auto$blifparse.cc:397:parse_blif$23689,$_NAND_,Y,4839
2904,$abc$20785$auto$blifparse.cc:397:parse_blif$23690,$_AND_,Y,4840
2905,$abc$20785$auto$blifparse.cc:397:parse_blif$23691,$_ORNOT_,Y,4841
2906,$abc$20785$auto$blifparse.cc:397:parse_blif$23692,$_AND_,Y,4842
2907,$abc$20785$auto$blifparse.cc:397:parse_blif$23693,$_NAND_,Y,4843
2908,$abc$20785$auto$blifparse.cc:397:parse_blif$23694,$_AND_,Y,4844
2909,$abc$20785$auto$blifparse.cc:397:parse_blif$23695,$_NAND_,Y,4845
2910,$abc$20785$auto$blifparse.cc:397:parse_blif$23696,$_NAND_,Y,4846
2911,$abc$20785$auto$blifparse.cc:397:parse_blif$23697,$_NAND_,Y,4847
2912,$abc$20785$auto$blifparse.cc:397:parse_blif$23698,$_NAND_,Y,4848
2913,$abc$20785$auto$blifparse.cc:397:parse_blif$23699,$_NAND_,Y,4849
2914,$abc$20785$auto$blifparse.cc:397:parse_blif$23700,$_AND_,Y,4850
2915,$abc$20785$auto$blifparse.cc:397:parse_blif$23701,$_NAND_,Y,4851
2916,$abc$20785$auto$blifparse.cc:397:parse_blif$23702,$_AND_,Y,4852
2917,$abc$20785$auto$blifparse.cc:397:parse_blif$23703,$_NAND_,Y,4853
2918,$abc$20785$auto$blifparse.cc:397:parse_blif$23704,$_XOR_,Y,4854
2919,$abc$20785$auto$blifparse.cc:397:parse_blif$23705,$_NAND_,Y,4855
2920,$abc$20785$auto$blifparse.cc:397:parse_blif$23706,$_NAND_,Y,4856
2921,$abc$20785$auto$blifparse.cc:397:parse_blif$23707,$_NAND_,Y,4857
2922,$abc$20785$auto$blifparse.cc:397:parse_blif$23708,$_NAND_,Y,4858
2923,$abc$20785$auto$blifparse.cc:397:parse_blif$23709,$_NAND_,Y,4859
2924,$abc$20785$auto$blifparse.cc:397:parse_blif$23710,$_NAND_,Y,4860
2925,$abc$20785$auto$blifparse.cc:397:parse_blif$23711,$_XOR_,Y,4861
2926,$abc$20785$auto$blifparse.cc:397:parse_blif$23712,$_XNOR_,Y,4862
2927,$abc$20785$auto$blifparse.cc:397:parse_blif$23713,$_ANDNOT_,Y,4863
2928,$abc$20785$auto$blifparse.cc:397:parse_blif$23714,$_XNOR_,Y,4864
2929,$abc$20785$auto$blifparse.cc:397:parse_blif$23715,$_NAND_,Y,4865
2930,$abc$20785$auto$blifparse.cc:397:parse_blif$23716,$_NAND_,Y,4866
2931,$abc$20785$auto$blifparse.cc:397:parse_blif$23717,$_NAND_,Y,4867
2932,$abc$20785$auto$blifparse.cc:397:parse_blif$23718,$_NAND_,Y,4868
2933,$abc$20785$auto$blifparse.cc:397:parse_blif$23719,$_NAND_,Y,4869
2934,$abc$20785$auto$blifparse.cc:397:parse_blif$23720,$_NAND_,Y,4870
2935,$abc$20785$auto$blifparse.cc:397:parse_blif$23721,$_XOR_,Y,4871
2936,$abc$20785$auto$blifparse.cc:397:parse_blif$23722,$_XNOR_,Y,4872
2937,$abc$20785$auto$blifparse.cc:397:parse_blif$23723,$_ANDNOT_,Y,4873
2938,$abc$20785$auto$blifparse.cc:397:parse_blif$23724,$_NAND_,Y,4874
2939,$abc$20785$auto$blifparse.cc:397:parse_blif$23725,$_NAND_,Y,4875
2940,$abc$20785$auto$blifparse.cc:397:parse_blif$23726,$_NAND_,Y,4876
2941,$abc$20785$auto$blifparse.cc:397:parse_blif$23727,$_NAND_,Y,4877
2942,$abc$20785$auto$blifparse.cc:397:parse_blif$23728,$_NAND_,Y,4878
2943,$abc$20785$auto$blifparse.cc:397:parse_blif$23729,$_AND_,Y,4879
2944,$abc$20785$auto$blifparse.cc:397:parse_blif$23730,$_XOR_,Y,4880
2945,$abc$20785$auto$blifparse.cc:397:parse_blif$23731,$_XNOR_,Y,4881
2946,$abc$20785$auto$blifparse.cc:397:parse_blif$23732,$_NAND_,Y,4882
2947,$abc$20785$auto$blifparse.cc:397:parse_blif$23733,$_NAND_,Y,4883
2948,$abc$20785$auto$blifparse.cc:397:parse_blif$23734,$_NAND_,Y,4884
2949,$abc$20785$auto$blifparse.cc:397:parse_blif$23735,$_NAND_,Y,4885
2950,$abc$20785$auto$blifparse.cc:397:parse_blif$23736,$_NAND_,Y,4886
2951,$abc$20785$auto$blifparse.cc:397:parse_blif$23737,$_NAND_,Y,4887
2952,$abc$20785$auto$blifparse.cc:397:parse_blif$23738,$_AND_,Y,4888
2953,$abc$20785$auto$blifparse.cc:397:parse_blif$23739,$_AND_,Y,4889
2954,$abc$20785$auto$blifparse.cc:397:parse_blif$23740,$_NAND_,Y,4891
2955,$abc$20785$auto$blifparse.cc:397:parse_blif$23741,$_NAND_,Y,4892
2956,$abc$20785$auto$blifparse.cc:397:parse_blif$23742,$_NAND_,Y,4893
2957,$abc$20785$auto$blifparse.cc:397:parse_blif$23743,$_AND_,Y,4894
2958,$abc$20785$auto$blifparse.cc:397:parse_blif$23744,$_XNOR_,Y,4895
2959,$abc$20785$auto$blifparse.cc:397:parse_blif$23745,$_XNOR_,Y,4896
2960,$abc$20785$auto$blifparse.cc:397:parse_blif$23746,$_XNOR_,Y,4897
2961,$abc$20785$auto$blifparse.cc:397:parse_blif$23747,$_ANDNOT_,Y,4898
2962,$abc$20785$auto$blifparse.cc:397:parse_blif$23748,$_XNOR_,Y,4899
2963,$abc$20785$auto$blifparse.cc:397:parse_blif$23749,$_NAND_,Y,4900
2964,$abc$20785$auto$blifparse.cc:397:parse_blif$23750,$_NAND_,Y,4901
2965,$abc$20785$auto$blifparse.cc:397:parse_blif$23751,$_NAND_,Y,4902
2966,$abc$20785$auto$blifparse.cc:397:parse_blif$23752,$_NAND_,Y,4903
2967,$abc$20785$auto$blifparse.cc:397:parse_blif$23753,$_NAND_,Y,4904
2968,$abc$20785$auto$blifparse.cc:397:parse_blif$23754,$_NAND_,Y,4905
2969,$abc$20785$auto$blifparse.cc:397:parse_blif$23755,$_XNOR_,Y,4906
2970,$abc$20785$auto$blifparse.cc:397:parse_blif$23756,$_ANDNOT_,Y,4907
2971,$abc$20785$auto$blifparse.cc:397:parse_blif$23757,$_XNOR_,Y,4908
2972,$abc$20785$auto$blifparse.cc:397:parse_blif$23758,$_NAND_,Y,4909
2973,$abc$20785$auto$blifparse.cc:397:parse_blif$23759,$_NAND_,Y,4910
2974,$abc$20785$auto$blifparse.cc:397:parse_blif$23760,$_NAND_,Y,4911
2975,$abc$20785$auto$blifparse.cc:397:parse_blif$23761,$_NAND_,Y,4912
2976,$abc$20785$auto$blifparse.cc:397:parse_blif$23762,$_NAND_,Y,4913
2977,$abc$20785$auto$blifparse.cc:397:parse_blif$23763,$_AND_,Y,4914
2978,$abc$20785$auto$blifparse.cc:397:parse_blif$23764,$_AND_,Y,4915
2979,$abc$20785$auto$blifparse.cc:397:parse_blif$23765,$_XNOR_,Y,4916
2980,$abc$20785$auto$blifparse.cc:397:parse_blif$23766,$_XNOR_,Y,4917
2981,$abc$20785$auto$blifparse.cc:397:parse_blif$23767,$_OR_,Y,4918
2982,$abc$20785$auto$blifparse.cc:397:parse_blif$23768,$_NAND_,Y,4919
2983,$abc$20785$auto$blifparse.cc:397:parse_blif$23769,$_NAND_,Y,4920
2984,$abc$20785$auto$blifparse.cc:397:parse_blif$23770,$_NAND_,Y,4921
2985,$abc$20785$auto$blifparse.cc:397:parse_blif$23771,$_NAND_,Y,4922
2986,$abc$20785$auto$blifparse.cc:397:parse_blif$23772,$_NAND_,Y,4923
2987,$abc$20785$auto$blifparse.cc:397:parse_blif$23773,$_NAND_,Y,4924
2988,$abc$20785$auto$blifparse.cc:397:parse_blif$23774,$_NAND_,Y,4925
2989,$abc$20785$auto$blifparse.cc:397:parse_blif$23775,$_XOR_,Y,4926
2990,$abc$20785$auto$blifparse.cc:397:parse_blif$23776,$_XNOR_,Y,4927
2991,$abc$20785$auto$blifparse.cc:397:parse_blif$23777,$_ANDNOT_,Y,4928
2992,$abc$20785$auto$blifparse.cc:397:parse_blif$23778,$_XNOR_,Y,4929
2993,$abc$20785$auto$blifparse.cc:397:parse_blif$23779,$_NAND_,Y,4930
2994,$abc$20785$auto$blifparse.cc:397:parse_blif$23780,$_NAND_,Y,4931
2995,$abc$20785$auto$blifparse.cc:397:parse_blif$23781,$_AND_,Y,4932
2996,$abc$20785$auto$blifparse.cc:397:parse_blif$23782,$_NAND_,Y,4933
2997,$abc$20785$auto$blifparse.cc:397:parse_blif$23783,$_NAND_,Y,4934
2998,$abc$20785$auto$blifparse.cc:397:parse_blif$23784,$_AND_,Y,4935
2999,$abc$20785$auto$blifparse.cc:397:parse_blif$23785,$_AND_,Y,4936
3000,$abc$20785$auto$blifparse.cc:397:parse_blif$23786,$_XNOR_,Y,4937
3001,$abc$20785$auto$blifparse.cc:397:parse_blif$23787,$_XNOR_,Y,4938
3002,$abc$20785$auto$blifparse.cc:397:parse_blif$23788,$_OR_,Y,4939
3003,$abc$20785$auto$blifparse.cc:397:parse_blif$23789,$_NAND_,Y,4940
3004,$abc$20785$auto$blifparse.cc:397:parse_blif$23790,$_NAND_,Y,4941
3005,$abc$20785$auto$blifparse.cc:397:parse_blif$23791,$_NAND_,Y,4942
3006,$abc$20785$auto$blifparse.cc:397:parse_blif$23792,$_NAND_,Y,4943
3007,$abc$20785$auto$blifparse.cc:397:parse_blif$23793,$_NAND_,Y,4944
3008,$abc$20785$auto$blifparse.cc:397:parse_blif$23794,$_NAND_,Y,4945
3009,$abc$20785$auto$blifparse.cc:397:parse_blif$23795,$_NAND_,Y,4946
3010,$abc$20785$auto$blifparse.cc:397:parse_blif$23796,$_XOR_,Y,4947
3011,$abc$20785$auto$blifparse.cc:397:parse_blif$23797,$_XNOR_,Y,4948
3012,$abc$20785$auto$blifparse.cc:397:parse_blif$23798,$_ANDNOT_,Y,4949
3013,$abc$20785$auto$blifparse.cc:397:parse_blif$23799,$_XNOR_,Y,4950
3014,$abc$20785$auto$blifparse.cc:397:parse_blif$23800,$_NAND_,Y,4951
3015,$abc$20785$auto$blifparse.cc:397:parse_blif$23801,$_NAND_,Y,4952
3016,$abc$20785$auto$blifparse.cc:397:parse_blif$23802,$_NAND_,Y,4953
3017,$abc$20785$auto$blifparse.cc:397:parse_blif$23803,$_NAND_,Y,4954
3018,$abc$20785$auto$blifparse.cc:397:parse_blif$23804,$_NAND_,Y,4955
3019,$abc$20785$auto$blifparse.cc:397:parse_blif$23805,$_NAND_,Y,4956
3020,$abc$20785$auto$blifparse.cc:397:parse_blif$23806,$_AND_,Y,4957
3021,$abc$20785$auto$blifparse.cc:397:parse_blif$23807,$_XNOR_,Y,4958
3022,$abc$20785$auto$blifparse.cc:397:parse_blif$23808,$_XNOR_,Y,4959
3023,$abc$20785$auto$blifparse.cc:397:parse_blif$23809,$_ORNOT_,Y,4960
3024,$abc$20785$auto$blifparse.cc:397:parse_blif$23810,$_ANDNOT_,Y,4961
3025,$abc$20785$auto$blifparse.cc:397:parse_blif$23811,$_NAND_,Y,4962
3026,$abc$20785$auto$blifparse.cc:397:parse_blif$23812,$_NAND_,Y,4963
3027,$abc$20785$auto$blifparse.cc:397:parse_blif$23813,$_NAND_,Y,4964
3028,$abc$20785$auto$blifparse.cc:397:parse_blif$23814,$_NAND_,Y,4965
3029,$abc$20785$auto$blifparse.cc:397:parse_blif$23815,$_NAND_,Y,4966
3030,$abc$20785$auto$blifparse.cc:397:parse_blif$23816,$_AND_,Y,4967
3031,$abc$20785$auto$blifparse.cc:397:parse_blif$23817,$_XNOR_,Y,4968
3032,$abc$20785$auto$blifparse.cc:397:parse_blif$23818,$_XNOR_,Y,4969
3033,$abc$20785$auto$blifparse.cc:397:parse_blif$23819,$_NAND_,Y,4970
3034,$abc$20785$auto$blifparse.cc:397:parse_blif$23820,$_NAND_,Y,4971
3035,$abc$20785$auto$blifparse.cc:397:parse_blif$23821,$_NAND_,Y,4972
3036,$abc$20785$auto$blifparse.cc:397:parse_blif$23822,$_NAND_,Y,4973
3037,$abc$20785$auto$blifparse.cc:397:parse_blif$23823,$_NAND_,Y,4974
3038,$abc$20785$auto$blifparse.cc:397:parse_blif$23824,$_NAND_,Y,4975
3039,$abc$20785$auto$blifparse.cc:397:parse_blif$23825,$_AND_,Y,4976
3040,$abc$20785$auto$blifparse.cc:397:parse_blif$23826,$_AND_,Y,4977
3041,$abc$20785$auto$blifparse.cc:397:parse_blif$23827,$_XNOR_,Y,4978
3042,$abc$20785$auto$blifparse.cc:397:parse_blif$23828,$_XNOR_,Y,4979
3043,$abc$20785$auto$blifparse.cc:397:parse_blif$23829,$_ANDNOT_,Y,4980
3044,$abc$20785$auto$blifparse.cc:397:parse_blif$23830,$_XNOR_,Y,4981
3045,$abc$20785$auto$blifparse.cc:397:parse_blif$23831,$_NAND_,Y,4982
3046,$abc$20785$auto$blifparse.cc:397:parse_blif$23832,$_NAND_,Y,4983
3047,$abc$20785$auto$blifparse.cc:397:parse_blif$23833,$_NAND_,Y,4984
3048,$abc$20785$auto$blifparse.cc:397:parse_blif$23834,$_NAND_,Y,4985
3049,$abc$20785$auto$blifparse.cc:397:parse_blif$23835,$_NAND_,Y,4986
3050,$abc$20785$auto$blifparse.cc:397:parse_blif$23836,$_NAND_,Y,4987
3051,$abc$20785$auto$blifparse.cc:397:parse_blif$23837,$_XOR_,Y,4988
3052,$abc$20785$auto$blifparse.cc:397:parse_blif$23838,$_XNOR_,Y,4989
3053,$abc$20785$auto$blifparse.cc:397:parse_blif$23839,$_ANDNOT_,Y,4990
3054,$abc$20785$auto$blifparse.cc:397:parse_blif$23840,$_XNOR_,Y,4991
3055,$abc$20785$auto$blifparse.cc:397:parse_blif$23841,$_NAND_,Y,4992
3056,$abc$20785$auto$blifparse.cc:397:parse_blif$23842,$_NAND_,Y,4993
3057,$abc$20785$auto$blifparse.cc:397:parse_blif$23843,$_NAND_,Y,4994
3058,$abc$20785$auto$blifparse.cc:397:parse_blif$23844,$_NAND_,Y,4995
3059,$abc$20785$auto$blifparse.cc:397:parse_blif$23845,$_NAND_,Y,4996
3060,$abc$20785$auto$blifparse.cc:397:parse_blif$23846,$_NAND_,Y,4997
3061,$abc$20785$auto$blifparse.cc:397:parse_blif$23847,$_AND_,Y,4998
3062,$abc$20785$auto$blifparse.cc:397:parse_blif$23848,$_XNOR_,Y,4999
3063,$abc$20785$auto$blifparse.cc:397:parse_blif$23849,$_XNOR_,Y,5000
3064,$abc$20785$auto$blifparse.cc:397:parse_blif$23850,$_ANDNOT_,Y,5001
3065,$abc$20785$auto$blifparse.cc:397:parse_blif$23851,$_XNOR_,Y,5002
3066,$abc$20785$auto$blifparse.cc:397:parse_blif$23852,$_NAND_,Y,5003
3067,$abc$20785$auto$blifparse.cc:397:parse_blif$23853,$_NAND_,Y,5004
3068,$abc$20785$auto$blifparse.cc:397:parse_blif$23854,$_NAND_,Y,5005
3069,$abc$20785$auto$blifparse.cc:397:parse_blif$23855,$_NAND_,Y,5006
3070,$abc$20785$auto$blifparse.cc:397:parse_blif$23856,$_NAND_,Y,5007
3071,$abc$20785$auto$blifparse.cc:397:parse_blif$23857,$_AND_,Y,5008
3072,$abc$20785$auto$blifparse.cc:397:parse_blif$23858,$_XOR_,Y,5009
3073,$abc$20785$auto$blifparse.cc:397:parse_blif$23859,$_XNOR_,Y,5010
3074,$abc$20785$auto$blifparse.cc:397:parse_blif$23860,$_NAND_,Y,5011
3075,$abc$20785$auto$blifparse.cc:397:parse_blif$23861,$_NAND_,Y,5012
3076,$abc$20785$auto$blifparse.cc:397:parse_blif$23862,$_NAND_,Y,5013
3077,$abc$20785$auto$blifparse.cc:397:parse_blif$23863,$_NAND_,Y,5014
3078,$abc$20785$auto$blifparse.cc:397:parse_blif$23864,$_NAND_,Y,5015
3079,$abc$20785$auto$blifparse.cc:397:parse_blif$23865,$_NAND_,Y,5016
3080,$abc$20785$auto$blifparse.cc:397:parse_blif$23866,$_NAND_,Y,5017
3081,$abc$20785$auto$blifparse.cc:397:parse_blif$23867,$_AND_,Y,5018
3082,$abc$20785$auto$blifparse.cc:397:parse_blif$23868,$_XNOR_,Y,5019
3083,$abc$20785$auto$blifparse.cc:397:parse_blif$23869,$_XNOR_,Y,5020
3084,$abc$20785$auto$blifparse.cc:397:parse_blif$23870,$_ANDNOT_,Y,5021
3085,$abc$20785$auto$blifparse.cc:397:parse_blif$23871,$_XNOR_,Y,5022
3086,$abc$20785$auto$blifparse.cc:397:parse_blif$23872,$_NAND_,Y,5023
3087,$abc$20785$auto$blifparse.cc:397:parse_blif$23873,$_NAND_,Y,5024
3088,$abc$20785$auto$blifparse.cc:397:parse_blif$23874,$_NAND_,Y,5025
3089,$abc$20785$auto$blifparse.cc:397:parse_blif$23875,$_NAND_,Y,5026
3090,$abc$20785$auto$blifparse.cc:397:parse_blif$23876,$_NAND_,Y,5027
3091,$abc$20785$auto$blifparse.cc:397:parse_blif$23877,$_AND_,Y,5028
3092,$abc$20785$auto$blifparse.cc:397:parse_blif$23878,$_XOR_,Y,5029
3093,$abc$20785$auto$blifparse.cc:397:parse_blif$23879,$_XNOR_,Y,5030
3094,$abc$20785$auto$blifparse.cc:397:parse_blif$23880,$_NAND_,Y,5031
3095,$abc$20785$auto$blifparse.cc:397:parse_blif$23881,$_NAND_,Y,5032
3096,$abc$20785$auto$blifparse.cc:397:parse_blif$23882,$_NAND_,Y,5033
3097,$abc$20785$auto$blifparse.cc:397:parse_blif$23883,$_NAND_,Y,5034
3098,$abc$20785$auto$blifparse.cc:397:parse_blif$23884,$_NAND_,Y,5035
3099,$abc$20785$auto$blifparse.cc:397:parse_blif$23885,$_NAND_,Y,5036
3100,$abc$20785$auto$blifparse.cc:397:parse_blif$23886,$_AND_,Y,5037
3101,$abc$20785$auto$blifparse.cc:397:parse_blif$23887,$_AND_,Y,5038
3102,$abc$20785$auto$blifparse.cc:397:parse_blif$23888,$_XNOR_,Y,5039
3103,$abc$20785$auto$blifparse.cc:397:parse_blif$23889,$_XNOR_,Y,5040
3104,$abc$20785$auto$blifparse.cc:397:parse_blif$23890,$_NAND_,Y,5041
3105,$abc$20785$auto$blifparse.cc:397:parse_blif$23891,$_NAND_,Y,5042
3106,$abc$20785$auto$blifparse.cc:397:parse_blif$23892,$_NAND_,Y,5043
3107,$abc$20785$auto$blifparse.cc:397:parse_blif$23893,$_NAND_,Y,5044
3108,$abc$20785$auto$blifparse.cc:397:parse_blif$23894,$_NAND_,Y,5045
3109,$abc$20785$auto$blifparse.cc:397:parse_blif$23895,$_NAND_,Y,5046
3110,$abc$20785$auto$blifparse.cc:397:parse_blif$23896,$_AND_,Y,5047
3111,$abc$20785$auto$blifparse.cc:397:parse_blif$23897,$_XNOR_,Y,5048
3112,$abc$20785$auto$blifparse.cc:397:parse_blif$23898,$_XNOR_,Y,5049
3113,$abc$20785$auto$blifparse.cc:397:parse_blif$23899,$_AND_,Y,5050
3114,$abc$20785$auto$blifparse.cc:397:parse_blif$23900,$_XOR_,Y,5051
3115,$abc$20785$auto$blifparse.cc:397:parse_blif$23901,$_NAND_,Y,5052
3116,$abc$20785$auto$blifparse.cc:397:parse_blif$23902,$_NAND_,Y,5053
3117,$abc$20785$auto$blifparse.cc:397:parse_blif$23903,$_XOR_,Y,5054
3118,$abc$20785$auto$blifparse.cc:397:parse_blif$23904,$_NAND_,Y,5055
3119,$abc$20785$auto$blifparse.cc:397:parse_blif$23905,$_AND_,Y,5056
3120,$abc$20785$auto$blifparse.cc:397:parse_blif$23906,$_ANDNOT_,Y,5057
3121,$abc$20785$auto$blifparse.cc:397:parse_blif$23907,$_OR_,Y,5058
3122,$abc$20785$auto$blifparse.cc:397:parse_blif$23908,$_XOR_,Y,5059
3123,$abc$20785$auto$blifparse.cc:397:parse_blif$23909,$_NAND_,Y,5060
3124,$abc$20785$auto$blifparse.cc:397:parse_blif$23910,$_AND_,Y,5061
3125,$abc$20785$auto$blifparse.cc:397:parse_blif$23911,$_ANDNOT_,Y,5062
3126,$abc$20785$auto$blifparse.cc:397:parse_blif$23912,$_NOR_,Y,5063
3127,$abc$20785$auto$blifparse.cc:397:parse_blif$23913,$_ANDNOT_,Y,5064
3128,$abc$20785$auto$blifparse.cc:397:parse_blif$23914,$_NOR_,Y,5065
3129,$abc$20785$auto$blifparse.cc:397:parse_blif$23915,$_ANDNOT_,Y,5066
3130,$abc$20785$auto$blifparse.cc:397:parse_blif$23916,$_OR_,Y,5067
3131,$abc$20785$auto$blifparse.cc:397:parse_blif$23917,$_XOR_,Y,5068
3132,$abc$20785$auto$blifparse.cc:397:parse_blif$23918,$_NAND_,Y,5069
3133,$abc$20785$auto$blifparse.cc:397:parse_blif$23919,$_AND_,Y,5070
3134,$abc$20785$auto$blifparse.cc:397:parse_blif$23920,$_ORNOT_,Y,5071
3135,$abc$20785$auto$blifparse.cc:397:parse_blif$23921,$_AND_,Y,5072
3136,$abc$20785$auto$blifparse.cc:397:parse_blif$23922,$_AND_,Y,5073
3137,$abc$20785$auto$blifparse.cc:397:parse_blif$23923,$_OR_,Y,5074
3138,$abc$20785$auto$blifparse.cc:397:parse_blif$23924,$_NAND_,Y,5075
3139,$abc$20785$auto$blifparse.cc:397:parse_blif$23925,$_AND_,Y,5076
3140,$abc$20785$auto$blifparse.cc:397:parse_blif$23926,$_ANDNOT_,Y,5077
3141,$abc$20785$auto$blifparse.cc:397:parse_blif$23927,$_NOR_,Y,5078
3142,$abc$20785$auto$blifparse.cc:397:parse_blif$23928,$_NAND_,Y,5079
3143,$abc$20785$auto$blifparse.cc:397:parse_blif$23929,$_AND_,Y,5080
3144,$abc$20785$auto$blifparse.cc:397:parse_blif$23930,$_AND_,Y,5081
3145,$abc$20785$auto$blifparse.cc:397:parse_blif$23931,$_NOR_,Y,5082
3146,$abc$20785$auto$blifparse.cc:397:parse_blif$23932,$_ANDNOT_,Y,5083
3147,$abc$20785$auto$blifparse.cc:397:parse_blif$23933,$_OR_,Y,5084
3148,$abc$20785$auto$blifparse.cc:397:parse_blif$23934,$_XOR_,Y,5085
3149,$abc$20785$auto$blifparse.cc:397:parse_blif$23935,$_NAND_,Y,5086
3150,$abc$20785$auto$blifparse.cc:397:parse_blif$23936,$_NAND_,Y,5087
3151,$abc$20785$auto$blifparse.cc:397:parse_blif$23937,$_XNOR_,Y,5088
3152,$abc$20785$auto$blifparse.cc:397:parse_blif$23938,$_AND_,Y,5089
3153,$abc$20785$auto$blifparse.cc:397:parse_blif$23939,$_NOR_,Y,5090
3154,$abc$20785$auto$blifparse.cc:397:parse_blif$23940,$_ANDNOT_,Y,5091
3155,$abc$20785$auto$blifparse.cc:397:parse_blif$23941,$_XNOR_,Y,5092
3156,$abc$20785$auto$blifparse.cc:397:parse_blif$23942,$_XOR_,Y,5093
3157,$abc$20785$auto$blifparse.cc:397:parse_blif$23943,$_ORNOT_,Y,5094
3158,$abc$20785$auto$blifparse.cc:397:parse_blif$23944,$_XNOR_,Y,5095
3159,$abc$20785$auto$blifparse.cc:397:parse_blif$23945,$_XOR_,Y,5096
3160,$abc$20785$auto$blifparse.cc:397:parse_blif$23946,$_XNOR_,Y,5097
3161,$abc$20785$auto$blifparse.cc:397:parse_blif$23947,$_NAND_,Y,5098
3162,$abc$20785$auto$blifparse.cc:397:parse_blif$23948,$_OR_,Y,5099
3163,$abc$20785$auto$blifparse.cc:397:parse_blif$23949,$_XOR_,Y,5100
3164,$abc$20785$auto$blifparse.cc:397:parse_blif$23950,$_XNOR_,Y,5101
3165,$abc$20785$auto$blifparse.cc:397:parse_blif$23951,$_NAND_,Y,5102
3166,$abc$20785$auto$blifparse.cc:397:parse_blif$23952,$_XOR_,Y,5103
3167,$abc$20785$auto$blifparse.cc:397:parse_blif$23953,$_XNOR_,Y,5104
3168,$abc$20785$auto$blifparse.cc:397:parse_blif$23954,$_XNOR_,Y,5105
3169,$abc$20785$auto$blifparse.cc:397:parse_blif$23955,$_NOT_,Y,5106
3170,$abc$20785$auto$blifparse.cc:397:parse_blif$23956,$_ORNOT_,Y,5107
3171,$abc$20785$auto$blifparse.cc:397:parse_blif$23957,$_NAND_,Y,5108
3172,$abc$20785$auto$blifparse.cc:397:parse_blif$23958,$_XOR_,Y,5109
3173,$abc$20785$auto$blifparse.cc:397:parse_blif$23959,$_XOR_,Y,5110
3174,$abc$20785$auto$blifparse.cc:397:parse_blif$23960,$_ORNOT_,Y,5111
3175,$abc$20785$auto$blifparse.cc:397:parse_blif$23961,$_XNOR_,Y,5112
3176,$abc$20785$auto$blifparse.cc:397:parse_blif$23962,$_AND_,Y,5113
3177,$abc$20785$auto$blifparse.cc:397:parse_blif$23963,$_XOR_,Y,5114
3178,$abc$20785$auto$blifparse.cc:397:parse_blif$23964,$_XNOR_,Y,5115
3179,$abc$20785$auto$blifparse.cc:397:parse_blif$23965,$_ORNOT_,Y,5116
3180,$abc$20785$auto$blifparse.cc:397:parse_blif$23966,$_ORNOT_,Y,5117
3181,$abc$20785$auto$blifparse.cc:397:parse_blif$23967,$_XNOR_,Y,5118
3182,$abc$20785$auto$blifparse.cc:397:parse_blif$23968,$_XOR_,Y,5119
3183,$abc$20785$auto$blifparse.cc:397:parse_blif$23969,$_ORNOT_,Y,5120
3184,$abc$20785$auto$blifparse.cc:397:parse_blif$23970,$_XNOR_,Y,5121
3185,$abc$20785$auto$blifparse.cc:397:parse_blif$23971,$_NAND_,Y,5122
3186,$abc$20785$auto$blifparse.cc:397:parse_blif$23972,$_XNOR_,Y,5123
3187,$abc$20785$auto$blifparse.cc:397:parse_blif$23973,$_XNOR_,Y,5124
3188,$abc$20785$auto$blifparse.cc:397:parse_blif$23974,$_NAND_,Y,5125
3189,$abc$20785$auto$blifparse.cc:397:parse_blif$23975,$_OR_,Y,5126
3190,$abc$20785$auto$blifparse.cc:397:parse_blif$23976,$_XOR_,Y,5127
3191,$abc$20785$auto$blifparse.cc:397:parse_blif$23977,$_XOR_,Y,5128
3192,$abc$20785$auto$blifparse.cc:397:parse_blif$23978,$_ORNOT_,Y,5129
3193,$abc$20785$auto$blifparse.cc:397:parse_blif$23979,$_XNOR_,Y,5130
3194,$abc$20785$auto$blifparse.cc:397:parse_blif$23980,$_ANDNOT_,Y,5131
3195,$abc$20785$auto$blifparse.cc:397:parse_blif$23981,$_XOR_,Y,5132
3196,$abc$20785$auto$blifparse.cc:397:parse_blif$23982,$_XNOR_,Y,5133
3197,$abc$20785$auto$blifparse.cc:397:parse_blif$23983,$_OR_,Y,5134
3198,$abc$20785$auto$blifparse.cc:397:parse_blif$23984,$_NAND_,Y,5135
3199,$abc$20785$auto$blifparse.cc:397:parse_blif$23985,$_XOR_,Y,5136
3200,$abc$20785$auto$blifparse.cc:397:parse_blif$23986,$_XNOR_,Y,5137
3201,$abc$20785$auto$blifparse.cc:397:parse_blif$23987,$_ORNOT_,Y,5138
3202,$abc$20785$auto$blifparse.cc:397:parse_blif$23988,$_XNOR_,Y,5139
3203,$abc$20785$auto$blifparse.cc:397:parse_blif$23989,$_XNOR_,Y,5140
3204,$abc$20785$auto$blifparse.cc:397:parse_blif$23990,$_XNOR_,Y,5141
3205,$abc$20785$auto$blifparse.cc:397:parse_blif$23991,$_OR_,Y,5142
3206,$abc$20785$auto$blifparse.cc:397:parse_blif$23992,$_NAND_,Y,5143
3207,$abc$20785$auto$blifparse.cc:397:parse_blif$23993,$_XNOR_,Y,5144
3208,$abc$20785$auto$blifparse.cc:397:parse_blif$23994,$_XOR_,Y,5145
3209,$abc$20785$auto$blifparse.cc:397:parse_blif$23995,$_ORNOT_,Y,5146
3210,$abc$20785$auto$blifparse.cc:397:parse_blif$23996,$_XNOR_,Y,5147
3211,$abc$20785$auto$blifparse.cc:397:parse_blif$23997,$_XNOR_,Y,5148
3212,$abc$20785$auto$blifparse.cc:397:parse_blif$23998,$_XNOR_,Y,5149
3213,$abc$20785$auto$blifparse.cc:397:parse_blif$23999,$_OR_,Y,5150
3214,$abc$20785$auto$blifparse.cc:397:parse_blif$24000,$_NAND_,Y,5151
3215,$abc$20785$auto$blifparse.cc:397:parse_blif$24001,$_XOR_,Y,5152
3216,$abc$20785$auto$blifparse.cc:397:parse_blif$24002,$_XNOR_,Y,5153
3217,$abc$20785$auto$blifparse.cc:397:parse_blif$24003,$_ORNOT_,Y,5154
3218,$abc$20785$auto$blifparse.cc:397:parse_blif$24004,$_XNOR_,Y,5155
3219,$abc$20785$auto$blifparse.cc:397:parse_blif$24005,$_AND_,Y,5156
3220,$abc$20785$auto$blifparse.cc:397:parse_blif$24006,$_XNOR_,Y,5157
3221,$abc$20785$auto$blifparse.cc:397:parse_blif$24007,$_XNOR_,Y,5158
3222,$abc$20785$auto$blifparse.cc:397:parse_blif$24008,$_XNOR_,Y,5159
3223,$abc$20785$auto$blifparse.cc:397:parse_blif$24009,$_NAND_,Y,5160
3224,$abc$20785$auto$blifparse.cc:397:parse_blif$24010,$_OR_,Y,5161
3225,$abc$20785$auto$blifparse.cc:397:parse_blif$24011,$_XOR_,Y,5162
3226,$abc$20785$auto$blifparse.cc:397:parse_blif$24012,$_XOR_,Y,5163
3227,$abc$20785$auto$blifparse.cc:397:parse_blif$24013,$_XNOR_,Y,5164
3228,$abc$20785$auto$blifparse.cc:397:parse_blif$24014,$_ORNOT_,Y,5165
3229,$abc$20785$auto$blifparse.cc:397:parse_blif$24015,$_XNOR_,Y,5166
3230,$abc$20785$auto$blifparse.cc:397:parse_blif$24016,$_AND_,Y,5167
3231,$abc$20785$auto$blifparse.cc:397:parse_blif$24017,$_XNOR_,Y,5168
3232,$abc$20785$auto$blifparse.cc:397:parse_blif$24018,$_XOR_,Y,5169
3233,$abc$20785$auto$blifparse.cc:397:parse_blif$24019,$_XNOR_,Y,5170
3234,$abc$20785$auto$blifparse.cc:397:parse_blif$24020,$_OR_,Y,5171
3235,$abc$20785$auto$blifparse.cc:397:parse_blif$24021,$_NAND_,Y,5172
3236,$abc$20785$auto$blifparse.cc:397:parse_blif$24022,$_XOR_,Y,5173
3237,$abc$20785$auto$blifparse.cc:397:parse_blif$24023,$_XOR_,Y,5174
3238,$abc$20785$auto$blifparse.cc:397:parse_blif$24024,$_XNOR_,Y,5175
3239,$abc$20785$auto$blifparse.cc:397:parse_blif$24025,$_ORNOT_,Y,5176
3240,$abc$20785$auto$blifparse.cc:397:parse_blif$24026,$_XNOR_,Y,5177
3241,$abc$20785$auto$blifparse.cc:397:parse_blif$24027,$_AND_,Y,5178
3242,$abc$20785$auto$blifparse.cc:397:parse_blif$24028,$_XNOR_,Y,5179
3243,$abc$20785$auto$blifparse.cc:397:parse_blif$24029,$_NAND_,Y,5180
3244,$abc$20785$auto$blifparse.cc:397:parse_blif$24030,$_NAND_,Y,5181
3245,$abc$20785$auto$blifparse.cc:397:parse_blif$24031,$_NAND_,Y,5182
3246,$abc$20785$auto$blifparse.cc:397:parse_blif$24032,$_NAND_,Y,5183
3247,$abc$20785$auto$blifparse.cc:397:parse_blif$24033,$_NAND_,Y,5184
3248,$abc$20785$auto$blifparse.cc:397:parse_blif$24034,$_NAND_,Y,5185
3249,$abc$20785$auto$blifparse.cc:397:parse_blif$24035,$_XNOR_,Y,5186
3250,$abc$20785$auto$blifparse.cc:397:parse_blif$24036,$_ANDNOT_,Y,5187
3251,$abc$20785$auto$blifparse.cc:397:parse_blif$24037,$_XNOR_,Y,5188
3252,$abc$20785$auto$blifparse.cc:397:parse_blif$24038,$_NAND_,Y,5189
3253,$abc$20785$auto$blifparse.cc:397:parse_blif$24039,$_NAND_,Y,5190
3254,$abc$20785$auto$blifparse.cc:397:parse_blif$24040,$_NAND_,Y,5191
3255,$abc$20785$auto$blifparse.cc:397:parse_blif$24041,$_NAND_,Y,5192
3256,$abc$20785$auto$blifparse.cc:397:parse_blif$24042,$_NAND_,Y,5193
3257,$abc$20785$auto$blifparse.cc:397:parse_blif$24043,$_AND_,Y,5194
3258,$abc$20785$auto$blifparse.cc:397:parse_blif$24044,$_XNOR_,Y,5195
3259,$abc$20785$auto$blifparse.cc:397:parse_blif$24045,$_OR_,Y,5196
3260,$abc$20785$auto$blifparse.cc:397:parse_blif$24046,$_NAND_,Y,5197
3261,$abc$20785$auto$blifparse.cc:397:parse_blif$24047,$_NAND_,Y,5198
3262,$abc$20785$auto$blifparse.cc:397:parse_blif$24048,$_NAND_,Y,5199
3263,$abc$20785$auto$blifparse.cc:397:parse_blif$24049,$_NAND_,Y,5200
3264,$abc$20785$auto$blifparse.cc:397:parse_blif$24050,$_NAND_,Y,5201
3265,$abc$20785$auto$blifparse.cc:397:parse_blif$24051,$_NAND_,Y,5202
3266,$abc$20785$auto$blifparse.cc:397:parse_blif$24052,$_NAND_,Y,5203
3267,$abc$20785$auto$blifparse.cc:397:parse_blif$24053,$_XNOR_,Y,5204
3268,$abc$20785$auto$blifparse.cc:397:parse_blif$24054,$_ANDNOT_,Y,5205
3269,$abc$20785$auto$blifparse.cc:397:parse_blif$24055,$_XNOR_,Y,5206
3270,$abc$20785$auto$blifparse.cc:397:parse_blif$24056,$_NAND_,Y,5207
3271,$abc$20785$auto$blifparse.cc:397:parse_blif$24057,$_NAND_,Y,5208
3272,$abc$20785$auto$blifparse.cc:397:parse_blif$24058,$_AND_,Y,5209
3273,$abc$20785$auto$blifparse.cc:397:parse_blif$24059,$_NAND_,Y,5210
3274,$abc$20785$auto$blifparse.cc:397:parse_blif$24060,$_NAND_,Y,5211
3275,$abc$20785$auto$blifparse.cc:397:parse_blif$24061,$_NAND_,Y,5212
3276,$abc$20785$auto$blifparse.cc:397:parse_blif$24062,$_XNOR_,Y,5213
3277,$abc$20785$auto$blifparse.cc:397:parse_blif$24063,$_NAND_,Y,5214
3278,$abc$20785$auto$blifparse.cc:397:parse_blif$24064,$_OR_,Y,5215
3279,$abc$20785$auto$blifparse.cc:397:parse_blif$24065,$_NAND_,Y,5216
3280,$abc$20785$auto$blifparse.cc:397:parse_blif$24066,$_NAND_,Y,5217
3281,$abc$20785$auto$blifparse.cc:397:parse_blif$24067,$_NAND_,Y,5218
3282,$abc$20785$auto$blifparse.cc:397:parse_blif$24068,$_NAND_,Y,5219
3283,$abc$20785$auto$blifparse.cc:397:parse_blif$24069,$_NAND_,Y,5220
3284,$abc$20785$auto$blifparse.cc:397:parse_blif$24070,$_NAND_,Y,5221
3285,$abc$20785$auto$blifparse.cc:397:parse_blif$24071,$_XOR_,Y,5222
3286,$abc$20785$auto$blifparse.cc:397:parse_blif$24072,$_XNOR_,Y,5223
3287,$abc$20785$auto$blifparse.cc:397:parse_blif$24073,$_ANDNOT_,Y,5224
3288,$abc$20785$auto$blifparse.cc:397:parse_blif$24074,$_XNOR_,Y,5225
3289,$abc$20785$auto$blifparse.cc:397:parse_blif$24075,$_NAND_,Y,5226
3290,$abc$20785$auto$blifparse.cc:397:parse_blif$24076,$_NAND_,Y,5227
3291,$abc$20785$auto$blifparse.cc:397:parse_blif$24077,$_NAND_,Y,5228
3292,$abc$20785$auto$blifparse.cc:397:parse_blif$24078,$_NAND_,Y,5229
3293,$abc$20785$auto$blifparse.cc:397:parse_blif$24079,$_NAND_,Y,5230
3294,$abc$20785$auto$blifparse.cc:397:parse_blif$24080,$_AND_,Y,5231
3295,$abc$20785$auto$blifparse.cc:397:parse_blif$24081,$_AND_,Y,5232
3296,$abc$20785$auto$blifparse.cc:397:parse_blif$24082,$_XNOR_,Y,5233
3297,$abc$20785$auto$blifparse.cc:397:parse_blif$24083,$_XNOR_,Y,5234
3298,$abc$20785$auto$blifparse.cc:397:parse_blif$24084,$_OR_,Y,5235
3299,$abc$20785$auto$blifparse.cc:397:parse_blif$24085,$_NAND_,Y,5236
3300,$abc$20785$auto$blifparse.cc:397:parse_blif$24086,$_NAND_,Y,5237
3301,$abc$20785$auto$blifparse.cc:397:parse_blif$24087,$_NAND_,Y,5238
3302,$abc$20785$auto$blifparse.cc:397:parse_blif$24088,$_NAND_,Y,5239
3303,$abc$20785$auto$blifparse.cc:397:parse_blif$24089,$_NAND_,Y,5240
3304,$abc$20785$auto$blifparse.cc:397:parse_blif$24090,$_NAND_,Y,5241
3305,$abc$20785$auto$blifparse.cc:397:parse_blif$24091,$_NAND_,Y,5242
3306,$abc$20785$auto$blifparse.cc:397:parse_blif$24092,$_XOR_,Y,5243
3307,$abc$20785$auto$blifparse.cc:397:parse_blif$24093,$_XNOR_,Y,5244
3308,$abc$20785$auto$blifparse.cc:397:parse_blif$24094,$_ANDNOT_,Y,5245
3309,$abc$20785$auto$blifparse.cc:397:parse_blif$24095,$_XNOR_,Y,5246
3310,$abc$20785$auto$blifparse.cc:397:parse_blif$24096,$_NAND_,Y,5247
3311,$abc$20785$auto$blifparse.cc:397:parse_blif$24097,$_NAND_,Y,5248
3312,$abc$20785$auto$blifparse.cc:397:parse_blif$24098,$_NAND_,Y,5249
3313,$abc$20785$auto$blifparse.cc:397:parse_blif$24099,$_NAND_,Y,5250
3314,$abc$20785$auto$blifparse.cc:397:parse_blif$24100,$_NAND_,Y,5251
3315,$abc$20785$auto$blifparse.cc:397:parse_blif$24101,$_NAND_,Y,5252
3316,$abc$20785$auto$blifparse.cc:397:parse_blif$24102,$_AND_,Y,5253
3317,$abc$20785$auto$blifparse.cc:397:parse_blif$24103,$_XNOR_,Y,5254
3318,$abc$20785$auto$blifparse.cc:397:parse_blif$24104,$_XNOR_,Y,5255
3319,$abc$20785$auto$blifparse.cc:397:parse_blif$24105,$_NAND_,Y,5256
3320,$abc$20785$auto$blifparse.cc:397:parse_blif$24106,$_OR_,Y,5257
3321,$abc$20785$auto$blifparse.cc:397:parse_blif$24107,$_NAND_,Y,5258
3322,$abc$20785$auto$blifparse.cc:397:parse_blif$24108,$_NAND_,Y,5259
3323,$abc$20785$auto$blifparse.cc:397:parse_blif$24109,$_NAND_,Y,5260
3324,$abc$20785$auto$blifparse.cc:397:parse_blif$24110,$_NAND_,Y,5261
3325,$abc$20785$auto$blifparse.cc:397:parse_blif$24111,$_NAND_,Y,5262
3326,$abc$20785$auto$blifparse.cc:397:parse_blif$24112,$_NAND_,Y,5263
3327,$abc$20785$auto$blifparse.cc:397:parse_blif$24113,$_XNOR_,Y,5264
3328,$abc$20785$auto$blifparse.cc:397:parse_blif$24114,$_XNOR_,Y,5265
3329,$abc$20785$auto$blifparse.cc:397:parse_blif$24115,$_ANDNOT_,Y,5266
3330,$abc$20785$auto$blifparse.cc:397:parse_blif$24116,$_XNOR_,Y,5267
3331,$abc$20785$auto$blifparse.cc:397:parse_blif$24117,$_NAND_,Y,5268
3332,$abc$20785$auto$blifparse.cc:397:parse_blif$24118,$_NAND_,Y,5269
3333,$abc$20785$auto$blifparse.cc:397:parse_blif$24119,$_NAND_,Y,5270
3334,$abc$20785$auto$blifparse.cc:397:parse_blif$24120,$_NAND_,Y,5271
3335,$abc$20785$auto$blifparse.cc:397:parse_blif$24121,$_NAND_,Y,5272
3336,$abc$20785$auto$blifparse.cc:397:parse_blif$24122,$_AND_,Y,5273
3337,$abc$20785$auto$blifparse.cc:397:parse_blif$24123,$_XNOR_,Y,5274
3338,$abc$20785$auto$blifparse.cc:397:parse_blif$24124,$_XNOR_,Y,5275
3339,$abc$20785$auto$blifparse.cc:397:parse_blif$24125,$_OR_,Y,5276
3340,$abc$20785$auto$blifparse.cc:397:parse_blif$24126,$_NAND_,Y,5277
3341,$abc$20785$auto$blifparse.cc:397:parse_blif$24127,$_NAND_,Y,5278
3342,$abc$20785$auto$blifparse.cc:397:parse_blif$24128,$_NAND_,Y,5279
3343,$abc$20785$auto$blifparse.cc:397:parse_blif$24129,$_NAND_,Y,5280
3344,$abc$20785$auto$blifparse.cc:397:parse_blif$24130,$_NAND_,Y,5281
3345,$abc$20785$auto$blifparse.cc:397:parse_blif$24131,$_NAND_,Y,5282
3346,$abc$20785$auto$blifparse.cc:397:parse_blif$24132,$_NAND_,Y,5283
3347,$abc$20785$auto$blifparse.cc:397:parse_blif$24133,$_XOR_,Y,5284
3348,$abc$20785$auto$blifparse.cc:397:parse_blif$24134,$_XNOR_,Y,5285
3349,$abc$20785$auto$blifparse.cc:397:parse_blif$24135,$_ANDNOT_,Y,5286
3350,$abc$20785$auto$blifparse.cc:397:parse_blif$24136,$_XNOR_,Y,5287
3351,$abc$20785$auto$blifparse.cc:397:parse_blif$24137,$_NAND_,Y,5288
3352,$abc$20785$auto$blifparse.cc:397:parse_blif$24138,$_NAND_,Y,5289
3353,$abc$20785$auto$blifparse.cc:397:parse_blif$24139,$_NAND_,Y,5290
3354,$abc$20785$auto$blifparse.cc:397:parse_blif$24140,$_NAND_,Y,5291
3355,$abc$20785$auto$blifparse.cc:397:parse_blif$24141,$_NAND_,Y,5292
3356,$abc$20785$auto$blifparse.cc:397:parse_blif$24142,$_AND_,Y,5293
3357,$abc$20785$auto$blifparse.cc:397:parse_blif$24143,$_XOR_,Y,5294
3358,$abc$20785$auto$blifparse.cc:397:parse_blif$24144,$_XNOR_,Y,5295
3359,$abc$20785$auto$blifparse.cc:397:parse_blif$24145,$_OR_,Y,5296
3360,$abc$20785$auto$blifparse.cc:397:parse_blif$24146,$_NAND_,Y,5297
3361,$abc$20785$auto$blifparse.cc:397:parse_blif$24147,$_NOR_,Y,5298
3362,$abc$20785$auto$blifparse.cc:397:parse_blif$24148,$_NAND_,Y,5299
3363,$abc$20785$auto$blifparse.cc:397:parse_blif$24149,$_AND_,Y,5300
3364,$abc$20785$auto$blifparse.cc:397:parse_blif$24150,$_AND_,Y,5301
3365,$abc$20785$auto$blifparse.cc:397:parse_blif$24151,$_NOR_,Y,5302
3366,$abc$20785$auto$blifparse.cc:397:parse_blif$24152,$_NAND_,Y,5303
3367,$abc$20785$auto$blifparse.cc:397:parse_blif$24153,$_AND_,Y,5304
3368,$abc$20785$auto$blifparse.cc:397:parse_blif$24154,$_AND_,Y,5305
3369,$abc$20785$auto$blifparse.cc:397:parse_blif$24155,$_OR_,Y,5306
3370,$abc$20785$auto$blifparse.cc:397:parse_blif$24156,$_NAND_,Y,5307
3371,$abc$20785$auto$blifparse.cc:397:parse_blif$24157,$_AND_,Y,5308
3372,$abc$20785$auto$blifparse.cc:397:parse_blif$24158,$_ANDNOT_,Y,5309
3373,$abc$20785$auto$blifparse.cc:397:parse_blif$24159,$_NOR_,Y,5310
3374,$abc$20785$auto$blifparse.cc:397:parse_blif$24160,$_NAND_,Y,5311
3375,$abc$20785$auto$blifparse.cc:397:parse_blif$24161,$_AND_,Y,5312
3376,$abc$20785$auto$blifparse.cc:397:parse_blif$24162,$_AND_,Y,5313
3377,$abc$20785$auto$blifparse.cc:397:parse_blif$24163,$_NOR_,Y,5314
3378,$abc$20785$auto$blifparse.cc:397:parse_blif$24164,$_NAND_,Y,5315
3379,$abc$20785$auto$blifparse.cc:397:parse_blif$24165,$_AND_,Y,5316
3380,$abc$20785$auto$blifparse.cc:397:parse_blif$24166,$_AND_,Y,5317
3381,$abc$20785$auto$blifparse.cc:397:parse_blif$24167,$_NOR_,Y,5318
3382,$abc$20785$auto$blifparse.cc:397:parse_blif$24168,$_NAND_,Y,5319
3383,$abc$20785$auto$blifparse.cc:397:parse_blif$24169,$_AND_,Y,5320
3384,$abc$20785$auto$blifparse.cc:397:parse_blif$24170,$_AND_,Y,5321
3385,$abc$20785$auto$blifparse.cc:397:parse_blif$24171,$_NOR_,Y,5322
3386,$abc$20785$auto$blifparse.cc:397:parse_blif$24172,$_NAND_,Y,5323
3387,$abc$20785$auto$blifparse.cc:397:parse_blif$24173,$_NAND_,Y,5324
3388,$abc$20785$auto$blifparse.cc:397:parse_blif$24174,$_AND_,Y,5325
3389,$abc$20785$auto$blifparse.cc:397:parse_blif$24175,$_NAND_,Y,5326
3390,$abc$20785$auto$blifparse.cc:397:parse_blif$24176,$_NAND_,Y,5327
3391,$abc$20785$auto$blifparse.cc:397:parse_blif$24177,$_AND_,Y,5328
3392,$abc$20785$auto$blifparse.cc:397:parse_blif$24178,$_XNOR_,Y,5329
3393,$abc$20785$auto$blifparse.cc:397:parse_blif$24179,$_XNOR_,Y,5330
3394,$abc$20785$auto$blifparse.cc:397:parse_blif$24180,$_XNOR_,Y,5331
3395,$abc$20785$auto$blifparse.cc:397:parse_blif$24181,$_XOR_,Y,5332
3396,$abc$20785$auto$blifparse.cc:397:parse_blif$24182,$_OR_,Y,5333
3397,$abc$20785$auto$blifparse.cc:397:parse_blif$24183,$_NAND_,Y,5334
3398,$abc$20785$auto$blifparse.cc:397:parse_blif$24184,$_XOR_,Y,5335
3399,$abc$20785$auto$blifparse.cc:397:parse_blif$24185,$_XOR_,Y,5336
3400,$abc$20785$auto$blifparse.cc:397:parse_blif$24186,$_ORNOT_,Y,5337
3401,$abc$20785$auto$blifparse.cc:397:parse_blif$24187,$_XNOR_,Y,5338
3402,$abc$20785$auto$blifparse.cc:397:parse_blif$24188,$_AND_,Y,5339
3403,$abc$20785$auto$blifparse.cc:397:parse_blif$24189,$_XNOR_,Y,5340
3404,$abc$20785$auto$blifparse.cc:397:parse_blif$24190,$_XNOR_,Y,5341
3405,$abc$20785$auto$blifparse.cc:397:parse_blif$24191,$_OR_,Y,5342
3406,$abc$20785$auto$blifparse.cc:397:parse_blif$24192,$_NAND_,Y,5343
3407,$abc$20785$auto$blifparse.cc:397:parse_blif$24193,$_XOR_,Y,5344
3408,$abc$20785$auto$blifparse.cc:397:parse_blif$24194,$_XNOR_,Y,5345
3409,$abc$20785$auto$blifparse.cc:397:parse_blif$24195,$_NAND_,Y,5346
3410,$abc$20785$auto$blifparse.cc:397:parse_blif$24196,$_AND_,Y,5347
3411,$abc$20785$auto$blifparse.cc:397:parse_blif$24197,$_XNOR_,Y,5348
3412,$abc$20785$auto$blifparse.cc:397:parse_blif$24198,$_XNOR_,Y,5349
3413,$abc$20785$auto$blifparse.cc:397:parse_blif$24199,$_ORNOT_,Y,5350
3414,$abc$20785$auto$blifparse.cc:397:parse_blif$24200,$_XNOR_,Y,5351
3415,$abc$20785$auto$blifparse.cc:397:parse_blif$24201,$_XOR_,Y,5352
3416,$abc$20785$auto$blifparse.cc:397:parse_blif$24202,$_XOR_,Y,5353
3417,$abc$20785$auto$blifparse.cc:397:parse_blif$24203,$_ORNOT_,Y,5354
3418,$abc$20785$auto$blifparse.cc:397:parse_blif$24204,$_XNOR_,Y,5355
3419,$abc$20785$auto$blifparse.cc:397:parse_blif$24205,$_AND_,Y,5356
3420,$abc$20785$auto$blifparse.cc:397:parse_blif$24206,$_XNOR_,Y,5357
3421,$abc$20785$auto$blifparse.cc:397:parse_blif$24207,$_XOR_,Y,5358
3422,$abc$20785$auto$blifparse.cc:397:parse_blif$24208,$_ORNOT_,Y,5359
3423,$abc$20785$auto$blifparse.cc:397:parse_blif$24209,$_XNOR_,Y,5360
3424,$abc$20785$auto$blifparse.cc:397:parse_blif$24210,$_XNOR_,Y,5361
3425,$abc$20785$auto$blifparse.cc:397:parse_blif$24211,$_XNOR_,Y,5362
3426,$abc$20785$auto$blifparse.cc:397:parse_blif$24212,$_NAND_,Y,5363
3427,$abc$20785$auto$blifparse.cc:397:parse_blif$24213,$_AND_,Y,5364
3428,$abc$20785$auto$blifparse.cc:397:parse_blif$24214,$_XNOR_,Y,5365
3429,$abc$20785$auto$blifparse.cc:397:parse_blif$24215,$_XNOR_,Y,5366
3430,$abc$20785$auto$blifparse.cc:397:parse_blif$24216,$_NAND_,Y,5367
3431,$abc$20785$auto$blifparse.cc:397:parse_blif$24217,$_XOR_,Y,5368
3432,$abc$20785$auto$blifparse.cc:397:parse_blif$24218,$_XOR_,Y,5369
3433,$abc$20785$auto$blifparse.cc:397:parse_blif$24219,$_XNOR_,Y,5370
3434,$abc$20785$auto$blifparse.cc:397:parse_blif$24220,$_NAND_,Y,5371
3435,$abc$20785$auto$blifparse.cc:397:parse_blif$24221,$_AND_,Y,5372
3436,$abc$20785$auto$blifparse.cc:397:parse_blif$24222,$_XNOR_,Y,5373
3437,$abc$20785$auto$blifparse.cc:397:parse_blif$24223,$_XNOR_,Y,5374
3438,$abc$20785$auto$blifparse.cc:397:parse_blif$24224,$_NAND_,Y,5375
3439,$abc$20785$auto$blifparse.cc:397:parse_blif$24225,$_XOR_,Y,5376
3440,$abc$20785$auto$blifparse.cc:397:parse_blif$24226,$_XNOR_,Y,5377
3441,$abc$20785$auto$blifparse.cc:397:parse_blif$24227,$_AND_,Y,5378
3442,$abc$20785$auto$blifparse.cc:397:parse_blif$24228,$_XOR_,Y,5379
3443,$abc$20785$auto$blifparse.cc:397:parse_blif$24229,$_NAND_,Y,5380
3444,$abc$20785$auto$blifparse.cc:397:parse_blif$24230,$_NAND_,Y,5381
3445,$abc$20785$auto$blifparse.cc:397:parse_blif$24231,$_XOR_,Y,5382
3446,$abc$20785$auto$blifparse.cc:397:parse_blif$24232,$_NAND_,Y,5383
3447,$abc$20785$auto$blifparse.cc:397:parse_blif$24233,$_NAND_,Y,5384
3448,$abc$20785$auto$blifparse.cc:397:parse_blif$24234,$_NAND_,Y,5385
3449,$abc$20785$auto$blifparse.cc:397:parse_blif$24235,$_NAND_,Y,5386
3450,$abc$20785$auto$blifparse.cc:397:parse_blif$24236,$_XOR_,Y,5387
3451,$abc$20785$auto$blifparse.cc:397:parse_blif$24237,$_NAND_,Y,5388
3452,$abc$20785$auto$blifparse.cc:397:parse_blif$24238,$_AND_,Y,5389
3453,$abc$20785$auto$blifparse.cc:397:parse_blif$24239,$_ORNOT_,Y,5390
3454,$abc$20785$auto$blifparse.cc:397:parse_blif$24240,$_AND_,Y,5391
3455,$abc$20785$auto$blifparse.cc:397:parse_blif$24241,$_ORNOT_,Y,5392
3456,$abc$20785$auto$blifparse.cc:397:parse_blif$24242,$_NAND_,Y,5393
3457,$abc$20785$auto$blifparse.cc:397:parse_blif$24243,$_NAND_,Y,5394
3458,$abc$20785$auto$blifparse.cc:397:parse_blif$24244,$_NAND_,Y,5395
3459,$abc$20785$auto$blifparse.cc:397:parse_blif$24245,$_XOR_,Y,5396
3460,$abc$20785$auto$blifparse.cc:397:parse_blif$24246,$_NAND_,Y,5397
3461,$abc$20785$auto$blifparse.cc:397:parse_blif$24247,$_AND_,Y,5398
3462,$abc$20785$auto$blifparse.cc:397:parse_blif$24248,$_NAND_,Y,5399
3463,$abc$20785$auto$blifparse.cc:397:parse_blif$24249,$_AND_,Y,5400
3464,$abc$20785$auto$blifparse.cc:397:parse_blif$24250,$_NAND_,Y,5401
3465,$abc$20785$auto$blifparse.cc:397:parse_blif$24251,$_AND_,Y,5402
3466,$abc$20785$auto$blifparse.cc:397:parse_blif$24252,$_NAND_,Y,5403
3467,$abc$20785$auto$blifparse.cc:397:parse_blif$24253,$_AND_,Y,5404
3468,$abc$20785$auto$blifparse.cc:397:parse_blif$24254,$_NAND_,Y,5405
3469,$abc$20785$auto$blifparse.cc:397:parse_blif$24255,$_AND_,Y,5406
3470,$abc$20785$auto$blifparse.cc:397:parse_blif$24256,$_NAND_,Y,5407
3471,$abc$20785$auto$blifparse.cc:397:parse_blif$24257,$_AND_,Y,5408
3472,$abc$20785$auto$blifparse.cc:397:parse_blif$24258,$_NAND_,Y,5409
3473,$abc$20785$auto$blifparse.cc:397:parse_blif$24259,$_AND_,Y,5410
3474,$abc$20785$auto$blifparse.cc:397:parse_blif$24260,$_NAND_,Y,5411
3475,$abc$20785$auto$blifparse.cc:397:parse_blif$24261,$_AND_,Y,5412
3476,$abc$20785$auto$blifparse.cc:397:parse_blif$24262,$_NAND_,Y,5413
3477,$abc$20785$auto$blifparse.cc:397:parse_blif$24263,$_AND_,Y,5414
3478,$abc$20785$auto$blifparse.cc:397:parse_blif$24264,$_NAND_,Y,5415
3479,$abc$20785$auto$blifparse.cc:397:parse_blif$24265,$_AND_,Y,5416
3480,$abc$20785$auto$blifparse.cc:397:parse_blif$24266,$_NAND_,Y,5417
3481,$abc$20785$auto$blifparse.cc:397:parse_blif$24267,$_AND_,Y,5418
3482,$abc$20785$auto$blifparse.cc:397:parse_blif$24268,$_NAND_,Y,5419
3483,$abc$20785$auto$blifparse.cc:397:parse_blif$24269,$_AND_,Y,5420
3484,$abc$20785$auto$blifparse.cc:397:parse_blif$24270,$_NAND_,Y,5421
3485,$abc$20785$auto$blifparse.cc:397:parse_blif$24271,$_AND_,Y,5422
3486,$abc$20785$auto$blifparse.cc:397:parse_blif$24272,$_NAND_,Y,5423
3487,$abc$20785$auto$blifparse.cc:397:parse_blif$24273,$_AND_,Y,5424
3488,$abc$20785$auto$blifparse.cc:397:parse_blif$24274,$_NAND_,Y,5425
3489,$abc$20785$auto$blifparse.cc:397:parse_blif$24275,$_AND_,Y,5426
3490,$abc$20785$auto$blifparse.cc:397:parse_blif$24276,$_NAND_,Y,5427
3491,$abc$20785$auto$blifparse.cc:397:parse_blif$24277,$_AND_,Y,5428
3492,$abc$20785$auto$blifparse.cc:397:parse_blif$24278,$_NAND_,Y,5429
3493,$abc$20785$auto$blifparse.cc:397:parse_blif$24279,$_AND_,Y,5430
3494,$abc$20785$auto$blifparse.cc:397:parse_blif$24280,$_NAND_,Y,5431
3495,$abc$20785$auto$blifparse.cc:397:parse_blif$24281,$_AND_,Y,5432
3496,$abc$20785$auto$blifparse.cc:397:parse_blif$24282,$_NAND_,Y,5433
3497,$abc$20785$auto$blifparse.cc:397:parse_blif$24283,$_NAND_,Y,5434
3498,$abc$20785$auto$blifparse.cc:397:parse_blif$24284,$_NAND_,Y,5435
3499,$abc$20785$auto$blifparse.cc:397:parse_blif$24285,$_NAND_,Y,5436
3500,$abc$20785$auto$blifparse.cc:397:parse_blif$24286,$_NAND_,Y,5437
3501,$abc$20785$auto$blifparse.cc:397:parse_blif$24287,$_NAND_,Y,5438
3502,$abc$20785$auto$blifparse.cc:397:parse_blif$24288,$_NAND_,Y,5439
3503,$abc$20785$auto$blifparse.cc:397:parse_blif$24289,$_AND_,Y,5440
3504,$abc$20785$auto$blifparse.cc:397:parse_blif$24290,$_ORNOT_,Y,5441
3505,$abc$20785$auto$blifparse.cc:397:parse_blif$24291,$_XNOR_,Y,5442
3506,$abc$20785$auto$blifparse.cc:397:parse_blif$24292,$_OR_,Y,5443
3507,$abc$20785$auto$blifparse.cc:397:parse_blif$24293,$_AND_,Y,5444
3508,$abc$20785$auto$blifparse.cc:397:parse_blif$24294,$_XNOR_,Y,5445
3509,$abc$20785$auto$blifparse.cc:397:parse_blif$24295,$_ORNOT_,Y,5446
3510,$abc$20785$auto$blifparse.cc:397:parse_blif$24296,$_XOR_,Y,5447
3511,$abc$20785$auto$blifparse.cc:397:parse_blif$24297,$_AND_,Y,5448
3512,$abc$20785$auto$blifparse.cc:397:parse_blif$24298,$_XNOR_,Y,5449
3513,$abc$20785$auto$blifparse.cc:397:parse_blif$24299,$_ORNOT_,Y,5450
3514,$abc$20785$auto$blifparse.cc:397:parse_blif$24300,$_XOR_,Y,5451
3515,$abc$20785$auto$blifparse.cc:397:parse_blif$24301,$_AND_,Y,5452
3516,$abc$20785$auto$blifparse.cc:397:parse_blif$24302,$_XNOR_,Y,5453
3517,$abc$20785$auto$blifparse.cc:397:parse_blif$24303,$_OR_,Y,5454
3518,$abc$20785$auto$blifparse.cc:397:parse_blif$24304,$_XOR_,Y,5455
3519,$abc$20785$auto$blifparse.cc:397:parse_blif$24305,$_OR_,Y,5456
3520,$abc$20785$auto$blifparse.cc:397:parse_blif$24306,$_AND_,Y,5457
3521,$abc$20785$auto$blifparse.cc:397:parse_blif$24307,$_XNOR_,Y,5458
3522,$abc$20785$auto$blifparse.cc:397:parse_blif$24308,$_XOR_,Y,5459
3523,$abc$20785$auto$blifparse.cc:397:parse_blif$24309,$_AND_,Y,5460
3524,$abc$20785$auto$blifparse.cc:397:parse_blif$24310,$_XNOR_,Y,5461
3525,$abc$20785$auto$blifparse.cc:397:parse_blif$24311,$_OR_,Y,5462
3526,$abc$20785$auto$blifparse.cc:397:parse_blif$24312,$_XOR_,Y,5463
3527,$abc$20785$auto$blifparse.cc:397:parse_blif$24313,$_AND_,Y,5464
3528,$abc$20785$auto$blifparse.cc:397:parse_blif$24314,$_XNOR_,Y,5465
3529,$abc$20785$auto$blifparse.cc:397:parse_blif$24315,$_XOR_,Y,5466
3530,$abc$20785$auto$blifparse.cc:397:parse_blif$24316,$_NAND_,Y,5467
3531,$abc$20785$auto$blifparse.cc:397:parse_blif$24317,$_XNOR_,Y,5468
3532,$abc$20785$auto$blifparse.cc:397:parse_blif$24318,$_NOT_,Y,5469
3533,$abc$20785$auto$blifparse.cc:397:parse_blif$24319,$_XOR_,Y,5470
3534,$abc$20785$auto$blifparse.cc:397:parse_blif$24320,$_AND_,Y,5471
3535,$abc$20785$auto$blifparse.cc:397:parse_blif$24321,$_XNOR_,Y,5472
3536,$abc$20785$auto$blifparse.cc:397:parse_blif$24322,$_XOR_,Y,5473
3537,$abc$20785$auto$blifparse.cc:397:parse_blif$24323,$_OR_,Y,5474
3538,$abc$20785$auto$blifparse.cc:397:parse_blif$24324,$_AND_,Y,5475
3539,$abc$20785$auto$blifparse.cc:397:parse_blif$24325,$_XNOR_,Y,5476
3540,$abc$20785$auto$blifparse.cc:397:parse_blif$24326,$_OR_,Y,5477
3541,$abc$20785$auto$blifparse.cc:397:parse_blif$24327,$_XOR_,Y,5478
3542,$abc$20785$auto$blifparse.cc:397:parse_blif$24328,$_AND_,Y,5479
3543,$abc$20785$auto$blifparse.cc:397:parse_blif$24329,$_XOR_,Y,5480
3544,$abc$20785$auto$blifparse.cc:397:parse_blif$24330,$_NOT_,Y,5481
3545,$abc$20785$auto$blifparse.cc:397:parse_blif$24331,$_XOR_,Y,5482
3546,$abc$20785$auto$blifparse.cc:397:parse_blif$24332,$_OR_,Y,5483
3547,$abc$20785$auto$blifparse.cc:397:parse_blif$24333,$_AND_,Y,5484
3548,$abc$20785$auto$blifparse.cc:397:parse_blif$24334,$_XOR_,Y,5485
3549,$abc$20785$auto$blifparse.cc:397:parse_blif$24335,$_NOT_,Y,5486
3550,$abc$20785$auto$blifparse.cc:397:parse_blif$24336,$_XOR_,Y,5487
3551,$abc$20785$auto$blifparse.cc:397:parse_blif$24337,$_OR_,Y,5488
3552,$abc$20785$auto$blifparse.cc:397:parse_blif$24338,$_XOR_,Y,5489
3553,$abc$20785$auto$blifparse.cc:397:parse_blif$24339,$_XNOR_,Y,5490
3554,$abc$20785$auto$blifparse.cc:397:parse_blif$24340,$_OR_,Y,5491
3555,$abc$20785$auto$blifparse.cc:397:parse_blif$24341,$_XNOR_,Y,5492
3556,$abc$20785$auto$blifparse.cc:397:parse_blif$24342,$_OR_,Y,5493
3557,$abc$20785$auto$blifparse.cc:397:parse_blif$24343,$_XOR_,Y,5494
3558,$abc$20785$auto$blifparse.cc:397:parse_blif$24344,$_OR_,Y,5495
3559,$abc$20785$auto$blifparse.cc:397:parse_blif$24345,$_XOR_,Y,5496
3560,$abc$20785$auto$blifparse.cc:397:parse_blif$24346,$_XOR_,Y,5497
3561,$abc$20785$auto$blifparse.cc:397:parse_blif$24347,$_OR_,Y,5498
3562,$abc$20785$auto$blifparse.cc:397:parse_blif$24348,$_XOR_,Y,5499
3563,$abc$20785$auto$blifparse.cc:397:parse_blif$24349,$_XOR_,Y,5500
3564,$abc$20785$auto$blifparse.cc:397:parse_blif$24350,$_NAND_,Y,5501
3565,$abc$20785$auto$blifparse.cc:397:parse_blif$24351,$_XOR_,Y,5502
3566,$abc$20785$auto$blifparse.cc:397:parse_blif$24352,$_ORNOT_,Y,5503
3567,$abc$20785$auto$blifparse.cc:397:parse_blif$24353,$_XNOR_,Y,5504
3568,$abc$20785$auto$blifparse.cc:397:parse_blif$24354,$_XNOR_,Y,5505
3569,$abc$20785$auto$blifparse.cc:397:parse_blif$24355,$_ORNOT_,Y,5506
3570,$abc$20785$auto$blifparse.cc:397:parse_blif$24356,$_ORNOT_,Y,5507
3571,$abc$20785$auto$blifparse.cc:397:parse_blif$24357,$_XOR_,Y,5508
3572,$abc$20785$auto$blifparse.cc:397:parse_blif$24358,$_ORNOT_,Y,5509
3573,$abc$20785$auto$blifparse.cc:397:parse_blif$24359,$_XNOR_,Y,5510
3574,$abc$20785$auto$blifparse.cc:397:parse_blif$24360,$_XNOR_,Y,5511
3575,$abc$20785$auto$blifparse.cc:397:parse_blif$24361,$_AND_,Y,5512
3576,$abc$20785$auto$blifparse.cc:397:parse_blif$24362,$_XNOR_,Y,5513
3577,$abc$20785$auto$blifparse.cc:397:parse_blif$24363,$_ORNOT_,Y,5514
3578,$abc$20785$auto$blifparse.cc:397:parse_blif$24364,$_ORNOT_,Y,5515
3579,$abc$20785$auto$blifparse.cc:397:parse_blif$24365,$_XOR_,Y,5516
3580,$abc$20785$auto$blifparse.cc:397:parse_blif$24366,$_ORNOT_,Y,5517
3581,$abc$20785$auto$blifparse.cc:397:parse_blif$24367,$_XNOR_,Y,5518
3582,$abc$20785$auto$blifparse.cc:397:parse_blif$24368,$_XNOR_,Y,5519
3583,$abc$20785$auto$blifparse.cc:397:parse_blif$24369,$_NOT_,Y,5520
3584,$abc$20785$auto$blifparse.cc:397:parse_blif$24370,$_ORNOT_,Y,5521
3585,$abc$20785$auto$blifparse.cc:397:parse_blif$24371,$_NAND_,Y,5522
3586,$abc$20785$auto$blifparse.cc:397:parse_blif$24372,$_XNOR_,Y,5523
3587,$abc$20785$auto$blifparse.cc:397:parse_blif$24373,$_ORNOT_,Y,5524
3588,$abc$20785$auto$blifparse.cc:397:parse_blif$24374,$_XNOR_,Y,5525
3589,$abc$20785$auto$blifparse.cc:397:parse_blif$24375,$_XOR_,Y,5526
3590,$abc$20785$auto$blifparse.cc:397:parse_blif$24376,$_NOT_,Y,5527
3591,$abc$20785$auto$blifparse.cc:397:parse_blif$24377,$_ORNOT_,Y,5528
3592,$abc$20785$auto$blifparse.cc:397:parse_blif$24378,$_NAND_,Y,5529
3593,$abc$20785$auto$blifparse.cc:397:parse_blif$24379,$_XOR_,Y,5530
3594,$abc$20785$auto$blifparse.cc:397:parse_blif$24380,$_ORNOT_,Y,5531
3595,$abc$20785$auto$blifparse.cc:397:parse_blif$24381,$_XNOR_,Y,5532
3596,$abc$20785$auto$blifparse.cc:397:parse_blif$24382,$_XOR_,Y,5533
3597,$abc$20785$auto$blifparse.cc:397:parse_blif$24383,$_NAND_,Y,5534
3598,$abc$20785$auto$blifparse.cc:397:parse_blif$24384,$_OR_,Y,5535
3599,$abc$20785$auto$blifparse.cc:397:parse_blif$24385,$_XNOR_,Y,5536
3600,$abc$20785$auto$blifparse.cc:397:parse_blif$24386,$_ORNOT_,Y,5537
3601,$abc$20785$auto$blifparse.cc:397:parse_blif$24387,$_XNOR_,Y,5538
3602,$abc$20785$auto$blifparse.cc:397:parse_blif$24388,$_XOR_,Y,5539
3603,$abc$20785$auto$blifparse.cc:397:parse_blif$24389,$_NOT_,Y,5540
3604,$abc$20785$auto$blifparse.cc:397:parse_blif$24390,$_ORNOT_,Y,5541
3605,$abc$20785$auto$blifparse.cc:397:parse_blif$24391,$_NAND_,Y,5542
3606,$abc$20785$auto$blifparse.cc:397:parse_blif$24392,$_XNOR_,Y,5543
3607,$abc$20785$auto$blifparse.cc:397:parse_blif$24393,$_ORNOT_,Y,5544
3608,$abc$20785$auto$blifparse.cc:397:parse_blif$24394,$_XNOR_,Y,5545
3609,$abc$20785$auto$blifparse.cc:397:parse_blif$24395,$_XNOR_,Y,5546
3610,$abc$20785$auto$blifparse.cc:397:parse_blif$24396,$_NAND_,Y,5547
3611,$abc$20785$auto$blifparse.cc:397:parse_blif$24397,$_OR_,Y,5548
3612,$abc$20785$auto$blifparse.cc:397:parse_blif$24398,$_XNOR_,Y,5549
3613,$abc$20785$auto$blifparse.cc:397:parse_blif$24399,$_ANDNOT_,Y,5550
3614,$abc$20785$auto$blifparse.cc:397:parse_blif$24400,$_AND_,Y,5551
3615,$abc$20785$auto$blifparse.cc:397:parse_blif$24401,$_XNOR_,Y,5552
3616,$abc$20785$auto$blifparse.cc:397:parse_blif$24402,$_XNOR_,Y,5553
3617,$abc$20785$auto$blifparse.cc:397:parse_blif$24403,$_XNOR_,Y,5554
3618,$abc$20785$auto$blifparse.cc:397:parse_blif$24404,$_NOT_,Y,5555
3619,$abc$20785$auto$blifparse.cc:397:parse_blif$24405,$_XNOR_,Y,5556
3620,$abc$20785$auto$blifparse.cc:397:parse_blif$24406,$_ORNOT_,Y,5557
3621,$abc$20785$auto$blifparse.cc:397:parse_blif$24407,$_XNOR_,Y,5558
3622,$abc$20785$auto$blifparse.cc:397:parse_blif$24408,$_XNOR_,Y,5559
3623,$abc$20785$auto$blifparse.cc:397:parse_blif$24409,$_NAND_,Y,5560
3624,$abc$20785$auto$blifparse.cc:397:parse_blif$24410,$_XOR_,Y,5561
3625,$abc$20785$auto$blifparse.cc:397:parse_blif$24411,$_XNOR_,Y,5562
3626,$abc$20785$auto$blifparse.cc:397:parse_blif$24412,$_NAND_,Y,5563
3627,$abc$20785$auto$blifparse.cc:397:parse_blif$24413,$_XOR_,Y,5564
3628,$abc$20785$auto$blifparse.cc:397:parse_blif$24414,$_XNOR_,Y,5565
3629,$abc$20785$auto$blifparse.cc:397:parse_blif$24415,$_NAND_,Y,5566
3630,$abc$20785$auto$blifparse.cc:397:parse_blif$24416,$_XOR_,Y,5567
3631,$abc$20785$auto$blifparse.cc:397:parse_blif$24417,$_XNOR_,Y,5568
3632,$abc$20785$auto$blifparse.cc:397:parse_blif$24418,$_NOT_,Y,5569
3633,$abc$20785$auto$blifparse.cc:397:parse_blif$24419,$_NAND_,Y,5570
3634,$abc$20785$auto$blifparse.cc:397:parse_blif$24420,$_ORNOT_,Y,5571
3635,$abc$20785$auto$blifparse.cc:397:parse_blif$24421,$_XOR_,Y,5572
3636,$abc$20785$auto$blifparse.cc:397:parse_blif$24422,$_ANDNOT_,Y,5573
3637,$abc$20785$auto$blifparse.cc:397:parse_blif$24423,$_XNOR_,Y,5574
3638,$abc$20785$auto$blifparse.cc:397:parse_blif$24424,$_ORNOT_,Y,5575
3639,$abc$20785$auto$blifparse.cc:397:parse_blif$24425,$_XNOR_,Y,5576
3640,$abc$20785$auto$blifparse.cc:397:parse_blif$24426,$_AND_,Y,5577
3641,$abc$20785$auto$blifparse.cc:397:parse_blif$24427,$_XNOR_,Y,5578
3642,$abc$20785$auto$blifparse.cc:397:parse_blif$24428,$_NAND_,Y,5579
3643,$abc$20785$auto$blifparse.cc:397:parse_blif$24429,$_NAND_,Y,5580
3644,$abc$20785$auto$blifparse.cc:397:parse_blif$24430,$_XNOR_,Y,5581
3645,$abc$20785$auto$blifparse.cc:397:parse_blif$24431,$_AND_,Y,5582
3646,$abc$20785$auto$blifparse.cc:397:parse_blif$24432,$_OR_,Y,5583
3647,$abc$20785$auto$blifparse.cc:397:parse_blif$24433,$_NAND_,Y,5584
3648,$abc$20785$auto$blifparse.cc:397:parse_blif$24434,$_AND_,Y,5585
3649,$abc$20785$auto$blifparse.cc:397:parse_blif$24435,$_ORNOT_,Y,5586
3650,$abc$20785$auto$blifparse.cc:397:parse_blif$24436,$_AND_,Y,5587
3651,$abc$20785$auto$blifparse.cc:397:parse_blif$24437,$_ORNOT_,Y,5588
3652,$abc$20785$auto$blifparse.cc:397:parse_blif$24438,$_AND_,Y,5589
3653,$abc$20785$auto$blifparse.cc:397:parse_blif$24439,$_ORNOT_,Y,5590
3654,$abc$20785$auto$blifparse.cc:397:parse_blif$24440,$_AND_,Y,5591
3655,$abc$20785$auto$blifparse.cc:397:parse_blif$24441,$_ORNOT_,Y,5592
3656,$abc$20785$auto$blifparse.cc:397:parse_blif$24442,$_NAND_,Y,5593
3657,$abc$20785$auto$blifparse.cc:397:parse_blif$24443,$_XNOR_,Y,5594
3658,$abc$20785$auto$blifparse.cc:397:parse_blif$24444,$_AND_,Y,5595
3659,$abc$20785$auto$blifparse.cc:397:parse_blif$24445,$_NOR_,Y,5596
3660,$abc$20785$auto$blifparse.cc:397:parse_blif$24446,$_NAND_,Y,5597
3661,$abc$20785$auto$blifparse.cc:397:parse_blif$24447,$_AND_,Y,5598
3662,$abc$20785$auto$blifparse.cc:397:parse_blif$24448,$_NAND_,Y,5599
3663,$abc$20785$auto$blifparse.cc:397:parse_blif$24449,$_AND_,Y,5600
3664,$abc$20785$auto$blifparse.cc:397:parse_blif$24450,$_NAND_,Y,5601
3665,$abc$20785$auto$blifparse.cc:397:parse_blif$24451,$_AND_,Y,5602
3666,$abc$20785$auto$blifparse.cc:397:parse_blif$24452,$_NAND_,Y,5603
3667,$abc$20785$auto$blifparse.cc:397:parse_blif$24453,$_AND_,Y,5604
3668,$abc$20785$auto$blifparse.cc:397:parse_blif$24454,$_NAND_,Y,5605
3669,$abc$20785$auto$blifparse.cc:397:parse_blif$24455,$_AND_,Y,5606
3670,$abc$20785$auto$blifparse.cc:397:parse_blif$24456,$_NAND_,Y,5607
3671,$abc$20785$auto$blifparse.cc:397:parse_blif$24457,$_AND_,Y,5608
3672,$abc$20785$auto$blifparse.cc:397:parse_blif$24458,$_NAND_,Y,5609
3673,$abc$20785$auto$blifparse.cc:397:parse_blif$24459,$_AND_,Y,5610
3674,$abc$20785$auto$blifparse.cc:397:parse_blif$24460,$_NAND_,Y,5611
3675,$abc$20785$auto$blifparse.cc:397:parse_blif$24461,$_AND_,Y,5612
3676,$abc$20785$auto$blifparse.cc:397:parse_blif$24462,$_NAND_,Y,5613
3677,$abc$20785$auto$blifparse.cc:397:parse_blif$24463,$_AND_,Y,5614
3678,$abc$20785$auto$blifparse.cc:397:parse_blif$24464,$_NAND_,Y,5615
3679,$abc$20785$auto$blifparse.cc:397:parse_blif$24465,$_AND_,Y,5616
3680,$abc$20785$auto$blifparse.cc:397:parse_blif$24466,$_NAND_,Y,5617
3681,$abc$20785$auto$blifparse.cc:397:parse_blif$24467,$_AND_,Y,5618
3682,$abc$20785$auto$blifparse.cc:397:parse_blif$24468,$_NAND_,Y,5619
3683,$abc$20785$auto$blifparse.cc:397:parse_blif$24469,$_AND_,Y,5620
3684,$abc$20785$auto$blifparse.cc:397:parse_blif$24470,$_NAND_,Y,5621
3685,$abc$20785$auto$blifparse.cc:397:parse_blif$24471,$_AND_,Y,5622
3686,$abc$20785$auto$blifparse.cc:397:parse_blif$24472,$_NAND_,Y,5623
3687,$abc$20785$auto$blifparse.cc:397:parse_blif$24473,$_NAND_,Y,5624
3688,$abc$20785$auto$blifparse.cc:397:parse_blif$24474,$_XOR_,Y,5625
3689,$abc$20785$auto$blifparse.cc:397:parse_blif$24475,$_OR_,Y,5626
3690,$abc$20785$auto$blifparse.cc:397:parse_blif$24476,$_NAND_,Y,5627
3691,$abc$20785$auto$blifparse.cc:397:parse_blif$24477,$_AND_,Y,5628
3692,$abc$20785$auto$blifparse.cc:397:parse_blif$24478,$_XNOR_,Y,5629
3693,$abc$20785$auto$blifparse.cc:397:parse_blif$24479,$_XNOR_,Y,5630
3694,$abc$20785$auto$blifparse.cc:397:parse_blif$24480,$_XOR_,Y,5631
3695,$abc$20785$auto$blifparse.cc:397:parse_blif$24481,$_ORNOT_,Y,5632
3696,$abc$20785$auto$blifparse.cc:397:parse_blif$24482,$_XNOR_,Y,5633
3697,$abc$20785$auto$blifparse.cc:397:parse_blif$24483,$_XNOR_,Y,5634
3698,$abc$20785$auto$blifparse.cc:397:parse_blif$24484,$_ORNOT_,Y,5635
3699,$abc$20785$auto$blifparse.cc:397:parse_blif$24485,$_ORNOT_,Y,5636
3700,$abc$20785$auto$blifparse.cc:397:parse_blif$24486,$_XOR_,Y,5637
3701,$abc$20785$auto$blifparse.cc:397:parse_blif$24487,$_ORNOT_,Y,5638
3702,$abc$20785$auto$blifparse.cc:397:parse_blif$24488,$_XNOR_,Y,5639
3703,$abc$20785$auto$blifparse.cc:397:parse_blif$24489,$_XNOR_,Y,5640
3704,$abc$20785$auto$blifparse.cc:397:parse_blif$24490,$_AND_,Y,5641
3705,$abc$20785$auto$blifparse.cc:397:parse_blif$24491,$_XNOR_,Y,5642
3706,$abc$20785$auto$blifparse.cc:397:parse_blif$24492,$_ORNOT_,Y,5643
3707,$abc$20785$auto$blifparse.cc:397:parse_blif$24493,$_ORNOT_,Y,5644
3708,$abc$20785$auto$blifparse.cc:397:parse_blif$24494,$_XOR_,Y,5645
3709,$abc$20785$auto$blifparse.cc:397:parse_blif$24495,$_ORNOT_,Y,5646
3710,$abc$20785$auto$blifparse.cc:397:parse_blif$24496,$_XNOR_,Y,5647
3711,$abc$20785$auto$blifparse.cc:397:parse_blif$24497,$_XNOR_,Y,5648
3712,$abc$20785$auto$blifparse.cc:397:parse_blif$24498,$_NAND_,Y,5649
3713,$abc$20785$auto$blifparse.cc:397:parse_blif$24499,$_OR_,Y,5650
3714,$abc$20785$auto$blifparse.cc:397:parse_blif$24500,$_XNOR_,Y,5651
3715,$abc$20785$auto$blifparse.cc:397:parse_blif$24501,$_ORNOT_,Y,5652
3716,$abc$20785$auto$blifparse.cc:397:parse_blif$24502,$_XNOR_,Y,5653
3717,$abc$20785$auto$blifparse.cc:397:parse_blif$24503,$_XOR_,Y,5654
3718,$abc$20785$auto$blifparse.cc:397:parse_blif$24504,$_ORNOT_,Y,5655
3719,$abc$20785$auto$blifparse.cc:397:parse_blif$24505,$_ORNOT_,Y,5656
3720,$abc$20785$auto$blifparse.cc:397:parse_blif$24506,$_XOR_,Y,5657
3721,$abc$20785$auto$blifparse.cc:397:parse_blif$24507,$_ORNOT_,Y,5658
3722,$abc$20785$auto$blifparse.cc:397:parse_blif$24508,$_XNOR_,Y,5659
3723,$abc$20785$auto$blifparse.cc:397:parse_blif$24509,$_XOR_,Y,5660
3724,$abc$20785$auto$blifparse.cc:397:parse_blif$24510,$_OR_,Y,5661
3725,$abc$20785$auto$blifparse.cc:397:parse_blif$24511,$_NAND_,Y,5662
3726,$abc$20785$auto$blifparse.cc:397:parse_blif$24512,$_XNOR_,Y,5663
3727,$abc$20785$auto$blifparse.cc:397:parse_blif$24513,$_ORNOT_,Y,5664
3728,$abc$20785$auto$blifparse.cc:397:parse_blif$24514,$_XNOR_,Y,5665
3729,$abc$20785$auto$blifparse.cc:397:parse_blif$24515,$_XOR_,Y,5666
3730,$abc$20785$auto$blifparse.cc:397:parse_blif$24516,$_ORNOT_,Y,5667
3731,$abc$20785$auto$blifparse.cc:397:parse_blif$24517,$_ORNOT_,Y,5668
3732,$abc$20785$auto$blifparse.cc:397:parse_blif$24518,$_XNOR_,Y,5669
3733,$abc$20785$auto$blifparse.cc:397:parse_blif$24519,$_ORNOT_,Y,5670
3734,$abc$20785$auto$blifparse.cc:397:parse_blif$24520,$_XNOR_,Y,5671
3735,$abc$20785$auto$blifparse.cc:397:parse_blif$24521,$_XNOR_,Y,5672
3736,$abc$20785$auto$blifparse.cc:397:parse_blif$24522,$_ORNOT_,Y,5673
3737,$abc$20785$auto$blifparse.cc:397:parse_blif$24523,$_ORNOT_,Y,5674
3738,$abc$20785$auto$blifparse.cc:397:parse_blif$24524,$_XNOR_,Y,5675
3739,$abc$20785$auto$blifparse.cc:397:parse_blif$24525,$_ANDNOT_,Y,5676
3740,$abc$20785$auto$blifparse.cc:397:parse_blif$24526,$_AND_,Y,5677
3741,$abc$20785$auto$blifparse.cc:397:parse_blif$24527,$_XNOR_,Y,5678
3742,$abc$20785$auto$blifparse.cc:397:parse_blif$24528,$_XNOR_,Y,5679
3743,$abc$20785$auto$blifparse.cc:397:parse_blif$24529,$_XNOR_,Y,5680
3744,$abc$20785$auto$blifparse.cc:397:parse_blif$24530,$_NOT_,Y,5681
3745,$abc$20785$auto$blifparse.cc:397:parse_blif$24531,$_XNOR_,Y,5682
3746,$abc$20785$auto$blifparse.cc:397:parse_blif$24532,$_ORNOT_,Y,5683
3747,$abc$20785$auto$blifparse.cc:397:parse_blif$24533,$_XNOR_,Y,5684
3748,$abc$20785$auto$blifparse.cc:397:parse_blif$24534,$_XNOR_,Y,5685
3749,$abc$20785$auto$blifparse.cc:397:parse_blif$24535,$_NAND_,Y,5686
3750,$abc$20785$auto$blifparse.cc:397:parse_blif$24536,$_XOR_,Y,5687
3751,$abc$20785$auto$blifparse.cc:397:parse_blif$24537,$_XNOR_,Y,5688
3752,$abc$20785$auto$blifparse.cc:397:parse_blif$24538,$_NAND_,Y,5689
3753,$abc$20785$auto$blifparse.cc:397:parse_blif$24539,$_XOR_,Y,5690
3754,$abc$20785$auto$blifparse.cc:397:parse_blif$24540,$_XNOR_,Y,5691
3755,$abc$20785$auto$blifparse.cc:397:parse_blif$24541,$_NAND_,Y,5692
3756,$abc$20785$auto$blifparse.cc:397:parse_blif$24542,$_XOR_,Y,5693
3757,$abc$20785$auto$blifparse.cc:397:parse_blif$24543,$_XNOR_,Y,5694
3758,$abc$20785$auto$blifparse.cc:397:parse_blif$24544,$_ORNOT_,Y,5695
3759,$abc$20785$auto$blifparse.cc:397:parse_blif$24545,$_ORNOT_,Y,5696
3760,$abc$20785$auto$blifparse.cc:397:parse_blif$24546,$_XOR_,Y,5697
3761,$abc$20785$auto$blifparse.cc:397:parse_blif$24547,$_ANDNOT_,Y,5698
3762,$abc$20785$auto$blifparse.cc:397:parse_blif$24548,$_XNOR_,Y,5699
3763,$abc$20785$auto$blifparse.cc:397:parse_blif$24549,$_ANDNOT_,Y,5700
3764,$abc$20785$auto$blifparse.cc:397:parse_blif$24550,$_XNOR_,Y,5701
3765,$abc$20785$auto$blifparse.cc:397:parse_blif$24551,$_AND_,Y,5702
3766,$abc$20785$auto$blifparse.cc:397:parse_blif$24552,$_XNOR_,Y,5703
3767,$abc$20785$auto$blifparse.cc:397:parse_blif$24553,$_AND_,Y,5704
3768,$abc$20785$auto$blifparse.cc:397:parse_blif$24554,$_OR_,Y,5705
3769,$abc$20785$auto$blifparse.cc:397:parse_blif$24555,$_XNOR_,Y,5706
3770,$abc$20785$auto$blifparse.cc:397:parse_blif$24556,$_AND_,Y,5707
3771,$abc$20785$auto$blifparse.cc:397:parse_blif$24557,$_OR_,Y,5708
3772,$abc$20785$auto$blifparse.cc:397:parse_blif$24558,$_NAND_,Y,5709
3773,$abc$20785$auto$blifparse.cc:397:parse_blif$24559,$_AND_,Y,5710
3774,$abc$20785$auto$blifparse.cc:397:parse_blif$24560,$_ORNOT_,Y,5711
3775,$abc$20785$auto$blifparse.cc:397:parse_blif$24561,$_AND_,Y,5712
3776,$abc$20785$auto$blifparse.cc:397:parse_blif$24562,$_ORNOT_,Y,5713
3777,$abc$20785$auto$blifparse.cc:397:parse_blif$24563,$_AND_,Y,5714
3778,$abc$20785$auto$blifparse.cc:397:parse_blif$24564,$_ORNOT_,Y,5715
3779,$abc$20785$auto$blifparse.cc:397:parse_blif$24565,$_AND_,Y,5716
3780,$abc$20785$auto$blifparse.cc:397:parse_blif$24566,$_ORNOT_,Y,5717
3781,$abc$20785$auto$blifparse.cc:397:parse_blif$24567,$_NAND_,Y,5718
3782,$abc$20785$auto$blifparse.cc:397:parse_blif$24568,$_XNOR_,Y,5719
3783,$abc$20785$auto$blifparse.cc:397:parse_blif$24569,$_AND_,Y,5720
3784,$abc$20785$auto$blifparse.cc:397:parse_blif$24570,$_NOR_,Y,5721
3785,$abc$20785$auto$blifparse.cc:397:parse_blif$24571,$_NAND_,Y,5722
3786,$abc$20785$auto$blifparse.cc:397:parse_blif$24572,$_AND_,Y,5723
3787,$abc$20785$auto$blifparse.cc:397:parse_blif$24573,$_NAND_,Y,5724
3788,$abc$20785$auto$blifparse.cc:397:parse_blif$24574,$_AND_,Y,5725
3789,$abc$20785$auto$blifparse.cc:397:parse_blif$24575,$_NAND_,Y,5726
3790,$abc$20785$auto$blifparse.cc:397:parse_blif$24576,$_AND_,Y,5727
3791,$abc$20785$auto$blifparse.cc:397:parse_blif$24577,$_NAND_,Y,5728
3792,$abc$20785$auto$blifparse.cc:397:parse_blif$24578,$_NAND_,Y,5729
3793,$abc$20785$auto$blifparse.cc:397:parse_blif$24579,$_NAND_,Y,5730
3794,$abc$20785$auto$blifparse.cc:397:parse_blif$24580,$_AND_,Y,5731
3795,$abc$20785$auto$blifparse.cc:397:parse_blif$24581,$_ORNOT_,Y,5732
3796,$abc$20785$auto$blifparse.cc:397:parse_blif$24582,$_AND_,Y,5733
3797,$abc$20785$auto$blifparse.cc:397:parse_blif$24583,$_NAND_,Y,5734
3798,$abc$20785$auto$blifparse.cc:397:parse_blif$24584,$_AND_,Y,5735
3799,$abc$20785$auto$blifparse.cc:397:parse_blif$24585,$_NAND_,Y,5736
3800,$abc$20785$auto$blifparse.cc:397:parse_blif$24586,$_AND_,Y,5737
3801,$abc$20785$auto$blifparse.cc:397:parse_blif$24587,$_NAND_,Y,5738
3802,$abc$20785$auto$blifparse.cc:397:parse_blif$24588,$_AND_,Y,5739
3803,$abc$20785$auto$blifparse.cc:397:parse_blif$24589,$_NAND_,Y,5740
3804,$abc$20785$auto$blifparse.cc:397:parse_blif$24590,$_AND_,Y,5741
3805,$abc$20785$auto$blifparse.cc:397:parse_blif$24591,$_NAND_,Y,5742
3806,$abc$20785$auto$blifparse.cc:397:parse_blif$24592,$_AND_,Y,5743
3807,$abc$20785$auto$blifparse.cc:397:parse_blif$24593,$_NAND_,Y,5744
3808,$abc$20785$auto$blifparse.cc:397:parse_blif$24594,$_AND_,Y,5745
3809,$abc$20785$auto$blifparse.cc:397:parse_blif$24595,$_NAND_,Y,5746
3810,$abc$20785$auto$blifparse.cc:397:parse_blif$24596,$_AND_,Y,5747
3811,$abc$20785$auto$blifparse.cc:397:parse_blif$24597,$_NAND_,Y,5748
3812,$abc$20785$auto$blifparse.cc:397:parse_blif$24598,$_NAND_,Y,5749
3813,$abc$20785$auto$blifparse.cc:397:parse_blif$24599,$_XOR_,Y,5750
3814,$abc$20785$auto$blifparse.cc:397:parse_blif$24600,$_OR_,Y,5751
3815,$abc$20785$auto$blifparse.cc:397:parse_blif$24601,$_NAND_,Y,5752
3816,$abc$20785$auto$blifparse.cc:397:parse_blif$24602,$_AND_,Y,5753
3817,$abc$20785$auto$blifparse.cc:397:parse_blif$24603,$_XNOR_,Y,5754
3818,$abc$20785$auto$blifparse.cc:397:parse_blif$24604,$_XNOR_,Y,5755
3819,$abc$20785$auto$blifparse.cc:397:parse_blif$24605,$_MUX_,Y,5756
3820,$abc$20785$auto$blifparse.cc:397:parse_blif$24606,$_NAND_,Y,5757
3821,$abc$20785$auto$blifparse.cc:397:parse_blif$24607,$_NAND_,Y,5758
3822,$abc$20785$auto$blifparse.cc:397:parse_blif$24608,$_XNOR_,Y,5759
3823,$abc$20785$auto$blifparse.cc:397:parse_blif$24609,$_XNOR_,Y,5760
3824,$abc$20785$auto$blifparse.cc:397:parse_blif$24610,$_XNOR_,Y,5761
3825,$abc$20785$auto$blifparse.cc:397:parse_blif$24611,$_XNOR_,Y,5762
3826,$abc$20785$auto$blifparse.cc:397:parse_blif$24612,$_MUX_,Y,5763
3827,$abc$20785$auto$blifparse.cc:397:parse_blif$24613,$_NAND_,Y,5764
3828,$abc$20785$auto$blifparse.cc:397:parse_blif$24614,$_NAND_,Y,5765
3829,$abc$20785$auto$blifparse.cc:397:parse_blif$24615,$_AND_,Y,5766
3830,$abc$20785$auto$blifparse.cc:397:parse_blif$24616,$_XOR_,Y,5767
3831,$abc$20785$auto$blifparse.cc:397:parse_blif$24617,$_XOR_,Y,5768
3832,$abc$20785$auto$blifparse.cc:397:parse_blif$24618,$_AND_,Y,5769
3833,$abc$20785$auto$blifparse.cc:397:parse_blif$24619,$_XOR_,Y,5770
3834,$abc$20785$auto$blifparse.cc:397:parse_blif$24620,$_XOR_,Y,5771
3835,$abc$20785$auto$blifparse.cc:397:parse_blif$24621,$_MUX_,Y,5772
3836,$abc$20785$auto$blifparse.cc:397:parse_blif$24622,$_NAND_,Y,5773
3837,$abc$20785$auto$blifparse.cc:397:parse_blif$24623,$_NAND_,Y,5774
3838,$abc$20785$auto$blifparse.cc:397:parse_blif$24624,$_XNOR_,Y,5775
3839,$abc$20785$auto$blifparse.cc:397:parse_blif$24625,$_XNOR_,Y,5776
3840,$abc$20785$auto$blifparse.cc:397:parse_blif$24626,$_XNOR_,Y,5777
3841,$abc$20785$auto$blifparse.cc:397:parse_blif$24627,$_XNOR_,Y,5778
3842,$abc$20785$auto$blifparse.cc:397:parse_blif$24628,$_MUX_,Y,5779
3843,$abc$20785$auto$blifparse.cc:397:parse_blif$24629,$_NAND_,Y,5780
3844,$abc$20785$auto$blifparse.cc:397:parse_blif$24630,$_NAND_,Y,5781
3845,$abc$20785$auto$blifparse.cc:397:parse_blif$24631,$_AND_,Y,5782
3846,$abc$20785$auto$blifparse.cc:397:parse_blif$24632,$_XOR_,Y,5783
3847,$abc$20785$auto$blifparse.cc:397:parse_blif$24633,$_XOR_,Y,5784
3848,$abc$20785$auto$blifparse.cc:397:parse_blif$24634,$_AND_,Y,5785
3849,$abc$20785$auto$blifparse.cc:397:parse_blif$24635,$_XOR_,Y,5786
3850,$abc$20785$auto$blifparse.cc:397:parse_blif$24636,$_XOR_,Y,5787
3851,$abc$20785$auto$blifparse.cc:397:parse_blif$24637,$_MUX_,Y,5788
3852,$abc$20785$auto$blifparse.cc:397:parse_blif$24638,$_NAND_,Y,5789
3853,$abc$20785$auto$blifparse.cc:397:parse_blif$24639,$_NAND_,Y,5790
3854,$abc$20785$auto$blifparse.cc:397:parse_blif$24640,$_XNOR_,Y,5791
3855,$abc$20785$auto$blifparse.cc:397:parse_blif$24641,$_XNOR_,Y,5792
3856,$abc$20785$auto$blifparse.cc:397:parse_blif$24642,$_XNOR_,Y,5793
3857,$abc$20785$auto$blifparse.cc:397:parse_blif$24643,$_XOR_,Y,5794
3858,$abc$20785$auto$blifparse.cc:397:parse_blif$24644,$_MUX_,Y,5795
3859,$abc$20785$auto$blifparse.cc:397:parse_blif$24645,$_NAND_,Y,5796
3860,$abc$20785$auto$blifparse.cc:397:parse_blif$24646,$_NAND_,Y,5797
3861,$abc$20785$auto$blifparse.cc:397:parse_blif$24647,$_AND_,Y,5798
3862,$abc$20785$auto$blifparse.cc:397:parse_blif$24648,$_XOR_,Y,5799
3863,$abc$20785$auto$blifparse.cc:397:parse_blif$24649,$_XOR_,Y,5800
3864,$abc$20785$auto$blifparse.cc:397:parse_blif$24650,$_NAND_,Y,5801
3865,$abc$20785$auto$blifparse.cc:397:parse_blif$24651,$_XNOR_,Y,5802
3866,$abc$20785$auto$blifparse.cc:397:parse_blif$24652,$_XNOR_,Y,5803
3867,$abc$20785$auto$blifparse.cc:397:parse_blif$24653,$_MUX_,Y,5804
3868,$abc$20785$auto$blifparse.cc:397:parse_blif$24654,$_NAND_,Y,5805
3869,$abc$20785$auto$blifparse.cc:397:parse_blif$24655,$_NAND_,Y,5806
3870,$abc$20785$auto$blifparse.cc:397:parse_blif$24656,$_XNOR_,Y,5807
3871,$abc$20785$auto$blifparse.cc:397:parse_blif$24657,$_XNOR_,Y,5808
3872,$abc$20785$auto$blifparse.cc:397:parse_blif$24658,$_XNOR_,Y,5809
3873,$abc$20785$auto$blifparse.cc:397:parse_blif$24659,$_XNOR_,Y,5810
3874,$abc$20785$auto$blifparse.cc:397:parse_blif$24660,$_MUX_,Y,5811
3875,$abc$20785$auto$blifparse.cc:397:parse_blif$24661,$_NAND_,Y,5812
3876,$abc$20785$auto$blifparse.cc:397:parse_blif$24662,$_NAND_,Y,5813
3877,$abc$20785$auto$blifparse.cc:397:parse_blif$24663,$_AND_,Y,5814
3878,$abc$20785$auto$blifparse.cc:397:parse_blif$24664,$_XOR_,Y,5815
3879,$abc$20785$auto$blifparse.cc:397:parse_blif$24665,$_XNOR_,Y,5816
3880,$abc$20785$auto$blifparse.cc:397:parse_blif$24666,$_AND_,Y,5817
3881,$abc$20785$auto$blifparse.cc:397:parse_blif$24667,$_XOR_,Y,5818
3882,$abc$20785$auto$blifparse.cc:397:parse_blif$24668,$_XOR_,Y,5819
3883,$abc$20785$auto$blifparse.cc:397:parse_blif$24669,$_MUX_,Y,5820
3884,$abc$20785$auto$blifparse.cc:397:parse_blif$24670,$_NAND_,Y,5821
3885,$abc$20785$auto$blifparse.cc:397:parse_blif$24671,$_NAND_,Y,5822
3886,$abc$20785$auto$blifparse.cc:397:parse_blif$24672,$_XNOR_,Y,5823
3887,$abc$20785$auto$blifparse.cc:397:parse_blif$24673,$_XNOR_,Y,5824
3888,$abc$20785$auto$blifparse.cc:397:parse_blif$24674,$_XOR_,Y,5825
3889,$abc$20785$auto$blifparse.cc:397:parse_blif$24675,$_XNOR_,Y,5826
3890,$abc$20785$auto$blifparse.cc:397:parse_blif$24676,$_MUX_,Y,5827
3891,$abc$20785$auto$blifparse.cc:397:parse_blif$24677,$_NAND_,Y,5828
3892,$abc$20785$auto$blifparse.cc:397:parse_blif$24678,$_NAND_,Y,5829
3893,$abc$20785$auto$blifparse.cc:397:parse_blif$24679,$_NAND_,Y,5830
3894,$abc$20785$auto$blifparse.cc:397:parse_blif$24680,$_XNOR_,Y,5831
3895,$abc$20785$auto$blifparse.cc:397:parse_blif$24681,$_XOR_,Y,5832
3896,$abc$20785$auto$blifparse.cc:397:parse_blif$24682,$_AND_,Y,5833
3897,$abc$20785$auto$blifparse.cc:397:parse_blif$24683,$_XNOR_,Y,5834
3898,$abc$20785$auto$blifparse.cc:397:parse_blif$24684,$_XNOR_,Y,5835
3899,$abc$20785$auto$blifparse.cc:397:parse_blif$24685,$_MUX_,Y,5836
3900,$abc$20785$auto$blifparse.cc:397:parse_blif$24686,$_NAND_,Y,5837
3901,$abc$20785$auto$blifparse.cc:397:parse_blif$24687,$_NAND_,Y,5838
3902,$abc$20785$auto$blifparse.cc:397:parse_blif$24688,$_XNOR_,Y,5839
3903,$abc$20785$auto$blifparse.cc:397:parse_blif$24689,$_XNOR_,Y,5840
3904,$abc$20785$auto$blifparse.cc:397:parse_blif$24690,$_XNOR_,Y,5841
3905,$abc$20785$auto$blifparse.cc:397:parse_blif$24691,$_XNOR_,Y,5842
3906,$abc$20785$auto$blifparse.cc:397:parse_blif$24692,$_MUX_,Y,5843
3907,$abc$20785$auto$blifparse.cc:397:parse_blif$24693,$_NAND_,Y,5844
3908,$abc$20785$auto$blifparse.cc:397:parse_blif$24694,$_NAND_,Y,5845
3909,$abc$20785$auto$blifparse.cc:397:parse_blif$24695,$_AND_,Y,5846
3910,$abc$20785$auto$blifparse.cc:397:parse_blif$24696,$_XOR_,Y,5847
3911,$abc$20785$auto$blifparse.cc:397:parse_blif$24697,$_XOR_,Y,5848
3912,$abc$20785$auto$blifparse.cc:397:parse_blif$24698,$_AND_,Y,5849
3913,$abc$20785$auto$blifparse.cc:397:parse_blif$24699,$_XOR_,Y,5850
3914,$abc$20785$auto$blifparse.cc:397:parse_blif$24700,$_XOR_,Y,5851
3915,$abc$20785$auto$blifparse.cc:397:parse_blif$24701,$_MUX_,Y,5852
3916,$abc$20785$auto$blifparse.cc:397:parse_blif$24702,$_NAND_,Y,5853
3917,$abc$20785$auto$blifparse.cc:397:parse_blif$24703,$_NAND_,Y,5854
3918,$abc$20785$auto$blifparse.cc:397:parse_blif$24704,$_XNOR_,Y,5855
3919,$abc$20785$auto$blifparse.cc:397:parse_blif$24705,$_XNOR_,Y,5856
3920,$abc$20785$auto$blifparse.cc:397:parse_blif$24706,$_XNOR_,Y,5857
3921,$abc$20785$auto$blifparse.cc:397:parse_blif$24707,$_XNOR_,Y,5858
3922,$abc$20785$auto$blifparse.cc:397:parse_blif$24708,$_MUX_,Y,5859
3923,$abc$20785$auto$blifparse.cc:397:parse_blif$24709,$_NAND_,Y,5860
3924,$abc$20785$auto$blifparse.cc:397:parse_blif$24710,$_NAND_,Y,5861
3925,$abc$20785$auto$blifparse.cc:397:parse_blif$24711,$_NAND_,Y,5862
3926,$abc$20785$auto$blifparse.cc:397:parse_blif$24712,$_XNOR_,Y,5863
3927,$abc$20785$auto$blifparse.cc:397:parse_blif$24713,$_XOR_,Y,5864
3928,$abc$20785$auto$blifparse.cc:397:parse_blif$24714,$_AND_,Y,5865
3929,$abc$20785$auto$blifparse.cc:397:parse_blif$24715,$_XOR_,Y,5866
3930,$abc$20785$auto$blifparse.cc:397:parse_blif$24716,$_XNOR_,Y,5867
3931,$abc$20785$auto$blifparse.cc:397:parse_blif$24717,$_MUX_,Y,5868
3932,$abc$20785$auto$blifparse.cc:397:parse_blif$24718,$_NAND_,Y,5869
3933,$abc$20785$auto$blifparse.cc:397:parse_blif$24719,$_NAND_,Y,5870
3934,$abc$20785$auto$blifparse.cc:397:parse_blif$24720,$_XNOR_,Y,5871
3935,$abc$20785$auto$blifparse.cc:397:parse_blif$24721,$_XOR_,Y,5872
3936,$abc$20785$auto$blifparse.cc:397:parse_blif$24722,$_XNOR_,Y,5873
3937,$abc$20785$auto$blifparse.cc:397:parse_blif$24723,$_XOR_,Y,5874
3938,$abc$20785$auto$blifparse.cc:397:parse_blif$24724,$_MUX_,Y,5875
3939,$abc$20785$auto$blifparse.cc:397:parse_blif$24725,$_NAND_,Y,5876
3940,$abc$20785$auto$blifparse.cc:397:parse_blif$24726,$_NAND_,Y,5877
3941,$abc$20785$auto$blifparse.cc:397:parse_blif$24727,$_XOR_,Y,5878
3942,$abc$20785$auto$blifparse.cc:397:parse_blif$24728,$_XOR_,Y,5879
3943,$abc$20785$auto$blifparse.cc:397:parse_blif$24729,$_XOR_,Y,5880
3944,$abc$20785$auto$blifparse.cc:397:parse_blif$24730,$_XOR_,Y,5881
3945,$abc$20785$auto$blifparse.cc:397:parse_blif$24731,$_MUX_,Y,5882
3946,$abc$20785$auto$blifparse.cc:397:parse_blif$24732,$_NAND_,Y,5883
3947,$abc$20785$auto$blifparse.cc:397:parse_blif$24733,$_NAND_,Y,5884
3948,$abc$20785$auto$blifparse.cc:397:parse_blif$24734,$_XOR_,Y,5885
3949,$abc$20785$auto$blifparse.cc:397:parse_blif$24735,$_XNOR_,Y,5886
3950,$abc$20785$auto$blifparse.cc:397:parse_blif$24736,$_XOR_,Y,5887
3951,$abc$20785$auto$blifparse.cc:397:parse_blif$24737,$_XNOR_,Y,5888
3952,$abc$20785$auto$blifparse.cc:397:parse_blif$24738,$_MUX_,Y,5889
3953,$abc$20785$auto$blifparse.cc:397:parse_blif$24739,$_NAND_,Y,5890
3954,$abc$20785$auto$blifparse.cc:397:parse_blif$24740,$_NAND_,Y,5891
3955,$abc$20785$auto$blifparse.cc:397:parse_blif$24741,$_XOR_,Y,5892
3956,$abc$20785$auto$blifparse.cc:397:parse_blif$24742,$_XNOR_,Y,5893
3957,$abc$20785$auto$blifparse.cc:397:parse_blif$24743,$_XOR_,Y,5894
3958,$abc$20785$auto$blifparse.cc:397:parse_blif$24744,$_XNOR_,Y,5895
3959,$abc$20785$auto$blifparse.cc:397:parse_blif$24745,$_MUX_,Y,5896
3960,$abc$20785$auto$blifparse.cc:397:parse_blif$24746,$_NAND_,Y,5897
3961,$abc$20785$auto$blifparse.cc:397:parse_blif$24747,$_NAND_,Y,5898
3962,$abc$20785$auto$blifparse.cc:397:parse_blif$24748,$_XOR_,Y,5899
3963,$abc$20785$auto$blifparse.cc:397:parse_blif$24749,$_XOR_,Y,5900
3964,$abc$20785$auto$blifparse.cc:397:parse_blif$24750,$_XOR_,Y,5901
3965,$abc$20785$auto$blifparse.cc:397:parse_blif$24751,$_XOR_,Y,5902
3966,$abc$20785$auto$blifparse.cc:397:parse_blif$24752,$_MUX_,Y,5903
3967,$abc$20785$auto$blifparse.cc:397:parse_blif$24753,$_NAND_,Y,5904
3968,$abc$20785$auto$blifparse.cc:397:parse_blif$24754,$_NAND_,Y,5905
3969,$abc$20785$auto$blifparse.cc:397:parse_blif$24755,$_AND_,Y,5906
3970,$abc$20785$auto$blifparse.cc:397:parse_blif$24756,$_XNOR_,Y,5907
3971,$abc$20785$auto$blifparse.cc:397:parse_blif$24757,$_XOR_,Y,5908
3972,$abc$20785$auto$blifparse.cc:397:parse_blif$24758,$_AND_,Y,5909
3973,$abc$20785$auto$blifparse.cc:397:parse_blif$24759,$_XNOR_,Y,5910
3974,$abc$20785$auto$blifparse.cc:397:parse_blif$24760,$_XOR_,Y,5911
3975,$abc$20785$auto$blifparse.cc:397:parse_blif$24761,$_MUX_,Y,5912
3976,$abc$20785$auto$blifparse.cc:397:parse_blif$24762,$_NAND_,Y,5913
3977,$abc$20785$auto$blifparse.cc:397:parse_blif$24763,$_NAND_,Y,5914
3978,$abc$20785$auto$blifparse.cc:397:parse_blif$24764,$_XNOR_,Y,5915
3979,$abc$20785$auto$blifparse.cc:397:parse_blif$24765,$_XOR_,Y,5916
3980,$abc$20785$auto$blifparse.cc:397:parse_blif$24766,$_XNOR_,Y,5917
3981,$abc$20785$auto$blifparse.cc:397:parse_blif$24767,$_XOR_,Y,5918
3982,$abc$20785$auto$blifparse.cc:397:parse_blif$24768,$_MUX_,Y,5919
3983,$abc$20785$auto$blifparse.cc:397:parse_blif$24769,$_NAND_,Y,5920
3984,$abc$20785$auto$blifparse.cc:397:parse_blif$24770,$_NAND_,Y,5921
3985,$abc$20785$auto$blifparse.cc:397:parse_blif$24771,$_XNOR_,Y,5922
3986,$abc$20785$auto$blifparse.cc:397:parse_blif$24772,$_XOR_,Y,5923
3987,$abc$20785$auto$blifparse.cc:397:parse_blif$24773,$_XNOR_,Y,5924
3988,$abc$20785$auto$blifparse.cc:397:parse_blif$24774,$_XOR_,Y,5925
3989,$abc$20785$auto$blifparse.cc:397:parse_blif$24775,$_MUX_,Y,5926
3990,$abc$20785$auto$blifparse.cc:397:parse_blif$24776,$_NAND_,Y,5927
3991,$abc$20785$auto$blifparse.cc:397:parse_blif$24777,$_NAND_,Y,5928
3992,$abc$20785$auto$blifparse.cc:397:parse_blif$24778,$_XNOR_,Y,5929
3993,$abc$20785$auto$blifparse.cc:397:parse_blif$24779,$_XOR_,Y,5930
3994,$abc$20785$auto$blifparse.cc:397:parse_blif$24780,$_XNOR_,Y,5931
3995,$abc$20785$auto$blifparse.cc:397:parse_blif$24781,$_XOR_,Y,5932
3996,$abc$20785$auto$blifparse.cc:397:parse_blif$24782,$_MUX_,Y,5933
3997,$abc$20785$auto$blifparse.cc:397:parse_blif$24783,$_NAND_,Y,5934
3998,$abc$20785$auto$blifparse.cc:397:parse_blif$24784,$_NAND_,Y,5935
3999,$abc$20785$auto$blifparse.cc:397:parse_blif$24785,$_XNOR_,Y,5936
4000,$abc$20785$auto$blifparse.cc:397:parse_blif$24786,$_NAND_,Y,5937
4001,$abc$20785$auto$blifparse.cc:397:parse_blif$24787,$_XOR_,Y,5938
4002,$abc$20785$auto$blifparse.cc:397:parse_blif$24788,$_XNOR_,Y,5939
4003,$abc$20785$auto$blifparse.cc:397:parse_blif$24789,$_NOT_,Y,5940
4004,$abc$20785$auto$blifparse.cc:397:parse_blif$24790,$_ORNOT_,Y,5941
4005,$abc$20785$auto$blifparse.cc:397:parse_blif$24791,$_NAND_,Y,5942
4006,$abc$20785$auto$blifparse.cc:397:parse_blif$24792,$_XNOR_,Y,5943
4007,$abc$20785$auto$blifparse.cc:397:parse_blif$24793,$_NAND_,Y,5944
4008,$abc$20785$auto$blifparse.cc:397:parse_blif$24794,$_XOR_,Y,5945
4009,$abc$20785$auto$blifparse.cc:397:parse_blif$24795,$_XNOR_,Y,5946
4010,$abc$20785$auto$blifparse.cc:397:parse_blif$24796,$_ORNOT_,Y,5947
4011,$abc$20785$auto$blifparse.cc:397:parse_blif$24797,$_ORNOT_,Y,5948
4012,$abc$20785$auto$blifparse.cc:397:parse_blif$24798,$_XOR_,Y,5949
4013,$abc$20785$auto$blifparse.cc:397:parse_blif$24799,$_ORNOT_,Y,5950
4014,$abc$20785$auto$blifparse.cc:397:parse_blif$24800,$_XNOR_,Y,5951
4015,$abc$20785$auto$blifparse.cc:397:parse_blif$24801,$_XNOR_,Y,5952
4016,$abc$20785$auto$blifparse.cc:397:parse_blif$24802,$_ORNOT_,Y,5953
4017,$abc$20785$auto$blifparse.cc:397:parse_blif$24803,$_ORNOT_,Y,5954
4018,$abc$20785$auto$blifparse.cc:397:parse_blif$24804,$_XNOR_,Y,5955
4019,$abc$20785$auto$blifparse.cc:397:parse_blif$24805,$_ORNOT_,Y,5956
4020,$abc$20785$auto$blifparse.cc:397:parse_blif$24806,$_XNOR_,Y,5957
4021,$abc$20785$auto$blifparse.cc:397:parse_blif$24807,$_NAND_,Y,5958
4022,$abc$20785$auto$blifparse.cc:397:parse_blif$24808,$_NAND_,Y,5959
4023,$abc$20785$auto$blifparse.cc:397:parse_blif$24809,$_NAND_,Y,5960
4024,$abc$20785$auto$blifparse.cc:397:parse_blif$24810,$_NAND_,Y,5961
4025,$abc$20785$auto$blifparse.cc:397:parse_blif$24811,$_NAND_,Y,5962
4026,$abc$20785$auto$blifparse.cc:397:parse_blif$24812,$_AND_,Y,5963
4027,$abc$20785$auto$blifparse.cc:397:parse_blif$24813,$_ORNOT_,Y,5964
4028,$abc$20785$auto$blifparse.cc:397:parse_blif$24814,$_AND_,Y,5965
4029,$abc$20785$auto$blifparse.cc:397:parse_blif$24815,$_NAND_,Y,5966
4030,$abc$20785$auto$blifparse.cc:397:parse_blif$24816,$_AND_,Y,5967
4031,$abc$20785$auto$blifparse.cc:397:parse_blif$24817,$_NAND_,Y,5968
4032,$abc$20785$auto$blifparse.cc:397:parse_blif$24818,$_AND_,Y,5969
4033,$abc$20785$auto$blifparse.cc:397:parse_blif$24819,$_NAND_,Y,5970
4034,$abc$20785$auto$blifparse.cc:397:parse_blif$24820,$_AND_,Y,5971
4035,$abc$20785$auto$blifparse.cc:397:parse_blif$24821,$_NAND_,Y,5972
4036,$abc$20785$auto$blifparse.cc:397:parse_blif$24822,$_AND_,Y,5973
4037,$abc$20785$auto$blifparse.cc:397:parse_blif$24823,$_XNOR_,Y,5974
4038,$abc$20785$auto$blifparse.cc:397:parse_blif$24824,$_XNOR_,Y,5975
4039,$abc$20785$auto$blifparse.cc:397:parse_blif$24825,$_XNOR_,Y,5976
4040,$abc$20785$auto$blifparse.cc:397:parse_blif$24826,$_XNOR_,Y,5977
4041,$abc$20785$auto$blifparse.cc:397:parse_blif$24827,$_XNOR_,Y,5978
4042,$abc$20785$auto$blifparse.cc:397:parse_blif$24828,$_NOT_,Y,5979
4043,$abc$20785$auto$blifparse.cc:397:parse_blif$24829,$_NAND_,Y,5980
4044,$abc$20785$auto$blifparse.cc:397:parse_blif$24830,$_XOR_,Y,5981
4045,$abc$20785$auto$blifparse.cc:397:parse_blif$24831,$_XNOR_,Y,5982
4046,$abc$20785$auto$blifparse.cc:397:parse_blif$24832,$_NAND_,Y,5983
4047,$abc$20785$auto$blifparse.cc:397:parse_blif$24833,$_OR_,Y,5984
4048,$abc$20785$auto$blifparse.cc:397:parse_blif$24834,$_XNOR_,Y,5985
4049,$abc$20785$auto$blifparse.cc:397:parse_blif$24835,$_NAND_,Y,5986
4050,$abc$20785$auto$blifparse.cc:397:parse_blif$24836,$_XOR_,Y,5987
4051,$abc$20785$auto$blifparse.cc:397:parse_blif$24837,$_XNOR_,Y,5988
4052,$abc$20785$auto$blifparse.cc:397:parse_blif$24838,$_ORNOT_,Y,5989
4053,$abc$20785$auto$blifparse.cc:397:parse_blif$24839,$_ORNOT_,Y,5990
4054,$abc$20785$auto$blifparse.cc:397:parse_blif$24840,$_XOR_,Y,5991
4055,$abc$20785$auto$blifparse.cc:397:parse_blif$24841,$_ORNOT_,Y,5992
4056,$abc$20785$auto$blifparse.cc:397:parse_blif$24842,$_XNOR_,Y,5993
4057,$abc$20785$auto$blifparse.cc:397:parse_blif$24843,$_XNOR_,Y,5994
4058,$abc$20785$auto$blifparse.cc:397:parse_blif$24844,$_ORNOT_,Y,5995
4059,$abc$20785$auto$blifparse.cc:397:parse_blif$24845,$_ORNOT_,Y,5996
4060,$abc$20785$auto$blifparse.cc:397:parse_blif$24846,$_XNOR_,Y,5997
4061,$abc$20785$auto$blifparse.cc:397:parse_blif$24847,$_ORNOT_,Y,5998
4062,$abc$20785$auto$blifparse.cc:397:parse_blif$24848,$_XNOR_,Y,5999
4063,$abc$20785$auto$blifparse.cc:397:parse_blif$24849,$_NAND_,Y,6000
4064,$abc$20785$auto$blifparse.cc:397:parse_blif$24850,$_NAND_,Y,6001
4065,$abc$20785$auto$blifparse.cc:397:parse_blif$24851,$_NAND_,Y,6002
4066,$abc$20785$auto$blifparse.cc:397:parse_blif$24852,$_AND_,Y,6003
4067,$abc$20785$auto$blifparse.cc:397:parse_blif$24853,$_NAND_,Y,6004
4068,$abc$20785$auto$blifparse.cc:397:parse_blif$24854,$_AND_,Y,6005
4069,$abc$20785$auto$blifparse.cc:397:parse_blif$24855,$_NAND_,Y,6006
4070,$abc$20785$auto$blifparse.cc:397:parse_blif$24856,$_AND_,Y,6007
4071,$abc$20785$auto$blifparse.cc:397:parse_blif$24857,$_NAND_,Y,6008
4072,$abc$20785$auto$blifparse.cc:397:parse_blif$24858,$_AND_,Y,6009
4073,$abc$20785$auto$blifparse.cc:397:parse_blif$24859,$_NAND_,Y,6010
4074,$abc$20785$auto$blifparse.cc:397:parse_blif$24860,$_AND_,Y,6011
4075,$abc$20785$auto$blifparse.cc:397:parse_blif$24861,$_NAND_,Y,6012
4076,$abc$20785$auto$blifparse.cc:397:parse_blif$24862,$_AND_,Y,6013
4077,$abc$20785$auto$blifparse.cc:397:parse_blif$24863,$_NAND_,Y,6014
4078,$abc$20785$auto$blifparse.cc:397:parse_blif$24864,$_AND_,Y,6015
4079,$abc$20785$auto$blifparse.cc:397:parse_blif$24865,$_XNOR_,Y,6016
4080,$abc$20785$auto$blifparse.cc:397:parse_blif$24866,$_XNOR_,Y,6017
4081,$abc$20785$auto$blifparse.cc:397:parse_blif$24867,$_XNOR_,Y,6018
4082,$abc$20785$auto$blifparse.cc:397:parse_blif$24868,$_XNOR_,Y,6019
4083,$abc$20785$auto$blifparse.cc:397:parse_blif$24869,$_MUX_,Y,6020
4084,$abc$20785$auto$blifparse.cc:397:parse_blif$24870,$_NAND_,Y,6021
4085,$abc$20785$auto$blifparse.cc:397:parse_blif$24871,$_NAND_,Y,6022
4086,$abc$20785$auto$blifparse.cc:397:parse_blif$24872,$_XNOR_,Y,6023
4087,$abc$20785$auto$blifparse.cc:397:parse_blif$24873,$_XNOR_,Y,6024
4088,$abc$20785$auto$blifparse.cc:397:parse_blif$24874,$_XNOR_,Y,6025
4089,$abc$20785$auto$blifparse.cc:397:parse_blif$24875,$_XNOR_,Y,6026
4090,$abc$20785$auto$blifparse.cc:397:parse_blif$24876,$_MUX_,Y,6027
4091,$abc$20785$auto$blifparse.cc:397:parse_blif$24877,$_NAND_,Y,6028
4092,$abc$20785$auto$blifparse.cc:397:parse_blif$24878,$_NAND_,Y,6029
4093,$abc$20785$auto$blifparse.cc:397:parse_blif$24879,$_AND_,Y,6030
4094,$abc$20785$auto$blifparse.cc:397:parse_blif$24880,$_XOR_,Y,6031
4095,$abc$20785$auto$blifparse.cc:397:parse_blif$24881,$_XOR_,Y,6032
4096,$abc$20785$auto$blifparse.cc:397:parse_blif$24882,$_NAND_,Y,6033
4097,$abc$20785$auto$blifparse.cc:397:parse_blif$24883,$_XNOR_,Y,6034
4098,$abc$20785$auto$blifparse.cc:397:parse_blif$24884,$_XOR_,Y,6035
4099,$abc$20785$auto$blifparse.cc:397:parse_blif$24885,$_MUX_,Y,6036
4100,$abc$20785$auto$blifparse.cc:397:parse_blif$24886,$_NAND_,Y,6037
4101,$abc$20785$auto$blifparse.cc:397:parse_blif$24887,$_NAND_,Y,6038
4102,$abc$20785$auto$blifparse.cc:397:parse_blif$24888,$_XNOR_,Y,6039
4103,$abc$20785$auto$blifparse.cc:397:parse_blif$24889,$_XOR_,Y,6040
4104,$abc$20785$auto$blifparse.cc:397:parse_blif$24890,$_XNOR_,Y,6041
4105,$abc$20785$auto$blifparse.cc:397:parse_blif$24891,$_XNOR_,Y,6042
4106,$abc$20785$auto$blifparse.cc:397:parse_blif$24892,$_MUX_,Y,6043
4107,$abc$20785$auto$blifparse.cc:397:parse_blif$24893,$_NAND_,Y,6044
4108,$abc$20785$auto$blifparse.cc:397:parse_blif$24894,$_NAND_,Y,6045
4109,$abc$20785$auto$blifparse.cc:397:parse_blif$24895,$_AND_,Y,6046
4110,$abc$20785$auto$blifparse.cc:397:parse_blif$24896,$_XOR_,Y,6047
4111,$abc$20785$auto$blifparse.cc:397:parse_blif$24897,$_XNOR_,Y,6048
4112,$abc$20785$auto$blifparse.cc:397:parse_blif$24898,$_AND_,Y,6049
4113,$abc$20785$auto$blifparse.cc:397:parse_blif$24899,$_XOR_,Y,6050
4114,$abc$20785$auto$blifparse.cc:397:parse_blif$24900,$_XOR_,Y,6051
4115,$abc$20785$auto$blifparse.cc:397:parse_blif$24901,$_MUX_,Y,6052
4116,$abc$20785$auto$blifparse.cc:397:parse_blif$24902,$_NAND_,Y,6053
4117,$abc$20785$auto$blifparse.cc:397:parse_blif$24903,$_NAND_,Y,6054
4118,$abc$20785$auto$blifparse.cc:397:parse_blif$24904,$_XOR_,Y,6055
4119,$abc$20785$auto$blifparse.cc:397:parse_blif$24905,$_XNOR_,Y,6056
4120,$abc$20785$auto$blifparse.cc:397:parse_blif$24906,$_XNOR_,Y,6057
4121,$abc$20785$auto$blifparse.cc:397:parse_blif$24907,$_XNOR_,Y,6058
4122,$abc$20785$auto$blifparse.cc:397:parse_blif$24908,$_MUX_,Y,6059
4123,$abc$20785$auto$blifparse.cc:397:parse_blif$24909,$_NAND_,Y,6060
4124,$abc$20785$auto$blifparse.cc:397:parse_blif$24910,$_NAND_,Y,6061
4125,$abc$20785$auto$blifparse.cc:397:parse_blif$24911,$_AND_,Y,6062
4126,$abc$20785$auto$blifparse.cc:397:parse_blif$24912,$_XNOR_,Y,6063
4127,$abc$20785$auto$blifparse.cc:397:parse_blif$24913,$_XNOR_,Y,6064
4128,$abc$20785$auto$blifparse.cc:397:parse_blif$24914,$_AND_,Y,6065
4129,$abc$20785$auto$blifparse.cc:397:parse_blif$24915,$_XOR_,Y,6066
4130,$abc$20785$auto$blifparse.cc:397:parse_blif$24916,$_XOR_,Y,6067
4131,$abc$20785$auto$blifparse.cc:397:parse_blif$24917,$_MUX_,Y,6068
4132,$abc$20785$auto$blifparse.cc:397:parse_blif$24918,$_NAND_,Y,6069
4133,$abc$20785$auto$blifparse.cc:397:parse_blif$24919,$_NAND_,Y,6070
4134,$abc$20785$auto$blifparse.cc:397:parse_blif$24920,$_XOR_,Y,6071
4135,$abc$20785$auto$blifparse.cc:397:parse_blif$24921,$_ORNOT_,Y,6072
4136,$abc$20785$auto$blifparse.cc:397:parse_blif$24922,$_XNOR_,Y,6073
4137,$abc$20785$auto$blifparse.cc:397:parse_blif$24923,$_XNOR_,Y,6074
4138,$abc$20785$auto$blifparse.cc:397:parse_blif$24924,$_NAND_,Y,6075
4139,$abc$20785$auto$blifparse.cc:397:parse_blif$24925,$_OR_,Y,6076
4140,$abc$20785$auto$blifparse.cc:397:parse_blif$24926,$_XOR_,Y,6077
4141,$abc$20785$auto$blifparse.cc:397:parse_blif$24927,$_ORNOT_,Y,6078
4142,$abc$20785$auto$blifparse.cc:397:parse_blif$24928,$_XNOR_,Y,6079
4143,$abc$20785$auto$blifparse.cc:397:parse_blif$24929,$_XNOR_,Y,6080
4144,$abc$20785$auto$blifparse.cc:397:parse_blif$24930,$_AND_,Y,6081
4145,$abc$20785$auto$blifparse.cc:397:parse_blif$24931,$_XNOR_,Y,6082
4146,$abc$20785$auto$blifparse.cc:397:parse_blif$24932,$_ORNOT_,Y,6083
4147,$abc$20785$auto$blifparse.cc:397:parse_blif$24933,$_ORNOT_,Y,6084
4148,$abc$20785$auto$blifparse.cc:397:parse_blif$24934,$_XOR_,Y,6085
4149,$abc$20785$auto$blifparse.cc:397:parse_blif$24935,$_ORNOT_,Y,6086
4150,$abc$20785$auto$blifparse.cc:397:parse_blif$24936,$_XNOR_,Y,6087
4151,$abc$20785$auto$blifparse.cc:397:parse_blif$24937,$_XNOR_,Y,6088
4152,$abc$20785$auto$blifparse.cc:397:parse_blif$24938,$_NOT_,Y,6089
4153,$abc$20785$auto$blifparse.cc:397:parse_blif$24939,$_ORNOT_,Y,6090
4154,$abc$20785$auto$blifparse.cc:397:parse_blif$24940,$_NAND_,Y,6091
4155,$abc$20785$auto$blifparse.cc:397:parse_blif$24941,$_XNOR_,Y,6092
4156,$abc$20785$auto$blifparse.cc:397:parse_blif$24942,$_ORNOT_,Y,6093
4157,$abc$20785$auto$blifparse.cc:397:parse_blif$24943,$_XNOR_,Y,6094
4158,$abc$20785$auto$blifparse.cc:397:parse_blif$24944,$_XNOR_,Y,6095
4159,$abc$20785$auto$blifparse.cc:397:parse_blif$24945,$_NOT_,Y,6096
4160,$abc$20785$auto$blifparse.cc:397:parse_blif$24946,$_ORNOT_,Y,6097
4161,$abc$20785$auto$blifparse.cc:397:parse_blif$24947,$_NAND_,Y,6098
4162,$abc$20785$auto$blifparse.cc:397:parse_blif$24948,$_XOR_,Y,6099
4163,$abc$20785$auto$blifparse.cc:397:parse_blif$24949,$_ORNOT_,Y,6100
4164,$abc$20785$auto$blifparse.cc:397:parse_blif$24950,$_XNOR_,Y,6101
4165,$abc$20785$auto$blifparse.cc:397:parse_blif$24951,$_XOR_,Y,6102
4166,$abc$20785$auto$blifparse.cc:397:parse_blif$24952,$_NAND_,Y,6103
4167,$abc$20785$auto$blifparse.cc:397:parse_blif$24953,$_OR_,Y,6104
4168,$abc$20785$auto$blifparse.cc:397:parse_blif$24954,$_XNOR_,Y,6105
4169,$abc$20785$auto$blifparse.cc:397:parse_blif$24955,$_ORNOT_,Y,6106
4170,$abc$20785$auto$blifparse.cc:397:parse_blif$24956,$_XNOR_,Y,6107
4171,$abc$20785$auto$blifparse.cc:397:parse_blif$24957,$_XOR_,Y,6108
4172,$abc$20785$auto$blifparse.cc:397:parse_blif$24958,$_NAND_,Y,6109
4173,$abc$20785$auto$blifparse.cc:397:parse_blif$24959,$_OR_,Y,6110
4174,$abc$20785$auto$blifparse.cc:397:parse_blif$24960,$_XNOR_,Y,6111
4175,$abc$20785$auto$blifparse.cc:397:parse_blif$24961,$_ORNOT_,Y,6112
4176,$abc$20785$auto$blifparse.cc:397:parse_blif$24962,$_XNOR_,Y,6113
4177,$abc$20785$auto$blifparse.cc:397:parse_blif$24963,$_XNOR_,Y,6114
4178,$abc$20785$auto$blifparse.cc:397:parse_blif$24964,$_NAND_,Y,6115
4179,$abc$20785$auto$blifparse.cc:397:parse_blif$24965,$_OR_,Y,6116
4180,$abc$20785$auto$blifparse.cc:397:parse_blif$24966,$_XNOR_,Y,6117
4181,$abc$20785$auto$blifparse.cc:397:parse_blif$24967,$_ORNOT_,Y,6118
4182,$abc$20785$auto$blifparse.cc:397:parse_blif$24968,$_AND_,Y,6119
4183,$abc$20785$auto$blifparse.cc:397:parse_blif$24969,$_XNOR_,Y,6120
4184,$abc$20785$auto$blifparse.cc:397:parse_blif$24970,$_XNOR_,Y,6121
4185,$abc$20785$auto$blifparse.cc:397:parse_blif$24971,$_XNOR_,Y,6122
4186,$abc$20785$auto$blifparse.cc:397:parse_blif$24972,$_NOT_,Y,6123
4187,$abc$20785$auto$blifparse.cc:397:parse_blif$24973,$_XNOR_,Y,6124
4188,$abc$20785$auto$blifparse.cc:397:parse_blif$24974,$_ORNOT_,Y,6125
4189,$abc$20785$auto$blifparse.cc:397:parse_blif$24975,$_XNOR_,Y,6126
4190,$abc$20785$auto$blifparse.cc:397:parse_blif$24976,$_XNOR_,Y,6127
4191,$abc$20785$auto$blifparse.cc:397:parse_blif$24977,$_NAND_,Y,6128
4192,$abc$20785$auto$blifparse.cc:397:parse_blif$24978,$_XOR_,Y,6129
4193,$abc$20785$auto$blifparse.cc:397:parse_blif$24979,$_XNOR_,Y,6130
4194,$abc$20785$auto$blifparse.cc:397:parse_blif$24980,$_NAND_,Y,6131
4195,$abc$20785$auto$blifparse.cc:397:parse_blif$24981,$_XOR_,Y,6132
4196,$abc$20785$auto$blifparse.cc:397:parse_blif$24982,$_XNOR_,Y,6133
4197,$abc$20785$auto$blifparse.cc:397:parse_blif$24983,$_XOR_,Y,6134
4198,$abc$20785$auto$blifparse.cc:397:parse_blif$24984,$_NAND_,Y,6135
4199,$abc$20785$auto$blifparse.cc:397:parse_blif$24985,$_XOR_,Y,6136
4200,$abc$20785$auto$blifparse.cc:397:parse_blif$24986,$_XNOR_,Y,6137
4201,$abc$20785$auto$blifparse.cc:397:parse_blif$24987,$_NAND_,Y,6138
4202,$abc$20785$auto$blifparse.cc:397:parse_blif$24988,$_XNOR_,Y,6139
4203,$abc$20785$auto$blifparse.cc:397:parse_blif$24989,$_XOR_,Y,6140
4204,$abc$20785$auto$blifparse.cc:397:parse_blif$24990,$_ORNOT_,Y,6141
4205,$abc$20785$auto$blifparse.cc:397:parse_blif$24991,$_XNOR_,Y,6142
4206,$abc$20785$auto$blifparse.cc:397:parse_blif$24992,$_ANDNOT_,Y,6143
4207,$abc$20785$auto$blifparse.cc:397:parse_blif$24993,$_XNOR_,Y,6144
4208,$abc$20785$auto$blifparse.cc:397:parse_blif$24994,$_AND_,Y,6145
4209,$abc$20785$auto$blifparse.cc:397:parse_blif$24995,$_XNOR_,Y,6146
4210,$abc$20785$auto$blifparse.cc:397:parse_blif$24996,$_AND_,Y,6147
4211,$abc$20785$auto$blifparse.cc:397:parse_blif$24997,$_OR_,Y,6148
4212,$abc$20785$auto$blifparse.cc:397:parse_blif$24998,$_XNOR_,Y,6149
4213,$abc$20785$auto$blifparse.cc:397:parse_blif$24999,$_NAND_,Y,6150
4214,$abc$20785$auto$blifparse.cc:397:parse_blif$25000,$_AND_,Y,6151
4215,$abc$20785$auto$blifparse.cc:397:parse_blif$25001,$_ORNOT_,Y,6152
4216,$abc$20785$auto$blifparse.cc:397:parse_blif$25002,$_NAND_,Y,6153
4217,$abc$20785$auto$blifparse.cc:397:parse_blif$25003,$_XNOR_,Y,6154
4218,$abc$20785$auto$blifparse.cc:397:parse_blif$25004,$_NAND_,Y,6155
4219,$abc$20785$auto$blifparse.cc:397:parse_blif$25005,$_AND_,Y,6156
4220,$abc$20785$auto$blifparse.cc:397:parse_blif$25006,$_ORNOT_,Y,6157
4221,$abc$20785$auto$blifparse.cc:397:parse_blif$25007,$_AND_,Y,6158
4222,$abc$20785$auto$blifparse.cc:397:parse_blif$25008,$_ORNOT_,Y,6159
4223,$abc$20785$auto$blifparse.cc:397:parse_blif$25009,$_AND_,Y,6160
4224,$abc$20785$auto$blifparse.cc:397:parse_blif$25010,$_ORNOT_,Y,6161
4225,$abc$20785$auto$blifparse.cc:397:parse_blif$25011,$_NAND_,Y,6162
4226,$abc$20785$auto$blifparse.cc:397:parse_blif$25012,$_XNOR_,Y,6163
4227,$abc$20785$auto$blifparse.cc:397:parse_blif$25013,$_NAND_,Y,6164
4228,$abc$20785$auto$blifparse.cc:397:parse_blif$25014,$_AND_,Y,6165
4229,$abc$20785$auto$blifparse.cc:397:parse_blif$25015,$_NAND_,Y,6166
4230,$abc$20785$auto$blifparse.cc:397:parse_blif$25016,$_AND_,Y,6167
4231,$abc$20785$auto$blifparse.cc:397:parse_blif$25017,$_NAND_,Y,6168
4232,$abc$20785$auto$blifparse.cc:397:parse_blif$25018,$_AND_,Y,6169
4233,$abc$20785$auto$blifparse.cc:397:parse_blif$25019,$_NAND_,Y,6170
4234,$abc$20785$auto$blifparse.cc:397:parse_blif$25020,$_AND_,Y,6171
4235,$abc$20785$auto$blifparse.cc:397:parse_blif$25021,$_NAND_,Y,6172
4236,$abc$20785$auto$blifparse.cc:397:parse_blif$25022,$_AND_,Y,6173
4237,$abc$20785$auto$blifparse.cc:397:parse_blif$25023,$_NAND_,Y,6174
4238,$abc$20785$auto$blifparse.cc:397:parse_blif$25024,$_AND_,Y,6175
4239,$abc$20785$auto$blifparse.cc:397:parse_blif$25025,$_NAND_,Y,6176
4240,$abc$20785$auto$blifparse.cc:397:parse_blif$25026,$_AND_,Y,6177
4241,$abc$20785$auto$blifparse.cc:397:parse_blif$25027,$_NAND_,Y,6178
4242,$abc$20785$auto$blifparse.cc:397:parse_blif$25028,$_AND_,Y,6179
4243,$abc$20785$auto$blifparse.cc:397:parse_blif$25029,$_NAND_,Y,6180
4244,$abc$20785$auto$blifparse.cc:397:parse_blif$25030,$_AND_,Y,6181
4245,$abc$20785$auto$blifparse.cc:397:parse_blif$25031,$_NAND_,Y,6182
4246,$abc$20785$auto$blifparse.cc:397:parse_blif$25032,$_AND_,Y,6183
4247,$abc$20785$auto$blifparse.cc:397:parse_blif$25033,$_NAND_,Y,6184
4248,$abc$20785$auto$blifparse.cc:397:parse_blif$25034,$_AND_,Y,6185
4249,$abc$20785$auto$blifparse.cc:397:parse_blif$25035,$_NAND_,Y,6186
4250,$abc$20785$auto$blifparse.cc:397:parse_blif$25036,$_AND_,Y,6187
4251,$abc$20785$auto$blifparse.cc:397:parse_blif$25037,$_NAND_,Y,6188
4252,$abc$20785$auto$blifparse.cc:397:parse_blif$25038,$_AND_,Y,6189
4253,$abc$20785$auto$blifparse.cc:397:parse_blif$25039,$_NAND_,Y,6190
4254,$abc$20785$auto$blifparse.cc:397:parse_blif$25040,$_AND_,Y,6191
4255,$abc$20785$auto$blifparse.cc:397:parse_blif$25041,$_NAND_,Y,6192
4256,$abc$20785$auto$blifparse.cc:397:parse_blif$25042,$_NAND_,Y,6193
4257,$abc$20785$auto$blifparse.cc:397:parse_blif$25043,$_XOR_,Y,6194
4258,$abc$20785$auto$blifparse.cc:397:parse_blif$25044,$_ORNOT_,Y,6195
4259,$abc$20785$auto$blifparse.cc:397:parse_blif$25045,$_ORNOT_,Y,6196
4260,$abc$20785$auto$blifparse.cc:397:parse_blif$25046,$_AND_,Y,6197
4261,$abc$20785$auto$blifparse.cc:397:parse_blif$25047,$_XNOR_,Y,6198
4262,$abc$20785$auto$blifparse.cc:397:parse_blif$25048,$_XNOR_,Y,6199
4263,$abc$20785$auto$blifparse.cc:397:parse_blif$25049,$_MUX_,Y,6200
4264,$abc$20785$auto$blifparse.cc:397:parse_blif$25050,$_NAND_,Y,6201
4265,$abc$20785$auto$blifparse.cc:397:parse_blif$25051,$_NAND_,Y,6202
4266,$abc$20785$auto$blifparse.cc:397:parse_blif$25052,$_XNOR_,Y,6203
4267,$abc$20785$auto$blifparse.cc:397:parse_blif$25053,$_XNOR_,Y,6204
4268,$abc$20785$auto$blifparse.cc:397:parse_blif$25054,$_MUX_,Y,6205
4269,$abc$20785$auto$blifparse.cc:397:parse_blif$25055,$_NAND_,Y,6206
4270,$abc$20785$auto$blifparse.cc:397:parse_blif$25056,$_NAND_,Y,6207
4271,$abc$20785$auto$blifparse.cc:397:parse_blif$25057,$_NAND_,Y,6208
4272,$abc$20785$auto$blifparse.cc:397:parse_blif$25058,$_XNOR_,Y,6209
4273,$abc$20785$auto$blifparse.cc:397:parse_blif$25059,$_XOR_,Y,6210
4274,$abc$20785$auto$blifparse.cc:397:parse_blif$25060,$_MUX_,Y,6211
4275,$abc$20785$auto$blifparse.cc:397:parse_blif$25061,$_NAND_,Y,6212
4276,$abc$20785$auto$blifparse.cc:397:parse_blif$25062,$_NAND_,Y,6213
4277,$abc$20785$auto$blifparse.cc:397:parse_blif$25063,$_XNOR_,Y,6214
4278,$abc$20785$auto$blifparse.cc:397:parse_blif$25064,$_XNOR_,Y,6215
4279,$abc$20785$auto$blifparse.cc:397:parse_blif$25065,$_MUX_,Y,6216
4280,$abc$20785$auto$blifparse.cc:397:parse_blif$25066,$_NAND_,Y,6217
4281,$abc$20785$auto$blifparse.cc:397:parse_blif$25067,$_NAND_,Y,6218
4282,$abc$20785$auto$blifparse.cc:397:parse_blif$25068,$_AND_,Y,6219
4283,$abc$20785$auto$blifparse.cc:397:parse_blif$25069,$_XOR_,Y,6220
4284,$abc$20785$auto$blifparse.cc:397:parse_blif$25070,$_XOR_,Y,6221
4285,$abc$20785$auto$blifparse.cc:397:parse_blif$25071,$_MUX_,Y,6222
4286,$abc$20785$auto$blifparse.cc:397:parse_blif$25072,$_NAND_,Y,6223
4287,$abc$20785$auto$blifparse.cc:397:parse_blif$25073,$_NAND_,Y,6224
4288,$abc$20785$auto$blifparse.cc:397:parse_blif$25074,$_XNOR_,Y,6225
4289,$abc$20785$auto$blifparse.cc:397:parse_blif$25075,$_XNOR_,Y,6226
4290,$abc$20785$auto$blifparse.cc:397:parse_blif$25076,$_MUX_,Y,6227
4291,$abc$20785$auto$blifparse.cc:397:parse_blif$25077,$_NAND_,Y,6228
4292,$abc$20785$auto$blifparse.cc:397:parse_blif$25078,$_NAND_,Y,6229
4293,$abc$20785$auto$blifparse.cc:397:parse_blif$25079,$_AND_,Y,6230
4294,$abc$20785$auto$blifparse.cc:397:parse_blif$25080,$_XOR_,Y,6231
4295,$abc$20785$auto$blifparse.cc:397:parse_blif$25081,$_XNOR_,Y,6232
4296,$abc$20785$auto$blifparse.cc:397:parse_blif$25082,$_MUX_,Y,6233
4297,$abc$20785$auto$blifparse.cc:397:parse_blif$25083,$_NAND_,Y,6234
4298,$abc$20785$auto$blifparse.cc:397:parse_blif$25084,$_NAND_,Y,6235
4299,$abc$20785$auto$blifparse.cc:397:parse_blif$25085,$_XNOR_,Y,6236
4300,$abc$20785$auto$blifparse.cc:397:parse_blif$25086,$_XNOR_,Y,6237
4301,$abc$20785$auto$blifparse.cc:397:parse_blif$25087,$_MUX_,Y,6238
4302,$abc$20785$auto$blifparse.cc:397:parse_blif$25088,$_NAND_,Y,6239
4303,$abc$20785$auto$blifparse.cc:397:parse_blif$25089,$_NAND_,Y,6240
4304,$abc$20785$auto$blifparse.cc:397:parse_blif$25090,$_AND_,Y,6241
4305,$abc$20785$auto$blifparse.cc:397:parse_blif$25091,$_XOR_,Y,6242
4306,$abc$20785$auto$blifparse.cc:397:parse_blif$25092,$_XOR_,Y,6243
4307,$abc$20785$auto$blifparse.cc:397:parse_blif$25093,$_MUX_,Y,6244
4308,$abc$20785$auto$blifparse.cc:397:parse_blif$25094,$_NAND_,Y,6245
4309,$abc$20785$auto$blifparse.cc:397:parse_blif$25095,$_NAND_,Y,6246
4310,$abc$20785$auto$blifparse.cc:397:parse_blif$25096,$_XNOR_,Y,6247
4311,$abc$20785$auto$blifparse.cc:397:parse_blif$25097,$_XNOR_,Y,6248
4312,$abc$20785$auto$blifparse.cc:397:parse_blif$25098,$_MUX_,Y,6249
4313,$abc$20785$auto$blifparse.cc:397:parse_blif$25099,$_NAND_,Y,6250
4314,$abc$20785$auto$blifparse.cc:397:parse_blif$25100,$_NAND_,Y,6251
4315,$abc$20785$auto$blifparse.cc:397:parse_blif$25101,$_NAND_,Y,6252
4316,$abc$20785$auto$blifparse.cc:397:parse_blif$25102,$_XNOR_,Y,6253
4317,$abc$20785$auto$blifparse.cc:397:parse_blif$25103,$_XOR_,Y,6254
4318,$abc$20785$auto$blifparse.cc:397:parse_blif$25104,$_MUX_,Y,6255
4319,$abc$20785$auto$blifparse.cc:397:parse_blif$25105,$_NAND_,Y,6256
4320,$abc$20785$auto$blifparse.cc:397:parse_blif$25106,$_NAND_,Y,6257
4321,$abc$20785$auto$blifparse.cc:397:parse_blif$25107,$_XNOR_,Y,6258
4322,$abc$20785$auto$blifparse.cc:397:parse_blif$25108,$_XNOR_,Y,6259
4323,$abc$20785$auto$blifparse.cc:397:parse_blif$25109,$_MUX_,Y,6260
4324,$abc$20785$auto$blifparse.cc:397:parse_blif$25110,$_NAND_,Y,6261
4325,$abc$20785$auto$blifparse.cc:397:parse_blif$25111,$_NAND_,Y,6262
4326,$abc$20785$auto$blifparse.cc:397:parse_blif$25112,$_NAND_,Y,6263
4327,$abc$20785$auto$blifparse.cc:397:parse_blif$25113,$_XNOR_,Y,6264
4328,$abc$20785$auto$blifparse.cc:397:parse_blif$25114,$_XOR_,Y,6265
4329,$abc$20785$auto$blifparse.cc:397:parse_blif$25115,$_MUX_,Y,6266
4330,$abc$20785$auto$blifparse.cc:397:parse_blif$25116,$_NAND_,Y,6267
4331,$abc$20785$auto$blifparse.cc:397:parse_blif$25117,$_NAND_,Y,6268
4332,$abc$20785$auto$blifparse.cc:397:parse_blif$25118,$_XNOR_,Y,6269
4333,$abc$20785$auto$blifparse.cc:397:parse_blif$25119,$_XNOR_,Y,6270
4334,$abc$20785$auto$blifparse.cc:397:parse_blif$25120,$_MUX_,Y,6271
4335,$abc$20785$auto$blifparse.cc:397:parse_blif$25121,$_NAND_,Y,6272
4336,$abc$20785$auto$blifparse.cc:397:parse_blif$25122,$_NAND_,Y,6273
4337,$abc$20785$auto$blifparse.cc:397:parse_blif$25123,$_NAND_,Y,6274
4338,$abc$20785$auto$blifparse.cc:397:parse_blif$25124,$_XNOR_,Y,6275
4339,$abc$20785$auto$blifparse.cc:397:parse_blif$25125,$_XOR_,Y,6276
4340,$abc$20785$auto$blifparse.cc:397:parse_blif$25126,$_MUX_,Y,6277
4341,$abc$20785$auto$blifparse.cc:397:parse_blif$25127,$_NAND_,Y,6278
4342,$abc$20785$auto$blifparse.cc:397:parse_blif$25128,$_NAND_,Y,6279
4343,$abc$20785$auto$blifparse.cc:397:parse_blif$25129,$_XNOR_,Y,6280
4344,$abc$20785$auto$blifparse.cc:397:parse_blif$25130,$_XOR_,Y,6281
4345,$abc$20785$auto$blifparse.cc:397:parse_blif$25131,$_MUX_,Y,6282
4346,$abc$20785$auto$blifparse.cc:397:parse_blif$25132,$_NAND_,Y,6283
4347,$abc$20785$auto$blifparse.cc:397:parse_blif$25133,$_NAND_,Y,6284
4348,$abc$20785$auto$blifparse.cc:397:parse_blif$25134,$_XOR_,Y,6285
4349,$abc$20785$auto$blifparse.cc:397:parse_blif$25135,$_XOR_,Y,6286
4350,$abc$20785$auto$blifparse.cc:397:parse_blif$25136,$_MUX_,Y,6287
4351,$abc$20785$auto$blifparse.cc:397:parse_blif$25137,$_NAND_,Y,6288
4352,$abc$20785$auto$blifparse.cc:397:parse_blif$25138,$_NAND_,Y,6289
4353,$abc$20785$auto$blifparse.cc:397:parse_blif$25139,$_XOR_,Y,6290
4354,$abc$20785$auto$blifparse.cc:397:parse_blif$25140,$_XNOR_,Y,6291
4355,$abc$20785$auto$blifparse.cc:397:parse_blif$25141,$_MUX_,Y,6292
4356,$abc$20785$auto$blifparse.cc:397:parse_blif$25142,$_NAND_,Y,6293
4357,$abc$20785$auto$blifparse.cc:397:parse_blif$25143,$_NAND_,Y,6294
4358,$abc$20785$auto$blifparse.cc:397:parse_blif$25144,$_XOR_,Y,6295
4359,$abc$20785$auto$blifparse.cc:397:parse_blif$25145,$_XNOR_,Y,6296
4360,$abc$20785$auto$blifparse.cc:397:parse_blif$25146,$_MUX_,Y,6297
4361,$abc$20785$auto$blifparse.cc:397:parse_blif$25147,$_NAND_,Y,6298
4362,$abc$20785$auto$blifparse.cc:397:parse_blif$25148,$_NAND_,Y,6299
4363,$abc$20785$auto$blifparse.cc:397:parse_blif$25149,$_XNOR_,Y,6300
4364,$abc$20785$auto$blifparse.cc:397:parse_blif$25150,$_XOR_,Y,6301
4365,$abc$20785$auto$blifparse.cc:397:parse_blif$25151,$_MUX_,Y,6302
4366,$abc$20785$auto$blifparse.cc:397:parse_blif$25152,$_NAND_,Y,6303
4367,$abc$20785$auto$blifparse.cc:397:parse_blif$25153,$_NAND_,Y,6304
4368,$abc$20785$auto$blifparse.cc:397:parse_blif$25154,$_XOR_,Y,6305
4369,$abc$20785$auto$blifparse.cc:397:parse_blif$25155,$_XNOR_,Y,6306
4370,$abc$20785$auto$blifparse.cc:397:parse_blif$25156,$_MUX_,Y,6307
4371,$abc$20785$auto$blifparse.cc:397:parse_blif$25157,$_NAND_,Y,6308
4372,$abc$20785$auto$blifparse.cc:397:parse_blif$25158,$_NAND_,Y,6309
4373,$abc$20785$auto$blifparse.cc:397:parse_blif$25159,$_XNOR_,Y,6310
4374,$abc$20785$auto$blifparse.cc:397:parse_blif$25160,$_XOR_,Y,6311
4375,$abc$20785$auto$blifparse.cc:397:parse_blif$25161,$_MUX_,Y,6312
4376,$abc$20785$auto$blifparse.cc:397:parse_blif$25162,$_NAND_,Y,6313
4377,$abc$20785$auto$blifparse.cc:397:parse_blif$25163,$_NAND_,Y,6314
4378,$abc$20785$auto$blifparse.cc:397:parse_blif$25164,$_XNOR_,Y,6315
4379,$abc$20785$auto$blifparse.cc:397:parse_blif$25165,$_XOR_,Y,6316
4380,$abc$20785$auto$blifparse.cc:397:parse_blif$25166,$_MUX_,Y,6317
4381,$abc$20785$auto$blifparse.cc:397:parse_blif$25167,$_NAND_,Y,6318
4382,$abc$20785$auto$blifparse.cc:397:parse_blif$25168,$_NAND_,Y,6319
4383,$abc$20785$auto$blifparse.cc:397:parse_blif$25169,$_XNOR_,Y,6320
4384,$abc$20785$auto$blifparse.cc:397:parse_blif$25170,$_XOR_,Y,6321
4385,$abc$20785$auto$blifparse.cc:397:parse_blif$25171,$_MUX_,Y,6322
4386,$abc$20785$auto$blifparse.cc:397:parse_blif$25172,$_NAND_,Y,6323
4387,$abc$20785$auto$blifparse.cc:397:parse_blif$25173,$_NAND_,Y,6324
4388,$abc$20785$auto$blifparse.cc:397:parse_blif$25174,$_XOR_,Y,6325
4389,$abc$20785$auto$blifparse.cc:397:parse_blif$25175,$_ORNOT_,Y,6326
4390,$abc$20785$auto$blifparse.cc:397:parse_blif$25176,$_XNOR_,Y,6327
4391,$abc$20785$auto$blifparse.cc:397:parse_blif$25177,$_XNOR_,Y,6328
4392,$abc$20785$auto$blifparse.cc:397:parse_blif$25178,$_OR_,Y,6329
4393,$abc$20785$auto$blifparse.cc:397:parse_blif$25179,$_NAND_,Y,6330
4394,$abc$20785$auto$blifparse.cc:397:parse_blif$25180,$_XNOR_,Y,6331
4395,$abc$20785$auto$blifparse.cc:397:parse_blif$25181,$_NAND_,Y,6332
4396,$abc$20785$auto$blifparse.cc:397:parse_blif$25182,$_XOR_,Y,6333
4397,$abc$20785$auto$blifparse.cc:397:parse_blif$25183,$_XNOR_,Y,6334
4398,$abc$20785$auto$blifparse.cc:397:parse_blif$25184,$_NAND_,Y,6335
4399,$abc$20785$auto$blifparse.cc:397:parse_blif$25185,$_OR_,Y,6336
4400,$abc$20785$auto$blifparse.cc:397:parse_blif$25186,$_XNOR_,Y,6337
4401,$abc$20785$auto$blifparse.cc:397:parse_blif$25187,$_ORNOT_,Y,6338
4402,$abc$20785$auto$blifparse.cc:397:parse_blif$25188,$_XNOR_,Y,6339
4403,$abc$20785$auto$blifparse.cc:397:parse_blif$25189,$_XNOR_,Y,6340
4404,$abc$20785$auto$blifparse.cc:397:parse_blif$25190,$_NOT_,Y,6341
4405,$abc$20785$auto$blifparse.cc:397:parse_blif$25191,$_NAND_,Y,6342
4406,$abc$20785$auto$blifparse.cc:397:parse_blif$25192,$_ORNOT_,Y,6343
4407,$abc$20785$auto$blifparse.cc:397:parse_blif$25193,$_XNOR_,Y,6344
4408,$abc$20785$auto$blifparse.cc:397:parse_blif$25194,$_ORNOT_,Y,6345
4409,$abc$20785$auto$blifparse.cc:397:parse_blif$25195,$_XNOR_,Y,6346
4410,$abc$20785$auto$blifparse.cc:397:parse_blif$25196,$_NAND_,Y,6347
4411,$abc$20785$auto$blifparse.cc:397:parse_blif$25197,$_NAND_,Y,6348
4412,$abc$20785$auto$blifparse.cc:397:parse_blif$25198,$_NAND_,Y,6349
4413,$abc$20785$auto$blifparse.cc:397:parse_blif$25199,$_NAND_,Y,6350
4414,$abc$20785$auto$blifparse.cc:397:parse_blif$25200,$_NAND_,Y,6351
4415,$abc$20785$auto$blifparse.cc:397:parse_blif$25201,$_AND_,Y,6352
4416,$abc$20785$auto$blifparse.cc:397:parse_blif$25202,$_ORNOT_,Y,6353
4417,$abc$20785$auto$blifparse.cc:397:parse_blif$25203,$_AND_,Y,6354
4418,$abc$20785$auto$blifparse.cc:397:parse_blif$25204,$_NAND_,Y,6355
4419,$abc$20785$auto$blifparse.cc:397:parse_blif$25205,$_AND_,Y,6356
4420,$abc$20785$auto$blifparse.cc:397:parse_blif$25206,$_NAND_,Y,6357
4421,$abc$20785$auto$blifparse.cc:397:parse_blif$25207,$_NAND_,Y,6358
4422,$abc$20785$auto$blifparse.cc:397:parse_blif$25208,$_NAND_,Y,6359
4423,$abc$20785$auto$blifparse.cc:397:parse_blif$25209,$_AND_,Y,6360
4424,$abc$20785$auto$blifparse.cc:397:parse_blif$25210,$_ORNOT_,Y,6361
4425,$abc$20785$auto$blifparse.cc:397:parse_blif$25211,$_AND_,Y,6362
4426,$abc$20785$auto$blifparse.cc:397:parse_blif$25212,$_XNOR_,Y,6363
4427,$abc$20785$auto$blifparse.cc:397:parse_blif$25213,$_XNOR_,Y,6364
4428,$abc$20785$auto$blifparse.cc:397:parse_blif$25214,$_XNOR_,Y,6365
4429,$abc$20785$auto$blifparse.cc:397:parse_blif$25215,$_XNOR_,Y,6366
4430,$abc$20785$auto$blifparse.cc:397:parse_blif$25216,$_MUX_,Y,6367
4431,$abc$20785$auto$blifparse.cc:397:parse_blif$25217,$_NAND_,Y,6368
4432,$abc$20785$auto$blifparse.cc:397:parse_blif$25218,$_NAND_,Y,6369
4433,$abc$20785$auto$blifparse.cc:397:parse_blif$25219,$_XOR_,Y,6370
4434,$abc$20785$auto$blifparse.cc:397:parse_blif$25220,$_XOR_,Y,6371
4435,$abc$20785$auto$blifparse.cc:397:parse_blif$25221,$_MUX_,Y,6372
4436,$abc$20785$auto$blifparse.cc:397:parse_blif$25222,$_NAND_,Y,6373
4437,$abc$20785$auto$blifparse.cc:397:parse_blif$25223,$_NAND_,Y,6374
4438,$abc$20785$auto$blifparse.cc:397:parse_blif$25224,$_AND_,Y,6375
4439,$abc$20785$auto$blifparse.cc:397:parse_blif$25225,$_XNOR_,Y,6376
4440,$abc$20785$auto$blifparse.cc:397:parse_blif$25226,$_XNOR_,Y,6377
4441,$abc$20785$auto$blifparse.cc:397:parse_blif$25227,$_MUX_,Y,6378
4442,$abc$20785$auto$blifparse.cc:397:parse_blif$25228,$_NAND_,Y,6379
4443,$abc$20785$auto$blifparse.cc:397:parse_blif$25229,$_NAND_,Y,6380
4444,$abc$20785$auto$blifparse.cc:397:parse_blif$25230,$_XNOR_,Y,6381
4445,$abc$20785$auto$blifparse.cc:397:parse_blif$25231,$_XNOR_,Y,6382
4446,$abc$20785$auto$blifparse.cc:397:parse_blif$25232,$_MUX_,Y,6383
4447,$abc$20785$auto$blifparse.cc:397:parse_blif$25233,$_NAND_,Y,6384
4448,$abc$20785$auto$blifparse.cc:397:parse_blif$25234,$_NAND_,Y,6385
4449,$abc$20785$auto$blifparse.cc:397:parse_blif$25235,$_NAND_,Y,6386
4450,$abc$20785$auto$blifparse.cc:397:parse_blif$25236,$_XNOR_,Y,6387
4451,$abc$20785$auto$blifparse.cc:397:parse_blif$25237,$_XOR_,Y,6388
4452,$abc$20785$auto$blifparse.cc:397:parse_blif$25238,$_MUX_,Y,6389
4453,$abc$20785$auto$blifparse.cc:397:parse_blif$25239,$_NAND_,Y,6390
4454,$abc$20785$auto$blifparse.cc:397:parse_blif$25240,$_NAND_,Y,6391
4455,$abc$20785$auto$blifparse.cc:397:parse_blif$25241,$_XOR_,Y,6392
4456,$abc$20785$auto$blifparse.cc:397:parse_blif$25242,$_XNOR_,Y,6393
4457,$abc$20785$auto$blifparse.cc:397:parse_blif$25243,$_MUX_,Y,6394
4458,$abc$20785$auto$blifparse.cc:397:parse_blif$25244,$_NAND_,Y,6395
4459,$abc$20785$auto$blifparse.cc:397:parse_blif$25245,$_NAND_,Y,6396
4460,$abc$20785$auto$blifparse.cc:397:parse_blif$25246,$_AND_,Y,6397
4461,$abc$20785$auto$blifparse.cc:397:parse_blif$25247,$_XNOR_,Y,6398
4462,$abc$20785$auto$blifparse.cc:397:parse_blif$25248,$_XNOR_,Y,6399
4463,$abc$20785$auto$blifparse.cc:397:parse_blif$25249,$_MUX_,Y,6400
4464,$abc$20785$auto$blifparse.cc:397:parse_blif$25250,$_NAND_,Y,6401
4465,$abc$20785$auto$blifparse.cc:397:parse_blif$25251,$_NAND_,Y,6402
4466,$abc$20785$auto$blifparse.cc:397:parse_blif$25252,$_XOR_,Y,6403
4467,$abc$20785$auto$blifparse.cc:397:parse_blif$25253,$_ORNOT_,Y,6404
4468,$abc$20785$auto$blifparse.cc:397:parse_blif$25254,$_XNOR_,Y,6405
4469,$abc$20785$auto$blifparse.cc:397:parse_blif$25255,$_XNOR_,Y,6406
4470,$abc$20785$auto$blifparse.cc:397:parse_blif$25256,$_ORNOT_,Y,6407
4471,$abc$20785$auto$blifparse.cc:397:parse_blif$25257,$_ORNOT_,Y,6408
4472,$abc$20785$auto$blifparse.cc:397:parse_blif$25258,$_XOR_,Y,6409
4473,$abc$20785$auto$blifparse.cc:397:parse_blif$25259,$_ORNOT_,Y,6410
4474,$abc$20785$auto$blifparse.cc:397:parse_blif$25260,$_XNOR_,Y,6411
4475,$abc$20785$auto$blifparse.cc:397:parse_blif$25261,$_XNOR_,Y,6412
4476,$abc$20785$auto$blifparse.cc:397:parse_blif$25262,$_AND_,Y,6413
4477,$abc$20785$auto$blifparse.cc:397:parse_blif$25263,$_XNOR_,Y,6414
4478,$abc$20785$auto$blifparse.cc:397:parse_blif$25264,$_NOT_,Y,6415
4479,$abc$20785$auto$blifparse.cc:397:parse_blif$25265,$_NAND_,Y,6416
4480,$abc$20785$auto$blifparse.cc:397:parse_blif$25266,$_OR_,Y,6417
4481,$abc$20785$auto$blifparse.cc:397:parse_blif$25267,$_XOR_,Y,6418
4482,$abc$20785$auto$blifparse.cc:397:parse_blif$25268,$_ORNOT_,Y,6419
4483,$abc$20785$auto$blifparse.cc:397:parse_blif$25269,$_XNOR_,Y,6420
4484,$abc$20785$auto$blifparse.cc:397:parse_blif$25270,$_XNOR_,Y,6421
4485,$abc$20785$auto$blifparse.cc:397:parse_blif$25271,$_NOT_,Y,6422
4486,$abc$20785$auto$blifparse.cc:397:parse_blif$25272,$_ORNOT_,Y,6423
4487,$abc$20785$auto$blifparse.cc:397:parse_blif$25273,$_NAND_,Y,6424
4488,$abc$20785$auto$blifparse.cc:397:parse_blif$25274,$_XNOR_,Y,6425
4489,$abc$20785$auto$blifparse.cc:397:parse_blif$25275,$_ORNOT_,Y,6426
4490,$abc$20785$auto$blifparse.cc:397:parse_blif$25276,$_XNOR_,Y,6427
4491,$abc$20785$auto$blifparse.cc:397:parse_blif$25277,$_XOR_,Y,6428
4492,$abc$20785$auto$blifparse.cc:397:parse_blif$25278,$_NOT_,Y,6429
4493,$abc$20785$auto$blifparse.cc:397:parse_blif$25279,$_ORNOT_,Y,6430
4494,$abc$20785$auto$blifparse.cc:397:parse_blif$25280,$_NAND_,Y,6431
4495,$abc$20785$auto$blifparse.cc:397:parse_blif$25281,$_XOR_,Y,6432
4496,$abc$20785$auto$blifparse.cc:397:parse_blif$25282,$_ORNOT_,Y,6433
4497,$abc$20785$auto$blifparse.cc:397:parse_blif$25283,$_XNOR_,Y,6434
4498,$abc$20785$auto$blifparse.cc:397:parse_blif$25284,$_XOR_,Y,6435
4499,$abc$20785$auto$blifparse.cc:397:parse_blif$25285,$_NAND_,Y,6436
4500,$abc$20785$auto$blifparse.cc:397:parse_blif$25286,$_OR_,Y,6437
4501,$abc$20785$auto$blifparse.cc:397:parse_blif$25287,$_XNOR_,Y,6438
4502,$abc$20785$auto$blifparse.cc:397:parse_blif$25288,$_ORNOT_,Y,6439
4503,$abc$20785$auto$blifparse.cc:397:parse_blif$25289,$_XNOR_,Y,6440
4504,$abc$20785$auto$blifparse.cc:397:parse_blif$25290,$_XOR_,Y,6441
4505,$abc$20785$auto$blifparse.cc:397:parse_blif$25291,$_NAND_,Y,6442
4506,$abc$20785$auto$blifparse.cc:397:parse_blif$25292,$_OR_,Y,6443
4507,$abc$20785$auto$blifparse.cc:397:parse_blif$25293,$_XNOR_,Y,6444
4508,$abc$20785$auto$blifparse.cc:397:parse_blif$25294,$_ORNOT_,Y,6445
4509,$abc$20785$auto$blifparse.cc:397:parse_blif$25295,$_XNOR_,Y,6446
4510,$abc$20785$auto$blifparse.cc:397:parse_blif$25296,$_XNOR_,Y,6447
4511,$abc$20785$auto$blifparse.cc:397:parse_blif$25297,$_NAND_,Y,6448
4512,$abc$20785$auto$blifparse.cc:397:parse_blif$25298,$_OR_,Y,6449
4513,$abc$20785$auto$blifparse.cc:397:parse_blif$25299,$_XNOR_,Y,6450
4514,$abc$20785$auto$blifparse.cc:397:parse_blif$25300,$_ANDNOT_,Y,6451
4515,$abc$20785$auto$blifparse.cc:397:parse_blif$25301,$_AND_,Y,6452
4516,$abc$20785$auto$blifparse.cc:397:parse_blif$25302,$_XNOR_,Y,6453
4517,$abc$20785$auto$blifparse.cc:397:parse_blif$25303,$_XNOR_,Y,6454
4518,$abc$20785$auto$blifparse.cc:397:parse_blif$25304,$_XNOR_,Y,6455
4519,$abc$20785$auto$blifparse.cc:397:parse_blif$25305,$_NOT_,Y,6456
4520,$abc$20785$auto$blifparse.cc:397:parse_blif$25306,$_XOR_,Y,6457
4521,$abc$20785$auto$blifparse.cc:397:parse_blif$25307,$_XNOR_,Y,6458
4522,$abc$20785$auto$blifparse.cc:397:parse_blif$25308,$_NAND_,Y,6459
4523,$abc$20785$auto$blifparse.cc:397:parse_blif$25309,$_XNOR_,Y,6460
4524,$abc$20785$auto$blifparse.cc:397:parse_blif$25310,$_XNOR_,Y,6461
4525,$abc$20785$auto$blifparse.cc:397:parse_blif$25311,$_NAND_,Y,6462
4526,$abc$20785$auto$blifparse.cc:397:parse_blif$25312,$_XOR_,Y,6463
4527,$abc$20785$auto$blifparse.cc:397:parse_blif$25313,$_XNOR_,Y,6464
4528,$abc$20785$auto$blifparse.cc:397:parse_blif$25314,$_NAND_,Y,6465
4529,$abc$20785$auto$blifparse.cc:397:parse_blif$25315,$_XOR_,Y,6466
4530,$abc$20785$auto$blifparse.cc:397:parse_blif$25316,$_XNOR_,Y,6467
4531,$abc$20785$auto$blifparse.cc:397:parse_blif$25317,$_XOR_,Y,6468
4532,$abc$20785$auto$blifparse.cc:397:parse_blif$25318,$_NAND_,Y,6469
4533,$abc$20785$auto$blifparse.cc:397:parse_blif$25319,$_XNOR_,Y,6470
4534,$abc$20785$auto$blifparse.cc:397:parse_blif$25320,$_ORNOT_,Y,6471
4535,$abc$20785$auto$blifparse.cc:397:parse_blif$25321,$_XNOR_,Y,6472
4536,$abc$20785$auto$blifparse.cc:397:parse_blif$25322,$_XOR_,Y,6473
4537,$abc$20785$auto$blifparse.cc:397:parse_blif$25323,$_ANDNOT_,Y,6474
4538,$abc$20785$auto$blifparse.cc:397:parse_blif$25324,$_XNOR_,Y,6475
4539,$abc$20785$auto$blifparse.cc:397:parse_blif$25325,$_ANDNOT_,Y,6476
4540,$abc$20785$auto$blifparse.cc:397:parse_blif$25326,$_XNOR_,Y,6477
4541,$abc$20785$auto$blifparse.cc:397:parse_blif$25327,$_AND_,Y,6478
4542,$abc$20785$auto$blifparse.cc:397:parse_blif$25328,$_XNOR_,Y,6479
4543,$abc$20785$auto$blifparse.cc:397:parse_blif$25329,$_AND_,Y,6480
4544,$abc$20785$auto$blifparse.cc:397:parse_blif$25330,$_OR_,Y,6481
4545,$abc$20785$auto$blifparse.cc:397:parse_blif$25331,$_XNOR_,Y,6482
4546,$abc$20785$auto$blifparse.cc:397:parse_blif$25332,$_AND_,Y,6483
4547,$abc$20785$auto$blifparse.cc:397:parse_blif$25333,$_NOR_,Y,6484
4548,$abc$20785$auto$blifparse.cc:397:parse_blif$25334,$_ORNOT_,Y,6485
4549,$abc$20785$auto$blifparse.cc:397:parse_blif$25335,$_NAND_,Y,6486
4550,$abc$20785$auto$blifparse.cc:397:parse_blif$25336,$_XNOR_,Y,6487
4551,$abc$20785$auto$blifparse.cc:397:parse_blif$25337,$_NAND_,Y,6488
4552,$abc$20785$auto$blifparse.cc:397:parse_blif$25338,$_AND_,Y,6489
4553,$abc$20785$auto$blifparse.cc:397:parse_blif$25339,$_ORNOT_,Y,6490
4554,$abc$20785$auto$blifparse.cc:397:parse_blif$25340,$_AND_,Y,6491
4555,$abc$20785$auto$blifparse.cc:397:parse_blif$25341,$_ORNOT_,Y,6492
4556,$abc$20785$auto$blifparse.cc:397:parse_blif$25342,$_AND_,Y,6493
4557,$abc$20785$auto$blifparse.cc:397:parse_blif$25343,$_ORNOT_,Y,6494
4558,$abc$20785$auto$blifparse.cc:397:parse_blif$25344,$_NAND_,Y,6495
4559,$abc$20785$auto$blifparse.cc:397:parse_blif$25345,$_XNOR_,Y,6496
4560,$abc$20785$auto$blifparse.cc:397:parse_blif$25346,$_AND_,Y,6497
4561,$abc$20785$auto$blifparse.cc:397:parse_blif$25347,$_NOR_,Y,6498
4562,$abc$20785$auto$blifparse.cc:397:parse_blif$25348,$_NAND_,Y,6499
4563,$abc$20785$auto$blifparse.cc:397:parse_blif$25349,$_AND_,Y,6500
4564,$abc$20785$auto$blifparse.cc:397:parse_blif$25350,$_NAND_,Y,6501
4565,$abc$20785$auto$blifparse.cc:397:parse_blif$25351,$_AND_,Y,6502
4566,$abc$20785$auto$blifparse.cc:397:parse_blif$25352,$_NAND_,Y,6503
4567,$abc$20785$auto$blifparse.cc:397:parse_blif$25353,$_AND_,Y,6504
4568,$abc$20785$auto$blifparse.cc:397:parse_blif$25354,$_NAND_,Y,6505
4569,$abc$20785$auto$blifparse.cc:397:parse_blif$25355,$_AND_,Y,6506
4570,$abc$20785$auto$blifparse.cc:397:parse_blif$25356,$_NAND_,Y,6507
4571,$abc$20785$auto$blifparse.cc:397:parse_blif$25357,$_AND_,Y,6508
4572,$abc$20785$auto$blifparse.cc:397:parse_blif$25358,$_NAND_,Y,6509
4573,$abc$20785$auto$blifparse.cc:397:parse_blif$25359,$_AND_,Y,6510
4574,$abc$20785$auto$blifparse.cc:397:parse_blif$25360,$_NAND_,Y,6511
4575,$abc$20785$auto$blifparse.cc:397:parse_blif$25361,$_AND_,Y,6512
4576,$abc$20785$auto$blifparse.cc:397:parse_blif$25362,$_NAND_,Y,6513
4577,$abc$20785$auto$blifparse.cc:397:parse_blif$25363,$_AND_,Y,6514
4578,$abc$20785$auto$blifparse.cc:397:parse_blif$25364,$_NAND_,Y,6515
4579,$abc$20785$auto$blifparse.cc:397:parse_blif$25365,$_AND_,Y,6516
4580,$abc$20785$auto$blifparse.cc:397:parse_blif$25366,$_NAND_,Y,6517
4581,$abc$20785$auto$blifparse.cc:397:parse_blif$25367,$_AND_,Y,6518
4582,$abc$20785$auto$blifparse.cc:397:parse_blif$25368,$_NAND_,Y,6519
4583,$abc$20785$auto$blifparse.cc:397:parse_blif$25369,$_AND_,Y,6520
4584,$abc$20785$auto$blifparse.cc:397:parse_blif$25370,$_NAND_,Y,6521
4585,$abc$20785$auto$blifparse.cc:397:parse_blif$25371,$_AND_,Y,6522
4586,$abc$20785$auto$blifparse.cc:397:parse_blif$25372,$_NAND_,Y,6523
4587,$abc$20785$auto$blifparse.cc:397:parse_blif$25373,$_AND_,Y,6524
4588,$abc$20785$auto$blifparse.cc:397:parse_blif$25374,$_NAND_,Y,6525
4589,$abc$20785$auto$blifparse.cc:397:parse_blif$25375,$_NAND_,Y,6526
4590,$abc$20785$auto$blifparse.cc:397:parse_blif$25376,$_XNOR_,Y,6527
4591,$abc$20785$auto$blifparse.cc:397:parse_blif$25377,$_OR_,Y,6528
4592,$abc$20785$auto$blifparse.cc:397:parse_blif$25378,$_NAND_,Y,6529
4593,$abc$20785$auto$blifparse.cc:397:parse_blif$25379,$_AND_,Y,6530
4594,$abc$20785$auto$blifparse.cc:397:parse_blif$25380,$_XNOR_,Y,6531
4595,$abc$20785$auto$blifparse.cc:397:parse_blif$25381,$_XNOR_,Y,6532
4596,$abc$20785$auto$blifparse.cc:397:parse_blif$25382,$_MUX_,Y,6533
4597,$abc$20785$auto$blifparse.cc:397:parse_blif$25383,$_NAND_,Y,6534
4598,$abc$20785$auto$blifparse.cc:397:parse_blif$25384,$_NAND_,Y,6535
4599,$abc$20785$auto$blifparse.cc:397:parse_blif$25385,$_XNOR_,Y,6536
4600,$abc$20785$auto$blifparse.cc:397:parse_blif$25386,$_XNOR_,Y,6537
4601,$abc$20785$auto$blifparse.cc:397:parse_blif$25387,$_MUX_,Y,6538
4602,$abc$20785$auto$blifparse.cc:397:parse_blif$25388,$_NAND_,Y,6539
4603,$abc$20785$auto$blifparse.cc:397:parse_blif$25389,$_NAND_,Y,6540
4604,$abc$20785$auto$blifparse.cc:397:parse_blif$25390,$_AND_,Y,6541
4605,$abc$20785$auto$blifparse.cc:397:parse_blif$25391,$_XOR_,Y,6542
4606,$abc$20785$auto$blifparse.cc:397:parse_blif$25392,$_XOR_,Y,6543
4607,$abc$20785$auto$blifparse.cc:397:parse_blif$25393,$_MUX_,Y,6544
4608,$abc$20785$auto$blifparse.cc:397:parse_blif$25394,$_NAND_,Y,6545
4609,$abc$20785$auto$blifparse.cc:397:parse_blif$25395,$_NAND_,Y,6546
4610,$abc$20785$auto$blifparse.cc:397:parse_blif$25396,$_XNOR_,Y,6547
4611,$abc$20785$auto$blifparse.cc:397:parse_blif$25397,$_XOR_,Y,6548
4612,$abc$20785$auto$blifparse.cc:397:parse_blif$25398,$_MUX_,Y,6549
4613,$abc$20785$auto$blifparse.cc:397:parse_blif$25399,$_NAND_,Y,6550
4614,$abc$20785$auto$blifparse.cc:397:parse_blif$25400,$_NAND_,Y,6551
4615,$abc$20785$auto$blifparse.cc:397:parse_blif$25401,$_NAND_,Y,6552
4616,$abc$20785$auto$blifparse.cc:397:parse_blif$25402,$_XNOR_,Y,6553
4617,$abc$20785$auto$blifparse.cc:397:parse_blif$25403,$_XNOR_,Y,6554
4618,$abc$20785$auto$blifparse.cc:397:parse_blif$25404,$_MUX_,Y,6555
4619,$abc$20785$auto$blifparse.cc:397:parse_blif$25405,$_NAND_,Y,6556
4620,$abc$20785$auto$blifparse.cc:397:parse_blif$25406,$_NAND_,Y,6557
4621,$abc$20785$auto$blifparse.cc:397:parse_blif$25407,$_XNOR_,Y,6558
4622,$abc$20785$auto$blifparse.cc:397:parse_blif$25408,$_XNOR_,Y,6559
4623,$abc$20785$auto$blifparse.cc:397:parse_blif$25409,$_MUX_,Y,6560
4624,$abc$20785$auto$blifparse.cc:397:parse_blif$25410,$_NAND_,Y,6561
4625,$abc$20785$auto$blifparse.cc:397:parse_blif$25411,$_NAND_,Y,6562
4626,$abc$20785$auto$blifparse.cc:397:parse_blif$25412,$_AND_,Y,6563
4627,$abc$20785$auto$blifparse.cc:397:parse_blif$25413,$_XOR_,Y,6564
4628,$abc$20785$auto$blifparse.cc:397:parse_blif$25414,$_XNOR_,Y,6565
4629,$abc$20785$auto$blifparse.cc:397:parse_blif$25415,$_MUX_,Y,6566
4630,$abc$20785$auto$blifparse.cc:397:parse_blif$25416,$_NAND_,Y,6567
4631,$abc$20785$auto$blifparse.cc:397:parse_blif$25417,$_NAND_,Y,6568
4632,$abc$20785$auto$blifparse.cc:397:parse_blif$25418,$_XNOR_,Y,6569
4633,$abc$20785$auto$blifparse.cc:397:parse_blif$25419,$_XNOR_,Y,6570
4634,$abc$20785$auto$blifparse.cc:397:parse_blif$25420,$_MUX_,Y,6571
4635,$abc$20785$auto$blifparse.cc:397:parse_blif$25421,$_NAND_,Y,6572
4636,$abc$20785$auto$blifparse.cc:397:parse_blif$25422,$_NAND_,Y,6573
4637,$abc$20785$auto$blifparse.cc:397:parse_blif$25423,$_AND_,Y,6574
4638,$abc$20785$auto$blifparse.cc:397:parse_blif$25424,$_XOR_,Y,6575
4639,$abc$20785$auto$blifparse.cc:397:parse_blif$25425,$_XOR_,Y,6576
4640,$abc$20785$auto$blifparse.cc:397:parse_blif$25426,$_MUX_,Y,6577
4641,$abc$20785$auto$blifparse.cc:397:parse_blif$25427,$_NAND_,Y,6578
4642,$abc$20785$auto$blifparse.cc:397:parse_blif$25428,$_NAND_,Y,6579
4643,$abc$20785$auto$blifparse.cc:397:parse_blif$25429,$_XNOR_,Y,6580
4644,$abc$20785$auto$blifparse.cc:397:parse_blif$25430,$_XNOR_,Y,6581
4645,$abc$20785$auto$blifparse.cc:397:parse_blif$25431,$_MUX_,Y,6582
4646,$abc$20785$auto$blifparse.cc:397:parse_blif$25432,$_NAND_,Y,6583
4647,$abc$20785$auto$blifparse.cc:397:parse_blif$25433,$_NAND_,Y,6584
4648,$abc$20785$auto$blifparse.cc:397:parse_blif$25434,$_NAND_,Y,6585
4649,$abc$20785$auto$blifparse.cc:397:parse_blif$25435,$_XNOR_,Y,6586
4650,$abc$20785$auto$blifparse.cc:397:parse_blif$25436,$_XOR_,Y,6587
4651,$abc$20785$auto$blifparse.cc:397:parse_blif$25437,$_MUX_,Y,6588
4652,$abc$20785$auto$blifparse.cc:397:parse_blif$25438,$_NAND_,Y,6589
4653,$abc$20785$auto$blifparse.cc:397:parse_blif$25439,$_NAND_,Y,6590
4654,$abc$20785$auto$blifparse.cc:397:parse_blif$25440,$_XNOR_,Y,6591
4655,$abc$20785$auto$blifparse.cc:397:parse_blif$25441,$_XNOR_,Y,6592
4656,$abc$20785$auto$blifparse.cc:397:parse_blif$25442,$_MUX_,Y,6593
4657,$abc$20785$auto$blifparse.cc:397:parse_blif$25443,$_NAND_,Y,6594
4658,$abc$20785$auto$blifparse.cc:397:parse_blif$25444,$_NAND_,Y,6595
4659,$abc$20785$auto$blifparse.cc:397:parse_blif$25445,$_NAND_,Y,6596
4660,$abc$20785$auto$blifparse.cc:397:parse_blif$25446,$_XNOR_,Y,6597
4661,$abc$20785$auto$blifparse.cc:397:parse_blif$25447,$_XOR_,Y,6598
4662,$abc$20785$auto$blifparse.cc:397:parse_blif$25448,$_MUX_,Y,6599
4663,$abc$20785$auto$blifparse.cc:397:parse_blif$25449,$_NAND_,Y,6600
4664,$abc$20785$auto$blifparse.cc:397:parse_blif$25450,$_NAND_,Y,6601
4665,$abc$20785$auto$blifparse.cc:397:parse_blif$25451,$_XNOR_,Y,6602
4666,$abc$20785$auto$blifparse.cc:397:parse_blif$25452,$_XNOR_,Y,6603
4667,$abc$20785$auto$blifparse.cc:397:parse_blif$25453,$_MUX_,Y,6604
4668,$abc$20785$auto$blifparse.cc:397:parse_blif$25454,$_NAND_,Y,6605
4669,$abc$20785$auto$blifparse.cc:397:parse_blif$25455,$_NAND_,Y,6606
4670,$abc$20785$auto$blifparse.cc:397:parse_blif$25456,$_NAND_,Y,6607
4671,$abc$20785$auto$blifparse.cc:397:parse_blif$25457,$_XNOR_,Y,6608
4672,$abc$20785$auto$blifparse.cc:397:parse_blif$25458,$_XOR_,Y,6609
4673,$abc$20785$auto$blifparse.cc:397:parse_blif$25459,$_MUX_,Y,6610
4674,$abc$20785$auto$blifparse.cc:397:parse_blif$25460,$_NAND_,Y,6611
4675,$abc$20785$auto$blifparse.cc:397:parse_blif$25461,$_NAND_,Y,6612
4676,$abc$20785$auto$blifparse.cc:397:parse_blif$25462,$_XNOR_,Y,6613
4677,$abc$20785$auto$blifparse.cc:397:parse_blif$25463,$_XOR_,Y,6614
4678,$abc$20785$auto$blifparse.cc:397:parse_blif$25464,$_MUX_,Y,6615
4679,$abc$20785$auto$blifparse.cc:397:parse_blif$25465,$_NAND_,Y,6616
4680,$abc$20785$auto$blifparse.cc:397:parse_blif$25466,$_NAND_,Y,6617
4681,$abc$20785$auto$blifparse.cc:397:parse_blif$25467,$_XOR_,Y,6618
4682,$abc$20785$auto$blifparse.cc:397:parse_blif$25468,$_XOR_,Y,6619
4683,$abc$20785$auto$blifparse.cc:397:parse_blif$25469,$_MUX_,Y,6620
4684,$abc$20785$auto$blifparse.cc:397:parse_blif$25470,$_NAND_,Y,6621
4685,$abc$20785$auto$blifparse.cc:397:parse_blif$25471,$_NAND_,Y,6622
4686,$abc$20785$auto$blifparse.cc:397:parse_blif$25472,$_XOR_,Y,6623
4687,$abc$20785$auto$blifparse.cc:397:parse_blif$25473,$_XOR_,Y,6624
4688,$abc$20785$auto$blifparse.cc:397:parse_blif$25474,$_MUX_,Y,6625
4689,$abc$20785$auto$blifparse.cc:397:parse_blif$25475,$_NAND_,Y,6626
4690,$abc$20785$auto$blifparse.cc:397:parse_blif$25476,$_NAND_,Y,6627
4691,$abc$20785$auto$blifparse.cc:397:parse_blif$25477,$_XOR_,Y,6628
4692,$abc$20785$auto$blifparse.cc:397:parse_blif$25478,$_XNOR_,Y,6629
4693,$abc$20785$auto$blifparse.cc:397:parse_blif$25479,$_MUX_,Y,6630
4694,$abc$20785$auto$blifparse.cc:397:parse_blif$25480,$_NAND_,Y,6631
4695,$abc$20785$auto$blifparse.cc:397:parse_blif$25481,$_NAND_,Y,6632
4696,$abc$20785$auto$blifparse.cc:397:parse_blif$25482,$_XNOR_,Y,6633
4697,$abc$20785$auto$blifparse.cc:397:parse_blif$25483,$_XOR_,Y,6634
4698,$abc$20785$auto$blifparse.cc:397:parse_blif$25484,$_MUX_,Y,6635
4699,$abc$20785$auto$blifparse.cc:397:parse_blif$25485,$_NAND_,Y,6636
4700,$abc$20785$auto$blifparse.cc:397:parse_blif$25486,$_NAND_,Y,6637
4701,$abc$20785$auto$blifparse.cc:397:parse_blif$25487,$_XOR_,Y,6638
4702,$abc$20785$auto$blifparse.cc:397:parse_blif$25488,$_XOR_,Y,6639
4703,$abc$20785$auto$blifparse.cc:397:parse_blif$25489,$_MUX_,Y,6640
4704,$abc$20785$auto$blifparse.cc:397:parse_blif$25490,$_NAND_,Y,6641
4705,$abc$20785$auto$blifparse.cc:397:parse_blif$25491,$_NAND_,Y,6642
4706,$abc$20785$auto$blifparse.cc:397:parse_blif$25492,$_XNOR_,Y,6643
4707,$abc$20785$auto$blifparse.cc:397:parse_blif$25493,$_XOR_,Y,6644
4708,$abc$20785$auto$blifparse.cc:397:parse_blif$25494,$_MUX_,Y,6645
4709,$abc$20785$auto$blifparse.cc:397:parse_blif$25495,$_NAND_,Y,6646
4710,$abc$20785$auto$blifparse.cc:397:parse_blif$25496,$_NAND_,Y,6647
4711,$abc$20785$auto$blifparse.cc:397:parse_blif$25497,$_XNOR_,Y,6648
4712,$abc$20785$auto$blifparse.cc:397:parse_blif$25498,$_XOR_,Y,6649
4713,$abc$20785$auto$blifparse.cc:397:parse_blif$25499,$_MUX_,Y,6650
4714,$abc$20785$auto$blifparse.cc:397:parse_blif$25500,$_NAND_,Y,6651
4715,$abc$20785$auto$blifparse.cc:397:parse_blif$25501,$_NAND_,Y,6652
4716,$abc$20785$auto$blifparse.cc:397:parse_blif$25502,$_XNOR_,Y,6653
4717,$abc$20785$auto$blifparse.cc:397:parse_blif$25503,$_XOR_,Y,6654
4718,$abc$20785$auto$blifparse.cc:397:parse_blif$25504,$_MUX_,Y,6655
4719,$abc$20785$auto$blifparse.cc:397:parse_blif$25505,$_NAND_,Y,6656
4720,$abc$20785$auto$blifparse.cc:397:parse_blif$25506,$_NAND_,Y,6657
4721,$abc$20785$auto$blifparse.cc:397:parse_blif$25507,$_XNOR_,Y,6658
4722,$abc$20785$auto$blifparse.cc:397:parse_blif$25508,$_NOT_,Y,6659
4723,$abc$20785$auto$blifparse.cc:397:parse_blif$25509,$_NAND_,Y,6660
4724,$abc$20785$auto$blifparse.cc:397:parse_blif$25510,$_XOR_,Y,6661
4725,$abc$20785$auto$blifparse.cc:397:parse_blif$25511,$_XNOR_,Y,6662
4726,$abc$20785$auto$blifparse.cc:397:parse_blif$25512,$_ORNOT_,Y,6663
4727,$abc$20785$auto$blifparse.cc:397:parse_blif$25513,$_ORNOT_,Y,6664
4728,$abc$20785$auto$blifparse.cc:397:parse_blif$25514,$_XNOR_,Y,6665
4729,$abc$20785$auto$blifparse.cc:397:parse_blif$25515,$_NAND_,Y,6666
4730,$abc$20785$auto$blifparse.cc:397:parse_blif$25516,$_XOR_,Y,6667
4731,$abc$20785$auto$blifparse.cc:397:parse_blif$25517,$_XNOR_,Y,6668
4732,$abc$20785$auto$blifparse.cc:397:parse_blif$25518,$_NOT_,Y,6669
4733,$abc$20785$auto$blifparse.cc:397:parse_blif$25519,$_ORNOT_,Y,6670
4734,$abc$20785$auto$blifparse.cc:397:parse_blif$25520,$_NAND_,Y,6671
4735,$abc$20785$auto$blifparse.cc:397:parse_blif$25521,$_XOR_,Y,6672
4736,$abc$20785$auto$blifparse.cc:397:parse_blif$25522,$_ORNOT_,Y,6673
4737,$abc$20785$auto$blifparse.cc:397:parse_blif$25523,$_XNOR_,Y,6674
4738,$abc$20785$auto$blifparse.cc:397:parse_blif$25524,$_XNOR_,Y,6675
4739,$abc$20785$auto$blifparse.cc:397:parse_blif$25525,$_ORNOT_,Y,6676
4740,$abc$20785$auto$blifparse.cc:397:parse_blif$25526,$_ORNOT_,Y,6677
4741,$abc$20785$auto$blifparse.cc:397:parse_blif$25527,$_XNOR_,Y,6678
4742,$abc$20785$auto$blifparse.cc:397:parse_blif$25528,$_ORNOT_,Y,6679
4743,$abc$20785$auto$blifparse.cc:397:parse_blif$25529,$_XNOR_,Y,6680
4744,$abc$20785$auto$blifparse.cc:397:parse_blif$25530,$_NAND_,Y,6681
4745,$abc$20785$auto$blifparse.cc:397:parse_blif$25531,$_NAND_,Y,6682
4746,$abc$20785$auto$blifparse.cc:397:parse_blif$25532,$_NAND_,Y,6683
4747,$abc$20785$auto$blifparse.cc:397:parse_blif$25533,$_NAND_,Y,6684
4748,$abc$20785$auto$blifparse.cc:397:parse_blif$25534,$_NAND_,Y,6685
4749,$abc$20785$auto$blifparse.cc:397:parse_blif$25535,$_AND_,Y,6686
4750,$abc$20785$auto$blifparse.cc:397:parse_blif$25536,$_ORNOT_,Y,6687
4751,$abc$20785$auto$blifparse.cc:397:parse_blif$25537,$_AND_,Y,6688
4752,$abc$20785$auto$blifparse.cc:397:parse_blif$25538,$_NAND_,Y,6689
4753,$abc$20785$auto$blifparse.cc:397:parse_blif$25539,$_AND_,Y,6690
4754,$abc$20785$auto$blifparse.cc:397:parse_blif$25540,$_NAND_,Y,6691
4755,$abc$20785$auto$blifparse.cc:397:parse_blif$25541,$_AND_,Y,6692
4756,$abc$20785$auto$blifparse.cc:397:parse_blif$25542,$_NAND_,Y,6693
4757,$abc$20785$auto$blifparse.cc:397:parse_blif$25543,$_AND_,Y,6694
4758,$abc$20785$auto$blifparse.cc:397:parse_blif$25544,$_NAND_,Y,6695
4759,$abc$20785$auto$blifparse.cc:397:parse_blif$25545,$_NAND_,Y,6696
4760,$abc$20785$auto$blifparse.cc:397:parse_blif$25546,$_XNOR_,Y,6697
4761,$abc$20785$auto$blifparse.cc:397:parse_blif$25547,$_XOR_,Y,6698
4762,$abc$20785$auto$blifparse.cc:397:parse_blif$25548,$_XNOR_,Y,6699
4763,$abc$20785$auto$blifparse.cc:397:parse_blif$25549,$_XNOR_,Y,6700
4764,$abc$20785$auto$blifparse.cc:397:parse_blif$25550,$_MUX_,Y,6701
4765,$abc$20785$auto$blifparse.cc:397:parse_blif$25551,$_NAND_,Y,6702
4766,$abc$20785$auto$blifparse.cc:397:parse_blif$25552,$_NAND_,Y,6703
4767,$abc$20785$auto$blifparse.cc:397:parse_blif$25553,$_XNOR_,Y,6704
4768,$abc$20785$auto$blifparse.cc:397:parse_blif$25554,$_XNOR_,Y,6705
4769,$abc$20785$auto$blifparse.cc:397:parse_blif$25555,$_MUX_,Y,6706
4770,$abc$20785$auto$blifparse.cc:397:parse_blif$25556,$_NAND_,Y,6707
4771,$abc$20785$auto$blifparse.cc:397:parse_blif$25557,$_NAND_,Y,6708
4772,$abc$20785$auto$blifparse.cc:397:parse_blif$25558,$_AND_,Y,6709
4773,$abc$20785$auto$blifparse.cc:397:parse_blif$25559,$_XOR_,Y,6710
4774,$abc$20785$auto$blifparse.cc:397:parse_blif$25560,$_XOR_,Y,6711
4775,$abc$20785$auto$blifparse.cc:397:parse_blif$25561,$_MUX_,Y,6712
4776,$abc$20785$auto$blifparse.cc:397:parse_blif$25562,$_NAND_,Y,6713
4777,$abc$20785$auto$blifparse.cc:397:parse_blif$25563,$_NAND_,Y,6714
4778,$abc$20785$auto$blifparse.cc:397:parse_blif$25564,$_XNOR_,Y,6715
4779,$abc$20785$auto$blifparse.cc:397:parse_blif$25565,$_XNOR_,Y,6716
4780,$abc$20785$auto$blifparse.cc:397:parse_blif$25566,$_MUX_,Y,6717
4781,$abc$20785$auto$blifparse.cc:397:parse_blif$25567,$_NAND_,Y,6718
4782,$abc$20785$auto$blifparse.cc:397:parse_blif$25568,$_NAND_,Y,6719
4783,$abc$20785$auto$blifparse.cc:397:parse_blif$25569,$_AND_,Y,6720
4784,$abc$20785$auto$blifparse.cc:397:parse_blif$25570,$_XOR_,Y,6721
4785,$abc$20785$auto$blifparse.cc:397:parse_blif$25571,$_XOR_,Y,6722
4786,$abc$20785$auto$blifparse.cc:397:parse_blif$25572,$_MUX_,Y,6723
4787,$abc$20785$auto$blifparse.cc:397:parse_blif$25573,$_NAND_,Y,6724
4788,$abc$20785$auto$blifparse.cc:397:parse_blif$25574,$_NAND_,Y,6725
4789,$abc$20785$auto$blifparse.cc:397:parse_blif$25575,$_XOR_,Y,6726
4790,$abc$20785$auto$blifparse.cc:397:parse_blif$25576,$_XNOR_,Y,6727
4791,$abc$20785$auto$blifparse.cc:397:parse_blif$25577,$_MUX_,Y,6728
4792,$abc$20785$auto$blifparse.cc:397:parse_blif$25578,$_NAND_,Y,6729
4793,$abc$20785$auto$blifparse.cc:397:parse_blif$25579,$_NAND_,Y,6730
4794,$abc$20785$auto$blifparse.cc:397:parse_blif$25580,$_AND_,Y,6731
4795,$abc$20785$auto$blifparse.cc:397:parse_blif$25581,$_XNOR_,Y,6732
4796,$abc$20785$auto$blifparse.cc:397:parse_blif$25582,$_XNOR_,Y,6733
4797,$abc$20785$auto$blifparse.cc:397:parse_blif$25583,$_MUX_,Y,6734
4798,$abc$20785$auto$blifparse.cc:397:parse_blif$25584,$_NAND_,Y,6735
4799,$abc$20785$auto$blifparse.cc:397:parse_blif$25585,$_NAND_,Y,6736
4800,$abc$20785$auto$blifparse.cc:397:parse_blif$25586,$_MUX_,Y,6737
4801,$abc$20785$auto$blifparse.cc:397:parse_blif$25587,$_NAND_,Y,6738
4802,$abc$20785$auto$blifparse.cc:397:parse_blif$25588,$_NAND_,Y,6739
4803,$abc$20785$auto$blifparse.cc:397:parse_blif$25589,$_MUX_,Y,6740
4804,$abc$20785$auto$blifparse.cc:397:parse_blif$25590,$_NAND_,Y,6741
4805,$abc$20785$auto$blifparse.cc:397:parse_blif$25591,$_NAND_,Y,6742
4806,$abc$20785$auto$blifparse.cc:397:parse_blif$25592,$_MUX_,Y,6743
4807,$abc$20785$auto$blifparse.cc:397:parse_blif$25593,$_NAND_,Y,6744
4808,$abc$20785$auto$blifparse.cc:397:parse_blif$25594,$_NAND_,Y,6745
4809,$abc$20785$auto$blifparse.cc:397:parse_blif$25595,$_MUX_,Y,6746
4810,$abc$20785$auto$blifparse.cc:397:parse_blif$25596,$_NAND_,Y,6747
4811,$abc$20785$auto$blifparse.cc:397:parse_blif$25597,$_NAND_,Y,6748
4812,$abc$20785$auto$blifparse.cc:397:parse_blif$25598,$_MUX_,Y,6749
4813,$abc$20785$auto$blifparse.cc:397:parse_blif$25599,$_NAND_,Y,6750
4814,$abc$20785$auto$blifparse.cc:397:parse_blif$25600,$_NAND_,Y,6751
4815,$abc$20785$auto$blifparse.cc:397:parse_blif$25601,$_MUX_,Y,6752
4816,$abc$20785$auto$blifparse.cc:397:parse_blif$25602,$_NAND_,Y,6753
4817,$abc$20785$auto$blifparse.cc:397:parse_blif$25603,$_NAND_,Y,6754
4818,$abc$20785$auto$blifparse.cc:397:parse_blif$25604,$_MUX_,Y,6755
4819,$abc$20785$auto$blifparse.cc:397:parse_blif$25605,$_NAND_,Y,6756
4820,$abc$20785$auto$blifparse.cc:397:parse_blif$25606,$_NAND_,Y,6757
4821,$abc$20785$auto$blifparse.cc:397:parse_blif$25607,$_MUX_,Y,6758
4822,$abc$20785$auto$blifparse.cc:397:parse_blif$25608,$_NAND_,Y,6759
4823,$abc$20785$auto$blifparse.cc:397:parse_blif$25609,$_NAND_,Y,6760
4824,$abc$20785$auto$blifparse.cc:397:parse_blif$25610,$_MUX_,Y,6761
4825,$abc$20785$auto$blifparse.cc:397:parse_blif$25611,$_NAND_,Y,6762
4826,$abc$20785$auto$blifparse.cc:397:parse_blif$25612,$_NAND_,Y,6763
4827,$abc$20785$auto$blifparse.cc:397:parse_blif$25613,$_MUX_,Y,6764
4828,$abc$20785$auto$blifparse.cc:397:parse_blif$25614,$_NAND_,Y,6765
4829,$abc$20785$auto$blifparse.cc:397:parse_blif$25615,$_NAND_,Y,6766
4830,$abc$20785$auto$blifparse.cc:397:parse_blif$25616,$_MUX_,Y,6767
4831,$abc$20785$auto$blifparse.cc:397:parse_blif$25617,$_NAND_,Y,6768
4832,$abc$20785$auto$blifparse.cc:397:parse_blif$25618,$_NAND_,Y,6769
4833,$abc$20785$auto$blifparse.cc:397:parse_blif$25619,$_MUX_,Y,6770
4834,$abc$20785$auto$blifparse.cc:397:parse_blif$25620,$_NAND_,Y,6771
4835,$abc$20785$auto$blifparse.cc:397:parse_blif$25621,$_NAND_,Y,6772
4836,$abc$20785$auto$blifparse.cc:397:parse_blif$25622,$_MUX_,Y,6773
4837,$abc$20785$auto$blifparse.cc:397:parse_blif$25623,$_NAND_,Y,6774
4838,$abc$20785$auto$blifparse.cc:397:parse_blif$25624,$_NAND_,Y,6775
4839,$abc$20785$auto$blifparse.cc:397:parse_blif$25625,$_MUX_,Y,6776
4840,$abc$20785$auto$blifparse.cc:397:parse_blif$25626,$_NAND_,Y,6777
4841,$abc$20785$auto$blifparse.cc:397:parse_blif$25627,$_NAND_,Y,6778
4842,$abc$20785$auto$blifparse.cc:397:parse_blif$25628,$_MUX_,Y,6779
4843,$abc$20785$auto$blifparse.cc:397:parse_blif$25629,$_NAND_,Y,6780
4844,$abc$20785$auto$blifparse.cc:397:parse_blif$25630,$_NAND_,Y,6781
4845,$abc$20785$auto$blifparse.cc:397:parse_blif$25631,$_MUX_,Y,6782
4846,$abc$20785$auto$blifparse.cc:397:parse_blif$25632,$_NAND_,Y,6783
4847,$abc$20785$auto$blifparse.cc:397:parse_blif$25633,$_NAND_,Y,6784
4848,$abc$20785$auto$blifparse.cc:397:parse_blif$25634,$_MUX_,Y,6785
4849,$abc$20785$auto$blifparse.cc:397:parse_blif$25635,$_NAND_,Y,6786
4850,$abc$20785$auto$blifparse.cc:397:parse_blif$25636,$_NAND_,Y,6787
4851,$abc$20785$auto$blifparse.cc:397:parse_blif$25637,$_MUX_,Y,6788
4852,$abc$20785$auto$blifparse.cc:397:parse_blif$25638,$_NAND_,Y,6789
4853,$abc$20785$auto$blifparse.cc:397:parse_blif$25639,$_NAND_,Y,6790
4854,$abc$20785$auto$blifparse.cc:397:parse_blif$25640,$_MUX_,Y,6791
4855,$abc$20785$auto$blifparse.cc:397:parse_blif$25641,$_NAND_,Y,6792
4856,$abc$20785$auto$blifparse.cc:397:parse_blif$25642,$_NAND_,Y,6793
4857,$abc$20785$auto$blifparse.cc:397:parse_blif$25643,$_MUX_,Y,6794
4858,$abc$20785$auto$blifparse.cc:397:parse_blif$25644,$_NAND_,Y,6795
4859,$abc$20785$auto$blifparse.cc:397:parse_blif$25645,$_NAND_,Y,6796
4860,$abc$20785$auto$blifparse.cc:397:parse_blif$25646,$_MUX_,Y,6797
4861,$abc$20785$auto$blifparse.cc:397:parse_blif$25647,$_NAND_,Y,6798
4862,$abc$20785$auto$blifparse.cc:397:parse_blif$25648,$_NAND_,Y,6799
4863,$abc$20785$auto$blifparse.cc:397:parse_blif$25649,$_MUX_,Y,6800
4864,$abc$20785$auto$blifparse.cc:397:parse_blif$25650,$_NAND_,Y,6801
4865,$abc$20785$auto$blifparse.cc:397:parse_blif$25651,$_NAND_,Y,6802
4866,$abc$20785$auto$blifparse.cc:397:parse_blif$25652,$_MUX_,Y,6803
4867,$abc$20785$auto$blifparse.cc:397:parse_blif$25653,$_NAND_,Y,6804
4868,$abc$20785$auto$blifparse.cc:397:parse_blif$25654,$_NAND_,Y,6805
4869,$abc$20785$auto$blifparse.cc:397:parse_blif$25655,$_MUX_,Y,6806
4870,$abc$20785$auto$blifparse.cc:397:parse_blif$25656,$_NAND_,Y,6807
4871,$abc$20785$auto$blifparse.cc:397:parse_blif$25657,$_NAND_,Y,6808
4872,$abc$20785$auto$blifparse.cc:397:parse_blif$25658,$_MUX_,Y,6809
4873,$abc$20785$auto$blifparse.cc:397:parse_blif$25659,$_NAND_,Y,6810
4874,$abc$20785$auto$blifparse.cc:397:parse_blif$25660,$_NAND_,Y,6811
4875,$abc$20785$auto$blifparse.cc:397:parse_blif$25661,$_MUX_,Y,6812
4876,$abc$20785$auto$blifparse.cc:397:parse_blif$25662,$_NAND_,Y,6813
4877,$abc$20785$auto$blifparse.cc:397:parse_blif$25663,$_NAND_,Y,6814
4878,$abc$20785$auto$blifparse.cc:397:parse_blif$25664,$_MUX_,Y,6815
4879,$abc$20785$auto$blifparse.cc:397:parse_blif$25665,$_NAND_,Y,6816
4880,$abc$20785$auto$blifparse.cc:397:parse_blif$25666,$_NAND_,Y,6817
4881,$abc$20785$auto$blifparse.cc:397:parse_blif$25667,$_MUX_,Y,6818
4882,$abc$20785$auto$blifparse.cc:397:parse_blif$25668,$_NAND_,Y,6819
4883,$abc$20785$auto$blifparse.cc:397:parse_blif$25669,$_NAND_,Y,6820
4884,$abc$20785$auto$blifparse.cc:397:parse_blif$25670,$_MUX_,Y,6821
4885,$abc$20785$auto$blifparse.cc:397:parse_blif$25671,$_NAND_,Y,6822
4886,$abc$20785$auto$blifparse.cc:397:parse_blif$25672,$_NAND_,Y,6823
4887,$abc$20785$auto$blifparse.cc:397:parse_blif$25673,$_MUX_,Y,6824
4888,$abc$20785$auto$blifparse.cc:397:parse_blif$25674,$_NAND_,Y,6825
4889,$abc$20785$auto$blifparse.cc:397:parse_blif$25675,$_NAND_,Y,6826
4890,$abc$20785$auto$blifparse.cc:397:parse_blif$25676,$_MUX_,Y,6827
4891,$abc$20785$auto$blifparse.cc:397:parse_blif$25677,$_NAND_,Y,6828
4892,$abc$20785$auto$blifparse.cc:397:parse_blif$25678,$_MUX_,Y,6829
4893,$abc$20785$auto$blifparse.cc:397:parse_blif$25679,$_NAND_,Y,6830
4894,$abc$20785$auto$blifparse.cc:397:parse_blif$25680,$_MUX_,Y,6831
4895,$abc$20785$auto$blifparse.cc:397:parse_blif$25681,$_NAND_,Y,6832
4896,$abc$20785$auto$blifparse.cc:397:parse_blif$25682,$_MUX_,Y,6833
4897,$abc$20785$auto$blifparse.cc:397:parse_blif$25683,$_NAND_,Y,6834
4898,$abc$20785$auto$blifparse.cc:397:parse_blif$25684,$_MUX_,Y,6835
4899,$abc$20785$auto$blifparse.cc:397:parse_blif$25685,$_NAND_,Y,6836
4900,$abc$20785$auto$blifparse.cc:397:parse_blif$25686,$_MUX_,Y,6837
4901,$abc$20785$auto$blifparse.cc:397:parse_blif$25687,$_NAND_,Y,6838
4902,$abc$20785$auto$blifparse.cc:397:parse_blif$25688,$_MUX_,Y,6839
4903,$abc$20785$auto$blifparse.cc:397:parse_blif$25689,$_NAND_,Y,6840
4904,$abc$20785$auto$blifparse.cc:397:parse_blif$25690,$_MUX_,Y,6841
4905,$abc$20785$auto$blifparse.cc:397:parse_blif$25691,$_NAND_,Y,6842
4906,$abc$20785$auto$blifparse.cc:397:parse_blif$25692,$_MUX_,Y,6843
4907,$abc$20785$auto$blifparse.cc:397:parse_blif$25693,$_NAND_,Y,6844
4908,$abc$20785$auto$blifparse.cc:397:parse_blif$25694,$_MUX_,Y,6845
4909,$abc$20785$auto$blifparse.cc:397:parse_blif$25695,$_NAND_,Y,6846
4910,$abc$20785$auto$blifparse.cc:397:parse_blif$25696,$_MUX_,Y,6847
4911,$abc$20785$auto$blifparse.cc:397:parse_blif$25697,$_NAND_,Y,6848
4912,$abc$20785$auto$blifparse.cc:397:parse_blif$25698,$_MUX_,Y,6849
4913,$abc$20785$auto$blifparse.cc:397:parse_blif$25699,$_NAND_,Y,6850
4914,$abc$20785$auto$blifparse.cc:397:parse_blif$25700,$_MUX_,Y,6851
4915,$abc$20785$auto$blifparse.cc:397:parse_blif$25701,$_NAND_,Y,6852
4916,$abc$20785$auto$blifparse.cc:397:parse_blif$25702,$_MUX_,Y,6853
4917,$abc$20785$auto$blifparse.cc:397:parse_blif$25703,$_NAND_,Y,6854
4918,$abc$20785$auto$blifparse.cc:397:parse_blif$25704,$_XNOR_,Y,6855
4919,$abc$20785$auto$blifparse.cc:397:parse_blif$25705,$_XNOR_,Y,6856
4920,$abc$20785$auto$blifparse.cc:397:parse_blif$25706,$_MUX_,Y,6857
4921,$abc$20785$auto$blifparse.cc:397:parse_blif$25707,$_NAND_,Y,6858
4922,$abc$20785$auto$blifparse.cc:397:parse_blif$25708,$_MUX_,Y,6859
4923,$abc$20785$auto$blifparse.cc:397:parse_blif$25709,$_NAND_,Y,6860
4924,$abc$20785$auto$blifparse.cc:397:parse_blif$25710,$_MUX_,Y,6861
4925,$abc$20785$auto$blifparse.cc:397:parse_blif$25711,$_NAND_,Y,6862
4926,$abc$20785$auto$blifparse.cc:397:parse_blif$25712,$_MUX_,Y,6863
4927,$abc$20785$auto$blifparse.cc:397:parse_blif$25713,$_NAND_,Y,6864
4928,$abc$20785$auto$blifparse.cc:397:parse_blif$25714,$_MUX_,Y,6865
4929,$abc$20785$auto$blifparse.cc:397:parse_blif$25715,$_NAND_,Y,6866
4930,$abc$20785$auto$blifparse.cc:397:parse_blif$25716,$_MUX_,Y,6867
4931,$abc$20785$auto$blifparse.cc:397:parse_blif$25717,$_NAND_,Y,6868
4932,$abc$20785$auto$blifparse.cc:397:parse_blif$25718,$_MUX_,Y,6869
4933,$abc$20785$auto$blifparse.cc:397:parse_blif$25719,$_NAND_,Y,6870
4934,$abc$20785$auto$blifparse.cc:397:parse_blif$25720,$_MUX_,Y,6871
4935,$abc$20785$auto$blifparse.cc:397:parse_blif$25721,$_NAND_,Y,6872
4936,$abc$20785$auto$blifparse.cc:397:parse_blif$25722,$_MUX_,Y,6873
4937,$abc$20785$auto$blifparse.cc:397:parse_blif$25723,$_NAND_,Y,6874
4938,$abc$20785$auto$blifparse.cc:397:parse_blif$25724,$_MUX_,Y,6875
4939,$abc$20785$auto$blifparse.cc:397:parse_blif$25725,$_NAND_,Y,6876
4940,$abc$20785$auto$blifparse.cc:397:parse_blif$25726,$_MUX_,Y,6877
4941,$abc$20785$auto$blifparse.cc:397:parse_blif$25727,$_NAND_,Y,6878
4942,$abc$20785$auto$blifparse.cc:397:parse_blif$25728,$_MUX_,Y,6879
4943,$abc$20785$auto$blifparse.cc:397:parse_blif$25729,$_NAND_,Y,6880
4944,$abc$20785$auto$blifparse.cc:397:parse_blif$25730,$_MUX_,Y,6881
4945,$abc$20785$auto$blifparse.cc:397:parse_blif$25731,$_NAND_,Y,6882
4946,$abc$20785$auto$blifparse.cc:397:parse_blif$25732,$_MUX_,Y,6883
4947,$abc$20785$auto$blifparse.cc:397:parse_blif$25733,$_NAND_,Y,6884
4948,$abc$20785$auto$blifparse.cc:397:parse_blif$25734,$_MUX_,Y,6885
4949,$abc$20785$auto$blifparse.cc:397:parse_blif$25735,$_NAND_,Y,6886
4950,$abc$20785$auto$blifparse.cc:397:parse_blif$25736,$_MUX_,Y,6887
4951,$abc$20785$auto$blifparse.cc:397:parse_blif$25737,$_NAND_,Y,6888
4952,$abc$20785$auto$blifparse.cc:397:parse_blif$25738,$_MUX_,Y,6889
4953,$abc$20785$auto$blifparse.cc:397:parse_blif$25739,$_NAND_,Y,6890
4954,$abc$20785$auto$blifparse.cc:397:parse_blif$25740,$_MUX_,Y,6891
4955,$abc$20785$auto$blifparse.cc:397:parse_blif$25741,$_NAND_,Y,6892
4956,$abc$20785$auto$blifparse.cc:397:parse_blif$25742,$_MUX_,Y,6893
4957,$abc$20785$auto$blifparse.cc:397:parse_blif$25743,$_NAND_,Y,6894
4958,$abc$20785$auto$blifparse.cc:397:parse_blif$25744,$_MUX_,Y,6895
4959,$abc$20785$auto$blifparse.cc:397:parse_blif$25745,$_NAND_,Y,6896
4960,$abc$20785$auto$blifparse.cc:397:parse_blif$25746,$_MUX_,Y,6897
4961,$abc$20785$auto$blifparse.cc:397:parse_blif$25747,$_NAND_,Y,6898
4962,$abc$20785$auto$blifparse.cc:397:parse_blif$25748,$_MUX_,Y,6899
4963,$abc$20785$auto$blifparse.cc:397:parse_blif$25749,$_NAND_,Y,6900
4964,$abc$20785$auto$blifparse.cc:397:parse_blif$25750,$_MUX_,Y,6901
4965,$abc$20785$auto$blifparse.cc:397:parse_blif$25751,$_NAND_,Y,6902
4966,$abc$20785$auto$blifparse.cc:397:parse_blif$25752,$_MUX_,Y,6903
4967,$abc$20785$auto$blifparse.cc:397:parse_blif$25753,$_NAND_,Y,6904
4968,$abc$20785$auto$blifparse.cc:397:parse_blif$25754,$_MUX_,Y,6905
4969,$abc$20785$auto$blifparse.cc:397:parse_blif$25755,$_NAND_,Y,6906
4970,$abc$20785$auto$blifparse.cc:397:parse_blif$25756,$_MUX_,Y,6907
4971,$abc$20785$auto$blifparse.cc:397:parse_blif$25757,$_NAND_,Y,6908
4972,$abc$20785$auto$blifparse.cc:397:parse_blif$25758,$_MUX_,Y,6909
4973,$abc$20785$auto$blifparse.cc:397:parse_blif$25759,$_NAND_,Y,6910
4974,$abc$20785$auto$blifparse.cc:397:parse_blif$25760,$_MUX_,Y,6911
4975,$abc$20785$auto$blifparse.cc:397:parse_blif$25761,$_NAND_,Y,6912
4976,$abc$20785$auto$blifparse.cc:397:parse_blif$25762,$_MUX_,Y,6913
4977,$abc$20785$auto$blifparse.cc:397:parse_blif$25763,$_NAND_,Y,6914
4978,$abc$20785$auto$blifparse.cc:397:parse_blif$25764,$_MUX_,Y,6915
4979,$abc$20785$auto$blifparse.cc:397:parse_blif$25765,$_NAND_,Y,6916
4980,$abc$20785$auto$blifparse.cc:397:parse_blif$25766,$_MUX_,Y,6917
4981,$abc$20785$auto$blifparse.cc:397:parse_blif$25767,$_NAND_,Y,6918
4982,$abc$20785$auto$blifparse.cc:397:parse_blif$25768,$_MUX_,Y,6919
4983,$abc$20785$auto$blifparse.cc:397:parse_blif$25769,$_NAND_,Y,6920
4984,$abc$20785$auto$blifparse.cc:397:parse_blif$25770,$_MUX_,Y,6921
4985,$abc$20785$auto$blifparse.cc:397:parse_blif$25771,$_NAND_,Y,6922
4986,$abc$20785$auto$blifparse.cc:397:parse_blif$25772,$_MUX_,Y,6923
4987,$abc$20785$auto$blifparse.cc:397:parse_blif$25773,$_NAND_,Y,6924
4988,$abc$20785$auto$blifparse.cc:397:parse_blif$25774,$_MUX_,Y,6925
4989,$abc$20785$auto$blifparse.cc:397:parse_blif$25775,$_NAND_,Y,6926
4990,$abc$20785$auto$blifparse.cc:397:parse_blif$25776,$_MUX_,Y,6927
4991,$abc$20785$auto$blifparse.cc:397:parse_blif$25777,$_NAND_,Y,6928
4992,$abc$20785$auto$blifparse.cc:397:parse_blif$25778,$_MUX_,Y,6929
4993,$abc$20785$auto$blifparse.cc:397:parse_blif$25779,$_NAND_,Y,6930
4994,$abc$20785$auto$blifparse.cc:397:parse_blif$25780,$_MUX_,Y,6931
4995,$abc$20785$auto$blifparse.cc:397:parse_blif$25781,$_NAND_,Y,6932
4996,$abc$20785$auto$blifparse.cc:397:parse_blif$25782,$_MUX_,Y,6933
4997,$abc$20785$auto$blifparse.cc:397:parse_blif$25783,$_NAND_,Y,6934
4998,$abc$20785$auto$blifparse.cc:397:parse_blif$25784,$_MUX_,Y,6935
4999,$abc$20785$auto$blifparse.cc:397:parse_blif$25785,$_NAND_,Y,6936
5000,$abc$20785$auto$blifparse.cc:397:parse_blif$25786,$_MUX_,Y,6937
5001,$abc$20785$auto$blifparse.cc:397:parse_blif$25787,$_NAND_,Y,6938
5002,$abc$20785$auto$blifparse.cc:397:parse_blif$25788,$_MUX_,Y,6939
5003,$abc$20785$auto$blifparse.cc:397:parse_blif$25789,$_NAND_,Y,6940
5004,$abc$20785$auto$blifparse.cc:397:parse_blif$25790,$_MUX_,Y,6941
5005,$abc$20785$auto$blifparse.cc:397:parse_blif$25791,$_NAND_,Y,6942
5006,$abc$20785$auto$blifparse.cc:397:parse_blif$25792,$_MUX_,Y,6943
5007,$abc$20785$auto$blifparse.cc:397:parse_blif$25793,$_NAND_,Y,6944
5008,$abc$20785$auto$blifparse.cc:397:parse_blif$25794,$_MUX_,Y,6945
5009,$abc$20785$auto$blifparse.cc:397:parse_blif$25795,$_NAND_,Y,6946
5010,$abc$20785$auto$blifparse.cc:397:parse_blif$25796,$_MUX_,Y,6947
5011,$abc$20785$auto$blifparse.cc:397:parse_blif$25797,$_NAND_,Y,6948
5012,$abc$20785$auto$blifparse.cc:397:parse_blif$25798,$_MUX_,Y,6949
5013,$abc$20785$auto$blifparse.cc:397:parse_blif$25799,$_NAND_,Y,6950
5014,$abc$20785$auto$blifparse.cc:397:parse_blif$25800,$_MUX_,Y,6951
5015,$abc$20785$auto$blifparse.cc:397:parse_blif$25801,$_NAND_,Y,6952
5016,$abc$20785$auto$blifparse.cc:397:parse_blif$25802,$_MUX_,Y,6953
5017,$abc$20785$auto$blifparse.cc:397:parse_blif$25803,$_NAND_,Y,6954
5018,$abc$20785$auto$blifparse.cc:397:parse_blif$25804,$_MUX_,Y,6955
5019,$abc$20785$auto$blifparse.cc:397:parse_blif$25805,$_NAND_,Y,6956
5020,$abc$20785$auto$blifparse.cc:397:parse_blif$25806,$_MUX_,Y,6957
5021,$abc$20785$auto$blifparse.cc:397:parse_blif$25807,$_NAND_,Y,6958
5022,$abc$20785$auto$blifparse.cc:397:parse_blif$25808,$_MUX_,Y,6959
5023,$abc$20785$auto$blifparse.cc:397:parse_blif$25809,$_NAND_,Y,6960
5024,$abc$20785$auto$blifparse.cc:397:parse_blif$25810,$_MUX_,Y,6961
5025,$abc$20785$auto$blifparse.cc:397:parse_blif$25811,$_NAND_,Y,6962
5026,$abc$20785$auto$blifparse.cc:397:parse_blif$25812,$_MUX_,Y,6963
5027,$abc$20785$auto$blifparse.cc:397:parse_blif$25813,$_NAND_,Y,6964
5028,$abc$20785$auto$blifparse.cc:397:parse_blif$25814,$_MUX_,Y,6965
5029,$abc$20785$auto$blifparse.cc:397:parse_blif$25815,$_NAND_,Y,6966
5030,$abc$20785$auto$blifparse.cc:397:parse_blif$25816,$_MUX_,Y,6967
5031,$abc$20785$auto$blifparse.cc:397:parse_blif$25817,$_NAND_,Y,6968
5032,$abc$20785$auto$blifparse.cc:397:parse_blif$25818,$_MUX_,Y,6969
5033,$abc$20785$auto$blifparse.cc:397:parse_blif$25819,$_NAND_,Y,6970
5034,$abc$20785$auto$blifparse.cc:397:parse_blif$25820,$_MUX_,Y,6971
5035,$abc$20785$auto$blifparse.cc:397:parse_blif$25821,$_NAND_,Y,6972
5036,$abc$20785$auto$blifparse.cc:397:parse_blif$25822,$_MUX_,Y,6973
5037,$abc$20785$auto$blifparse.cc:397:parse_blif$25823,$_NAND_,Y,6974
5038,$abc$20785$auto$blifparse.cc:397:parse_blif$25824,$_MUX_,Y,6975
5039,$abc$20785$auto$blifparse.cc:397:parse_blif$25825,$_NAND_,Y,6976
5040,$abc$20785$auto$blifparse.cc:397:parse_blif$25826,$_MUX_,Y,6977
5041,$abc$20785$auto$blifparse.cc:397:parse_blif$25827,$_NAND_,Y,6978
5042,$abc$20785$auto$blifparse.cc:397:parse_blif$25828,$_MUX_,Y,6979
5043,$abc$20785$auto$blifparse.cc:397:parse_blif$25829,$_NAND_,Y,6980
5044,$abc$20785$auto$blifparse.cc:397:parse_blif$25830,$_XNOR_,Y,6981
5045,$abc$20785$auto$blifparse.cc:397:parse_blif$25831,$_XNOR_,Y,6982
5046,$abc$20785$auto$blifparse.cc:397:parse_blif$25832,$_MUX_,Y,6983
5047,$abc$20785$auto$blifparse.cc:397:parse_blif$25833,$_NAND_,Y,6984
5048,$abc$20785$auto$blifparse.cc:397:parse_blif$25834,$_MUX_,Y,6985
5049,$abc$20785$auto$blifparse.cc:397:parse_blif$25835,$_NAND_,Y,6986
5050,$abc$20785$auto$blifparse.cc:397:parse_blif$25836,$_MUX_,Y,6987
5051,$abc$20785$auto$blifparse.cc:397:parse_blif$25837,$_NAND_,Y,6988
5052,$abc$20785$auto$blifparse.cc:397:parse_blif$25838,$_MUX_,Y,6989
5053,$abc$20785$auto$blifparse.cc:397:parse_blif$25839,$_NAND_,Y,6990
5054,$abc$20785$auto$blifparse.cc:397:parse_blif$25840,$_MUX_,Y,6991
5055,$abc$20785$auto$blifparse.cc:397:parse_blif$25841,$_NAND_,Y,6992
5056,$abc$20785$auto$blifparse.cc:397:parse_blif$25842,$_MUX_,Y,6993
5057,$abc$20785$auto$blifparse.cc:397:parse_blif$25843,$_NAND_,Y,6994
5058,$abc$20785$auto$blifparse.cc:397:parse_blif$25844,$_MUX_,Y,6995
5059,$abc$20785$auto$blifparse.cc:397:parse_blif$25845,$_NAND_,Y,6996
5060,$abc$20785$auto$blifparse.cc:397:parse_blif$25846,$_MUX_,Y,6997
5061,$abc$20785$auto$blifparse.cc:397:parse_blif$25847,$_NAND_,Y,6998
5062,$abc$20785$auto$blifparse.cc:397:parse_blif$25848,$_MUX_,Y,6999
5063,$abc$20785$auto$blifparse.cc:397:parse_blif$25849,$_NAND_,Y,7000
5064,$abc$20785$auto$blifparse.cc:397:parse_blif$25850,$_MUX_,Y,7001
5065,$abc$20785$auto$blifparse.cc:397:parse_blif$25851,$_NAND_,Y,7002
5066,$abc$20785$auto$blifparse.cc:397:parse_blif$25852,$_MUX_,Y,7003
5067,$abc$20785$auto$blifparse.cc:397:parse_blif$25853,$_NAND_,Y,7004
5068,$abc$20785$auto$blifparse.cc:397:parse_blif$25854,$_MUX_,Y,7005
5069,$abc$20785$auto$blifparse.cc:397:parse_blif$25855,$_NAND_,Y,7006
5070,$abc$20785$auto$blifparse.cc:397:parse_blif$25856,$_MUX_,Y,7007
5071,$abc$20785$auto$blifparse.cc:397:parse_blif$25857,$_NAND_,Y,7008
5072,$abc$20785$auto$blifparse.cc:397:parse_blif$25858,$_MUX_,Y,7009
5073,$abc$20785$auto$blifparse.cc:397:parse_blif$25859,$_NAND_,Y,7010
5074,$abc$20785$auto$blifparse.cc:397:parse_blif$25860,$_MUX_,Y,7011
5075,$abc$20785$auto$blifparse.cc:397:parse_blif$25861,$_NAND_,Y,7012
5076,$abc$20785$auto$blifparse.cc:397:parse_blif$25862,$_MUX_,Y,7013
5077,$abc$20785$auto$blifparse.cc:397:parse_blif$25863,$_NAND_,Y,7014
5078,$abc$20785$auto$blifparse.cc:397:parse_blif$25864,$_MUX_,Y,7015
5079,$abc$20785$auto$blifparse.cc:397:parse_blif$25865,$_NAND_,Y,7016
5080,$abc$20785$auto$blifparse.cc:397:parse_blif$25866,$_MUX_,Y,7017
5081,$abc$20785$auto$blifparse.cc:397:parse_blif$25867,$_NAND_,Y,7018
5082,$abc$20785$auto$blifparse.cc:397:parse_blif$25868,$_MUX_,Y,7019
5083,$abc$20785$auto$blifparse.cc:397:parse_blif$25869,$_NAND_,Y,7020
5084,$abc$20785$auto$blifparse.cc:397:parse_blif$25870,$_MUX_,Y,7021
5085,$abc$20785$auto$blifparse.cc:397:parse_blif$25871,$_NAND_,Y,7022
5086,$abc$20785$auto$blifparse.cc:397:parse_blif$25872,$_MUX_,Y,7023
5087,$abc$20785$auto$blifparse.cc:397:parse_blif$25873,$_NAND_,Y,7024
5088,$abc$20785$auto$blifparse.cc:397:parse_blif$25874,$_MUX_,Y,7025
5089,$abc$20785$auto$blifparse.cc:397:parse_blif$25875,$_NAND_,Y,7026
5090,$abc$20785$auto$blifparse.cc:397:parse_blif$25876,$_MUX_,Y,7027
5091,$abc$20785$auto$blifparse.cc:397:parse_blif$25877,$_NAND_,Y,7028
5092,$abc$20785$auto$blifparse.cc:397:parse_blif$25878,$_MUX_,Y,7029
5093,$abc$20785$auto$blifparse.cc:397:parse_blif$25879,$_NAND_,Y,7030
5094,$abc$20785$auto$blifparse.cc:397:parse_blif$25880,$_MUX_,Y,7031
5095,$abc$20785$auto$blifparse.cc:397:parse_blif$25881,$_NAND_,Y,7032
5096,$abc$20785$auto$blifparse.cc:397:parse_blif$25882,$_MUX_,Y,7033
5097,$abc$20785$auto$blifparse.cc:397:parse_blif$25883,$_NAND_,Y,7034
5098,$abc$20785$auto$blifparse.cc:397:parse_blif$25884,$_MUX_,Y,7035
5099,$abc$20785$auto$blifparse.cc:397:parse_blif$25885,$_NAND_,Y,7036
5100,$abc$20785$auto$blifparse.cc:397:parse_blif$25886,$_MUX_,Y,7037
5101,$abc$20785$auto$blifparse.cc:397:parse_blif$25887,$_NAND_,Y,7038
5102,$abc$20785$auto$blifparse.cc:397:parse_blif$25888,$_MUX_,Y,7039
5103,$abc$20785$auto$blifparse.cc:397:parse_blif$25889,$_NAND_,Y,7040
5104,$abc$20785$auto$blifparse.cc:397:parse_blif$25890,$_MUX_,Y,7041
5105,$abc$20785$auto$blifparse.cc:397:parse_blif$25891,$_NAND_,Y,7042
5106,$abc$20785$auto$blifparse.cc:397:parse_blif$25892,$_MUX_,Y,7043
5107,$abc$20785$auto$blifparse.cc:397:parse_blif$25893,$_NAND_,Y,7044
5108,$abc$20785$auto$blifparse.cc:397:parse_blif$25894,$_MUX_,Y,7045
5109,$abc$20785$auto$blifparse.cc:397:parse_blif$25895,$_NAND_,Y,7046
5110,$abc$20785$auto$blifparse.cc:397:parse_blif$25896,$_MUX_,Y,7047
5111,$abc$20785$auto$blifparse.cc:397:parse_blif$25897,$_NAND_,Y,7048
5112,$abc$20785$auto$blifparse.cc:397:parse_blif$25898,$_MUX_,Y,7049
5113,$abc$20785$auto$blifparse.cc:397:parse_blif$25899,$_NAND_,Y,7050
5114,$abc$20785$auto$blifparse.cc:397:parse_blif$25900,$_MUX_,Y,7051
5115,$abc$20785$auto$blifparse.cc:397:parse_blif$25901,$_NAND_,Y,7052
5116,$abc$20785$auto$blifparse.cc:397:parse_blif$25902,$_MUX_,Y,7053
5117,$abc$20785$auto$blifparse.cc:397:parse_blif$25903,$_NAND_,Y,7054
5118,$abc$20785$auto$blifparse.cc:397:parse_blif$25904,$_MUX_,Y,7055
5119,$abc$20785$auto$blifparse.cc:397:parse_blif$25905,$_NAND_,Y,7056
5120,$abc$20785$auto$blifparse.cc:397:parse_blif$25906,$_MUX_,Y,7057
5121,$abc$20785$auto$blifparse.cc:397:parse_blif$25907,$_NAND_,Y,7058
5122,$abc$20785$auto$blifparse.cc:397:parse_blif$25908,$_MUX_,Y,7059
5123,$abc$20785$auto$blifparse.cc:397:parse_blif$25909,$_NAND_,Y,7060
5124,$abc$20785$auto$blifparse.cc:397:parse_blif$25910,$_MUX_,Y,7061
5125,$abc$20785$auto$blifparse.cc:397:parse_blif$25911,$_NAND_,Y,7062
5126,$abc$20785$auto$blifparse.cc:397:parse_blif$25912,$_MUX_,Y,7063
5127,$abc$20785$auto$blifparse.cc:397:parse_blif$25913,$_NAND_,Y,7064
5128,$abc$20785$auto$blifparse.cc:397:parse_blif$25914,$_MUX_,Y,7065
5129,$abc$20785$auto$blifparse.cc:397:parse_blif$25915,$_NAND_,Y,7066
5130,$abc$20785$auto$blifparse.cc:397:parse_blif$25916,$_MUX_,Y,7067
5131,$abc$20785$auto$blifparse.cc:397:parse_blif$25917,$_NAND_,Y,7068
5132,$abc$20785$auto$blifparse.cc:397:parse_blif$25918,$_MUX_,Y,7069
5133,$abc$20785$auto$blifparse.cc:397:parse_blif$25919,$_NAND_,Y,7070
5134,$abc$20785$auto$blifparse.cc:397:parse_blif$25920,$_MUX_,Y,7071
5135,$abc$20785$auto$blifparse.cc:397:parse_blif$25921,$_NAND_,Y,7072
5136,$abc$20785$auto$blifparse.cc:397:parse_blif$25922,$_MUX_,Y,7073
5137,$abc$20785$auto$blifparse.cc:397:parse_blif$25923,$_NAND_,Y,7074
5138,$abc$20785$auto$blifparse.cc:397:parse_blif$25924,$_MUX_,Y,7075
5139,$abc$20785$auto$blifparse.cc:397:parse_blif$25925,$_NAND_,Y,7076
5140,$abc$20785$auto$blifparse.cc:397:parse_blif$25926,$_MUX_,Y,7077
5141,$abc$20785$auto$blifparse.cc:397:parse_blif$25927,$_NAND_,Y,7078
5142,$abc$20785$auto$blifparse.cc:397:parse_blif$25928,$_MUX_,Y,7079
5143,$abc$20785$auto$blifparse.cc:397:parse_blif$25929,$_NAND_,Y,7080
5144,$abc$20785$auto$blifparse.cc:397:parse_blif$25930,$_MUX_,Y,7081
5145,$abc$20785$auto$blifparse.cc:397:parse_blif$25931,$_NAND_,Y,7082
5146,$abc$20785$auto$blifparse.cc:397:parse_blif$25932,$_MUX_,Y,7083
5147,$abc$20785$auto$blifparse.cc:397:parse_blif$25933,$_NAND_,Y,7084
5148,$abc$20785$auto$blifparse.cc:397:parse_blif$25934,$_MUX_,Y,7085
5149,$abc$20785$auto$blifparse.cc:397:parse_blif$25935,$_NAND_,Y,7086
5150,$abc$20785$auto$blifparse.cc:397:parse_blif$25936,$_MUX_,Y,7087
5151,$abc$20785$auto$blifparse.cc:397:parse_blif$25937,$_NAND_,Y,7088
5152,$abc$20785$auto$blifparse.cc:397:parse_blif$25938,$_MUX_,Y,7089
5153,$abc$20785$auto$blifparse.cc:397:parse_blif$25939,$_NAND_,Y,7090
5154,$abc$20785$auto$blifparse.cc:397:parse_blif$25940,$_MUX_,Y,7091
5155,$abc$20785$auto$blifparse.cc:397:parse_blif$25941,$_NAND_,Y,7092
5156,$abc$20785$auto$blifparse.cc:397:parse_blif$25942,$_MUX_,Y,7093
5157,$abc$20785$auto$blifparse.cc:397:parse_blif$25943,$_NAND_,Y,7094
5158,$abc$20785$auto$blifparse.cc:397:parse_blif$25944,$_MUX_,Y,7095
5159,$abc$20785$auto$blifparse.cc:397:parse_blif$25945,$_NAND_,Y,7096
5160,$abc$20785$auto$blifparse.cc:397:parse_blif$25946,$_MUX_,Y,7097
5161,$abc$20785$auto$blifparse.cc:397:parse_blif$25947,$_NAND_,Y,7098
5162,$abc$20785$auto$blifparse.cc:397:parse_blif$25948,$_MUX_,Y,7099
5163,$abc$20785$auto$blifparse.cc:397:parse_blif$25949,$_NAND_,Y,7100
5164,$abc$20785$auto$blifparse.cc:397:parse_blif$25950,$_MUX_,Y,7101
5165,$abc$20785$auto$blifparse.cc:397:parse_blif$25951,$_NAND_,Y,7102
5166,$abc$20785$auto$blifparse.cc:397:parse_blif$25952,$_MUX_,Y,7103
5167,$abc$20785$auto$blifparse.cc:397:parse_blif$25953,$_NAND_,Y,7104
5168,$abc$20785$auto$blifparse.cc:397:parse_blif$25954,$_MUX_,Y,7105
5169,$abc$20785$auto$blifparse.cc:397:parse_blif$25955,$_NAND_,Y,7106
5170,$abc$20785$auto$blifparse.cc:397:parse_blif$25956,$_MUX_,Y,7107
5171,$abc$20785$auto$blifparse.cc:397:parse_blif$25957,$_NAND_,Y,7108
5172,$abc$20785$auto$blifparse.cc:397:parse_blif$25958,$_MUX_,Y,7109
5173,$abc$20785$auto$blifparse.cc:397:parse_blif$25959,$_NAND_,Y,7110
5174,$abc$20785$auto$blifparse.cc:397:parse_blif$25960,$_MUX_,Y,7111
5175,$abc$20785$auto$blifparse.cc:397:parse_blif$25961,$_NAND_,Y,7112
5176,$abc$20785$auto$blifparse.cc:397:parse_blif$25962,$_MUX_,Y,7113
5177,$abc$20785$auto$blifparse.cc:397:parse_blif$25963,$_NAND_,Y,7114
5178,$abc$20785$auto$blifparse.cc:397:parse_blif$25964,$_MUX_,Y,7115
5179,$abc$20785$auto$blifparse.cc:397:parse_blif$25965,$_NAND_,Y,7116
5180,$abc$20785$auto$blifparse.cc:397:parse_blif$25966,$_MUX_,Y,7117
5181,$abc$20785$auto$blifparse.cc:397:parse_blif$25967,$_NAND_,Y,7118
5182,$abc$20785$auto$blifparse.cc:397:parse_blif$25968,$_MUX_,Y,7119
5183,$abc$20785$auto$blifparse.cc:397:parse_blif$25969,$_NAND_,Y,7120
5184,$abc$20785$auto$blifparse.cc:397:parse_blif$25970,$_MUX_,Y,7121
5185,$abc$20785$auto$blifparse.cc:397:parse_blif$25971,$_NAND_,Y,7122
5186,$abc$20785$auto$blifparse.cc:397:parse_blif$25972,$_MUX_,Y,7123
5187,$abc$20785$auto$blifparse.cc:397:parse_blif$25973,$_NAND_,Y,7124
5188,$abc$20785$auto$blifparse.cc:397:parse_blif$25974,$_MUX_,Y,7125
5189,$abc$20785$auto$blifparse.cc:397:parse_blif$25975,$_NAND_,Y,7126
5190,$abc$20785$auto$blifparse.cc:397:parse_blif$25976,$_MUX_,Y,7127
5191,$abc$20785$auto$blifparse.cc:397:parse_blif$25977,$_NAND_,Y,7128
5192,$abc$20785$auto$blifparse.cc:397:parse_blif$25978,$_MUX_,Y,7129
5193,$abc$20785$auto$blifparse.cc:397:parse_blif$25979,$_NAND_,Y,7130
5194,$abc$20785$auto$blifparse.cc:397:parse_blif$25980,$_MUX_,Y,7131
5195,$abc$20785$auto$blifparse.cc:397:parse_blif$25981,$_NAND_,Y,7132
5196,$abc$20785$auto$blifparse.cc:397:parse_blif$25982,$_MUX_,Y,7133
5197,$abc$20785$auto$blifparse.cc:397:parse_blif$25983,$_NAND_,Y,7134
5198,$abc$20785$auto$blifparse.cc:397:parse_blif$25984,$_MUX_,Y,7135
5199,$abc$20785$auto$blifparse.cc:397:parse_blif$25985,$_NAND_,Y,7136
5200,$abc$20785$auto$blifparse.cc:397:parse_blif$25986,$_MUX_,Y,7137
5201,$abc$20785$auto$blifparse.cc:397:parse_blif$25987,$_NAND_,Y,7138
5202,$abc$20785$auto$blifparse.cc:397:parse_blif$25988,$_MUX_,Y,7139
5203,$abc$20785$auto$blifparse.cc:397:parse_blif$25989,$_NAND_,Y,7140
5204,$abc$20785$auto$blifparse.cc:397:parse_blif$25990,$_MUX_,Y,7141
5205,$abc$20785$auto$blifparse.cc:397:parse_blif$25991,$_NAND_,Y,7142
5206,$abc$20785$auto$blifparse.cc:397:parse_blif$25992,$_MUX_,Y,7143
5207,$abc$20785$auto$blifparse.cc:397:parse_blif$25993,$_NAND_,Y,7144
5208,$abc$20785$auto$blifparse.cc:397:parse_blif$25994,$_MUX_,Y,7145
5209,$abc$20785$auto$blifparse.cc:397:parse_blif$25995,$_NAND_,Y,7146
5210,$abc$20785$auto$blifparse.cc:397:parse_blif$25996,$_MUX_,Y,7147
5211,$abc$20785$auto$blifparse.cc:397:parse_blif$25997,$_NAND_,Y,7148
5212,$abc$20785$auto$blifparse.cc:397:parse_blif$25998,$_MUX_,Y,7149
5213,$abc$20785$auto$blifparse.cc:397:parse_blif$25999,$_NAND_,Y,7150
5214,$abc$20785$auto$blifparse.cc:397:parse_blif$26000,$_MUX_,Y,7151
5215,$abc$20785$auto$blifparse.cc:397:parse_blif$26001,$_NAND_,Y,7152
5216,$abc$20785$auto$blifparse.cc:397:parse_blif$26002,$_MUX_,Y,7153
5217,$abc$20785$auto$blifparse.cc:397:parse_blif$26003,$_NAND_,Y,7154
5218,$abc$20785$auto$blifparse.cc:397:parse_blif$26004,$_MUX_,Y,7155
5219,$abc$20785$auto$blifparse.cc:397:parse_blif$26005,$_NAND_,Y,7156
5220,$abc$20785$auto$blifparse.cc:397:parse_blif$26006,$_MUX_,Y,7157
5221,$abc$20785$auto$blifparse.cc:397:parse_blif$26007,$_NAND_,Y,7158
5222,$abc$20785$auto$blifparse.cc:397:parse_blif$26008,$_MUX_,Y,7159
5223,$abc$20785$auto$blifparse.cc:397:parse_blif$26009,$_NAND_,Y,7160
5224,$abc$20785$auto$blifparse.cc:397:parse_blif$26010,$_MUX_,Y,7161
5225,$abc$20785$auto$blifparse.cc:397:parse_blif$26011,$_NAND_,Y,7162
5226,$abc$20785$auto$blifparse.cc:397:parse_blif$26012,$_MUX_,Y,7163
5227,$abc$20785$auto$blifparse.cc:397:parse_blif$26013,$_NAND_,Y,7164
5228,$abc$20785$auto$blifparse.cc:397:parse_blif$26014,$_MUX_,Y,7165
5229,$abc$20785$auto$blifparse.cc:397:parse_blif$26015,$_NAND_,Y,7166
5230,$abc$20785$auto$blifparse.cc:397:parse_blif$26016,$_MUX_,Y,7167
5231,$abc$20785$auto$blifparse.cc:397:parse_blif$26017,$_NAND_,Y,7168
5232,$abc$20785$auto$blifparse.cc:397:parse_blif$26018,$_MUX_,Y,7169
5233,$abc$20785$auto$blifparse.cc:397:parse_blif$26019,$_NAND_,Y,7170
5234,$abc$20785$auto$blifparse.cc:397:parse_blif$26020,$_MUX_,Y,7171
5235,$abc$20785$auto$blifparse.cc:397:parse_blif$26021,$_NAND_,Y,7172
5236,$abc$20785$auto$blifparse.cc:397:parse_blif$26022,$_MUX_,Y,7173
5237,$abc$20785$auto$blifparse.cc:397:parse_blif$26023,$_NAND_,Y,7174
5238,$abc$20785$auto$blifparse.cc:397:parse_blif$26024,$_MUX_,Y,7175
5239,$abc$20785$auto$blifparse.cc:397:parse_blif$26025,$_NAND_,Y,7176
5240,$abc$20785$auto$blifparse.cc:397:parse_blif$26026,$_MUX_,Y,7177
5241,$abc$20785$auto$blifparse.cc:397:parse_blif$26027,$_NAND_,Y,7178
5242,$abc$20785$auto$blifparse.cc:397:parse_blif$26028,$_MUX_,Y,7179
5243,$abc$20785$auto$blifparse.cc:397:parse_blif$26029,$_NAND_,Y,7180
5244,$abc$20785$auto$blifparse.cc:397:parse_blif$26030,$_MUX_,Y,7181
5245,$abc$20785$auto$blifparse.cc:397:parse_blif$26031,$_NAND_,Y,7182
5246,$abc$20785$auto$blifparse.cc:397:parse_blif$26032,$_MUX_,Y,7183
5247,$abc$20785$auto$blifparse.cc:397:parse_blif$26033,$_NAND_,Y,7184
5248,$abc$20785$auto$blifparse.cc:397:parse_blif$26034,$_MUX_,Y,7185
5249,$abc$20785$auto$blifparse.cc:397:parse_blif$26035,$_NAND_,Y,7186
5250,$abc$20785$auto$blifparse.cc:397:parse_blif$26036,$_MUX_,Y,7187
5251,$abc$20785$auto$blifparse.cc:397:parse_blif$26037,$_NAND_,Y,7188
5252,$abc$20785$auto$blifparse.cc:397:parse_blif$26038,$_MUX_,Y,7189
5253,$abc$20785$auto$blifparse.cc:397:parse_blif$26039,$_NAND_,Y,7190
5254,$abc$20785$auto$blifparse.cc:397:parse_blif$26040,$_MUX_,Y,7191
5255,$abc$20785$auto$blifparse.cc:397:parse_blif$26041,$_NAND_,Y,7192
5256,$abc$20785$auto$blifparse.cc:397:parse_blif$26042,$_MUX_,Y,7193
5257,$abc$20785$auto$blifparse.cc:397:parse_blif$26043,$_NAND_,Y,7194
5258,$abc$20785$auto$blifparse.cc:397:parse_blif$26044,$_MUX_,Y,7195
5259,$abc$20785$auto$blifparse.cc:397:parse_blif$26045,$_NAND_,Y,7196
5260,$abc$20785$auto$blifparse.cc:397:parse_blif$26046,$_MUX_,Y,7197
5261,$abc$20785$auto$blifparse.cc:397:parse_blif$26047,$_NAND_,Y,7198
5262,$abc$20785$auto$blifparse.cc:397:parse_blif$26048,$_MUX_,Y,7199
5263,$abc$20785$auto$blifparse.cc:397:parse_blif$26049,$_NAND_,Y,7200
5264,$abc$20785$auto$blifparse.cc:397:parse_blif$26050,$_MUX_,Y,7201
5265,$abc$20785$auto$blifparse.cc:397:parse_blif$26051,$_NAND_,Y,7202
5266,$abc$20785$auto$blifparse.cc:397:parse_blif$26052,$_MUX_,Y,7203
5267,$abc$20785$auto$blifparse.cc:397:parse_blif$26053,$_NAND_,Y,7204
5268,$abc$20785$auto$blifparse.cc:397:parse_blif$26054,$_MUX_,Y,7205
5269,$abc$20785$auto$blifparse.cc:397:parse_blif$26055,$_NAND_,Y,7206
5270,$abc$20785$auto$blifparse.cc:397:parse_blif$26056,$_MUX_,Y,7207
5271,$abc$20785$auto$blifparse.cc:397:parse_blif$26057,$_NAND_,Y,7208
5272,$abc$20785$auto$blifparse.cc:397:parse_blif$26058,$_MUX_,Y,7209
5273,$abc$20785$auto$blifparse.cc:397:parse_blif$26059,$_NAND_,Y,7210
5274,$abc$20785$auto$blifparse.cc:397:parse_blif$26060,$_MUX_,Y,7211
5275,$abc$20785$auto$blifparse.cc:397:parse_blif$26061,$_NAND_,Y,7212
5276,$abc$20785$auto$blifparse.cc:397:parse_blif$26062,$_MUX_,Y,7213
5277,$abc$20785$auto$blifparse.cc:397:parse_blif$26063,$_NAND_,Y,7214
5278,$abc$20785$auto$blifparse.cc:397:parse_blif$26064,$_MUX_,Y,7215
5279,$abc$20785$auto$blifparse.cc:397:parse_blif$26065,$_NAND_,Y,7216
5280,$abc$20785$auto$blifparse.cc:397:parse_blif$26066,$_MUX_,Y,7217
5281,$abc$20785$auto$blifparse.cc:397:parse_blif$26067,$_NAND_,Y,7218
5282,$abc$20785$auto$blifparse.cc:397:parse_blif$26068,$_MUX_,Y,7219
5283,$abc$20785$auto$blifparse.cc:397:parse_blif$26069,$_NAND_,Y,7220
5284,$abc$20785$auto$blifparse.cc:397:parse_blif$26070,$_MUX_,Y,7221
5285,$abc$20785$auto$blifparse.cc:397:parse_blif$26071,$_NAND_,Y,7222
5286,$abc$20785$auto$blifparse.cc:397:parse_blif$26072,$_MUX_,Y,7223
5287,$abc$20785$auto$blifparse.cc:397:parse_blif$26073,$_NAND_,Y,7224
5288,$abc$20785$auto$blifparse.cc:397:parse_blif$26074,$_MUX_,Y,7225
5289,$abc$20785$auto$blifparse.cc:397:parse_blif$26075,$_NAND_,Y,7226
5290,$abc$20785$auto$blifparse.cc:397:parse_blif$26076,$_MUX_,Y,7227
5291,$abc$20785$auto$blifparse.cc:397:parse_blif$26077,$_NAND_,Y,7228
5292,$abc$20785$auto$blifparse.cc:397:parse_blif$26078,$_MUX_,Y,7229
5293,$abc$20785$auto$blifparse.cc:397:parse_blif$26079,$_NAND_,Y,7230
5294,$abc$20785$auto$blifparse.cc:397:parse_blif$26080,$_MUX_,Y,7231
5295,$abc$20785$auto$blifparse.cc:397:parse_blif$26081,$_NAND_,Y,7232
5296,$abc$20785$auto$blifparse.cc:397:parse_blif$26082,$_MUX_,Y,7233
5297,$abc$20785$auto$blifparse.cc:397:parse_blif$26083,$_NAND_,Y,7234
5298,$abc$20785$auto$blifparse.cc:397:parse_blif$26084,$_MUX_,Y,7235
5299,$abc$20785$auto$blifparse.cc:397:parse_blif$26085,$_NAND_,Y,7236
5300,$abc$20785$auto$blifparse.cc:397:parse_blif$26086,$_MUX_,Y,7237
5301,$abc$20785$auto$blifparse.cc:397:parse_blif$26087,$_NAND_,Y,7238
5302,$abc$20785$auto$blifparse.cc:397:parse_blif$26088,$_MUX_,Y,7239
5303,$abc$20785$auto$blifparse.cc:397:parse_blif$26089,$_NAND_,Y,7240
5304,$abc$20785$auto$blifparse.cc:397:parse_blif$26090,$_MUX_,Y,7241
5305,$abc$20785$auto$blifparse.cc:397:parse_blif$26091,$_NAND_,Y,7242
5306,$abc$20785$auto$blifparse.cc:397:parse_blif$26092,$_MUX_,Y,7243
5307,$abc$20785$auto$blifparse.cc:397:parse_blif$26093,$_NAND_,Y,7244
5308,$abc$20785$auto$blifparse.cc:397:parse_blif$26094,$_MUX_,Y,7245
5309,$abc$20785$auto$blifparse.cc:397:parse_blif$26095,$_NAND_,Y,7246
5310,$abc$20785$auto$blifparse.cc:397:parse_blif$26096,$_MUX_,Y,7247
5311,$abc$20785$auto$blifparse.cc:397:parse_blif$26097,$_NAND_,Y,7248
5312,$abc$20785$auto$blifparse.cc:397:parse_blif$26098,$_MUX_,Y,7249
5313,$abc$20785$auto$blifparse.cc:397:parse_blif$26099,$_NAND_,Y,7250
5314,$abc$20785$auto$blifparse.cc:397:parse_blif$26100,$_MUX_,Y,7251
5315,$abc$20785$auto$blifparse.cc:397:parse_blif$26101,$_NAND_,Y,7252
5316,$abc$20785$auto$blifparse.cc:397:parse_blif$26102,$_MUX_,Y,7253
5317,$abc$20785$auto$blifparse.cc:397:parse_blif$26103,$_NAND_,Y,7254
5318,$abc$20785$auto$blifparse.cc:397:parse_blif$26104,$_MUX_,Y,7255
5319,$abc$20785$auto$blifparse.cc:397:parse_blif$26105,$_NAND_,Y,7256
5320,$abc$20785$auto$blifparse.cc:397:parse_blif$26106,$_MUX_,Y,7257
5321,$abc$20785$auto$blifparse.cc:397:parse_blif$26107,$_NAND_,Y,7258
5322,$abc$20785$auto$blifparse.cc:397:parse_blif$26108,$_MUX_,Y,7259
5323,$abc$20785$auto$blifparse.cc:397:parse_blif$26109,$_NAND_,Y,7260
5324,$abc$20785$auto$blifparse.cc:397:parse_blif$26110,$_MUX_,Y,7261
5325,$abc$20785$auto$blifparse.cc:397:parse_blif$26111,$_NAND_,Y,7262
5326,$abc$20785$auto$blifparse.cc:397:parse_blif$26112,$_MUX_,Y,7263
5327,$abc$20785$auto$blifparse.cc:397:parse_blif$26113,$_NAND_,Y,7264
5328,$abc$20785$auto$blifparse.cc:397:parse_blif$26114,$_MUX_,Y,7265
5329,$abc$20785$auto$blifparse.cc:397:parse_blif$26115,$_NAND_,Y,7266
5330,$abc$20785$auto$blifparse.cc:397:parse_blif$26116,$_MUX_,Y,7267
5331,$abc$20785$auto$blifparse.cc:397:parse_blif$26117,$_NAND_,Y,7268
5332,$abc$20785$auto$blifparse.cc:397:parse_blif$26118,$_MUX_,Y,7269
5333,$abc$20785$auto$blifparse.cc:397:parse_blif$26119,$_NAND_,Y,7270
5334,$abc$20785$auto$blifparse.cc:397:parse_blif$26120,$_MUX_,Y,7271
5335,$abc$20785$auto$blifparse.cc:397:parse_blif$26121,$_NAND_,Y,7272
5336,$abc$20785$auto$blifparse.cc:397:parse_blif$26122,$_MUX_,Y,7273
5337,$abc$20785$auto$blifparse.cc:397:parse_blif$26123,$_NAND_,Y,7274
5338,$abc$20785$auto$blifparse.cc:397:parse_blif$26124,$_MUX_,Y,7275
5339,$abc$20785$auto$blifparse.cc:397:parse_blif$26125,$_NAND_,Y,7276
5340,$abc$20785$auto$blifparse.cc:397:parse_blif$26126,$_MUX_,Y,7277
5341,$abc$20785$auto$blifparse.cc:397:parse_blif$26127,$_NAND_,Y,7278
5342,$abc$20785$auto$blifparse.cc:397:parse_blif$26128,$_MUX_,Y,7279
5343,$abc$20785$auto$blifparse.cc:397:parse_blif$26129,$_NAND_,Y,7280
5344,$abc$20785$auto$blifparse.cc:397:parse_blif$26130,$_MUX_,Y,7281
5345,$abc$20785$auto$blifparse.cc:397:parse_blif$26131,$_NAND_,Y,7282
5346,$abc$20785$auto$blifparse.cc:397:parse_blif$26132,$_MUX_,Y,7283
5347,$abc$20785$auto$blifparse.cc:397:parse_blif$26133,$_NAND_,Y,7284
5348,$abc$20785$auto$blifparse.cc:397:parse_blif$26134,$_MUX_,Y,7285
5349,$abc$20785$auto$blifparse.cc:397:parse_blif$26135,$_NAND_,Y,7286
5350,$abc$20785$auto$blifparse.cc:397:parse_blif$26136,$_MUX_,Y,7287
5351,$abc$20785$auto$blifparse.cc:397:parse_blif$26137,$_NAND_,Y,7288
5352,$abc$20785$auto$blifparse.cc:397:parse_blif$26138,$_MUX_,Y,7289
5353,$abc$20785$auto$blifparse.cc:397:parse_blif$26139,$_NAND_,Y,7290
5354,$abc$20785$auto$blifparse.cc:397:parse_blif$26140,$_MUX_,Y,7291
5355,$abc$20785$auto$blifparse.cc:397:parse_blif$26141,$_NAND_,Y,7292
5356,$abc$20785$auto$blifparse.cc:397:parse_blif$26142,$_MUX_,Y,7293
5357,$abc$20785$auto$blifparse.cc:397:parse_blif$26143,$_NAND_,Y,7294
5358,$abc$20785$auto$blifparse.cc:397:parse_blif$26144,$_MUX_,Y,7295
5359,$abc$20785$auto$blifparse.cc:397:parse_blif$26145,$_NAND_,Y,7296
5360,$abc$20785$auto$blifparse.cc:397:parse_blif$26146,$_MUX_,Y,7297
5361,$abc$20785$auto$blifparse.cc:397:parse_blif$26147,$_NAND_,Y,7298
5362,$abc$20785$auto$blifparse.cc:397:parse_blif$26148,$_MUX_,Y,7299
5363,$abc$20785$auto$blifparse.cc:397:parse_blif$26149,$_NAND_,Y,7300
5364,$abc$20785$auto$blifparse.cc:397:parse_blif$26150,$_MUX_,Y,7301
5365,$abc$20785$auto$blifparse.cc:397:parse_blif$26151,$_NAND_,Y,7302
5366,$abc$20785$auto$blifparse.cc:397:parse_blif$26152,$_MUX_,Y,7303
5367,$abc$20785$auto$blifparse.cc:397:parse_blif$26153,$_NAND_,Y,7304
5368,$abc$20785$auto$blifparse.cc:397:parse_blif$26154,$_MUX_,Y,7305
5369,$abc$20785$auto$blifparse.cc:397:parse_blif$26155,$_NAND_,Y,7306
5370,$abc$20785$auto$blifparse.cc:397:parse_blif$26156,$_MUX_,Y,7307
5371,$abc$20785$auto$blifparse.cc:397:parse_blif$26157,$_NAND_,Y,7308
5372,$abc$20785$auto$blifparse.cc:397:parse_blif$26158,$_MUX_,Y,7309
5373,$abc$20785$auto$blifparse.cc:397:parse_blif$26159,$_NAND_,Y,7310
5374,$abc$20785$auto$blifparse.cc:397:parse_blif$26160,$_MUX_,Y,7311
5375,$abc$20785$auto$blifparse.cc:397:parse_blif$26161,$_NAND_,Y,7312
5376,$abc$20785$auto$blifparse.cc:397:parse_blif$26162,$_MUX_,Y,7313
5377,$abc$20785$auto$blifparse.cc:397:parse_blif$26163,$_NAND_,Y,7314
5378,$abc$20785$auto$blifparse.cc:397:parse_blif$26164,$_MUX_,Y,7315
5379,$abc$20785$auto$blifparse.cc:397:parse_blif$26165,$_NAND_,Y,7316
5380,$abc$20785$auto$blifparse.cc:397:parse_blif$26166,$_MUX_,Y,7317
5381,$abc$20785$auto$blifparse.cc:397:parse_blif$26167,$_NAND_,Y,7318
5382,$abc$20785$auto$blifparse.cc:397:parse_blif$26168,$_MUX_,Y,7319
5383,$abc$20785$auto$blifparse.cc:397:parse_blif$26169,$_NAND_,Y,7320
5384,$abc$20785$auto$blifparse.cc:397:parse_blif$26170,$_MUX_,Y,7321
5385,$abc$20785$auto$blifparse.cc:397:parse_blif$26171,$_NAND_,Y,7322
5386,$abc$20785$auto$blifparse.cc:397:parse_blif$26172,$_MUX_,Y,7323
5387,$abc$20785$auto$blifparse.cc:397:parse_blif$26173,$_NAND_,Y,7324
5388,$abc$20785$auto$blifparse.cc:397:parse_blif$26174,$_MUX_,Y,7325
5389,$abc$20785$auto$blifparse.cc:397:parse_blif$26175,$_NAND_,Y,7326
5390,$abc$20785$auto$blifparse.cc:397:parse_blif$26176,$_MUX_,Y,7327
5391,$abc$20785$auto$blifparse.cc:397:parse_blif$26177,$_NAND_,Y,7328
5392,$abc$20785$auto$blifparse.cc:397:parse_blif$26178,$_NAND_,Y,7330
5393,$abc$20785$auto$blifparse.cc:397:parse_blif$26179,$_MUX_,Y,7331
5394,$abc$20785$auto$blifparse.cc:397:parse_blif$26180,$_NAND_,Y,7332
5395,$abc$20785$auto$blifparse.cc:397:parse_blif$26181,$_NAND_,Y,7334
5396,$abc$20785$auto$blifparse.cc:397:parse_blif$26182,$_MUX_,Y,7335
5397,$abc$20785$auto$blifparse.cc:397:parse_blif$26183,$_NAND_,Y,7336
5398,$abc$20785$auto$blifparse.cc:397:parse_blif$26184,$_AND_,Y,7338
5399,$abc$20785$auto$blifparse.cc:397:parse_blif$26185,$_MUX_,Y,7339
5400,$abc$20785$auto$blifparse.cc:397:parse_blif$26186,$_OR_,Y,7340
5401,$abc$20785$auto$blifparse.cc:397:parse_blif$26187,$_NAND_,Y,7342
5402,$abc$20785$auto$blifparse.cc:397:parse_blif$26188,$_MUX_,Y,7343
5403,$abc$20785$auto$blifparse.cc:397:parse_blif$26189,$_NAND_,Y,7344
5404,$abc$20785$auto$blifparse.cc:397:parse_blif$26190,$_NAND_,Y,7346
5405,$abc$20785$auto$blifparse.cc:397:parse_blif$26191,$_MUX_,Y,7347
5406,$abc$20785$auto$blifparse.cc:397:parse_blif$26192,$_NAND_,Y,7348
5407,$abc$20785$auto$blifparse.cc:397:parse_blif$26193,$_NAND_,Y,7350
5408,$abc$20785$auto$blifparse.cc:397:parse_blif$26194,$_MUX_,Y,7351
5409,$abc$20785$auto$blifparse.cc:397:parse_blif$26195,$_NAND_,Y,7352
5410,$abc$20785$auto$blifparse.cc:397:parse_blif$26196,$_NAND_,Y,7354
5411,$abc$20785$auto$blifparse.cc:397:parse_blif$26197,$_MUX_,Y,7355
5412,$abc$20785$auto$blifparse.cc:397:parse_blif$26198,$_NAND_,Y,7356
5413,$abc$20785$auto$blifparse.cc:397:parse_blif$26199,$_NAND_,Y,7358
5414,$abc$20785$auto$blifparse.cc:397:parse_blif$26200,$_MUX_,Y,7359
5415,$abc$20785$auto$blifparse.cc:397:parse_blif$26201,$_NAND_,Y,7360
5416,$abc$20785$auto$blifparse.cc:397:parse_blif$26202,$_NAND_,Y,7362
5417,$abc$20785$auto$blifparse.cc:397:parse_blif$26203,$_MUX_,Y,7363
5418,$abc$20785$auto$blifparse.cc:397:parse_blif$26204,$_NAND_,Y,7364
5419,$abc$20785$auto$blifparse.cc:397:parse_blif$26205,$_NAND_,Y,7366
5420,$abc$20785$auto$blifparse.cc:397:parse_blif$26206,$_MUX_,Y,7367
5421,$abc$20785$auto$blifparse.cc:397:parse_blif$26207,$_NAND_,Y,7368
5422,$abc$20785$auto$blifparse.cc:397:parse_blif$26208,$_NAND_,Y,7370
5423,$abc$20785$auto$blifparse.cc:397:parse_blif$26209,$_MUX_,Y,7371
5424,$abc$20785$auto$blifparse.cc:397:parse_blif$26210,$_NAND_,Y,7372
5425,$abc$20785$auto$blifparse.cc:397:parse_blif$26211,$_NAND_,Y,7374
5426,$abc$20785$auto$blifparse.cc:397:parse_blif$26212,$_MUX_,Y,7375
5427,$abc$20785$auto$blifparse.cc:397:parse_blif$26213,$_NAND_,Y,7376
5428,$abc$20785$auto$blifparse.cc:397:parse_blif$26214,$_NAND_,Y,7378
5429,$abc$20785$auto$blifparse.cc:397:parse_blif$26215,$_MUX_,Y,7379
5430,$abc$20785$auto$blifparse.cc:397:parse_blif$26216,$_NAND_,Y,7380
5431,$abc$20785$auto$blifparse.cc:397:parse_blif$26217,$_NAND_,Y,7382
5432,$abc$20785$auto$blifparse.cc:397:parse_blif$26218,$_MUX_,Y,7383
5433,$abc$20785$auto$blifparse.cc:397:parse_blif$26219,$_NAND_,Y,7384
5434,$abc$20785$auto$blifparse.cc:397:parse_blif$26220,$_NAND_,Y,7386
5435,$abc$20785$auto$blifparse.cc:397:parse_blif$26221,$_MUX_,Y,7387
5436,$abc$20785$auto$blifparse.cc:397:parse_blif$26222,$_NAND_,Y,7388
5437,$abc$20785$auto$blifparse.cc:397:parse_blif$26223,$_NAND_,Y,7390
5438,$abc$20785$auto$blifparse.cc:397:parse_blif$26224,$_MUX_,Y,7391
5439,$abc$20785$auto$blifparse.cc:397:parse_blif$26225,$_NAND_,Y,7392
5440,$abc$20785$auto$blifparse.cc:397:parse_blif$26226,$_NAND_,Y,7394
5441,$abc$20785$auto$blifparse.cc:397:parse_blif$26227,$_MUX_,Y,7395
5442,$abc$20785$auto$blifparse.cc:397:parse_blif$26228,$_NAND_,Y,7396
5443,$abc$20785$auto$blifparse.cc:397:parse_blif$26229,$_NAND_,Y,7398
5444,$abc$20785$auto$blifparse.cc:397:parse_blif$26230,$_MUX_,Y,7399
5445,$abc$20785$auto$blifparse.cc:397:parse_blif$26231,$_NAND_,Y,7400
5446,$abc$20785$auto$blifparse.cc:397:parse_blif$26232,$_NAND_,Y,7402
5447,$abc$20785$auto$blifparse.cc:397:parse_blif$26233,$_MUX_,Y,7403
5448,$abc$20785$auto$blifparse.cc:397:parse_blif$26234,$_NAND_,Y,7404
5449,$abc$20785$auto$blifparse.cc:397:parse_blif$26235,$_NAND_,Y,7406
5450,$abc$20785$auto$blifparse.cc:397:parse_blif$26236,$_MUX_,Y,7407
5451,$abc$20785$auto$blifparse.cc:397:parse_blif$26237,$_NAND_,Y,7408
5452,$abc$20785$auto$blifparse.cc:397:parse_blif$26238,$_NAND_,Y,7410
5453,$abc$20785$auto$blifparse.cc:397:parse_blif$26239,$_MUX_,Y,7411
5454,$abc$20785$auto$blifparse.cc:397:parse_blif$26240,$_NAND_,Y,7412
5455,$abc$20785$auto$blifparse.cc:397:parse_blif$26241,$_NAND_,Y,7414
5456,$abc$20785$auto$blifparse.cc:397:parse_blif$26242,$_MUX_,Y,7415
5457,$abc$20785$auto$blifparse.cc:397:parse_blif$26243,$_NAND_,Y,7416
5458,$abc$20785$auto$blifparse.cc:397:parse_blif$26244,$_NAND_,Y,7418
5459,$abc$20785$auto$blifparse.cc:397:parse_blif$26245,$_MUX_,Y,7419
5460,$abc$20785$auto$blifparse.cc:397:parse_blif$26246,$_NAND_,Y,7420
5461,$abc$20785$auto$blifparse.cc:397:parse_blif$26247,$_NAND_,Y,7422
5462,$abc$20785$auto$blifparse.cc:397:parse_blif$26248,$_MUX_,Y,7423
5463,$abc$20785$auto$blifparse.cc:397:parse_blif$26249,$_NAND_,Y,7424
5464,$abc$20785$auto$blifparse.cc:397:parse_blif$26250,$_AND_,Y,7426
5465,$abc$20785$auto$blifparse.cc:397:parse_blif$26251,$_MUX_,Y,7427
5466,$abc$20785$auto$blifparse.cc:397:parse_blif$26252,$_OR_,Y,7428
5467,$abc$20785$auto$blifparse.cc:397:parse_blif$26253,$_AND_,Y,7430
5468,$abc$20785$auto$blifparse.cc:397:parse_blif$26254,$_MUX_,Y,7431
5469,$abc$20785$auto$blifparse.cc:397:parse_blif$26255,$_OR_,Y,7432
5470,$abc$20785$auto$blifparse.cc:397:parse_blif$26256,$_AND_,Y,7434
5471,$abc$20785$auto$blifparse.cc:397:parse_blif$26257,$_MUX_,Y,7435
5472,$abc$20785$auto$blifparse.cc:397:parse_blif$26258,$_OR_,Y,7436
5473,$abc$20785$auto$blifparse.cc:397:parse_blif$26259,$_NAND_,Y,7438
5474,$abc$20785$auto$blifparse.cc:397:parse_blif$26260,$_MUX_,Y,7439
5475,$abc$20785$auto$blifparse.cc:397:parse_blif$26261,$_NAND_,Y,7440
5476,$abc$20785$auto$blifparse.cc:397:parse_blif$26262,$_NAND_,Y,7442
5477,$abc$20785$auto$blifparse.cc:397:parse_blif$26263,$_MUX_,Y,7443
5478,$abc$20785$auto$blifparse.cc:397:parse_blif$26264,$_NAND_,Y,7444
5479,$abc$20785$auto$blifparse.cc:397:parse_blif$26265,$_NAND_,Y,7446
5480,$abc$20785$auto$blifparse.cc:397:parse_blif$26266,$_MUX_,Y,7447
5481,$abc$20785$auto$blifparse.cc:397:parse_blif$26267,$_NAND_,Y,7448
5482,$abc$20785$auto$blifparse.cc:397:parse_blif$26268,$_AND_,Y,7450
5483,$abc$20785$auto$blifparse.cc:397:parse_blif$26269,$_MUX_,Y,7451
5484,$abc$20785$auto$blifparse.cc:397:parse_blif$26270,$_OR_,Y,7452
5485,$abc$20785$auto$blifparse.cc:397:parse_blif$26271,$_NAND_,Y,7454
5486,$abc$20785$auto$blifparse.cc:397:parse_blif$26272,$_MUX_,Y,7455
5487,$abc$20785$auto$blifparse.cc:397:parse_blif$26273,$_NAND_,Y,7456
5488,$abc$20785$auto$blifparse.cc:397:parse_blif$26274,$_NAND_,Y,7458
5489,$abc$20785$auto$blifparse.cc:397:parse_blif$26275,$_MUX_,Y,7459
5490,$abc$20785$auto$blifparse.cc:397:parse_blif$26276,$_NAND_,Y,7460
5491,$abc$20785$auto$blifparse.cc:397:parse_blif$26277,$_AND_,Y,7462
5492,$abc$20785$auto$blifparse.cc:397:parse_blif$26278,$_MUX_,Y,7463
5493,$abc$20785$auto$blifparse.cc:397:parse_blif$26279,$_OR_,Y,7464
5494,$abc$20785$auto$blifparse.cc:397:parse_blif$26280,$_NAND_,Y,7466
5495,$abc$20785$auto$blifparse.cc:397:parse_blif$26281,$_MUX_,Y,7467
5496,$abc$20785$auto$blifparse.cc:397:parse_blif$26282,$_NAND_,Y,7468
5497,$abc$20785$auto$blifparse.cc:397:parse_blif$26283,$_NAND_,Y,7470
5498,$abc$20785$auto$blifparse.cc:397:parse_blif$26284,$_MUX_,Y,7471
5499,$abc$20785$auto$blifparse.cc:397:parse_blif$26285,$_NAND_,Y,7472
5500,$abc$20785$auto$blifparse.cc:397:parse_blif$26286,$_NAND_,Y,7474
5501,$abc$20785$auto$blifparse.cc:397:parse_blif$26287,$_MUX_,Y,7475
5502,$abc$20785$auto$blifparse.cc:397:parse_blif$26288,$_NAND_,Y,7476
5503,$abc$20785$auto$blifparse.cc:397:parse_blif$26289,$_NAND_,Y,7478
5504,$abc$20785$auto$blifparse.cc:397:parse_blif$26290,$_MUX_,Y,7479
5505,$abc$20785$auto$blifparse.cc:397:parse_blif$26291,$_NAND_,Y,7480
5506,$abc$20785$auto$blifparse.cc:397:parse_blif$26292,$_NAND_,Y,7482
5507,$abc$20785$auto$blifparse.cc:397:parse_blif$26293,$_MUX_,Y,7483
5508,$abc$20785$auto$blifparse.cc:397:parse_blif$26294,$_NAND_,Y,7484
5509,$abc$20785$auto$blifparse.cc:397:parse_blif$26295,$_NAND_,Y,7486
5510,$abc$20785$auto$blifparse.cc:397:parse_blif$26296,$_MUX_,Y,7487
5511,$abc$20785$auto$blifparse.cc:397:parse_blif$26297,$_NAND_,Y,7488
5512,$abc$20785$auto$blifparse.cc:397:parse_blif$26298,$_NAND_,Y,7490
5513,$abc$20785$auto$blifparse.cc:397:parse_blif$26299,$_MUX_,Y,7491
5514,$abc$20785$auto$blifparse.cc:397:parse_blif$26300,$_NAND_,Y,7492
5515,$abc$20785$auto$blifparse.cc:397:parse_blif$26301,$_NAND_,Y,7494
5516,$abc$20785$auto$blifparse.cc:397:parse_blif$26302,$_MUX_,Y,7495
5517,$abc$20785$auto$blifparse.cc:397:parse_blif$26303,$_NAND_,Y,7496
5518,$abc$20785$auto$blifparse.cc:397:parse_blif$26304,$_NAND_,Y,7498
5519,$abc$20785$auto$blifparse.cc:397:parse_blif$26305,$_MUX_,Y,7499
5520,$abc$20785$auto$blifparse.cc:397:parse_blif$26306,$_NAND_,Y,7500
5521,$abc$20785$auto$blifparse.cc:397:parse_blif$26307,$_NAND_,Y,7502
5522,$abc$20785$auto$blifparse.cc:397:parse_blif$26308,$_MUX_,Y,7503
5523,$abc$20785$auto$blifparse.cc:397:parse_blif$26309,$_NAND_,Y,7504
5524,$abc$20785$auto$blifparse.cc:397:parse_blif$26310,$_NAND_,Y,7506
5525,$abc$20785$auto$blifparse.cc:397:parse_blif$26311,$_MUX_,Y,7507
5526,$abc$20785$auto$blifparse.cc:397:parse_blif$26312,$_NAND_,Y,7508
5527,$abc$20785$auto$blifparse.cc:397:parse_blif$26313,$_NAND_,Y,7510
5528,$abc$20785$auto$blifparse.cc:397:parse_blif$26314,$_MUX_,Y,7511
5529,$abc$20785$auto$blifparse.cc:397:parse_blif$26315,$_NAND_,Y,7512
5530,$abc$20785$auto$blifparse.cc:397:parse_blif$26316,$_NAND_,Y,7514
5531,$abc$20785$auto$blifparse.cc:397:parse_blif$26317,$_MUX_,Y,7515
5532,$abc$20785$auto$blifparse.cc:397:parse_blif$26318,$_NAND_,Y,7516
5533,$abc$20785$auto$blifparse.cc:397:parse_blif$26319,$_NAND_,Y,7518
5534,$abc$20785$auto$blifparse.cc:397:parse_blif$26320,$_MUX_,Y,7519
5535,$abc$20785$auto$blifparse.cc:397:parse_blif$26321,$_NAND_,Y,7520
5536,$abc$20785$auto$blifparse.cc:397:parse_blif$26322,$_NAND_,Y,7522
5537,$abc$20785$auto$blifparse.cc:397:parse_blif$26323,$_MUX_,Y,7523
5538,$abc$20785$auto$blifparse.cc:397:parse_blif$26324,$_NAND_,Y,7524
5539,$abc$20785$auto$blifparse.cc:397:parse_blif$26325,$_NAND_,Y,7526
5540,$abc$20785$auto$blifparse.cc:397:parse_blif$26326,$_MUX_,Y,7527
5541,$abc$20785$auto$blifparse.cc:397:parse_blif$26327,$_NAND_,Y,7528
5542,$abc$20785$auto$blifparse.cc:397:parse_blif$26328,$_NAND_,Y,7530
5543,$abc$20785$auto$blifparse.cc:397:parse_blif$26329,$_MUX_,Y,7531
5544,$abc$20785$auto$blifparse.cc:397:parse_blif$26330,$_NAND_,Y,7532
5545,$abc$20785$auto$blifparse.cc:397:parse_blif$26331,$_NAND_,Y,7534
5546,$abc$20785$auto$blifparse.cc:397:parse_blif$26332,$_MUX_,Y,7535
5547,$abc$20785$auto$blifparse.cc:397:parse_blif$26333,$_NAND_,Y,7536
5548,$abc$20785$auto$blifparse.cc:397:parse_blif$26334,$_NAND_,Y,7538
5549,$abc$20785$auto$blifparse.cc:397:parse_blif$26335,$_MUX_,Y,7539
5550,$abc$20785$auto$blifparse.cc:397:parse_blif$26336,$_NAND_,Y,7540
5551,$abc$20785$auto$blifparse.cc:397:parse_blif$26337,$_NAND_,Y,7542
5552,$abc$20785$auto$blifparse.cc:397:parse_blif$26338,$_MUX_,Y,7543
5553,$abc$20785$auto$blifparse.cc:397:parse_blif$26339,$_NAND_,Y,7544
5554,$abc$20785$auto$blifparse.cc:397:parse_blif$26340,$_NAND_,Y,7546
5555,$abc$20785$auto$blifparse.cc:397:parse_blif$26341,$_MUX_,Y,7547
5556,$abc$20785$auto$blifparse.cc:397:parse_blif$26342,$_NAND_,Y,7548
5557,$abc$20785$auto$blifparse.cc:397:parse_blif$26343,$_AND_,Y,7550
5558,$abc$20785$auto$blifparse.cc:397:parse_blif$26344,$_MUX_,Y,7551
5559,$abc$20785$auto$blifparse.cc:397:parse_blif$26345,$_OR_,Y,7552
5560,$abc$20785$auto$blifparse.cc:397:parse_blif$26346,$_AND_,Y,7554
5561,$abc$20785$auto$blifparse.cc:397:parse_blif$26347,$_MUX_,Y,7555
5562,$abc$20785$auto$blifparse.cc:397:parse_blif$26348,$_OR_,Y,7556
5563,$abc$20785$auto$blifparse.cc:397:parse_blif$26349,$_NAND_,Y,7558
5564,$abc$20785$auto$blifparse.cc:397:parse_blif$26350,$_MUX_,Y,7559
5565,$abc$20785$auto$blifparse.cc:397:parse_blif$26351,$_NAND_,Y,7560
5566,$abc$20785$auto$blifparse.cc:397:parse_blif$26352,$_NAND_,Y,7562
5567,$abc$20785$auto$blifparse.cc:397:parse_blif$26353,$_MUX_,Y,7563
5568,$abc$20785$auto$blifparse.cc:397:parse_blif$26354,$_NAND_,Y,7564
5569,$abc$20785$auto$blifparse.cc:397:parse_blif$26355,$_NAND_,Y,7566
5570,$abc$20785$auto$blifparse.cc:397:parse_blif$26356,$_MUX_,Y,7567
5571,$abc$20785$auto$blifparse.cc:397:parse_blif$26357,$_NAND_,Y,7568
5572,$abc$20785$auto$blifparse.cc:397:parse_blif$26358,$_NAND_,Y,7570
5573,$abc$20785$auto$blifparse.cc:397:parse_blif$26359,$_MUX_,Y,7571
5574,$abc$20785$auto$blifparse.cc:397:parse_blif$26360,$_NAND_,Y,7572
5575,$abc$20785$auto$blifparse.cc:397:parse_blif$26361,$_AND_,Y,7574
5576,$abc$20785$auto$blifparse.cc:397:parse_blif$26362,$_MUX_,Y,7575
5577,$abc$20785$auto$blifparse.cc:397:parse_blif$26363,$_OR_,Y,7576
5578,$abc$20785$auto$blifparse.cc:397:parse_blif$26364,$_AND_,Y,7577
5579,$abc$20785$auto$blifparse.cc:397:parse_blif$26365,$_MUX_,Y,7578
5580,$abc$20785$auto$blifparse.cc:397:parse_blif$26366,$_OR_,Y,7579
5581,$abc$20785$auto$blifparse.cc:397:parse_blif$26367,$_NAND_,Y,7580
5582,$abc$20785$auto$blifparse.cc:397:parse_blif$26368,$_MUX_,Y,7581
5583,$abc$20785$auto$blifparse.cc:397:parse_blif$26369,$_NAND_,Y,7582
5584,$abc$20785$auto$blifparse.cc:397:parse_blif$26370,$_AND_,Y,7583
5585,$abc$20785$auto$blifparse.cc:397:parse_blif$26371,$_MUX_,Y,7584
5586,$abc$20785$auto$blifparse.cc:397:parse_blif$26372,$_OR_,Y,7585
5587,$abc$20785$auto$blifparse.cc:397:parse_blif$26373,$_NAND_,Y,7586
5588,$abc$20785$auto$blifparse.cc:397:parse_blif$26374,$_MUX_,Y,7587
5589,$abc$20785$auto$blifparse.cc:397:parse_blif$26375,$_NAND_,Y,7588
5590,$abc$20785$auto$blifparse.cc:397:parse_blif$26376,$_NAND_,Y,7589
5591,$abc$20785$auto$blifparse.cc:397:parse_blif$26377,$_MUX_,Y,7590
5592,$abc$20785$auto$blifparse.cc:397:parse_blif$26378,$_NAND_,Y,7591
5593,$abc$20785$auto$blifparse.cc:397:parse_blif$26379,$_NAND_,Y,7592
5594,$abc$20785$auto$blifparse.cc:397:parse_blif$26380,$_MUX_,Y,7593
5595,$abc$20785$auto$blifparse.cc:397:parse_blif$26381,$_NAND_,Y,7594
5596,$abc$20785$auto$blifparse.cc:397:parse_blif$26382,$_NAND_,Y,7595
5597,$abc$20785$auto$blifparse.cc:397:parse_blif$26383,$_MUX_,Y,7596
5598,$abc$20785$auto$blifparse.cc:397:parse_blif$26384,$_NAND_,Y,7597
5599,$abc$20785$auto$blifparse.cc:397:parse_blif$26385,$_NAND_,Y,7598
5600,$abc$20785$auto$blifparse.cc:397:parse_blif$26386,$_MUX_,Y,7599
5601,$abc$20785$auto$blifparse.cc:397:parse_blif$26387,$_NAND_,Y,7600
5602,$abc$20785$auto$blifparse.cc:397:parse_blif$26388,$_NAND_,Y,7601
5603,$abc$20785$auto$blifparse.cc:397:parse_blif$26389,$_MUX_,Y,7602
5604,$abc$20785$auto$blifparse.cc:397:parse_blif$26390,$_NAND_,Y,7603
5605,$abc$20785$auto$blifparse.cc:397:parse_blif$26391,$_NAND_,Y,7604
5606,$abc$20785$auto$blifparse.cc:397:parse_blif$26392,$_MUX_,Y,7605
5607,$abc$20785$auto$blifparse.cc:397:parse_blif$26393,$_NAND_,Y,7606
5608,$abc$20785$auto$blifparse.cc:397:parse_blif$26394,$_NAND_,Y,7607
5609,$abc$20785$auto$blifparse.cc:397:parse_blif$26395,$_MUX_,Y,7608
5610,$abc$20785$auto$blifparse.cc:397:parse_blif$26396,$_NAND_,Y,7609
5611,$abc$20785$auto$blifparse.cc:397:parse_blif$26397,$_NAND_,Y,7610
5612,$abc$20785$auto$blifparse.cc:397:parse_blif$26398,$_MUX_,Y,7611
5613,$abc$20785$auto$blifparse.cc:397:parse_blif$26399,$_NAND_,Y,7612
5614,$abc$20785$auto$blifparse.cc:397:parse_blif$26400,$_NAND_,Y,7613
5615,$abc$20785$auto$blifparse.cc:397:parse_blif$26401,$_MUX_,Y,7614
5616,$abc$20785$auto$blifparse.cc:397:parse_blif$26402,$_NAND_,Y,7615
5617,$abc$20785$auto$blifparse.cc:397:parse_blif$26403,$_NAND_,Y,7616
5618,$abc$20785$auto$blifparse.cc:397:parse_blif$26404,$_MUX_,Y,7617
5619,$abc$20785$auto$blifparse.cc:397:parse_blif$26405,$_NAND_,Y,7618
5620,$abc$20785$auto$blifparse.cc:397:parse_blif$26406,$_NAND_,Y,7619
5621,$abc$20785$auto$blifparse.cc:397:parse_blif$26407,$_MUX_,Y,7620
5622,$abc$20785$auto$blifparse.cc:397:parse_blif$26408,$_NAND_,Y,7621
5623,$abc$20785$auto$blifparse.cc:397:parse_blif$26409,$_NAND_,Y,7622
5624,$abc$20785$auto$blifparse.cc:397:parse_blif$26410,$_MUX_,Y,7623
5625,$abc$20785$auto$blifparse.cc:397:parse_blif$26411,$_NAND_,Y,7624
5626,$abc$20785$auto$blifparse.cc:397:parse_blif$26412,$_NAND_,Y,7625
5627,$abc$20785$auto$blifparse.cc:397:parse_blif$26413,$_MUX_,Y,7626
5628,$abc$20785$auto$blifparse.cc:397:parse_blif$26414,$_NAND_,Y,7627
5629,$abc$20785$auto$blifparse.cc:397:parse_blif$26415,$_NAND_,Y,7628
5630,$abc$20785$auto$blifparse.cc:397:parse_blif$26416,$_MUX_,Y,7629
5631,$abc$20785$auto$blifparse.cc:397:parse_blif$26417,$_NAND_,Y,7630
5632,$abc$20785$auto$blifparse.cc:397:parse_blif$26418,$_NAND_,Y,7631
5633,$abc$20785$auto$blifparse.cc:397:parse_blif$26419,$_MUX_,Y,7632
5634,$abc$20785$auto$blifparse.cc:397:parse_blif$26420,$_NAND_,Y,7633
5635,$abc$20785$auto$blifparse.cc:397:parse_blif$26421,$_NAND_,Y,7634
5636,$abc$20785$auto$blifparse.cc:397:parse_blif$26422,$_MUX_,Y,7635
5637,$abc$20785$auto$blifparse.cc:397:parse_blif$26423,$_NAND_,Y,7636
5638,$abc$20785$auto$blifparse.cc:397:parse_blif$26424,$_NAND_,Y,7637
5639,$abc$20785$auto$blifparse.cc:397:parse_blif$26425,$_MUX_,Y,7638
5640,$abc$20785$auto$blifparse.cc:397:parse_blif$26426,$_NAND_,Y,7639
5641,$abc$20785$auto$blifparse.cc:397:parse_blif$26427,$_NAND_,Y,7640
5642,$abc$20785$auto$blifparse.cc:397:parse_blif$26428,$_MUX_,Y,7641
5643,$abc$20785$auto$blifparse.cc:397:parse_blif$26429,$_NAND_,Y,7642
5644,$abc$20785$auto$blifparse.cc:397:parse_blif$26430,$_NAND_,Y,7643
5645,$abc$20785$auto$blifparse.cc:397:parse_blif$26431,$_MUX_,Y,7644
5646,$abc$20785$auto$blifparse.cc:397:parse_blif$26432,$_NAND_,Y,7645
5647,$abc$20785$auto$blifparse.cc:397:parse_blif$26433,$_NAND_,Y,7646
5648,$abc$20785$auto$blifparse.cc:397:parse_blif$26434,$_MUX_,Y,7647
5649,$abc$20785$auto$blifparse.cc:397:parse_blif$26435,$_NAND_,Y,7648
5650,$abc$20785$auto$blifparse.cc:397:parse_blif$26436,$_AND_,Y,7649
5651,$abc$20785$auto$blifparse.cc:397:parse_blif$26437,$_MUX_,Y,7650
5652,$abc$20785$auto$blifparse.cc:397:parse_blif$26438,$_OR_,Y,7651
5653,$abc$20785$auto$blifparse.cc:397:parse_blif$26439,$_AND_,Y,7652
5654,$abc$20785$auto$blifparse.cc:397:parse_blif$26440,$_MUX_,Y,7653
5655,$abc$20785$auto$blifparse.cc:397:parse_blif$26441,$_OR_,Y,7654
5656,$abc$20785$auto$blifparse.cc:397:parse_blif$26442,$_AND_,Y,7655
5657,$abc$20785$auto$blifparse.cc:397:parse_blif$26443,$_MUX_,Y,7656
5658,$abc$20785$auto$blifparse.cc:397:parse_blif$26444,$_OR_,Y,7657
5659,$abc$20785$auto$blifparse.cc:397:parse_blif$26445,$_NAND_,Y,7658
5660,$abc$20785$auto$blifparse.cc:397:parse_blif$26446,$_MUX_,Y,7659
5661,$abc$20785$auto$blifparse.cc:397:parse_blif$26447,$_NAND_,Y,7660
5662,$abc$20785$auto$blifparse.cc:397:parse_blif$26448,$_NAND_,Y,7661
5663,$abc$20785$auto$blifparse.cc:397:parse_blif$26449,$_MUX_,Y,7662
5664,$abc$20785$auto$blifparse.cc:397:parse_blif$26450,$_NAND_,Y,7663
5665,$abc$20785$auto$blifparse.cc:397:parse_blif$26451,$_NAND_,Y,7664
5666,$abc$20785$auto$blifparse.cc:397:parse_blif$26452,$_MUX_,Y,7665
5667,$abc$20785$auto$blifparse.cc:397:parse_blif$26453,$_NAND_,Y,7666
5668,$abc$20785$auto$blifparse.cc:397:parse_blif$26454,$_AND_,Y,7667
5669,$abc$20785$auto$blifparse.cc:397:parse_blif$26455,$_MUX_,Y,7668
5670,$abc$20785$auto$blifparse.cc:397:parse_blif$26456,$_OR_,Y,7669
5671,$abc$20785$auto$blifparse.cc:397:parse_blif$26457,$_AND_,Y,7670
5672,$abc$20785$auto$blifparse.cc:397:parse_blif$26458,$_MUX_,Y,7671
5673,$abc$20785$auto$blifparse.cc:397:parse_blif$26459,$_OR_,Y,7672
5674,$abc$20785$auto$blifparse.cc:397:parse_blif$26460,$_NAND_,Y,7673
5675,$abc$20785$auto$blifparse.cc:397:parse_blif$26461,$_MUX_,Y,7674
5676,$abc$20785$auto$blifparse.cc:397:parse_blif$26462,$_NAND_,Y,7675
5677,$abc$20785$auto$blifparse.cc:397:parse_blif$26463,$_AND_,Y,7676
5678,$abc$20785$auto$blifparse.cc:397:parse_blif$26464,$_MUX_,Y,7677
5679,$abc$20785$auto$blifparse.cc:397:parse_blif$26465,$_OR_,Y,7678
5680,$abc$20785$auto$blifparse.cc:397:parse_blif$26466,$_NAND_,Y,7679
5681,$abc$20785$auto$blifparse.cc:397:parse_blif$26467,$_MUX_,Y,7680
5682,$abc$20785$auto$blifparse.cc:397:parse_blif$26468,$_NAND_,Y,7681
5683,$abc$20785$auto$blifparse.cc:397:parse_blif$26469,$_NAND_,Y,7682
5684,$abc$20785$auto$blifparse.cc:397:parse_blif$26470,$_MUX_,Y,7683
5685,$abc$20785$auto$blifparse.cc:397:parse_blif$26471,$_NAND_,Y,7684
5686,$abc$20785$auto$blifparse.cc:397:parse_blif$26472,$_NAND_,Y,7685
5687,$abc$20785$auto$blifparse.cc:397:parse_blif$26473,$_MUX_,Y,7686
5688,$abc$20785$auto$blifparse.cc:397:parse_blif$26474,$_NAND_,Y,7687
5689,$abc$20785$auto$blifparse.cc:397:parse_blif$26475,$_NAND_,Y,7688
5690,$abc$20785$auto$blifparse.cc:397:parse_blif$26476,$_MUX_,Y,7689
5691,$abc$20785$auto$blifparse.cc:397:parse_blif$26477,$_NAND_,Y,7690
5692,$abc$20785$auto$blifparse.cc:397:parse_blif$26478,$_NAND_,Y,7691
5693,$abc$20785$auto$blifparse.cc:397:parse_blif$26479,$_MUX_,Y,7692
5694,$abc$20785$auto$blifparse.cc:397:parse_blif$26480,$_NAND_,Y,7693
5695,$abc$20785$auto$blifparse.cc:397:parse_blif$26481,$_NAND_,Y,7694
5696,$abc$20785$auto$blifparse.cc:397:parse_blif$26482,$_MUX_,Y,7695
5697,$abc$20785$auto$blifparse.cc:397:parse_blif$26483,$_NAND_,Y,7696
5698,$abc$20785$auto$blifparse.cc:397:parse_blif$26484,$_NAND_,Y,7697
5699,$abc$20785$auto$blifparse.cc:397:parse_blif$26485,$_MUX_,Y,7698
5700,$abc$20785$auto$blifparse.cc:397:parse_blif$26486,$_NAND_,Y,7699
5701,$abc$20785$auto$blifparse.cc:397:parse_blif$26487,$_NAND_,Y,7700
5702,$abc$20785$auto$blifparse.cc:397:parse_blif$26488,$_MUX_,Y,7701
5703,$abc$20785$auto$blifparse.cc:397:parse_blif$26489,$_NAND_,Y,7702
5704,$abc$20785$auto$blifparse.cc:397:parse_blif$26490,$_NAND_,Y,7703
5705,$abc$20785$auto$blifparse.cc:397:parse_blif$26491,$_MUX_,Y,7704
5706,$abc$20785$auto$blifparse.cc:397:parse_blif$26492,$_NAND_,Y,7705
5707,$abc$20785$auto$blifparse.cc:397:parse_blif$26493,$_NAND_,Y,7706
5708,$abc$20785$auto$blifparse.cc:397:parse_blif$26494,$_MUX_,Y,7707
5709,$abc$20785$auto$blifparse.cc:397:parse_blif$26495,$_NAND_,Y,7708
5710,$abc$20785$auto$blifparse.cc:397:parse_blif$26496,$_NAND_,Y,7709
5711,$abc$20785$auto$blifparse.cc:397:parse_blif$26497,$_MUX_,Y,7710
5712,$abc$20785$auto$blifparse.cc:397:parse_blif$26498,$_NAND_,Y,7711
5713,$abc$20785$auto$blifparse.cc:397:parse_blif$26499,$_NAND_,Y,7712
5714,$abc$20785$auto$blifparse.cc:397:parse_blif$26500,$_MUX_,Y,7713
5715,$abc$20785$auto$blifparse.cc:397:parse_blif$26501,$_NAND_,Y,7714
5716,$abc$20785$auto$blifparse.cc:397:parse_blif$26502,$_NAND_,Y,7715
5717,$abc$20785$auto$blifparse.cc:397:parse_blif$26503,$_MUX_,Y,7716
5718,$abc$20785$auto$blifparse.cc:397:parse_blif$26504,$_NAND_,Y,7717
5719,$abc$20785$auto$blifparse.cc:397:parse_blif$26505,$_NAND_,Y,7718
5720,$abc$20785$auto$blifparse.cc:397:parse_blif$26506,$_MUX_,Y,7719
5721,$abc$20785$auto$blifparse.cc:397:parse_blif$26507,$_NAND_,Y,7720
5722,$abc$20785$auto$blifparse.cc:397:parse_blif$26508,$_NAND_,Y,7721
5723,$abc$20785$auto$blifparse.cc:397:parse_blif$26509,$_MUX_,Y,7722
5724,$abc$20785$auto$blifparse.cc:397:parse_blif$26510,$_NAND_,Y,7723
5725,$abc$20785$auto$blifparse.cc:397:parse_blif$26511,$_NAND_,Y,7724
5726,$abc$20785$auto$blifparse.cc:397:parse_blif$26512,$_MUX_,Y,7725
5727,$abc$20785$auto$blifparse.cc:397:parse_blif$26513,$_NAND_,Y,7726
5728,$abc$20785$auto$blifparse.cc:397:parse_blif$26514,$_NAND_,Y,7727
5729,$abc$20785$auto$blifparse.cc:397:parse_blif$26515,$_MUX_,Y,7728
5730,$abc$20785$auto$blifparse.cc:397:parse_blif$26516,$_NAND_,Y,7729
5731,$abc$20785$auto$blifparse.cc:397:parse_blif$26517,$_NAND_,Y,7730
5732,$abc$20785$auto$blifparse.cc:397:parse_blif$26518,$_MUX_,Y,7731
5733,$abc$20785$auto$blifparse.cc:397:parse_blif$26519,$_NAND_,Y,7732
5734,$abc$20785$auto$blifparse.cc:397:parse_blif$26520,$_NAND_,Y,7733
5735,$abc$20785$auto$blifparse.cc:397:parse_blif$26521,$_MUX_,Y,7734
5736,$abc$20785$auto$blifparse.cc:397:parse_blif$26522,$_NAND_,Y,7735
5737,$abc$20785$auto$blifparse.cc:397:parse_blif$26523,$_NAND_,Y,7736
5738,$abc$20785$auto$blifparse.cc:397:parse_blif$26524,$_MUX_,Y,7737
5739,$abc$20785$auto$blifparse.cc:397:parse_blif$26525,$_NAND_,Y,7738
5740,$abc$20785$auto$blifparse.cc:397:parse_blif$26526,$_NAND_,Y,7739
5741,$abc$20785$auto$blifparse.cc:397:parse_blif$26527,$_MUX_,Y,7740
5742,$abc$20785$auto$blifparse.cc:397:parse_blif$26528,$_NAND_,Y,7741
5743,$abc$20785$auto$blifparse.cc:397:parse_blif$26529,$_AND_,Y,7742
5744,$abc$20785$auto$blifparse.cc:397:parse_blif$26530,$_MUX_,Y,7743
5745,$abc$20785$auto$blifparse.cc:397:parse_blif$26531,$_OR_,Y,7744
5746,$abc$20785$auto$blifparse.cc:397:parse_blif$26532,$_AND_,Y,7745
5747,$abc$20785$auto$blifparse.cc:397:parse_blif$26533,$_MUX_,Y,7746
5748,$abc$20785$auto$blifparse.cc:397:parse_blif$26534,$_OR_,Y,7747
5749,$abc$20785$auto$blifparse.cc:397:parse_blif$26535,$_AND_,Y,7748
5750,$abc$20785$auto$blifparse.cc:397:parse_blif$26536,$_MUX_,Y,7749
5751,$abc$20785$auto$blifparse.cc:397:parse_blif$26537,$_OR_,Y,7750
5752,$abc$20785$auto$blifparse.cc:397:parse_blif$26538,$_NAND_,Y,7751
5753,$abc$20785$auto$blifparse.cc:397:parse_blif$26539,$_MUX_,Y,7752
5754,$abc$20785$auto$blifparse.cc:397:parse_blif$26540,$_NAND_,Y,7753
5755,$abc$20785$auto$blifparse.cc:397:parse_blif$26541,$_NAND_,Y,7754
5756,$abc$20785$auto$blifparse.cc:397:parse_blif$26542,$_MUX_,Y,7755
5757,$abc$20785$auto$blifparse.cc:397:parse_blif$26543,$_NAND_,Y,7756
5758,$abc$20785$auto$blifparse.cc:397:parse_blif$26544,$_NAND_,Y,7757
5759,$abc$20785$auto$blifparse.cc:397:parse_blif$26545,$_MUX_,Y,7758
5760,$abc$20785$auto$blifparse.cc:397:parse_blif$26546,$_NAND_,Y,7759
5761,$abc$20785$auto$blifparse.cc:397:parse_blif$26547,$_AND_,Y,7760
5762,$abc$20785$auto$blifparse.cc:397:parse_blif$26548,$_MUX_,Y,7761
5763,$abc$20785$auto$blifparse.cc:397:parse_blif$26549,$_OR_,Y,7762
5764,$abc$20785$auto$blifparse.cc:397:parse_blif$26550,$_AND_,Y,7765
5765,$abc$20785$auto$blifparse.cc:397:parse_blif$26551,$_NAND_,Y,7767
5766,$abc$20785$auto$blifparse.cc:397:parse_blif$26552,$_OR_,Y,7768
5767,$abc$20785$auto$blifparse.cc:397:parse_blif$26553,$_AND_,Y,7769
5768,$abc$20785$auto$blifparse.cc:397:parse_blif$26554,$_AND_,Y,7770
5769,$abc$20785$auto$blifparse.cc:397:parse_blif$26555,$_OR_,Y,7771
5770,$abc$20785$auto$blifparse.cc:397:parse_blif$26556,$_AND_,Y,7772
5771,$abc$20785$auto$blifparse.cc:397:parse_blif$26557,$_ANDNOT_,Y,7773
5772,$abc$20785$auto$blifparse.cc:397:parse_blif$26558,$_ANDNOT_,Y,7774
5773,$abc$20785$auto$blifparse.cc:397:parse_blif$26559,$_OR_,Y,7777
5774,$abc$20785$auto$blifparse.cc:397:parse_blif$26560,$_NAND_,Y,7778
5775,$abc$20785$auto$blifparse.cc:397:parse_blif$26561,$_AND_,Y,7779
5776,$abc$20785$auto$blifparse.cc:397:parse_blif$26562,$_NAND_,Y,7780
5777,$abc$20785$auto$blifparse.cc:397:parse_blif$26563,$_AND_,Y,7781
5778,$abc$20785$auto$blifparse.cc:397:parse_blif$26564,$_AND_,Y,7782
5779,$abc$20785$auto$blifparse.cc:397:parse_blif$26565,$_AND_,Y,7783
5780,$abc$20785$auto$blifparse.cc:397:parse_blif$26566,$_AND_,Y,7784
5781,$abc$20785$auto$blifparse.cc:397:parse_blif$26567,$_AND_,Y,7785
5782,$abc$20785$auto$blifparse.cc:397:parse_blif$26568,$_AND_,Y,7786
5783,$abc$20785$auto$blifparse.cc:397:parse_blif$26569,$_AND_,Y,7787
5784,$abc$20785$auto$blifparse.cc:397:parse_blif$26570,$_AND_,Y,7788
5785,$abc$20785$auto$blifparse.cc:397:parse_blif$26571,$_AND_,Y,7789
5786,$abc$20785$auto$blifparse.cc:397:parse_blif$26572,$_AND_,Y,7790
5787,$abc$20785$auto$blifparse.cc:397:parse_blif$26573,$_AND_,Y,7791
5788,$abc$20785$auto$blifparse.cc:397:parse_blif$26574,$_AND_,Y,7792
5789,$abc$20785$auto$blifparse.cc:397:parse_blif$26575,$_AND_,Y,7793
5790,$abc$20785$auto$blifparse.cc:397:parse_blif$26576,$_AND_,Y,7794
5791,$abc$20785$auto$blifparse.cc:397:parse_blif$26577,$_AND_,Y,7795
5792,$abc$20785$auto$blifparse.cc:397:parse_blif$26578,$_AND_,Y,7796
5793,$abc$20785$auto$blifparse.cc:397:parse_blif$26579,$_AND_,Y,7797
5794,$abc$20785$auto$blifparse.cc:397:parse_blif$26580,$_AND_,Y,7798
5795,$abc$20785$auto$blifparse.cc:397:parse_blif$26581,$_AND_,Y,7799
5796,$abc$20785$auto$blifparse.cc:397:parse_blif$26582,$_AND_,Y,7800
5797,$abc$20785$auto$blifparse.cc:397:parse_blif$26583,$_AND_,Y,7801
5798,$abc$20785$auto$blifparse.cc:397:parse_blif$26584,$_AND_,Y,7802
5799,$abc$20785$auto$blifparse.cc:397:parse_blif$26585,$_AND_,Y,7803
5800,$abc$20785$auto$blifparse.cc:397:parse_blif$26586,$_AND_,Y,7804
5801,$abc$20785$auto$blifparse.cc:397:parse_blif$26587,$_AND_,Y,7805
5802,$abc$20785$auto$blifparse.cc:397:parse_blif$26588,$_AND_,Y,7806
5803,$abc$20785$auto$blifparse.cc:397:parse_blif$26589,$_AND_,Y,7807
5804,$abc$20785$auto$blifparse.cc:397:parse_blif$26590,$_AND_,Y,7808
5805,$abc$20785$auto$blifparse.cc:397:parse_blif$26591,$_AND_,Y,7809
5806,$abc$20785$auto$blifparse.cc:397:parse_blif$26592,$_AND_,Y,7810
5807,$abc$20785$auto$blifparse.cc:397:parse_blif$26593,$_OR_,Y,7811
5808,$abc$20785$auto$blifparse.cc:397:parse_blif$26594,$_AND_,Y,7812
5809,$abc$20785$auto$blifparse.cc:397:parse_blif$26595,$_ANDNOT_,Y,7813
5810,$abc$20785$auto$blifparse.cc:397:parse_blif$26596,$_NAND_,Y,7814
5811,$abc$20785$auto$blifparse.cc:397:parse_blif$26597,$_OR_,Y,7815
5812,$abc$20785$auto$blifparse.cc:397:parse_blif$26598,$_NAND_,Y,7816
5813,$abc$20785$auto$blifparse.cc:397:parse_blif$26599,$_NAND_,Y,7817
5814,$abc$20785$auto$blifparse.cc:397:parse_blif$26600,$_OR_,Y,7818
5815,$abc$20785$auto$blifparse.cc:397:parse_blif$26601,$_ANDNOT_,Y,7819
5816,$abc$20785$auto$blifparse.cc:397:parse_blif$26602,$_NAND_,Y,7820
5817,$abc$20785$auto$blifparse.cc:397:parse_blif$26603,$_NAND_,Y,7821
5818,$abc$20785$auto$blifparse.cc:397:parse_blif$26604,$_NAND_,Y,7822
5819,$abc$20785$auto$blifparse.cc:397:parse_blif$26605,$_OR_,Y,7823
5820,$abc$20785$auto$blifparse.cc:397:parse_blif$26606,$_ANDNOT_,Y,7824
5821,$abc$20785$auto$blifparse.cc:397:parse_blif$26607,$_NAND_,Y,7825
5822,$abc$20785$auto$blifparse.cc:397:parse_blif$26608,$_NAND_,Y,7826
5823,$abc$20785$auto$blifparse.cc:397:parse_blif$26609,$_NAND_,Y,7827
5824,$abc$20785$auto$blifparse.cc:397:parse_blif$26610,$_OR_,Y,7828
5825,$abc$20785$auto$blifparse.cc:397:parse_blif$26611,$_ANDNOT_,Y,7829
5826,$abc$20785$auto$blifparse.cc:397:parse_blif$26612,$_NAND_,Y,7830
5827,$abc$20785$auto$blifparse.cc:397:parse_blif$26613,$_NAND_,Y,7831
5828,$abc$20785$auto$blifparse.cc:397:parse_blif$26614,$_NAND_,Y,7832
5829,$abc$20785$auto$blifparse.cc:397:parse_blif$26615,$_OR_,Y,7833
5830,$abc$20785$auto$blifparse.cc:397:parse_blif$26616,$_ANDNOT_,Y,7834
5831,$abc$20785$auto$blifparse.cc:397:parse_blif$26617,$_NAND_,Y,7835
5832,$abc$20785$auto$blifparse.cc:397:parse_blif$26618,$_NAND_,Y,7836
5833,$abc$20785$auto$blifparse.cc:397:parse_blif$26619,$_NAND_,Y,7837
5834,$abc$20785$auto$blifparse.cc:397:parse_blif$26620,$_OR_,Y,7838
5835,$abc$20785$auto$blifparse.cc:397:parse_blif$26621,$_ANDNOT_,Y,7839
5836,$abc$20785$auto$blifparse.cc:397:parse_blif$26622,$_NAND_,Y,7840
5837,$abc$20785$auto$blifparse.cc:397:parse_blif$26623,$_NAND_,Y,7841
5838,$abc$20785$auto$blifparse.cc:397:parse_blif$26624,$_NAND_,Y,7842
5839,$abc$20785$auto$blifparse.cc:397:parse_blif$26625,$_OR_,Y,7843
5840,$abc$20785$auto$blifparse.cc:397:parse_blif$26626,$_ANDNOT_,Y,7844
5841,$abc$20785$auto$blifparse.cc:397:parse_blif$26627,$_NAND_,Y,7845
5842,$abc$20785$auto$blifparse.cc:397:parse_blif$26628,$_NAND_,Y,7846
5843,$abc$20785$auto$blifparse.cc:397:parse_blif$26629,$_NAND_,Y,7847
5844,$abc$20785$auto$blifparse.cc:397:parse_blif$26630,$_OR_,Y,7848
5845,$abc$20785$auto$blifparse.cc:397:parse_blif$26631,$_ANDNOT_,Y,7849
5846,$abc$20785$auto$blifparse.cc:397:parse_blif$26632,$_NAND_,Y,7850
5847,$abc$20785$auto$blifparse.cc:397:parse_blif$26633,$_NAND_,Y,7851
5848,$abc$20785$auto$blifparse.cc:397:parse_blif$26634,$_NAND_,Y,7852
5849,$abc$20785$auto$blifparse.cc:397:parse_blif$26635,$_OR_,Y,7853
5850,$abc$20785$auto$blifparse.cc:397:parse_blif$26636,$_ANDNOT_,Y,7854
5851,$abc$20785$auto$blifparse.cc:397:parse_blif$26637,$_NAND_,Y,7855
5852,$abc$20785$auto$blifparse.cc:397:parse_blif$26638,$_NAND_,Y,7856
5853,$abc$20785$auto$blifparse.cc:397:parse_blif$26639,$_NAND_,Y,7857
5854,$abc$20785$auto$blifparse.cc:397:parse_blif$26640,$_OR_,Y,7858
5855,$abc$20785$auto$blifparse.cc:397:parse_blif$26641,$_ANDNOT_,Y,7859
5856,$abc$20785$auto$blifparse.cc:397:parse_blif$26642,$_NAND_,Y,7860
5857,$abc$20785$auto$blifparse.cc:397:parse_blif$26643,$_NAND_,Y,7861
5858,$abc$20785$auto$blifparse.cc:397:parse_blif$26644,$_NAND_,Y,7862
5859,$abc$20785$auto$blifparse.cc:397:parse_blif$26645,$_OR_,Y,7863
5860,$abc$20785$auto$blifparse.cc:397:parse_blif$26646,$_ANDNOT_,Y,7864
5861,$abc$20785$auto$blifparse.cc:397:parse_blif$26647,$_NAND_,Y,7865
5862,$abc$20785$auto$blifparse.cc:397:parse_blif$26648,$_NAND_,Y,7866
5863,$abc$20785$auto$blifparse.cc:397:parse_blif$26649,$_NAND_,Y,7867
5864,$abc$20785$auto$blifparse.cc:397:parse_blif$26650,$_OR_,Y,7868
5865,$abc$20785$auto$blifparse.cc:397:parse_blif$26651,$_ANDNOT_,Y,7869
5866,$abc$20785$auto$blifparse.cc:397:parse_blif$26652,$_NAND_,Y,7870
5867,$abc$20785$auto$blifparse.cc:397:parse_blif$26653,$_NAND_,Y,7871
5868,$abc$20785$auto$blifparse.cc:397:parse_blif$26654,$_NAND_,Y,7872
5869,$abc$20785$auto$blifparse.cc:397:parse_blif$26655,$_OR_,Y,7873
5870,$abc$20785$auto$blifparse.cc:397:parse_blif$26656,$_ANDNOT_,Y,7874
5871,$abc$20785$auto$blifparse.cc:397:parse_blif$26657,$_NAND_,Y,7875
5872,$abc$20785$auto$blifparse.cc:397:parse_blif$26658,$_NAND_,Y,7876
5873,$abc$20785$auto$blifparse.cc:397:parse_blif$26659,$_NAND_,Y,7877
5874,$abc$20785$auto$blifparse.cc:397:parse_blif$26660,$_OR_,Y,7878
5875,$abc$20785$auto$blifparse.cc:397:parse_blif$26661,$_ANDNOT_,Y,7879
5876,$abc$20785$auto$blifparse.cc:397:parse_blif$26662,$_NAND_,Y,7880
5877,$abc$20785$auto$blifparse.cc:397:parse_blif$26663,$_NAND_,Y,7881
5878,$abc$20785$auto$blifparse.cc:397:parse_blif$26664,$_NAND_,Y,7882
5879,$abc$20785$auto$blifparse.cc:397:parse_blif$26665,$_OR_,Y,7883
5880,$abc$20785$auto$blifparse.cc:397:parse_blif$26666,$_ANDNOT_,Y,7884
5881,$abc$20785$auto$blifparse.cc:397:parse_blif$26667,$_NAND_,Y,7885
5882,$abc$20785$auto$blifparse.cc:397:parse_blif$26668,$_NAND_,Y,7886
5883,$abc$20785$auto$blifparse.cc:397:parse_blif$26669,$_NAND_,Y,7887
5884,$abc$20785$auto$blifparse.cc:397:parse_blif$26670,$_OR_,Y,7888
5885,$abc$20785$auto$blifparse.cc:397:parse_blif$26671,$_ANDNOT_,Y,7889
5886,$abc$20785$auto$blifparse.cc:397:parse_blif$26672,$_NAND_,Y,7890
5887,$abc$20785$auto$blifparse.cc:397:parse_blif$26673,$_NAND_,Y,7891
5888,$abc$20785$auto$blifparse.cc:397:parse_blif$26674,$_NAND_,Y,7892
5889,$abc$20785$auto$blifparse.cc:397:parse_blif$26675,$_OR_,Y,7893
5890,$abc$20785$auto$blifparse.cc:397:parse_blif$26676,$_ANDNOT_,Y,7894
5891,$abc$20785$auto$blifparse.cc:397:parse_blif$26677,$_NAND_,Y,7895
5892,$abc$20785$auto$blifparse.cc:397:parse_blif$26678,$_NAND_,Y,7896
5893,$abc$20785$auto$blifparse.cc:397:parse_blif$26679,$_NAND_,Y,7897
5894,$abc$20785$auto$blifparse.cc:397:parse_blif$26680,$_OR_,Y,7898
5895,$abc$20785$auto$blifparse.cc:397:parse_blif$26681,$_ANDNOT_,Y,7899
5896,$abc$20785$auto$blifparse.cc:397:parse_blif$26682,$_NAND_,Y,7900
5897,$abc$20785$auto$blifparse.cc:397:parse_blif$26683,$_NAND_,Y,7901
5898,$abc$20785$auto$blifparse.cc:397:parse_blif$26684,$_NAND_,Y,7902
5899,$abc$20785$auto$blifparse.cc:397:parse_blif$26685,$_OR_,Y,7903
5900,$abc$20785$auto$blifparse.cc:397:parse_blif$26686,$_ANDNOT_,Y,7904
5901,$abc$20785$auto$blifparse.cc:397:parse_blif$26687,$_NAND_,Y,7905
5902,$abc$20785$auto$blifparse.cc:397:parse_blif$26688,$_NAND_,Y,7906
5903,$abc$20785$auto$blifparse.cc:397:parse_blif$26689,$_NAND_,Y,7907
5904,$abc$20785$auto$blifparse.cc:397:parse_blif$26690,$_OR_,Y,7908
5905,$abc$20785$auto$blifparse.cc:397:parse_blif$26691,$_ANDNOT_,Y,7909
5906,$abc$20785$auto$blifparse.cc:397:parse_blif$26692,$_NAND_,Y,7910
5907,$abc$20785$auto$blifparse.cc:397:parse_blif$26693,$_NAND_,Y,7911
5908,$abc$20785$auto$blifparse.cc:397:parse_blif$26694,$_NAND_,Y,7912
5909,$abc$20785$auto$blifparse.cc:397:parse_blif$26695,$_OR_,Y,7913
5910,$abc$20785$auto$blifparse.cc:397:parse_blif$26696,$_ANDNOT_,Y,7914
5911,$abc$20785$auto$blifparse.cc:397:parse_blif$26697,$_NAND_,Y,7915
5912,$abc$20785$auto$blifparse.cc:397:parse_blif$26698,$_NAND_,Y,7916
5913,$abc$20785$auto$blifparse.cc:397:parse_blif$26699,$_NAND_,Y,7917
5914,$abc$20785$auto$blifparse.cc:397:parse_blif$26700,$_OR_,Y,7918
5915,$abc$20785$auto$blifparse.cc:397:parse_blif$26701,$_ANDNOT_,Y,7919
5916,$abc$20785$auto$blifparse.cc:397:parse_blif$26702,$_NAND_,Y,7920
5917,$abc$20785$auto$blifparse.cc:397:parse_blif$26703,$_NAND_,Y,7921
5918,$abc$20785$auto$blifparse.cc:397:parse_blif$26704,$_NAND_,Y,7922
5919,$abc$20785$auto$blifparse.cc:397:parse_blif$26705,$_OR_,Y,7923
5920,$abc$20785$auto$blifparse.cc:397:parse_blif$26706,$_ANDNOT_,Y,7924
5921,$abc$20785$auto$blifparse.cc:397:parse_blif$26707,$_NAND_,Y,7925
5922,$abc$20785$auto$blifparse.cc:397:parse_blif$26708,$_NAND_,Y,7926
5923,$abc$20785$auto$blifparse.cc:397:parse_blif$26709,$_NAND_,Y,7927
5924,$abc$20785$auto$blifparse.cc:397:parse_blif$26710,$_OR_,Y,7928
5925,$abc$20785$auto$blifparse.cc:397:parse_blif$26711,$_ANDNOT_,Y,7929
5926,$abc$20785$auto$blifparse.cc:397:parse_blif$26712,$_NAND_,Y,7930
5927,$abc$20785$auto$blifparse.cc:397:parse_blif$26713,$_NAND_,Y,7931
5928,$abc$20785$auto$blifparse.cc:397:parse_blif$26714,$_NAND_,Y,7932
5929,$abc$20785$auto$blifparse.cc:397:parse_blif$26715,$_OR_,Y,7933
5930,$abc$20785$auto$blifparse.cc:397:parse_blif$26716,$_ANDNOT_,Y,7934
5931,$abc$20785$auto$blifparse.cc:397:parse_blif$26717,$_NAND_,Y,7935
5932,$abc$20785$auto$blifparse.cc:397:parse_blif$26718,$_NAND_,Y,7936
5933,$abc$20785$auto$blifparse.cc:397:parse_blif$26719,$_NAND_,Y,7937
5934,$abc$20785$auto$blifparse.cc:397:parse_blif$26720,$_OR_,Y,7938
5935,$abc$20785$auto$blifparse.cc:397:parse_blif$26721,$_ANDNOT_,Y,7939
5936,$abc$20785$auto$blifparse.cc:397:parse_blif$26722,$_NAND_,Y,7940
5937,$abc$20785$auto$blifparse.cc:397:parse_blif$26723,$_NAND_,Y,7941
5938,$abc$20785$auto$blifparse.cc:397:parse_blif$26724,$_NAND_,Y,7942
5939,$abc$20785$auto$blifparse.cc:397:parse_blif$26725,$_OR_,Y,7943
5940,$abc$20785$auto$blifparse.cc:397:parse_blif$26726,$_ANDNOT_,Y,7944
5941,$abc$20785$auto$blifparse.cc:397:parse_blif$26727,$_NAND_,Y,7945
5942,$abc$20785$auto$blifparse.cc:397:parse_blif$26728,$_NAND_,Y,7946
5943,$abc$20785$auto$blifparse.cc:397:parse_blif$26729,$_NAND_,Y,7947
5944,$abc$20785$auto$blifparse.cc:397:parse_blif$26730,$_OR_,Y,7948
5945,$abc$20785$auto$blifparse.cc:397:parse_blif$26731,$_ANDNOT_,Y,7949
5946,$abc$20785$auto$blifparse.cc:397:parse_blif$26732,$_NAND_,Y,7950
5947,$abc$20785$auto$blifparse.cc:397:parse_blif$26733,$_NAND_,Y,7951
5948,$abc$20785$auto$blifparse.cc:397:parse_blif$26734,$_NAND_,Y,7952
5949,$abc$20785$auto$blifparse.cc:397:parse_blif$26735,$_OR_,Y,7953
5950,$abc$20785$auto$blifparse.cc:397:parse_blif$26736,$_ANDNOT_,Y,7954
5951,$abc$20785$auto$blifparse.cc:397:parse_blif$26737,$_NAND_,Y,7955
5952,$abc$20785$auto$blifparse.cc:397:parse_blif$26738,$_NAND_,Y,7956
5953,$abc$20785$auto$blifparse.cc:397:parse_blif$26739,$_NAND_,Y,7957
5954,$abc$20785$auto$blifparse.cc:397:parse_blif$26740,$_XOR_,Y,7958
5955,$abc$20785$auto$blifparse.cc:397:parse_blif$26741,$_NAND_,Y,7959
5956,$abc$20785$auto$blifparse.cc:397:parse_blif$26742,$_NAND_,Y,7960
5957,$abc$20785$auto$blifparse.cc:397:parse_blif$26743,$_NAND_,Y,7961
5958,$abc$20785$auto$blifparse.cc:397:parse_blif$26744,$_ORNOT_,Y,7962
5959,$abc$20785$auto$blifparse.cc:397:parse_blif$26745,$_NAND_,Y,7963
5960,$abc$20785$auto$blifparse.cc:397:parse_blif$26746,$_NAND_,Y,7964
5961,$abc$20785$auto$blifparse.cc:397:parse_blif$26747,$_AND_,Y,7966
5962,$abc$20785$auto$blifparse.cc:397:parse_blif$26748,$_NAND_,Y,7967
5963,$abc$20785$auto$blifparse.cc:397:parse_blif$26749,$_AND_,Y,7968
5964,$abc$20785$auto$blifparse.cc:397:parse_blif$26750,$_AND_,Y,7969
5965,$abc$20785$auto$blifparse.cc:397:parse_blif$26751,$_AND_,Y,7970
5966,$abc$20785$auto$blifparse.cc:397:parse_blif$26752,$_AND_,Y,7971
5967,$abc$20785$auto$blifparse.cc:397:parse_blif$26753,$_AND_,Y,7972
5968,$abc$20785$auto$blifparse.cc:397:parse_blif$26754,$_AND_,Y,7973
5969,$abc$20785$auto$blifparse.cc:397:parse_blif$26755,$_AND_,Y,7974
5970,$abc$20785$auto$blifparse.cc:397:parse_blif$26756,$_AND_,Y,7975
5971,$abc$20785$auto$blifparse.cc:397:parse_blif$26757,$_AND_,Y,7976
5972,$abc$20785$auto$blifparse.cc:397:parse_blif$26758,$_AND_,Y,7977
5973,$abc$20785$auto$blifparse.cc:397:parse_blif$26759,$_AND_,Y,7978
5974,$abc$20785$auto$blifparse.cc:397:parse_blif$26760,$_AND_,Y,7979
5975,$abc$20785$auto$blifparse.cc:397:parse_blif$26761,$_AND_,Y,7980
5976,$abc$20785$auto$blifparse.cc:397:parse_blif$26762,$_AND_,Y,7981
5977,$abc$20785$auto$blifparse.cc:397:parse_blif$26763,$_AND_,Y,7982
5978,$abc$20785$auto$blifparse.cc:397:parse_blif$26764,$_AND_,Y,7983
5979,$abc$20785$auto$blifparse.cc:397:parse_blif$26765,$_AND_,Y,7984
5980,$abc$20785$auto$blifparse.cc:397:parse_blif$26766,$_AND_,Y,7985
5981,$abc$20785$auto$blifparse.cc:397:parse_blif$26767,$_AND_,Y,7986
5982,$abc$20785$auto$blifparse.cc:397:parse_blif$26768,$_AND_,Y,7987
5983,$abc$20785$auto$blifparse.cc:397:parse_blif$26769,$_AND_,Y,7988
5984,$abc$20785$auto$blifparse.cc:397:parse_blif$26770,$_AND_,Y,7989
5985,$abc$20785$auto$blifparse.cc:397:parse_blif$26771,$_AND_,Y,7990
5986,$abc$20785$auto$blifparse.cc:397:parse_blif$26772,$_AND_,Y,7991
5987,$abc$20785$auto$blifparse.cc:397:parse_blif$26773,$_AND_,Y,7992
5988,$abc$20785$auto$blifparse.cc:397:parse_blif$26774,$_AND_,Y,7993
5989,$abc$20785$auto$blifparse.cc:397:parse_blif$26775,$_AND_,Y,7994
5990,$abc$20785$auto$blifparse.cc:397:parse_blif$26776,$_AND_,Y,7995
5991,$abc$20785$auto$blifparse.cc:397:parse_blif$26777,$_AND_,Y,7996
5992,$abc$20785$auto$blifparse.cc:397:parse_blif$26778,$_AND_,Y,7997
5993,$abc$20785$auto$blifparse.cc:397:parse_blif$26779,$_XNOR_,Y,7998
5994,$abc$20785$auto$blifparse.cc:397:parse_blif$26780,$_OR_,Y,7999
5995,$abc$20785$auto$blifparse.cc:397:parse_blif$26781,$_NAND_,Y,8000
5996,$abc$20785$auto$blifparse.cc:397:parse_blif$26782,$_NAND_,Y,8001
5997,$abc$20785$auto$blifparse.cc:397:parse_blif$26783,$_XNOR_,Y,8002
5998,$abc$20785$auto$blifparse.cc:397:parse_blif$26784,$_OR_,Y,8003
5999,$abc$20785$auto$blifparse.cc:397:parse_blif$26785,$_NAND_,Y,8004
6000,$abc$20785$auto$blifparse.cc:397:parse_blif$26786,$_NAND_,Y,8005
6001,$abc$20785$auto$blifparse.cc:397:parse_blif$26787,$_XNOR_,Y,8006
6002,$abc$20785$auto$blifparse.cc:397:parse_blif$26788,$_OR_,Y,8007
6003,$abc$20785$auto$blifparse.cc:397:parse_blif$26789,$_NAND_,Y,8008
6004,$abc$20785$auto$blifparse.cc:397:parse_blif$26790,$_NAND_,Y,8009
6005,$abc$20785$auto$blifparse.cc:397:parse_blif$26791,$_XNOR_,Y,8010
6006,$abc$20785$auto$blifparse.cc:397:parse_blif$26792,$_OR_,Y,8011
6007,$abc$20785$auto$blifparse.cc:397:parse_blif$26793,$_NAND_,Y,8012
6008,$abc$20785$auto$blifparse.cc:397:parse_blif$26794,$_NAND_,Y,8013
6009,$abc$20785$auto$blifparse.cc:397:parse_blif$26795,$_XNOR_,Y,8014
6010,$abc$20785$auto$blifparse.cc:397:parse_blif$26796,$_OR_,Y,8015
6011,$abc$20785$auto$blifparse.cc:397:parse_blif$26797,$_NAND_,Y,8016
6012,$abc$20785$auto$blifparse.cc:397:parse_blif$26798,$_NAND_,Y,8017
6013,$abc$20785$auto$blifparse.cc:397:parse_blif$26799,$_XNOR_,Y,8018
6014,$abc$20785$auto$blifparse.cc:397:parse_blif$26800,$_OR_,Y,8019
6015,$abc$20785$auto$blifparse.cc:397:parse_blif$26801,$_NAND_,Y,8020
6016,$abc$20785$auto$blifparse.cc:397:parse_blif$26802,$_NAND_,Y,8021
6017,$abc$20785$auto$blifparse.cc:397:parse_blif$26803,$_XNOR_,Y,8022
6018,$abc$20785$auto$blifparse.cc:397:parse_blif$26804,$_OR_,Y,8023
6019,$abc$20785$auto$blifparse.cc:397:parse_blif$26805,$_NAND_,Y,8024
6020,$abc$20785$auto$blifparse.cc:397:parse_blif$26806,$_NAND_,Y,8025
6021,$abc$20785$auto$blifparse.cc:397:parse_blif$26807,$_XNOR_,Y,8026
6022,$abc$20785$auto$blifparse.cc:397:parse_blif$26808,$_OR_,Y,8027
6023,$abc$20785$auto$blifparse.cc:397:parse_blif$26809,$_NAND_,Y,8028
6024,$abc$20785$auto$blifparse.cc:397:parse_blif$26810,$_NAND_,Y,8029
6025,$abc$20785$auto$blifparse.cc:397:parse_blif$26811,$_XNOR_,Y,8030
6026,$abc$20785$auto$blifparse.cc:397:parse_blif$26812,$_OR_,Y,8031
6027,$abc$20785$auto$blifparse.cc:397:parse_blif$26813,$_NAND_,Y,8032
6028,$abc$20785$auto$blifparse.cc:397:parse_blif$26814,$_NAND_,Y,8033
6029,$abc$20785$auto$blifparse.cc:397:parse_blif$26815,$_XNOR_,Y,8034
6030,$abc$20785$auto$blifparse.cc:397:parse_blif$26816,$_OR_,Y,8035
6031,$abc$20785$auto$blifparse.cc:397:parse_blif$26817,$_NAND_,Y,8036
6032,$abc$20785$auto$blifparse.cc:397:parse_blif$26818,$_NAND_,Y,8037
6033,$abc$20785$auto$blifparse.cc:397:parse_blif$26819,$_XNOR_,Y,8038
6034,$abc$20785$auto$blifparse.cc:397:parse_blif$26820,$_OR_,Y,8039
6035,$abc$20785$auto$blifparse.cc:397:parse_blif$26821,$_NAND_,Y,8040
6036,$abc$20785$auto$blifparse.cc:397:parse_blif$26822,$_NAND_,Y,8041
6037,$abc$20785$auto$blifparse.cc:397:parse_blif$26823,$_XNOR_,Y,8042
6038,$abc$20785$auto$blifparse.cc:397:parse_blif$26824,$_OR_,Y,8043
6039,$abc$20785$auto$blifparse.cc:397:parse_blif$26825,$_NAND_,Y,8044
6040,$abc$20785$auto$blifparse.cc:397:parse_blif$26826,$_NAND_,Y,8045
6041,$abc$20785$auto$blifparse.cc:397:parse_blif$26827,$_XNOR_,Y,8046
6042,$abc$20785$auto$blifparse.cc:397:parse_blif$26828,$_OR_,Y,8047
6043,$abc$20785$auto$blifparse.cc:397:parse_blif$26829,$_NAND_,Y,8048
6044,$abc$20785$auto$blifparse.cc:397:parse_blif$26830,$_NAND_,Y,8049
6045,$abc$20785$auto$blifparse.cc:397:parse_blif$26831,$_XNOR_,Y,8050
6046,$abc$20785$auto$blifparse.cc:397:parse_blif$26832,$_OR_,Y,8051
6047,$abc$20785$auto$blifparse.cc:397:parse_blif$26833,$_NAND_,Y,8052
6048,$abc$20785$auto$blifparse.cc:397:parse_blif$26834,$_NAND_,Y,8053
6049,$abc$20785$auto$blifparse.cc:397:parse_blif$26835,$_XNOR_,Y,8054
6050,$abc$20785$auto$blifparse.cc:397:parse_blif$26836,$_OR_,Y,8055
6051,$abc$20785$auto$blifparse.cc:397:parse_blif$26837,$_NAND_,Y,8056
6052,$abc$20785$auto$blifparse.cc:397:parse_blif$26838,$_NAND_,Y,8057
6053,$abc$20785$auto$blifparse.cc:397:parse_blif$26839,$_XNOR_,Y,8058
6054,$abc$20785$auto$blifparse.cc:397:parse_blif$26840,$_OR_,Y,8059
6055,$abc$20785$auto$blifparse.cc:397:parse_blif$26841,$_NAND_,Y,8060
6056,$abc$20785$auto$blifparse.cc:397:parse_blif$26842,$_NAND_,Y,8061
6057,$abc$20785$auto$blifparse.cc:397:parse_blif$26843,$_XNOR_,Y,8062
6058,$abc$20785$auto$blifparse.cc:397:parse_blif$26844,$_OR_,Y,8063
6059,$abc$20785$auto$blifparse.cc:397:parse_blif$26845,$_NAND_,Y,8064
6060,$abc$20785$auto$blifparse.cc:397:parse_blif$26846,$_NAND_,Y,8065
6061,$abc$20785$auto$blifparse.cc:397:parse_blif$26847,$_XNOR_,Y,8066
6062,$abc$20785$auto$blifparse.cc:397:parse_blif$26848,$_OR_,Y,8067
6063,$abc$20785$auto$blifparse.cc:397:parse_blif$26849,$_NAND_,Y,8068
6064,$abc$20785$auto$blifparse.cc:397:parse_blif$26850,$_NAND_,Y,8069
6065,$abc$20785$auto$blifparse.cc:397:parse_blif$26851,$_XNOR_,Y,8070
6066,$abc$20785$auto$blifparse.cc:397:parse_blif$26852,$_OR_,Y,8071
6067,$abc$20785$auto$blifparse.cc:397:parse_blif$26853,$_NAND_,Y,8072
6068,$abc$20785$auto$blifparse.cc:397:parse_blif$26854,$_NAND_,Y,8073
6069,$abc$20785$auto$blifparse.cc:397:parse_blif$26855,$_XNOR_,Y,8074
6070,$abc$20785$auto$blifparse.cc:397:parse_blif$26856,$_OR_,Y,8075
6071,$abc$20785$auto$blifparse.cc:397:parse_blif$26857,$_NAND_,Y,8076
6072,$abc$20785$auto$blifparse.cc:397:parse_blif$26858,$_NAND_,Y,8077
6073,$abc$20785$auto$blifparse.cc:397:parse_blif$26859,$_XNOR_,Y,8078
6074,$abc$20785$auto$blifparse.cc:397:parse_blif$26860,$_OR_,Y,8079
6075,$abc$20785$auto$blifparse.cc:397:parse_blif$26861,$_NAND_,Y,8080
6076,$abc$20785$auto$blifparse.cc:397:parse_blif$26862,$_NAND_,Y,8081
6077,$abc$20785$auto$blifparse.cc:397:parse_blif$26863,$_XNOR_,Y,8082
6078,$abc$20785$auto$blifparse.cc:397:parse_blif$26864,$_OR_,Y,8083
6079,$abc$20785$auto$blifparse.cc:397:parse_blif$26865,$_NAND_,Y,8084
6080,$abc$20785$auto$blifparse.cc:397:parse_blif$26866,$_NAND_,Y,8085
6081,$abc$20785$auto$blifparse.cc:397:parse_blif$26867,$_XNOR_,Y,8086
6082,$abc$20785$auto$blifparse.cc:397:parse_blif$26868,$_OR_,Y,8087
6083,$abc$20785$auto$blifparse.cc:397:parse_blif$26869,$_NAND_,Y,8088
6084,$abc$20785$auto$blifparse.cc:397:parse_blif$26870,$_NAND_,Y,8089
6085,$abc$20785$auto$blifparse.cc:397:parse_blif$26871,$_XNOR_,Y,8090
6086,$abc$20785$auto$blifparse.cc:397:parse_blif$26872,$_OR_,Y,8091
6087,$abc$20785$auto$blifparse.cc:397:parse_blif$26873,$_NAND_,Y,8092
6088,$abc$20785$auto$blifparse.cc:397:parse_blif$26874,$_NAND_,Y,8093
6089,$abc$20785$auto$blifparse.cc:397:parse_blif$26875,$_XNOR_,Y,8094
6090,$abc$20785$auto$blifparse.cc:397:parse_blif$26876,$_OR_,Y,8095
6091,$abc$20785$auto$blifparse.cc:397:parse_blif$26877,$_NAND_,Y,8096
6092,$abc$20785$auto$blifparse.cc:397:parse_blif$26878,$_NAND_,Y,8097
6093,$abc$20785$auto$blifparse.cc:397:parse_blif$26879,$_XNOR_,Y,8098
6094,$abc$20785$auto$blifparse.cc:397:parse_blif$26880,$_OR_,Y,8099
6095,$abc$20785$auto$blifparse.cc:397:parse_blif$26881,$_NAND_,Y,8100
6096,$abc$20785$auto$blifparse.cc:397:parse_blif$26882,$_NAND_,Y,8101
6097,$abc$20785$auto$blifparse.cc:397:parse_blif$26883,$_XNOR_,Y,8102
6098,$abc$20785$auto$blifparse.cc:397:parse_blif$26884,$_OR_,Y,8103
6099,$abc$20785$auto$blifparse.cc:397:parse_blif$26885,$_NAND_,Y,8104
6100,$abc$20785$auto$blifparse.cc:397:parse_blif$26886,$_NAND_,Y,8105
6101,$abc$20785$auto$blifparse.cc:397:parse_blif$26887,$_XNOR_,Y,8106
6102,$abc$20785$auto$blifparse.cc:397:parse_blif$26888,$_OR_,Y,8107
6103,$abc$20785$auto$blifparse.cc:397:parse_blif$26889,$_NAND_,Y,8108
6104,$abc$20785$auto$blifparse.cc:397:parse_blif$26890,$_NAND_,Y,8109
6105,$abc$20785$auto$blifparse.cc:397:parse_blif$26891,$_XNOR_,Y,8110
6106,$abc$20785$auto$blifparse.cc:397:parse_blif$26892,$_OR_,Y,8111
6107,$abc$20785$auto$blifparse.cc:397:parse_blif$26893,$_NAND_,Y,8112
6108,$abc$20785$auto$blifparse.cc:397:parse_blif$26894,$_NAND_,Y,8113
6109,$abc$20785$auto$blifparse.cc:397:parse_blif$26895,$_XNOR_,Y,8114
6110,$abc$20785$auto$blifparse.cc:397:parse_blif$26896,$_OR_,Y,8115
6111,$abc$20785$auto$blifparse.cc:397:parse_blif$26897,$_NAND_,Y,8116
6112,$abc$20785$auto$blifparse.cc:397:parse_blif$26898,$_NAND_,Y,8117
6113,$abc$20785$auto$blifparse.cc:397:parse_blif$26899,$_OR_,Y,8118
6114,$abc$20785$auto$blifparse.cc:397:parse_blif$26900,$_NAND_,Y,8119
6115,$abc$20785$auto$blifparse.cc:397:parse_blif$26901,$_AND_,Y,8120
6116,$abc$20785$auto$blifparse.cc:397:parse_blif$26902,$_OR_,Y,8121
6117,$abc$20785$auto$blifparse.cc:397:parse_blif$26903,$_AND_,Y,8122
6118,$abc$20785$auto$blifparse.cc:397:parse_blif$26904,$_AND_,Y,8123
6119,$abc$20785$auto$blifparse.cc:397:parse_blif$26905,$_NOR_,Y,8124
6120,$abc$20785$auto$blifparse.cc:397:parse_blif$26906,$_ORNOT_,Y,8125
6121,$abc$20785$auto$blifparse.cc:397:parse_blif$26907,$_XNOR_,Y,8126
6122,$abc$20785$auto$blifparse.cc:397:parse_blif$26908,$_XNOR_,Y,8127
6123,$abc$20785$auto$blifparse.cc:397:parse_blif$26909,$_XOR_,Y,8128
6124,$abc$20785$auto$blifparse.cc:397:parse_blif$26910,$_XNOR_,Y,8129
6125,$abc$20785$auto$blifparse.cc:397:parse_blif$26911,$_XNOR_,Y,8130
6126,$abc$20785$auto$blifparse.cc:397:parse_blif$26912,$_XNOR_,Y,8131
6127,$abc$20785$auto$blifparse.cc:397:parse_blif$26913,$_XNOR_,Y,8132
6128,$abc$20785$auto$blifparse.cc:397:parse_blif$26914,$_XNOR_,Y,8133
6129,$abc$20785$auto$blifparse.cc:397:parse_blif$26915,$_XOR_,Y,8134
6130,$abc$20785$auto$blifparse.cc:397:parse_blif$26916,$_XNOR_,Y,8135
6131,$abc$20785$auto$blifparse.cc:397:parse_blif$26917,$_XNOR_,Y,8136
6132,$abc$20785$auto$blifparse.cc:397:parse_blif$26918,$_XNOR_,Y,8137
6133,$abc$20785$auto$blifparse.cc:397:parse_blif$26919,$_XNOR_,Y,8138
6134,$abc$20785$auto$blifparse.cc:397:parse_blif$26920,$_AND_,Y,8139
6135,$abc$20785$auto$blifparse.cc:397:parse_blif$26921,$_AND_,Y,8140
6136,$abc$20785$auto$blifparse.cc:397:parse_blif$26922,$_AND_,Y,8141
6137,$abc$20785$auto$blifparse.cc:397:parse_blif$26923,$_AND_,Y,8142
6138,$abc$20785$auto$blifparse.cc:397:parse_blif$26924,$_NOR_,Y,8143
6139,$abc$20785$auto$blifparse.cc:397:parse_blif$26925,$_ANDNOT_,Y,8144
6140,$abc$20785$auto$blifparse.cc:397:parse_blif$26926,$_ANDNOT_,Y,8145
6141,$abc$20785$auto$blifparse.cc:397:parse_blif$26927,$_ORNOT_,Y,8146
6142,$abc$20785$auto$blifparse.cc:397:parse_blif$26928,$_AND_,Y,8147
6143,$abc$20785$auto$blifparse.cc:397:parse_blif$26929,$_XNOR_,Y,8148
6144,$abc$20785$auto$blifparse.cc:397:parse_blif$26930,$_XNOR_,Y,8149
6145,$abc$20785$auto$blifparse.cc:397:parse_blif$26931,$_XNOR_,Y,8150
6146,$abc$20785$auto$blifparse.cc:397:parse_blif$26932,$_XNOR_,Y,8151
6147,$abc$20785$auto$blifparse.cc:397:parse_blif$26933,$_XNOR_,Y,8152
6148,$abc$20785$auto$blifparse.cc:397:parse_blif$26934,$_XNOR_,Y,8153
6149,$abc$20785$auto$blifparse.cc:397:parse_blif$26935,$_XNOR_,Y,8154
6150,$abc$20785$auto$blifparse.cc:397:parse_blif$26936,$_XNOR_,Y,8155
6151,$abc$20785$auto$blifparse.cc:397:parse_blif$26937,$_XOR_,Y,8156
6152,$abc$20785$auto$blifparse.cc:397:parse_blif$26938,$_XNOR_,Y,8157
6153,$abc$20785$auto$blifparse.cc:397:parse_blif$26939,$_XNOR_,Y,8158
6154,$abc$20785$auto$blifparse.cc:397:parse_blif$26940,$_XNOR_,Y,8159
6155,$abc$20785$auto$blifparse.cc:397:parse_blif$26941,$_XNOR_,Y,8160
6156,$abc$20785$auto$blifparse.cc:397:parse_blif$26942,$_XNOR_,Y,8161
6157,$abc$20785$auto$blifparse.cc:397:parse_blif$26943,$_XNOR_,Y,8162
6158,$abc$20785$auto$blifparse.cc:397:parse_blif$26944,$_XNOR_,Y,8163
6159,$abc$20785$auto$blifparse.cc:397:parse_blif$26945,$_AND_,Y,8164
6160,$abc$20785$auto$blifparse.cc:397:parse_blif$26946,$_AND_,Y,8165
6161,$abc$20785$auto$blifparse.cc:397:parse_blif$26947,$_AND_,Y,8166
6162,$abc$20785$auto$blifparse.cc:397:parse_blif$26948,$_AND_,Y,8167
6163,$abc$20785$auto$blifparse.cc:397:parse_blif$26949,$_NOR_,Y,8168
6164,$abc$20785$auto$blifparse.cc:397:parse_blif$26950,$_ANDNOT_,Y,8169
6165,$abc$20785$auto$blifparse.cc:397:parse_blif$26951,$_ORNOT_,Y,8170
6166,$abc$20785$auto$blifparse.cc:397:parse_blif$26952,$_AND_,Y,8171
6167,$abc$20785$auto$blifparse.cc:397:parse_blif$26953,$_XNOR_,Y,8172
6168,$abc$20785$auto$blifparse.cc:397:parse_blif$26954,$_XNOR_,Y,8173
6169,$abc$20785$auto$blifparse.cc:397:parse_blif$26955,$_XNOR_,Y,8174
6170,$abc$20785$auto$blifparse.cc:397:parse_blif$26956,$_XNOR_,Y,8175
6171,$abc$20785$auto$blifparse.cc:397:parse_blif$26957,$_XNOR_,Y,8176
6172,$abc$20785$auto$blifparse.cc:397:parse_blif$26958,$_XNOR_,Y,8177
6173,$abc$20785$auto$blifparse.cc:397:parse_blif$26959,$_XOR_,Y,8178
6174,$abc$20785$auto$blifparse.cc:397:parse_blif$26960,$_XNOR_,Y,8179
6175,$abc$20785$auto$blifparse.cc:397:parse_blif$26961,$_XNOR_,Y,8180
6176,$abc$20785$auto$blifparse.cc:397:parse_blif$26962,$_XNOR_,Y,8181
6177,$abc$20785$auto$blifparse.cc:397:parse_blif$26963,$_XNOR_,Y,8182
6178,$abc$20785$auto$blifparse.cc:397:parse_blif$26964,$_XNOR_,Y,8183
6179,$abc$20785$auto$blifparse.cc:397:parse_blif$26965,$_XNOR_,Y,8184
6180,$abc$20785$auto$blifparse.cc:397:parse_blif$26966,$_XNOR_,Y,8185
6181,$abc$20785$auto$blifparse.cc:397:parse_blif$26967,$_XNOR_,Y,8186
6182,$abc$20785$auto$blifparse.cc:397:parse_blif$26968,$_XNOR_,Y,8187
6183,$abc$20785$auto$blifparse.cc:397:parse_blif$26969,$_OR_,Y,8188
6184,$abc$20785$auto$blifparse.cc:397:parse_blif$26970,$_AND_,Y,8189
6185,$abc$20785$auto$blifparse.cc:397:parse_blif$26971,$_AND_,Y,8190
6186,$abc$20785$auto$blifparse.cc:397:parse_blif$26972,$_AND_,Y,8191
6187,$abc$20785$auto$blifparse.cc:397:parse_blif$26973,$_AND_,Y,8192
6188,$abc$20785$auto$blifparse.cc:397:parse_blif$26974,$_OR_,Y,8193
6189,$abc$20785$auto$blifparse.cc:397:parse_blif$26975,$_OR_,Y,8194
6190,$abc$20785$auto$blifparse.cc:397:parse_blif$26976,$_XNOR_,Y,8195
6191,$abc$20785$auto$blifparse.cc:397:parse_blif$26977,$_XNOR_,Y,8196
6192,$abc$20785$auto$blifparse.cc:397:parse_blif$26978,$_XOR_,Y,8197
6193,$abc$20785$auto$blifparse.cc:397:parse_blif$26979,$_XNOR_,Y,8198
6194,$abc$20785$auto$blifparse.cc:397:parse_blif$26980,$_XOR_,Y,8199
6195,$abc$20785$auto$blifparse.cc:397:parse_blif$26981,$_XNOR_,Y,8200
6196,$abc$20785$auto$blifparse.cc:397:parse_blif$26982,$_XNOR_,Y,8201
6197,$abc$20785$auto$blifparse.cc:397:parse_blif$26983,$_XNOR_,Y,8202
6198,$abc$20785$auto$blifparse.cc:397:parse_blif$26984,$_XNOR_,Y,8203
6199,$abc$20785$auto$blifparse.cc:397:parse_blif$26985,$_XNOR_,Y,8204
6200,$abc$20785$auto$blifparse.cc:397:parse_blif$26986,$_XNOR_,Y,8205
6201,$abc$20785$auto$blifparse.cc:397:parse_blif$26987,$_XNOR_,Y,8206
6202,$abc$20785$auto$blifparse.cc:397:parse_blif$26988,$_XNOR_,Y,8207
6203,$abc$20785$auto$blifparse.cc:397:parse_blif$26989,$_XNOR_,Y,8208
6204,$abc$20785$auto$blifparse.cc:397:parse_blif$26990,$_XOR_,Y,8209
6205,$abc$20785$auto$blifparse.cc:397:parse_blif$26991,$_XNOR_,Y,8210
6206,$abc$20785$auto$blifparse.cc:397:parse_blif$26992,$_NOR_,Y,8211
6207,$abc$20785$auto$blifparse.cc:397:parse_blif$26993,$_ORNOT_,Y,8212
6208,$abc$20785$auto$blifparse.cc:397:parse_blif$26994,$_AND_,Y,8213
6209,$abc$20785$auto$blifparse.cc:397:parse_blif$26995,$_NOR_,Y,8214
6210,$abc$20785$auto$blifparse.cc:397:parse_blif$26996,$_ORNOT_,Y,8215
6211,$abc$20785$auto$blifparse.cc:397:parse_blif$26997,$_AND_,Y,8216
6212,$abc$20785$auto$blifparse.cc:397:parse_blif$26998,$_XNOR_,Y,8217
6213,$abc$20785$auto$blifparse.cc:397:parse_blif$26999,$_XNOR_,Y,8218
6214,$abc$20785$auto$blifparse.cc:397:parse_blif$27000,$_XNOR_,Y,8219
6215,$abc$20785$auto$blifparse.cc:397:parse_blif$27001,$_XNOR_,Y,8220
6216,$abc$20785$auto$blifparse.cc:397:parse_blif$27002,$_XOR_,Y,8221
6217,$abc$20785$auto$blifparse.cc:397:parse_blif$27003,$_XNOR_,Y,8222
6218,$abc$20785$auto$blifparse.cc:397:parse_blif$27004,$_XNOR_,Y,8223
6219,$abc$20785$auto$blifparse.cc:397:parse_blif$27005,$_XNOR_,Y,8224
6220,$abc$20785$auto$blifparse.cc:397:parse_blif$27006,$_XNOR_,Y,8225
6221,$abc$20785$auto$blifparse.cc:397:parse_blif$27007,$_XNOR_,Y,8226
6222,$abc$20785$auto$blifparse.cc:397:parse_blif$27008,$_XOR_,Y,8227
6223,$abc$20785$auto$blifparse.cc:397:parse_blif$27009,$_XNOR_,Y,8228
6224,$abc$20785$auto$blifparse.cc:397:parse_blif$27010,$_XNOR_,Y,8229
6225,$abc$20785$auto$blifparse.cc:397:parse_blif$27011,$_XOR_,Y,8230
6226,$abc$20785$auto$blifparse.cc:397:parse_blif$27012,$_AND_,Y,8231
6227,$abc$20785$auto$blifparse.cc:397:parse_blif$27013,$_AND_,Y,8232
6228,$abc$20785$auto$blifparse.cc:397:parse_blif$27014,$_OR_,Y,8233
6229,$abc$20785$auto$blifparse.cc:397:parse_blif$27015,$_AND_,Y,8234
6230,$abc$20785$auto$blifparse.cc:397:parse_blif$27016,$_AND_,Y,8235
6231,$abc$20785$auto$blifparse.cc:397:parse_blif$27017,$_NOR_,Y,8236
6232,$abc$20785$auto$blifparse.cc:397:parse_blif$27018,$_ORNOT_,Y,8237
6233,$abc$20785$auto$blifparse.cc:397:parse_blif$27019,$_AND_,Y,8238
6234,$abc$20785$auto$blifparse.cc:397:parse_blif$27020,$_XNOR_,Y,8239
6235,$abc$20785$auto$blifparse.cc:397:parse_blif$27021,$_XNOR_,Y,8240
6236,$abc$20785$auto$blifparse.cc:397:parse_blif$27022,$_XNOR_,Y,8241
6237,$abc$20785$auto$blifparse.cc:397:parse_blif$27023,$_XNOR_,Y,8242
6238,$abc$20785$auto$blifparse.cc:397:parse_blif$27024,$_XOR_,Y,8243
6239,$abc$20785$auto$blifparse.cc:397:parse_blif$27025,$_XNOR_,Y,8244
6240,$abc$20785$auto$blifparse.cc:397:parse_blif$27026,$_XNOR_,Y,8245
6241,$abc$20785$auto$blifparse.cc:397:parse_blif$27027,$_XNOR_,Y,8246
6242,$abc$20785$auto$blifparse.cc:397:parse_blif$27028,$_XNOR_,Y,8247
6243,$abc$20785$auto$blifparse.cc:397:parse_blif$27029,$_XNOR_,Y,8248
6244,$abc$20785$auto$blifparse.cc:397:parse_blif$27030,$_XOR_,Y,8249
6245,$abc$20785$auto$blifparse.cc:397:parse_blif$27031,$_XNOR_,Y,8250
6246,$abc$20785$auto$blifparse.cc:397:parse_blif$27032,$_XNOR_,Y,8251
6247,$abc$20785$auto$blifparse.cc:397:parse_blif$27033,$_XNOR_,Y,8252
6248,$abc$20785$auto$blifparse.cc:397:parse_blif$27034,$_XNOR_,Y,8253
6249,$abc$20785$auto$blifparse.cc:397:parse_blif$27035,$_XNOR_,Y,8254
6250,$abc$20785$auto$blifparse.cc:397:parse_blif$27036,$_AND_,Y,8255
6251,$abc$20785$auto$blifparse.cc:397:parse_blif$27037,$_AND_,Y,8256
6252,$abc$20785$auto$blifparse.cc:397:parse_blif$27038,$_AND_,Y,8257
6253,$abc$20785$auto$blifparse.cc:397:parse_blif$27039,$_AND_,Y,8258
6254,$abc$20785$auto$blifparse.cc:397:parse_blif$27040,$_AND_,Y,8259
6255,$abc$20785$auto$blifparse.cc:397:parse_blif$27041,$_OR_,Y,8260
6256,$abc$20785$auto$blifparse.cc:397:parse_blif$27042,$_AND_,Y,8261
6257,$abc$20785$auto$blifparse.cc:397:parse_blif$27043,$_AND_,Y,8262
6258,$abc$20785$auto$blifparse.cc:397:parse_blif$27044,$_XNOR_,Y,8263
6259,$abc$20785$auto$blifparse.cc:397:parse_blif$27045,$_XNOR_,Y,8264
6260,$abc$20785$auto$blifparse.cc:397:parse_blif$27046,$_XNOR_,Y,8265
6261,$abc$20785$auto$blifparse.cc:397:parse_blif$27047,$_XNOR_,Y,8266
6262,$abc$20785$auto$blifparse.cc:397:parse_blif$27048,$_XOR_,Y,8267
6263,$abc$20785$auto$blifparse.cc:397:parse_blif$27049,$_XNOR_,Y,8268
6264,$abc$20785$auto$blifparse.cc:397:parse_blif$27050,$_XNOR_,Y,8269
6265,$abc$20785$auto$blifparse.cc:397:parse_blif$27051,$_XNOR_,Y,8270
6266,$abc$20785$auto$blifparse.cc:397:parse_blif$27052,$_XNOR_,Y,8271
6267,$abc$20785$auto$blifparse.cc:397:parse_blif$27053,$_XNOR_,Y,8272
6268,$abc$20785$auto$blifparse.cc:397:parse_blif$27054,$_XNOR_,Y,8273
6269,$abc$20785$auto$blifparse.cc:397:parse_blif$27055,$_XNOR_,Y,8274
6270,$abc$20785$auto$blifparse.cc:397:parse_blif$27056,$_XNOR_,Y,8275
6271,$abc$20785$auto$blifparse.cc:397:parse_blif$27057,$_XNOR_,Y,8276
6272,$abc$20785$auto$blifparse.cc:397:parse_blif$27058,$_XNOR_,Y,8277
6273,$abc$20785$auto$blifparse.cc:397:parse_blif$27059,$_XNOR_,Y,8278
6274,$abc$20785$auto$blifparse.cc:397:parse_blif$27060,$_NAND_,Y,8279
6275,$abc$20785$auto$blifparse.cc:397:parse_blif$27061,$_OR_,Y,8280
6276,$abc$20785$auto$blifparse.cc:397:parse_blif$27062,$_XOR_,Y,8281
6277,$abc$20785$auto$blifparse.cc:397:parse_blif$27063,$_NAND_,Y,8282
6278,$abc$20785$auto$blifparse.cc:397:parse_blif$27064,$_NAND_,Y,8283
6279,$abc$20785$auto$blifparse.cc:397:parse_blif$27065,$_AND_,Y,8284
6280,$abc$20785$auto$blifparse.cc:397:parse_blif$27066,$_AND_,Y,8285
6281,$abc$20785$auto$blifparse.cc:397:parse_blif$27067,$_NOR_,Y,8286
6282,$abc$20785$auto$blifparse.cc:397:parse_blif$27068,$_ORNOT_,Y,8287
6283,$abc$20785$auto$blifparse.cc:397:parse_blif$27069,$_AND_,Y,8288
6284,$abc$20785$auto$blifparse.cc:397:parse_blif$27070,$_XNOR_,Y,8289
6285,$abc$20785$auto$blifparse.cc:397:parse_blif$27071,$_XNOR_,Y,8290
6286,$abc$20785$auto$blifparse.cc:397:parse_blif$27072,$_XNOR_,Y,8291
6287,$abc$20785$auto$blifparse.cc:397:parse_blif$27073,$_XNOR_,Y,8292
6288,$abc$20785$auto$blifparse.cc:397:parse_blif$27074,$_XNOR_,Y,8293
6289,$abc$20785$auto$blifparse.cc:397:parse_blif$27075,$_XNOR_,Y,8294
6290,$abc$20785$auto$blifparse.cc:397:parse_blif$27076,$_XOR_,Y,8295
6291,$abc$20785$auto$blifparse.cc:397:parse_blif$27077,$_XNOR_,Y,8296
6292,$abc$20785$auto$blifparse.cc:397:parse_blif$27078,$_XNOR_,Y,8297
6293,$abc$20785$auto$blifparse.cc:397:parse_blif$27079,$_XNOR_,Y,8298
6294,$abc$20785$auto$blifparse.cc:397:parse_blif$27080,$_XNOR_,Y,8299
6295,$abc$20785$auto$blifparse.cc:397:parse_blif$27081,$_XNOR_,Y,8300
6296,$abc$20785$auto$blifparse.cc:397:parse_blif$27082,$_XNOR_,Y,8301
6297,$abc$20785$auto$blifparse.cc:397:parse_blif$27083,$_XNOR_,Y,8302
6298,$abc$20785$auto$blifparse.cc:397:parse_blif$27084,$_XOR_,Y,8303
6299,$abc$20785$auto$blifparse.cc:397:parse_blif$27085,$_XNOR_,Y,8304
6300,$abc$20785$auto$blifparse.cc:397:parse_blif$27086,$_ORNOT_,Y,8305
6301,$abc$20785$auto$blifparse.cc:397:parse_blif$27087,$_XNOR_,Y,8306
6302,$abc$20785$auto$blifparse.cc:397:parse_blif$27088,$_NAND_,Y,8307
6303,$abc$20785$auto$blifparse.cc:397:parse_blif$27089,$_NAND_,Y,8308
6304,$abc$20785$auto$blifparse.cc:397:parse_blif$27090,$_AND_,Y,8309
6305,$abc$20785$auto$blifparse.cc:397:parse_blif$27091,$_NOR_,Y,8310
6306,$abc$20785$auto$blifparse.cc:397:parse_blif$27092,$_ORNOT_,Y,8311
6307,$abc$20785$auto$blifparse.cc:397:parse_blif$27093,$_AND_,Y,8312
6308,$abc$20785$auto$blifparse.cc:397:parse_blif$27094,$_AND_,Y,8313
6309,$abc$20785$auto$blifparse.cc:397:parse_blif$27095,$_XNOR_,Y,8314
6310,$abc$20785$auto$blifparse.cc:397:parse_blif$27096,$_XNOR_,Y,8315
6311,$abc$20785$auto$blifparse.cc:397:parse_blif$27097,$_XNOR_,Y,8316
6312,$abc$20785$auto$blifparse.cc:397:parse_blif$27098,$_XNOR_,Y,8317
6313,$abc$20785$auto$blifparse.cc:397:parse_blif$27099,$_XNOR_,Y,8318
6314,$abc$20785$auto$blifparse.cc:397:parse_blif$27100,$_XNOR_,Y,8319
6315,$abc$20785$auto$blifparse.cc:397:parse_blif$27101,$_XOR_,Y,8320
6316,$abc$20785$auto$blifparse.cc:397:parse_blif$27102,$_XNOR_,Y,8321
6317,$abc$20785$auto$blifparse.cc:397:parse_blif$27103,$_XNOR_,Y,8322
6318,$abc$20785$auto$blifparse.cc:397:parse_blif$27104,$_XNOR_,Y,8323
6319,$abc$20785$auto$blifparse.cc:397:parse_blif$27105,$_XNOR_,Y,8324
6320,$abc$20785$auto$blifparse.cc:397:parse_blif$27106,$_XNOR_,Y,8325
6321,$abc$20785$auto$blifparse.cc:397:parse_blif$27107,$_XNOR_,Y,8326
6322,$abc$20785$auto$blifparse.cc:397:parse_blif$27108,$_XOR_,Y,8327
6323,$abc$20785$auto$blifparse.cc:397:parse_blif$27109,$_OR_,Y,8328
6324,$abc$20785$auto$blifparse.cc:397:parse_blif$27110,$_AND_,Y,8329
6325,$abc$20785$auto$blifparse.cc:397:parse_blif$27111,$_NOR_,Y,8330
6326,$abc$20785$auto$blifparse.cc:397:parse_blif$27112,$_NOR_,Y,8331
6327,$abc$20785$auto$blifparse.cc:397:parse_blif$27113,$_ORNOT_,Y,8332
6328,$abc$20785$auto$blifparse.cc:397:parse_blif$27114,$_AND_,Y,8333
6329,$abc$20785$auto$blifparse.cc:397:parse_blif$27115,$_OR_,Y,8334
6330,$abc$20785$auto$blifparse.cc:397:parse_blif$27116,$_AND_,Y,8335
6331,$abc$20785$auto$blifparse.cc:397:parse_blif$27117,$_AND_,Y,8336
6332,$abc$20785$auto$blifparse.cc:397:parse_blif$27118,$_XNOR_,Y,8337
6333,$abc$20785$auto$blifparse.cc:397:parse_blif$27119,$_XNOR_,Y,8338
6334,$abc$20785$auto$blifparse.cc:397:parse_blif$27120,$_XNOR_,Y,8339
6335,$abc$20785$auto$blifparse.cc:397:parse_blif$27121,$_XNOR_,Y,8340
6336,$abc$20785$auto$blifparse.cc:397:parse_blif$27122,$_XOR_,Y,8341
6337,$abc$20785$auto$blifparse.cc:397:parse_blif$27123,$_XNOR_,Y,8342
6338,$abc$20785$auto$blifparse.cc:397:parse_blif$27124,$_XNOR_,Y,8343
6339,$abc$20785$auto$blifparse.cc:397:parse_blif$27125,$_XNOR_,Y,8344
6340,$abc$20785$auto$blifparse.cc:397:parse_blif$27126,$_XNOR_,Y,8345
6341,$abc$20785$auto$blifparse.cc:397:parse_blif$27127,$_XNOR_,Y,8346
6342,$abc$20785$auto$blifparse.cc:397:parse_blif$27128,$_XOR_,Y,8347
6343,$abc$20785$auto$blifparse.cc:397:parse_blif$27129,$_XNOR_,Y,8348
6344,$abc$20785$auto$blifparse.cc:397:parse_blif$27130,$_XNOR_,Y,8349
6345,$abc$20785$auto$blifparse.cc:397:parse_blif$27131,$_XNOR_,Y,8350
6346,$abc$20785$auto$blifparse.cc:397:parse_blif$27132,$_XOR_,Y,8351
6347,$abc$20785$auto$blifparse.cc:397:parse_blif$27133,$_XNOR_,Y,8352
6348,$abc$20785$auto$blifparse.cc:397:parse_blif$27134,$_ORNOT_,Y,8353
6349,$abc$20785$auto$blifparse.cc:397:parse_blif$27135,$_OR_,Y,8354
6350,$abc$20785$auto$blifparse.cc:397:parse_blif$27136,$_AND_,Y,8355
6351,$abc$20785$auto$blifparse.cc:397:parse_blif$27137,$_AND_,Y,8356
6352,$abc$20785$auto$blifparse.cc:397:parse_blif$27138,$_AND_,Y,8357
6353,$abc$20785$auto$blifparse.cc:397:parse_blif$27139,$_NAND_,Y,8358
6354,$abc$20785$auto$blifparse.cc:397:parse_blif$27140,$_NAND_,Y,8359
6355,$abc$20785$auto$blifparse.cc:397:parse_blif$27141,$_NOR_,Y,8360
6356,$abc$20785$auto$blifparse.cc:397:parse_blif$27142,$_NAND_,Y,8361
6357,$abc$20785$auto$blifparse.cc:397:parse_blif$27143,$_NAND_,Y,8362
6358,$abc$20785$auto$blifparse.cc:397:parse_blif$27144,$_OR_,Y,8363
6359,$abc$20785$auto$blifparse.cc:397:parse_blif$27145,$_AND_,Y,8364
6360,$abc$20785$auto$blifparse.cc:397:parse_blif$27146,$_AND_,Y,8365
6361,$abc$20785$auto$blifparse.cc:397:parse_blif$27147,$_AND_,Y,8366
6362,$abc$20785$auto$blifparse.cc:397:parse_blif$27148,$_NOR_,Y,8367
6363,$abc$20785$auto$blifparse.cc:397:parse_blif$27149,$_NOR_,Y,8368
6364,$abc$20785$auto$blifparse.cc:397:parse_blif$27150,$_ORNOT_,Y,8369
6365,$abc$20785$auto$blifparse.cc:397:parse_blif$27151,$_AND_,Y,8370
6366,$abc$20785$auto$blifparse.cc:397:parse_blif$27152,$_XNOR_,Y,8371
6367,$abc$20785$auto$blifparse.cc:397:parse_blif$27153,$_XNOR_,Y,8372
6368,$abc$20785$auto$blifparse.cc:397:parse_blif$27154,$_XNOR_,Y,8373
6369,$abc$20785$auto$blifparse.cc:397:parse_blif$27155,$_XNOR_,Y,8374
6370,$abc$20785$auto$blifparse.cc:397:parse_blif$27156,$_XOR_,Y,8375
6371,$abc$20785$auto$blifparse.cc:397:parse_blif$27157,$_XNOR_,Y,8376
6372,$abc$20785$auto$blifparse.cc:397:parse_blif$27158,$_XNOR_,Y,8377
6373,$abc$20785$auto$blifparse.cc:397:parse_blif$27159,$_XNOR_,Y,8378
6374,$abc$20785$auto$blifparse.cc:397:parse_blif$27160,$_XNOR_,Y,8379
6375,$abc$20785$auto$blifparse.cc:397:parse_blif$27161,$_XNOR_,Y,8380
6376,$abc$20785$auto$blifparse.cc:397:parse_blif$27162,$_XNOR_,Y,8381
6377,$abc$20785$auto$blifparse.cc:397:parse_blif$27163,$_XNOR_,Y,8382
6378,$abc$20785$auto$blifparse.cc:397:parse_blif$27164,$_XOR_,Y,8383
6379,$abc$20785$auto$blifparse.cc:397:parse_blif$27165,$_XNOR_,Y,8384
6380,$abc$20785$auto$blifparse.cc:397:parse_blif$27166,$_XNOR_,Y,8385
6381,$abc$20785$auto$blifparse.cc:397:parse_blif$27167,$_XNOR_,Y,8386
6382,$abc$20785$auto$blifparse.cc:397:parse_blif$27168,$_AND_,Y,8387
6383,$abc$20785$auto$blifparse.cc:397:parse_blif$27169,$_AND_,Y,8388
6384,$abc$20785$auto$blifparse.cc:397:parse_blif$27170,$_AND_,Y,8389
6385,$abc$20785$auto$blifparse.cc:397:parse_blif$27171,$_ANDNOT_,Y,8390
6386,$abc$20785$auto$blifparse.cc:397:parse_blif$27172,$_AND_,Y,8391
6387,$abc$20785$auto$blifparse.cc:397:parse_blif$27173,$_NAND_,Y,8392
6388,$abc$20785$auto$blifparse.cc:397:parse_blif$27174,$_NAND_,Y,8393
6389,$abc$20785$auto$blifparse.cc:397:parse_blif$27175,$_ORNOT_,Y,8394
6390,$abc$20785$auto$blifparse.cc:397:parse_blif$27176,$_AND_,Y,8395
6391,$abc$20785$auto$blifparse.cc:397:parse_blif$27177,$_ANDNOT_,Y,8396
6392,$abc$20785$auto$blifparse.cc:397:parse_blif$27178,$_NAND_,Y,8397
6393,$abc$20785$auto$blifparse.cc:397:parse_blif$27179,$_AND_,Y,8398
6394,$abc$20785$auto$blifparse.cc:397:parse_blif$27180,$_AND_,Y,8399
6395,$abc$20785$auto$blifparse.cc:397:parse_blif$27181,$_NOR_,Y,8400
6396,$abc$20785$auto$blifparse.cc:397:parse_blif$27182,$_ANDNOT_,Y,8401
6397,$abc$20785$auto$blifparse.cc:397:parse_blif$27183,$_ORNOT_,Y,8402
6398,$abc$20785$auto$blifparse.cc:397:parse_blif$27184,$_OR_,Y,8403
6399,$abc$20785$auto$blifparse.cc:397:parse_blif$27185,$_XNOR_,Y,8404
6400,$abc$20785$auto$blifparse.cc:397:parse_blif$27186,$_XNOR_,Y,8405
6401,$abc$20785$auto$blifparse.cc:397:parse_blif$27187,$_XOR_,Y,8406
6402,$abc$20785$auto$blifparse.cc:397:parse_blif$27188,$_XNOR_,Y,8407
6403,$abc$20785$auto$blifparse.cc:397:parse_blif$27189,$_XNOR_,Y,8408
6404,$abc$20785$auto$blifparse.cc:397:parse_blif$27190,$_XNOR_,Y,8409
6405,$abc$20785$auto$blifparse.cc:397:parse_blif$27191,$_XNOR_,Y,8410
6406,$abc$20785$auto$blifparse.cc:397:parse_blif$27192,$_XNOR_,Y,8411
6407,$abc$20785$auto$blifparse.cc:397:parse_blif$27193,$_XOR_,Y,8412
6408,$abc$20785$auto$blifparse.cc:397:parse_blif$27194,$_XNOR_,Y,8413
6409,$abc$20785$auto$blifparse.cc:397:parse_blif$27195,$_XNOR_,Y,8414
6410,$abc$20785$auto$blifparse.cc:397:parse_blif$27196,$_XNOR_,Y,8415
6411,$abc$20785$auto$blifparse.cc:397:parse_blif$27197,$_XNOR_,Y,8416
6412,$abc$20785$auto$blifparse.cc:397:parse_blif$27198,$_XNOR_,Y,8417
6413,$abc$20785$auto$blifparse.cc:397:parse_blif$27199,$_NAND_,Y,8418
6414,$abc$20785$auto$blifparse.cc:397:parse_blif$27200,$_AND_,Y,8419
6415,$abc$20785$auto$blifparse.cc:397:parse_blif$27201,$_XNOR_,Y,8420
6416,$abc$20785$auto$blifparse.cc:397:parse_blif$27202,$_AND_,Y,8421
6417,$abc$20785$auto$blifparse.cc:397:parse_blif$27203,$_NOR_,Y,8422
6418,$abc$20785$auto$blifparse.cc:397:parse_blif$27204,$_ANDNOT_,Y,8423
6419,$abc$20785$auto$blifparse.cc:397:parse_blif$27205,$_ORNOT_,Y,8424
6420,$abc$20785$auto$blifparse.cc:397:parse_blif$27206,$_AND_,Y,8425
6421,$abc$20785$auto$blifparse.cc:397:parse_blif$27207,$_XNOR_,Y,8426
6422,$abc$20785$auto$blifparse.cc:397:parse_blif$27208,$_XNOR_,Y,8427
6423,$abc$20785$auto$blifparse.cc:397:parse_blif$27209,$_XNOR_,Y,8428
6424,$abc$20785$auto$blifparse.cc:397:parse_blif$27210,$_XNOR_,Y,8429
6425,$abc$20785$auto$blifparse.cc:397:parse_blif$27211,$_XNOR_,Y,8430
6426,$abc$20785$auto$blifparse.cc:397:parse_blif$27212,$_XNOR_,Y,8431
6427,$abc$20785$auto$blifparse.cc:397:parse_blif$27213,$_XOR_,Y,8432
6428,$abc$20785$auto$blifparse.cc:397:parse_blif$27214,$_XNOR_,Y,8433
6429,$abc$20785$auto$blifparse.cc:397:parse_blif$27215,$_XNOR_,Y,8434
6430,$abc$20785$auto$blifparse.cc:397:parse_blif$27216,$_XNOR_,Y,8435
6431,$abc$20785$auto$blifparse.cc:397:parse_blif$27217,$_XNOR_,Y,8436
6432,$abc$20785$auto$blifparse.cc:397:parse_blif$27218,$_XOR_,Y,8437
6433,$abc$20785$auto$blifparse.cc:397:parse_blif$27219,$_XOR_,Y,8438
6434,$abc$20785$auto$blifparse.cc:397:parse_blif$27220,$_OR_,Y,8439
6435,$abc$20785$auto$blifparse.cc:397:parse_blif$27221,$_AND_,Y,8440
6436,$abc$20785$auto$blifparse.cc:397:parse_blif$27222,$_OR_,Y,8441
6437,$abc$20785$auto$blifparse.cc:397:parse_blif$27223,$_AND_,Y,8442
6438,$abc$20785$auto$blifparse.cc:397:parse_blif$27224,$_AND_,Y,8443
6439,$abc$20785$auto$blifparse.cc:397:parse_blif$27225,$_NOR_,Y,8444
6440,$abc$20785$auto$blifparse.cc:397:parse_blif$27226,$_ORNOT_,Y,8445
6441,$abc$20785$auto$blifparse.cc:397:parse_blif$27227,$_AND_,Y,8446
6442,$abc$20785$auto$blifparse.cc:397:parse_blif$27228,$_XNOR_,Y,8447
6443,$abc$20785$auto$blifparse.cc:397:parse_blif$27229,$_XNOR_,Y,8448
6444,$abc$20785$auto$blifparse.cc:397:parse_blif$27230,$_XNOR_,Y,8449
6445,$abc$20785$auto$blifparse.cc:397:parse_blif$27231,$_XNOR_,Y,8450
6446,$abc$20785$auto$blifparse.cc:397:parse_blif$27232,$_XOR_,Y,8451
6447,$abc$20785$auto$blifparse.cc:397:parse_blif$27233,$_XNOR_,Y,8452
6448,$abc$20785$auto$blifparse.cc:397:parse_blif$27234,$_XNOR_,Y,8453
6449,$abc$20785$auto$blifparse.cc:397:parse_blif$27235,$_XNOR_,Y,8454
6450,$abc$20785$auto$blifparse.cc:397:parse_blif$27236,$_XNOR_,Y,8455
6451,$abc$20785$auto$blifparse.cc:397:parse_blif$27237,$_XNOR_,Y,8456
6452,$abc$20785$auto$blifparse.cc:397:parse_blif$27238,$_XOR_,Y,8457
6453,$abc$20785$auto$blifparse.cc:397:parse_blif$27239,$_XNOR_,Y,8458
6454,$abc$20785$auto$blifparse.cc:397:parse_blif$27240,$_XNOR_,Y,8459
6455,$abc$20785$auto$blifparse.cc:397:parse_blif$27241,$_XNOR_,Y,8460
6456,$abc$20785$auto$blifparse.cc:397:parse_blif$27242,$_XOR_,Y,8461
6457,$abc$20785$auto$blifparse.cc:397:parse_blif$27243,$_XNOR_,Y,8462
6458,$abc$20785$auto$blifparse.cc:397:parse_blif$27244,$_AND_,Y,8463
6459,$abc$20785$auto$blifparse.cc:397:parse_blif$27245,$_AND_,Y,8464
6460,$abc$20785$auto$blifparse.cc:397:parse_blif$27246,$_AND_,Y,8465
6461,$abc$20785$auto$blifparse.cc:397:parse_blif$27247,$_AND_,Y,8466
6462,$abc$20785$auto$blifparse.cc:397:parse_blif$27248,$_AND_,Y,8467
6463,$abc$20785$auto$blifparse.cc:397:parse_blif$27249,$_OR_,Y,8468
6464,$abc$20785$auto$blifparse.cc:397:parse_blif$27250,$_AND_,Y,8469
6465,$abc$20785$auto$blifparse.cc:397:parse_blif$27251,$_AND_,Y,8470
6466,$abc$20785$auto$blifparse.cc:397:parse_blif$27252,$_XNOR_,Y,8471
6467,$abc$20785$auto$blifparse.cc:397:parse_blif$27253,$_XNOR_,Y,8472
6468,$abc$20785$auto$blifparse.cc:397:parse_blif$27254,$_XNOR_,Y,8473
6469,$abc$20785$auto$blifparse.cc:397:parse_blif$27255,$_XNOR_,Y,8474
6470,$abc$20785$auto$blifparse.cc:397:parse_blif$27256,$_XOR_,Y,8475
6471,$abc$20785$auto$blifparse.cc:397:parse_blif$27257,$_XNOR_,Y,8476
6472,$abc$20785$auto$blifparse.cc:397:parse_blif$27258,$_XNOR_,Y,8477
6473,$abc$20785$auto$blifparse.cc:397:parse_blif$27259,$_XNOR_,Y,8478
6474,$abc$20785$auto$blifparse.cc:397:parse_blif$27260,$_XNOR_,Y,8479
6475,$abc$20785$auto$blifparse.cc:397:parse_blif$27261,$_XNOR_,Y,8480
6476,$abc$20785$auto$blifparse.cc:397:parse_blif$27262,$_XNOR_,Y,8481
6477,$abc$20785$auto$blifparse.cc:397:parse_blif$27263,$_XNOR_,Y,8482
6478,$abc$20785$auto$blifparse.cc:397:parse_blif$27264,$_XNOR_,Y,8483
6479,$abc$20785$auto$blifparse.cc:397:parse_blif$27265,$_XNOR_,Y,8484
6480,$abc$20785$auto$blifparse.cc:397:parse_blif$27266,$_XNOR_,Y,8485
6481,$abc$20785$auto$blifparse.cc:397:parse_blif$27267,$_XNOR_,Y,8486
6482,$abc$20785$auto$blifparse.cc:397:parse_blif$27268,$_NOR_,Y,8487
6483,$abc$20785$auto$blifparse.cc:397:parse_blif$27269,$_ORNOT_,Y,8488
6484,$abc$20785$auto$blifparse.cc:397:parse_blif$27270,$_AND_,Y,8489
6485,$abc$20785$auto$blifparse.cc:397:parse_blif$27271,$_OR_,Y,8490
6486,$abc$20785$auto$blifparse.cc:397:parse_blif$27272,$_AND_,Y,8491
6487,$abc$20785$auto$blifparse.cc:397:parse_blif$27273,$_OR_,Y,8492
6488,$abc$20785$auto$blifparse.cc:397:parse_blif$27274,$_OR_,Y,8493
6489,$abc$20785$auto$blifparse.cc:397:parse_blif$27275,$_XNOR_,Y,8494
6490,$abc$20785$auto$blifparse.cc:397:parse_blif$27276,$_XNOR_,Y,8495
6491,$abc$20785$auto$blifparse.cc:397:parse_blif$27277,$_XOR_,Y,8496
6492,$abc$20785$auto$blifparse.cc:397:parse_blif$27278,$_XNOR_,Y,8497
6493,$abc$20785$auto$blifparse.cc:397:parse_blif$27279,$_XOR_,Y,8498
6494,$abc$20785$auto$blifparse.cc:397:parse_blif$27280,$_XNOR_,Y,8499
6495,$abc$20785$auto$blifparse.cc:397:parse_blif$27281,$_XNOR_,Y,8500
6496,$abc$20785$auto$blifparse.cc:397:parse_blif$27282,$_XNOR_,Y,8501
6497,$abc$20785$auto$blifparse.cc:397:parse_blif$27283,$_XOR_,Y,8502
6498,$abc$20785$auto$blifparse.cc:397:parse_blif$27284,$_XNOR_,Y,8503
6499,$abc$20785$auto$blifparse.cc:397:parse_blif$27285,$_XNOR_,Y,8504
6500,$abc$20785$auto$blifparse.cc:397:parse_blif$27286,$_XNOR_,Y,8505
6501,$abc$20785$auto$blifparse.cc:397:parse_blif$27287,$_XNOR_,Y,8506
6502,$abc$20785$auto$blifparse.cc:397:parse_blif$27288,$_XNOR_,Y,8507
6503,$abc$20785$auto$blifparse.cc:397:parse_blif$27289,$_XOR_,Y,8508
6504,$abc$20785$auto$blifparse.cc:397:parse_blif$27290,$_XNOR_,Y,8509
6505,$abc$20785$auto$blifparse.cc:397:parse_blif$27291,$_NAND_,Y,8510
6506,$abc$20785$auto$blifparse.cc:397:parse_blif$27292,$_NAND_,Y,8511
6507,$abc$20785$auto$blifparse.cc:397:parse_blif$27293,$_NAND_,Y,8512
6508,$abc$20785$auto$blifparse.cc:397:parse_blif$27294,$_XOR_,Y,8513
6509,$abc$20785$auto$blifparse.cc:397:parse_blif$27295,$_NAND_,Y,8514
6510,$abc$20785$auto$blifparse.cc:397:parse_blif$27296,$_OR_,Y,8515
6511,$abc$20785$auto$blifparse.cc:397:parse_blif$27297,$_NAND_,Y,8516
6512,$abc$20785$auto$blifparse.cc:397:parse_blif$27298,$_NAND_,Y,8517
6513,$abc$20785$auto$blifparse.cc:397:parse_blif$27299,$_AND_,Y,8518
6514,$abc$20785$auto$blifparse.cc:397:parse_blif$27300,$_XOR_,Y,8519
6515,$abc$20785$auto$blifparse.cc:397:parse_blif$27301,$_NAND_,Y,8520
6516,$abc$20785$auto$blifparse.cc:397:parse_blif$27302,$_NAND_,Y,8521
6517,$abc$20785$auto$blifparse.cc:397:parse_blif$27303,$_XOR_,Y,8522
6518,$abc$20785$auto$blifparse.cc:397:parse_blif$27304,$_NAND_,Y,8523
6519,$abc$20785$auto$blifparse.cc:397:parse_blif$27305,$_NAND_,Y,8524
6520,$abc$20785$auto$blifparse.cc:397:parse_blif$27306,$_NAND_,Y,8525
6521,$abc$20785$auto$blifparse.cc:397:parse_blif$27307,$_NAND_,Y,8526
6522,$abc$20785$auto$blifparse.cc:397:parse_blif$27308,$_NAND_,Y,8527
6523,$abc$20785$auto$blifparse.cc:397:parse_blif$27309,$_NAND_,Y,8528
6524,$abc$20785$auto$blifparse.cc:397:parse_blif$27310,$_XOR_,Y,8529
6525,$abc$20785$auto$blifparse.cc:397:parse_blif$27311,$_NAND_,Y,8530
6526,$abc$20785$auto$blifparse.cc:397:parse_blif$27312,$_NAND_,Y,8531
6527,$abc$20785$auto$blifparse.cc:397:parse_blif$27313,$_XOR_,Y,8532
6528,$abc$20785$auto$blifparse.cc:397:parse_blif$27314,$_NAND_,Y,8533
6529,$abc$20785$auto$blifparse.cc:397:parse_blif$27315,$_NAND_,Y,8534
6530,$abc$20785$auto$blifparse.cc:397:parse_blif$27316,$_NAND_,Y,8535
6531,$abc$20785$auto$blifparse.cc:397:parse_blif$27317,$_OR_,Y,8536
6532,$abc$20785$auto$blifparse.cc:397:parse_blif$27318,$_AND_,Y,8537
6533,$abc$20785$auto$blifparse.cc:397:parse_blif$27319,$_XNOR_,Y,8538
6534,$abc$20785$auto$blifparse.cc:397:parse_blif$27320,$_XNOR_,Y,8539
6535,$abc$20785$auto$blifparse.cc:397:parse_blif$27321,$_XNOR_,Y,8540
6536,$abc$20785$auto$blifparse.cc:397:parse_blif$27322,$_XNOR_,Y,8541
6537,$abc$20785$auto$blifparse.cc:397:parse_blif$27323,$_XNOR_,Y,8542
6538,$abc$20785$auto$blifparse.cc:397:parse_blif$27324,$_XNOR_,Y,8543
6539,$abc$20785$auto$blifparse.cc:397:parse_blif$27325,$_XOR_,Y,8544
6540,$abc$20785$auto$blifparse.cc:397:parse_blif$27326,$_XOR_,Y,8545
6541,$abc$20785$auto$blifparse.cc:397:parse_blif$27327,$_AND_,Y,8546
6542,$abc$20785$auto$blifparse.cc:397:parse_blif$27328,$_XNOR_,Y,8547
6543,$abc$20785$auto$blifparse.cc:397:parse_blif$27329,$_XNOR_,Y,8548
6544,$abc$20785$auto$blifparse.cc:397:parse_blif$27330,$_XNOR_,Y,8549
6545,$abc$20785$auto$blifparse.cc:397:parse_blif$27331,$_XNOR_,Y,8550
6546,$abc$20785$auto$blifparse.cc:397:parse_blif$27332,$_XNOR_,Y,8551
6547,$abc$20785$auto$blifparse.cc:397:parse_blif$27333,$_XNOR_,Y,8552
6548,$abc$20785$auto$blifparse.cc:397:parse_blif$27334,$_XNOR_,Y,8553
6549,$abc$20785$auto$blifparse.cc:397:parse_blif$27335,$_XNOR_,Y,8554
6550,$abc$20785$auto$blifparse.cc:397:parse_blif$27336,$_NAND_,Y,8555
6551,$abc$20785$auto$blifparse.cc:397:parse_blif$27337,$_XOR_,Y,8556
6552,$abc$20785$auto$blifparse.cc:397:parse_blif$27338,$_OR_,Y,8557
6553,$abc$20785$auto$blifparse.cc:397:parse_blif$27339,$_NAND_,Y,8558
6554,$abc$20785$auto$blifparse.cc:397:parse_blif$27340,$_NAND_,Y,8559
6555,$abc$20785$auto$blifparse.cc:397:parse_blif$27341,$_XOR_,Y,8560
6556,$abc$20785$auto$blifparse.cc:397:parse_blif$27342,$_OR_,Y,8561
6557,$abc$20785$auto$blifparse.cc:397:parse_blif$27343,$_NAND_,Y,8562
6558,$abc$20785$auto$blifparse.cc:397:parse_blif$27344,$_NAND_,Y,8563
6559,$abc$20785$auto$blifparse.cc:397:parse_blif$27345,$_XOR_,Y,8564
6560,$abc$20785$auto$blifparse.cc:397:parse_blif$27346,$_NAND_,Y,8565
6561,$abc$20785$auto$blifparse.cc:397:parse_blif$27347,$_OR_,Y,8566
6562,$abc$20785$auto$blifparse.cc:397:parse_blif$27348,$_NAND_,Y,8567
6563,$abc$20785$auto$blifparse.cc:397:parse_blif$27349,$_XOR_,Y,8568
6564,$abc$20785$auto$blifparse.cc:397:parse_blif$27350,$_NAND_,Y,8569
6565,$abc$20785$auto$blifparse.cc:397:parse_blif$27351,$_NAND_,Y,8570
6566,$abc$20785$auto$blifparse.cc:397:parse_blif$27352,$_NAND_,Y,8571
6567,$abc$20785$auto$blifparse.cc:397:parse_blif$27353,$_NAND_,Y,8572
6568,$abc$20785$auto$blifparse.cc:397:parse_blif$27354,$_NAND_,Y,8573
6569,$abc$20785$auto$blifparse.cc:397:parse_blif$27355,$_NAND_,Y,8574
6570,$abc$20785$auto$blifparse.cc:397:parse_blif$27356,$_NAND_,Y,8575
6571,$abc$20785$auto$blifparse.cc:397:parse_blif$27357,$_AND_,Y,8576
6572,$abc$20785$auto$blifparse.cc:397:parse_blif$27358,$_NAND_,Y,8577
6573,$abc$20785$auto$blifparse.cc:397:parse_blif$27359,$_AND_,Y,8578
6574,$abc$20785$auto$blifparse.cc:397:parse_blif$27360,$_NAND_,Y,8579
6575,$abc$20785$auto$blifparse.cc:397:parse_blif$27361,$_AND_,Y,8580
6576,$abc$20785$auto$blifparse.cc:397:parse_blif$27362,$_NAND_,Y,8581
6577,$abc$20785$auto$blifparse.cc:397:parse_blif$27363,$_AND_,Y,8582
6578,$abc$20785$auto$blifparse.cc:397:parse_blif$27364,$_NAND_,Y,8583
6579,$abc$20785$auto$blifparse.cc:397:parse_blif$27365,$_NAND_,Y,8584
6580,$abc$20785$auto$blifparse.cc:397:parse_blif$27366,$_NAND_,Y,8585
6581,$abc$20785$auto$blifparse.cc:397:parse_blif$27367,$_OR_,Y,8586
6582,$abc$20785$auto$blifparse.cc:397:parse_blif$27368,$_AND_,Y,8587
6583,$abc$20785$auto$blifparse.cc:397:parse_blif$27369,$_XNOR_,Y,8588
6584,$abc$20785$auto$blifparse.cc:397:parse_blif$27370,$_XNOR_,Y,8589
6585,$abc$20785$auto$blifparse.cc:397:parse_blif$27371,$_XNOR_,Y,8590
6586,$abc$20785$auto$blifparse.cc:397:parse_blif$27372,$_XNOR_,Y,8591
6587,$abc$20785$auto$blifparse.cc:397:parse_blif$27373,$_AND_,Y,8592
6588,$abc$20785$auto$blifparse.cc:397:parse_blif$27374,$_XNOR_,Y,8593
6589,$abc$20785$auto$blifparse.cc:397:parse_blif$27375,$_XOR_,Y,8594
6590,$abc$20785$auto$blifparse.cc:397:parse_blif$27376,$_XNOR_,Y,8595
6591,$abc$20785$auto$blifparse.cc:397:parse_blif$27377,$_XNOR_,Y,8596
6592,$abc$20785$auto$blifparse.cc:397:parse_blif$27378,$_AND_,Y,8597
6593,$abc$20785$auto$blifparse.cc:397:parse_blif$27379,$_XNOR_,Y,8598
6594,$abc$20785$auto$blifparse.cc:397:parse_blif$27380,$_XOR_,Y,8599
6595,$abc$20785$auto$blifparse.cc:397:parse_blif$27381,$_XOR_,Y,8600
6596,$abc$20785$auto$blifparse.cc:397:parse_blif$27382,$_XOR_,Y,8601
6597,$abc$20785$auto$blifparse.cc:397:parse_blif$27383,$_AND_,Y,8602
6598,$abc$20785$auto$blifparse.cc:397:parse_blif$27384,$_XNOR_,Y,8603
6599,$abc$20785$auto$blifparse.cc:397:parse_blif$27385,$_XNOR_,Y,8604
6600,$abc$20785$auto$blifparse.cc:397:parse_blif$27386,$_XOR_,Y,8605
6601,$abc$20785$auto$blifparse.cc:397:parse_blif$27387,$_XOR_,Y,8606
6602,$abc$20785$auto$blifparse.cc:397:parse_blif$27388,$_NAND_,Y,8607
6603,$abc$20785$auto$blifparse.cc:397:parse_blif$27389,$_XOR_,Y,8608
6604,$abc$20785$auto$blifparse.cc:397:parse_blif$27390,$_OR_,Y,8609
6605,$abc$20785$auto$blifparse.cc:397:parse_blif$27391,$_NAND_,Y,8610
6606,$abc$20785$auto$blifparse.cc:397:parse_blif$27392,$_NAND_,Y,8611
6607,$abc$20785$auto$blifparse.cc:397:parse_blif$27393,$_XOR_,Y,8612
6608,$abc$20785$auto$blifparse.cc:397:parse_blif$27394,$_OR_,Y,8613
6609,$abc$20785$auto$blifparse.cc:397:parse_blif$27395,$_NAND_,Y,8614
6610,$abc$20785$auto$blifparse.cc:397:parse_blif$27396,$_NAND_,Y,8615
6611,$abc$20785$auto$blifparse.cc:397:parse_blif$27397,$_XOR_,Y,8616
6612,$abc$20785$auto$blifparse.cc:397:parse_blif$27398,$_NAND_,Y,8617
6613,$abc$20785$auto$blifparse.cc:397:parse_blif$27399,$_OR_,Y,8618
6614,$abc$20785$auto$blifparse.cc:397:parse_blif$27400,$_NAND_,Y,8619
6615,$abc$20785$auto$blifparse.cc:397:parse_blif$27401,$_XOR_,Y,8620
6616,$abc$20785$auto$blifparse.cc:397:parse_blif$27402,$_NAND_,Y,8621
6617,$abc$20785$auto$blifparse.cc:397:parse_blif$27403,$_NAND_,Y,8622
6618,$abc$20785$auto$blifparse.cc:397:parse_blif$27404,$_NAND_,Y,8623
6619,$abc$20785$auto$blifparse.cc:397:parse_blif$27405,$_NAND_,Y,8624
6620,$abc$20785$auto$blifparse.cc:397:parse_blif$27406,$_NAND_,Y,8625
6621,$abc$20785$auto$blifparse.cc:397:parse_blif$27407,$_NAND_,Y,8626
6622,$abc$20785$auto$blifparse.cc:397:parse_blif$27408,$_NAND_,Y,8627
6623,$abc$20785$auto$blifparse.cc:397:parse_blif$27409,$_AND_,Y,8628
6624,$abc$20785$auto$blifparse.cc:397:parse_blif$27410,$_NAND_,Y,8629
6625,$abc$20785$auto$blifparse.cc:397:parse_blif$27411,$_AND_,Y,8630
6626,$abc$20785$auto$blifparse.cc:397:parse_blif$27412,$_NAND_,Y,8631
6627,$abc$20785$auto$blifparse.cc:397:parse_blif$27413,$_AND_,Y,8632
6628,$abc$20785$auto$blifparse.cc:397:parse_blif$27414,$_NAND_,Y,8633
6629,$abc$20785$auto$blifparse.cc:397:parse_blif$27415,$_AND_,Y,8634
6630,$abc$20785$auto$blifparse.cc:397:parse_blif$27416,$_NAND_,Y,8635
6631,$abc$20785$auto$blifparse.cc:397:parse_blif$27417,$_NAND_,Y,8636
6632,$abc$20785$auto$blifparse.cc:397:parse_blif$27418,$_NAND_,Y,8637
6633,$abc$20785$auto$blifparse.cc:397:parse_blif$27419,$_OR_,Y,8638
6634,$abc$20785$auto$blifparse.cc:397:parse_blif$27420,$_AND_,Y,8639
6635,$abc$20785$auto$blifparse.cc:397:parse_blif$27421,$_XNOR_,Y,8640
6636,$abc$20785$auto$blifparse.cc:397:parse_blif$27422,$_XNOR_,Y,8641
6637,$abc$20785$auto$blifparse.cc:397:parse_blif$27423,$_XNOR_,Y,8642
6638,$abc$20785$auto$blifparse.cc:397:parse_blif$27424,$_XNOR_,Y,8643
6639,$abc$20785$auto$blifparse.cc:397:parse_blif$27425,$_AND_,Y,8644
6640,$abc$20785$auto$blifparse.cc:397:parse_blif$27426,$_XNOR_,Y,8645
6641,$abc$20785$auto$blifparse.cc:397:parse_blif$27427,$_XOR_,Y,8646
6642,$abc$20785$auto$blifparse.cc:397:parse_blif$27428,$_XNOR_,Y,8647
6643,$abc$20785$auto$blifparse.cc:397:parse_blif$27429,$_XNOR_,Y,8648
6644,$abc$20785$auto$blifparse.cc:397:parse_blif$27430,$_AND_,Y,8649
6645,$abc$20785$auto$blifparse.cc:397:parse_blif$27431,$_XNOR_,Y,8650
6646,$abc$20785$auto$blifparse.cc:397:parse_blif$27432,$_XOR_,Y,8651
6647,$abc$20785$auto$blifparse.cc:397:parse_blif$27433,$_XOR_,Y,8652
6648,$abc$20785$auto$blifparse.cc:397:parse_blif$27434,$_XOR_,Y,8653
6649,$abc$20785$auto$blifparse.cc:397:parse_blif$27435,$_AND_,Y,8654
6650,$abc$20785$auto$blifparse.cc:397:parse_blif$27436,$_XNOR_,Y,8655
6651,$abc$20785$auto$blifparse.cc:397:parse_blif$27437,$_XNOR_,Y,8656
6652,$abc$20785$auto$blifparse.cc:397:parse_blif$27438,$_XNOR_,Y,8657
6653,$abc$20785$auto$blifparse.cc:397:parse_blif$27439,$_XNOR_,Y,8658
6654,$abc$20785$auto$blifparse.cc:397:parse_blif$27440,$_NAND_,Y,8659
6655,$abc$20785$auto$blifparse.cc:397:parse_blif$27441,$_XOR_,Y,8660
6656,$abc$20785$auto$blifparse.cc:397:parse_blif$27442,$_NAND_,Y,8661
6657,$abc$20785$auto$blifparse.cc:397:parse_blif$27443,$_OR_,Y,8662
6658,$abc$20785$auto$blifparse.cc:397:parse_blif$27444,$_NAND_,Y,8663
6659,$abc$20785$auto$blifparse.cc:397:parse_blif$27445,$_XOR_,Y,8664
6660,$abc$20785$auto$blifparse.cc:397:parse_blif$27446,$_OR_,Y,8665
6661,$abc$20785$auto$blifparse.cc:397:parse_blif$27447,$_NAND_,Y,8666
6662,$abc$20785$auto$blifparse.cc:397:parse_blif$27448,$_NAND_,Y,8667
6663,$abc$20785$auto$blifparse.cc:397:parse_blif$27449,$_XOR_,Y,8668
6664,$abc$20785$auto$blifparse.cc:397:parse_blif$27450,$_NAND_,Y,8669
6665,$abc$20785$auto$blifparse.cc:397:parse_blif$27451,$_OR_,Y,8670
6666,$abc$20785$auto$blifparse.cc:397:parse_blif$27452,$_NAND_,Y,8671
6667,$abc$20785$auto$blifparse.cc:397:parse_blif$27453,$_XOR_,Y,8672
6668,$abc$20785$auto$blifparse.cc:397:parse_blif$27454,$_NAND_,Y,8673
6669,$abc$20785$auto$blifparse.cc:397:parse_blif$27455,$_NAND_,Y,8674
6670,$abc$20785$auto$blifparse.cc:397:parse_blif$27456,$_NAND_,Y,8675
6671,$abc$20785$auto$blifparse.cc:397:parse_blif$27457,$_NAND_,Y,8676
6672,$abc$20785$auto$blifparse.cc:397:parse_blif$27458,$_NAND_,Y,8677
6673,$abc$20785$auto$blifparse.cc:397:parse_blif$27459,$_NAND_,Y,8678
6674,$abc$20785$auto$blifparse.cc:397:parse_blif$27460,$_NAND_,Y,8679
6675,$abc$20785$auto$blifparse.cc:397:parse_blif$27461,$_AND_,Y,8680
6676,$abc$20785$auto$blifparse.cc:397:parse_blif$27462,$_NAND_,Y,8681
6677,$abc$20785$auto$blifparse.cc:397:parse_blif$27463,$_AND_,Y,8682
6678,$abc$20785$auto$blifparse.cc:397:parse_blif$27464,$_NAND_,Y,8683
6679,$abc$20785$auto$blifparse.cc:397:parse_blif$27465,$_NAND_,Y,8684
6680,$abc$20785$auto$blifparse.cc:397:parse_blif$27466,$_NAND_,Y,8685
6681,$abc$20785$auto$blifparse.cc:397:parse_blif$27467,$_NAND_,Y,8686
6682,$abc$20785$auto$blifparse.cc:397:parse_blif$27468,$_NAND_,Y,8687
6683,$abc$20785$auto$blifparse.cc:397:parse_blif$27469,$_AND_,Y,8688
6684,$abc$20785$auto$blifparse.cc:397:parse_blif$27470,$_XNOR_,Y,8689
6685,$abc$20785$auto$blifparse.cc:397:parse_blif$27471,$_XNOR_,Y,8690
6686,$abc$20785$auto$blifparse.cc:397:parse_blif$27472,$_XNOR_,Y,8691
6687,$abc$20785$auto$blifparse.cc:397:parse_blif$27473,$_XOR_,Y,8692
6688,$abc$20785$auto$blifparse.cc:397:parse_blif$27474,$_XOR_,Y,8693
6689,$abc$20785$auto$blifparse.cc:397:parse_blif$27475,$_AND_,Y,8694
6690,$abc$20785$auto$blifparse.cc:397:parse_blif$27476,$_XNOR_,Y,8695
6691,$abc$20785$auto$blifparse.cc:397:parse_blif$27477,$_XNOR_,Y,8696
6692,$abc$20785$auto$blifparse.cc:397:parse_blif$27478,$_XNOR_,Y,8697
6693,$abc$20785$auto$blifparse.cc:397:parse_blif$27479,$_XNOR_,Y,8698
6694,$abc$20785$auto$blifparse.cc:397:parse_blif$27480,$_AND_,Y,8699
6695,$abc$20785$auto$blifparse.cc:397:parse_blif$27481,$_XNOR_,Y,8700
6696,$abc$20785$auto$blifparse.cc:397:parse_blif$27482,$_XOR_,Y,8701
6697,$abc$20785$auto$blifparse.cc:397:parse_blif$27483,$_XOR_,Y,8702
6698,$abc$20785$auto$blifparse.cc:397:parse_blif$27484,$_XOR_,Y,8703
6699,$abc$20785$auto$blifparse.cc:397:parse_blif$27485,$_AND_,Y,8704
6700,$abc$20785$auto$blifparse.cc:397:parse_blif$27486,$_XNOR_,Y,8705
6701,$abc$20785$auto$blifparse.cc:397:parse_blif$27487,$_XNOR_,Y,8706
6702,$abc$20785$auto$blifparse.cc:397:parse_blif$27488,$_XNOR_,Y,8707
6703,$abc$20785$auto$blifparse.cc:397:parse_blif$27489,$_XNOR_,Y,8708
6704,$abc$20785$auto$blifparse.cc:397:parse_blif$27490,$_NAND_,Y,8709
6705,$abc$20785$auto$blifparse.cc:397:parse_blif$27491,$_NAND_,Y,8710
6706,$abc$20785$auto$blifparse.cc:397:parse_blif$27492,$_NAND_,Y,8711
6707,$abc$20785$auto$blifparse.cc:397:parse_blif$27493,$_XOR_,Y,8712
6708,$abc$20785$auto$blifparse.cc:397:parse_blif$27494,$_NAND_,Y,8713
6709,$abc$20785$auto$blifparse.cc:397:parse_blif$27495,$_OR_,Y,8714
6710,$abc$20785$auto$blifparse.cc:397:parse_blif$27496,$_NAND_,Y,8715
6711,$abc$20785$auto$blifparse.cc:397:parse_blif$27497,$_NAND_,Y,8716
6712,$abc$20785$auto$blifparse.cc:397:parse_blif$27498,$_AND_,Y,8717
6713,$abc$20785$auto$blifparse.cc:397:parse_blif$27499,$_XOR_,Y,8718
6714,$abc$20785$auto$blifparse.cc:397:parse_blif$27500,$_NAND_,Y,8719
6715,$abc$20785$auto$blifparse.cc:397:parse_blif$27501,$_NAND_,Y,8720
6716,$abc$20785$auto$blifparse.cc:397:parse_blif$27502,$_XOR_,Y,8721
6717,$abc$20785$auto$blifparse.cc:397:parse_blif$27503,$_NAND_,Y,8722
6718,$abc$20785$auto$blifparse.cc:397:parse_blif$27504,$_NAND_,Y,8723
6719,$abc$20785$auto$blifparse.cc:397:parse_blif$27505,$_NAND_,Y,8724
6720,$abc$20785$auto$blifparse.cc:397:parse_blif$27506,$_NAND_,Y,8725
6721,$abc$20785$auto$blifparse.cc:397:parse_blif$27507,$_NAND_,Y,8726
6722,$abc$20785$auto$blifparse.cc:397:parse_blif$27508,$_NAND_,Y,8727
6723,$abc$20785$auto$blifparse.cc:397:parse_blif$27509,$_XOR_,Y,8728
6724,$abc$20785$auto$blifparse.cc:397:parse_blif$27510,$_NAND_,Y,8729
6725,$abc$20785$auto$blifparse.cc:397:parse_blif$27511,$_NAND_,Y,8730
6726,$abc$20785$auto$blifparse.cc:397:parse_blif$27512,$_XOR_,Y,8731
6727,$abc$20785$auto$blifparse.cc:397:parse_blif$27513,$_NAND_,Y,8732
6728,$abc$20785$auto$blifparse.cc:397:parse_blif$27514,$_NAND_,Y,8733
6729,$abc$20785$auto$blifparse.cc:397:parse_blif$27515,$_NAND_,Y,8734
6730,$abc$20785$auto$blifparse.cc:397:parse_blif$27516,$_OR_,Y,8735
6731,$abc$20785$auto$blifparse.cc:397:parse_blif$27517,$_AND_,Y,8736
6732,$abc$20785$auto$blifparse.cc:397:parse_blif$27518,$_XNOR_,Y,8737
6733,$abc$20785$auto$blifparse.cc:397:parse_blif$27519,$_XNOR_,Y,8738
6734,$abc$20785$auto$blifparse.cc:397:parse_blif$27520,$_XNOR_,Y,8739
6735,$abc$20785$auto$blifparse.cc:397:parse_blif$27521,$_XNOR_,Y,8740
6736,$abc$20785$auto$blifparse.cc:397:parse_blif$27522,$_XNOR_,Y,8741
6737,$abc$20785$auto$blifparse.cc:397:parse_blif$27523,$_XNOR_,Y,8742
6738,$abc$20785$auto$blifparse.cc:397:parse_blif$27524,$_XOR_,Y,8743
6739,$abc$20785$auto$blifparse.cc:397:parse_blif$27525,$_XOR_,Y,8744
6740,$abc$20785$auto$blifparse.cc:397:parse_blif$27526,$_AND_,Y,8745
6741,$abc$20785$auto$blifparse.cc:397:parse_blif$27527,$_XNOR_,Y,8746
6742,$abc$20785$auto$blifparse.cc:397:parse_blif$27528,$_XNOR_,Y,8747
6743,$abc$20785$auto$blifparse.cc:397:parse_blif$27529,$_XNOR_,Y,8748
6744,$abc$20785$auto$blifparse.cc:397:parse_blif$27530,$_XNOR_,Y,8749
6745,$abc$20785$auto$blifparse.cc:397:parse_blif$27531,$_XNOR_,Y,8750
6746,$abc$20785$auto$blifparse.cc:397:parse_blif$27532,$_XNOR_,Y,8751
6747,$abc$20785$auto$blifparse.cc:397:parse_blif$27533,$_XNOR_,Y,8752
6748,$abc$20785$auto$blifparse.cc:397:parse_blif$27534,$_XNOR_,Y,8753
6749,$abc$20785$auto$blifparse.cc:397:parse_blif$27535,$_NAND_,Y,8754
6750,$abc$20785$auto$blifparse.cc:397:parse_blif$27536,$_XOR_,Y,8755
6751,$abc$20785$auto$blifparse.cc:397:parse_blif$27537,$_NAND_,Y,8756
6752,$abc$20785$auto$blifparse.cc:397:parse_blif$27538,$_OR_,Y,8757
6753,$abc$20785$auto$blifparse.cc:397:parse_blif$27539,$_NAND_,Y,8758
6754,$abc$20785$auto$blifparse.cc:397:parse_blif$27540,$_XOR_,Y,8759
6755,$abc$20785$auto$blifparse.cc:397:parse_blif$27541,$_OR_,Y,8760
6756,$abc$20785$auto$blifparse.cc:397:parse_blif$27542,$_NAND_,Y,8761
6757,$abc$20785$auto$blifparse.cc:397:parse_blif$27543,$_NAND_,Y,8762
6758,$abc$20785$auto$blifparse.cc:397:parse_blif$27544,$_XOR_,Y,8763
6759,$abc$20785$auto$blifparse.cc:397:parse_blif$27545,$_NAND_,Y,8764
6760,$abc$20785$auto$blifparse.cc:397:parse_blif$27546,$_OR_,Y,8765
6761,$abc$20785$auto$blifparse.cc:397:parse_blif$27547,$_NAND_,Y,8766
6762,$abc$20785$auto$blifparse.cc:397:parse_blif$27548,$_XOR_,Y,8767
6763,$abc$20785$auto$blifparse.cc:397:parse_blif$27549,$_NAND_,Y,8768
6764,$abc$20785$auto$blifparse.cc:397:parse_blif$27550,$_NAND_,Y,8769
6765,$abc$20785$auto$blifparse.cc:397:parse_blif$27551,$_NAND_,Y,8770
6766,$abc$20785$auto$blifparse.cc:397:parse_blif$27552,$_NAND_,Y,8771
6767,$abc$20785$auto$blifparse.cc:397:parse_blif$27553,$_NAND_,Y,8772
6768,$abc$20785$auto$blifparse.cc:397:parse_blif$27554,$_NAND_,Y,8773
6769,$abc$20785$auto$blifparse.cc:397:parse_blif$27555,$_NAND_,Y,8774
6770,$abc$20785$auto$blifparse.cc:397:parse_blif$27556,$_AND_,Y,8775
6771,$abc$20785$auto$blifparse.cc:397:parse_blif$27557,$_NAND_,Y,8776
6772,$abc$20785$auto$blifparse.cc:397:parse_blif$27558,$_AND_,Y,8777
6773,$abc$20785$auto$blifparse.cc:397:parse_blif$27559,$_NAND_,Y,8778
6774,$abc$20785$auto$blifparse.cc:397:parse_blif$27560,$_NAND_,Y,8779
6775,$abc$20785$auto$blifparse.cc:397:parse_blif$27561,$_NAND_,Y,8780
6776,$abc$20785$auto$blifparse.cc:397:parse_blif$27562,$_NAND_,Y,8781
6777,$abc$20785$auto$blifparse.cc:397:parse_blif$27563,$_NAND_,Y,8782
6778,$abc$20785$auto$blifparse.cc:397:parse_blif$27564,$_NAND_,Y,8783
6779,$abc$20785$auto$blifparse.cc:397:parse_blif$27565,$_NAND_,Y,8784
6780,$abc$20785$auto$blifparse.cc:397:parse_blif$27566,$_OR_,Y,8785
6781,$abc$20785$auto$blifparse.cc:397:parse_blif$27567,$_AND_,Y,8786
6782,$abc$20785$auto$blifparse.cc:397:parse_blif$27568,$_XNOR_,Y,8787
6783,$abc$20785$auto$blifparse.cc:397:parse_blif$27569,$_XNOR_,Y,8788
6784,$abc$20785$auto$blifparse.cc:397:parse_blif$27570,$_XOR_,Y,8789
6785,$abc$20785$auto$blifparse.cc:397:parse_blif$27571,$_XOR_,Y,8790
6786,$abc$20785$auto$blifparse.cc:397:parse_blif$27572,$_AND_,Y,8791
6787,$abc$20785$auto$blifparse.cc:397:parse_blif$27573,$_XNOR_,Y,8792
6788,$abc$20785$auto$blifparse.cc:397:parse_blif$27574,$_XNOR_,Y,8793
6789,$abc$20785$auto$blifparse.cc:397:parse_blif$27575,$_XNOR_,Y,8794
6790,$abc$20785$auto$blifparse.cc:397:parse_blif$27576,$_XNOR_,Y,8795
6791,$abc$20785$auto$blifparse.cc:397:parse_blif$27577,$_AND_,Y,8796
6792,$abc$20785$auto$blifparse.cc:397:parse_blif$27578,$_XNOR_,Y,8797
6793,$abc$20785$auto$blifparse.cc:397:parse_blif$27579,$_XOR_,Y,8798
6794,$abc$20785$auto$blifparse.cc:397:parse_blif$27580,$_XOR_,Y,8799
6795,$abc$20785$auto$blifparse.cc:397:parse_blif$27581,$_XOR_,Y,8800
6796,$abc$20785$auto$blifparse.cc:397:parse_blif$27582,$_AND_,Y,8801
6797,$abc$20785$auto$blifparse.cc:397:parse_blif$27583,$_XNOR_,Y,8802
6798,$abc$20785$auto$blifparse.cc:397:parse_blif$27584,$_XNOR_,Y,8803
6799,$abc$20785$auto$blifparse.cc:397:parse_blif$27585,$_XOR_,Y,8804
6800,$abc$20785$auto$blifparse.cc:397:parse_blif$27586,$_XOR_,Y,8805
6801,$abc$20785$auto$blifparse.cc:397:parse_blif$27587,$_NAND_,Y,8806
6802,$abc$20785$auto$blifparse.cc:397:parse_blif$27588,$_XOR_,Y,8807
6803,$abc$20785$auto$blifparse.cc:397:parse_blif$27589,$_OR_,Y,8808
6804,$abc$20785$auto$blifparse.cc:397:parse_blif$27590,$_NAND_,Y,8809
6805,$abc$20785$auto$blifparse.cc:397:parse_blif$27591,$_NAND_,Y,8810
6806,$abc$20785$auto$blifparse.cc:397:parse_blif$27592,$_XOR_,Y,8811
6807,$abc$20785$auto$blifparse.cc:397:parse_blif$27593,$_NAND_,Y,8812
6808,$abc$20785$auto$blifparse.cc:397:parse_blif$27594,$_OR_,Y,8813
6809,$abc$20785$auto$blifparse.cc:397:parse_blif$27595,$_NAND_,Y,8814
6810,$abc$20785$auto$blifparse.cc:397:parse_blif$27596,$_XOR_,Y,8815
6811,$abc$20785$auto$blifparse.cc:397:parse_blif$27597,$_NAND_,Y,8816
6812,$abc$20785$auto$blifparse.cc:397:parse_blif$27598,$_OR_,Y,8817
6813,$abc$20785$auto$blifparse.cc:397:parse_blif$27599,$_NAND_,Y,8818
6814,$abc$20785$auto$blifparse.cc:397:parse_blif$27600,$_XOR_,Y,8819
6815,$abc$20785$auto$blifparse.cc:397:parse_blif$27601,$_NAND_,Y,8820
6816,$abc$20785$auto$blifparse.cc:397:parse_blif$27602,$_NAND_,Y,8821
6817,$abc$20785$auto$blifparse.cc:397:parse_blif$27603,$_NAND_,Y,8822
6818,$abc$20785$auto$blifparse.cc:397:parse_blif$27604,$_NAND_,Y,8823
6819,$abc$20785$auto$blifparse.cc:397:parse_blif$27605,$_NAND_,Y,8824
6820,$abc$20785$auto$blifparse.cc:397:parse_blif$27606,$_NAND_,Y,8825
6821,$abc$20785$auto$blifparse.cc:397:parse_blif$27607,$_NAND_,Y,8826
6822,$abc$20785$auto$blifparse.cc:397:parse_blif$27608,$_NAND_,Y,8827
6823,$abc$20785$auto$blifparse.cc:397:parse_blif$27609,$_NAND_,Y,8828
6824,$abc$20785$auto$blifparse.cc:397:parse_blif$27610,$_NAND_,Y,8829
6825,$abc$20785$auto$blifparse.cc:397:parse_blif$27611,$_NAND_,Y,8830
6826,$abc$20785$auto$blifparse.cc:397:parse_blif$27612,$_AND_,Y,8831
6827,$abc$20785$auto$blifparse.cc:397:parse_blif$27613,$_NAND_,Y,8832
6828,$abc$20785$auto$blifparse.cc:397:parse_blif$27614,$_AND_,Y,8833
6829,$abc$20785$auto$blifparse.cc:397:parse_blif$27615,$_NAND_,Y,8834
6830,$abc$20785$auto$blifparse.cc:397:parse_blif$27616,$_NAND_,Y,8835
6831,$abc$20785$auto$blifparse.cc:397:parse_blif$27617,$_NAND_,Y,8836
6832,$abc$20785$auto$blifparse.cc:397:parse_blif$27618,$_OR_,Y,8837
6833,$abc$20785$auto$blifparse.cc:397:parse_blif$27619,$_AND_,Y,8838
6834,$abc$20785$auto$blifparse.cc:397:parse_blif$27620,$_XNOR_,Y,8839
6835,$abc$20785$auto$blifparse.cc:397:parse_blif$27621,$_XNOR_,Y,8840
6836,$abc$20785$auto$blifparse.cc:397:parse_blif$27622,$_XNOR_,Y,8841
6837,$abc$20785$auto$blifparse.cc:397:parse_blif$27623,$_XNOR_,Y,8842
6838,$abc$20785$auto$blifparse.cc:397:parse_blif$27624,$_AND_,Y,8843
6839,$abc$20785$auto$blifparse.cc:397:parse_blif$27625,$_XNOR_,Y,8844
6840,$abc$20785$auto$blifparse.cc:397:parse_blif$27626,$_XOR_,Y,8845
6841,$abc$20785$auto$blifparse.cc:397:parse_blif$27627,$_XOR_,Y,8846
6842,$abc$20785$auto$blifparse.cc:397:parse_blif$27628,$_XOR_,Y,8847
6843,$abc$20785$auto$blifparse.cc:397:parse_blif$27629,$_AND_,Y,8848
6844,$abc$20785$auto$blifparse.cc:397:parse_blif$27630,$_XNOR_,Y,8849
6845,$abc$20785$auto$blifparse.cc:397:parse_blif$27631,$_XNOR_,Y,8850
6846,$abc$20785$auto$blifparse.cc:397:parse_blif$27632,$_XOR_,Y,8851
6847,$abc$20785$auto$blifparse.cc:397:parse_blif$27633,$_XOR_,Y,8852
6848,$abc$20785$auto$blifparse.cc:397:parse_blif$27634,$_AND_,Y,8853
6849,$abc$20785$auto$blifparse.cc:397:parse_blif$27635,$_XNOR_,Y,8854
6850,$abc$20785$auto$blifparse.cc:397:parse_blif$27636,$_XNOR_,Y,8855
6851,$abc$20785$auto$blifparse.cc:397:parse_blif$27637,$_XNOR_,Y,8856
6852,$abc$20785$auto$blifparse.cc:397:parse_blif$27638,$_XNOR_,Y,8857
6853,$abc$20785$auto$blifparse.cc:397:parse_blif$27639,$_NAND_,Y,8858
6854,$abc$20785$auto$blifparse.cc:397:parse_blif$27640,$_XOR_,Y,8859
6855,$abc$20785$auto$blifparse.cc:397:parse_blif$27641,$_NAND_,Y,8860
6856,$abc$20785$auto$blifparse.cc:397:parse_blif$27642,$_OR_,Y,8861
6857,$abc$20785$auto$blifparse.cc:397:parse_blif$27643,$_NAND_,Y,8862
6858,$abc$20785$auto$blifparse.cc:397:parse_blif$27644,$_XOR_,Y,8863
6859,$abc$20785$auto$blifparse.cc:397:parse_blif$27645,$_NAND_,Y,8864
6860,$abc$20785$auto$blifparse.cc:397:parse_blif$27646,$_OR_,Y,8865
6861,$abc$20785$auto$blifparse.cc:397:parse_blif$27647,$_NAND_,Y,8866
6862,$abc$20785$auto$blifparse.cc:397:parse_blif$27648,$_XOR_,Y,8867
6863,$abc$20785$auto$blifparse.cc:397:parse_blif$27649,$_NAND_,Y,8868
6864,$abc$20785$auto$blifparse.cc:397:parse_blif$27650,$_OR_,Y,8869
6865,$abc$20785$auto$blifparse.cc:397:parse_blif$27651,$_NAND_,Y,8870
6866,$abc$20785$auto$blifparse.cc:397:parse_blif$27652,$_XOR_,Y,8871
6867,$abc$20785$auto$blifparse.cc:397:parse_blif$27653,$_NAND_,Y,8872
6868,$abc$20785$auto$blifparse.cc:397:parse_blif$27654,$_NAND_,Y,8873
6869,$abc$20785$auto$blifparse.cc:397:parse_blif$27655,$_NAND_,Y,8874
6870,$abc$20785$auto$blifparse.cc:397:parse_blif$27656,$_NAND_,Y,8875
6871,$abc$20785$auto$blifparse.cc:397:parse_blif$27657,$_NAND_,Y,8876
6872,$abc$20785$auto$blifparse.cc:397:parse_blif$27658,$_NAND_,Y,8877
6873,$abc$20785$auto$blifparse.cc:397:parse_blif$27659,$_NAND_,Y,8878
6874,$abc$20785$auto$blifparse.cc:397:parse_blif$27660,$_NAND_,Y,8879
6875,$abc$20785$auto$blifparse.cc:397:parse_blif$27661,$_NAND_,Y,8880
6876,$abc$20785$auto$blifparse.cc:397:parse_blif$27662,$_NAND_,Y,8881
6877,$abc$20785$auto$blifparse.cc:397:parse_blif$27663,$_NAND_,Y,8882
6878,$abc$20785$auto$blifparse.cc:397:parse_blif$27664,$_NAND_,Y,8883
6879,$abc$20785$auto$blifparse.cc:397:parse_blif$27665,$_NAND_,Y,8884
6880,$abc$20785$auto$blifparse.cc:397:parse_blif$27666,$_NAND_,Y,8885
6881,$abc$20785$auto$blifparse.cc:397:parse_blif$27667,$_NAND_,Y,8886
6882,$abc$20785$auto$blifparse.cc:397:parse_blif$27668,$_AND_,Y,8887
6883,$abc$20785$auto$blifparse.cc:397:parse_blif$27669,$_XNOR_,Y,8888
6884,$abc$20785$auto$blifparse.cc:397:parse_blif$27670,$_XNOR_,Y,8889
6885,$abc$20785$auto$blifparse.cc:397:parse_blif$27671,$_XNOR_,Y,8890
6886,$abc$20785$auto$blifparse.cc:397:parse_blif$27672,$_XOR_,Y,8891
6887,$abc$20785$auto$blifparse.cc:397:parse_blif$27673,$_XOR_,Y,8892
6888,$abc$20785$auto$blifparse.cc:397:parse_blif$27674,$_AND_,Y,8893
6889,$abc$20785$auto$blifparse.cc:397:parse_blif$27675,$_XNOR_,Y,8894
6890,$abc$20785$auto$blifparse.cc:397:parse_blif$27676,$_XNOR_,Y,8895
6891,$abc$20785$auto$blifparse.cc:397:parse_blif$27677,$_XOR_,Y,8896
6892,$abc$20785$auto$blifparse.cc:397:parse_blif$27678,$_XOR_,Y,8897
6893,$abc$20785$auto$blifparse.cc:397:parse_blif$27679,$_AND_,Y,8898
6894,$abc$20785$auto$blifparse.cc:397:parse_blif$27680,$_XNOR_,Y,8899
6895,$abc$20785$auto$blifparse.cc:397:parse_blif$27681,$_XNOR_,Y,8900
6896,$abc$20785$auto$blifparse.cc:397:parse_blif$27682,$_XOR_,Y,8901
6897,$abc$20785$auto$blifparse.cc:397:parse_blif$27683,$_XOR_,Y,8902
6898,$abc$20785$auto$blifparse.cc:397:parse_blif$27684,$_AND_,Y,8903
6899,$abc$20785$auto$blifparse.cc:397:parse_blif$27685,$_XNOR_,Y,8904
6900,$abc$20785$auto$blifparse.cc:397:parse_blif$27686,$_XNOR_,Y,8905
6901,$abc$20785$auto$blifparse.cc:397:parse_blif$27687,$_XNOR_,Y,8906
6902,$abc$20785$auto$blifparse.cc:397:parse_blif$27688,$_XNOR_,Y,8907
6903,$abc$20785$auto$blifparse.cc:397:parse_blif$27689,$_NAND_,Y,8908
6904,$abc$20785$auto$blifparse.cc:397:parse_blif$27690,$_NAND_,Y,8909
6905,$abc$20785$auto$blifparse.cc:397:parse_blif$27691,$_NAND_,Y,8910
6906,$abc$20785$auto$blifparse.cc:397:parse_blif$27692,$_XOR_,Y,8911
6907,$abc$20785$auto$blifparse.cc:397:parse_blif$27693,$_NAND_,Y,8912
6908,$abc$20785$auto$blifparse.cc:397:parse_blif$27694,$_OR_,Y,8913
6909,$abc$20785$auto$blifparse.cc:397:parse_blif$27695,$_NAND_,Y,8914
6910,$abc$20785$auto$blifparse.cc:397:parse_blif$27696,$_NAND_,Y,8915
6911,$abc$20785$auto$blifparse.cc:397:parse_blif$27697,$_AND_,Y,8916
6912,$abc$20785$auto$blifparse.cc:397:parse_blif$27698,$_XOR_,Y,8917
6913,$abc$20785$auto$blifparse.cc:397:parse_blif$27699,$_NAND_,Y,8918
6914,$abc$20785$auto$blifparse.cc:397:parse_blif$27700,$_NAND_,Y,8919
6915,$abc$20785$auto$blifparse.cc:397:parse_blif$27701,$_XOR_,Y,8920
6916,$abc$20785$auto$blifparse.cc:397:parse_blif$27702,$_NAND_,Y,8921
6917,$abc$20785$auto$blifparse.cc:397:parse_blif$27703,$_NAND_,Y,8922
6918,$abc$20785$auto$blifparse.cc:397:parse_blif$27704,$_NAND_,Y,8923
6919,$abc$20785$auto$blifparse.cc:397:parse_blif$27705,$_NAND_,Y,8924
6920,$abc$20785$auto$blifparse.cc:397:parse_blif$27706,$_NAND_,Y,8925
6921,$abc$20785$auto$blifparse.cc:397:parse_blif$27707,$_NAND_,Y,8926
6922,$abc$20785$auto$blifparse.cc:397:parse_blif$27708,$_XOR_,Y,8927
6923,$abc$20785$auto$blifparse.cc:397:parse_blif$27709,$_NAND_,Y,8928
6924,$abc$20785$auto$blifparse.cc:397:parse_blif$27710,$_NAND_,Y,8929
6925,$abc$20785$auto$blifparse.cc:397:parse_blif$27711,$_XOR_,Y,8930
6926,$abc$20785$auto$blifparse.cc:397:parse_blif$27712,$_NAND_,Y,8931
6927,$abc$20785$auto$blifparse.cc:397:parse_blif$27713,$_NAND_,Y,8932
6928,$abc$20785$auto$blifparse.cc:397:parse_blif$27714,$_NAND_,Y,8933
6929,$abc$20785$auto$blifparse.cc:397:parse_blif$27715,$_OR_,Y,8934
6930,$abc$20785$auto$blifparse.cc:397:parse_blif$27716,$_AND_,Y,8935
6931,$abc$20785$auto$blifparse.cc:397:parse_blif$27717,$_XNOR_,Y,8936
6932,$abc$20785$auto$blifparse.cc:397:parse_blif$27718,$_XNOR_,Y,8937
6933,$abc$20785$auto$blifparse.cc:397:parse_blif$27719,$_XNOR_,Y,8938
6934,$abc$20785$auto$blifparse.cc:397:parse_blif$27720,$_XNOR_,Y,8939
6935,$abc$20785$auto$blifparse.cc:397:parse_blif$27721,$_XNOR_,Y,8940
6936,$abc$20785$auto$blifparse.cc:397:parse_blif$27722,$_XNOR_,Y,8941
6937,$abc$20785$auto$blifparse.cc:397:parse_blif$27723,$_XOR_,Y,8942
6938,$abc$20785$auto$blifparse.cc:397:parse_blif$27724,$_XOR_,Y,8943
6939,$abc$20785$auto$blifparse.cc:397:parse_blif$27725,$_AND_,Y,8944
6940,$abc$20785$auto$blifparse.cc:397:parse_blif$27726,$_XNOR_,Y,8945
6941,$abc$20785$auto$blifparse.cc:397:parse_blif$27727,$_XNOR_,Y,8946
6942,$abc$20785$auto$blifparse.cc:397:parse_blif$27728,$_XNOR_,Y,8947
6943,$abc$20785$auto$blifparse.cc:397:parse_blif$27729,$_XNOR_,Y,8948
6944,$abc$20785$auto$blifparse.cc:397:parse_blif$27730,$_XNOR_,Y,8949
6945,$abc$20785$auto$blifparse.cc:397:parse_blif$27731,$_XNOR_,Y,8950
6946,$abc$20785$auto$blifparse.cc:397:parse_blif$27732,$_XNOR_,Y,8951
6947,$abc$20785$auto$blifparse.cc:397:parse_blif$27733,$_XNOR_,Y,8952
6948,$abc$20785$auto$blifparse.cc:397:parse_blif$27734,$_NAND_,Y,8953
6949,$abc$20785$auto$blifparse.cc:397:parse_blif$27735,$_XOR_,Y,8954
6950,$abc$20785$auto$blifparse.cc:397:parse_blif$27736,$_NAND_,Y,8955
6951,$abc$20785$auto$blifparse.cc:397:parse_blif$27737,$_OR_,Y,8956
6952,$abc$20785$auto$blifparse.cc:397:parse_blif$27738,$_NAND_,Y,8957
6953,$abc$20785$auto$blifparse.cc:397:parse_blif$27739,$_XOR_,Y,8958
6954,$abc$20785$auto$blifparse.cc:397:parse_blif$27740,$_NAND_,Y,8959
6955,$abc$20785$auto$blifparse.cc:397:parse_blif$27741,$_OR_,Y,8960
6956,$abc$20785$auto$blifparse.cc:397:parse_blif$27742,$_NAND_,Y,8961
6957,$abc$20785$auto$blifparse.cc:397:parse_blif$27743,$_XOR_,Y,8962
6958,$abc$20785$auto$blifparse.cc:397:parse_blif$27744,$_NAND_,Y,8963
6959,$abc$20785$auto$blifparse.cc:397:parse_blif$27745,$_OR_,Y,8964
6960,$abc$20785$auto$blifparse.cc:397:parse_blif$27746,$_NAND_,Y,8965
6961,$abc$20785$auto$blifparse.cc:397:parse_blif$27747,$_XOR_,Y,8966
6962,$abc$20785$auto$blifparse.cc:397:parse_blif$27748,$_NAND_,Y,8967
6963,$abc$20785$auto$blifparse.cc:397:parse_blif$27749,$_NAND_,Y,8968
6964,$abc$20785$auto$blifparse.cc:397:parse_blif$27750,$_NAND_,Y,8969
6965,$abc$20785$auto$blifparse.cc:397:parse_blif$27751,$_NAND_,Y,8970
6966,$abc$20785$auto$blifparse.cc:397:parse_blif$27752,$_NAND_,Y,8971
6967,$abc$20785$auto$blifparse.cc:397:parse_blif$27753,$_NAND_,Y,8972
6968,$abc$20785$auto$blifparse.cc:397:parse_blif$27754,$_NAND_,Y,8973
6969,$abc$20785$auto$blifparse.cc:397:parse_blif$27755,$_NAND_,Y,8974
6970,$abc$20785$auto$blifparse.cc:397:parse_blif$27756,$_NAND_,Y,8975
6971,$abc$20785$auto$blifparse.cc:397:parse_blif$27757,$_NAND_,Y,8976
6972,$abc$20785$auto$blifparse.cc:397:parse_blif$27758,$_NAND_,Y,8977
6973,$abc$20785$auto$blifparse.cc:397:parse_blif$27759,$_NAND_,Y,8978
6974,$abc$20785$auto$blifparse.cc:397:parse_blif$27760,$_NAND_,Y,8979
6975,$abc$20785$auto$blifparse.cc:397:parse_blif$27761,$_NAND_,Y,8980
6976,$abc$20785$auto$blifparse.cc:397:parse_blif$27762,$_NAND_,Y,8981
6977,$abc$20785$auto$blifparse.cc:397:parse_blif$27763,$_NAND_,Y,8982
6978,$abc$20785$auto$blifparse.cc:397:parse_blif$27764,$_NAND_,Y,8983
6979,$abc$20785$auto$blifparse.cc:397:parse_blif$27765,$_OR_,Y,8984
6980,$abc$20785$auto$blifparse.cc:397:parse_blif$27766,$_AND_,Y,8985
6981,$abc$20785$auto$blifparse.cc:397:parse_blif$27767,$_XNOR_,Y,8986
6982,$abc$20785$auto$blifparse.cc:397:parse_blif$27768,$_XNOR_,Y,8987
6983,$abc$20785$auto$blifparse.cc:397:parse_blif$27769,$_XOR_,Y,8988
6984,$abc$20785$auto$blifparse.cc:397:parse_blif$27770,$_XOR_,Y,8989
6985,$abc$20785$auto$blifparse.cc:397:parse_blif$27771,$_AND_,Y,8990
6986,$abc$20785$auto$blifparse.cc:397:parse_blif$27772,$_XNOR_,Y,8991
6987,$abc$20785$auto$blifparse.cc:397:parse_blif$27773,$_XNOR_,Y,8992
6988,$abc$20785$auto$blifparse.cc:397:parse_blif$27774,$_XOR_,Y,8993
6989,$abc$20785$auto$blifparse.cc:397:parse_blif$27775,$_XOR_,Y,8994
6990,$abc$20785$auto$blifparse.cc:397:parse_blif$27776,$_AND_,Y,8995
6991,$abc$20785$auto$blifparse.cc:397:parse_blif$27777,$_XNOR_,Y,8996
6992,$abc$20785$auto$blifparse.cc:397:parse_blif$27778,$_XNOR_,Y,8997
6993,$abc$20785$auto$blifparse.cc:397:parse_blif$27779,$_XOR_,Y,8998
6994,$abc$20785$auto$blifparse.cc:397:parse_blif$27780,$_XOR_,Y,8999
6995,$abc$20785$auto$blifparse.cc:397:parse_blif$27781,$_AND_,Y,9000
6996,$abc$20785$auto$blifparse.cc:397:parse_blif$27782,$_XNOR_,Y,9001
6997,$abc$20785$auto$blifparse.cc:397:parse_blif$27783,$_XNOR_,Y,9002
6998,$abc$20785$auto$blifparse.cc:397:parse_blif$27784,$_XOR_,Y,9003
6999,$abc$20785$auto$blifparse.cc:397:parse_blif$27785,$_XOR_,Y,9004
7000,$abc$20785$auto$blifparse.cc:397:parse_blif$27786,$_NAND_,Y,9005
7001,$abc$20785$auto$blifparse.cc:397:parse_blif$27787,$_XOR_,Y,9006
7002,$abc$20785$auto$blifparse.cc:397:parse_blif$27788,$_NAND_,Y,9007
7003,$abc$20785$auto$blifparse.cc:397:parse_blif$27789,$_OR_,Y,9008
7004,$abc$20785$auto$blifparse.cc:397:parse_blif$27790,$_NAND_,Y,9009
7005,$abc$20785$auto$blifparse.cc:397:parse_blif$27791,$_XOR_,Y,9010
7006,$abc$20785$auto$blifparse.cc:397:parse_blif$27792,$_OR_,Y,9011
7007,$abc$20785$auto$blifparse.cc:397:parse_blif$27793,$_NAND_,Y,9012
7008,$abc$20785$auto$blifparse.cc:397:parse_blif$27794,$_NAND_,Y,9013
7009,$abc$20785$auto$blifparse.cc:397:parse_blif$27795,$_XOR_,Y,9014
7010,$abc$20785$auto$blifparse.cc:397:parse_blif$27796,$_NAND_,Y,9015
7011,$abc$20785$auto$blifparse.cc:397:parse_blif$27797,$_OR_,Y,9016
7012,$abc$20785$auto$blifparse.cc:397:parse_blif$27798,$_NAND_,Y,9017
7013,$abc$20785$auto$blifparse.cc:397:parse_blif$27799,$_XOR_,Y,9018
7014,$abc$20785$auto$blifparse.cc:397:parse_blif$27800,$_NAND_,Y,9019
7015,$abc$20785$auto$blifparse.cc:397:parse_blif$27801,$_NAND_,Y,9020
7016,$abc$20785$auto$blifparse.cc:397:parse_blif$27802,$_NAND_,Y,9021
7017,$abc$20785$auto$blifparse.cc:397:parse_blif$27803,$_NAND_,Y,9022
7018,$abc$20785$auto$blifparse.cc:397:parse_blif$27804,$_NAND_,Y,9023
7019,$abc$20785$auto$blifparse.cc:397:parse_blif$27805,$_NAND_,Y,9024
7020,$abc$20785$auto$blifparse.cc:397:parse_blif$27806,$_NAND_,Y,9025
7021,$abc$20785$auto$blifparse.cc:397:parse_blif$27807,$_AND_,Y,9026
7022,$abc$20785$auto$blifparse.cc:397:parse_blif$27808,$_NAND_,Y,9027
7023,$abc$20785$auto$blifparse.cc:397:parse_blif$27809,$_AND_,Y,9028
7024,$abc$20785$auto$blifparse.cc:397:parse_blif$27810,$_NAND_,Y,9029
7025,$abc$20785$auto$blifparse.cc:397:parse_blif$27811,$_NAND_,Y,9030
7026,$abc$20785$auto$blifparse.cc:397:parse_blif$27812,$_NAND_,Y,9031
7027,$abc$20785$auto$blifparse.cc:397:parse_blif$27813,$_NAND_,Y,9032
7028,$abc$20785$auto$blifparse.cc:397:parse_blif$27814,$_NAND_,Y,9033
7029,$abc$20785$auto$blifparse.cc:397:parse_blif$27815,$_NAND_,Y,9034
7030,$abc$20785$auto$blifparse.cc:397:parse_blif$27816,$_NAND_,Y,9035
7031,$abc$20785$auto$blifparse.cc:397:parse_blif$27817,$_OR_,Y,9036
7032,$abc$20785$auto$blifparse.cc:397:parse_blif$27818,$_AND_,Y,9037
7033,$abc$20785$auto$blifparse.cc:397:parse_blif$27819,$_XNOR_,Y,9038
7034,$abc$20785$auto$blifparse.cc:397:parse_blif$27820,$_XNOR_,Y,9039
7035,$abc$20785$auto$blifparse.cc:397:parse_blif$27821,$_XOR_,Y,9040
7036,$abc$20785$auto$blifparse.cc:397:parse_blif$27822,$_XOR_,Y,9041
7037,$abc$20785$auto$blifparse.cc:397:parse_blif$27823,$_AND_,Y,9042
7038,$abc$20785$auto$blifparse.cc:397:parse_blif$27824,$_XNOR_,Y,9043
7039,$abc$20785$auto$blifparse.cc:397:parse_blif$27825,$_XNOR_,Y,9044
7040,$abc$20785$auto$blifparse.cc:397:parse_blif$27826,$_XNOR_,Y,9045
7041,$abc$20785$auto$blifparse.cc:397:parse_blif$27827,$_XNOR_,Y,9046
7042,$abc$20785$auto$blifparse.cc:397:parse_blif$27828,$_AND_,Y,9047
7043,$abc$20785$auto$blifparse.cc:397:parse_blif$27829,$_XNOR_,Y,9048
7044,$abc$20785$auto$blifparse.cc:397:parse_blif$27830,$_XOR_,Y,9049
7045,$abc$20785$auto$blifparse.cc:397:parse_blif$27831,$_XOR_,Y,9050
7046,$abc$20785$auto$blifparse.cc:397:parse_blif$27832,$_XOR_,Y,9051
7047,$abc$20785$auto$blifparse.cc:397:parse_blif$27833,$_AND_,Y,9052
7048,$abc$20785$auto$blifparse.cc:397:parse_blif$27834,$_XNOR_,Y,9053
7049,$abc$20785$auto$blifparse.cc:397:parse_blif$27835,$_XNOR_,Y,9054
7050,$abc$20785$auto$blifparse.cc:397:parse_blif$27836,$_XNOR_,Y,9055
7051,$abc$20785$auto$blifparse.cc:397:parse_blif$27837,$_XNOR_,Y,9056
7052,$abc$20785$auto$blifparse.cc:397:parse_blif$27838,$_NAND_,Y,9057
7053,$abc$20785$auto$blifparse.cc:397:parse_blif$27839,$_XOR_,Y,9058
7054,$abc$20785$auto$blifparse.cc:397:parse_blif$27840,$_NAND_,Y,9059
7055,$abc$20785$auto$blifparse.cc:397:parse_blif$27841,$_OR_,Y,9060
7056,$abc$20785$auto$blifparse.cc:397:parse_blif$27842,$_NAND_,Y,9061
7057,$abc$20785$auto$blifparse.cc:397:parse_blif$27843,$_XOR_,Y,9062
7058,$abc$20785$auto$blifparse.cc:397:parse_blif$27844,$_NAND_,Y,9063
7059,$abc$20785$auto$blifparse.cc:397:parse_blif$27845,$_OR_,Y,9064
7060,$abc$20785$auto$blifparse.cc:397:parse_blif$27846,$_NAND_,Y,9065
7061,$abc$20785$auto$blifparse.cc:397:parse_blif$27847,$_XOR_,Y,9066
7062,$abc$20785$auto$blifparse.cc:397:parse_blif$27848,$_NAND_,Y,9067
7063,$abc$20785$auto$blifparse.cc:397:parse_blif$27849,$_OR_,Y,9068
7064,$abc$20785$auto$blifparse.cc:397:parse_blif$27850,$_NAND_,Y,9069
7065,$abc$20785$auto$blifparse.cc:397:parse_blif$27851,$_XOR_,Y,9070
7066,$abc$20785$auto$blifparse.cc:397:parse_blif$27852,$_NAND_,Y,9071
7067,$abc$20785$auto$blifparse.cc:397:parse_blif$27853,$_NAND_,Y,9072
7068,$abc$20785$auto$blifparse.cc:397:parse_blif$27854,$_NAND_,Y,9073
7069,$abc$20785$auto$blifparse.cc:397:parse_blif$27855,$_NAND_,Y,9074
7070,$abc$20785$auto$blifparse.cc:397:parse_blif$27856,$_NAND_,Y,9075
7071,$abc$20785$auto$blifparse.cc:397:parse_blif$27857,$_NAND_,Y,9076
7072,$abc$20785$auto$blifparse.cc:397:parse_blif$27858,$_NAND_,Y,9077
7073,$abc$20785$auto$blifparse.cc:397:parse_blif$27859,$_NAND_,Y,9078
7074,$abc$20785$auto$blifparse.cc:397:parse_blif$27860,$_NAND_,Y,9079
7075,$abc$20785$auto$blifparse.cc:397:parse_blif$27861,$_NAND_,Y,9080
7076,$abc$20785$auto$blifparse.cc:397:parse_blif$27862,$_NAND_,Y,9081
7077,$abc$20785$auto$blifparse.cc:397:parse_blif$27863,$_NAND_,Y,9082
7078,$abc$20785$auto$blifparse.cc:397:parse_blif$27864,$_NAND_,Y,9083
7079,$abc$20785$auto$blifparse.cc:397:parse_blif$27865,$_NAND_,Y,9084
7080,$abc$20785$auto$blifparse.cc:397:parse_blif$27866,$_NAND_,Y,9085
7081,$abc$20785$auto$blifparse.cc:397:parse_blif$27867,$_AND_,Y,9086
7082,$abc$20785$auto$blifparse.cc:397:parse_blif$27868,$_XNOR_,Y,9087
7083,$abc$20785$auto$blifparse.cc:397:parse_blif$27869,$_XNOR_,Y,9088
7084,$abc$20785$auto$blifparse.cc:397:parse_blif$27870,$_XNOR_,Y,9089
7085,$abc$20785$auto$blifparse.cc:397:parse_blif$27871,$_XOR_,Y,9090
7086,$abc$20785$auto$blifparse.cc:397:parse_blif$27872,$_XOR_,Y,9091
7087,$abc$20785$auto$blifparse.cc:397:parse_blif$27873,$_AND_,Y,9092
7088,$abc$20785$auto$blifparse.cc:397:parse_blif$27874,$_XNOR_,Y,9093
7089,$abc$20785$auto$blifparse.cc:397:parse_blif$27875,$_XNOR_,Y,9094
7090,$abc$20785$auto$blifparse.cc:397:parse_blif$27876,$_XOR_,Y,9095
7091,$abc$20785$auto$blifparse.cc:397:parse_blif$27877,$_XOR_,Y,9096
7092,$abc$20785$auto$blifparse.cc:397:parse_blif$27878,$_AND_,Y,9097
7093,$abc$20785$auto$blifparse.cc:397:parse_blif$27879,$_XNOR_,Y,9098
7094,$abc$20785$auto$blifparse.cc:397:parse_blif$27880,$_XNOR_,Y,9099
7095,$abc$20785$auto$blifparse.cc:397:parse_blif$27881,$_XOR_,Y,9100
7096,$abc$20785$auto$blifparse.cc:397:parse_blif$27882,$_XOR_,Y,9101
7097,$abc$20785$auto$blifparse.cc:397:parse_blif$27883,$_AND_,Y,9102
7098,$abc$20785$auto$blifparse.cc:397:parse_blif$27884,$_XNOR_,Y,9103
7099,$abc$20785$auto$blifparse.cc:397:parse_blif$27885,$_XNOR_,Y,9104
7100,$abc$20785$auto$blifparse.cc:397:parse_blif$27886,$_XNOR_,Y,9105
7101,$abc$20785$auto$blifparse.cc:397:parse_blif$27887,$_XNOR_,Y,9106
7102,$abc$20785$auto$blifparse.cc:397:parse_blif$27888,$_NAND_,Y,9107
7103,$abc$20785$auto$blifparse.cc:397:parse_blif$27889,$_NAND_,Y,9108
7104,$abc$20785$auto$blifparse.cc:397:parse_blif$27890,$_NAND_,Y,9109
7105,$abc$20785$auto$blifparse.cc:397:parse_blif$27891,$_XOR_,Y,9110
7106,$abc$20785$auto$blifparse.cc:397:parse_blif$27892,$_NAND_,Y,9111
7107,$abc$20785$auto$blifparse.cc:397:parse_blif$27893,$_OR_,Y,9112
7108,$abc$20785$auto$blifparse.cc:397:parse_blif$27894,$_NAND_,Y,9113
7109,$abc$20785$auto$blifparse.cc:397:parse_blif$27895,$_NAND_,Y,9114
7110,$abc$20785$auto$blifparse.cc:397:parse_blif$27896,$_AND_,Y,9115
7111,$abc$20785$auto$blifparse.cc:397:parse_blif$27897,$_XOR_,Y,9116
7112,$abc$20785$auto$blifparse.cc:397:parse_blif$27898,$_NAND_,Y,9117
7113,$abc$20785$auto$blifparse.cc:397:parse_blif$27899,$_NAND_,Y,9118
7114,$abc$20785$auto$blifparse.cc:397:parse_blif$27900,$_XOR_,Y,9119
7115,$abc$20785$auto$blifparse.cc:397:parse_blif$27901,$_NAND_,Y,9120
7116,$abc$20785$auto$blifparse.cc:397:parse_blif$27902,$_NAND_,Y,9121
7117,$abc$20785$auto$blifparse.cc:397:parse_blif$27903,$_NAND_,Y,9122
7118,$abc$20785$auto$blifparse.cc:397:parse_blif$27904,$_NAND_,Y,9123
7119,$abc$20785$auto$blifparse.cc:397:parse_blif$27905,$_NAND_,Y,9124
7120,$abc$20785$auto$blifparse.cc:397:parse_blif$27906,$_NAND_,Y,9125
7121,$abc$20785$auto$blifparse.cc:397:parse_blif$27907,$_XOR_,Y,9126
7122,$abc$20785$auto$blifparse.cc:397:parse_blif$27908,$_NAND_,Y,9127
7123,$abc$20785$auto$blifparse.cc:397:parse_blif$27909,$_NAND_,Y,9128
7124,$abc$20785$auto$blifparse.cc:397:parse_blif$27910,$_XOR_,Y,9129
7125,$abc$20785$auto$blifparse.cc:397:parse_blif$27911,$_NAND_,Y,9130
7126,$abc$20785$auto$blifparse.cc:397:parse_blif$27912,$_NAND_,Y,9131
7127,$abc$20785$auto$blifparse.cc:397:parse_blif$27913,$_NAND_,Y,9132
7128,$abc$20785$auto$blifparse.cc:397:parse_blif$27914,$_OR_,Y,9133
7129,$abc$20785$auto$blifparse.cc:397:parse_blif$27915,$_AND_,Y,9134
7130,$abc$20785$auto$blifparse.cc:397:parse_blif$27916,$_XNOR_,Y,9135
7131,$abc$20785$auto$blifparse.cc:397:parse_blif$27917,$_XNOR_,Y,9136
7132,$abc$20785$auto$blifparse.cc:397:parse_blif$27918,$_XNOR_,Y,9137
7133,$abc$20785$auto$blifparse.cc:397:parse_blif$27919,$_XNOR_,Y,9138
7134,$abc$20785$auto$blifparse.cc:397:parse_blif$27920,$_XNOR_,Y,9139
7135,$abc$20785$auto$blifparse.cc:397:parse_blif$27921,$_XNOR_,Y,9140
7136,$abc$20785$auto$blifparse.cc:397:parse_blif$27922,$_XOR_,Y,9141
7137,$abc$20785$auto$blifparse.cc:397:parse_blif$27923,$_XOR_,Y,9142
7138,$abc$20785$auto$blifparse.cc:397:parse_blif$27924,$_AND_,Y,9143
7139,$abc$20785$auto$blifparse.cc:397:parse_blif$27925,$_XNOR_,Y,9144
7140,$abc$20785$auto$blifparse.cc:397:parse_blif$27926,$_XNOR_,Y,9145
7141,$abc$20785$auto$blifparse.cc:397:parse_blif$27927,$_XNOR_,Y,9146
7142,$abc$20785$auto$blifparse.cc:397:parse_blif$27928,$_XNOR_,Y,9147
7143,$abc$20785$auto$blifparse.cc:397:parse_blif$27929,$_XNOR_,Y,9148
7144,$abc$20785$auto$blifparse.cc:397:parse_blif$27930,$_XNOR_,Y,9149
7145,$abc$20785$auto$blifparse.cc:397:parse_blif$27931,$_XNOR_,Y,9150
7146,$abc$20785$auto$blifparse.cc:397:parse_blif$27932,$_XNOR_,Y,9151
7147,$abc$20785$auto$blifparse.cc:397:parse_blif$27933,$_NAND_,Y,9152
7148,$abc$20785$auto$blifparse.cc:397:parse_blif$27934,$_XOR_,Y,9153
7149,$abc$20785$auto$blifparse.cc:397:parse_blif$27935,$_NAND_,Y,9154
7150,$abc$20785$auto$blifparse.cc:397:parse_blif$27936,$_OR_,Y,9155
7151,$abc$20785$auto$blifparse.cc:397:parse_blif$27937,$_NAND_,Y,9156
7152,$abc$20785$auto$blifparse.cc:397:parse_blif$27938,$_XOR_,Y,9157
7153,$abc$20785$auto$blifparse.cc:397:parse_blif$27939,$_OR_,Y,9158
7154,$abc$20785$auto$blifparse.cc:397:parse_blif$27940,$_NAND_,Y,9159
7155,$abc$20785$auto$blifparse.cc:397:parse_blif$27941,$_NAND_,Y,9160
7156,$abc$20785$auto$blifparse.cc:397:parse_blif$27942,$_XOR_,Y,9161
7157,$abc$20785$auto$blifparse.cc:397:parse_blif$27943,$_NAND_,Y,9162
7158,$abc$20785$auto$blifparse.cc:397:parse_blif$27944,$_OR_,Y,9163
7159,$abc$20785$auto$blifparse.cc:397:parse_blif$27945,$_NAND_,Y,9164
7160,$abc$20785$auto$blifparse.cc:397:parse_blif$27946,$_XOR_,Y,9165
7161,$abc$20785$auto$blifparse.cc:397:parse_blif$27947,$_NAND_,Y,9166
7162,$abc$20785$auto$blifparse.cc:397:parse_blif$27948,$_NAND_,Y,9167
7163,$abc$20785$auto$blifparse.cc:397:parse_blif$27949,$_NAND_,Y,9168
7164,$abc$20785$auto$blifparse.cc:397:parse_blif$27950,$_NAND_,Y,9169
7165,$abc$20785$auto$blifparse.cc:397:parse_blif$27951,$_NAND_,Y,9170
7166,$abc$20785$auto$blifparse.cc:397:parse_blif$27952,$_NAND_,Y,9171
7167,$abc$20785$auto$blifparse.cc:397:parse_blif$27953,$_NAND_,Y,9172
7168,$abc$20785$auto$blifparse.cc:397:parse_blif$27954,$_AND_,Y,9173
7169,$abc$20785$auto$blifparse.cc:397:parse_blif$27955,$_NAND_,Y,9174
7170,$abc$20785$auto$blifparse.cc:397:parse_blif$27956,$_AND_,Y,9175
7171,$abc$20785$auto$blifparse.cc:397:parse_blif$27957,$_NAND_,Y,9176
7172,$abc$20785$auto$blifparse.cc:397:parse_blif$27958,$_NAND_,Y,9177
7173,$abc$20785$auto$blifparse.cc:397:parse_blif$27959,$_NAND_,Y,9178
7174,$abc$20785$auto$blifparse.cc:397:parse_blif$27960,$_NAND_,Y,9179
7175,$abc$20785$auto$blifparse.cc:397:parse_blif$27961,$_NAND_,Y,9180
7176,$abc$20785$auto$blifparse.cc:397:parse_blif$27962,$_NAND_,Y,9181
7177,$abc$20785$auto$blifparse.cc:397:parse_blif$27963,$_NAND_,Y,9182
7178,$abc$20785$auto$blifparse.cc:397:parse_blif$27964,$_OR_,Y,9183
7179,$abc$20785$auto$blifparse.cc:397:parse_blif$27965,$_AND_,Y,9184
7180,$abc$20785$auto$blifparse.cc:397:parse_blif$27966,$_XNOR_,Y,9185
7181,$abc$20785$auto$blifparse.cc:397:parse_blif$27967,$_XNOR_,Y,9186
7182,$abc$20785$auto$blifparse.cc:397:parse_blif$27968,$_XOR_,Y,9187
7183,$abc$20785$auto$blifparse.cc:397:parse_blif$27969,$_XOR_,Y,9188
7184,$abc$20785$auto$blifparse.cc:397:parse_blif$27970,$_AND_,Y,9189
7185,$abc$20785$auto$blifparse.cc:397:parse_blif$27971,$_XNOR_,Y,9190
7186,$abc$20785$auto$blifparse.cc:397:parse_blif$27972,$_XNOR_,Y,9191
7187,$abc$20785$auto$blifparse.cc:397:parse_blif$27973,$_XNOR_,Y,9192
7188,$abc$20785$auto$blifparse.cc:397:parse_blif$27974,$_XNOR_,Y,9193
7189,$abc$20785$auto$blifparse.cc:397:parse_blif$27975,$_AND_,Y,9194
7190,$abc$20785$auto$blifparse.cc:397:parse_blif$27976,$_XNOR_,Y,9195
7191,$abc$20785$auto$blifparse.cc:397:parse_blif$27977,$_XOR_,Y,9196
7192,$abc$20785$auto$blifparse.cc:397:parse_blif$27978,$_XOR_,Y,9197
7193,$abc$20785$auto$blifparse.cc:397:parse_blif$27979,$_XOR_,Y,9198
7194,$abc$20785$auto$blifparse.cc:397:parse_blif$27980,$_AND_,Y,9199
7195,$abc$20785$auto$blifparse.cc:397:parse_blif$27981,$_XNOR_,Y,9200
7196,$abc$20785$auto$blifparse.cc:397:parse_blif$27982,$_XNOR_,Y,9201
7197,$abc$20785$auto$blifparse.cc:397:parse_blif$27983,$_XOR_,Y,9202
7198,$abc$20785$auto$blifparse.cc:397:parse_blif$27984,$_XOR_,Y,9203
7199,$abc$20785$auto$blifparse.cc:397:parse_blif$27985,$_NAND_,Y,9204
7200,$abc$20785$auto$blifparse.cc:397:parse_blif$27986,$_XOR_,Y,9205
7201,$abc$20785$auto$blifparse.cc:397:parse_blif$27987,$_OR_,Y,9206
7202,$abc$20785$auto$blifparse.cc:397:parse_blif$27988,$_NAND_,Y,9207
7203,$abc$20785$auto$blifparse.cc:397:parse_blif$27989,$_NAND_,Y,9208
7204,$abc$20785$auto$blifparse.cc:397:parse_blif$27990,$_XOR_,Y,9209
7205,$abc$20785$auto$blifparse.cc:397:parse_blif$27991,$_NAND_,Y,9210
7206,$abc$20785$auto$blifparse.cc:397:parse_blif$27992,$_OR_,Y,9211
7207,$abc$20785$auto$blifparse.cc:397:parse_blif$27993,$_NAND_,Y,9212
7208,$abc$20785$auto$blifparse.cc:397:parse_blif$27994,$_XOR_,Y,9213
7209,$abc$20785$auto$blifparse.cc:397:parse_blif$27995,$_NAND_,Y,9214
7210,$abc$20785$auto$blifparse.cc:397:parse_blif$27996,$_OR_,Y,9215
7211,$abc$20785$auto$blifparse.cc:397:parse_blif$27997,$_NAND_,Y,9216
7212,$abc$20785$auto$blifparse.cc:397:parse_blif$27998,$_XOR_,Y,9217
7213,$abc$20785$auto$blifparse.cc:397:parse_blif$27999,$_NAND_,Y,9218
7214,$abc$20785$auto$blifparse.cc:397:parse_blif$28000,$_NAND_,Y,9219
7215,$abc$20785$auto$blifparse.cc:397:parse_blif$28001,$_NAND_,Y,9220
7216,$abc$20785$auto$blifparse.cc:397:parse_blif$28002,$_NAND_,Y,9221
7217,$abc$20785$auto$blifparse.cc:397:parse_blif$28003,$_NAND_,Y,9222
7218,$abc$20785$auto$blifparse.cc:397:parse_blif$28004,$_NAND_,Y,9223
7219,$abc$20785$auto$blifparse.cc:397:parse_blif$28005,$_NAND_,Y,9224
7220,$abc$20785$auto$blifparse.cc:397:parse_blif$28006,$_NAND_,Y,9225
7221,$abc$20785$auto$blifparse.cc:397:parse_blif$28007,$_NAND_,Y,9226
7222,$abc$20785$auto$blifparse.cc:397:parse_blif$28008,$_NAND_,Y,9227
7223,$abc$20785$auto$blifparse.cc:397:parse_blif$28009,$_NAND_,Y,9228
7224,$abc$20785$auto$blifparse.cc:397:parse_blif$28010,$_AND_,Y,9229
7225,$abc$20785$auto$blifparse.cc:397:parse_blif$28011,$_NAND_,Y,9230
7226,$abc$20785$auto$blifparse.cc:397:parse_blif$28012,$_AND_,Y,9231
7227,$abc$20785$auto$blifparse.cc:397:parse_blif$28013,$_NAND_,Y,9232
7228,$abc$20785$auto$blifparse.cc:397:parse_blif$28014,$_NAND_,Y,9233
7229,$abc$20785$auto$blifparse.cc:397:parse_blif$28015,$_NAND_,Y,9234
7230,$abc$20785$auto$blifparse.cc:397:parse_blif$28016,$_OR_,Y,9235
7231,$abc$20785$auto$blifparse.cc:397:parse_blif$28017,$_AND_,Y,9236
7232,$abc$20785$auto$blifparse.cc:397:parse_blif$28018,$_XNOR_,Y,9237
7233,$abc$20785$auto$blifparse.cc:397:parse_blif$28019,$_XNOR_,Y,9238
7234,$abc$20785$auto$blifparse.cc:397:parse_blif$28020,$_XNOR_,Y,9239
7235,$abc$20785$auto$blifparse.cc:397:parse_blif$28021,$_XNOR_,Y,9240
7236,$abc$20785$auto$blifparse.cc:397:parse_blif$28022,$_AND_,Y,9241
7237,$abc$20785$auto$blifparse.cc:397:parse_blif$28023,$_XNOR_,Y,9242
7238,$abc$20785$auto$blifparse.cc:397:parse_blif$28024,$_XOR_,Y,9243
7239,$abc$20785$auto$blifparse.cc:397:parse_blif$28025,$_XOR_,Y,9244
7240,$abc$20785$auto$blifparse.cc:397:parse_blif$28026,$_XOR_,Y,9245
7241,$abc$20785$auto$blifparse.cc:397:parse_blif$28027,$_AND_,Y,9246
7242,$abc$20785$auto$blifparse.cc:397:parse_blif$28028,$_XNOR_,Y,9247
7243,$abc$20785$auto$blifparse.cc:397:parse_blif$28029,$_XNOR_,Y,9248
7244,$abc$20785$auto$blifparse.cc:397:parse_blif$28030,$_XOR_,Y,9249
7245,$abc$20785$auto$blifparse.cc:397:parse_blif$28031,$_XOR_,Y,9250
7246,$abc$20785$auto$blifparse.cc:397:parse_blif$28032,$_AND_,Y,9251
7247,$abc$20785$auto$blifparse.cc:397:parse_blif$28033,$_XNOR_,Y,9252
7248,$abc$20785$auto$blifparse.cc:397:parse_blif$28034,$_XNOR_,Y,9253
7249,$abc$20785$auto$blifparse.cc:397:parse_blif$28035,$_XNOR_,Y,9254
7250,$abc$20785$auto$blifparse.cc:397:parse_blif$28036,$_XNOR_,Y,9255
7251,$abc$20785$auto$blifparse.cc:397:parse_blif$28037,$_NAND_,Y,9256
7252,$abc$20785$auto$blifparse.cc:397:parse_blif$28038,$_XOR_,Y,9257
7253,$abc$20785$auto$blifparse.cc:397:parse_blif$28039,$_NAND_,Y,9258
7254,$abc$20785$auto$blifparse.cc:397:parse_blif$28040,$_OR_,Y,9259
7255,$abc$20785$auto$blifparse.cc:397:parse_blif$28041,$_NAND_,Y,9260
7256,$abc$20785$auto$blifparse.cc:397:parse_blif$28042,$_XOR_,Y,9261
7257,$abc$20785$auto$blifparse.cc:397:parse_blif$28043,$_NAND_,Y,9262
7258,$abc$20785$auto$blifparse.cc:397:parse_blif$28044,$_OR_,Y,9263
7259,$abc$20785$auto$blifparse.cc:397:parse_blif$28045,$_NAND_,Y,9264
7260,$abc$20785$auto$blifparse.cc:397:parse_blif$28046,$_XOR_,Y,9265
7261,$abc$20785$auto$blifparse.cc:397:parse_blif$28047,$_NAND_,Y,9266
7262,$abc$20785$auto$blifparse.cc:397:parse_blif$28048,$_OR_,Y,9267
7263,$abc$20785$auto$blifparse.cc:397:parse_blif$28049,$_NAND_,Y,9268
7264,$abc$20785$auto$blifparse.cc:397:parse_blif$28050,$_XOR_,Y,9269
7265,$abc$20785$auto$blifparse.cc:397:parse_blif$28051,$_NAND_,Y,9270
7266,$abc$20785$auto$blifparse.cc:397:parse_blif$28052,$_NAND_,Y,9271
7267,$abc$20785$auto$blifparse.cc:397:parse_blif$28053,$_NAND_,Y,9272
7268,$abc$20785$auto$blifparse.cc:397:parse_blif$28054,$_NAND_,Y,9273
7269,$abc$20785$auto$blifparse.cc:397:parse_blif$28055,$_NAND_,Y,9274
7270,$abc$20785$auto$blifparse.cc:397:parse_blif$28056,$_NAND_,Y,9275
7271,$abc$20785$auto$blifparse.cc:397:parse_blif$28057,$_NAND_,Y,9276
7272,$abc$20785$auto$blifparse.cc:397:parse_blif$28058,$_NAND_,Y,9277
7273,$abc$20785$auto$blifparse.cc:397:parse_blif$28059,$_NAND_,Y,9278
7274,$abc$20785$auto$blifparse.cc:397:parse_blif$28060,$_NAND_,Y,9279
7275,$abc$20785$auto$blifparse.cc:397:parse_blif$28061,$_NAND_,Y,9280
7276,$abc$20785$auto$blifparse.cc:397:parse_blif$28062,$_NAND_,Y,9281
7277,$abc$20785$auto$blifparse.cc:397:parse_blif$28063,$_NAND_,Y,9282
7278,$abc$20785$auto$blifparse.cc:397:parse_blif$28064,$_NAND_,Y,9283
7279,$abc$20785$auto$blifparse.cc:397:parse_blif$28065,$_NAND_,Y,9284
7280,$abc$20785$auto$blifparse.cc:397:parse_blif$28066,$_AND_,Y,9285
7281,$abc$20785$auto$blifparse.cc:397:parse_blif$28067,$_XNOR_,Y,9286
7282,$abc$20785$auto$blifparse.cc:397:parse_blif$28068,$_XNOR_,Y,9287
7283,$abc$20785$auto$blifparse.cc:397:parse_blif$28069,$_XNOR_,Y,9288
7284,$abc$20785$auto$blifparse.cc:397:parse_blif$28070,$_XOR_,Y,9289
7285,$abc$20785$auto$blifparse.cc:397:parse_blif$28071,$_XOR_,Y,9290
7286,$abc$20785$auto$blifparse.cc:397:parse_blif$28072,$_AND_,Y,9291
7287,$abc$20785$auto$blifparse.cc:397:parse_blif$28073,$_XNOR_,Y,9292
7288,$abc$20785$auto$blifparse.cc:397:parse_blif$28074,$_XNOR_,Y,9293
7289,$abc$20785$auto$blifparse.cc:397:parse_blif$28075,$_XOR_,Y,9294
7290,$abc$20785$auto$blifparse.cc:397:parse_blif$28076,$_XOR_,Y,9295
7291,$abc$20785$auto$blifparse.cc:397:parse_blif$28077,$_AND_,Y,9296
7292,$abc$20785$auto$blifparse.cc:397:parse_blif$28078,$_XNOR_,Y,9297
7293,$abc$20785$auto$blifparse.cc:397:parse_blif$28079,$_XNOR_,Y,9298
7294,$abc$20785$auto$blifparse.cc:397:parse_blif$28080,$_XOR_,Y,9299
7295,$abc$20785$auto$blifparse.cc:397:parse_blif$28081,$_XOR_,Y,9300
7296,$abc$20785$auto$blifparse.cc:397:parse_blif$28082,$_AND_,Y,9301
7297,$abc$20785$auto$blifparse.cc:397:parse_blif$28083,$_XNOR_,Y,9302
7298,$abc$20785$auto$blifparse.cc:397:parse_blif$28084,$_XNOR_,Y,9303
7299,$abc$20785$auto$blifparse.cc:397:parse_blif$28085,$_XNOR_,Y,9304
7300,$abc$20785$auto$blifparse.cc:397:parse_blif$28086,$_XNOR_,Y,9305
7301,$abc$20785$auto$blifparse.cc:397:parse_blif$28087,$_NAND_,Y,9306
7302,$abc$20785$auto$blifparse.cc:397:parse_blif$28088,$_NAND_,Y,9307
7303,$abc$20785$auto$blifparse.cc:397:parse_blif$28089,$_XNOR_,Y,9308
7304,$abc$20785$auto$blifparse.cc:397:parse_blif$28090,$_NAND_,Y,9309
7305,$abc$20785$auto$blifparse.cc:397:parse_blif$28091,$_XNOR_,Y,9310
7306,$abc$20785$auto$blifparse.cc:397:parse_blif$28092,$_NAND_,Y,9311
7307,$abc$20785$auto$blifparse.cc:397:parse_blif$28093,$_OR_,Y,9312
7308,$abc$20785$auto$blifparse.cc:397:parse_blif$28094,$_NAND_,Y,9313
7309,$abc$20785$auto$blifparse.cc:397:parse_blif$28095,$_NAND_,Y,9314
7310,$abc$20785$auto$blifparse.cc:397:parse_blif$28096,$_NAND_,Y,9315
7311,$abc$20785$auto$blifparse.cc:397:parse_blif$28097,$_XNOR_,Y,9316
7312,$abc$20785$auto$blifparse.cc:397:parse_blif$28098,$_OR_,Y,9317
7313,$abc$20785$auto$blifparse.cc:397:parse_blif$28099,$_AND_,Y,9318
7314,$abc$20785$auto$blifparse.cc:397:parse_blif$28100,$_XNOR_,Y,9319
7315,$abc$20785$auto$blifparse.cc:397:parse_blif$28101,$_OR_,Y,9320
7316,$abc$20785$auto$blifparse.cc:397:parse_blif$28102,$_NAND_,Y,9321
7317,$abc$20785$auto$blifparse.cc:397:parse_blif$28103,$_NAND_,Y,9322
7318,$abc$20785$auto$blifparse.cc:397:parse_blif$28104,$_AND_,Y,9323
7319,$abc$20785$auto$blifparse.cc:397:parse_blif$28105,$_OR_,Y,9324
7320,$abc$20785$auto$blifparse.cc:397:parse_blif$28106,$_AND_,Y,9325
7321,$abc$20785$auto$blifparse.cc:397:parse_blif$28107,$_OR_,Y,9326
7322,$abc$20785$auto$blifparse.cc:397:parse_blif$28108,$_AND_,Y,9327
7323,$abc$20785$auto$blifparse.cc:397:parse_blif$28109,$_XNOR_,Y,9328
7324,$abc$20785$auto$blifparse.cc:397:parse_blif$28110,$_OR_,Y,9329
7325,$abc$20785$auto$blifparse.cc:397:parse_blif$28111,$_NAND_,Y,9330
7326,$abc$20785$auto$blifparse.cc:397:parse_blif$28112,$_NAND_,Y,9331
7327,$abc$20785$auto$blifparse.cc:397:parse_blif$28113,$_OR_,Y,9332
7328,$abc$20785$auto$blifparse.cc:397:parse_blif$28114,$_AND_,Y,9333
7329,$abc$20785$auto$blifparse.cc:397:parse_blif$28115,$_XNOR_,Y,9334
7330,$abc$20785$auto$blifparse.cc:397:parse_blif$28116,$_XNOR_,Y,9335
7331,$abc$20785$auto$blifparse.cc:397:parse_blif$28117,$_XNOR_,Y,9336
7332,$abc$20785$auto$blifparse.cc:397:parse_blif$28118,$_XNOR_,Y,9337
7333,$abc$20785$auto$blifparse.cc:397:parse_blif$28119,$_XNOR_,Y,9338
7334,$abc$20785$auto$blifparse.cc:397:parse_blif$28120,$_XNOR_,Y,9339
7335,$abc$20785$auto$blifparse.cc:397:parse_blif$28121,$_XNOR_,Y,9340
7336,$abc$20785$auto$blifparse.cc:397:parse_blif$28122,$_XNOR_,Y,9341
7337,$abc$20785$auto$blifparse.cc:397:parse_blif$28123,$_AND_,Y,9342
7338,$abc$20785$auto$blifparse.cc:397:parse_blif$28124,$_XNOR_,Y,9343
7339,$abc$20785$auto$blifparse.cc:397:parse_blif$28125,$_XNOR_,Y,9344
7340,$abc$20785$auto$blifparse.cc:397:parse_blif$28126,$_XNOR_,Y,9345
7341,$abc$20785$auto$blifparse.cc:397:parse_blif$28127,$_XNOR_,Y,9346
7342,$abc$20785$auto$blifparse.cc:397:parse_blif$28128,$_XNOR_,Y,9347
7343,$abc$20785$auto$blifparse.cc:397:parse_blif$28129,$_XNOR_,Y,9348
7344,$abc$20785$auto$blifparse.cc:397:parse_blif$28130,$_XNOR_,Y,9349
7345,$abc$20785$auto$blifparse.cc:397:parse_blif$28131,$_XNOR_,Y,9350
7346,$abc$20785$auto$blifparse.cc:397:parse_blif$28132,$_NAND_,Y,9351
7347,$abc$20785$auto$blifparse.cc:397:parse_blif$28133,$_XNOR_,Y,9352
7348,$abc$20785$auto$blifparse.cc:397:parse_blif$28134,$_OR_,Y,9353
7349,$abc$20785$auto$blifparse.cc:397:parse_blif$28135,$_NAND_,Y,9354
7350,$abc$20785$auto$blifparse.cc:397:parse_blif$28136,$_XNOR_,Y,9355
7351,$abc$20785$auto$blifparse.cc:397:parse_blif$28137,$_NAND_,Y,9356
7352,$abc$20785$auto$blifparse.cc:397:parse_blif$28138,$_OR_,Y,9357
7353,$abc$20785$auto$blifparse.cc:397:parse_blif$28139,$_NAND_,Y,9358
7354,$abc$20785$auto$blifparse.cc:397:parse_blif$28140,$_XNOR_,Y,9359
7355,$abc$20785$auto$blifparse.cc:397:parse_blif$28141,$_OR_,Y,9360
7356,$abc$20785$auto$blifparse.cc:397:parse_blif$28142,$_NAND_,Y,9361
7357,$abc$20785$auto$blifparse.cc:397:parse_blif$28143,$_NAND_,Y,9362
7358,$abc$20785$auto$blifparse.cc:397:parse_blif$28144,$_XNOR_,Y,9363
7359,$abc$20785$auto$blifparse.cc:397:parse_blif$28145,$_NAND_,Y,9364
7360,$abc$20785$auto$blifparse.cc:397:parse_blif$28146,$_AND_,Y,9365
7361,$abc$20785$auto$blifparse.cc:397:parse_blif$28147,$_OR_,Y,9366
7362,$abc$20785$auto$blifparse.cc:397:parse_blif$28148,$_AND_,Y,9367
7363,$abc$20785$auto$blifparse.cc:397:parse_blif$28149,$_NAND_,Y,9368
7364,$abc$20785$auto$blifparse.cc:397:parse_blif$28150,$_NAND_,Y,9369
7365,$abc$20785$auto$blifparse.cc:397:parse_blif$28151,$_OR_,Y,9370
7366,$abc$20785$auto$blifparse.cc:397:parse_blif$28152,$_NAND_,Y,9371
7367,$abc$20785$auto$blifparse.cc:397:parse_blif$28153,$_NAND_,Y,9372
7368,$abc$20785$auto$blifparse.cc:397:parse_blif$28154,$_AND_,Y,9373
7369,$abc$20785$auto$blifparse.cc:397:parse_blif$28155,$_OR_,Y,9374
7370,$abc$20785$auto$blifparse.cc:397:parse_blif$28156,$_NAND_,Y,9375
7371,$abc$20785$auto$blifparse.cc:397:parse_blif$28157,$_AND_,Y,9376
7372,$abc$20785$auto$blifparse.cc:397:parse_blif$28158,$_NAND_,Y,9377
7373,$abc$20785$auto$blifparse.cc:397:parse_blif$28159,$_NAND_,Y,9378
7374,$abc$20785$auto$blifparse.cc:397:parse_blif$28160,$_OR_,Y,9379
7375,$abc$20785$auto$blifparse.cc:397:parse_blif$28161,$_AND_,Y,9380
7376,$abc$20785$auto$blifparse.cc:397:parse_blif$28162,$_NAND_,Y,9381
7377,$abc$20785$auto$blifparse.cc:397:parse_blif$28163,$_OR_,Y,9382
7378,$abc$20785$auto$blifparse.cc:397:parse_blif$28164,$_NAND_,Y,9383
7379,$abc$20785$auto$blifparse.cc:397:parse_blif$28165,$_XNOR_,Y,9384
7380,$abc$20785$auto$blifparse.cc:397:parse_blif$28166,$_XNOR_,Y,9385
7381,$abc$20785$auto$blifparse.cc:397:parse_blif$28167,$_XNOR_,Y,9386
7382,$abc$20785$auto$blifparse.cc:397:parse_blif$28168,$_XNOR_,Y,9387
7383,$abc$20785$auto$blifparse.cc:397:parse_blif$28169,$_AND_,Y,9388
7384,$abc$20785$auto$blifparse.cc:397:parse_blif$28170,$_NAND_,Y,9389
7385,$abc$20785$auto$blifparse.cc:397:parse_blif$28171,$_XNOR_,Y,9390
7386,$abc$20785$auto$blifparse.cc:397:parse_blif$28172,$_XNOR_,Y,9391
7387,$abc$20785$auto$blifparse.cc:397:parse_blif$28173,$_XNOR_,Y,9392
7388,$abc$20785$auto$blifparse.cc:397:parse_blif$28174,$_XNOR_,Y,9393
7389,$abc$20785$auto$blifparse.cc:397:parse_blif$28175,$_AND_,Y,9394
7390,$abc$20785$auto$blifparse.cc:397:parse_blif$28176,$_XNOR_,Y,9395
7391,$abc$20785$auto$blifparse.cc:397:parse_blif$28177,$_XNOR_,Y,9396
7392,$abc$20785$auto$blifparse.cc:397:parse_blif$28178,$_XNOR_,Y,9397
7393,$abc$20785$auto$blifparse.cc:397:parse_blif$28179,$_XNOR_,Y,9398
7394,$abc$20785$auto$blifparse.cc:397:parse_blif$28180,$_AND_,Y,9399
7395,$abc$20785$auto$blifparse.cc:397:parse_blif$28181,$_XNOR_,Y,9400
7396,$abc$20785$auto$blifparse.cc:397:parse_blif$28182,$_XOR_,Y,9401
7397,$abc$20785$auto$blifparse.cc:397:parse_blif$28183,$_XNOR_,Y,9402
7398,$abc$20785$auto$blifparse.cc:397:parse_blif$28184,$_XNOR_,Y,9403
7399,$abc$20785$auto$blifparse.cc:397:parse_blif$28185,$_NAND_,Y,9404
7400,$abc$20785$auto$blifparse.cc:397:parse_blif$28186,$_XNOR_,Y,9405
7401,$abc$20785$auto$blifparse.cc:397:parse_blif$28187,$_OR_,Y,9406
7402,$abc$20785$auto$blifparse.cc:397:parse_blif$28188,$_NAND_,Y,9407
7403,$abc$20785$auto$blifparse.cc:397:parse_blif$28189,$_NAND_,Y,9408
7404,$abc$20785$auto$blifparse.cc:397:parse_blif$28190,$_XNOR_,Y,9409
7405,$abc$20785$auto$blifparse.cc:397:parse_blif$28191,$_OR_,Y,9410
7406,$abc$20785$auto$blifparse.cc:397:parse_blif$28192,$_NAND_,Y,9411
7407,$abc$20785$auto$blifparse.cc:397:parse_blif$28193,$_NAND_,Y,9412
7408,$abc$20785$auto$blifparse.cc:397:parse_blif$28194,$_XNOR_,Y,9413
7409,$abc$20785$auto$blifparse.cc:397:parse_blif$28195,$_NAND_,Y,9414
7410,$abc$20785$auto$blifparse.cc:397:parse_blif$28196,$_OR_,Y,9415
7411,$abc$20785$auto$blifparse.cc:397:parse_blif$28197,$_NAND_,Y,9416
7412,$abc$20785$auto$blifparse.cc:397:parse_blif$28198,$_XNOR_,Y,9417
7413,$abc$20785$auto$blifparse.cc:397:parse_blif$28199,$_NOR_,Y,9418
7414,$abc$20785$auto$blifparse.cc:397:parse_blif$28200,$_ORNOT_,Y,9419
7415,$abc$20785$auto$blifparse.cc:397:parse_blif$28201,$_OR_,Y,9420
7416,$abc$20785$auto$blifparse.cc:397:parse_blif$28202,$_NAND_,Y,9421
7417,$abc$20785$auto$blifparse.cc:397:parse_blif$28203,$_NAND_,Y,9422
7418,$abc$20785$auto$blifparse.cc:397:parse_blif$28204,$_ANDNOT_,Y,9423
7419,$abc$20785$auto$blifparse.cc:397:parse_blif$28205,$_NAND_,Y,9424
7420,$abc$20785$auto$blifparse.cc:397:parse_blif$28206,$_AND_,Y,9425
7421,$abc$20785$auto$blifparse.cc:397:parse_blif$28207,$_AND_,Y,9426
7422,$abc$20785$auto$blifparse.cc:397:parse_blif$28208,$_OR_,Y,9427
7423,$abc$20785$auto$blifparse.cc:397:parse_blif$28209,$_NAND_,Y,9428
7424,$abc$20785$auto$blifparse.cc:397:parse_blif$28210,$_NAND_,Y,9429
7425,$abc$20785$auto$blifparse.cc:397:parse_blif$28211,$_AND_,Y,9430
7426,$abc$20785$auto$blifparse.cc:397:parse_blif$28212,$_OR_,Y,9431
7427,$abc$20785$auto$blifparse.cc:397:parse_blif$28213,$_AND_,Y,9432
7428,$abc$20785$auto$blifparse.cc:397:parse_blif$28214,$_NAND_,Y,9433
7429,$abc$20785$auto$blifparse.cc:397:parse_blif$28215,$_NAND_,Y,9434
7430,$abc$20785$auto$blifparse.cc:397:parse_blif$28216,$_OR_,Y,9435
7431,$abc$20785$auto$blifparse.cc:397:parse_blif$28217,$_AND_,Y,9436
7432,$abc$20785$auto$blifparse.cc:397:parse_blif$28218,$_NAND_,Y,9437
7433,$abc$20785$auto$blifparse.cc:397:parse_blif$28219,$_NAND_,Y,9438
7434,$abc$20785$auto$blifparse.cc:397:parse_blif$28220,$_OR_,Y,9439
7435,$abc$20785$auto$blifparse.cc:397:parse_blif$28221,$_NAND_,Y,9440
7436,$abc$20785$auto$blifparse.cc:397:parse_blif$28222,$_NAND_,Y,9441
7437,$abc$20785$auto$blifparse.cc:397:parse_blif$28223,$_OR_,Y,9442
7438,$abc$20785$auto$blifparse.cc:397:parse_blif$28224,$_AND_,Y,9443
7439,$abc$20785$auto$blifparse.cc:397:parse_blif$28225,$_XNOR_,Y,9444
7440,$abc$20785$auto$blifparse.cc:397:parse_blif$28226,$_XNOR_,Y,9445
7441,$abc$20785$auto$blifparse.cc:397:parse_blif$28227,$_XNOR_,Y,9446
7442,$abc$20785$auto$blifparse.cc:397:parse_blif$28228,$_XNOR_,Y,9447
7443,$abc$20785$auto$blifparse.cc:397:parse_blif$28229,$_AND_,Y,9448
7444,$abc$20785$auto$blifparse.cc:397:parse_blif$28230,$_XNOR_,Y,9449
7445,$abc$20785$auto$blifparse.cc:397:parse_blif$28231,$_XOR_,Y,9450
7446,$abc$20785$auto$blifparse.cc:397:parse_blif$28232,$_XNOR_,Y,9451
7447,$abc$20785$auto$blifparse.cc:397:parse_blif$28233,$_XNOR_,Y,9452
7448,$abc$20785$auto$blifparse.cc:397:parse_blif$28234,$_AND_,Y,9453
7449,$abc$20785$auto$blifparse.cc:397:parse_blif$28235,$_XNOR_,Y,9454
7450,$abc$20785$auto$blifparse.cc:397:parse_blif$28236,$_XOR_,Y,9455
7451,$abc$20785$auto$blifparse.cc:397:parse_blif$28237,$_XNOR_,Y,9456
7452,$abc$20785$auto$blifparse.cc:397:parse_blif$28238,$_XNOR_,Y,9457
7453,$abc$20785$auto$blifparse.cc:397:parse_blif$28239,$_AND_,Y,9458
7454,$abc$20785$auto$blifparse.cc:397:parse_blif$28240,$_XNOR_,Y,9459
7455,$abc$20785$auto$blifparse.cc:397:parse_blif$28241,$_XNOR_,Y,9460
7456,$abc$20785$auto$blifparse.cc:397:parse_blif$28242,$_XNOR_,Y,9461
7457,$abc$20785$auto$blifparse.cc:397:parse_blif$28243,$_XNOR_,Y,9462
7458,$abc$20785$auto$blifparse.cc:397:parse_blif$28244,$_NAND_,Y,9463
7459,$abc$20785$auto$blifparse.cc:397:parse_blif$28245,$_XNOR_,Y,9464
7460,$abc$20785$auto$blifparse.cc:397:parse_blif$28246,$_NAND_,Y,9465
7461,$abc$20785$auto$blifparse.cc:397:parse_blif$28247,$_OR_,Y,9466
7462,$abc$20785$auto$blifparse.cc:397:parse_blif$28248,$_NAND_,Y,9467
7463,$abc$20785$auto$blifparse.cc:397:parse_blif$28249,$_XNOR_,Y,9468
7464,$abc$20785$auto$blifparse.cc:397:parse_blif$28250,$_NAND_,Y,9469
7465,$abc$20785$auto$blifparse.cc:397:parse_blif$28251,$_OR_,Y,9470
7466,$abc$20785$auto$blifparse.cc:397:parse_blif$28252,$_NAND_,Y,9471
7467,$abc$20785$auto$blifparse.cc:397:parse_blif$28253,$_XNOR_,Y,9472
7468,$abc$20785$auto$blifparse.cc:397:parse_blif$28254,$_NAND_,Y,9473
7469,$abc$20785$auto$blifparse.cc:397:parse_blif$28255,$_OR_,Y,9474
7470,$abc$20785$auto$blifparse.cc:397:parse_blif$28256,$_NAND_,Y,9475
7471,$abc$20785$auto$blifparse.cc:397:parse_blif$28257,$_XNOR_,Y,9476
7472,$abc$20785$auto$blifparse.cc:397:parse_blif$28258,$_NAND_,Y,9477
7473,$abc$20785$auto$blifparse.cc:397:parse_blif$28259,$_AND_,Y,9478
7474,$abc$20785$auto$blifparse.cc:397:parse_blif$28260,$_OR_,Y,9479
7475,$abc$20785$auto$blifparse.cc:397:parse_blif$28261,$_NAND_,Y,9480
7476,$abc$20785$auto$blifparse.cc:397:parse_blif$28262,$_NAND_,Y,9481
7477,$abc$20785$auto$blifparse.cc:397:parse_blif$28263,$_AND_,Y,9482
7478,$abc$20785$auto$blifparse.cc:397:parse_blif$28264,$_OR_,Y,9483
7479,$abc$20785$auto$blifparse.cc:397:parse_blif$28265,$_NAND_,Y,9484
7480,$abc$20785$auto$blifparse.cc:397:parse_blif$28266,$_NAND_,Y,9485
7481,$abc$20785$auto$blifparse.cc:397:parse_blif$28267,$_AND_,Y,9486
7482,$abc$20785$auto$blifparse.cc:397:parse_blif$28268,$_OR_,Y,9487
7483,$abc$20785$auto$blifparse.cc:397:parse_blif$28269,$_NAND_,Y,9488
7484,$abc$20785$auto$blifparse.cc:397:parse_blif$28270,$_NAND_,Y,9489
7485,$abc$20785$auto$blifparse.cc:397:parse_blif$28271,$_AND_,Y,9490
7486,$abc$20785$auto$blifparse.cc:397:parse_blif$28272,$_OR_,Y,9491
7487,$abc$20785$auto$blifparse.cc:397:parse_blif$28273,$_AND_,Y,9492
7488,$abc$20785$auto$blifparse.cc:397:parse_blif$28274,$_XNOR_,Y,9493
7489,$abc$20785$auto$blifparse.cc:397:parse_blif$28275,$_MUX_,Y,9494
7490,$abc$20785$auto$blifparse.cc:397:parse_blif$28276,$_XNOR_,Y,9495
7491,$abc$20785$auto$blifparse.cc:397:parse_blif$28277,$_XNOR_,Y,9496
7492,$abc$20785$auto$blifparse.cc:397:parse_blif$28278,$_XNOR_,Y,9497
7493,$abc$20785$auto$blifparse.cc:397:parse_blif$28279,$_XNOR_,Y,9498
7494,$abc$20785$auto$blifparse.cc:397:parse_blif$28280,$_AND_,Y,9499
7495,$abc$20785$auto$blifparse.cc:397:parse_blif$28281,$_XNOR_,Y,9500
7496,$abc$20785$auto$blifparse.cc:397:parse_blif$28282,$_XNOR_,Y,9501
7497,$abc$20785$auto$blifparse.cc:397:parse_blif$28283,$_XNOR_,Y,9502
7498,$abc$20785$auto$blifparse.cc:397:parse_blif$28284,$_XNOR_,Y,9503
7499,$abc$20785$auto$blifparse.cc:397:parse_blif$28285,$_AND_,Y,9504
7500,$abc$20785$auto$blifparse.cc:397:parse_blif$28286,$_XNOR_,Y,9505
7501,$abc$20785$auto$blifparse.cc:397:parse_blif$28287,$_XNOR_,Y,9506
7502,$abc$20785$auto$blifparse.cc:397:parse_blif$28288,$_XNOR_,Y,9507
7503,$abc$20785$auto$blifparse.cc:397:parse_blif$28289,$_XNOR_,Y,9508
7504,$abc$20785$auto$blifparse.cc:397:parse_blif$28290,$_AND_,Y,9509
7505,$abc$20785$auto$blifparse.cc:397:parse_blif$28291,$_XNOR_,Y,9510
7506,$abc$20785$auto$blifparse.cc:397:parse_blif$28292,$_XNOR_,Y,9511
7507,$abc$20785$auto$blifparse.cc:397:parse_blif$28293,$_XNOR_,Y,9512
7508,$abc$20785$auto$blifparse.cc:397:parse_blif$28294,$_XNOR_,Y,9513
7509,$abc$20785$auto$blifparse.cc:397:parse_blif$28295,$_NAND_,Y,9514
7510,$abc$20785$auto$blifparse.cc:397:parse_blif$28296,$_NAND_,Y,9515
7511,$abc$20785$auto$blifparse.cc:397:parse_blif$28297,$_XNOR_,Y,9516
7512,$abc$20785$auto$blifparse.cc:397:parse_blif$28298,$_NAND_,Y,9517
7513,$abc$20785$auto$blifparse.cc:397:parse_blif$28299,$_XNOR_,Y,9518
7514,$abc$20785$auto$blifparse.cc:397:parse_blif$28300,$_NAND_,Y,9519
7515,$abc$20785$auto$blifparse.cc:397:parse_blif$28301,$_OR_,Y,9520
7516,$abc$20785$auto$blifparse.cc:397:parse_blif$28302,$_NAND_,Y,9521
7517,$abc$20785$auto$blifparse.cc:397:parse_blif$28303,$_NAND_,Y,9522
7518,$abc$20785$auto$blifparse.cc:397:parse_blif$28304,$_NAND_,Y,9523
7519,$abc$20785$auto$blifparse.cc:397:parse_blif$28305,$_XNOR_,Y,9524
7520,$abc$20785$auto$blifparse.cc:397:parse_blif$28306,$_OR_,Y,9525
7521,$abc$20785$auto$blifparse.cc:397:parse_blif$28307,$_AND_,Y,9526
7522,$abc$20785$auto$blifparse.cc:397:parse_blif$28308,$_XNOR_,Y,9527
7523,$abc$20785$auto$blifparse.cc:397:parse_blif$28309,$_OR_,Y,9528
7524,$abc$20785$auto$blifparse.cc:397:parse_blif$28310,$_NAND_,Y,9529
7525,$abc$20785$auto$blifparse.cc:397:parse_blif$28311,$_NAND_,Y,9530
7526,$abc$20785$auto$blifparse.cc:397:parse_blif$28312,$_AND_,Y,9531
7527,$abc$20785$auto$blifparse.cc:397:parse_blif$28313,$_OR_,Y,9532
7528,$abc$20785$auto$blifparse.cc:397:parse_blif$28314,$_AND_,Y,9533
7529,$abc$20785$auto$blifparse.cc:397:parse_blif$28315,$_OR_,Y,9534
7530,$abc$20785$auto$blifparse.cc:397:parse_blif$28316,$_AND_,Y,9535
7531,$abc$20785$auto$blifparse.cc:397:parse_blif$28317,$_XNOR_,Y,9536
7532,$abc$20785$auto$blifparse.cc:397:parse_blif$28318,$_OR_,Y,9537
7533,$abc$20785$auto$blifparse.cc:397:parse_blif$28319,$_NAND_,Y,9538
7534,$abc$20785$auto$blifparse.cc:397:parse_blif$28320,$_NAND_,Y,9539
7535,$abc$20785$auto$blifparse.cc:397:parse_blif$28321,$_OR_,Y,9540
7536,$abc$20785$auto$blifparse.cc:397:parse_blif$28322,$_AND_,Y,9541
7537,$abc$20785$auto$blifparse.cc:397:parse_blif$28323,$_XNOR_,Y,9542
7538,$abc$20785$auto$blifparse.cc:397:parse_blif$28324,$_XNOR_,Y,9543
7539,$abc$20785$auto$blifparse.cc:397:parse_blif$28325,$_XNOR_,Y,9544
7540,$abc$20785$auto$blifparse.cc:397:parse_blif$28326,$_XNOR_,Y,9545
7541,$abc$20785$auto$blifparse.cc:397:parse_blif$28327,$_XNOR_,Y,9546
7542,$abc$20785$auto$blifparse.cc:397:parse_blif$28328,$_XNOR_,Y,9547
7543,$abc$20785$auto$blifparse.cc:397:parse_blif$28329,$_XNOR_,Y,9548
7544,$abc$20785$auto$blifparse.cc:397:parse_blif$28330,$_XNOR_,Y,9549
7545,$abc$20785$auto$blifparse.cc:397:parse_blif$28331,$_AND_,Y,9550
7546,$abc$20785$auto$blifparse.cc:397:parse_blif$28332,$_XNOR_,Y,9551
7547,$abc$20785$auto$blifparse.cc:397:parse_blif$28333,$_XNOR_,Y,9552
7548,$abc$20785$auto$blifparse.cc:397:parse_blif$28334,$_XNOR_,Y,9553
7549,$abc$20785$auto$blifparse.cc:397:parse_blif$28335,$_XNOR_,Y,9554
7550,$abc$20785$auto$blifparse.cc:397:parse_blif$28336,$_XNOR_,Y,9555
7551,$abc$20785$auto$blifparse.cc:397:parse_blif$28337,$_XNOR_,Y,9556
7552,$abc$20785$auto$blifparse.cc:397:parse_blif$28338,$_XNOR_,Y,9557
7553,$abc$20785$auto$blifparse.cc:397:parse_blif$28339,$_XNOR_,Y,9558
7554,$abc$20785$auto$blifparse.cc:397:parse_blif$28340,$_NAND_,Y,9559
7555,$abc$20785$auto$blifparse.cc:397:parse_blif$28341,$_XNOR_,Y,9560
7556,$abc$20785$auto$blifparse.cc:397:parse_blif$28342,$_OR_,Y,9561
7557,$abc$20785$auto$blifparse.cc:397:parse_blif$28343,$_NAND_,Y,9562
7558,$abc$20785$auto$blifparse.cc:397:parse_blif$28344,$_NAND_,Y,9563
7559,$abc$20785$auto$blifparse.cc:397:parse_blif$28345,$_XNOR_,Y,9564
7560,$abc$20785$auto$blifparse.cc:397:parse_blif$28346,$_OR_,Y,9565
7561,$abc$20785$auto$blifparse.cc:397:parse_blif$28347,$_NAND_,Y,9566
7562,$abc$20785$auto$blifparse.cc:397:parse_blif$28348,$_NAND_,Y,9567
7563,$abc$20785$auto$blifparse.cc:397:parse_blif$28349,$_XNOR_,Y,9568
7564,$abc$20785$auto$blifparse.cc:397:parse_blif$28350,$_NAND_,Y,9569
7565,$abc$20785$auto$blifparse.cc:397:parse_blif$28351,$_OR_,Y,9570
7566,$abc$20785$auto$blifparse.cc:397:parse_blif$28352,$_NAND_,Y,9571
7567,$abc$20785$auto$blifparse.cc:397:parse_blif$28353,$_XNOR_,Y,9572
7568,$abc$20785$auto$blifparse.cc:397:parse_blif$28354,$_NAND_,Y,9573
7569,$abc$20785$auto$blifparse.cc:397:parse_blif$28355,$_AND_,Y,9574
7570,$abc$20785$auto$blifparse.cc:397:parse_blif$28356,$_OR_,Y,9575
7571,$abc$20785$auto$blifparse.cc:397:parse_blif$28357,$_NAND_,Y,9576
7572,$abc$20785$auto$blifparse.cc:397:parse_blif$28358,$_NAND_,Y,9577
7573,$abc$20785$auto$blifparse.cc:397:parse_blif$28359,$_AND_,Y,9578
7574,$abc$20785$auto$blifparse.cc:397:parse_blif$28360,$_OR_,Y,9579
7575,$abc$20785$auto$blifparse.cc:397:parse_blif$28361,$_AND_,Y,9580
7576,$abc$20785$auto$blifparse.cc:397:parse_blif$28362,$_NAND_,Y,9581
7577,$abc$20785$auto$blifparse.cc:397:parse_blif$28363,$_NAND_,Y,9582
7578,$abc$20785$auto$blifparse.cc:397:parse_blif$28364,$_OR_,Y,9583
7579,$abc$20785$auto$blifparse.cc:397:parse_blif$28365,$_AND_,Y,9584
7580,$abc$20785$auto$blifparse.cc:397:parse_blif$28366,$_NAND_,Y,9585
7581,$abc$20785$auto$blifparse.cc:397:parse_blif$28367,$_NAND_,Y,9586
7582,$abc$20785$auto$blifparse.cc:397:parse_blif$28368,$_OR_,Y,9587
7583,$abc$20785$auto$blifparse.cc:397:parse_blif$28369,$_NAND_,Y,9588
7584,$abc$20785$auto$blifparse.cc:397:parse_blif$28370,$_NAND_,Y,9589
7585,$abc$20785$auto$blifparse.cc:397:parse_blif$28371,$_OR_,Y,9590
7586,$abc$20785$auto$blifparse.cc:397:parse_blif$28372,$_AND_,Y,9591
7587,$abc$20785$auto$blifparse.cc:397:parse_blif$28373,$_XNOR_,Y,9592
7588,$abc$20785$auto$blifparse.cc:397:parse_blif$28374,$_XNOR_,Y,9593
7589,$abc$20785$auto$blifparse.cc:397:parse_blif$28375,$_XNOR_,Y,9594
7590,$abc$20785$auto$blifparse.cc:397:parse_blif$28376,$_XNOR_,Y,9595
7591,$abc$20785$auto$blifparse.cc:397:parse_blif$28377,$_AND_,Y,9596
7592,$abc$20785$auto$blifparse.cc:397:parse_blif$28378,$_XNOR_,Y,9597
7593,$abc$20785$auto$blifparse.cc:397:parse_blif$28379,$_XOR_,Y,9598
7594,$abc$20785$auto$blifparse.cc:397:parse_blif$28380,$_XNOR_,Y,9599
7595,$abc$20785$auto$blifparse.cc:397:parse_blif$28381,$_XNOR_,Y,9600
7596,$abc$20785$auto$blifparse.cc:397:parse_blif$28382,$_AND_,Y,9601
7597,$abc$20785$auto$blifparse.cc:397:parse_blif$28383,$_XNOR_,Y,9602
7598,$abc$20785$auto$blifparse.cc:397:parse_blif$28384,$_XOR_,Y,9603
7599,$abc$20785$auto$blifparse.cc:397:parse_blif$28385,$_XNOR_,Y,9604
7600,$abc$20785$auto$blifparse.cc:397:parse_blif$28386,$_XNOR_,Y,9605
7601,$abc$20785$auto$blifparse.cc:397:parse_blif$28387,$_AND_,Y,9606
7602,$abc$20785$auto$blifparse.cc:397:parse_blif$28388,$_XNOR_,Y,9607
7603,$abc$20785$auto$blifparse.cc:397:parse_blif$28389,$_XNOR_,Y,9608
7604,$abc$20785$auto$blifparse.cc:397:parse_blif$28390,$_XNOR_,Y,9609
7605,$abc$20785$auto$blifparse.cc:397:parse_blif$28391,$_XNOR_,Y,9610
7606,$abc$20785$auto$blifparse.cc:397:parse_blif$28392,$_NAND_,Y,9611
7607,$abc$20785$auto$blifparse.cc:397:parse_blif$28393,$_XNOR_,Y,9612
7608,$abc$20785$auto$blifparse.cc:397:parse_blif$28394,$_OR_,Y,9613
7609,$abc$20785$auto$blifparse.cc:397:parse_blif$28395,$_NAND_,Y,9614
7610,$abc$20785$auto$blifparse.cc:397:parse_blif$28396,$_NAND_,Y,9615
7611,$abc$20785$auto$blifparse.cc:397:parse_blif$28397,$_XNOR_,Y,9616
7612,$abc$20785$auto$blifparse.cc:397:parse_blif$28398,$_OR_,Y,9617
7613,$abc$20785$auto$blifparse.cc:397:parse_blif$28399,$_NAND_,Y,9618
7614,$abc$20785$auto$blifparse.cc:397:parse_blif$28400,$_NAND_,Y,9619
7615,$abc$20785$auto$blifparse.cc:397:parse_blif$28401,$_XNOR_,Y,9620
7616,$abc$20785$auto$blifparse.cc:397:parse_blif$28402,$_NAND_,Y,9621
7617,$abc$20785$auto$blifparse.cc:397:parse_blif$28403,$_OR_,Y,9622
7618,$abc$20785$auto$blifparse.cc:397:parse_blif$28404,$_NAND_,Y,9623
7619,$abc$20785$auto$blifparse.cc:397:parse_blif$28405,$_XNOR_,Y,9624
7620,$abc$20785$auto$blifparse.cc:397:parse_blif$28406,$_NAND_,Y,9625
7621,$abc$20785$auto$blifparse.cc:397:parse_blif$28407,$_AND_,Y,9626
7622,$abc$20785$auto$blifparse.cc:397:parse_blif$28408,$_OR_,Y,9627
7623,$abc$20785$auto$blifparse.cc:397:parse_blif$28409,$_NAND_,Y,9628
7624,$abc$20785$auto$blifparse.cc:397:parse_blif$28410,$_NAND_,Y,9629
7625,$abc$20785$auto$blifparse.cc:397:parse_blif$28411,$_AND_,Y,9630
7626,$abc$20785$auto$blifparse.cc:397:parse_blif$28412,$_OR_,Y,9631
7627,$abc$20785$auto$blifparse.cc:397:parse_blif$28413,$_AND_,Y,9632
7628,$abc$20785$auto$blifparse.cc:397:parse_blif$28414,$_NAND_,Y,9633
7629,$abc$20785$auto$blifparse.cc:397:parse_blif$28415,$_NAND_,Y,9634
7630,$abc$20785$auto$blifparse.cc:397:parse_blif$28416,$_OR_,Y,9635
7631,$abc$20785$auto$blifparse.cc:397:parse_blif$28417,$_AND_,Y,9636
7632,$abc$20785$auto$blifparse.cc:397:parse_blif$28418,$_NAND_,Y,9637
7633,$abc$20785$auto$blifparse.cc:397:parse_blif$28419,$_NAND_,Y,9638
7634,$abc$20785$auto$blifparse.cc:397:parse_blif$28420,$_OR_,Y,9639
7635,$abc$20785$auto$blifparse.cc:397:parse_blif$28421,$_NAND_,Y,9640
7636,$abc$20785$auto$blifparse.cc:397:parse_blif$28422,$_NAND_,Y,9641
7637,$abc$20785$auto$blifparse.cc:397:parse_blif$28423,$_OR_,Y,9642
7638,$abc$20785$auto$blifparse.cc:397:parse_blif$28424,$_AND_,Y,9643
7639,$abc$20785$auto$blifparse.cc:397:parse_blif$28425,$_XNOR_,Y,9644
7640,$abc$20785$auto$blifparse.cc:397:parse_blif$28426,$_XNOR_,Y,9645
7641,$abc$20785$auto$blifparse.cc:397:parse_blif$28427,$_XNOR_,Y,9646
7642,$abc$20785$auto$blifparse.cc:397:parse_blif$28428,$_XNOR_,Y,9647
7643,$abc$20785$auto$blifparse.cc:397:parse_blif$28429,$_AND_,Y,9648
7644,$abc$20785$auto$blifparse.cc:397:parse_blif$28430,$_XNOR_,Y,9649
7645,$abc$20785$auto$blifparse.cc:397:parse_blif$28431,$_XOR_,Y,9650
7646,$abc$20785$auto$blifparse.cc:397:parse_blif$28432,$_XNOR_,Y,9651
7647,$abc$20785$auto$blifparse.cc:397:parse_blif$28433,$_XNOR_,Y,9652
7648,$abc$20785$auto$blifparse.cc:397:parse_blif$28434,$_AND_,Y,9653
7649,$abc$20785$auto$blifparse.cc:397:parse_blif$28435,$_XNOR_,Y,9654
7650,$abc$20785$auto$blifparse.cc:397:parse_blif$28436,$_XOR_,Y,9655
7651,$abc$20785$auto$blifparse.cc:397:parse_blif$28437,$_XNOR_,Y,9656
7652,$abc$20785$auto$blifparse.cc:397:parse_blif$28438,$_XNOR_,Y,9657
7653,$abc$20785$auto$blifparse.cc:397:parse_blif$28439,$_AND_,Y,9658
7654,$abc$20785$auto$blifparse.cc:397:parse_blif$28440,$_XNOR_,Y,9659
7655,$abc$20785$auto$blifparse.cc:397:parse_blif$28441,$_XNOR_,Y,9660
7656,$abc$20785$auto$blifparse.cc:397:parse_blif$28442,$_XNOR_,Y,9661
7657,$abc$20785$auto$blifparse.cc:397:parse_blif$28443,$_XNOR_,Y,9662
7658,$abc$20785$auto$blifparse.cc:397:parse_blif$28444,$_NAND_,Y,9663
7659,$abc$20785$auto$blifparse.cc:397:parse_blif$28445,$_XNOR_,Y,9664
7660,$abc$20785$auto$blifparse.cc:397:parse_blif$28446,$_NAND_,Y,9665
7661,$abc$20785$auto$blifparse.cc:397:parse_blif$28447,$_OR_,Y,9666
7662,$abc$20785$auto$blifparse.cc:397:parse_blif$28448,$_NAND_,Y,9667
7663,$abc$20785$auto$blifparse.cc:397:parse_blif$28449,$_XNOR_,Y,9668
7664,$abc$20785$auto$blifparse.cc:397:parse_blif$28450,$_NAND_,Y,9669
7665,$abc$20785$auto$blifparse.cc:397:parse_blif$28451,$_OR_,Y,9670
7666,$abc$20785$auto$blifparse.cc:397:parse_blif$28452,$_NAND_,Y,9671
7667,$abc$20785$auto$blifparse.cc:397:parse_blif$28453,$_XNOR_,Y,9672
7668,$abc$20785$auto$blifparse.cc:397:parse_blif$28454,$_NAND_,Y,9673
7669,$abc$20785$auto$blifparse.cc:397:parse_blif$28455,$_OR_,Y,9674
7670,$abc$20785$auto$blifparse.cc:397:parse_blif$28456,$_NAND_,Y,9675
7671,$abc$20785$auto$blifparse.cc:397:parse_blif$28457,$_XNOR_,Y,9676
7672,$abc$20785$auto$blifparse.cc:397:parse_blif$28458,$_NAND_,Y,9677
7673,$abc$20785$auto$blifparse.cc:397:parse_blif$28459,$_AND_,Y,9678
7674,$abc$20785$auto$blifparse.cc:397:parse_blif$28460,$_OR_,Y,9679
7675,$abc$20785$auto$blifparse.cc:397:parse_blif$28461,$_NAND_,Y,9680
7676,$abc$20785$auto$blifparse.cc:397:parse_blif$28462,$_NAND_,Y,9681
7677,$abc$20785$auto$blifparse.cc:397:parse_blif$28463,$_AND_,Y,9682
7678,$abc$20785$auto$blifparse.cc:397:parse_blif$28464,$_OR_,Y,9683
7679,$abc$20785$auto$blifparse.cc:397:parse_blif$28465,$_NAND_,Y,9684
7680,$abc$20785$auto$blifparse.cc:397:parse_blif$28466,$_NAND_,Y,9685
7681,$abc$20785$auto$blifparse.cc:397:parse_blif$28467,$_AND_,Y,9686
7682,$abc$20785$auto$blifparse.cc:397:parse_blif$28468,$_OR_,Y,9687
7683,$abc$20785$auto$blifparse.cc:397:parse_blif$28469,$_NAND_,Y,9688
7684,$abc$20785$auto$blifparse.cc:397:parse_blif$28470,$_NAND_,Y,9689
7685,$abc$20785$auto$blifparse.cc:397:parse_blif$28471,$_AND_,Y,9690
7686,$abc$20785$auto$blifparse.cc:397:parse_blif$28472,$_OR_,Y,9691
7687,$abc$20785$auto$blifparse.cc:397:parse_blif$28473,$_AND_,Y,9692
7688,$abc$20785$auto$blifparse.cc:397:parse_blif$28474,$_XNOR_,Y,9693
7689,$abc$20785$auto$blifparse.cc:397:parse_blif$28475,$_MUX_,Y,9694
7690,$abc$20785$auto$blifparse.cc:397:parse_blif$28476,$_XNOR_,Y,9695
7691,$abc$20785$auto$blifparse.cc:397:parse_blif$28477,$_XNOR_,Y,9696
7692,$abc$20785$auto$blifparse.cc:397:parse_blif$28478,$_XNOR_,Y,9697
7693,$abc$20785$auto$blifparse.cc:397:parse_blif$28479,$_XNOR_,Y,9698
7694,$abc$20785$auto$blifparse.cc:397:parse_blif$28480,$_AND_,Y,9699
7695,$abc$20785$auto$blifparse.cc:397:parse_blif$28481,$_XNOR_,Y,9700
7696,$abc$20785$auto$blifparse.cc:397:parse_blif$28482,$_XNOR_,Y,9701
7697,$abc$20785$auto$blifparse.cc:397:parse_blif$28483,$_XNOR_,Y,9702
7698,$abc$20785$auto$blifparse.cc:397:parse_blif$28484,$_XNOR_,Y,9703
7699,$abc$20785$auto$blifparse.cc:397:parse_blif$28485,$_AND_,Y,9704
7700,$abc$20785$auto$blifparse.cc:397:parse_blif$28486,$_XNOR_,Y,9705
7701,$abc$20785$auto$blifparse.cc:397:parse_blif$28487,$_XNOR_,Y,9706
7702,$abc$20785$auto$blifparse.cc:397:parse_blif$28488,$_XNOR_,Y,9707
7703,$abc$20785$auto$blifparse.cc:397:parse_blif$28489,$_XNOR_,Y,9708
7704,$abc$20785$auto$blifparse.cc:397:parse_blif$28490,$_AND_,Y,9709
7705,$abc$20785$auto$blifparse.cc:397:parse_blif$28491,$_XNOR_,Y,9710
7706,$abc$20785$auto$blifparse.cc:397:parse_blif$28492,$_XNOR_,Y,9711
7707,$abc$20785$auto$blifparse.cc:397:parse_blif$28493,$_XNOR_,Y,9712
7708,$abc$20785$auto$blifparse.cc:397:parse_blif$28494,$_XNOR_,Y,9713
7709,$abc$20785$auto$blifparse.cc:397:parse_blif$28495,$_NAND_,Y,9714
7710,$abc$20785$auto$blifparse.cc:397:parse_blif$28496,$_NAND_,Y,9715
7711,$abc$20785$auto$blifparse.cc:397:parse_blif$28497,$_XNOR_,Y,9716
7712,$abc$20785$auto$blifparse.cc:397:parse_blif$28498,$_NAND_,Y,9717
7713,$abc$20785$auto$blifparse.cc:397:parse_blif$28499,$_XNOR_,Y,9718
7714,$abc$20785$auto$blifparse.cc:397:parse_blif$28500,$_NAND_,Y,9719
7715,$abc$20785$auto$blifparse.cc:397:parse_blif$28501,$_OR_,Y,9720
7716,$abc$20785$auto$blifparse.cc:397:parse_blif$28502,$_NAND_,Y,9721
7717,$abc$20785$auto$blifparse.cc:397:parse_blif$28503,$_NAND_,Y,9722
7718,$abc$20785$auto$blifparse.cc:397:parse_blif$28504,$_NAND_,Y,9723
7719,$abc$20785$auto$blifparse.cc:397:parse_blif$28505,$_XNOR_,Y,9724
7720,$abc$20785$auto$blifparse.cc:397:parse_blif$28506,$_OR_,Y,9725
7721,$abc$20785$auto$blifparse.cc:397:parse_blif$28507,$_AND_,Y,9726
7722,$abc$20785$auto$blifparse.cc:397:parse_blif$28508,$_XNOR_,Y,9727
7723,$abc$20785$auto$blifparse.cc:397:parse_blif$28509,$_OR_,Y,9728
7724,$abc$20785$auto$blifparse.cc:397:parse_blif$28510,$_NAND_,Y,9729
7725,$abc$20785$auto$blifparse.cc:397:parse_blif$28511,$_NAND_,Y,9730
7726,$abc$20785$auto$blifparse.cc:397:parse_blif$28512,$_AND_,Y,9731
7727,$abc$20785$auto$blifparse.cc:397:parse_blif$28513,$_OR_,Y,9732
7728,$abc$20785$auto$blifparse.cc:397:parse_blif$28514,$_AND_,Y,9733
7729,$abc$20785$auto$blifparse.cc:397:parse_blif$28515,$_OR_,Y,9734
7730,$abc$20785$auto$blifparse.cc:397:parse_blif$28516,$_AND_,Y,9735
7731,$abc$20785$auto$blifparse.cc:397:parse_blif$28517,$_XNOR_,Y,9736
7732,$abc$20785$auto$blifparse.cc:397:parse_blif$28518,$_OR_,Y,9737
7733,$abc$20785$auto$blifparse.cc:397:parse_blif$28519,$_NAND_,Y,9738
7734,$abc$20785$auto$blifparse.cc:397:parse_blif$28520,$_NAND_,Y,9739
7735,$abc$20785$auto$blifparse.cc:397:parse_blif$28521,$_OR_,Y,9740
7736,$abc$20785$auto$blifparse.cc:397:parse_blif$28522,$_AND_,Y,9741
7737,$abc$20785$auto$blifparse.cc:397:parse_blif$28523,$_XNOR_,Y,9742
7738,$abc$20785$auto$blifparse.cc:397:parse_blif$28524,$_XNOR_,Y,9743
7739,$abc$20785$auto$blifparse.cc:397:parse_blif$28525,$_XNOR_,Y,9744
7740,$abc$20785$auto$blifparse.cc:397:parse_blif$28526,$_XNOR_,Y,9745
7741,$abc$20785$auto$blifparse.cc:397:parse_blif$28527,$_XNOR_,Y,9746
7742,$abc$20785$auto$blifparse.cc:397:parse_blif$28528,$_XNOR_,Y,9747
7743,$abc$20785$auto$blifparse.cc:397:parse_blif$28529,$_XNOR_,Y,9748
7744,$abc$20785$auto$blifparse.cc:397:parse_blif$28530,$_XNOR_,Y,9749
7745,$abc$20785$auto$blifparse.cc:397:parse_blif$28531,$_AND_,Y,9750
7746,$abc$20785$auto$blifparse.cc:397:parse_blif$28532,$_XNOR_,Y,9751
7747,$abc$20785$auto$blifparse.cc:397:parse_blif$28533,$_XNOR_,Y,9752
7748,$abc$20785$auto$blifparse.cc:397:parse_blif$28534,$_XNOR_,Y,9753
7749,$abc$20785$auto$blifparse.cc:397:parse_blif$28535,$_XNOR_,Y,9754
7750,$abc$20785$auto$blifparse.cc:397:parse_blif$28536,$_XNOR_,Y,9755
7751,$abc$20785$auto$blifparse.cc:397:parse_blif$28537,$_XNOR_,Y,9756
7752,$abc$20785$auto$blifparse.cc:397:parse_blif$28538,$_XNOR_,Y,9757
7753,$abc$20785$auto$blifparse.cc:397:parse_blif$28539,$_XNOR_,Y,9758
7754,$abc$20785$auto$blifparse.cc:397:parse_blif$28540,$_NAND_,Y,9759
7755,$abc$20785$auto$blifparse.cc:397:parse_blif$28541,$_XNOR_,Y,9760
7756,$abc$20785$auto$blifparse.cc:397:parse_blif$28542,$_OR_,Y,9761
7757,$abc$20785$auto$blifparse.cc:397:parse_blif$28543,$_NAND_,Y,9762
7758,$abc$20785$auto$blifparse.cc:397:parse_blif$28544,$_XNOR_,Y,9763
7759,$abc$20785$auto$blifparse.cc:397:parse_blif$28545,$_NAND_,Y,9764
7760,$abc$20785$auto$blifparse.cc:397:parse_blif$28546,$_OR_,Y,9765
7761,$abc$20785$auto$blifparse.cc:397:parse_blif$28547,$_NAND_,Y,9766
7762,$abc$20785$auto$blifparse.cc:397:parse_blif$28548,$_XNOR_,Y,9767
7763,$abc$20785$auto$blifparse.cc:397:parse_blif$28549,$_OR_,Y,9768
7764,$abc$20785$auto$blifparse.cc:397:parse_blif$28550,$_NAND_,Y,9769
7765,$abc$20785$auto$blifparse.cc:397:parse_blif$28551,$_NAND_,Y,9770
7766,$abc$20785$auto$blifparse.cc:397:parse_blif$28552,$_XNOR_,Y,9771
7767,$abc$20785$auto$blifparse.cc:397:parse_blif$28553,$_NAND_,Y,9772
7768,$abc$20785$auto$blifparse.cc:397:parse_blif$28554,$_AND_,Y,9773
7769,$abc$20785$auto$blifparse.cc:397:parse_blif$28555,$_OR_,Y,9774
7770,$abc$20785$auto$blifparse.cc:397:parse_blif$28556,$_AND_,Y,9775
7771,$abc$20785$auto$blifparse.cc:397:parse_blif$28557,$_NAND_,Y,9776
7772,$abc$20785$auto$blifparse.cc:397:parse_blif$28558,$_NAND_,Y,9777
7773,$abc$20785$auto$blifparse.cc:397:parse_blif$28559,$_OR_,Y,9778
7774,$abc$20785$auto$blifparse.cc:397:parse_blif$28560,$_NAND_,Y,9779
7775,$abc$20785$auto$blifparse.cc:397:parse_blif$28561,$_NAND_,Y,9780
7776,$abc$20785$auto$blifparse.cc:397:parse_blif$28562,$_AND_,Y,9781
7777,$abc$20785$auto$blifparse.cc:397:parse_blif$28563,$_OR_,Y,9782
7778,$abc$20785$auto$blifparse.cc:397:parse_blif$28564,$_NAND_,Y,9783
7779,$abc$20785$auto$blifparse.cc:397:parse_blif$28565,$_NAND_,Y,9784
7780,$abc$20785$auto$blifparse.cc:397:parse_blif$28566,$_ORNOT_,Y,9785
7781,$abc$20785$auto$blifparse.cc:397:parse_blif$28567,$_NAND_,Y,9786
7782,$abc$20785$auto$blifparse.cc:397:parse_blif$28568,$_OR_,Y,9787
7783,$abc$20785$auto$blifparse.cc:397:parse_blif$28569,$_AND_,Y,9788
7784,$abc$20785$auto$blifparse.cc:397:parse_blif$28570,$_NAND_,Y,9789
7785,$abc$20785$auto$blifparse.cc:397:parse_blif$28571,$_OR_,Y,9790
7786,$abc$20785$auto$blifparse.cc:397:parse_blif$28572,$_NAND_,Y,9791
7787,$abc$20785$auto$blifparse.cc:397:parse_blif$28573,$_XNOR_,Y,9792
7788,$abc$20785$auto$blifparse.cc:397:parse_blif$28574,$_XNOR_,Y,9793
7789,$abc$20785$auto$blifparse.cc:397:parse_blif$28575,$_XNOR_,Y,9794
7790,$abc$20785$auto$blifparse.cc:397:parse_blif$28576,$_XNOR_,Y,9795
7791,$abc$20785$auto$blifparse.cc:397:parse_blif$28577,$_AND_,Y,9796
7792,$abc$20785$auto$blifparse.cc:397:parse_blif$28578,$_NAND_,Y,9797
7793,$abc$20785$auto$blifparse.cc:397:parse_blif$28579,$_XNOR_,Y,9798
7794,$abc$20785$auto$blifparse.cc:397:parse_blif$28580,$_XNOR_,Y,9799
7795,$abc$20785$auto$blifparse.cc:397:parse_blif$28581,$_XNOR_,Y,9800
7796,$abc$20785$auto$blifparse.cc:397:parse_blif$28582,$_XNOR_,Y,9801
7797,$abc$20785$auto$blifparse.cc:397:parse_blif$28583,$_AND_,Y,9802
7798,$abc$20785$auto$blifparse.cc:397:parse_blif$28584,$_XNOR_,Y,9803
7799,$abc$20785$auto$blifparse.cc:397:parse_blif$28585,$_XNOR_,Y,9804
7800,$abc$20785$auto$blifparse.cc:397:parse_blif$28586,$_XNOR_,Y,9805
7801,$abc$20785$auto$blifparse.cc:397:parse_blif$28587,$_XNOR_,Y,9806
7802,$abc$20785$auto$blifparse.cc:397:parse_blif$28588,$_AND_,Y,9807
7803,$abc$20785$auto$blifparse.cc:397:parse_blif$28589,$_XNOR_,Y,9808
7804,$abc$20785$auto$blifparse.cc:397:parse_blif$28590,$_XOR_,Y,9809
7805,$abc$20785$auto$blifparse.cc:397:parse_blif$28591,$_XNOR_,Y,9810
7806,$abc$20785$auto$blifparse.cc:397:parse_blif$28592,$_XNOR_,Y,9811
7807,$abc$20785$auto$blifparse.cc:397:parse_blif$28593,$_NAND_,Y,9812
7808,$abc$20785$auto$blifparse.cc:397:parse_blif$28594,$_XNOR_,Y,9813
7809,$abc$20785$auto$blifparse.cc:397:parse_blif$28595,$_OR_,Y,9814
7810,$abc$20785$auto$blifparse.cc:397:parse_blif$28596,$_NAND_,Y,9815
7811,$abc$20785$auto$blifparse.cc:397:parse_blif$28597,$_NAND_,Y,9816
7812,$abc$20785$auto$blifparse.cc:397:parse_blif$28598,$_XNOR_,Y,9817
7813,$abc$20785$auto$blifparse.cc:397:parse_blif$28599,$_OR_,Y,9818
7814,$abc$20785$auto$blifparse.cc:397:parse_blif$28600,$_NAND_,Y,9819
7815,$abc$20785$auto$blifparse.cc:397:parse_blif$28601,$_NAND_,Y,9820
7816,$abc$20785$auto$blifparse.cc:397:parse_blif$28602,$_XNOR_,Y,9821
7817,$abc$20785$auto$blifparse.cc:397:parse_blif$28603,$_NAND_,Y,9822
7818,$abc$20785$auto$blifparse.cc:397:parse_blif$28604,$_OR_,Y,9823
7819,$abc$20785$auto$blifparse.cc:397:parse_blif$28605,$_NAND_,Y,9824
7820,$abc$20785$auto$blifparse.cc:397:parse_blif$28606,$_XNOR_,Y,9825
7821,$abc$20785$auto$blifparse.cc:397:parse_blif$28607,$_OR_,Y,9826
7822,$abc$20785$auto$blifparse.cc:397:parse_blif$28608,$_OR_,Y,9827
7823,$abc$20785$auto$blifparse.cc:397:parse_blif$28609,$_OR_,Y,9828
7824,$abc$20785$auto$blifparse.cc:397:parse_blif$28610,$_NAND_,Y,9829
7825,$abc$20785$auto$blifparse.cc:397:parse_blif$28611,$_OR_,Y,9830
7826,$abc$20785$auto$blifparse.cc:397:parse_blif$28612,$_NAND_,Y,9831
7827,$abc$20785$auto$blifparse.cc:397:parse_blif$28613,$_NAND_,Y,9832
7828,$abc$20785$auto$blifparse.cc:397:parse_blif$28614,$_AND_,Y,9833
7829,$abc$20785$auto$blifparse.cc:397:parse_blif$28615,$_AND_,Y,9834
7830,$abc$20785$auto$blifparse.cc:397:parse_blif$28616,$_OR_,Y,9835
7831,$abc$20785$auto$blifparse.cc:397:parse_blif$28617,$_NAND_,Y,9836
7832,$abc$20785$auto$blifparse.cc:397:parse_blif$28618,$_NAND_,Y,9837
7833,$abc$20785$auto$blifparse.cc:397:parse_blif$28619,$_AND_,Y,9838
7834,$abc$20785$auto$blifparse.cc:397:parse_blif$28620,$_OR_,Y,9839
7835,$abc$20785$auto$blifparse.cc:397:parse_blif$28621,$_AND_,Y,9840
7836,$abc$20785$auto$blifparse.cc:397:parse_blif$28622,$_NAND_,Y,9841
7837,$abc$20785$auto$blifparse.cc:397:parse_blif$28623,$_NAND_,Y,9842
7838,$abc$20785$auto$blifparse.cc:397:parse_blif$28624,$_OR_,Y,9843
7839,$abc$20785$auto$blifparse.cc:397:parse_blif$28625,$_AND_,Y,9844
7840,$abc$20785$auto$blifparse.cc:397:parse_blif$28626,$_NAND_,Y,9845
7841,$abc$20785$auto$blifparse.cc:397:parse_blif$28627,$_NAND_,Y,9846
7842,$abc$20785$auto$blifparse.cc:397:parse_blif$28628,$_OR_,Y,9847
7843,$abc$20785$auto$blifparse.cc:397:parse_blif$28629,$_NAND_,Y,9848
7844,$abc$20785$auto$blifparse.cc:397:parse_blif$28630,$_NAND_,Y,9849
7845,$abc$20785$auto$blifparse.cc:397:parse_blif$28631,$_OR_,Y,9850
7846,$abc$20785$auto$blifparse.cc:397:parse_blif$28632,$_AND_,Y,9851
7847,$abc$20785$auto$blifparse.cc:397:parse_blif$28633,$_XNOR_,Y,9852
7848,$abc$20785$auto$blifparse.cc:397:parse_blif$28634,$_XNOR_,Y,9853
7849,$abc$20785$auto$blifparse.cc:397:parse_blif$28635,$_XNOR_,Y,9854
7850,$abc$20785$auto$blifparse.cc:397:parse_blif$28636,$_XNOR_,Y,9855
7851,$abc$20785$auto$blifparse.cc:397:parse_blif$28637,$_AND_,Y,9856
7852,$abc$20785$auto$blifparse.cc:397:parse_blif$28638,$_XNOR_,Y,9857
7853,$abc$20785$auto$blifparse.cc:397:parse_blif$28639,$_XOR_,Y,9858
7854,$abc$20785$auto$blifparse.cc:397:parse_blif$28640,$_XNOR_,Y,9859
7855,$abc$20785$auto$blifparse.cc:397:parse_blif$28641,$_XNOR_,Y,9860
7856,$abc$20785$auto$blifparse.cc:397:parse_blif$28642,$_AND_,Y,9861
7857,$abc$20785$auto$blifparse.cc:397:parse_blif$28643,$_XNOR_,Y,9862
7858,$abc$20785$auto$blifparse.cc:397:parse_blif$28644,$_XOR_,Y,9863
7859,$abc$20785$auto$blifparse.cc:397:parse_blif$28645,$_XNOR_,Y,9864
7860,$abc$20785$auto$blifparse.cc:397:parse_blif$28646,$_XNOR_,Y,9865
7861,$abc$20785$auto$blifparse.cc:397:parse_blif$28647,$_AND_,Y,9866
7862,$abc$20785$auto$blifparse.cc:397:parse_blif$28648,$_XNOR_,Y,9867
7863,$abc$20785$auto$blifparse.cc:397:parse_blif$28649,$_XNOR_,Y,9868
7864,$abc$20785$auto$blifparse.cc:397:parse_blif$28650,$_XNOR_,Y,9869
7865,$abc$20785$auto$blifparse.cc:397:parse_blif$28651,$_XNOR_,Y,9870
7866,$abc$20785$auto$blifparse.cc:397:parse_blif$28652,$_NAND_,Y,9871
7867,$abc$20785$auto$blifparse.cc:397:parse_blif$28653,$_XNOR_,Y,9872
7868,$abc$20785$auto$blifparse.cc:397:parse_blif$28654,$_NAND_,Y,9873
7869,$abc$20785$auto$blifparse.cc:397:parse_blif$28655,$_OR_,Y,9874
7870,$abc$20785$auto$blifparse.cc:397:parse_blif$28656,$_NAND_,Y,9875
7871,$abc$20785$auto$blifparse.cc:397:parse_blif$28657,$_XNOR_,Y,9876
7872,$abc$20785$auto$blifparse.cc:397:parse_blif$28658,$_NAND_,Y,9877
7873,$abc$20785$auto$blifparse.cc:397:parse_blif$28659,$_OR_,Y,9878
7874,$abc$20785$auto$blifparse.cc:397:parse_blif$28660,$_NAND_,Y,9879
7875,$abc$20785$auto$blifparse.cc:397:parse_blif$28661,$_XNOR_,Y,9880
7876,$abc$20785$auto$blifparse.cc:397:parse_blif$28662,$_NAND_,Y,9881
7877,$abc$20785$auto$blifparse.cc:397:parse_blif$28663,$_OR_,Y,9882
7878,$abc$20785$auto$blifparse.cc:397:parse_blif$28664,$_NAND_,Y,9883
7879,$abc$20785$auto$blifparse.cc:397:parse_blif$28665,$_XNOR_,Y,9884
7880,$abc$20785$auto$blifparse.cc:397:parse_blif$28666,$_NAND_,Y,9885
7881,$abc$20785$auto$blifparse.cc:397:parse_blif$28667,$_AND_,Y,9886
7882,$abc$20785$auto$blifparse.cc:397:parse_blif$28668,$_OR_,Y,9887
7883,$abc$20785$auto$blifparse.cc:397:parse_blif$28669,$_NAND_,Y,9888
7884,$abc$20785$auto$blifparse.cc:397:parse_blif$28670,$_NAND_,Y,9889
7885,$abc$20785$auto$blifparse.cc:397:parse_blif$28671,$_AND_,Y,9890
7886,$abc$20785$auto$blifparse.cc:397:parse_blif$28672,$_OR_,Y,9891
7887,$abc$20785$auto$blifparse.cc:397:parse_blif$28673,$_NAND_,Y,9892
7888,$abc$20785$auto$blifparse.cc:397:parse_blif$28674,$_NAND_,Y,9893
7889,$abc$20785$auto$blifparse.cc:397:parse_blif$28675,$_AND_,Y,9894
7890,$abc$20785$auto$blifparse.cc:397:parse_blif$28676,$_OR_,Y,9895
7891,$abc$20785$auto$blifparse.cc:397:parse_blif$28677,$_NAND_,Y,9896
7892,$abc$20785$auto$blifparse.cc:397:parse_blif$28678,$_NAND_,Y,9897
7893,$abc$20785$auto$blifparse.cc:397:parse_blif$28679,$_AND_,Y,9898
7894,$abc$20785$auto$blifparse.cc:397:parse_blif$28680,$_OR_,Y,9899
7895,$abc$20785$auto$blifparse.cc:397:parse_blif$28681,$_AND_,Y,9900
7896,$abc$20785$auto$blifparse.cc:397:parse_blif$28682,$_XNOR_,Y,9901
7897,$abc$20785$auto$blifparse.cc:397:parse_blif$28683,$_MUX_,Y,9902
7898,$abc$20785$auto$blifparse.cc:397:parse_blif$28684,$_XNOR_,Y,9903
7899,$abc$20785$auto$blifparse.cc:397:parse_blif$28685,$_XNOR_,Y,9904
7900,$abc$20785$auto$blifparse.cc:397:parse_blif$28686,$_XNOR_,Y,9905
7901,$abc$20785$auto$blifparse.cc:397:parse_blif$28687,$_XNOR_,Y,9906
7902,$abc$20785$auto$blifparse.cc:397:parse_blif$28688,$_AND_,Y,9907
7903,$abc$20785$auto$blifparse.cc:397:parse_blif$28689,$_XNOR_,Y,9908
7904,$abc$20785$auto$blifparse.cc:397:parse_blif$28690,$_XNOR_,Y,9909
7905,$abc$20785$auto$blifparse.cc:397:parse_blif$28691,$_XNOR_,Y,9910
7906,$abc$20785$auto$blifparse.cc:397:parse_blif$28692,$_XNOR_,Y,9911
7907,$abc$20785$auto$blifparse.cc:397:parse_blif$28693,$_AND_,Y,9912
7908,$abc$20785$auto$blifparse.cc:397:parse_blif$28694,$_XNOR_,Y,9913
7909,$abc$20785$auto$blifparse.cc:397:parse_blif$28695,$_XNOR_,Y,9914
7910,$abc$20785$auto$blifparse.cc:397:parse_blif$28696,$_XNOR_,Y,9915
7911,$abc$20785$auto$blifparse.cc:397:parse_blif$28697,$_XNOR_,Y,9916
7912,$abc$20785$auto$blifparse.cc:397:parse_blif$28698,$_AND_,Y,9917
7913,$abc$20785$auto$blifparse.cc:397:parse_blif$28699,$_XNOR_,Y,9918
7914,$abc$20785$auto$blifparse.cc:397:parse_blif$28700,$_XNOR_,Y,9919
7915,$abc$20785$auto$blifparse.cc:397:parse_blif$28701,$_XNOR_,Y,9920
7916,$abc$20785$auto$blifparse.cc:397:parse_blif$28702,$_XNOR_,Y,9921
7917,$abc$20785$auto$blifparse.cc:397:parse_blif$28703,$_NAND_,Y,9922
7918,$abc$20785$auto$blifparse.cc:397:parse_blif$28704,$_NAND_,Y,9923
7919,$abc$20785$auto$blifparse.cc:397:parse_blif$28705,$_XNOR_,Y,9924
7920,$abc$20785$auto$blifparse.cc:397:parse_blif$28706,$_NAND_,Y,9925
7921,$abc$20785$auto$blifparse.cc:397:parse_blif$28707,$_XNOR_,Y,9926
7922,$abc$20785$auto$blifparse.cc:397:parse_blif$28708,$_NAND_,Y,9927
7923,$abc$20785$auto$blifparse.cc:397:parse_blif$28709,$_OR_,Y,9928
7924,$abc$20785$auto$blifparse.cc:397:parse_blif$28710,$_NAND_,Y,9929
7925,$abc$20785$auto$blifparse.cc:397:parse_blif$28711,$_NAND_,Y,9930
7926,$abc$20785$auto$blifparse.cc:397:parse_blif$28712,$_NAND_,Y,9931
7927,$abc$20785$auto$blifparse.cc:397:parse_blif$28713,$_XNOR_,Y,9932
7928,$abc$20785$auto$blifparse.cc:397:parse_blif$28714,$_OR_,Y,9933
7929,$abc$20785$auto$blifparse.cc:397:parse_blif$28715,$_AND_,Y,9934
7930,$abc$20785$auto$blifparse.cc:397:parse_blif$28716,$_XNOR_,Y,9935
7931,$abc$20785$auto$blifparse.cc:397:parse_blif$28717,$_OR_,Y,9936
7932,$abc$20785$auto$blifparse.cc:397:parse_blif$28718,$_NAND_,Y,9937
7933,$abc$20785$auto$blifparse.cc:397:parse_blif$28719,$_NAND_,Y,9938
7934,$abc$20785$auto$blifparse.cc:397:parse_blif$28720,$_AND_,Y,9939
7935,$abc$20785$auto$blifparse.cc:397:parse_blif$28721,$_OR_,Y,9940
7936,$abc$20785$auto$blifparse.cc:397:parse_blif$28722,$_AND_,Y,9941
7937,$abc$20785$auto$blifparse.cc:397:parse_blif$28723,$_OR_,Y,9942
7938,$abc$20785$auto$blifparse.cc:397:parse_blif$28724,$_AND_,Y,9943
7939,$abc$20785$auto$blifparse.cc:397:parse_blif$28725,$_XNOR_,Y,9944
7940,$abc$20785$auto$blifparse.cc:397:parse_blif$28726,$_OR_,Y,9945
7941,$abc$20785$auto$blifparse.cc:397:parse_blif$28727,$_NAND_,Y,9946
7942,$abc$20785$auto$blifparse.cc:397:parse_blif$28728,$_NAND_,Y,9947
7943,$abc$20785$auto$blifparse.cc:397:parse_blif$28729,$_OR_,Y,9948
7944,$abc$20785$auto$blifparse.cc:397:parse_blif$28730,$_AND_,Y,9949
7945,$abc$20785$auto$blifparse.cc:397:parse_blif$28731,$_XNOR_,Y,9950
7946,$abc$20785$auto$blifparse.cc:397:parse_blif$28732,$_XNOR_,Y,9951
7947,$abc$20785$auto$blifparse.cc:397:parse_blif$28733,$_XNOR_,Y,9952
7948,$abc$20785$auto$blifparse.cc:397:parse_blif$28734,$_XNOR_,Y,9953
7949,$abc$20785$auto$blifparse.cc:397:parse_blif$28735,$_XNOR_,Y,9954
7950,$abc$20785$auto$blifparse.cc:397:parse_blif$28736,$_XNOR_,Y,9955
7951,$abc$20785$auto$blifparse.cc:397:parse_blif$28737,$_XNOR_,Y,9956
7952,$abc$20785$auto$blifparse.cc:397:parse_blif$28738,$_XNOR_,Y,9957
7953,$abc$20785$auto$blifparse.cc:397:parse_blif$28739,$_AND_,Y,9958
7954,$abc$20785$auto$blifparse.cc:397:parse_blif$28740,$_XNOR_,Y,9959
7955,$abc$20785$auto$blifparse.cc:397:parse_blif$28741,$_XNOR_,Y,9960
7956,$abc$20785$auto$blifparse.cc:397:parse_blif$28742,$_XNOR_,Y,9961
7957,$abc$20785$auto$blifparse.cc:397:parse_blif$28743,$_XNOR_,Y,9962
7958,$abc$20785$auto$blifparse.cc:397:parse_blif$28744,$_XNOR_,Y,9963
7959,$abc$20785$auto$blifparse.cc:397:parse_blif$28745,$_XNOR_,Y,9964
7960,$abc$20785$auto$blifparse.cc:397:parse_blif$28746,$_XNOR_,Y,9965
7961,$abc$20785$auto$blifparse.cc:397:parse_blif$28747,$_XNOR_,Y,9966
7962,$abc$20785$auto$blifparse.cc:397:parse_blif$28748,$_NAND_,Y,9967
7963,$abc$20785$auto$blifparse.cc:397:parse_blif$28749,$_XNOR_,Y,9968
7964,$abc$20785$auto$blifparse.cc:397:parse_blif$28750,$_OR_,Y,9969
7965,$abc$20785$auto$blifparse.cc:397:parse_blif$28751,$_NAND_,Y,9970
7966,$abc$20785$auto$blifparse.cc:397:parse_blif$28752,$_NAND_,Y,9971
7967,$abc$20785$auto$blifparse.cc:397:parse_blif$28753,$_XNOR_,Y,9972
7968,$abc$20785$auto$blifparse.cc:397:parse_blif$28754,$_OR_,Y,9973
7969,$abc$20785$auto$blifparse.cc:397:parse_blif$28755,$_NAND_,Y,9974
7970,$abc$20785$auto$blifparse.cc:397:parse_blif$28756,$_NAND_,Y,9975
7971,$abc$20785$auto$blifparse.cc:397:parse_blif$28757,$_XNOR_,Y,9976
7972,$abc$20785$auto$blifparse.cc:397:parse_blif$28758,$_NAND_,Y,9977
7973,$abc$20785$auto$blifparse.cc:397:parse_blif$28759,$_OR_,Y,9978
7974,$abc$20785$auto$blifparse.cc:397:parse_blif$28760,$_NAND_,Y,9979
7975,$abc$20785$auto$blifparse.cc:397:parse_blif$28761,$_XNOR_,Y,9980
7976,$abc$20785$auto$blifparse.cc:397:parse_blif$28762,$_NAND_,Y,9981
7977,$abc$20785$auto$blifparse.cc:397:parse_blif$28763,$_AND_,Y,9982
7978,$abc$20785$auto$blifparse.cc:397:parse_blif$28764,$_OR_,Y,9983
7979,$abc$20785$auto$blifparse.cc:397:parse_blif$28765,$_NAND_,Y,9984
7980,$abc$20785$auto$blifparse.cc:397:parse_blif$28766,$_NAND_,Y,9985
7981,$abc$20785$auto$blifparse.cc:397:parse_blif$28767,$_AND_,Y,9986
7982,$abc$20785$auto$blifparse.cc:397:parse_blif$28768,$_OR_,Y,9987
7983,$abc$20785$auto$blifparse.cc:397:parse_blif$28769,$_AND_,Y,9988
7984,$abc$20785$auto$blifparse.cc:397:parse_blif$28770,$_NAND_,Y,9989
7985,$abc$20785$auto$blifparse.cc:397:parse_blif$28771,$_NAND_,Y,9990
7986,$abc$20785$auto$blifparse.cc:397:parse_blif$28772,$_OR_,Y,9991
7987,$abc$20785$auto$blifparse.cc:397:parse_blif$28773,$_AND_,Y,9992
7988,$abc$20785$auto$blifparse.cc:397:parse_blif$28774,$_NAND_,Y,9993
7989,$abc$20785$auto$blifparse.cc:397:parse_blif$28775,$_NAND_,Y,9994
7990,$abc$20785$auto$blifparse.cc:397:parse_blif$28776,$_OR_,Y,9995
7991,$abc$20785$auto$blifparse.cc:397:parse_blif$28777,$_NAND_,Y,9996
7992,$abc$20785$auto$blifparse.cc:397:parse_blif$28778,$_NAND_,Y,9997
7993,$abc$20785$auto$blifparse.cc:397:parse_blif$28779,$_OR_,Y,9998
7994,$abc$20785$auto$blifparse.cc:397:parse_blif$28780,$_AND_,Y,9999
7995,$abc$20785$auto$blifparse.cc:397:parse_blif$28781,$_XNOR_,Y,10000
7996,$abc$20785$auto$blifparse.cc:397:parse_blif$28782,$_XNOR_,Y,10001
7997,$abc$20785$auto$blifparse.cc:397:parse_blif$28783,$_XNOR_,Y,10002
7998,$abc$20785$auto$blifparse.cc:397:parse_blif$28784,$_XNOR_,Y,10003
7999,$abc$20785$auto$blifparse.cc:397:parse_blif$28785,$_AND_,Y,10004
8000,$abc$20785$auto$blifparse.cc:397:parse_blif$28786,$_XNOR_,Y,10005
8001,$abc$20785$auto$blifparse.cc:397:parse_blif$28787,$_XOR_,Y,10006
8002,$abc$20785$auto$blifparse.cc:397:parse_blif$28788,$_XNOR_,Y,10007
8003,$abc$20785$auto$blifparse.cc:397:parse_blif$28789,$_XNOR_,Y,10008
8004,$abc$20785$auto$blifparse.cc:397:parse_blif$28790,$_AND_,Y,10009
8005,$abc$20785$auto$blifparse.cc:397:parse_blif$28791,$_XNOR_,Y,10010
8006,$abc$20785$auto$blifparse.cc:397:parse_blif$28792,$_XOR_,Y,10011
8007,$abc$20785$auto$blifparse.cc:397:parse_blif$28793,$_XNOR_,Y,10012
8008,$abc$20785$auto$blifparse.cc:397:parse_blif$28794,$_XNOR_,Y,10013
8009,$abc$20785$auto$blifparse.cc:397:parse_blif$28795,$_AND_,Y,10014
8010,$abc$20785$auto$blifparse.cc:397:parse_blif$28796,$_XNOR_,Y,10015
8011,$abc$20785$auto$blifparse.cc:397:parse_blif$28797,$_XNOR_,Y,10016
8012,$abc$20785$auto$blifparse.cc:397:parse_blif$28798,$_XNOR_,Y,10017
8013,$abc$20785$auto$blifparse.cc:397:parse_blif$28799,$_XNOR_,Y,10018
8014,$abc$20785$auto$blifparse.cc:397:parse_blif$28800,$_NAND_,Y,10019
8015,$abc$20785$auto$blifparse.cc:397:parse_blif$28801,$_XNOR_,Y,10020
8016,$abc$20785$auto$blifparse.cc:397:parse_blif$28802,$_NAND_,Y,10021
8017,$abc$20785$auto$blifparse.cc:397:parse_blif$28803,$_OR_,Y,10022
8018,$abc$20785$auto$blifparse.cc:397:parse_blif$28804,$_NAND_,Y,10023
8019,$abc$20785$auto$blifparse.cc:397:parse_blif$28805,$_XNOR_,Y,10024
8020,$abc$20785$auto$blifparse.cc:397:parse_blif$28806,$_NAND_,Y,10025
8021,$abc$20785$auto$blifparse.cc:397:parse_blif$28807,$_OR_,Y,10026
8022,$abc$20785$auto$blifparse.cc:397:parse_blif$28808,$_NAND_,Y,10027
8023,$abc$20785$auto$blifparse.cc:397:parse_blif$28809,$_XNOR_,Y,10028
8024,$abc$20785$auto$blifparse.cc:397:parse_blif$28810,$_OR_,Y,10029
8025,$abc$20785$auto$blifparse.cc:397:parse_blif$28811,$_NAND_,Y,10030
8026,$abc$20785$auto$blifparse.cc:397:parse_blif$28812,$_NAND_,Y,10031
8027,$abc$20785$auto$blifparse.cc:397:parse_blif$28813,$_XNOR_,Y,10032
8028,$abc$20785$auto$blifparse.cc:397:parse_blif$28814,$_NAND_,Y,10033
8029,$abc$20785$auto$blifparse.cc:397:parse_blif$28815,$_AND_,Y,10034
8030,$abc$20785$auto$blifparse.cc:397:parse_blif$28816,$_OR_,Y,10035
8031,$abc$20785$auto$blifparse.cc:397:parse_blif$28817,$_AND_,Y,10036
8032,$abc$20785$auto$blifparse.cc:397:parse_blif$28818,$_NAND_,Y,10037
8033,$abc$20785$auto$blifparse.cc:397:parse_blif$28819,$_NAND_,Y,10038
8034,$abc$20785$auto$blifparse.cc:397:parse_blif$28820,$_OR_,Y,10039
8035,$abc$20785$auto$blifparse.cc:397:parse_blif$28821,$_NAND_,Y,10040
8036,$abc$20785$auto$blifparse.cc:397:parse_blif$28822,$_NAND_,Y,10041
8037,$abc$20785$auto$blifparse.cc:397:parse_blif$28823,$_AND_,Y,10042
8038,$abc$20785$auto$blifparse.cc:397:parse_blif$28824,$_OR_,Y,10043
8039,$abc$20785$auto$blifparse.cc:397:parse_blif$28825,$_NAND_,Y,10044
8040,$abc$20785$auto$blifparse.cc:397:parse_blif$28826,$_NAND_,Y,10045
8041,$abc$20785$auto$blifparse.cc:397:parse_blif$28827,$_AND_,Y,10046
8042,$abc$20785$auto$blifparse.cc:397:parse_blif$28828,$_OR_,Y,10047
8043,$abc$20785$auto$blifparse.cc:397:parse_blif$28829,$_NAND_,Y,10048
8044,$abc$20785$auto$blifparse.cc:397:parse_blif$28830,$_NAND_,Y,10049
8045,$abc$20785$auto$blifparse.cc:397:parse_blif$28831,$_OR_,Y,10050
8046,$abc$20785$auto$blifparse.cc:397:parse_blif$28832,$_AND_,Y,10051
8047,$abc$20785$auto$blifparse.cc:397:parse_blif$28833,$_XNOR_,Y,10052
8048,$abc$20785$auto$blifparse.cc:397:parse_blif$28834,$_XNOR_,Y,10053
8049,$abc$20785$auto$blifparse.cc:397:parse_blif$28835,$_XNOR_,Y,10054
8050,$abc$20785$auto$blifparse.cc:397:parse_blif$28836,$_XNOR_,Y,10055
8051,$abc$20785$auto$blifparse.cc:397:parse_blif$28837,$_AND_,Y,10056
8052,$abc$20785$auto$blifparse.cc:397:parse_blif$28838,$_XNOR_,Y,10057
8053,$abc$20785$auto$blifparse.cc:397:parse_blif$28839,$_XNOR_,Y,10058
8054,$abc$20785$auto$blifparse.cc:397:parse_blif$28840,$_XNOR_,Y,10059
8055,$abc$20785$auto$blifparse.cc:397:parse_blif$28841,$_XNOR_,Y,10060
8056,$abc$20785$auto$blifparse.cc:397:parse_blif$28842,$_AND_,Y,10061
8057,$abc$20785$auto$blifparse.cc:397:parse_blif$28843,$_XNOR_,Y,10062
8058,$abc$20785$auto$blifparse.cc:397:parse_blif$28844,$_XNOR_,Y,10063
8059,$abc$20785$auto$blifparse.cc:397:parse_blif$28845,$_XNOR_,Y,10064
8060,$abc$20785$auto$blifparse.cc:397:parse_blif$28846,$_XNOR_,Y,10065
8061,$abc$20785$auto$blifparse.cc:397:parse_blif$28847,$_AND_,Y,10066
8062,$abc$20785$auto$blifparse.cc:397:parse_blif$28848,$_XNOR_,Y,10067
8063,$abc$20785$auto$blifparse.cc:397:parse_blif$28849,$_XOR_,Y,10068
8064,$abc$20785$auto$blifparse.cc:397:parse_blif$28850,$_XNOR_,Y,10069
8065,$abc$20785$auto$blifparse.cc:397:parse_blif$28851,$_XNOR_,Y,10070
8066,$abc$20785$auto$blifparse.cc:397:parse_blif$28852,$_NAND_,Y,10071
8067,$abc$20785$auto$blifparse.cc:397:parse_blif$28853,$_XNOR_,Y,10072
8068,$abc$20785$auto$blifparse.cc:397:parse_blif$28854,$_NAND_,Y,10073
8069,$abc$20785$auto$blifparse.cc:397:parse_blif$28855,$_OR_,Y,10074
8070,$abc$20785$auto$blifparse.cc:397:parse_blif$28856,$_NAND_,Y,10075
8071,$abc$20785$auto$blifparse.cc:397:parse_blif$28857,$_XNOR_,Y,10076
8072,$abc$20785$auto$blifparse.cc:397:parse_blif$28858,$_NAND_,Y,10077
8073,$abc$20785$auto$blifparse.cc:397:parse_blif$28859,$_OR_,Y,10078
8074,$abc$20785$auto$blifparse.cc:397:parse_blif$28860,$_NAND_,Y,10079
8075,$abc$20785$auto$blifparse.cc:397:parse_blif$28861,$_XNOR_,Y,10080
8076,$abc$20785$auto$blifparse.cc:397:parse_blif$28862,$_NAND_,Y,10081
8077,$abc$20785$auto$blifparse.cc:397:parse_blif$28863,$_OR_,Y,10082
8078,$abc$20785$auto$blifparse.cc:397:parse_blif$28864,$_NAND_,Y,10083
8079,$abc$20785$auto$blifparse.cc:397:parse_blif$28865,$_XNOR_,Y,10084
8080,$abc$20785$auto$blifparse.cc:397:parse_blif$28866,$_NAND_,Y,10085
8081,$abc$20785$auto$blifparse.cc:397:parse_blif$28867,$_AND_,Y,10086
8082,$abc$20785$auto$blifparse.cc:397:parse_blif$28868,$_OR_,Y,10087
8083,$abc$20785$auto$blifparse.cc:397:parse_blif$28869,$_NAND_,Y,10088
8084,$abc$20785$auto$blifparse.cc:397:parse_blif$28870,$_NAND_,Y,10089
8085,$abc$20785$auto$blifparse.cc:397:parse_blif$28871,$_AND_,Y,10090
8086,$abc$20785$auto$blifparse.cc:397:parse_blif$28872,$_OR_,Y,10091
8087,$abc$20785$auto$blifparse.cc:397:parse_blif$28873,$_NAND_,Y,10092
8088,$abc$20785$auto$blifparse.cc:397:parse_blif$28874,$_NAND_,Y,10093
8089,$abc$20785$auto$blifparse.cc:397:parse_blif$28875,$_AND_,Y,10094
8090,$abc$20785$auto$blifparse.cc:397:parse_blif$28876,$_OR_,Y,10095
8091,$abc$20785$auto$blifparse.cc:397:parse_blif$28877,$_NAND_,Y,10096
8092,$abc$20785$auto$blifparse.cc:397:parse_blif$28878,$_NAND_,Y,10097
8093,$abc$20785$auto$blifparse.cc:397:parse_blif$28879,$_AND_,Y,10098
8094,$abc$20785$auto$blifparse.cc:397:parse_blif$28880,$_OR_,Y,10099
8095,$abc$20785$auto$blifparse.cc:397:parse_blif$28881,$_AND_,Y,10100
8096,$abc$20785$auto$blifparse.cc:397:parse_blif$28882,$_XNOR_,Y,10101
8097,$abc$20785$auto$blifparse.cc:397:parse_blif$28883,$_MUX_,Y,10102
8098,$abc$20785$auto$blifparse.cc:397:parse_blif$28884,$_XNOR_,Y,10103
8099,$abc$20785$auto$blifparse.cc:397:parse_blif$28885,$_XNOR_,Y,10104
8100,$abc$20785$auto$blifparse.cc:397:parse_blif$28886,$_XNOR_,Y,10105
8101,$abc$20785$auto$blifparse.cc:397:parse_blif$28887,$_XNOR_,Y,10106
8102,$abc$20785$auto$blifparse.cc:397:parse_blif$28888,$_AND_,Y,10107
8103,$abc$20785$auto$blifparse.cc:397:parse_blif$28889,$_XNOR_,Y,10108
8104,$abc$20785$auto$blifparse.cc:397:parse_blif$28890,$_XNOR_,Y,10109
8105,$abc$20785$auto$blifparse.cc:397:parse_blif$28891,$_XNOR_,Y,10110
8106,$abc$20785$auto$blifparse.cc:397:parse_blif$28892,$_XNOR_,Y,10111
8107,$abc$20785$auto$blifparse.cc:397:parse_blif$28893,$_AND_,Y,10112
8108,$abc$20785$auto$blifparse.cc:397:parse_blif$28894,$_XNOR_,Y,10113
8109,$abc$20785$auto$blifparse.cc:397:parse_blif$28895,$_XNOR_,Y,10114
8110,$abc$20785$auto$blifparse.cc:397:parse_blif$28896,$_XNOR_,Y,10115
8111,$abc$20785$auto$blifparse.cc:397:parse_blif$28897,$_XNOR_,Y,10116
8112,$abc$20785$auto$blifparse.cc:397:parse_blif$28898,$_AND_,Y,10117
8113,$abc$20785$auto$blifparse.cc:397:parse_blif$28899,$_XNOR_,Y,10118
8114,$abc$20785$auto$blifparse.cc:397:parse_blif$28900,$_XNOR_,Y,10119
8115,$abc$20785$auto$blifparse.cc:397:parse_blif$28901,$_XNOR_,Y,10120
8116,$abc$20785$auto$blifparse.cc:397:parse_blif$28902,$_XNOR_,Y,10121
8117,$abc$20785$auto$blifparse.cc:397:parse_blif$28903,$_NAND_,Y,10122
8118,$abc$20785$auto$blifparse.cc:397:parse_blif$28904,$_NAND_,Y,10123
8119,$abc$20785$auto$blifparse.cc:397:parse_blif$28905,$_NAND_,Y,10124
8120,$abc$20785$auto$blifparse.cc:397:parse_blif$28906,$_XOR_,Y,10125
8121,$abc$20785$auto$blifparse.cc:397:parse_blif$28907,$_NAND_,Y,10126
8122,$abc$20785$auto$blifparse.cc:397:parse_blif$28908,$_OR_,Y,10127
8123,$abc$20785$auto$blifparse.cc:397:parse_blif$28909,$_NAND_,Y,10128
8124,$abc$20785$auto$blifparse.cc:397:parse_blif$28910,$_NAND_,Y,10129
8125,$abc$20785$auto$blifparse.cc:397:parse_blif$28911,$_AND_,Y,10130
8126,$abc$20785$auto$blifparse.cc:397:parse_blif$28912,$_XOR_,Y,10131
8127,$abc$20785$auto$blifparse.cc:397:parse_blif$28913,$_NAND_,Y,10132
8128,$abc$20785$auto$blifparse.cc:397:parse_blif$28914,$_NAND_,Y,10133
8129,$abc$20785$auto$blifparse.cc:397:parse_blif$28915,$_XOR_,Y,10134
8130,$abc$20785$auto$blifparse.cc:397:parse_blif$28916,$_NAND_,Y,10135
8131,$abc$20785$auto$blifparse.cc:397:parse_blif$28917,$_NAND_,Y,10136
8132,$abc$20785$auto$blifparse.cc:397:parse_blif$28918,$_NAND_,Y,10137
8133,$abc$20785$auto$blifparse.cc:397:parse_blif$28919,$_NAND_,Y,10138
8134,$abc$20785$auto$blifparse.cc:397:parse_blif$28920,$_NAND_,Y,10139
8135,$abc$20785$auto$blifparse.cc:397:parse_blif$28921,$_NAND_,Y,10140
8136,$abc$20785$auto$blifparse.cc:397:parse_blif$28922,$_XOR_,Y,10141
8137,$abc$20785$auto$blifparse.cc:397:parse_blif$28923,$_NAND_,Y,10142
8138,$abc$20785$auto$blifparse.cc:397:parse_blif$28924,$_NAND_,Y,10143
8139,$abc$20785$auto$blifparse.cc:397:parse_blif$28925,$_XOR_,Y,10144
8140,$abc$20785$auto$blifparse.cc:397:parse_blif$28926,$_NAND_,Y,10145
8141,$abc$20785$auto$blifparse.cc:397:parse_blif$28927,$_NAND_,Y,10146
8142,$abc$20785$auto$blifparse.cc:397:parse_blif$28928,$_NAND_,Y,10147
8143,$abc$20785$auto$blifparse.cc:397:parse_blif$28929,$_OR_,Y,10148
8144,$abc$20785$auto$blifparse.cc:397:parse_blif$28930,$_AND_,Y,10149
8145,$abc$20785$auto$blifparse.cc:397:parse_blif$28931,$_XNOR_,Y,10150
8146,$abc$20785$auto$blifparse.cc:397:parse_blif$28932,$_XNOR_,Y,10151
8147,$abc$20785$auto$blifparse.cc:397:parse_blif$28933,$_XNOR_,Y,10152
8148,$abc$20785$auto$blifparse.cc:397:parse_blif$28934,$_XNOR_,Y,10153
8149,$abc$20785$auto$blifparse.cc:397:parse_blif$28935,$_XNOR_,Y,10154
8150,$abc$20785$auto$blifparse.cc:397:parse_blif$28936,$_XNOR_,Y,10155
8151,$abc$20785$auto$blifparse.cc:397:parse_blif$28937,$_XOR_,Y,10156
8152,$abc$20785$auto$blifparse.cc:397:parse_blif$28938,$_XOR_,Y,10157
8153,$abc$20785$auto$blifparse.cc:397:parse_blif$28939,$_AND_,Y,10158
8154,$abc$20785$auto$blifparse.cc:397:parse_blif$28940,$_XNOR_,Y,10159
8155,$abc$20785$auto$blifparse.cc:397:parse_blif$28941,$_XNOR_,Y,10160
8156,$abc$20785$auto$blifparse.cc:397:parse_blif$28942,$_XNOR_,Y,10161
8157,$abc$20785$auto$blifparse.cc:397:parse_blif$28943,$_XNOR_,Y,10162
8158,$abc$20785$auto$blifparse.cc:397:parse_blif$28944,$_XNOR_,Y,10163
8159,$abc$20785$auto$blifparse.cc:397:parse_blif$28945,$_XNOR_,Y,10164
8160,$abc$20785$auto$blifparse.cc:397:parse_blif$28946,$_XNOR_,Y,10165
8161,$abc$20785$auto$blifparse.cc:397:parse_blif$28947,$_XNOR_,Y,10166
8162,$abc$20785$auto$blifparse.cc:397:parse_blif$28948,$_NAND_,Y,10167
8163,$abc$20785$auto$blifparse.cc:397:parse_blif$28949,$_XOR_,Y,10168
8164,$abc$20785$auto$blifparse.cc:397:parse_blif$28950,$_NAND_,Y,10169
8165,$abc$20785$auto$blifparse.cc:397:parse_blif$28951,$_OR_,Y,10170
8166,$abc$20785$auto$blifparse.cc:397:parse_blif$28952,$_NAND_,Y,10171
8167,$abc$20785$auto$blifparse.cc:397:parse_blif$28953,$_XOR_,Y,10172
8168,$abc$20785$auto$blifparse.cc:397:parse_blif$28954,$_NAND_,Y,10173
8169,$abc$20785$auto$blifparse.cc:397:parse_blif$28955,$_OR_,Y,10174
8170,$abc$20785$auto$blifparse.cc:397:parse_blif$28956,$_NAND_,Y,10175
8171,$abc$20785$auto$blifparse.cc:397:parse_blif$28957,$_XOR_,Y,10176
8172,$abc$20785$auto$blifparse.cc:397:parse_blif$28958,$_NAND_,Y,10177
8173,$abc$20785$auto$blifparse.cc:397:parse_blif$28959,$_OR_,Y,10178
8174,$abc$20785$auto$blifparse.cc:397:parse_blif$28960,$_NAND_,Y,10179
8175,$abc$20785$auto$blifparse.cc:397:parse_blif$28961,$_XOR_,Y,10180
8176,$abc$20785$auto$blifparse.cc:397:parse_blif$28962,$_NAND_,Y,10181
8177,$abc$20785$auto$blifparse.cc:397:parse_blif$28963,$_NAND_,Y,10182
8178,$abc$20785$auto$blifparse.cc:397:parse_blif$28964,$_NAND_,Y,10183
8179,$abc$20785$auto$blifparse.cc:397:parse_blif$28965,$_NAND_,Y,10184
8180,$abc$20785$auto$blifparse.cc:397:parse_blif$28966,$_NAND_,Y,10185
8181,$abc$20785$auto$blifparse.cc:397:parse_blif$28967,$_NAND_,Y,10186
8182,$abc$20785$auto$blifparse.cc:397:parse_blif$28968,$_NAND_,Y,10187
8183,$abc$20785$auto$blifparse.cc:397:parse_blif$28969,$_NAND_,Y,10188
8184,$abc$20785$auto$blifparse.cc:397:parse_blif$28970,$_NAND_,Y,10189
8185,$abc$20785$auto$blifparse.cc:397:parse_blif$28971,$_NAND_,Y,10190
8186,$abc$20785$auto$blifparse.cc:397:parse_blif$28972,$_NAND_,Y,10191
8187,$abc$20785$auto$blifparse.cc:397:parse_blif$28973,$_NAND_,Y,10192
8188,$abc$20785$auto$blifparse.cc:397:parse_blif$28974,$_NAND_,Y,10193
8189,$abc$20785$auto$blifparse.cc:397:parse_blif$28975,$_NAND_,Y,10194
8190,$abc$20785$auto$blifparse.cc:397:parse_blif$28976,$_NAND_,Y,10195
8191,$abc$20785$auto$blifparse.cc:397:parse_blif$28977,$_NAND_,Y,10196
8192,$abc$20785$auto$blifparse.cc:397:parse_blif$28978,$_NAND_,Y,10197
8193,$abc$20785$auto$blifparse.cc:397:parse_blif$28979,$_OR_,Y,10198
8194,$abc$20785$auto$blifparse.cc:397:parse_blif$28980,$_AND_,Y,10199
8195,$abc$20785$auto$blifparse.cc:397:parse_blif$28981,$_XNOR_,Y,10200
8196,$abc$20785$auto$blifparse.cc:397:parse_blif$28982,$_XNOR_,Y,10201
8197,$abc$20785$auto$blifparse.cc:397:parse_blif$28983,$_XOR_,Y,10202
8198,$abc$20785$auto$blifparse.cc:397:parse_blif$28984,$_XOR_,Y,10203
8199,$abc$20785$auto$blifparse.cc:397:parse_blif$28985,$_AND_,Y,10204
8200,$abc$20785$auto$blifparse.cc:397:parse_blif$28986,$_XNOR_,Y,10205
8201,$abc$20785$auto$blifparse.cc:397:parse_blif$28987,$_XNOR_,Y,10206
8202,$abc$20785$auto$blifparse.cc:397:parse_blif$28988,$_XOR_,Y,10207
8203,$abc$20785$auto$blifparse.cc:397:parse_blif$28989,$_XOR_,Y,10208
8204,$abc$20785$auto$blifparse.cc:397:parse_blif$28990,$_AND_,Y,10209
8205,$abc$20785$auto$blifparse.cc:397:parse_blif$28991,$_XNOR_,Y,10210
8206,$abc$20785$auto$blifparse.cc:397:parse_blif$28992,$_XNOR_,Y,10211
8207,$abc$20785$auto$blifparse.cc:397:parse_blif$28993,$_XOR_,Y,10212
8208,$abc$20785$auto$blifparse.cc:397:parse_blif$28994,$_XOR_,Y,10213
8209,$abc$20785$auto$blifparse.cc:397:parse_blif$28995,$_AND_,Y,10214
8210,$abc$20785$auto$blifparse.cc:397:parse_blif$28996,$_XNOR_,Y,10215
8211,$abc$20785$auto$blifparse.cc:397:parse_blif$28997,$_XNOR_,Y,10216
8212,$abc$20785$auto$blifparse.cc:397:parse_blif$28998,$_XOR_,Y,10217
8213,$abc$20785$auto$blifparse.cc:397:parse_blif$28999,$_XOR_,Y,10218
8214,$abc$20785$auto$blifparse.cc:397:parse_blif$29000,$_NAND_,Y,10219
8215,$abc$20785$auto$blifparse.cc:397:parse_blif$29001,$_XOR_,Y,10220
8216,$abc$20785$auto$blifparse.cc:397:parse_blif$29002,$_OR_,Y,10221
8217,$abc$20785$auto$blifparse.cc:397:parse_blif$29003,$_NAND_,Y,10222
8218,$abc$20785$auto$blifparse.cc:397:parse_blif$29004,$_NAND_,Y,10223
8219,$abc$20785$auto$blifparse.cc:397:parse_blif$29005,$_XOR_,Y,10224
8220,$abc$20785$auto$blifparse.cc:397:parse_blif$29006,$_OR_,Y,10225
8221,$abc$20785$auto$blifparse.cc:397:parse_blif$29007,$_NAND_,Y,10226
8222,$abc$20785$auto$blifparse.cc:397:parse_blif$29008,$_NAND_,Y,10227
8223,$abc$20785$auto$blifparse.cc:397:parse_blif$29009,$_XOR_,Y,10228
8224,$abc$20785$auto$blifparse.cc:397:parse_blif$29010,$_NAND_,Y,10229
8225,$abc$20785$auto$blifparse.cc:397:parse_blif$29011,$_OR_,Y,10230
8226,$abc$20785$auto$blifparse.cc:397:parse_blif$29012,$_NAND_,Y,10231
8227,$abc$20785$auto$blifparse.cc:397:parse_blif$29013,$_XOR_,Y,10232
8228,$abc$20785$auto$blifparse.cc:397:parse_blif$29014,$_NAND_,Y,10233
8229,$abc$20785$auto$blifparse.cc:397:parse_blif$29015,$_NAND_,Y,10234
8230,$abc$20785$auto$blifparse.cc:397:parse_blif$29016,$_NAND_,Y,10235
8231,$abc$20785$auto$blifparse.cc:397:parse_blif$29017,$_NAND_,Y,10236
8232,$abc$20785$auto$blifparse.cc:397:parse_blif$29018,$_NAND_,Y,10237
8233,$abc$20785$auto$blifparse.cc:397:parse_blif$29019,$_NAND_,Y,10238
8234,$abc$20785$auto$blifparse.cc:397:parse_blif$29020,$_NAND_,Y,10239
8235,$abc$20785$auto$blifparse.cc:397:parse_blif$29021,$_AND_,Y,10240
8236,$abc$20785$auto$blifparse.cc:397:parse_blif$29022,$_NAND_,Y,10241
8237,$abc$20785$auto$blifparse.cc:397:parse_blif$29023,$_AND_,Y,10242
8238,$abc$20785$auto$blifparse.cc:397:parse_blif$29024,$_NAND_,Y,10243
8239,$abc$20785$auto$blifparse.cc:397:parse_blif$29025,$_AND_,Y,10244
8240,$abc$20785$auto$blifparse.cc:397:parse_blif$29026,$_NAND_,Y,10245
8241,$abc$20785$auto$blifparse.cc:397:parse_blif$29027,$_AND_,Y,10246
8242,$abc$20785$auto$blifparse.cc:397:parse_blif$29028,$_NAND_,Y,10247
8243,$abc$20785$auto$blifparse.cc:397:parse_blif$29029,$_NAND_,Y,10248
8244,$abc$20785$auto$blifparse.cc:397:parse_blif$29030,$_NAND_,Y,10249
8245,$abc$20785$auto$blifparse.cc:397:parse_blif$29031,$_OR_,Y,10250
8246,$abc$20785$auto$blifparse.cc:397:parse_blif$29032,$_AND_,Y,10251
8247,$abc$20785$auto$blifparse.cc:397:parse_blif$29033,$_XNOR_,Y,10252
8248,$abc$20785$auto$blifparse.cc:397:parse_blif$29034,$_XNOR_,Y,10253
8249,$abc$20785$auto$blifparse.cc:397:parse_blif$29035,$_XNOR_,Y,10254
8250,$abc$20785$auto$blifparse.cc:397:parse_blif$29036,$_XNOR_,Y,10255
8251,$abc$20785$auto$blifparse.cc:397:parse_blif$29037,$_AND_,Y,10256
8252,$abc$20785$auto$blifparse.cc:397:parse_blif$29038,$_XNOR_,Y,10257
8253,$abc$20785$auto$blifparse.cc:397:parse_blif$29039,$_XOR_,Y,10258
8254,$abc$20785$auto$blifparse.cc:397:parse_blif$29040,$_XNOR_,Y,10259
8255,$abc$20785$auto$blifparse.cc:397:parse_blif$29041,$_XNOR_,Y,10260
8256,$abc$20785$auto$blifparse.cc:397:parse_blif$29042,$_AND_,Y,10261
8257,$abc$20785$auto$blifparse.cc:397:parse_blif$29043,$_XNOR_,Y,10262
8258,$abc$20785$auto$blifparse.cc:397:parse_blif$29044,$_XOR_,Y,10263
8259,$abc$20785$auto$blifparse.cc:397:parse_blif$29045,$_XOR_,Y,10264
8260,$abc$20785$auto$blifparse.cc:397:parse_blif$29046,$_XOR_,Y,10265
8261,$abc$20785$auto$blifparse.cc:397:parse_blif$29047,$_AND_,Y,10266
8262,$abc$20785$auto$blifparse.cc:397:parse_blif$29048,$_XNOR_,Y,10267
8263,$abc$20785$auto$blifparse.cc:397:parse_blif$29049,$_XNOR_,Y,10268
8264,$abc$20785$auto$blifparse.cc:397:parse_blif$29050,$_XNOR_,Y,10269
8265,$abc$20785$auto$blifparse.cc:397:parse_blif$29051,$_XNOR_,Y,10270
8266,$abc$20785$auto$blifparse.cc:397:parse_blif$29052,$_NAND_,Y,10271
8267,$abc$20785$auto$blifparse.cc:397:parse_blif$29053,$_XOR_,Y,10272
8268,$abc$20785$auto$blifparse.cc:397:parse_blif$29054,$_NAND_,Y,10273
8269,$abc$20785$auto$blifparse.cc:397:parse_blif$29055,$_OR_,Y,10274
8270,$abc$20785$auto$blifparse.cc:397:parse_blif$29056,$_NAND_,Y,10275
8271,$abc$20785$auto$blifparse.cc:397:parse_blif$29057,$_XOR_,Y,10276
8272,$abc$20785$auto$blifparse.cc:397:parse_blif$29058,$_NAND_,Y,10277
8273,$abc$20785$auto$blifparse.cc:397:parse_blif$29059,$_OR_,Y,10278
8274,$abc$20785$auto$blifparse.cc:397:parse_blif$29060,$_NAND_,Y,10279
8275,$abc$20785$auto$blifparse.cc:397:parse_blif$29061,$_XOR_,Y,10280
8276,$abc$20785$auto$blifparse.cc:397:parse_blif$29062,$_NAND_,Y,10281
8277,$abc$20785$auto$blifparse.cc:397:parse_blif$29063,$_OR_,Y,10282
8278,$abc$20785$auto$blifparse.cc:397:parse_blif$29064,$_NAND_,Y,10283
8279,$abc$20785$auto$blifparse.cc:397:parse_blif$29065,$_XOR_,Y,10284
8280,$abc$20785$auto$blifparse.cc:397:parse_blif$29066,$_NAND_,Y,10285
8281,$abc$20785$auto$blifparse.cc:397:parse_blif$29067,$_NAND_,Y,10286
8282,$abc$20785$auto$blifparse.cc:397:parse_blif$29068,$_NAND_,Y,10287
8283,$abc$20785$auto$blifparse.cc:397:parse_blif$29069,$_NAND_,Y,10288
8284,$abc$20785$auto$blifparse.cc:397:parse_blif$29070,$_NAND_,Y,10289
8285,$abc$20785$auto$blifparse.cc:397:parse_blif$29071,$_NAND_,Y,10290
8286,$abc$20785$auto$blifparse.cc:397:parse_blif$29072,$_NAND_,Y,10291
8287,$abc$20785$auto$blifparse.cc:397:parse_blif$29073,$_NAND_,Y,10292
8288,$abc$20785$auto$blifparse.cc:397:parse_blif$29074,$_NAND_,Y,10293
8289,$abc$20785$auto$blifparse.cc:397:parse_blif$29075,$_NAND_,Y,10294
8290,$abc$20785$auto$blifparse.cc:397:parse_blif$29076,$_NAND_,Y,10295
8291,$abc$20785$auto$blifparse.cc:397:parse_blif$29077,$_NAND_,Y,10296
8292,$abc$20785$auto$blifparse.cc:397:parse_blif$29078,$_NAND_,Y,10297
8293,$abc$20785$auto$blifparse.cc:397:parse_blif$29079,$_NAND_,Y,10298
8294,$abc$20785$auto$blifparse.cc:397:parse_blif$29080,$_NAND_,Y,10299
8295,$abc$20785$auto$blifparse.cc:397:parse_blif$29081,$_AND_,Y,10300
8296,$abc$20785$auto$blifparse.cc:397:parse_blif$29082,$_XNOR_,Y,10301
8297,$abc$20785$auto$blifparse.cc:397:parse_blif$29083,$_XNOR_,Y,10302
8298,$abc$20785$auto$blifparse.cc:397:parse_blif$29084,$_XNOR_,Y,10303
8299,$abc$20785$auto$blifparse.cc:397:parse_blif$29085,$_XOR_,Y,10304
8300,$abc$20785$auto$blifparse.cc:397:parse_blif$29086,$_XOR_,Y,10305
8301,$abc$20785$auto$blifparse.cc:397:parse_blif$29087,$_AND_,Y,10306
8302,$abc$20785$auto$blifparse.cc:397:parse_blif$29088,$_XNOR_,Y,10307
8303,$abc$20785$auto$blifparse.cc:397:parse_blif$29089,$_XNOR_,Y,10308
8304,$abc$20785$auto$blifparse.cc:397:parse_blif$29090,$_XOR_,Y,10309
8305,$abc$20785$auto$blifparse.cc:397:parse_blif$29091,$_XOR_,Y,10310
8306,$abc$20785$auto$blifparse.cc:397:parse_blif$29092,$_AND_,Y,10311
8307,$abc$20785$auto$blifparse.cc:397:parse_blif$29093,$_XNOR_,Y,10312
8308,$abc$20785$auto$blifparse.cc:397:parse_blif$29094,$_XNOR_,Y,10313
8309,$abc$20785$auto$blifparse.cc:397:parse_blif$29095,$_XOR_,Y,10314
8310,$abc$20785$auto$blifparse.cc:397:parse_blif$29096,$_XOR_,Y,10315
8311,$abc$20785$auto$blifparse.cc:397:parse_blif$29097,$_AND_,Y,10316
8312,$abc$20785$auto$blifparse.cc:397:parse_blif$29098,$_XNOR_,Y,10317
8313,$abc$20785$auto$blifparse.cc:397:parse_blif$29099,$_XNOR_,Y,10318
8314,$abc$20785$auto$blifparse.cc:397:parse_blif$29100,$_XNOR_,Y,10319
8315,$abc$20785$auto$blifparse.cc:397:parse_blif$29101,$_XNOR_,Y,10320
8316,$abc$20785$auto$blifparse.cc:397:parse_blif$29102,$_NAND_,Y,10321
8317,$abc$20785$auto$blifparse.cc:397:parse_blif$29103,$_NAND_,Y,10322
8318,$abc$20785$auto$blifparse.cc:397:parse_blif$29104,$_NAND_,Y,10323
8319,$abc$20785$auto$blifparse.cc:397:parse_blif$29105,$_XOR_,Y,10324
8320,$abc$20785$auto$blifparse.cc:397:parse_blif$29106,$_NAND_,Y,10325
8321,$abc$20785$auto$blifparse.cc:397:parse_blif$29107,$_OR_,Y,10326
8322,$abc$20785$auto$blifparse.cc:397:parse_blif$29108,$_NAND_,Y,10327
8323,$abc$20785$auto$blifparse.cc:397:parse_blif$29109,$_NAND_,Y,10328
8324,$abc$20785$auto$blifparse.cc:397:parse_blif$29110,$_AND_,Y,10329
8325,$abc$20785$auto$blifparse.cc:397:parse_blif$29111,$_XOR_,Y,10330
8326,$abc$20785$auto$blifparse.cc:397:parse_blif$29112,$_NAND_,Y,10331
8327,$abc$20785$auto$blifparse.cc:397:parse_blif$29113,$_NAND_,Y,10332
8328,$abc$20785$auto$blifparse.cc:397:parse_blif$29114,$_XOR_,Y,10333
8329,$abc$20785$auto$blifparse.cc:397:parse_blif$29115,$_NAND_,Y,10334
8330,$abc$20785$auto$blifparse.cc:397:parse_blif$29116,$_NAND_,Y,10335
8331,$abc$20785$auto$blifparse.cc:397:parse_blif$29117,$_NAND_,Y,10336
8332,$abc$20785$auto$blifparse.cc:397:parse_blif$29118,$_NAND_,Y,10337
8333,$abc$20785$auto$blifparse.cc:397:parse_blif$29119,$_NAND_,Y,10338
8334,$abc$20785$auto$blifparse.cc:397:parse_blif$29120,$_NAND_,Y,10339
8335,$abc$20785$auto$blifparse.cc:397:parse_blif$29121,$_XOR_,Y,10340
8336,$abc$20785$auto$blifparse.cc:397:parse_blif$29122,$_NAND_,Y,10341
8337,$abc$20785$auto$blifparse.cc:397:parse_blif$29123,$_NAND_,Y,10342
8338,$abc$20785$auto$blifparse.cc:397:parse_blif$29124,$_XOR_,Y,10343
8339,$abc$20785$auto$blifparse.cc:397:parse_blif$29125,$_NAND_,Y,10344
8340,$abc$20785$auto$blifparse.cc:397:parse_blif$29126,$_NAND_,Y,10345
8341,$abc$20785$auto$blifparse.cc:397:parse_blif$29127,$_NAND_,Y,10346
8342,$abc$20785$auto$blifparse.cc:397:parse_blif$29128,$_OR_,Y,10347
8343,$abc$20785$auto$blifparse.cc:397:parse_blif$29129,$_AND_,Y,10348
8344,$abc$20785$auto$blifparse.cc:397:parse_blif$29130,$_XNOR_,Y,10349
8345,$abc$20785$auto$blifparse.cc:397:parse_blif$29131,$_XNOR_,Y,10350
8346,$abc$20785$auto$blifparse.cc:397:parse_blif$29132,$_XNOR_,Y,10351
8347,$abc$20785$auto$blifparse.cc:397:parse_blif$29133,$_XNOR_,Y,10352
8348,$abc$20785$auto$blifparse.cc:397:parse_blif$29134,$_XNOR_,Y,10353
8349,$abc$20785$auto$blifparse.cc:397:parse_blif$29135,$_XNOR_,Y,10354
8350,$abc$20785$auto$blifparse.cc:397:parse_blif$29136,$_XOR_,Y,10355
8351,$abc$20785$auto$blifparse.cc:397:parse_blif$29137,$_XOR_,Y,10356
8352,$abc$20785$auto$blifparse.cc:397:parse_blif$29138,$_AND_,Y,10357
8353,$abc$20785$auto$blifparse.cc:397:parse_blif$29139,$_XNOR_,Y,10358
8354,$abc$20785$auto$blifparse.cc:397:parse_blif$29140,$_XNOR_,Y,10359
8355,$abc$20785$auto$blifparse.cc:397:parse_blif$29141,$_XNOR_,Y,10360
8356,$abc$20785$auto$blifparse.cc:397:parse_blif$29142,$_XNOR_,Y,10361
8357,$abc$20785$auto$blifparse.cc:397:parse_blif$29143,$_XNOR_,Y,10362
8358,$abc$20785$auto$blifparse.cc:397:parse_blif$29144,$_XNOR_,Y,10363
8359,$abc$20785$auto$blifparse.cc:397:parse_blif$29145,$_XNOR_,Y,10364
8360,$abc$20785$auto$blifparse.cc:397:parse_blif$29146,$_XNOR_,Y,10365
8361,$abc$20785$auto$blifparse.cc:397:parse_blif$29147,$_NAND_,Y,10366
8362,$abc$20785$auto$blifparse.cc:397:parse_blif$29148,$_XOR_,Y,10367
8363,$abc$20785$auto$blifparse.cc:397:parse_blif$29149,$_OR_,Y,10368
8364,$abc$20785$auto$blifparse.cc:397:parse_blif$29150,$_NAND_,Y,10369
8365,$abc$20785$auto$blifparse.cc:397:parse_blif$29151,$_NAND_,Y,10370
8366,$abc$20785$auto$blifparse.cc:397:parse_blif$29152,$_XOR_,Y,10371
8367,$abc$20785$auto$blifparse.cc:397:parse_blif$29153,$_NAND_,Y,10372
8368,$abc$20785$auto$blifparse.cc:397:parse_blif$29154,$_OR_,Y,10373
8369,$abc$20785$auto$blifparse.cc:397:parse_blif$29155,$_NAND_,Y,10374
8370,$abc$20785$auto$blifparse.cc:397:parse_blif$29156,$_XOR_,Y,10375
8371,$abc$20785$auto$blifparse.cc:397:parse_blif$29157,$_NAND_,Y,10376
8372,$abc$20785$auto$blifparse.cc:397:parse_blif$29158,$_OR_,Y,10377
8373,$abc$20785$auto$blifparse.cc:397:parse_blif$29159,$_NAND_,Y,10378
8374,$abc$20785$auto$blifparse.cc:397:parse_blif$29160,$_XOR_,Y,10379
8375,$abc$20785$auto$blifparse.cc:397:parse_blif$29161,$_NAND_,Y,10380
8376,$abc$20785$auto$blifparse.cc:397:parse_blif$29162,$_NAND_,Y,10381
8377,$abc$20785$auto$blifparse.cc:397:parse_blif$29163,$_NAND_,Y,10382
8378,$abc$20785$auto$blifparse.cc:397:parse_blif$29164,$_NAND_,Y,10383
8379,$abc$20785$auto$blifparse.cc:397:parse_blif$29165,$_NAND_,Y,10384
8380,$abc$20785$auto$blifparse.cc:397:parse_blif$29166,$_NAND_,Y,10385
8381,$abc$20785$auto$blifparse.cc:397:parse_blif$29167,$_NAND_,Y,10386
8382,$abc$20785$auto$blifparse.cc:397:parse_blif$29168,$_NAND_,Y,10387
8383,$abc$20785$auto$blifparse.cc:397:parse_blif$29169,$_NAND_,Y,10388
8384,$abc$20785$auto$blifparse.cc:397:parse_blif$29170,$_NAND_,Y,10389
8385,$abc$20785$auto$blifparse.cc:397:parse_blif$29171,$_NAND_,Y,10390
8386,$abc$20785$auto$blifparse.cc:397:parse_blif$29172,$_AND_,Y,10391
8387,$abc$20785$auto$blifparse.cc:397:parse_blif$29173,$_NAND_,Y,10392
8388,$abc$20785$auto$blifparse.cc:397:parse_blif$29174,$_AND_,Y,10393
8389,$abc$20785$auto$blifparse.cc:397:parse_blif$29175,$_NAND_,Y,10394
8390,$abc$20785$auto$blifparse.cc:397:parse_blif$29176,$_NAND_,Y,10395
8391,$abc$20785$auto$blifparse.cc:397:parse_blif$29177,$_NAND_,Y,10396
8392,$abc$20785$auto$blifparse.cc:397:parse_blif$29178,$_OR_,Y,10397
8393,$abc$20785$auto$blifparse.cc:397:parse_blif$29179,$_AND_,Y,10398
8394,$abc$20785$auto$blifparse.cc:397:parse_blif$29180,$_XNOR_,Y,10399
8395,$abc$20785$auto$blifparse.cc:397:parse_blif$29181,$_XNOR_,Y,10400
8396,$abc$20785$auto$blifparse.cc:397:parse_blif$29182,$_XNOR_,Y,10401
8397,$abc$20785$auto$blifparse.cc:397:parse_blif$29183,$_XNOR_,Y,10402
8398,$abc$20785$auto$blifparse.cc:397:parse_blif$29184,$_AND_,Y,10403
8399,$abc$20785$auto$blifparse.cc:397:parse_blif$29185,$_XNOR_,Y,10404
8400,$abc$20785$auto$blifparse.cc:397:parse_blif$29186,$_XOR_,Y,10405
8401,$abc$20785$auto$blifparse.cc:397:parse_blif$29187,$_XOR_,Y,10406
8402,$abc$20785$auto$blifparse.cc:397:parse_blif$29188,$_XOR_,Y,10407
8403,$abc$20785$auto$blifparse.cc:397:parse_blif$29189,$_AND_,Y,10408
8404,$abc$20785$auto$blifparse.cc:397:parse_blif$29190,$_XNOR_,Y,10409
8405,$abc$20785$auto$blifparse.cc:397:parse_blif$29191,$_XNOR_,Y,10410
8406,$abc$20785$auto$blifparse.cc:397:parse_blif$29192,$_XOR_,Y,10411
8407,$abc$20785$auto$blifparse.cc:397:parse_blif$29193,$_XOR_,Y,10412
8408,$abc$20785$auto$blifparse.cc:397:parse_blif$29194,$_AND_,Y,10413
8409,$abc$20785$auto$blifparse.cc:397:parse_blif$29195,$_XNOR_,Y,10414
8410,$abc$20785$auto$blifparse.cc:397:parse_blif$29196,$_XNOR_,Y,10415
8411,$abc$20785$auto$blifparse.cc:397:parse_blif$29197,$_XOR_,Y,10416
8412,$abc$20785$auto$blifparse.cc:397:parse_blif$29198,$_XOR_,Y,10417
8413,$abc$20785$auto$blifparse.cc:397:parse_blif$29199,$_NAND_,Y,10418
8414,$abc$20785$auto$blifparse.cc:397:parse_blif$29200,$_XOR_,Y,10419
8415,$abc$20785$auto$blifparse.cc:397:parse_blif$29201,$_NAND_,Y,10420
8416,$abc$20785$auto$blifparse.cc:397:parse_blif$29202,$_OR_,Y,10421
8417,$abc$20785$auto$blifparse.cc:397:parse_blif$29203,$_NAND_,Y,10422
8418,$abc$20785$auto$blifparse.cc:397:parse_blif$29204,$_XOR_,Y,10423
8419,$abc$20785$auto$blifparse.cc:397:parse_blif$29205,$_OR_,Y,10424
8420,$abc$20785$auto$blifparse.cc:397:parse_blif$29206,$_NAND_,Y,10425
8421,$abc$20785$auto$blifparse.cc:397:parse_blif$29207,$_NAND_,Y,10426
8422,$abc$20785$auto$blifparse.cc:397:parse_blif$29208,$_XOR_,Y,10427
8423,$abc$20785$auto$blifparse.cc:397:parse_blif$29209,$_NAND_,Y,10428
8424,$abc$20785$auto$blifparse.cc:397:parse_blif$29210,$_OR_,Y,10429
8425,$abc$20785$auto$blifparse.cc:397:parse_blif$29211,$_NAND_,Y,10430
8426,$abc$20785$auto$blifparse.cc:397:parse_blif$29212,$_XOR_,Y,10431
8427,$abc$20785$auto$blifparse.cc:397:parse_blif$29213,$_NAND_,Y,10432
8428,$abc$20785$auto$blifparse.cc:397:parse_blif$29214,$_NAND_,Y,10433
8429,$abc$20785$auto$blifparse.cc:397:parse_blif$29215,$_NAND_,Y,10434
8430,$abc$20785$auto$blifparse.cc:397:parse_blif$29216,$_NAND_,Y,10435
8431,$abc$20785$auto$blifparse.cc:397:parse_blif$29217,$_NAND_,Y,10436
8432,$abc$20785$auto$blifparse.cc:397:parse_blif$29218,$_NAND_,Y,10437
8433,$abc$20785$auto$blifparse.cc:397:parse_blif$29219,$_NAND_,Y,10438
8434,$abc$20785$auto$blifparse.cc:397:parse_blif$29220,$_AND_,Y,10439
8435,$abc$20785$auto$blifparse.cc:397:parse_blif$29221,$_NAND_,Y,10440
8436,$abc$20785$auto$blifparse.cc:397:parse_blif$29222,$_AND_,Y,10441
8437,$abc$20785$auto$blifparse.cc:397:parse_blif$29223,$_NAND_,Y,10442
8438,$abc$20785$auto$blifparse.cc:397:parse_blif$29224,$_NAND_,Y,10443
8439,$abc$20785$auto$blifparse.cc:397:parse_blif$29225,$_NAND_,Y,10444
8440,$abc$20785$auto$blifparse.cc:397:parse_blif$29226,$_NAND_,Y,10445
8441,$abc$20785$auto$blifparse.cc:397:parse_blif$29227,$_NAND_,Y,10446
8442,$abc$20785$auto$blifparse.cc:397:parse_blif$29228,$_NAND_,Y,10447
8443,$abc$20785$auto$blifparse.cc:397:parse_blif$29229,$_NAND_,Y,10448
8444,$abc$20785$auto$blifparse.cc:397:parse_blif$29230,$_OR_,Y,10449
8445,$abc$20785$auto$blifparse.cc:397:parse_blif$29231,$_AND_,Y,10450
8446,$abc$20785$auto$blifparse.cc:397:parse_blif$29232,$_XNOR_,Y,10451
8447,$abc$20785$auto$blifparse.cc:397:parse_blif$29233,$_XNOR_,Y,10452
8448,$abc$20785$auto$blifparse.cc:397:parse_blif$29234,$_XOR_,Y,10453
8449,$abc$20785$auto$blifparse.cc:397:parse_blif$29235,$_XOR_,Y,10454
8450,$abc$20785$auto$blifparse.cc:397:parse_blif$29236,$_AND_,Y,10455
8451,$abc$20785$auto$blifparse.cc:397:parse_blif$29237,$_XNOR_,Y,10456
8452,$abc$20785$auto$blifparse.cc:397:parse_blif$29238,$_XNOR_,Y,10457
8453,$abc$20785$auto$blifparse.cc:397:parse_blif$29239,$_XNOR_,Y,10458
8454,$abc$20785$auto$blifparse.cc:397:parse_blif$29240,$_XNOR_,Y,10459
8455,$abc$20785$auto$blifparse.cc:397:parse_blif$29241,$_AND_,Y,10460
8456,$abc$20785$auto$blifparse.cc:397:parse_blif$29242,$_XNOR_,Y,10461
8457,$abc$20785$auto$blifparse.cc:397:parse_blif$29243,$_XOR_,Y,10462
8458,$abc$20785$auto$blifparse.cc:397:parse_blif$29244,$_XOR_,Y,10463
8459,$abc$20785$auto$blifparse.cc:397:parse_blif$29245,$_XOR_,Y,10464
8460,$abc$20785$auto$blifparse.cc:397:parse_blif$29246,$_AND_,Y,10465
8461,$abc$20785$auto$blifparse.cc:397:parse_blif$29247,$_XNOR_,Y,10466
8462,$abc$20785$auto$blifparse.cc:397:parse_blif$29248,$_XNOR_,Y,10467
8463,$abc$20785$auto$blifparse.cc:397:parse_blif$29249,$_XNOR_,Y,10468
8464,$abc$20785$auto$blifparse.cc:397:parse_blif$29250,$_XNOR_,Y,10469
8465,$abc$20785$auto$blifparse.cc:397:parse_blif$29251,$_NAND_,Y,10470
8466,$abc$20785$auto$blifparse.cc:397:parse_blif$29252,$_XOR_,Y,10471
8467,$abc$20785$auto$blifparse.cc:397:parse_blif$29253,$_NAND_,Y,10472
8468,$abc$20785$auto$blifparse.cc:397:parse_blif$29254,$_OR_,Y,10473
8469,$abc$20785$auto$blifparse.cc:397:parse_blif$29255,$_NAND_,Y,10474
8470,$abc$20785$auto$blifparse.cc:397:parse_blif$29256,$_XOR_,Y,10475
8471,$abc$20785$auto$blifparse.cc:397:parse_blif$29257,$_NAND_,Y,10476
8472,$abc$20785$auto$blifparse.cc:397:parse_blif$29258,$_OR_,Y,10477
8473,$abc$20785$auto$blifparse.cc:397:parse_blif$29259,$_NAND_,Y,10478
8474,$abc$20785$auto$blifparse.cc:397:parse_blif$29260,$_XOR_,Y,10479
8475,$abc$20785$auto$blifparse.cc:397:parse_blif$29261,$_NAND_,Y,10480
8476,$abc$20785$auto$blifparse.cc:397:parse_blif$29262,$_OR_,Y,10481
8477,$abc$20785$auto$blifparse.cc:397:parse_blif$29263,$_NAND_,Y,10482
8478,$abc$20785$auto$blifparse.cc:397:parse_blif$29264,$_XOR_,Y,10483
8479,$abc$20785$auto$blifparse.cc:397:parse_blif$29265,$_NAND_,Y,10484
8480,$abc$20785$auto$blifparse.cc:397:parse_blif$29266,$_NAND_,Y,10485
8481,$abc$20785$auto$blifparse.cc:397:parse_blif$29267,$_NAND_,Y,10486
8482,$abc$20785$auto$blifparse.cc:397:parse_blif$29268,$_NAND_,Y,10487
8483,$abc$20785$auto$blifparse.cc:397:parse_blif$29269,$_NAND_,Y,10488
8484,$abc$20785$auto$blifparse.cc:397:parse_blif$29270,$_NAND_,Y,10489
8485,$abc$20785$auto$blifparse.cc:397:parse_blif$29271,$_NAND_,Y,10490
8486,$abc$20785$auto$blifparse.cc:397:parse_blif$29272,$_NAND_,Y,10491
8487,$abc$20785$auto$blifparse.cc:397:parse_blif$29273,$_NAND_,Y,10492
8488,$abc$20785$auto$blifparse.cc:397:parse_blif$29274,$_NAND_,Y,10493
8489,$abc$20785$auto$blifparse.cc:397:parse_blif$29275,$_NAND_,Y,10494
8490,$abc$20785$auto$blifparse.cc:397:parse_blif$29276,$_NAND_,Y,10495
8491,$abc$20785$auto$blifparse.cc:397:parse_blif$29277,$_NAND_,Y,10496
8492,$abc$20785$auto$blifparse.cc:397:parse_blif$29278,$_NAND_,Y,10497
8493,$abc$20785$auto$blifparse.cc:397:parse_blif$29279,$_NAND_,Y,10498
8494,$abc$20785$auto$blifparse.cc:397:parse_blif$29280,$_AND_,Y,10499
8495,$abc$20785$auto$blifparse.cc:397:parse_blif$29281,$_XNOR_,Y,10500
8496,$abc$20785$auto$blifparse.cc:397:parse_blif$29282,$_XNOR_,Y,10502
8497,$abc$20785$auto$blifparse.cc:397:parse_blif$29283,$_XNOR_,Y,10503
8498,$abc$20785$auto$blifparse.cc:397:parse_blif$29284,$_XOR_,Y,10504
8499,$abc$20785$auto$blifparse.cc:397:parse_blif$29285,$_XOR_,Y,10505
8500,$abc$20785$auto$blifparse.cc:397:parse_blif$29286,$_AND_,Y,10506
8501,$abc$20785$auto$blifparse.cc:397:parse_blif$29287,$_XNOR_,Y,10507
8502,$abc$20785$auto$blifparse.cc:397:parse_blif$29288,$_XNOR_,Y,10508
8503,$abc$20785$auto$blifparse.cc:397:parse_blif$29289,$_XOR_,Y,10509
8504,$abc$20785$auto$blifparse.cc:397:parse_blif$29290,$_XOR_,Y,10510
8505,$abc$20785$auto$blifparse.cc:397:parse_blif$29291,$_AND_,Y,10511
8506,$abc$20785$auto$blifparse.cc:397:parse_blif$29292,$_XNOR_,Y,10512
8507,$abc$20785$auto$blifparse.cc:397:parse_blif$29293,$_XNOR_,Y,10513
8508,$abc$20785$auto$blifparse.cc:397:parse_blif$29294,$_XOR_,Y,10514
8509,$abc$20785$auto$blifparse.cc:397:parse_blif$29295,$_XOR_,Y,10515
8510,$abc$20785$auto$blifparse.cc:397:parse_blif$29296,$_AND_,Y,10516
8511,$abc$20785$auto$blifparse.cc:397:parse_blif$29297,$_XNOR_,Y,10517
8512,$abc$20785$auto$blifparse.cc:397:parse_blif$29298,$_XNOR_,Y,10518
8513,$abc$20785$auto$blifparse.cc:397:parse_blif$29299,$_XNOR_,Y,10519
8514,$abc$20785$auto$blifparse.cc:397:parse_blif$29300,$_XNOR_,Y,10520
8515,$abc$20785$auto$blifparse.cc:397:parse_blif$29301,$_NAND_,Y,10521
8516,$abc$20785$auto$blifparse.cc:397:parse_blif$29302,$_NAND_,Y,10522
8517,$abc$20785$auto$blifparse.cc:397:parse_blif$29303,$_NAND_,Y,10523
8518,$abc$20785$auto$blifparse.cc:397:parse_blif$29304,$_XOR_,Y,10524
8519,$abc$20785$auto$blifparse.cc:397:parse_blif$29305,$_NAND_,Y,10525
8520,$abc$20785$auto$blifparse.cc:397:parse_blif$29306,$_OR_,Y,10526
8521,$abc$20785$auto$blifparse.cc:397:parse_blif$29307,$_NAND_,Y,10527
8522,$abc$20785$auto$blifparse.cc:397:parse_blif$29308,$_NAND_,Y,10528
8523,$abc$20785$auto$blifparse.cc:397:parse_blif$29309,$_AND_,Y,10529
8524,$abc$20785$auto$blifparse.cc:397:parse_blif$29310,$_XOR_,Y,10530
8525,$abc$20785$auto$blifparse.cc:397:parse_blif$29311,$_NAND_,Y,10531
8526,$abc$20785$auto$blifparse.cc:397:parse_blif$29312,$_NAND_,Y,10532
8527,$abc$20785$auto$blifparse.cc:397:parse_blif$29313,$_XOR_,Y,10533
8528,$abc$20785$auto$blifparse.cc:397:parse_blif$29314,$_NAND_,Y,10534
8529,$abc$20785$auto$blifparse.cc:397:parse_blif$29315,$_NAND_,Y,10535
8530,$abc$20785$auto$blifparse.cc:397:parse_blif$29316,$_NAND_,Y,10536
8531,$abc$20785$auto$blifparse.cc:397:parse_blif$29317,$_NAND_,Y,10537
8532,$abc$20785$auto$blifparse.cc:397:parse_blif$29318,$_NAND_,Y,10538
8533,$abc$20785$auto$blifparse.cc:397:parse_blif$29319,$_NAND_,Y,10539
8534,$abc$20785$auto$blifparse.cc:397:parse_blif$29320,$_XOR_,Y,10540
8535,$abc$20785$auto$blifparse.cc:397:parse_blif$29321,$_NAND_,Y,10541
8536,$abc$20785$auto$blifparse.cc:397:parse_blif$29322,$_NAND_,Y,10542
8537,$abc$20785$auto$blifparse.cc:397:parse_blif$29323,$_XOR_,Y,10543
8538,$abc$20785$auto$blifparse.cc:397:parse_blif$29324,$_NAND_,Y,10544
8539,$abc$20785$auto$blifparse.cc:397:parse_blif$29325,$_NAND_,Y,10545
8540,$abc$20785$auto$blifparse.cc:397:parse_blif$29326,$_NAND_,Y,10546
8541,$abc$20785$auto$blifparse.cc:397:parse_blif$29327,$_OR_,Y,10547
8542,$abc$20785$auto$blifparse.cc:397:parse_blif$29328,$_AND_,Y,10548
8543,$abc$20785$auto$blifparse.cc:397:parse_blif$29329,$_XNOR_,Y,10549
8544,$abc$20785$auto$blifparse.cc:397:parse_blif$29330,$_XNOR_,Y,10550
8545,$abc$20785$auto$blifparse.cc:397:parse_blif$29331,$_XNOR_,Y,10551
8546,$abc$20785$auto$blifparse.cc:397:parse_blif$29332,$_XNOR_,Y,10552
8547,$abc$20785$auto$blifparse.cc:397:parse_blif$29333,$_XNOR_,Y,10553
8548,$abc$20785$auto$blifparse.cc:397:parse_blif$29334,$_XNOR_,Y,10554
8549,$abc$20785$auto$blifparse.cc:397:parse_blif$29335,$_XOR_,Y,10555
8550,$abc$20785$auto$blifparse.cc:397:parse_blif$29336,$_XOR_,Y,10556
8551,$abc$20785$auto$blifparse.cc:397:parse_blif$29337,$_AND_,Y,10557
8552,$abc$20785$auto$blifparse.cc:397:parse_blif$29338,$_XNOR_,Y,10558
8553,$abc$20785$auto$blifparse.cc:397:parse_blif$29339,$_XNOR_,Y,10559
8554,$abc$20785$auto$blifparse.cc:397:parse_blif$29340,$_XNOR_,Y,10560
8555,$abc$20785$auto$blifparse.cc:397:parse_blif$29341,$_XNOR_,Y,10561
8556,$abc$20785$auto$blifparse.cc:397:parse_blif$29342,$_XNOR_,Y,10562
8557,$abc$20785$auto$blifparse.cc:397:parse_blif$29343,$_XNOR_,Y,10563
8558,$abc$20785$auto$blifparse.cc:397:parse_blif$29344,$_XNOR_,Y,10564
8559,$abc$20785$auto$blifparse.cc:397:parse_blif$29345,$_XNOR_,Y,10565
8560,$abc$20785$auto$blifparse.cc:397:parse_blif$29346,$_NAND_,Y,10566
8561,$abc$20785$auto$blifparse.cc:397:parse_blif$29347,$_XOR_,Y,10567
8562,$abc$20785$auto$blifparse.cc:397:parse_blif$29348,$_NAND_,Y,10568
8563,$abc$20785$auto$blifparse.cc:397:parse_blif$29349,$_OR_,Y,10569
8564,$abc$20785$auto$blifparse.cc:397:parse_blif$29350,$_NAND_,Y,10570
8565,$abc$20785$auto$blifparse.cc:397:parse_blif$29351,$_XOR_,Y,10571
8566,$abc$20785$auto$blifparse.cc:397:parse_blif$29352,$_NAND_,Y,10572
8567,$abc$20785$auto$blifparse.cc:397:parse_blif$29353,$_OR_,Y,10573
8568,$abc$20785$auto$blifparse.cc:397:parse_blif$29354,$_NAND_,Y,10574
8569,$abc$20785$auto$blifparse.cc:397:parse_blif$29355,$_XOR_,Y,10575
8570,$abc$20785$auto$blifparse.cc:397:parse_blif$29356,$_NAND_,Y,10576
8571,$abc$20785$auto$blifparse.cc:397:parse_blif$29357,$_OR_,Y,10577
8572,$abc$20785$auto$blifparse.cc:397:parse_blif$29358,$_NAND_,Y,10578
8573,$abc$20785$auto$blifparse.cc:397:parse_blif$29359,$_XOR_,Y,10579
8574,$abc$20785$auto$blifparse.cc:397:parse_blif$29360,$_NAND_,Y,10580
8575,$abc$20785$auto$blifparse.cc:397:parse_blif$29361,$_NAND_,Y,10581
8576,$abc$20785$auto$blifparse.cc:397:parse_blif$29362,$_NAND_,Y,10582
8577,$abc$20785$auto$blifparse.cc:397:parse_blif$29363,$_NAND_,Y,10583
8578,$abc$20785$auto$blifparse.cc:397:parse_blif$29364,$_NAND_,Y,10584
8579,$abc$20785$auto$blifparse.cc:397:parse_blif$29365,$_NAND_,Y,10585
8580,$abc$20785$auto$blifparse.cc:397:parse_blif$29366,$_NAND_,Y,10586
8581,$abc$20785$auto$blifparse.cc:397:parse_blif$29367,$_NAND_,Y,10587
8582,$abc$20785$auto$blifparse.cc:397:parse_blif$29368,$_NAND_,Y,10588
8583,$abc$20785$auto$blifparse.cc:397:parse_blif$29369,$_NAND_,Y,10589
8584,$abc$20785$auto$blifparse.cc:397:parse_blif$29370,$_NAND_,Y,10590
8585,$abc$20785$auto$blifparse.cc:397:parse_blif$29371,$_NAND_,Y,10591
8586,$abc$20785$auto$blifparse.cc:397:parse_blif$29372,$_NAND_,Y,10592
8587,$abc$20785$auto$blifparse.cc:397:parse_blif$29373,$_NAND_,Y,10593
8588,$abc$20785$auto$blifparse.cc:397:parse_blif$29374,$_NAND_,Y,10594
8589,$abc$20785$auto$blifparse.cc:397:parse_blif$29375,$_NAND_,Y,10595
8590,$abc$20785$auto$blifparse.cc:397:parse_blif$29376,$_NAND_,Y,10596
8591,$abc$20785$auto$blifparse.cc:397:parse_blif$29377,$_OR_,Y,10597
8592,$abc$20785$auto$blifparse.cc:397:parse_blif$29378,$_AND_,Y,10598
8593,$abc$20785$auto$blifparse.cc:397:parse_blif$29379,$_XNOR_,Y,10599
8594,$abc$20785$auto$blifparse.cc:397:parse_blif$29380,$_XNOR_,Y,10600
8595,$abc$20785$auto$blifparse.cc:397:parse_blif$29381,$_XOR_,Y,10601
8596,$abc$20785$auto$blifparse.cc:397:parse_blif$29382,$_XOR_,Y,10602
8597,$abc$20785$auto$blifparse.cc:397:parse_blif$29383,$_AND_,Y,10603
8598,$abc$20785$auto$blifparse.cc:397:parse_blif$29384,$_XNOR_,Y,10604
8599,$abc$20785$auto$blifparse.cc:397:parse_blif$29385,$_XNOR_,Y,10605
8600,$abc$20785$auto$blifparse.cc:397:parse_blif$29386,$_XOR_,Y,10606
8601,$abc$20785$auto$blifparse.cc:397:parse_blif$29387,$_XOR_,Y,10607
8602,$abc$20785$auto$blifparse.cc:397:parse_blif$29388,$_AND_,Y,10608
8603,$abc$20785$auto$blifparse.cc:397:parse_blif$29389,$_XNOR_,Y,10609
8604,$abc$20785$auto$blifparse.cc:397:parse_blif$29390,$_XNOR_,Y,10610
8605,$abc$20785$auto$blifparse.cc:397:parse_blif$29391,$_XOR_,Y,10611
8606,$abc$20785$auto$blifparse.cc:397:parse_blif$29392,$_XOR_,Y,10612
8607,$abc$20785$auto$blifparse.cc:397:parse_blif$29393,$_AND_,Y,10613
8608,$abc$20785$auto$blifparse.cc:397:parse_blif$29394,$_XNOR_,Y,10614
8609,$abc$20785$auto$blifparse.cc:397:parse_blif$29395,$_XNOR_,Y,10615
8610,$abc$20785$auto$blifparse.cc:397:parse_blif$29396,$_XOR_,Y,10616
8611,$abc$20785$auto$blifparse.cc:397:parse_blif$29397,$_XOR_,Y,10617
8612,$abc$20785$auto$blifparse.cc:397:parse_blif$29398,$_NAND_,Y,10618
8613,$abc$20785$auto$blifparse.cc:397:parse_blif$29399,$_XOR_,Y,10619
8614,$abc$20785$auto$blifparse.cc:397:parse_blif$29400,$_NAND_,Y,10620
8615,$abc$20785$auto$blifparse.cc:397:parse_blif$29401,$_OR_,Y,10621
8616,$abc$20785$auto$blifparse.cc:397:parse_blif$29402,$_NAND_,Y,10622
8617,$abc$20785$auto$blifparse.cc:397:parse_blif$29403,$_XOR_,Y,10623
8618,$abc$20785$auto$blifparse.cc:397:parse_blif$29404,$_NAND_,Y,10624
8619,$abc$20785$auto$blifparse.cc:397:parse_blif$29405,$_OR_,Y,10625
8620,$abc$20785$auto$blifparse.cc:397:parse_blif$29406,$_NAND_,Y,10626
8621,$abc$20785$auto$blifparse.cc:397:parse_blif$29407,$_XOR_,Y,10627
8622,$abc$20785$auto$blifparse.cc:397:parse_blif$29408,$_NAND_,Y,10628
8623,$abc$20785$auto$blifparse.cc:397:parse_blif$29409,$_OR_,Y,10629
8624,$abc$20785$auto$blifparse.cc:397:parse_blif$29410,$_NAND_,Y,10630
8625,$abc$20785$auto$blifparse.cc:397:parse_blif$29411,$_XOR_,Y,10631
8626,$abc$20785$auto$blifparse.cc:397:parse_blif$29412,$_NAND_,Y,10632
8627,$abc$20785$auto$blifparse.cc:397:parse_blif$29413,$_NAND_,Y,10633
8628,$abc$20785$auto$blifparse.cc:397:parse_blif$29414,$_NAND_,Y,10634
8629,$abc$20785$auto$blifparse.cc:397:parse_blif$29415,$_NAND_,Y,10635
8630,$abc$20785$auto$blifparse.cc:397:parse_blif$29416,$_NAND_,Y,10636
8631,$abc$20785$auto$blifparse.cc:397:parse_blif$29417,$_NAND_,Y,10637
8632,$abc$20785$auto$blifparse.cc:397:parse_blif$29418,$_NAND_,Y,10638
8633,$abc$20785$auto$blifparse.cc:397:parse_blif$29419,$_NAND_,Y,10639
8634,$abc$20785$auto$blifparse.cc:397:parse_blif$29420,$_NAND_,Y,10640
8635,$abc$20785$auto$blifparse.cc:397:parse_blif$29421,$_NAND_,Y,10641
8636,$abc$20785$auto$blifparse.cc:397:parse_blif$29422,$_NAND_,Y,10642
8637,$abc$20785$auto$blifparse.cc:397:parse_blif$29423,$_NAND_,Y,10643
8638,$abc$20785$auto$blifparse.cc:397:parse_blif$29424,$_NAND_,Y,10644
8639,$abc$20785$auto$blifparse.cc:397:parse_blif$29425,$_NAND_,Y,10645
8640,$abc$20785$auto$blifparse.cc:397:parse_blif$29426,$_NAND_,Y,10646
8641,$abc$20785$auto$blifparse.cc:397:parse_blif$29427,$_NAND_,Y,10647
8642,$abc$20785$auto$blifparse.cc:397:parse_blif$29428,$_NAND_,Y,10648
8643,$abc$20785$auto$blifparse.cc:397:parse_blif$29429,$_OR_,Y,10649
8644,$abc$20785$auto$blifparse.cc:397:parse_blif$29430,$_AND_,Y,10650
8645,$abc$20785$auto$blifparse.cc:397:parse_blif$29431,$_XNOR_,Y,10651
8646,$abc$20785$auto$blifparse.cc:397:parse_blif$29432,$_XNOR_,Y,10652
8647,$abc$20785$auto$blifparse.cc:397:parse_blif$29433,$_XOR_,Y,10653
8648,$abc$20785$auto$blifparse.cc:397:parse_blif$29434,$_XOR_,Y,10654
8649,$abc$20785$auto$blifparse.cc:397:parse_blif$29435,$_AND_,Y,10655
8650,$abc$20785$auto$blifparse.cc:397:parse_blif$29436,$_XNOR_,Y,10656
8651,$abc$20785$auto$blifparse.cc:397:parse_blif$29437,$_XNOR_,Y,10657
8652,$abc$20785$auto$blifparse.cc:397:parse_blif$29438,$_XOR_,Y,10658
8653,$abc$20785$auto$blifparse.cc:397:parse_blif$29439,$_XOR_,Y,10659
8654,$abc$20785$auto$blifparse.cc:397:parse_blif$29440,$_AND_,Y,10660
8655,$abc$20785$auto$blifparse.cc:397:parse_blif$29441,$_XNOR_,Y,10661
8656,$abc$20785$auto$blifparse.cc:397:parse_blif$29442,$_XNOR_,Y,10662
8657,$abc$20785$auto$blifparse.cc:397:parse_blif$29443,$_XOR_,Y,10663
8658,$abc$20785$auto$blifparse.cc:397:parse_blif$29444,$_XOR_,Y,10664
8659,$abc$20785$auto$blifparse.cc:397:parse_blif$29445,$_AND_,Y,10665
8660,$abc$20785$auto$blifparse.cc:397:parse_blif$29446,$_XNOR_,Y,10666
8661,$abc$20785$auto$blifparse.cc:397:parse_blif$29447,$_XNOR_,Y,10667
8662,$abc$20785$auto$blifparse.cc:397:parse_blif$29448,$_XNOR_,Y,10668
8663,$abc$20785$auto$blifparse.cc:397:parse_blif$29449,$_XNOR_,Y,10669
8664,$abc$20785$auto$blifparse.cc:397:parse_blif$29450,$_NAND_,Y,10670
8665,$abc$20785$auto$blifparse.cc:397:parse_blif$29451,$_XOR_,Y,10671
8666,$abc$20785$auto$blifparse.cc:397:parse_blif$29452,$_NAND_,Y,10672
8667,$abc$20785$auto$blifparse.cc:397:parse_blif$29453,$_OR_,Y,10673
8668,$abc$20785$auto$blifparse.cc:397:parse_blif$29454,$_NAND_,Y,10674
8669,$abc$20785$auto$blifparse.cc:397:parse_blif$29455,$_XOR_,Y,10675
8670,$abc$20785$auto$blifparse.cc:397:parse_blif$29456,$_NAND_,Y,10676
8671,$abc$20785$auto$blifparse.cc:397:parse_blif$29457,$_OR_,Y,10677
8672,$abc$20785$auto$blifparse.cc:397:parse_blif$29458,$_NAND_,Y,10678
8673,$abc$20785$auto$blifparse.cc:397:parse_blif$29459,$_XOR_,Y,10679
8674,$abc$20785$auto$blifparse.cc:397:parse_blif$29460,$_NAND_,Y,10680
8675,$abc$20785$auto$blifparse.cc:397:parse_blif$29461,$_OR_,Y,10681
8676,$abc$20785$auto$blifparse.cc:397:parse_blif$29462,$_NAND_,Y,10682
8677,$abc$20785$auto$blifparse.cc:397:parse_blif$29463,$_XOR_,Y,10683
8678,$abc$20785$auto$blifparse.cc:397:parse_blif$29464,$_NAND_,Y,10684
8679,$abc$20785$auto$blifparse.cc:397:parse_blif$29465,$_NAND_,Y,10685
8680,$abc$20785$auto$blifparse.cc:397:parse_blif$29466,$_NAND_,Y,10686
8681,$abc$20785$auto$blifparse.cc:397:parse_blif$29467,$_NAND_,Y,10687
8682,$abc$20785$auto$blifparse.cc:397:parse_blif$29468,$_NAND_,Y,10688
8683,$abc$20785$auto$blifparse.cc:397:parse_blif$29469,$_NAND_,Y,10689
8684,$abc$20785$auto$blifparse.cc:397:parse_blif$29470,$_NAND_,Y,10690
8685,$abc$20785$auto$blifparse.cc:397:parse_blif$29471,$_NAND_,Y,10691
8686,$abc$20785$auto$blifparse.cc:397:parse_blif$29472,$_NAND_,Y,10692
8687,$abc$20785$auto$blifparse.cc:397:parse_blif$29473,$_NAND_,Y,10693
8688,$abc$20785$auto$blifparse.cc:397:parse_blif$29474,$_NAND_,Y,10694
8689,$abc$20785$auto$blifparse.cc:397:parse_blif$29475,$_NAND_,Y,10695
8690,$abc$20785$auto$blifparse.cc:397:parse_blif$29476,$_NAND_,Y,10696
8691,$abc$20785$auto$blifparse.cc:397:parse_blif$29477,$_NAND_,Y,10697
8692,$abc$20785$auto$blifparse.cc:397:parse_blif$29478,$_NAND_,Y,10698
8693,$abc$20785$auto$blifparse.cc:397:parse_blif$29479,$_AND_,Y,10699
8694,$abc$20785$auto$blifparse.cc:397:parse_blif$29480,$_XNOR_,Y,10700
8695,$abc$20785$auto$blifparse.cc:397:parse_blif$29481,$_XNOR_,Y,10701
8696,$abc$20785$auto$blifparse.cc:397:parse_blif$29482,$_XNOR_,Y,10702
8697,$abc$20785$auto$blifparse.cc:397:parse_blif$29483,$_XOR_,Y,10703
8698,$abc$20785$auto$blifparse.cc:397:parse_blif$29484,$_XOR_,Y,10704
8699,$abc$20785$auto$blifparse.cc:397:parse_blif$29485,$_AND_,Y,10705
8700,$abc$20785$auto$blifparse.cc:397:parse_blif$29486,$_XNOR_,Y,10706
8701,$abc$20785$auto$blifparse.cc:397:parse_blif$29487,$_XNOR_,Y,10707
8702,$abc$20785$auto$blifparse.cc:397:parse_blif$29488,$_XOR_,Y,10708
8703,$abc$20785$auto$blifparse.cc:397:parse_blif$29489,$_XOR_,Y,10709
8704,$abc$20785$auto$blifparse.cc:397:parse_blif$29490,$_AND_,Y,10710
8705,$abc$20785$auto$blifparse.cc:397:parse_blif$29491,$_XNOR_,Y,10711
8706,$abc$20785$auto$blifparse.cc:397:parse_blif$29492,$_XNOR_,Y,10712
8707,$abc$20785$auto$blifparse.cc:397:parse_blif$29493,$_XOR_,Y,10713
8708,$abc$20785$auto$blifparse.cc:397:parse_blif$29494,$_XOR_,Y,10714
8709,$abc$20785$auto$blifparse.cc:397:parse_blif$29495,$_AND_,Y,10715
8710,$abc$20785$auto$blifparse.cc:397:parse_blif$29496,$_XNOR_,Y,10716
8711,$abc$20785$auto$blifparse.cc:397:parse_blif$29497,$_XNOR_,Y,10717
8712,$abc$20785$auto$blifparse.cc:397:parse_blif$29498,$_XOR_,Y,10718
8713,$abc$20785$auto$blifparse.cc:397:parse_blif$29499,$_XOR_,Y,10719
8714,$abc$20785$auto$blifparse.cc:397:parse_blif$29500,$_NAND_,Y,10720
8715,$abc$20785$auto$blifparse.cc:397:parse_blif$29501,$_NAND_,Y,10721
8716,$abc$20785$auto$blifparse.cc:397:parse_blif$29502,$_NAND_,Y,10722
8717,$abc$20785$auto$blifparse.cc:397:parse_blif$29503,$_XOR_,Y,10723
8718,$abc$20785$auto$blifparse.cc:397:parse_blif$29504,$_NAND_,Y,10724
8719,$abc$20785$auto$blifparse.cc:397:parse_blif$29505,$_OR_,Y,10725
8720,$abc$20785$auto$blifparse.cc:397:parse_blif$29506,$_NAND_,Y,10726
8721,$abc$20785$auto$blifparse.cc:397:parse_blif$29507,$_NAND_,Y,10727
8722,$abc$20785$auto$blifparse.cc:397:parse_blif$29508,$_AND_,Y,10728
8723,$abc$20785$auto$blifparse.cc:397:parse_blif$29509,$_XOR_,Y,10729
8724,$abc$20785$auto$blifparse.cc:397:parse_blif$29510,$_NAND_,Y,10730
8725,$abc$20785$auto$blifparse.cc:397:parse_blif$29511,$_NAND_,Y,10731
8726,$abc$20785$auto$blifparse.cc:397:parse_blif$29512,$_XOR_,Y,10732
8727,$abc$20785$auto$blifparse.cc:397:parse_blif$29513,$_NAND_,Y,10733
8728,$abc$20785$auto$blifparse.cc:397:parse_blif$29514,$_NAND_,Y,10734
8729,$abc$20785$auto$blifparse.cc:397:parse_blif$29515,$_NAND_,Y,10735
8730,$abc$20785$auto$blifparse.cc:397:parse_blif$29516,$_NAND_,Y,10736
8731,$abc$20785$auto$blifparse.cc:397:parse_blif$29517,$_NAND_,Y,10737
8732,$abc$20785$auto$blifparse.cc:397:parse_blif$29518,$_NAND_,Y,10738
8733,$abc$20785$auto$blifparse.cc:397:parse_blif$29519,$_XOR_,Y,10739
8734,$abc$20785$auto$blifparse.cc:397:parse_blif$29520,$_NAND_,Y,10740
8735,$abc$20785$auto$blifparse.cc:397:parse_blif$29521,$_NAND_,Y,10741
8736,$abc$20785$auto$blifparse.cc:397:parse_blif$29522,$_XOR_,Y,10742
8737,$abc$20785$auto$blifparse.cc:397:parse_blif$29523,$_NAND_,Y,10743
8738,$abc$20785$auto$blifparse.cc:397:parse_blif$29524,$_NAND_,Y,10744
8739,$abc$20785$auto$blifparse.cc:397:parse_blif$29525,$_NAND_,Y,10745
8740,$abc$20785$auto$blifparse.cc:397:parse_blif$29526,$_OR_,Y,10746
8741,$abc$20785$auto$blifparse.cc:397:parse_blif$29527,$_AND_,Y,10747
8742,$abc$20785$auto$blifparse.cc:397:parse_blif$29528,$_XNOR_,Y,10748
8743,$abc$20785$auto$blifparse.cc:397:parse_blif$29529,$_XNOR_,Y,10749
8744,$abc$20785$auto$blifparse.cc:397:parse_blif$29530,$_XNOR_,Y,10750
8745,$abc$20785$auto$blifparse.cc:397:parse_blif$29531,$_XNOR_,Y,10751
8746,$abc$20785$auto$blifparse.cc:397:parse_blif$29532,$_XNOR_,Y,10752
8747,$abc$20785$auto$blifparse.cc:397:parse_blif$29533,$_XNOR_,Y,10753
8748,$abc$20785$auto$blifparse.cc:397:parse_blif$29534,$_XOR_,Y,10754
8749,$abc$20785$auto$blifparse.cc:397:parse_blif$29535,$_XOR_,Y,10755
8750,$abc$20785$auto$blifparse.cc:397:parse_blif$29536,$_AND_,Y,10756
8751,$abc$20785$auto$blifparse.cc:397:parse_blif$29537,$_XNOR_,Y,10757
8752,$abc$20785$auto$blifparse.cc:397:parse_blif$29538,$_XNOR_,Y,10758
8753,$abc$20785$auto$blifparse.cc:397:parse_blif$29539,$_XNOR_,Y,10759
8754,$abc$20785$auto$blifparse.cc:397:parse_blif$29540,$_XNOR_,Y,10760
8755,$abc$20785$auto$blifparse.cc:397:parse_blif$29541,$_XNOR_,Y,10761
8756,$abc$20785$auto$blifparse.cc:397:parse_blif$29542,$_XNOR_,Y,10762
8757,$abc$20785$auto$blifparse.cc:397:parse_blif$29543,$_XNOR_,Y,10763
8758,$abc$20785$auto$blifparse.cc:397:parse_blif$29544,$_XNOR_,Y,10764
8759,$abc$20785$auto$blifparse.cc:397:parse_blif$29545,$_NAND_,Y,10765
8760,$abc$20785$auto$blifparse.cc:397:parse_blif$29546,$_XOR_,Y,10766
8761,$abc$20785$auto$blifparse.cc:397:parse_blif$29547,$_NAND_,Y,10767
8762,$abc$20785$auto$blifparse.cc:397:parse_blif$29548,$_OR_,Y,10768
8763,$abc$20785$auto$blifparse.cc:397:parse_blif$29549,$_NAND_,Y,10769
8764,$abc$20785$auto$blifparse.cc:397:parse_blif$29550,$_XOR_,Y,10770
8765,$abc$20785$auto$blifparse.cc:397:parse_blif$29551,$_NAND_,Y,10771
8766,$abc$20785$auto$blifparse.cc:397:parse_blif$29552,$_OR_,Y,10772
8767,$abc$20785$auto$blifparse.cc:397:parse_blif$29553,$_NAND_,Y,10773
8768,$abc$20785$auto$blifparse.cc:397:parse_blif$29554,$_XOR_,Y,10774
8769,$abc$20785$auto$blifparse.cc:397:parse_blif$29555,$_NAND_,Y,10775
8770,$abc$20785$auto$blifparse.cc:397:parse_blif$29556,$_OR_,Y,10776
8771,$abc$20785$auto$blifparse.cc:397:parse_blif$29557,$_NAND_,Y,10777
8772,$abc$20785$auto$blifparse.cc:397:parse_blif$29558,$_XOR_,Y,10778
8773,$abc$20785$auto$blifparse.cc:397:parse_blif$29559,$_NAND_,Y,10779
8774,$abc$20785$auto$blifparse.cc:397:parse_blif$29560,$_NAND_,Y,10780
8775,$abc$20785$auto$blifparse.cc:397:parse_blif$29561,$_NAND_,Y,10781
8776,$abc$20785$auto$blifparse.cc:397:parse_blif$29562,$_NAND_,Y,10782
8777,$abc$20785$auto$blifparse.cc:397:parse_blif$29563,$_NAND_,Y,10783
8778,$abc$20785$auto$blifparse.cc:397:parse_blif$29564,$_NAND_,Y,10784
8779,$abc$20785$auto$blifparse.cc:397:parse_blif$29565,$_NAND_,Y,10785
8780,$abc$20785$auto$blifparse.cc:397:parse_blif$29566,$_NAND_,Y,10786
8781,$abc$20785$auto$blifparse.cc:397:parse_blif$29567,$_NAND_,Y,10787
8782,$abc$20785$auto$blifparse.cc:397:parse_blif$29568,$_NAND_,Y,10788
8783,$abc$20785$auto$blifparse.cc:397:parse_blif$29569,$_NAND_,Y,10789
8784,$abc$20785$auto$blifparse.cc:397:parse_blif$29570,$_NAND_,Y,10790
8785,$abc$20785$auto$blifparse.cc:397:parse_blif$29571,$_NAND_,Y,10791
8786,$abc$20785$auto$blifparse.cc:397:parse_blif$29572,$_NAND_,Y,10792
8787,$abc$20785$auto$blifparse.cc:397:parse_blif$29573,$_NAND_,Y,10793
8788,$abc$20785$auto$blifparse.cc:397:parse_blif$29574,$_NAND_,Y,10794
8789,$abc$20785$auto$blifparse.cc:397:parse_blif$29575,$_NAND_,Y,10795
8790,$abc$20785$auto$blifparse.cc:397:parse_blif$29576,$_OR_,Y,10796
8791,$abc$20785$auto$blifparse.cc:397:parse_blif$29577,$_AND_,Y,10797
8792,$abc$20785$auto$blifparse.cc:397:parse_blif$29578,$_XNOR_,Y,10798
8793,$abc$20785$auto$blifparse.cc:397:parse_blif$29579,$_XNOR_,Y,10799
8794,$abc$20785$auto$blifparse.cc:397:parse_blif$29580,$_XOR_,Y,10800
8795,$abc$20785$auto$blifparse.cc:397:parse_blif$29581,$_XOR_,Y,10801
8796,$abc$20785$auto$blifparse.cc:397:parse_blif$29582,$_AND_,Y,10802
8797,$abc$20785$auto$blifparse.cc:397:parse_blif$29583,$_XNOR_,Y,10803
8798,$abc$20785$auto$blifparse.cc:397:parse_blif$29584,$_XNOR_,Y,10804
8799,$abc$20785$auto$blifparse.cc:397:parse_blif$29585,$_XOR_,Y,10805
8800,$abc$20785$auto$blifparse.cc:397:parse_blif$29586,$_XOR_,Y,10806
8801,$abc$20785$auto$blifparse.cc:397:parse_blif$29587,$_AND_,Y,10807
8802,$abc$20785$auto$blifparse.cc:397:parse_blif$29588,$_XNOR_,Y,10808
8803,$abc$20785$auto$blifparse.cc:397:parse_blif$29589,$_XNOR_,Y,10809
8804,$abc$20785$auto$blifparse.cc:397:parse_blif$29590,$_XOR_,Y,10810
8805,$abc$20785$auto$blifparse.cc:397:parse_blif$29591,$_XOR_,Y,10811
8806,$abc$20785$auto$blifparse.cc:397:parse_blif$29592,$_AND_,Y,10812
8807,$abc$20785$auto$blifparse.cc:397:parse_blif$29593,$_XNOR_,Y,10813
8808,$abc$20785$auto$blifparse.cc:397:parse_blif$29594,$_XNOR_,Y,10814
8809,$abc$20785$auto$blifparse.cc:397:parse_blif$29595,$_XOR_,Y,10815
8810,$abc$20785$auto$blifparse.cc:397:parse_blif$29596,$_XOR_,Y,10816
8811,$abc$20785$auto$blifparse.cc:397:parse_blif$29597,$_NAND_,Y,10817
8812,$abc$20785$auto$blifparse.cc:397:parse_blif$29598,$_XOR_,Y,10818
8813,$abc$20785$auto$blifparse.cc:397:parse_blif$29599,$_NAND_,Y,10819
8814,$abc$20785$auto$blifparse.cc:397:parse_blif$29600,$_OR_,Y,10820
8815,$abc$20785$auto$blifparse.cc:397:parse_blif$29601,$_NAND_,Y,10821
8816,$abc$20785$auto$blifparse.cc:397:parse_blif$29602,$_XOR_,Y,10822
8817,$abc$20785$auto$blifparse.cc:397:parse_blif$29603,$_NAND_,Y,10823
8818,$abc$20785$auto$blifparse.cc:397:parse_blif$29604,$_OR_,Y,10824
8819,$abc$20785$auto$blifparse.cc:397:parse_blif$29605,$_NAND_,Y,10825
8820,$abc$20785$auto$blifparse.cc:397:parse_blif$29606,$_XOR_,Y,10826
8821,$abc$20785$auto$blifparse.cc:397:parse_blif$29607,$_NAND_,Y,10827
8822,$abc$20785$auto$blifparse.cc:397:parse_blif$29608,$_OR_,Y,10828
8823,$abc$20785$auto$blifparse.cc:397:parse_blif$29609,$_NAND_,Y,10829
8824,$abc$20785$auto$blifparse.cc:397:parse_blif$29610,$_XOR_,Y,10830
8825,$abc$20785$auto$blifparse.cc:397:parse_blif$29611,$_NAND_,Y,10831
8826,$abc$20785$auto$blifparse.cc:397:parse_blif$29612,$_NAND_,Y,10832
8827,$abc$20785$auto$blifparse.cc:397:parse_blif$29613,$_NAND_,Y,10833
8828,$abc$20785$auto$blifparse.cc:397:parse_blif$29614,$_NAND_,Y,10834
8829,$abc$20785$auto$blifparse.cc:397:parse_blif$29615,$_NAND_,Y,10835
8830,$abc$20785$auto$blifparse.cc:397:parse_blif$29616,$_NAND_,Y,10836
8831,$abc$20785$auto$blifparse.cc:397:parse_blif$29617,$_NAND_,Y,10837
8832,$abc$20785$auto$blifparse.cc:397:parse_blif$29618,$_NAND_,Y,10838
8833,$abc$20785$auto$blifparse.cc:397:parse_blif$29619,$_NAND_,Y,10839
8834,$abc$20785$auto$blifparse.cc:397:parse_blif$29620,$_NAND_,Y,10840
8835,$abc$20785$auto$blifparse.cc:397:parse_blif$29621,$_NAND_,Y,10841
8836,$abc$20785$auto$blifparse.cc:397:parse_blif$29622,$_NAND_,Y,10842
8837,$abc$20785$auto$blifparse.cc:397:parse_blif$29623,$_NAND_,Y,10843
8838,$abc$20785$auto$blifparse.cc:397:parse_blif$29624,$_NAND_,Y,10844
8839,$abc$20785$auto$blifparse.cc:397:parse_blif$29625,$_NAND_,Y,10845
8840,$abc$20785$auto$blifparse.cc:397:parse_blif$29626,$_NAND_,Y,10846
8841,$abc$20785$auto$blifparse.cc:397:parse_blif$29627,$_NAND_,Y,10847
8842,$abc$20785$auto$blifparse.cc:397:parse_blif$29628,$_OR_,Y,10848
8843,$abc$20785$auto$blifparse.cc:397:parse_blif$29629,$_AND_,Y,10849
8844,$abc$20785$auto$blifparse.cc:397:parse_blif$29630,$_XNOR_,Y,10850
8845,$abc$20785$auto$blifparse.cc:397:parse_blif$29631,$_XNOR_,Y,10851
8846,$abc$20785$auto$blifparse.cc:397:parse_blif$29632,$_XOR_,Y,10852
8847,$abc$20785$auto$blifparse.cc:397:parse_blif$29633,$_XOR_,Y,10853
8848,$abc$20785$auto$blifparse.cc:397:parse_blif$29634,$_AND_,Y,10854
8849,$abc$20785$auto$blifparse.cc:397:parse_blif$29635,$_XNOR_,Y,10855
8850,$abc$20785$auto$blifparse.cc:397:parse_blif$29636,$_XNOR_,Y,10856
8851,$abc$20785$auto$blifparse.cc:397:parse_blif$29637,$_XOR_,Y,10857
8852,$abc$20785$auto$blifparse.cc:397:parse_blif$29638,$_XOR_,Y,10858
8853,$abc$20785$auto$blifparse.cc:397:parse_blif$29639,$_AND_,Y,10859
8854,$abc$20785$auto$blifparse.cc:397:parse_blif$29640,$_XNOR_,Y,10860
8855,$abc$20785$auto$blifparse.cc:397:parse_blif$29641,$_XNOR_,Y,10861
8856,$abc$20785$auto$blifparse.cc:397:parse_blif$29642,$_XOR_,Y,10862
8857,$abc$20785$auto$blifparse.cc:397:parse_blif$29643,$_XOR_,Y,10863
8858,$abc$20785$auto$blifparse.cc:397:parse_blif$29644,$_AND_,Y,10864
8859,$abc$20785$auto$blifparse.cc:397:parse_blif$29645,$_XNOR_,Y,10865
8860,$abc$20785$auto$blifparse.cc:397:parse_blif$29646,$_XNOR_,Y,10866
8861,$abc$20785$auto$blifparse.cc:397:parse_blif$29647,$_XNOR_,Y,10867
8862,$abc$20785$auto$blifparse.cc:397:parse_blif$29648,$_XNOR_,Y,10868
8863,$abc$20785$auto$blifparse.cc:397:parse_blif$29649,$_NAND_,Y,10869
8864,$abc$20785$auto$blifparse.cc:397:parse_blif$29650,$_XOR_,Y,10870
8865,$abc$20785$auto$blifparse.cc:397:parse_blif$29651,$_NAND_,Y,10871
8866,$abc$20785$auto$blifparse.cc:397:parse_blif$29652,$_OR_,Y,10872
8867,$abc$20785$auto$blifparse.cc:397:parse_blif$29653,$_NAND_,Y,10873
8868,$abc$20785$auto$blifparse.cc:397:parse_blif$29654,$_XOR_,Y,10874
8869,$abc$20785$auto$blifparse.cc:397:parse_blif$29655,$_NAND_,Y,10875
8870,$abc$20785$auto$blifparse.cc:397:parse_blif$29656,$_OR_,Y,10876
8871,$abc$20785$auto$blifparse.cc:397:parse_blif$29657,$_NAND_,Y,10877
8872,$abc$20785$auto$blifparse.cc:397:parse_blif$29658,$_XOR_,Y,10878
8873,$abc$20785$auto$blifparse.cc:397:parse_blif$29659,$_NAND_,Y,10879
8874,$abc$20785$auto$blifparse.cc:397:parse_blif$29660,$_OR_,Y,10880
8875,$abc$20785$auto$blifparse.cc:397:parse_blif$29661,$_NAND_,Y,10881
8876,$abc$20785$auto$blifparse.cc:397:parse_blif$29662,$_XOR_,Y,10882
8877,$abc$20785$auto$blifparse.cc:397:parse_blif$29663,$_NAND_,Y,10883
8878,$abc$20785$auto$blifparse.cc:397:parse_blif$29664,$_NAND_,Y,10884
8879,$abc$20785$auto$blifparse.cc:397:parse_blif$29665,$_NAND_,Y,10885
8880,$abc$20785$auto$blifparse.cc:397:parse_blif$29666,$_NAND_,Y,10886
8881,$abc$20785$auto$blifparse.cc:397:parse_blif$29667,$_NAND_,Y,10887
8882,$abc$20785$auto$blifparse.cc:397:parse_blif$29668,$_NAND_,Y,10888
8883,$abc$20785$auto$blifparse.cc:397:parse_blif$29669,$_NAND_,Y,10889
8884,$abc$20785$auto$blifparse.cc:397:parse_blif$29670,$_NAND_,Y,10890
8885,$abc$20785$auto$blifparse.cc:397:parse_blif$29671,$_NAND_,Y,10891
8886,$abc$20785$auto$blifparse.cc:397:parse_blif$29672,$_NAND_,Y,10892
8887,$abc$20785$auto$blifparse.cc:397:parse_blif$29673,$_NAND_,Y,10893
8888,$abc$20785$auto$blifparse.cc:397:parse_blif$29674,$_NAND_,Y,10894
8889,$abc$20785$auto$blifparse.cc:397:parse_blif$29675,$_NAND_,Y,10895
8890,$abc$20785$auto$blifparse.cc:397:parse_blif$29676,$_NAND_,Y,10896
8891,$abc$20785$auto$blifparse.cc:397:parse_blif$29677,$_NAND_,Y,10897
8892,$abc$20785$auto$blifparse.cc:397:parse_blif$29678,$_AND_,Y,10898
8893,$abc$20785$auto$blifparse.cc:397:parse_blif$29679,$_XNOR_,Y,10899
8894,$abc$20785$auto$blifparse.cc:397:parse_blif$29680,$_XNOR_,Y,10900
8895,$abc$20785$auto$blifparse.cc:397:parse_blif$29681,$_XNOR_,Y,10901
8896,$abc$20785$auto$blifparse.cc:397:parse_blif$29682,$_XOR_,Y,10902
8897,$abc$20785$auto$blifparse.cc:397:parse_blif$29683,$_XOR_,Y,10903
8898,$abc$20785$auto$blifparse.cc:397:parse_blif$29684,$_AND_,Y,10904
8899,$abc$20785$auto$blifparse.cc:397:parse_blif$29685,$_XNOR_,Y,10905
8900,$abc$20785$auto$blifparse.cc:397:parse_blif$29686,$_XNOR_,Y,10906
8901,$abc$20785$auto$blifparse.cc:397:parse_blif$29687,$_XOR_,Y,10907
8902,$abc$20785$auto$blifparse.cc:397:parse_blif$29688,$_XOR_,Y,10908
8903,$abc$20785$auto$blifparse.cc:397:parse_blif$29689,$_AND_,Y,10909
8904,$abc$20785$auto$blifparse.cc:397:parse_blif$29690,$_XNOR_,Y,10910
8905,$abc$20785$auto$blifparse.cc:397:parse_blif$29691,$_XNOR_,Y,10911
8906,$abc$20785$auto$blifparse.cc:397:parse_blif$29692,$_XOR_,Y,10912
8907,$abc$20785$auto$blifparse.cc:397:parse_blif$29693,$_XOR_,Y,10913
8908,$abc$20785$auto$blifparse.cc:397:parse_blif$29694,$_AND_,Y,10914
8909,$abc$20785$auto$blifparse.cc:397:parse_blif$29695,$_XNOR_,Y,10915
8910,$abc$20785$auto$blifparse.cc:397:parse_blif$29696,$_XNOR_,Y,10916
8911,$abc$20785$auto$blifparse.cc:397:parse_blif$29697,$_XNOR_,Y,10917
8912,$abc$20785$auto$blifparse.cc:397:parse_blif$29698,$_XNOR_,Y,10918
8913,$abc$20785$auto$blifparse.cc:397:parse_blif$29699,$_XNOR_,Y,10920
8914,$abc$20785$auto$blifparse.cc:397:parse_blif$29700,$_AND_,Y,10921
8915,$abc$20785$auto$blifparse.cc:397:parse_blif$29701,$_OR_,Y,10922
8916,$abc$20785$auto$blifparse.cc:397:parse_blif$29702,$_NAND_,Y,10923
8917,$abc$20785$auto$blifparse.cc:397:parse_blif$29703,$_OR_,Y,10924
8918,$abc$20785$auto$blifparse.cc:397:parse_blif$29704,$_ANDNOT_,Y,10925
8919,$abc$20785$auto$blifparse.cc:397:parse_blif$29705,$_NAND_,Y,10926
8920,$abc$20785$auto$blifparse.cc:397:parse_blif$29706,$_NAND_,Y,10927
8921,$abc$20785$auto$blifparse.cc:397:parse_blif$29707,$_MUX_,Y,10928
8922,$abc$20785$auto$blifparse.cc:397:parse_blif$29708,$_NAND_,Y,10929
8923,$abc$20785$auto$blifparse.cc:397:parse_blif$29709,$_XNOR_,Y,10930
8924,$abc$20785$auto$blifparse.cc:397:parse_blif$29710,$_OR_,Y,10931
8925,$abc$20785$auto$blifparse.cc:397:parse_blif$29711,$_NAND_,Y,10932
8926,$abc$20785$auto$blifparse.cc:397:parse_blif$29712,$_ORNOT_,Y,10933
8927,$abc$20785$auto$blifparse.cc:397:parse_blif$29713,$_NAND_,Y,10934
8928,$abc$20785$auto$blifparse.cc:397:parse_blif$29714,$_XNOR_,Y,10935
8929,$abc$20785$auto$blifparse.cc:397:parse_blif$29715,$_XNOR_,Y,10936
8930,$abc$20785$auto$blifparse.cc:397:parse_blif$29716,$_MUX_,Y,10937
8931,$abc$20785$auto$blifparse.cc:397:parse_blif$29717,$_NAND_,Y,10938
8932,$abc$20785$auto$blifparse.cc:397:parse_blif$29718,$_NOR_,Y,10940
8933,$abc$20785$auto$blifparse.cc:397:parse_blif$29719,$_NAND_,Y,10941
8934,$abc$20785$auto$blifparse.cc:397:parse_blif$29720,$_OR_,Y,10942
8935,$abc$20785$auto$blifparse.cc:397:parse_blif$29721,$_OR_,Y,10943
8936,$abc$20785$auto$blifparse.cc:397:parse_blif$29722,$_NOR_,Y,10944
8937,$abc$20785$auto$blifparse.cc:397:parse_blif$29723,$_ORNOT_,Y,10945
8938,$abc$20785$auto$blifparse.cc:397:parse_blif$29724,$_OR_,Y,10946
8939,$abc$20785$auto$blifparse.cc:397:parse_blif$29725,$_NAND_,Y,10947
8940,$abc$20785$auto$blifparse.cc:397:parse_blif$29726,$_AND_,Y,10948
8941,$abc$20785$auto$blifparse.cc:397:parse_blif$29727,$_XNOR_,Y,10949
8942,$abc$20785$auto$blifparse.cc:397:parse_blif$29728,$_MUX_,Y,10950
8943,$abc$20785$auto$blifparse.cc:397:parse_blif$29729,$_AND_,Y,10951
8944,$abc$20785$auto$blifparse.cc:397:parse_blif$29730,$_XOR_,Y,10952
8945,$abc$20785$auto$blifparse.cc:397:parse_blif$29731,$_XNOR_,Y,10953
8946,$abc$20785$auto$blifparse.cc:397:parse_blif$29732,$_AND_,Y,10954
8947,$abc$20785$auto$blifparse.cc:397:parse_blif$29733,$_XNOR_,Y,10955
8948,$abc$20785$auto$blifparse.cc:397:parse_blif$29734,$_XNOR_,Y,10956
8949,$abc$20785$auto$blifparse.cc:397:parse_blif$29735,$_AND_,Y,10957
8950,$abc$20785$auto$blifparse.cc:397:parse_blif$29736,$_NAND_,Y,10958
8951,$abc$20785$auto$blifparse.cc:397:parse_blif$29737,$_ANDNOT_,Y,10959
8952,$abc$20785$auto$blifparse.cc:397:parse_blif$29738,$_ANDNOT_,Y,10960
8953,$abc$20785$auto$blifparse.cc:397:parse_blif$29739,$_ANDNOT_,Y,10961
8954,$abc$20785$auto$blifparse.cc:397:parse_blif$29740,$_NAND_,Y,10962
8955,$abc$20785$auto$blifparse.cc:397:parse_blif$29741,$_ANDNOT_,Y,10963
8956,$abc$20785$auto$blifparse.cc:397:parse_blif$29742,$_AND_,Y,10964
8957,$abc$20785$auto$blifparse.cc:397:parse_blif$29743,$_ANDNOT_,Y,10965
8958,$abc$20785$auto$blifparse.cc:397:parse_blif$29744,$_NOR_,Y,10966
8959,$abc$20785$auto$blifparse.cc:397:parse_blif$29745,$_NAND_,Y,10967
8960,$abc$20785$auto$blifparse.cc:397:parse_blif$29746,$_NAND_,Y,10968
8961,$abc$20785$auto$blifparse.cc:397:parse_blif$29747,$_ORNOT_,Y,10969
8962,$abc$20785$auto$blifparse.cc:397:parse_blif$29748,$_ORNOT_,Y,10970
8963,$abc$20785$auto$blifparse.cc:397:parse_blif$29749,$_ANDNOT_,Y,10971
8964,$abc$20785$auto$blifparse.cc:397:parse_blif$29750,$_NAND_,Y,10972
8965,$abc$20785$auto$blifparse.cc:397:parse_blif$29751,$_NAND_,Y,10973
8966,$abc$20785$auto$blifparse.cc:397:parse_blif$29752,$_NAND_,Y,10974
8967,$abc$20785$auto$blifparse.cc:397:parse_blif$29753,$_XNOR_,Y,10975
8968,$abc$20785$auto$blifparse.cc:397:parse_blif$29754,$_MUX_,Y,10976
8969,$abc$20785$auto$blifparse.cc:397:parse_blif$29755,$_NAND_,Y,10977
8970,$abc$20785$auto$blifparse.cc:397:parse_blif$29756,$_NAND_,Y,10978
8971,$abc$20785$auto$blifparse.cc:397:parse_blif$29757,$_XNOR_,Y,10979
8972,$abc$20785$auto$blifparse.cc:397:parse_blif$29758,$_MUX_,Y,10980
8973,$abc$20785$auto$blifparse.cc:397:parse_blif$29759,$_NAND_,Y,10981
8974,$abc$20785$auto$blifparse.cc:397:parse_blif$29760,$_AND_,Y,10982
8975,$abc$20785$auto$blifparse.cc:397:parse_blif$29761,$_NAND_,Y,10983
8976,$abc$20785$auto$blifparse.cc:397:parse_blif$29762,$_MUX_,Y,10984
8977,$abc$20785$auto$blifparse.cc:397:parse_blif$29763,$_NAND_,Y,10985
8978,$abc$20785$auto$blifparse.cc:397:parse_blif$29764,$_NAND_,Y,10986
8979,$abc$20785$auto$blifparse.cc:397:parse_blif$29765,$_MUX_,Y,10987
8980,$abc$20785$auto$blifparse.cc:397:parse_blif$29766,$_NAND_,Y,10988
8981,$abc$20785$auto$blifparse.cc:397:parse_blif$29767,$_AND_,Y,10989
8982,$abc$20785$auto$blifparse.cc:397:parse_blif$29768,$_OR_,Y,10990
8983,$abc$20785$auto$blifparse.cc:397:parse_blif$29769,$_AND_,Y,10991
8984,$abc$20785$auto$blifparse.cc:397:parse_blif$29770,$_NAND_,Y,10992
8985,$abc$20785$auto$blifparse.cc:397:parse_blif$29771,$_MUX_,Y,10993
8986,$abc$20785$auto$blifparse.cc:397:parse_blif$29772,$_NAND_,Y,10994
8987,$abc$20785$auto$blifparse.cc:397:parse_blif$29773,$_NAND_,Y,10995
8988,$abc$20785$auto$blifparse.cc:397:parse_blif$29774,$_MUX_,Y,10996
8989,$abc$20785$auto$blifparse.cc:397:parse_blif$29775,$_NAND_,Y,10997
8990,$abc$20785$auto$blifparse.cc:397:parse_blif$29776,$_NAND_,Y,10998
8991,$abc$20785$auto$blifparse.cc:397:parse_blif$29777,$_MUX_,Y,10999
8992,$abc$20785$auto$blifparse.cc:397:parse_blif$29778,$_NAND_,Y,11000
8993,$abc$20785$auto$blifparse.cc:397:parse_blif$29779,$_NAND_,Y,11001
8994,$abc$20785$auto$blifparse.cc:397:parse_blif$29780,$_MUX_,Y,11002
8995,$abc$20785$auto$blifparse.cc:397:parse_blif$29781,$_NAND_,Y,11003
8996,$abc$20785$auto$blifparse.cc:397:parse_blif$29782,$_NAND_,Y,11004
8997,$abc$20785$auto$blifparse.cc:397:parse_blif$29783,$_MUX_,Y,11005
8998,$abc$20785$auto$blifparse.cc:397:parse_blif$29784,$_NAND_,Y,11006
8999,$abc$20785$auto$blifparse.cc:397:parse_blif$29785,$_OR_,Y,11007
9000,$abc$20785$auto$blifparse.cc:397:parse_blif$29786,$_AND_,Y,11008
9001,$abc$20785$auto$blifparse.cc:397:parse_blif$29787,$_AND_,Y,11009
9002,$abc$20785$auto$blifparse.cc:397:parse_blif$29788,$_NAND_,Y,11010
9003,$abc$20785$auto$blifparse.cc:397:parse_blif$29789,$_MUX_,Y,11011
9004,$abc$20785$auto$blifparse.cc:397:parse_blif$29790,$_NAND_,Y,11012
9005,$abc$20785$auto$blifparse.cc:397:parse_blif$29791,$_NAND_,Y,11013
9006,$abc$20785$auto$blifparse.cc:397:parse_blif$29792,$_MUX_,Y,11014
9007,$abc$20785$auto$blifparse.cc:397:parse_blif$29793,$_NAND_,Y,11015
9008,$abc$20785$auto$blifparse.cc:397:parse_blif$29794,$_AND_,Y,11016
9009,$abc$20785$auto$blifparse.cc:397:parse_blif$29795,$_XNOR_,Y,11017
9010,$abc$20785$auto$blifparse.cc:397:parse_blif$29796,$_XNOR_,Y,11018
9011,$auto$ff.cc:337:slice$1513,$_SDFFE_PN1P_,Q,908
9012,$auto$ff.cc:337:slice$1514,$_SDFFE_PN0P_,Q,1695
9013,$auto$ff.cc:337:slice$1515,$_SDFFE_PN0P_,Q,1687
9014,$auto$ff.cc:337:slice$1516,$_SDFFE_PN0P_,Q,1679
9015,$auto$ff.cc:337:slice$1517,$_SDFFE_PN0P_,Q,1670
9016,$auto$ff.cc:337:slice$1518,$_SDFFE_PN0P_,Q,1662
9017,$auto$ff.cc:337:slice$1519,$_SDFFE_PN0P_,Q,1653
9018,$auto$ff.cc:337:slice$1520,$_SDFFE_PN0P_,Q,1644
9019,$auto$ff.cc:337:slice$1521,$_SDFFE_PN0P_,Q,1635
9020,$auto$ff.cc:337:slice$1522,$_SDFFE_PN0P_,Q,1626
9021,$auto$ff.cc:337:slice$1523,$_SDFFE_PN0P_,Q,1617
9022,$auto$ff.cc:337:slice$1524,$_SDFFE_PN0P_,Q,1608
9023,$auto$ff.cc:337:slice$1525,$_SDFFE_PN0P_,Q,1599
9024,$auto$ff.cc:337:slice$1526,$_SDFFE_PN0P_,Q,1590
9025,$auto$ff.cc:337:slice$1527,$_SDFFE_PN0P_,Q,1581
9026,$auto$ff.cc:337:slice$1528,$_SDFFE_PN0P_,Q,1572
9027,$auto$ff.cc:337:slice$1529,$_SDFFE_PN0P_,Q,1563
9028,$auto$ff.cc:337:slice$1530,$_SDFFE_PN0P_,Q,1554
9029,$auto$ff.cc:337:slice$1531,$_SDFFE_PN0P_,Q,1545
9030,$auto$ff.cc:337:slice$1532,$_SDFFE_PN0P_,Q,1536
9031,$auto$ff.cc:337:slice$1533,$_SDFFE_PN0P_,Q,1527
9032,$auto$ff.cc:337:slice$1534,$_SDFFE_PN0P_,Q,1518
9033,$auto$ff.cc:337:slice$1535,$_SDFFE_PN0P_,Q,1509
9034,$auto$ff.cc:337:slice$1536,$_SDFFE_PN0P_,Q,1500
9035,$auto$ff.cc:337:slice$1537,$_SDFFE_PN0P_,Q,1491
9036,$auto$ff.cc:337:slice$1538,$_SDFFE_PN0P_,Q,1482
9037,$auto$ff.cc:337:slice$1539,$_SDFFE_PN0P_,Q,1473
9038,$auto$ff.cc:337:slice$1540,$_SDFFE_PN0P_,Q,1464
9039,$auto$ff.cc:337:slice$1541,$_SDFFE_PN0P_,Q,1455
9040,$auto$ff.cc:337:slice$1542,$_SDFFE_PN0P_,Q,1446
9041,$auto$ff.cc:337:slice$1543,$_SDFFE_PN0P_,Q,1437
9042,$auto$ff.cc:337:slice$1544,$_SDFFE_PN0P_,Q,1425
9043,$auto$ff.cc:337:slice$1545,$_SDFFE_PN0P_,Q,1818
9044,$auto$ff.cc:337:slice$1546,$_SDFFE_PN0P_,Q,2778
9045,$auto$ff.cc:337:slice$1547,$_SDFFE_PN0P_,Q,2771
9046,$auto$ff.cc:337:slice$1548,$_SDFFE_PN0P_,Q,2764
9047,$auto$ff.cc:337:slice$1549,$_SDFFE_PN0P_,Q,2756
9048,$auto$ff.cc:337:slice$1550,$_SDFFE_PN0P_,Q,2749
9049,$auto$ff.cc:337:slice$1551,$_SDFFE_PN0P_,Q,2741
9050,$auto$ff.cc:337:slice$1552,$_SDFFE_PN0P_,Q,2733
9051,$auto$ff.cc:337:slice$1553,$_SDFFE_PN0P_,Q,2725
9052,$auto$ff.cc:337:slice$1554,$_SDFFE_PN0P_,Q,2717
9053,$auto$ff.cc:337:slice$1555,$_SDFFE_PN0P_,Q,2709
9054,$auto$ff.cc:337:slice$1556,$_SDFFE_PN0P_,Q,2701
9055,$auto$ff.cc:337:slice$1557,$_SDFFE_PN0P_,Q,2693
9056,$auto$ff.cc:337:slice$1558,$_SDFFE_PN0P_,Q,2685
9057,$auto$ff.cc:337:slice$1559,$_SDFFE_PN0P_,Q,2677
9058,$auto$ff.cc:337:slice$1560,$_SDFFE_PN0P_,Q,2669
9059,$auto$ff.cc:337:slice$1561,$_SDFFE_PN0P_,Q,2661
9060,$auto$ff.cc:337:slice$1562,$_SDFFE_PN0P_,Q,2653
9061,$auto$ff.cc:337:slice$1563,$_SDFFE_PN0P_,Q,2645
9062,$auto$ff.cc:337:slice$1564,$_SDFFE_PN0P_,Q,2637
9063,$auto$ff.cc:337:slice$1565,$_SDFFE_PN0P_,Q,2629
9064,$auto$ff.cc:337:slice$1566,$_SDFFE_PN0P_,Q,2621
9065,$auto$ff.cc:337:slice$1567,$_SDFFE_PN0P_,Q,2613
9066,$auto$ff.cc:337:slice$1568,$_SDFFE_PN0P_,Q,2605
9067,$auto$ff.cc:337:slice$1569,$_SDFFE_PN0P_,Q,2597
9068,$auto$ff.cc:337:slice$1570,$_SDFFE_PN0P_,Q,2589
9069,$auto$ff.cc:337:slice$1571,$_SDFFE_PN0P_,Q,2581
9070,$auto$ff.cc:337:slice$1572,$_SDFFE_PN0P_,Q,2573
9071,$auto$ff.cc:337:slice$1573,$_SDFFE_PN0P_,Q,2565
9072,$auto$ff.cc:337:slice$1574,$_SDFFE_PN0P_,Q,2557
9073,$auto$ff.cc:337:slice$1575,$_SDFFE_PN0P_,Q,2549
9074,$auto$ff.cc:337:slice$1576,$_SDFFE_PN0P_,Q,2541
9075,$auto$ff.cc:337:slice$1577,$_SDFFE_PN0P_,Q,2882
9076,$auto$ff.cc:337:slice$1578,$_SDFFE_PN0P_,Q,3826
9077,$auto$ff.cc:337:slice$1579,$_SDFFE_PN0P_,Q,3819
9078,$auto$ff.cc:337:slice$1580,$_SDFFE_PN0P_,Q,3812
9079,$auto$ff.cc:337:slice$1581,$_SDFFE_PN0P_,Q,3804
9080,$auto$ff.cc:337:slice$1582,$_SDFFE_PN0P_,Q,3797
9081,$auto$ff.cc:337:slice$1583,$_SDFFE_PN0P_,Q,3789
9082,$auto$ff.cc:337:slice$1584,$_SDFFE_PN0P_,Q,3781
9083,$auto$ff.cc:337:slice$1585,$_SDFFE_PN0P_,Q,3773
9084,$auto$ff.cc:337:slice$1586,$_SDFFE_PN0P_,Q,3765
9085,$auto$ff.cc:337:slice$1587,$_SDFFE_PN0P_,Q,3757
9086,$auto$ff.cc:337:slice$1588,$_SDFFE_PN0P_,Q,3749
9087,$auto$ff.cc:337:slice$1589,$_SDFFE_PN0P_,Q,3741
9088,$auto$ff.cc:337:slice$1590,$_SDFFE_PN0P_,Q,3733
9089,$auto$ff.cc:337:slice$1591,$_SDFFE_PN0P_,Q,3725
9090,$auto$ff.cc:337:slice$1592,$_SDFFE_PN0P_,Q,3717
9091,$auto$ff.cc:337:slice$1593,$_SDFFE_PN0P_,Q,3709
9092,$auto$ff.cc:337:slice$1594,$_SDFFE_PN0P_,Q,3701
9093,$auto$ff.cc:337:slice$1595,$_SDFFE_PN0P_,Q,3693
9094,$auto$ff.cc:337:slice$1596,$_SDFFE_PN0P_,Q,3685
9095,$auto$ff.cc:337:slice$1597,$_SDFFE_PN0P_,Q,3677
9096,$auto$ff.cc:337:slice$1598,$_SDFFE_PN0P_,Q,3669
9097,$auto$ff.cc:337:slice$1599,$_SDFFE_PN0P_,Q,3661
9098,$auto$ff.cc:337:slice$1600,$_SDFFE_PN0P_,Q,3653
9099,$auto$ff.cc:337:slice$1601,$_SDFFE_PN0P_,Q,3645
9100,$auto$ff.cc:337:slice$1602,$_SDFFE_PN0P_,Q,3637
9101,$auto$ff.cc:337:slice$1603,$_SDFFE_PN0P_,Q,3629
9102,$auto$ff.cc:337:slice$1604,$_SDFFE_PN0P_,Q,3621
9103,$auto$ff.cc:337:slice$1605,$_SDFFE_PN0P_,Q,3613
9104,$auto$ff.cc:337:slice$1606,$_SDFFE_PN0P_,Q,3605
9105,$auto$ff.cc:337:slice$1607,$_SDFFE_PN0P_,Q,3597
9106,$auto$ff.cc:337:slice$1608,$_SDFFE_PN0P_,Q,3589
9107,$auto$ff.cc:337:slice$1609,$_SDFFE_PN0P_,Q,3935
9108,$auto$ff.cc:337:slice$1610,$_SDFFE_PN0P_,Q,1427
9109,$auto$ff.cc:337:slice$1611,$_SDFFE_PN0P_,Q,4786
9110,$auto$ff.cc:337:slice$1612,$_SDFFE_PN0P_,Q,4780
9111,$auto$ff.cc:337:slice$1613,$_SDFFE_PN0P_,Q,4774
9112,$auto$ff.cc:337:slice$1614,$_SDFFE_PN0P_,Q,4767
9113,$auto$ff.cc:337:slice$1615,$_SDFFE_PN0P_,Q,4761
9114,$auto$ff.cc:337:slice$1616,$_SDFFE_PN0P_,Q,4754
9115,$auto$ff.cc:337:slice$1617,$_SDFFE_PN0P_,Q,4747
9116,$auto$ff.cc:337:slice$1618,$_SDFFE_PN0P_,Q,4740
9117,$auto$ff.cc:337:slice$1619,$_SDFFE_PN0P_,Q,4733
9118,$auto$ff.cc:337:slice$1620,$_SDFFE_PN0P_,Q,4726
9119,$auto$ff.cc:337:slice$1621,$_SDFFE_PN0P_,Q,4719
9120,$auto$ff.cc:337:slice$1622,$_SDFFE_PN0P_,Q,4712
9121,$auto$ff.cc:337:slice$1623,$_SDFFE_PN0P_,Q,4705
9122,$auto$ff.cc:337:slice$1624,$_SDFFE_PN0P_,Q,4698
9123,$auto$ff.cc:337:slice$1625,$_SDFFE_PN0P_,Q,4691
9124,$auto$ff.cc:337:slice$1626,$_SDFFE_PN0P_,Q,4684
9125,$auto$ff.cc:337:slice$1627,$_SDFFE_PN0P_,Q,4677
9126,$auto$ff.cc:337:slice$1628,$_SDFFE_PN0P_,Q,4670
9127,$auto$ff.cc:337:slice$1629,$_SDFFE_PN0P_,Q,4663
9128,$auto$ff.cc:337:slice$1630,$_SDFFE_PN0P_,Q,4656
9129,$auto$ff.cc:337:slice$1631,$_SDFFE_PN0P_,Q,4649
9130,$auto$ff.cc:337:slice$1632,$_SDFFE_PN0P_,Q,4642
9131,$auto$ff.cc:337:slice$1633,$_SDFFE_PN0P_,Q,4635
9132,$auto$ff.cc:337:slice$1634,$_SDFFE_PN0P_,Q,4628
9133,$auto$ff.cc:337:slice$1635,$_SDFFE_PN0P_,Q,4621
9134,$auto$ff.cc:337:slice$1636,$_SDFFE_PN0P_,Q,4614
9135,$auto$ff.cc:337:slice$1637,$_SDFFE_PN0P_,Q,4607
9136,$auto$ff.cc:337:slice$1638,$_SDFFE_PN0P_,Q,4600
9137,$auto$ff.cc:337:slice$1639,$_SDFFE_PN0P_,Q,4593
9138,$auto$ff.cc:337:slice$1640,$_SDFFE_PN0P_,Q,4586
9139,$auto$ff.cc:337:slice$1641,$_SDFFE_PN0P_,Q,4579
9140,$auto$ff.cc:337:slice$1642,$_SDFFE_PN0P_,Q,4890
9141,$auto$ff.cc:337:slice$1643,$_SDFFE_PN0P_,Q,1697
9142,$auto$ff.cc:337:slice$1644,$_SDFFE_PN0P_,Q,1689
9143,$auto$ff.cc:337:slice$1645,$_SDFFE_PN0P_,Q,1681
9144,$auto$ff.cc:337:slice$1646,$_SDFFE_PN0P_,Q,1672
9145,$auto$ff.cc:337:slice$1647,$_SDFFE_PN0P_,Q,1664
9146,$auto$ff.cc:337:slice$1648,$_SDFFE_PN0P_,Q,1655
9147,$auto$ff.cc:337:slice$1649,$_SDFFE_PN0P_,Q,1646
9148,$auto$ff.cc:337:slice$1650,$_SDFFE_PN0P_,Q,1637
9149,$auto$ff.cc:337:slice$1651,$_SDFFE_PN0P_,Q,1628
9150,$auto$ff.cc:337:slice$1652,$_SDFFE_PN0P_,Q,1619
9151,$auto$ff.cc:337:slice$1653,$_SDFFE_PN0P_,Q,1610
9152,$auto$ff.cc:337:slice$1654,$_SDFFE_PN0P_,Q,1601
9153,$auto$ff.cc:337:slice$1655,$_SDFFE_PN0P_,Q,1592
9154,$auto$ff.cc:337:slice$1656,$_SDFFE_PN0P_,Q,1583
9155,$auto$ff.cc:337:slice$1657,$_SDFFE_PN0P_,Q,1574
9156,$auto$ff.cc:337:slice$1658,$_SDFFE_PN0P_,Q,1565
9157,$auto$ff.cc:337:slice$1659,$_SDFFE_PN0P_,Q,1556
9158,$auto$ff.cc:337:slice$1660,$_SDFFE_PN0P_,Q,1547
9159,$auto$ff.cc:337:slice$1661,$_SDFFE_PN0P_,Q,1538
9160,$auto$ff.cc:337:slice$1662,$_SDFFE_PN0P_,Q,1529
9161,$auto$ff.cc:337:slice$1663,$_SDFFE_PN0P_,Q,1520
9162,$auto$ff.cc:337:slice$1664,$_SDFFE_PN0P_,Q,1511
9163,$auto$ff.cc:337:slice$1665,$_SDFFE_PN0P_,Q,1502
9164,$auto$ff.cc:337:slice$1666,$_SDFFE_PN0P_,Q,1493
9165,$auto$ff.cc:337:slice$1667,$_SDFFE_PN0P_,Q,1484
9166,$auto$ff.cc:337:slice$1668,$_SDFFE_PN0P_,Q,1475
9167,$auto$ff.cc:337:slice$1669,$_SDFFE_PN0P_,Q,1466
9168,$auto$ff.cc:337:slice$1670,$_SDFFE_PN0P_,Q,1457
9169,$auto$ff.cc:337:slice$1671,$_SDFFE_PN0P_,Q,1448
9170,$auto$ff.cc:337:slice$1672,$_SDFFE_PN0P_,Q,1439
9171,$auto$ff.cc:337:slice$1673,$_SDFFE_PN0P_,Q,1429
9172,$auto$ff.cc:337:slice$1674,$_SDFFE_PN0P_,Q,1820
9173,$auto$ff.cc:337:slice$1675,$_SDFFE_PN0P_,Q,1699
9174,$auto$ff.cc:337:slice$1676,$_SDFFE_PN0P_,Q,1691
9175,$auto$ff.cc:337:slice$1677,$_SDFFE_PN0P_,Q,1683
9176,$auto$ff.cc:337:slice$1678,$_SDFFE_PN0P_,Q,1674
9177,$auto$ff.cc:337:slice$1679,$_SDFFE_PN0P_,Q,1666
9178,$auto$ff.cc:337:slice$1680,$_SDFFE_PN0P_,Q,1657
9179,$auto$ff.cc:337:slice$1681,$_SDFFE_PN0P_,Q,1648
9180,$auto$ff.cc:337:slice$1682,$_SDFFE_PN0P_,Q,1639
9181,$auto$ff.cc:337:slice$1683,$_SDFFE_PN0P_,Q,1630
9182,$auto$ff.cc:337:slice$1684,$_SDFFE_PN0P_,Q,1621
9183,$auto$ff.cc:337:slice$1685,$_SDFFE_PN0P_,Q,1612
9184,$auto$ff.cc:337:slice$1686,$_SDFFE_PN0P_,Q,1603
9185,$auto$ff.cc:337:slice$1687,$_SDFFE_PN0P_,Q,1594
9186,$auto$ff.cc:337:slice$1688,$_SDFFE_PN0P_,Q,1585
9187,$auto$ff.cc:337:slice$1689,$_SDFFE_PN0P_,Q,1576
9188,$auto$ff.cc:337:slice$1690,$_SDFFE_PN0P_,Q,1567
9189,$auto$ff.cc:337:slice$1691,$_SDFFE_PN0P_,Q,1558
9190,$auto$ff.cc:337:slice$1692,$_SDFFE_PN0P_,Q,1549
9191,$auto$ff.cc:337:slice$1693,$_SDFFE_PN0P_,Q,1540
9192,$auto$ff.cc:337:slice$1694,$_SDFFE_PN0P_,Q,1531
9193,$auto$ff.cc:337:slice$1695,$_SDFFE_PN0P_,Q,1522
9194,$auto$ff.cc:337:slice$1696,$_SDFFE_PN0P_,Q,1513
9195,$auto$ff.cc:337:slice$1697,$_SDFFE_PN0P_,Q,1504
9196,$auto$ff.cc:337:slice$1698,$_SDFFE_PN0P_,Q,1495
9197,$auto$ff.cc:337:slice$1699,$_SDFFE_PN0P_,Q,1486
9198,$auto$ff.cc:337:slice$1700,$_SDFFE_PN0P_,Q,1477
9199,$auto$ff.cc:337:slice$1701,$_SDFFE_PN0P_,Q,1468
9200,$auto$ff.cc:337:slice$1702,$_SDFFE_PN0P_,Q,1459
9201,$auto$ff.cc:337:slice$1703,$_SDFFE_PN0P_,Q,1450
9202,$auto$ff.cc:337:slice$1704,$_SDFFE_PN0P_,Q,1441
9203,$auto$ff.cc:337:slice$1705,$_SDFFE_PN0P_,Q,1432
9204,$auto$ff.cc:337:slice$1706,$_SDFFE_PN0P_,Q,1822
9205,$auto$ff.cc:337:slice$1707,$_SDFFE_PN0P_,Q,2781
9206,$auto$ff.cc:337:slice$1708,$_SDFFE_PN0P_,Q,2774
9207,$auto$ff.cc:337:slice$1709,$_SDFFE_PN0P_,Q,2767
9208,$auto$ff.cc:337:slice$1710,$_SDFFE_PN0P_,Q,2759
9209,$auto$ff.cc:337:slice$1711,$_SDFFE_PN0P_,Q,2752
9210,$auto$ff.cc:337:slice$1712,$_SDFFE_PN0P_,Q,2744
9211,$auto$ff.cc:337:slice$1713,$_SDFFE_PN0P_,Q,2736
9212,$auto$ff.cc:337:slice$1714,$_SDFFE_PN0P_,Q,2728
9213,$auto$ff.cc:337:slice$1715,$_SDFFE_PN0P_,Q,2720
9214,$auto$ff.cc:337:slice$1716,$_SDFFE_PN0P_,Q,2712
9215,$auto$ff.cc:337:slice$1717,$_SDFFE_PN0P_,Q,2704
9216,$auto$ff.cc:337:slice$1718,$_SDFFE_PN0P_,Q,2696
9217,$auto$ff.cc:337:slice$1719,$_SDFFE_PN0P_,Q,2688
9218,$auto$ff.cc:337:slice$1720,$_SDFFE_PN0P_,Q,2680
9219,$auto$ff.cc:337:slice$1721,$_SDFFE_PN0P_,Q,2672
9220,$auto$ff.cc:337:slice$1722,$_SDFFE_PN0P_,Q,2664
9221,$auto$ff.cc:337:slice$1723,$_SDFFE_PN0P_,Q,2656
9222,$auto$ff.cc:337:slice$1724,$_SDFFE_PN0P_,Q,2648
9223,$auto$ff.cc:337:slice$1725,$_SDFFE_PN0P_,Q,2640
9224,$auto$ff.cc:337:slice$1726,$_SDFFE_PN0P_,Q,2632
9225,$auto$ff.cc:337:slice$1727,$_SDFFE_PN0P_,Q,2624
9226,$auto$ff.cc:337:slice$1728,$_SDFFE_PN0P_,Q,2616
9227,$auto$ff.cc:337:slice$1729,$_SDFFE_PN0P_,Q,2608
9228,$auto$ff.cc:337:slice$1730,$_SDFFE_PN0P_,Q,2600
9229,$auto$ff.cc:337:slice$1731,$_SDFFE_PN0P_,Q,2592
9230,$auto$ff.cc:337:slice$1732,$_SDFFE_PN0P_,Q,2584
9231,$auto$ff.cc:337:slice$1733,$_SDFFE_PN0P_,Q,2576
9232,$auto$ff.cc:337:slice$1734,$_SDFFE_PN0P_,Q,2568
9233,$auto$ff.cc:337:slice$1735,$_SDFFE_PN0P_,Q,2560
9234,$auto$ff.cc:337:slice$1736,$_SDFFE_PN0P_,Q,2552
9235,$auto$ff.cc:337:slice$1737,$_SDFFE_PN0P_,Q,2544
9236,$auto$ff.cc:337:slice$1738,$_SDFFE_PN0P_,Q,2885
9237,$auto$ff.cc:337:slice$1739,$_SDFFE_PN0P_,Q,3829
9238,$auto$ff.cc:337:slice$1740,$_SDFFE_PN0P_,Q,3822
9239,$auto$ff.cc:337:slice$1741,$_SDFFE_PN0P_,Q,3815
9240,$auto$ff.cc:337:slice$1742,$_SDFFE_PN0P_,Q,3807
9241,$auto$ff.cc:337:slice$1743,$_SDFFE_PN0P_,Q,3800
9242,$auto$ff.cc:337:slice$1744,$_SDFFE_PN0P_,Q,3792
9243,$auto$ff.cc:337:slice$1745,$_SDFFE_PN0P_,Q,3784
9244,$auto$ff.cc:337:slice$1746,$_SDFFE_PN0P_,Q,3776
9245,$auto$ff.cc:337:slice$1747,$_SDFFE_PN0P_,Q,3768
9246,$auto$ff.cc:337:slice$1748,$_SDFFE_PN0P_,Q,3760
9247,$auto$ff.cc:337:slice$1749,$_SDFFE_PN0P_,Q,3752
9248,$auto$ff.cc:337:slice$1750,$_SDFFE_PN0P_,Q,3744
9249,$auto$ff.cc:337:slice$1751,$_SDFFE_PN0P_,Q,3736
9250,$auto$ff.cc:337:slice$1752,$_SDFFE_PN0P_,Q,3728
9251,$auto$ff.cc:337:slice$1753,$_SDFFE_PN0P_,Q,3720
9252,$auto$ff.cc:337:slice$1754,$_SDFFE_PN0P_,Q,3712
9253,$auto$ff.cc:337:slice$1755,$_SDFFE_PN0P_,Q,3704
9254,$auto$ff.cc:337:slice$1756,$_SDFFE_PN0P_,Q,3696
9255,$auto$ff.cc:337:slice$1757,$_SDFFE_PN0P_,Q,3688
9256,$auto$ff.cc:337:slice$1758,$_SDFFE_PN0P_,Q,3680
9257,$auto$ff.cc:337:slice$1759,$_SDFFE_PN0P_,Q,3672
9258,$auto$ff.cc:337:slice$1760,$_SDFFE_PN0P_,Q,3664
9259,$auto$ff.cc:337:slice$1761,$_SDFFE_PN0P_,Q,3656
9260,$auto$ff.cc:337:slice$1762,$_SDFFE_PN0P_,Q,3648
9261,$auto$ff.cc:337:slice$1763,$_SDFFE_PN0P_,Q,3640
9262,$auto$ff.cc:337:slice$1764,$_SDFFE_PN0P_,Q,3632
9263,$auto$ff.cc:337:slice$1765,$_SDFFE_PN0P_,Q,3624
9264,$auto$ff.cc:337:slice$1766,$_SDFFE_PN0P_,Q,3616
9265,$auto$ff.cc:337:slice$1767,$_SDFFE_PN0P_,Q,3608
9266,$auto$ff.cc:337:slice$1768,$_SDFFE_PN0P_,Q,3600
9267,$auto$ff.cc:337:slice$1769,$_SDFFE_PN0P_,Q,3592
9268,$auto$ff.cc:337:slice$1770,$_SDFFE_PN0P_,Q,3938
9269,$auto$ff.cc:337:slice$1771,$_SDFFE_PN0P_,Q,2028
9270,$auto$ff.cc:337:slice$1772,$_SDFFE_PN0P_,Q,2014
9271,$auto$ff.cc:337:slice$1773,$_SDFFE_PN0P_,Q,2001
9272,$auto$ff.cc:337:slice$1774,$_SDFFE_PN0P_,Q,1986
9273,$auto$ff.cc:337:slice$1775,$_SDFFE_PN0P_,Q,1973
9274,$auto$ff.cc:337:slice$1776,$_SDFFE_PN0P_,Q,1958
9275,$auto$ff.cc:337:slice$1777,$_SDFFE_PN0P_,Q,1944
9276,$auto$ff.cc:337:slice$1778,$_SDFFE_PN0P_,Q,1929
9277,$auto$ff.cc:337:slice$1779,$_SDFFE_PN0P_,Q,1916
9278,$auto$ff.cc:337:slice$1780,$_SDFFE_PN0P_,Q,1901
9279,$auto$ff.cc:337:slice$1781,$_SDFFE_PN0P_,Q,1887
9280,$auto$ff.cc:337:slice$1782,$_SDFFE_PN0P_,Q,1872
9281,$auto$ff.cc:337:slice$1783,$_SDFFE_PN0P_,Q,1858
9282,$auto$ff.cc:337:slice$1784,$_SDFFE_PN0P_,Q,1843
9283,$auto$ff.cc:337:slice$1785,$_SDFFE_PN0P_,Q,1830
9284,$auto$ff.cc:337:slice$1786,$_SDFFE_PN0P_,Q,1807
9285,$auto$ff.cc:337:slice$1787,$_SDFFE_PN0P_,Q,1794
9286,$auto$ff.cc:337:slice$1788,$_SDFFE_PN0P_,Q,1780
9287,$auto$ff.cc:337:slice$1789,$_SDFFE_PN0P_,Q,1766
9288,$auto$ff.cc:337:slice$1790,$_SDFFE_PN0P_,Q,2320
9289,$auto$ff.cc:337:slice$1791,$_SDFFE_PN0P_,Q,2306
9290,$auto$ff.cc:337:slice$1792,$_SDFFE_PN0P_,Q,2292
9291,$auto$ff.cc:337:slice$1793,$_SDFFE_PN0P_,Q,2278
9292,$auto$ff.cc:337:slice$1794,$_SDFFE_PN0P_,Q,2263
9293,$auto$ff.cc:337:slice$1795,$_SDFFE_PN0P_,Q,2249
9294,$auto$ff.cc:337:slice$1796,$_SDFFE_PN0P_,Q,2234
9295,$auto$ff.cc:337:slice$1797,$_SDFFE_PN0P_,Q,2220
9296,$auto$ff.cc:337:slice$1798,$_SDFFE_PN0P_,Q,2207
9297,$auto$ff.cc:337:slice$1799,$_SDFFE_PN0P_,Q,2194
9298,$auto$ff.cc:337:slice$1800,$_SDFFE_PN0P_,Q,2181
9299,$auto$ff.cc:337:slice$1801,$_SDFFE_PN0P_,Q,2168
9300,$auto$ff.cc:337:slice$1802,$_SDFFE_PN0P_,Q,2359
9301,$auto$ff.cc:337:slice$1803,$_SDFFE_PN0P_,Q,3078
9302,$auto$ff.cc:337:slice$1804,$_SDFFE_PN0P_,Q,3065
9303,$auto$ff.cc:337:slice$1805,$_SDFFE_PN0P_,Q,3053
9304,$auto$ff.cc:337:slice$1806,$_SDFFE_PN0P_,Q,3039
9305,$auto$ff.cc:337:slice$1807,$_SDFFE_PN0P_,Q,3027
9306,$auto$ff.cc:337:slice$1808,$_SDFFE_PN0P_,Q,3013
9307,$auto$ff.cc:337:slice$1809,$_SDFFE_PN0P_,Q,3000
9308,$auto$ff.cc:337:slice$1810,$_SDFFE_PN0P_,Q,2985
9309,$auto$ff.cc:337:slice$1811,$_SDFFE_PN0P_,Q,2973
9310,$auto$ff.cc:337:slice$1812,$_SDFFE_PN0P_,Q,2959
9311,$auto$ff.cc:337:slice$1813,$_SDFFE_PN0P_,Q,2946
9312,$auto$ff.cc:337:slice$1814,$_SDFFE_PN0P_,Q,2932
9313,$auto$ff.cc:337:slice$1815,$_SDFFE_PN0P_,Q,2919
9314,$auto$ff.cc:337:slice$1816,$_SDFFE_PN0P_,Q,2905
9315,$auto$ff.cc:337:slice$1817,$_SDFFE_PN0P_,Q,2893
9316,$auto$ff.cc:337:slice$1818,$_SDFFE_PN0P_,Q,2872
9317,$auto$ff.cc:337:slice$1819,$_SDFFE_PN0P_,Q,2860
9318,$auto$ff.cc:337:slice$1820,$_SDFFE_PN0P_,Q,2848
9319,$auto$ff.cc:337:slice$1821,$_SDFFE_PN0P_,Q,3130
9320,$auto$ff.cc:337:slice$1822,$_SDFFE_PN0P_,Q,3372
9321,$auto$ff.cc:337:slice$1823,$_SDFFE_PN0P_,Q,3359
9322,$auto$ff.cc:337:slice$1824,$_SDFFE_PN0P_,Q,3346
9323,$auto$ff.cc:337:slice$1825,$_SDFFE_PN0P_,Q,3333
9324,$auto$ff.cc:337:slice$1826,$_SDFFE_PN0P_,Q,3319
9325,$auto$ff.cc:337:slice$1827,$_SDFFE_PN0P_,Q,3306
9326,$auto$ff.cc:337:slice$1828,$_SDFFE_PN0P_,Q,3292
9327,$auto$ff.cc:337:slice$1829,$_SDFFE_PN0P_,Q,3279
9328,$auto$ff.cc:337:slice$1830,$_SDFFE_PN0P_,Q,3267
9329,$auto$ff.cc:337:slice$1831,$_SDFFE_PN0P_,Q,3255
9330,$auto$ff.cc:337:slice$1832,$_SDFFE_PN0P_,Q,3243
9331,$auto$ff.cc:337:slice$1833,$_SDFFE_PN0P_,Q,3231
9332,$auto$ff.cc:337:slice$1834,$_SDFFE_PN0P_,Q,3410
9333,$auto$ff.cc:337:slice$1835,$_SDFFE_PN0P_,Q,2030
9334,$auto$ff.cc:337:slice$1836,$_SDFFE_PN0P_,Q,2016
9335,$auto$ff.cc:337:slice$1837,$_SDFFE_PN0P_,Q,2003
9336,$auto$ff.cc:337:slice$1838,$_SDFFE_PN0P_,Q,1988
9337,$auto$ff.cc:337:slice$1839,$_SDFFE_PN0P_,Q,1975
9338,$auto$ff.cc:337:slice$1840,$_SDFFE_PN0P_,Q,1960
9339,$auto$ff.cc:337:slice$1841,$_SDFFE_PN0P_,Q,1946
9340,$auto$ff.cc:337:slice$1842,$_SDFFE_PN0P_,Q,1931
9341,$auto$ff.cc:337:slice$1843,$_SDFFE_PN0P_,Q,1918
9342,$auto$ff.cc:337:slice$1844,$_SDFFE_PN0P_,Q,1903
9343,$auto$ff.cc:337:slice$1845,$_SDFFE_PN0P_,Q,1889
9344,$auto$ff.cc:337:slice$1846,$_SDFFE_PN0P_,Q,1874
9345,$auto$ff.cc:337:slice$1847,$_SDFFE_PN0P_,Q,1860
9346,$auto$ff.cc:337:slice$1848,$_SDFFE_PN0P_,Q,1845
9347,$auto$ff.cc:337:slice$1849,$_SDFFE_PN0P_,Q,1832
9348,$auto$ff.cc:337:slice$1850,$_SDFFE_PN0P_,Q,1809
9349,$auto$ff.cc:337:slice$1851,$_SDFFE_PN0P_,Q,1796
9350,$auto$ff.cc:337:slice$1852,$_SDFFE_PN0P_,Q,1782
9351,$auto$ff.cc:337:slice$1853,$_SDFFE_PN0P_,Q,1768
9352,$auto$ff.cc:337:slice$1854,$_SDFFE_PN0P_,Q,2322
9353,$auto$ff.cc:337:slice$1855,$_SDFFE_PN0P_,Q,2308
9354,$auto$ff.cc:337:slice$1856,$_SDFFE_PN0P_,Q,2294
9355,$auto$ff.cc:337:slice$1857,$_SDFFE_PN0P_,Q,2280
9356,$auto$ff.cc:337:slice$1858,$_SDFFE_PN0P_,Q,2265
9357,$auto$ff.cc:337:slice$1859,$_SDFFE_PN0P_,Q,2251
9358,$auto$ff.cc:337:slice$1860,$_SDFFE_PN0P_,Q,2236
9359,$auto$ff.cc:337:slice$1861,$_SDFFE_PN0P_,Q,2222
9360,$auto$ff.cc:337:slice$1862,$_SDFFE_PN0P_,Q,2209
9361,$auto$ff.cc:337:slice$1863,$_SDFFE_PN0P_,Q,2196
9362,$auto$ff.cc:337:slice$1864,$_SDFFE_PN0P_,Q,2183
9363,$auto$ff.cc:337:slice$1865,$_SDFFE_PN0P_,Q,2170
9364,$auto$ff.cc:337:slice$1866,$_SDFFE_PN0P_,Q,2361
9365,$auto$ff.cc:337:slice$1867,$_SDFFE_PN0P_,Q,3080
9366,$auto$ff.cc:337:slice$1868,$_SDFFE_PN0P_,Q,3067
9367,$auto$ff.cc:337:slice$1869,$_SDFFE_PN0P_,Q,3055
9368,$auto$ff.cc:337:slice$1870,$_SDFFE_PN0P_,Q,3041
9369,$auto$ff.cc:337:slice$1871,$_SDFFE_PN0P_,Q,3029
9370,$auto$ff.cc:337:slice$1872,$_SDFFE_PN0P_,Q,3015
9371,$auto$ff.cc:337:slice$1873,$_SDFFE_PN0P_,Q,3002
9372,$auto$ff.cc:337:slice$1874,$_SDFFE_PN0P_,Q,2987
9373,$auto$ff.cc:337:slice$1875,$_SDFFE_PN0P_,Q,2975
9374,$auto$ff.cc:337:slice$1876,$_SDFFE_PN0P_,Q,2961
9375,$auto$ff.cc:337:slice$1877,$_SDFFE_PN0P_,Q,2948
9376,$auto$ff.cc:337:slice$1878,$_SDFFE_PN0P_,Q,2934
9377,$auto$ff.cc:337:slice$1879,$_SDFFE_PN0P_,Q,2921
9378,$auto$ff.cc:337:slice$1880,$_SDFFE_PN0P_,Q,2907
9379,$auto$ff.cc:337:slice$1881,$_SDFFE_PN0P_,Q,2895
9380,$auto$ff.cc:337:slice$1882,$_SDFFE_PN0P_,Q,2874
9381,$auto$ff.cc:337:slice$1883,$_SDFFE_PN0P_,Q,2862
9382,$auto$ff.cc:337:slice$1884,$_SDFFE_PN0P_,Q,2850
9383,$auto$ff.cc:337:slice$1885,$_SDFFE_PN0P_,Q,3132
9384,$auto$ff.cc:337:slice$1886,$_SDFFE_PN0P_,Q,3374
9385,$auto$ff.cc:337:slice$1887,$_SDFFE_PN0P_,Q,3361
9386,$auto$ff.cc:337:slice$1888,$_SDFFE_PN0P_,Q,3348
9387,$auto$ff.cc:337:slice$1889,$_SDFFE_PN0P_,Q,3335
9388,$auto$ff.cc:337:slice$1890,$_SDFFE_PN0P_,Q,3321
9389,$auto$ff.cc:337:slice$1891,$_SDFFE_PN0P_,Q,3308
9390,$auto$ff.cc:337:slice$1892,$_SDFFE_PN0P_,Q,3294
9391,$auto$ff.cc:337:slice$1893,$_SDFFE_PN0P_,Q,3281
9392,$auto$ff.cc:337:slice$1894,$_SDFFE_PN0P_,Q,3269
9393,$auto$ff.cc:337:slice$1895,$_SDFFE_PN0P_,Q,3257
9394,$auto$ff.cc:337:slice$1896,$_SDFFE_PN0P_,Q,3245
9395,$auto$ff.cc:337:slice$1897,$_SDFFE_PN0P_,Q,3233
9396,$auto$ff.cc:337:slice$1898,$_SDFFE_PN0P_,Q,3412
9397,$auto$ff.cc:337:slice$1899,$_SDFFE_PN0P_,Q,1799
9398,$auto$ff.cc:337:slice$1900,$_SDFFE_PN0P_,Q,1785
9399,$auto$ff.cc:337:slice$1901,$_SDFFE_PN0P_,Q,1771
9400,$auto$ff.cc:337:slice$1902,$_SDFFE_PN0P_,Q,2325
9401,$auto$ff.cc:337:slice$1903,$_SDFFE_PN0P_,Q,2311
9402,$auto$ff.cc:337:slice$1904,$_SDFFE_PN0P_,Q,2297
9403,$auto$ff.cc:337:slice$1905,$_SDFFE_PN0P_,Q,2283
9404,$auto$ff.cc:337:slice$1906,$_SDFFE_PN0P_,Q,2268
9405,$auto$ff.cc:337:slice$1907,$_SDFFE_PN0P_,Q,2254
9406,$auto$ff.cc:337:slice$1908,$_SDFFE_PN0P_,Q,2239
9407,$auto$ff.cc:337:slice$1909,$_SDFFE_PN0P_,Q,2225
9408,$auto$ff.cc:337:slice$1910,$_SDFFE_PN0P_,Q,2212
9409,$auto$ff.cc:337:slice$1911,$_SDFFE_PN0P_,Q,2199
9410,$auto$ff.cc:337:slice$1912,$_SDFFE_PN0P_,Q,2186
9411,$auto$ff.cc:337:slice$1913,$_SDFFE_PN0P_,Q,2173
9412,$auto$ff.cc:337:slice$1914,$_SDFFE_PN0P_,Q,2364
9413,$auto$ff.cc:337:slice$1915,$_SDFFE_PN0P_,Q,2033
9414,$auto$ff.cc:337:slice$1916,$_SDFFE_PN0P_,Q,2019
9415,$auto$ff.cc:337:slice$1917,$_SDFFE_PN0P_,Q,2006
9416,$auto$ff.cc:337:slice$1918,$_SDFFE_PN0P_,Q,1991
9417,$auto$ff.cc:337:slice$1919,$_SDFFE_PN0P_,Q,1978
9418,$auto$ff.cc:337:slice$1920,$_SDFFE_PN0P_,Q,1963
9419,$auto$ff.cc:337:slice$1921,$_SDFFE_PN0P_,Q,1949
9420,$auto$ff.cc:337:slice$1922,$_SDFFE_PN0P_,Q,1934
9421,$auto$ff.cc:337:slice$1923,$_SDFFE_PN0P_,Q,1921
9422,$auto$ff.cc:337:slice$1924,$_SDFFE_PN0P_,Q,1906
9423,$auto$ff.cc:337:slice$1925,$_SDFFE_PN0P_,Q,1892
9424,$auto$ff.cc:337:slice$1926,$_SDFFE_PN0P_,Q,1877
9425,$auto$ff.cc:337:slice$1927,$_SDFFE_PN0P_,Q,1863
9426,$auto$ff.cc:337:slice$1928,$_SDFFE_PN0P_,Q,1848
9427,$auto$ff.cc:337:slice$1929,$_SDFFE_PN0P_,Q,1835
9428,$auto$ff.cc:337:slice$1930,$_SDFFE_PN0P_,Q,1812
9429,$auto$ff.cc:337:slice$1931,$_SDFFE_PN0P_,Q,2865
9430,$auto$ff.cc:337:slice$1932,$_SDFFE_PN0P_,Q,2853
9431,$auto$ff.cc:337:slice$1933,$_SDFFE_PN0P_,Q,3135
9432,$auto$ff.cc:337:slice$1934,$_SDFFE_PN0P_,Q,3377
9433,$auto$ff.cc:337:slice$1935,$_SDFFE_PN0P_,Q,3364
9434,$auto$ff.cc:337:slice$1936,$_SDFFE_PN0P_,Q,3351
9435,$auto$ff.cc:337:slice$1937,$_SDFFE_PN0P_,Q,3338
9436,$auto$ff.cc:337:slice$1938,$_SDFFE_PN0P_,Q,3324
9437,$auto$ff.cc:337:slice$1939,$_SDFFE_PN0P_,Q,3311
9438,$auto$ff.cc:337:slice$1940,$_SDFFE_PN0P_,Q,3297
9439,$auto$ff.cc:337:slice$1941,$_SDFFE_PN0P_,Q,3284
9440,$auto$ff.cc:337:slice$1942,$_SDFFE_PN0P_,Q,3272
9441,$auto$ff.cc:337:slice$1943,$_SDFFE_PN0P_,Q,3260
9442,$auto$ff.cc:337:slice$1944,$_SDFFE_PN0P_,Q,3248
9443,$auto$ff.cc:337:slice$1945,$_SDFFE_PN0P_,Q,3236
9444,$auto$ff.cc:337:slice$1946,$_SDFFE_PN0P_,Q,3415
9445,$auto$ff.cc:337:slice$1947,$_SDFFE_PN0P_,Q,3083
9446,$auto$ff.cc:337:slice$1948,$_SDFFE_PN0P_,Q,3070
9447,$auto$ff.cc:337:slice$1949,$_SDFFE_PN0P_,Q,3058
9448,$auto$ff.cc:337:slice$1950,$_SDFFE_PN0P_,Q,3044
9449,$auto$ff.cc:337:slice$1951,$_SDFFE_PN0P_,Q,3032
9450,$auto$ff.cc:337:slice$1952,$_SDFFE_PN0P_,Q,3018
9451,$auto$ff.cc:337:slice$1953,$_SDFFE_PN0P_,Q,3005
9452,$auto$ff.cc:337:slice$1954,$_SDFFE_PN0P_,Q,2990
9453,$auto$ff.cc:337:slice$1955,$_SDFFE_PN0P_,Q,2978
9454,$auto$ff.cc:337:slice$1956,$_SDFFE_PN0P_,Q,2964
9455,$auto$ff.cc:337:slice$1957,$_SDFFE_PN0P_,Q,2951
9456,$auto$ff.cc:337:slice$1958,$_SDFFE_PN0P_,Q,2937
9457,$auto$ff.cc:337:slice$1959,$_SDFFE_PN0P_,Q,2924
9458,$auto$ff.cc:337:slice$1960,$_SDFFE_PN0P_,Q,2910
9459,$auto$ff.cc:337:slice$1961,$_SDFFE_PN0P_,Q,2898
9460,$auto$ff.cc:337:slice$1962,$_SDFFE_PN0P_,Q,2877
9461,$auto$ff.cc:337:slice$1963,$_SDFFE_PN0P_,Q,3920
9462,$auto$ff.cc:337:slice$1964,$_SDFFE_PN0P_,Q,3910
9463,$auto$ff.cc:337:slice$1965,$_SDFFE_PN0P_,Q,3899
9464,$auto$ff.cc:337:slice$1966,$_SDFFE_PN0P_,Q,4363
9465,$auto$ff.cc:337:slice$1967,$_SDFFE_PN0P_,Q,4352
9466,$auto$ff.cc:337:slice$1968,$_SDFFE_PN0P_,Q,4341
9467,$auto$ff.cc:337:slice$1969,$_SDFFE_PN0P_,Q,4330
9468,$auto$ff.cc:337:slice$1970,$_SDFFE_PN0P_,Q,4318
9469,$auto$ff.cc:337:slice$1971,$_SDFFE_PN0P_,Q,4307
9470,$auto$ff.cc:337:slice$1972,$_SDFFE_PN0P_,Q,4295
9471,$auto$ff.cc:337:slice$1973,$_SDFFE_PN0P_,Q,4284
9472,$auto$ff.cc:337:slice$1974,$_SDFFE_PN0P_,Q,4274
9473,$auto$ff.cc:337:slice$1975,$_SDFFE_PN0P_,Q,4264
9474,$auto$ff.cc:337:slice$1976,$_SDFFE_PN0P_,Q,4254
9475,$auto$ff.cc:337:slice$1977,$_SDFFE_PN0P_,Q,4244
9476,$auto$ff.cc:337:slice$1978,$_SDFFE_PN0P_,Q,4399
9477,$auto$ff.cc:337:slice$1979,$_SDFFE_PN0P_,Q,4105
9478,$auto$ff.cc:337:slice$1980,$_SDFFE_PN0P_,Q,4094
9479,$auto$ff.cc:337:slice$1981,$_SDFFE_PN0P_,Q,4084
9480,$auto$ff.cc:337:slice$1982,$_SDFFE_PN0P_,Q,4072
9481,$auto$ff.cc:337:slice$1983,$_SDFFE_PN0P_,Q,4062
9482,$auto$ff.cc:337:slice$1984,$_SDFFE_PN0P_,Q,4050
9483,$auto$ff.cc:337:slice$1985,$_SDFFE_PN0P_,Q,4039
9484,$auto$ff.cc:337:slice$1986,$_SDFFE_PN0P_,Q,4027
9485,$auto$ff.cc:337:slice$1987,$_SDFFE_PN0P_,Q,4017
9486,$auto$ff.cc:337:slice$1988,$_SDFFE_PN0P_,Q,4005
9487,$auto$ff.cc:337:slice$1989,$_SDFFE_PN0P_,Q,3994
9488,$auto$ff.cc:337:slice$1990,$_SDFFE_PN0P_,Q,3982
9489,$auto$ff.cc:337:slice$1991,$_SDFFE_PN0P_,Q,3971
9490,$auto$ff.cc:337:slice$1992,$_SDFFE_PN0P_,Q,3959
9491,$auto$ff.cc:337:slice$1993,$_SDFFE_PN0P_,Q,3949
9492,$auto$ff.cc:337:slice$1994,$_SDFFE_PN0P_,Q,3930
9493,$auto$ff.cc:337:slice$1995,$_SDFFE_PN0P_,Q,909
9494,$auto$ff.cc:337:slice$1996,$_SDFFE_PN0P_,Q,910
9495,$auto$ff.cc:337:slice$1997,$_SDFFE_PN0P_,Q,911
9496,$auto$ff.cc:337:slice$1998,$_SDFFE_PN0P_,Q,912
9497,$auto$ff.cc:337:slice$1999,$_SDFFE_PN0P_,Q,913
9498,$auto$ff.cc:337:slice$2000,$_SDFFE_PN0P_,Q,914
9499,$auto$ff.cc:337:slice$2001,$_SDFFE_PN0P_,Q,915
9500,$auto$ff.cc:337:slice$2002,$_SDFFE_PN0P_,Q,916
9501,$auto$ff.cc:337:slice$2003,$_SDFFE_PN0P_,Q,917
9502,$auto$ff.cc:337:slice$2004,$_SDFFE_PN0P_,Q,918
9503,$auto$ff.cc:337:slice$2005,$_SDFFE_PN0P_,Q,919
9504,$auto$ff.cc:337:slice$2006,$_SDFFE_PN0P_,Q,920
9505,$auto$ff.cc:337:slice$2007,$_SDFFE_PN0P_,Q,921
9506,$auto$ff.cc:337:slice$2008,$_SDFFE_PN0P_,Q,922
9507,$auto$ff.cc:337:slice$2009,$_SDFFE_PN0P_,Q,923
9508,$auto$ff.cc:337:slice$2010,$_SDFFE_PN0P_,Q,924
9509,$auto$ff.cc:337:slice$2011,$_SDFFE_PN0P_,Q,925
9510,$auto$ff.cc:337:slice$2012,$_SDFFE_PN0P_,Q,926
9511,$auto$ff.cc:337:slice$2013,$_SDFFE_PN0P_,Q,927
9512,$auto$ff.cc:337:slice$2014,$_SDFFE_PN0P_,Q,928
9513,$auto$ff.cc:337:slice$2015,$_SDFFE_PN0P_,Q,929
9514,$auto$ff.cc:337:slice$2016,$_SDFFE_PN0P_,Q,930
9515,$auto$ff.cc:337:slice$2017,$_SDFFE_PN0P_,Q,931
9516,$auto$ff.cc:337:slice$2018,$_SDFFE_PN0P_,Q,932
9517,$auto$ff.cc:337:slice$2019,$_SDFFE_PN0P_,Q,933
9518,$auto$ff.cc:337:slice$2020,$_SDFFE_PN0P_,Q,934
9519,$auto$ff.cc:337:slice$2021,$_SDFFE_PN0P_,Q,935
9520,$auto$ff.cc:337:slice$2022,$_SDFFE_PN0P_,Q,936
9521,$auto$ff.cc:337:slice$2023,$_SDFFE_PN0P_,Q,937
9522,$auto$ff.cc:337:slice$2024,$_SDFFE_PN0P_,Q,938
9523,$auto$ff.cc:337:slice$2025,$_SDFFE_PN0P_,Q,939
9524,$auto$ff.cc:337:slice$2026,$_SDFFE_PN0P_,Q,940
9525,$auto$ff.cc:337:slice$2027,$_SDFFE_PN0P_,Q,941
9526,$auto$ff.cc:337:slice$2028,$_SDFFE_PN0P_,Q,942
9527,$auto$ff.cc:337:slice$2029,$_SDFFE_PN0P_,Q,943
9528,$auto$ff.cc:337:slice$2030,$_SDFFE_PN0P_,Q,944
9529,$auto$ff.cc:337:slice$2031,$_SDFFE_PN0P_,Q,945
9530,$auto$ff.cc:337:slice$2032,$_SDFFE_PN0P_,Q,946
9531,$auto$ff.cc:337:slice$2033,$_SDFFE_PN0P_,Q,947
9532,$auto$ff.cc:337:slice$2034,$_SDFFE_PN0P_,Q,948
9533,$auto$ff.cc:337:slice$2035,$_SDFFE_PN0P_,Q,949
9534,$auto$ff.cc:337:slice$2036,$_SDFFE_PN0P_,Q,950
9535,$auto$ff.cc:337:slice$2037,$_SDFFE_PN0P_,Q,951
9536,$auto$ff.cc:337:slice$2038,$_SDFFE_PN0P_,Q,952
9537,$auto$ff.cc:337:slice$2039,$_SDFFE_PN0P_,Q,953
9538,$auto$ff.cc:337:slice$2040,$_SDFFE_PN0P_,Q,954
9539,$auto$ff.cc:337:slice$2041,$_SDFFE_PN0P_,Q,955
9540,$auto$ff.cc:337:slice$2042,$_SDFFE_PN0P_,Q,956
9541,$auto$ff.cc:337:slice$2043,$_SDFFE_PN0P_,Q,957
9542,$auto$ff.cc:337:slice$2044,$_SDFFE_PN0P_,Q,958
9543,$auto$ff.cc:337:slice$2045,$_SDFFE_PN0P_,Q,959
9544,$auto$ff.cc:337:slice$2046,$_SDFFE_PN0P_,Q,960
9545,$auto$ff.cc:337:slice$2047,$_SDFFE_PN0P_,Q,961
9546,$auto$ff.cc:337:slice$2048,$_SDFFE_PN0P_,Q,962
9547,$auto$ff.cc:337:slice$2049,$_SDFFE_PN0P_,Q,963
9548,$auto$ff.cc:337:slice$2050,$_SDFFE_PN0P_,Q,964
9549,$auto$ff.cc:337:slice$2051,$_SDFFE_PN0P_,Q,965
9550,$auto$ff.cc:337:slice$2052,$_SDFFE_PN0P_,Q,966
9551,$auto$ff.cc:337:slice$2053,$_SDFFE_PN0P_,Q,967
9552,$auto$ff.cc:337:slice$2054,$_SDFFE_PN0P_,Q,968
9553,$auto$ff.cc:337:slice$2055,$_SDFFE_PN0P_,Q,969
9554,$auto$ff.cc:337:slice$2056,$_SDFFE_PN0P_,Q,970
9555,$auto$ff.cc:337:slice$2057,$_SDFFE_PN0P_,Q,971
9556,$auto$ff.cc:337:slice$2058,$_SDFFE_PN0P_,Q,972
9557,$auto$ff.cc:337:slice$2059,$_SDFFE_PN0P_,Q,973
9558,$auto$ff.cc:337:slice$2060,$_SDFFE_PN0P_,Q,974
9559,$auto$ff.cc:337:slice$2061,$_SDFFE_PN0P_,Q,975
9560,$auto$ff.cc:337:slice$2062,$_SDFFE_PN0P_,Q,976
9561,$auto$ff.cc:337:slice$2063,$_SDFFE_PN0P_,Q,977
9562,$auto$ff.cc:337:slice$2064,$_SDFFE_PN0P_,Q,978
9563,$auto$ff.cc:337:slice$2065,$_SDFFE_PN0P_,Q,979
9564,$auto$ff.cc:337:slice$2066,$_SDFFE_PN0P_,Q,980
9565,$auto$ff.cc:337:slice$2067,$_SDFFE_PN0P_,Q,981
9566,$auto$ff.cc:337:slice$2068,$_SDFFE_PN0P_,Q,982
9567,$auto$ff.cc:337:slice$2069,$_SDFFE_PN0P_,Q,983
9568,$auto$ff.cc:337:slice$2070,$_SDFFE_PN0P_,Q,984
9569,$auto$ff.cc:337:slice$2071,$_SDFFE_PN0P_,Q,985
9570,$auto$ff.cc:337:slice$2072,$_SDFFE_PN0P_,Q,986
9571,$auto$ff.cc:337:slice$2073,$_SDFFE_PN0P_,Q,987
9572,$auto$ff.cc:337:slice$2074,$_SDFFE_PN0P_,Q,988
9573,$auto$ff.cc:337:slice$2075,$_SDFFE_PN0P_,Q,989
9574,$auto$ff.cc:337:slice$2076,$_SDFFE_PN0P_,Q,990
9575,$auto$ff.cc:337:slice$2077,$_SDFFE_PN0P_,Q,991
9576,$auto$ff.cc:337:slice$2078,$_SDFFE_PN0P_,Q,992
9577,$auto$ff.cc:337:slice$2079,$_SDFFE_PN0P_,Q,993
9578,$auto$ff.cc:337:slice$2080,$_SDFFE_PN0P_,Q,994
9579,$auto$ff.cc:337:slice$2081,$_SDFFE_PN0P_,Q,995
9580,$auto$ff.cc:337:slice$2082,$_SDFFE_PN0P_,Q,996
9581,$auto$ff.cc:337:slice$2083,$_SDFFE_PN0P_,Q,997
9582,$auto$ff.cc:337:slice$2084,$_SDFFE_PN0P_,Q,998
9583,$auto$ff.cc:337:slice$2085,$_SDFFE_PN0P_,Q,999
9584,$auto$ff.cc:337:slice$2086,$_SDFFE_PN0P_,Q,1000
9585,$auto$ff.cc:337:slice$2087,$_SDFFE_PN0P_,Q,1001
9586,$auto$ff.cc:337:slice$2088,$_SDFFE_PN0P_,Q,1002
9587,$auto$ff.cc:337:slice$2089,$_SDFFE_PN0P_,Q,1003
9588,$auto$ff.cc:337:slice$2090,$_SDFFE_PN0P_,Q,1004
9589,$auto$ff.cc:337:slice$2091,$_SDFFE_PN0P_,Q,1005
9590,$auto$ff.cc:337:slice$2092,$_SDFFE_PN0P_,Q,1006
9591,$auto$ff.cc:337:slice$2093,$_SDFFE_PN0P_,Q,1007
9592,$auto$ff.cc:337:slice$2094,$_SDFFE_PN0P_,Q,1008
9593,$auto$ff.cc:337:slice$2095,$_SDFFE_PN0P_,Q,1009
9594,$auto$ff.cc:337:slice$2096,$_SDFFE_PN0P_,Q,1010
9595,$auto$ff.cc:337:slice$2097,$_SDFFE_PN0P_,Q,1011
9596,$auto$ff.cc:337:slice$2098,$_SDFFE_PN0P_,Q,1012
9597,$auto$ff.cc:337:slice$2099,$_SDFFE_PN0P_,Q,1013
9598,$auto$ff.cc:337:slice$2100,$_SDFFE_PN0P_,Q,1014
9599,$auto$ff.cc:337:slice$2101,$_SDFFE_PN0P_,Q,1015
9600,$auto$ff.cc:337:slice$2102,$_SDFFE_PN0P_,Q,1016
9601,$auto$ff.cc:337:slice$2103,$_SDFFE_PN0P_,Q,1017
9602,$auto$ff.cc:337:slice$2104,$_SDFFE_PN0P_,Q,1018
9603,$auto$ff.cc:337:slice$2105,$_SDFFE_PN0P_,Q,1019
9604,$auto$ff.cc:337:slice$2106,$_SDFFE_PN0P_,Q,1020
9605,$auto$ff.cc:337:slice$2107,$_SDFFE_PN0P_,Q,1021
9606,$auto$ff.cc:337:slice$2108,$_SDFFE_PN0P_,Q,1022
9607,$auto$ff.cc:337:slice$2109,$_SDFFE_PN0P_,Q,1023
9608,$auto$ff.cc:337:slice$2110,$_SDFFE_PN0P_,Q,1024
9609,$auto$ff.cc:337:slice$2111,$_SDFFE_PN0P_,Q,1025
9610,$auto$ff.cc:337:slice$2112,$_SDFFE_PN0P_,Q,1026
9611,$auto$ff.cc:337:slice$2113,$_SDFFE_PN0P_,Q,1027
9612,$auto$ff.cc:337:slice$2114,$_SDFFE_PN0P_,Q,1028
9613,$auto$ff.cc:337:slice$2115,$_SDFFE_PN0P_,Q,1029
9614,$auto$ff.cc:337:slice$2116,$_SDFFE_PN0P_,Q,1030
9615,$auto$ff.cc:337:slice$2117,$_SDFFE_PN0P_,Q,1031
9616,$auto$ff.cc:337:slice$2118,$_SDFFE_PN0P_,Q,1032
9617,$auto$ff.cc:337:slice$2119,$_SDFFE_PN0P_,Q,1033
9618,$auto$ff.cc:337:slice$2120,$_SDFFE_PN0P_,Q,1034
9619,$auto$ff.cc:337:slice$2121,$_SDFFE_PN0P_,Q,1035
9620,$auto$ff.cc:337:slice$2122,$_SDFFE_PN0P_,Q,1036
9621,$auto$ff.cc:337:slice$2123,$_SDFFE_PN0P_,Q,1037
9622,$auto$ff.cc:337:slice$2124,$_SDFFE_PN0P_,Q,1038
9623,$auto$ff.cc:337:slice$2125,$_SDFFE_PN0P_,Q,1039
9624,$auto$ff.cc:337:slice$2126,$_SDFFE_PN0P_,Q,1040
9625,$auto$ff.cc:337:slice$2127,$_SDFFE_PN0P_,Q,1041
9626,$auto$ff.cc:337:slice$2128,$_SDFFE_PN0P_,Q,1042
9627,$auto$ff.cc:337:slice$2129,$_SDFFE_PN0P_,Q,1043
9628,$auto$ff.cc:337:slice$2130,$_SDFFE_PN0P_,Q,1044
9629,$auto$ff.cc:337:slice$2131,$_SDFFE_PN0P_,Q,1045
9630,$auto$ff.cc:337:slice$2132,$_SDFFE_PN0P_,Q,1046
9631,$auto$ff.cc:337:slice$2133,$_SDFFE_PN0P_,Q,1047
9632,$auto$ff.cc:337:slice$2134,$_SDFFE_PN0P_,Q,1048
9633,$auto$ff.cc:337:slice$2135,$_SDFFE_PN0P_,Q,1049
9634,$auto$ff.cc:337:slice$2136,$_SDFFE_PN0P_,Q,1050
9635,$auto$ff.cc:337:slice$2137,$_SDFFE_PN0P_,Q,1051
9636,$auto$ff.cc:337:slice$2138,$_SDFFE_PN0P_,Q,1052
9637,$auto$ff.cc:337:slice$2139,$_SDFFE_PN0P_,Q,1053
9638,$auto$ff.cc:337:slice$2140,$_SDFFE_PN0P_,Q,1054
9639,$auto$ff.cc:337:slice$2141,$_SDFFE_PN0P_,Q,1055
9640,$auto$ff.cc:337:slice$2142,$_SDFFE_PN0P_,Q,1056
9641,$auto$ff.cc:337:slice$2143,$_SDFFE_PN0P_,Q,1057
9642,$auto$ff.cc:337:slice$2144,$_SDFFE_PN0P_,Q,1058
9643,$auto$ff.cc:337:slice$2145,$_SDFFE_PN0P_,Q,1059
9644,$auto$ff.cc:337:slice$2146,$_SDFFE_PN0P_,Q,1060
9645,$auto$ff.cc:337:slice$2147,$_SDFFE_PN0P_,Q,1061
9646,$auto$ff.cc:337:slice$2148,$_SDFFE_PN0P_,Q,1062
9647,$auto$ff.cc:337:slice$2149,$_SDFFE_PN0P_,Q,1063
9648,$auto$ff.cc:337:slice$2150,$_SDFFE_PN0P_,Q,1064
9649,$auto$ff.cc:337:slice$2151,$_SDFFE_PN0P_,Q,1065
9650,$auto$ff.cc:337:slice$2152,$_SDFFE_PN0P_,Q,1066
9651,$auto$ff.cc:337:slice$2153,$_SDFFE_PN0P_,Q,1067
9652,$auto$ff.cc:337:slice$2154,$_SDFFE_PN0P_,Q,1068
9653,$auto$ff.cc:337:slice$2155,$_SDFFE_PN0P_,Q,1069
9654,$auto$ff.cc:337:slice$2156,$_SDFFE_PN0P_,Q,1070
9655,$auto$ff.cc:337:slice$2157,$_SDFFE_PN0P_,Q,1071
9656,$auto$ff.cc:337:slice$2158,$_SDFFE_PN0P_,Q,1072
9657,$auto$ff.cc:337:slice$2159,$_SDFFE_PN0P_,Q,1073
9658,$auto$ff.cc:337:slice$2160,$_SDFFE_PN0P_,Q,1074
9659,$auto$ff.cc:337:slice$2161,$_SDFFE_PN0P_,Q,1075
9660,$auto$ff.cc:337:slice$2162,$_SDFFE_PN0P_,Q,1076
9661,$auto$ff.cc:337:slice$2163,$_SDFFE_PN0P_,Q,1077
9662,$auto$ff.cc:337:slice$2164,$_SDFFE_PN0P_,Q,1078
9663,$auto$ff.cc:337:slice$2165,$_SDFFE_PN0P_,Q,1079
9664,$auto$ff.cc:337:slice$2166,$_SDFFE_PN0P_,Q,1080
9665,$auto$ff.cc:337:slice$2167,$_SDFFE_PN0P_,Q,1081
9666,$auto$ff.cc:337:slice$2168,$_SDFFE_PN0P_,Q,1082
9667,$auto$ff.cc:337:slice$2169,$_SDFFE_PN0P_,Q,1083
9668,$auto$ff.cc:337:slice$2170,$_SDFFE_PN0P_,Q,1084
9669,$auto$ff.cc:337:slice$2171,$_SDFFE_PN0P_,Q,1085
9670,$auto$ff.cc:337:slice$2172,$_SDFFE_PN0P_,Q,1086
9671,$auto$ff.cc:337:slice$2173,$_SDFFE_PN0P_,Q,1087
9672,$auto$ff.cc:337:slice$2174,$_SDFFE_PN0P_,Q,1088
9673,$auto$ff.cc:337:slice$2175,$_SDFFE_PN0P_,Q,1089
9674,$auto$ff.cc:337:slice$2176,$_SDFFE_PN0P_,Q,1090
9675,$auto$ff.cc:337:slice$2177,$_SDFFE_PN0P_,Q,1091
9676,$auto$ff.cc:337:slice$2178,$_SDFFE_PN0P_,Q,1092
9677,$auto$ff.cc:337:slice$2179,$_SDFFE_PN0P_,Q,1093
9678,$auto$ff.cc:337:slice$2180,$_SDFFE_PN0P_,Q,1094
9679,$auto$ff.cc:337:slice$2181,$_SDFFE_PN0P_,Q,1095
9680,$auto$ff.cc:337:slice$2182,$_SDFFE_PN0P_,Q,1096
9681,$auto$ff.cc:337:slice$2183,$_SDFFE_PN0P_,Q,1097
9682,$auto$ff.cc:337:slice$2184,$_SDFFE_PN0P_,Q,1098
9683,$auto$ff.cc:337:slice$2185,$_SDFFE_PN0P_,Q,1099
9684,$auto$ff.cc:337:slice$2186,$_SDFFE_PN0P_,Q,1100
9685,$auto$ff.cc:337:slice$2187,$_SDFFE_PN0P_,Q,1101
9686,$auto$ff.cc:337:slice$2188,$_SDFFE_PN0P_,Q,1102
9687,$auto$ff.cc:337:slice$2189,$_SDFFE_PN0P_,Q,1103
9688,$auto$ff.cc:337:slice$2190,$_SDFFE_PN0P_,Q,1104
9689,$auto$ff.cc:337:slice$2191,$_SDFFE_PN0P_,Q,1105
9690,$auto$ff.cc:337:slice$2192,$_SDFFE_PN0P_,Q,1106
9691,$auto$ff.cc:337:slice$2193,$_SDFFE_PN0P_,Q,1107
9692,$auto$ff.cc:337:slice$2194,$_SDFFE_PN0P_,Q,1108
9693,$auto$ff.cc:337:slice$2195,$_SDFFE_PN0P_,Q,1109
9694,$auto$ff.cc:337:slice$2196,$_SDFFE_PN0P_,Q,1110
9695,$auto$ff.cc:337:slice$2197,$_SDFFE_PN0P_,Q,1111
9696,$auto$ff.cc:337:slice$2198,$_SDFFE_PN0P_,Q,1112
9697,$auto$ff.cc:337:slice$2199,$_SDFFE_PN0P_,Q,1113
9698,$auto$ff.cc:337:slice$2200,$_SDFFE_PN0P_,Q,1114
9699,$auto$ff.cc:337:slice$2201,$_SDFFE_PN0P_,Q,1115
9700,$auto$ff.cc:337:slice$2202,$_SDFFE_PN0P_,Q,1116
9701,$auto$ff.cc:337:slice$2203,$_SDFFE_PN0P_,Q,1117
9702,$auto$ff.cc:337:slice$2204,$_SDFFE_PN0P_,Q,1118
9703,$auto$ff.cc:337:slice$2205,$_SDFFE_PN0P_,Q,1119
9704,$auto$ff.cc:337:slice$2206,$_SDFFE_PN0P_,Q,1120
9705,$auto$ff.cc:337:slice$2207,$_SDFFE_PN0P_,Q,1121
9706,$auto$ff.cc:337:slice$2208,$_SDFFE_PN0P_,Q,1122
9707,$auto$ff.cc:337:slice$2209,$_SDFFE_PN0P_,Q,1123
9708,$auto$ff.cc:337:slice$2210,$_SDFFE_PN0P_,Q,1124
9709,$auto$ff.cc:337:slice$2211,$_SDFFE_PN0P_,Q,1125
9710,$auto$ff.cc:337:slice$2212,$_SDFFE_PN0P_,Q,1126
9711,$auto$ff.cc:337:slice$2213,$_SDFFE_PN0P_,Q,1127
9712,$auto$ff.cc:337:slice$2214,$_SDFFE_PN0P_,Q,1128
9713,$auto$ff.cc:337:slice$2215,$_SDFFE_PN0P_,Q,1129
9714,$auto$ff.cc:337:slice$2216,$_SDFFE_PN0P_,Q,1130
9715,$auto$ff.cc:337:slice$2217,$_SDFFE_PN0P_,Q,1131
9716,$auto$ff.cc:337:slice$2218,$_SDFFE_PN0P_,Q,1132
9717,$auto$ff.cc:337:slice$2219,$_SDFFE_PN0P_,Q,1133
9718,$auto$ff.cc:337:slice$2220,$_SDFFE_PN0P_,Q,1134
9719,$auto$ff.cc:337:slice$2221,$_SDFFE_PN0P_,Q,1135
9720,$auto$ff.cc:337:slice$2222,$_SDFFE_PN0P_,Q,1136
9721,$auto$ff.cc:337:slice$2223,$_SDFFE_PN0P_,Q,1137
9722,$auto$ff.cc:337:slice$2224,$_SDFFE_PN0P_,Q,1138
9723,$auto$ff.cc:337:slice$2225,$_SDFFE_PN0P_,Q,1139
9724,$auto$ff.cc:337:slice$2226,$_SDFFE_PN0P_,Q,1140
9725,$auto$ff.cc:337:slice$2227,$_SDFFE_PN0P_,Q,1141
9726,$auto$ff.cc:337:slice$2228,$_SDFFE_PN0P_,Q,1142
9727,$auto$ff.cc:337:slice$2229,$_SDFFE_PN0P_,Q,1143
9728,$auto$ff.cc:337:slice$2230,$_SDFFE_PN0P_,Q,1144
9729,$auto$ff.cc:337:slice$2231,$_SDFFE_PN0P_,Q,1145
9730,$auto$ff.cc:337:slice$2232,$_SDFFE_PN0P_,Q,1146
9731,$auto$ff.cc:337:slice$2233,$_SDFFE_PN0P_,Q,1147
9732,$auto$ff.cc:337:slice$2234,$_SDFFE_PN0P_,Q,1148
9733,$auto$ff.cc:337:slice$2235,$_SDFFE_PN0P_,Q,1149
9734,$auto$ff.cc:337:slice$2236,$_SDFFE_PN0P_,Q,1150
9735,$auto$ff.cc:337:slice$2237,$_SDFFE_PN0P_,Q,1151
9736,$auto$ff.cc:337:slice$2238,$_SDFFE_PN0P_,Q,1152
9737,$auto$ff.cc:337:slice$2239,$_SDFFE_PN0P_,Q,1153
9738,$auto$ff.cc:337:slice$2240,$_SDFFE_PN0P_,Q,1154
9739,$auto$ff.cc:337:slice$2241,$_SDFFE_PN0P_,Q,1155
9740,$auto$ff.cc:337:slice$2242,$_SDFFE_PN0P_,Q,1156
9741,$auto$ff.cc:337:slice$2243,$_SDFFE_PN0P_,Q,1157
9742,$auto$ff.cc:337:slice$2244,$_SDFFE_PN0P_,Q,1158
9743,$auto$ff.cc:337:slice$2245,$_SDFFE_PN0P_,Q,1159
9744,$auto$ff.cc:337:slice$2246,$_SDFFE_PN0P_,Q,1160
9745,$auto$ff.cc:337:slice$2247,$_SDFFE_PN0P_,Q,1161
9746,$auto$ff.cc:337:slice$2248,$_SDFFE_PN0P_,Q,1162
9747,$auto$ff.cc:337:slice$2249,$_SDFFE_PN0P_,Q,1163
9748,$auto$ff.cc:337:slice$2250,$_SDFFE_PN0P_,Q,1164
9749,$auto$ff.cc:337:slice$2251,$_SDFFE_PN0P_,Q,1165
9750,$auto$ff.cc:337:slice$2252,$_SDFFE_PN0P_,Q,1166
9751,$auto$ff.cc:337:slice$2253,$_SDFFE_PN0P_,Q,1167
9752,$auto$ff.cc:337:slice$2254,$_SDFFE_PN0P_,Q,1168
9753,$auto$ff.cc:337:slice$2255,$_SDFFE_PN0P_,Q,1169
9754,$auto$ff.cc:337:slice$2256,$_SDFFE_PN0P_,Q,1170
9755,$auto$ff.cc:337:slice$2257,$_SDFFE_PN0P_,Q,1171
9756,$auto$ff.cc:337:slice$2258,$_SDFFE_PN0P_,Q,1172
9757,$auto$ff.cc:337:slice$2259,$_SDFFE_PN0P_,Q,1173
9758,$auto$ff.cc:337:slice$2260,$_SDFFE_PN0P_,Q,1174
9759,$auto$ff.cc:337:slice$2261,$_SDFFE_PN0P_,Q,1175
9760,$auto$ff.cc:337:slice$2262,$_SDFFE_PN0P_,Q,1176
9761,$auto$ff.cc:337:slice$2263,$_SDFFE_PN0P_,Q,1177
9762,$auto$ff.cc:337:slice$2264,$_SDFFE_PN0P_,Q,1178
9763,$auto$ff.cc:337:slice$2265,$_SDFFE_PN0P_,Q,1179
9764,$auto$ff.cc:337:slice$2266,$_SDFFE_PN0P_,Q,1180
9765,$auto$ff.cc:337:slice$2267,$_SDFFE_PN0P_,Q,1181
9766,$auto$ff.cc:337:slice$2268,$_SDFFE_PN0P_,Q,1182
9767,$auto$ff.cc:337:slice$2269,$_SDFFE_PN0P_,Q,1183
9768,$auto$ff.cc:337:slice$2270,$_SDFFE_PN0P_,Q,1184
9769,$auto$ff.cc:337:slice$2271,$_SDFFE_PN0P_,Q,1185
9770,$auto$ff.cc:337:slice$2272,$_SDFFE_PN0P_,Q,1186
9771,$auto$ff.cc:337:slice$2273,$_SDFFE_PN0P_,Q,1187
9772,$auto$ff.cc:337:slice$2274,$_SDFFE_PN0P_,Q,1188
9773,$auto$ff.cc:337:slice$2275,$_SDFFE_PN0P_,Q,1189
9774,$auto$ff.cc:337:slice$2276,$_SDFFE_PN0P_,Q,1190
9775,$auto$ff.cc:337:slice$2277,$_SDFFE_PN0P_,Q,1191
9776,$auto$ff.cc:337:slice$2278,$_SDFFE_PN0P_,Q,1192
9777,$auto$ff.cc:337:slice$2279,$_SDFFE_PN0P_,Q,1193
9778,$auto$ff.cc:337:slice$2280,$_SDFFE_PN0P_,Q,1194
9779,$auto$ff.cc:337:slice$2281,$_SDFFE_PN0P_,Q,1195
9780,$auto$ff.cc:337:slice$2282,$_SDFFE_PN0P_,Q,1196
9781,$auto$ff.cc:337:slice$2283,$_SDFFE_PN0P_,Q,1197
9782,$auto$ff.cc:337:slice$2284,$_SDFFE_PN0P_,Q,1198
9783,$auto$ff.cc:337:slice$2285,$_SDFFE_PN0P_,Q,1199
9784,$auto$ff.cc:337:slice$2286,$_SDFFE_PN0P_,Q,1200
9785,$auto$ff.cc:337:slice$2287,$_SDFFE_PN0P_,Q,1201
9786,$auto$ff.cc:337:slice$2288,$_SDFFE_PN0P_,Q,1202
9787,$auto$ff.cc:337:slice$2289,$_SDFFE_PN0P_,Q,1203
9788,$auto$ff.cc:337:slice$2290,$_SDFFE_PN0P_,Q,1204
9789,$auto$ff.cc:337:slice$2291,$_SDFFE_PN0P_,Q,1205
9790,$auto$ff.cc:337:slice$2292,$_SDFFE_PN0P_,Q,1206
9791,$auto$ff.cc:337:slice$2293,$_SDFFE_PN0P_,Q,1207
9792,$auto$ff.cc:337:slice$2294,$_SDFFE_PN0P_,Q,1208
9793,$auto$ff.cc:337:slice$2295,$_SDFFE_PN0P_,Q,1209
9794,$auto$ff.cc:337:slice$2296,$_SDFFE_PN0P_,Q,1210
9795,$auto$ff.cc:337:slice$2297,$_SDFFE_PN0P_,Q,1211
9796,$auto$ff.cc:337:slice$2298,$_SDFFE_PN0P_,Q,1212
9797,$auto$ff.cc:337:slice$2299,$_SDFFE_PN0P_,Q,1213
9798,$auto$ff.cc:337:slice$2300,$_SDFFE_PN0P_,Q,1214
9799,$auto$ff.cc:337:slice$2301,$_SDFFE_PN0P_,Q,1215
9800,$auto$ff.cc:337:slice$2302,$_SDFFE_PN0P_,Q,1216
9801,$auto$ff.cc:337:slice$2303,$_SDFFE_PN0P_,Q,1217
9802,$auto$ff.cc:337:slice$2304,$_SDFFE_PN0P_,Q,1218
9803,$auto$ff.cc:337:slice$2305,$_SDFFE_PN0P_,Q,1219
9804,$auto$ff.cc:337:slice$2306,$_SDFFE_PN0P_,Q,1220
9805,$auto$ff.cc:337:slice$2307,$_SDFFE_PN0P_,Q,1221
9806,$auto$ff.cc:337:slice$2308,$_SDFFE_PN0P_,Q,1222
9807,$auto$ff.cc:337:slice$2309,$_SDFFE_PN0P_,Q,1223
9808,$auto$ff.cc:337:slice$2310,$_SDFFE_PN0P_,Q,1224
9809,$auto$ff.cc:337:slice$2311,$_SDFFE_PN0P_,Q,1225
9810,$auto$ff.cc:337:slice$2312,$_SDFFE_PN0P_,Q,1226
9811,$auto$ff.cc:337:slice$2313,$_SDFFE_PN0P_,Q,1227
9812,$auto$ff.cc:337:slice$2314,$_SDFFE_PN0P_,Q,1228
9813,$auto$ff.cc:337:slice$2315,$_SDFFE_PN0P_,Q,1229
9814,$auto$ff.cc:337:slice$2316,$_SDFFE_PN0P_,Q,1230
9815,$auto$ff.cc:337:slice$2317,$_SDFFE_PN0P_,Q,1231
9816,$auto$ff.cc:337:slice$2318,$_SDFFE_PN0P_,Q,1232
9817,$auto$ff.cc:337:slice$2319,$_SDFFE_PN0P_,Q,1233
9818,$auto$ff.cc:337:slice$2320,$_SDFFE_PN0P_,Q,1234
9819,$auto$ff.cc:337:slice$2321,$_SDFFE_PN0P_,Q,1235
9820,$auto$ff.cc:337:slice$2322,$_SDFFE_PN0P_,Q,1236
9821,$auto$ff.cc:337:slice$2323,$_SDFFE_PN0P_,Q,1237
9822,$auto$ff.cc:337:slice$2324,$_SDFFE_PN0P_,Q,1238
9823,$auto$ff.cc:337:slice$2325,$_SDFFE_PN0P_,Q,1239
9824,$auto$ff.cc:337:slice$2326,$_SDFFE_PN0P_,Q,1240
9825,$auto$ff.cc:337:slice$2327,$_SDFFE_PN0P_,Q,1241
9826,$auto$ff.cc:337:slice$2328,$_SDFFE_PN0P_,Q,1242
9827,$auto$ff.cc:337:slice$2329,$_SDFFE_PN0P_,Q,1243
9828,$auto$ff.cc:337:slice$2330,$_SDFFE_PN0P_,Q,1244
9829,$auto$ff.cc:337:slice$2331,$_SDFFE_PN0P_,Q,1245
9830,$auto$ff.cc:337:slice$2332,$_SDFFE_PN0P_,Q,1246
9831,$auto$ff.cc:337:slice$2333,$_SDFFE_PN0P_,Q,1247
9832,$auto$ff.cc:337:slice$2334,$_SDFFE_PN0P_,Q,1248
9833,$auto$ff.cc:337:slice$2335,$_SDFFE_PN0P_,Q,1249
9834,$auto$ff.cc:337:slice$2336,$_SDFFE_PN0P_,Q,1250
9835,$auto$ff.cc:337:slice$2337,$_SDFFE_PN0P_,Q,1251
9836,$auto$ff.cc:337:slice$2338,$_SDFFE_PN0P_,Q,1252
9837,$auto$ff.cc:337:slice$2339,$_SDFFE_PN0P_,Q,1253
9838,$auto$ff.cc:337:slice$2340,$_SDFFE_PN0P_,Q,1254
9839,$auto$ff.cc:337:slice$2341,$_SDFFE_PN0P_,Q,1255
9840,$auto$ff.cc:337:slice$2342,$_SDFFE_PN0P_,Q,1256
9841,$auto$ff.cc:337:slice$2343,$_SDFFE_PN0P_,Q,1257
9842,$auto$ff.cc:337:slice$2344,$_SDFFE_PN0P_,Q,1258
9843,$auto$ff.cc:337:slice$2345,$_SDFFE_PN0P_,Q,1259
9844,$auto$ff.cc:337:slice$2346,$_SDFFE_PN0P_,Q,1260
9845,$auto$ff.cc:337:slice$2347,$_SDFFE_PN0P_,Q,1261
9846,$auto$ff.cc:337:slice$2348,$_SDFFE_PN0P_,Q,1262
9847,$auto$ff.cc:337:slice$2349,$_SDFFE_PN0P_,Q,1263
9848,$auto$ff.cc:337:slice$2350,$_SDFFE_PN0P_,Q,1264
9849,$auto$ff.cc:337:slice$2351,$_SDFFE_PN0P_,Q,1265
9850,$auto$ff.cc:337:slice$2352,$_SDFFE_PN0P_,Q,1266
9851,$auto$ff.cc:337:slice$2353,$_SDFFE_PN0P_,Q,1267
9852,$auto$ff.cc:337:slice$2354,$_SDFFE_PN0P_,Q,1268
9853,$auto$ff.cc:337:slice$2355,$_SDFFE_PN0P_,Q,1269
9854,$auto$ff.cc:337:slice$2356,$_SDFFE_PN0P_,Q,1270
9855,$auto$ff.cc:337:slice$2357,$_SDFFE_PN0P_,Q,1271
9856,$auto$ff.cc:337:slice$2358,$_SDFFE_PN0P_,Q,1272
9857,$auto$ff.cc:337:slice$2359,$_SDFFE_PN0P_,Q,1273
9858,$auto$ff.cc:337:slice$2360,$_SDFFE_PN0P_,Q,1274
9859,$auto$ff.cc:337:slice$2361,$_SDFFE_PN0P_,Q,1275
9860,$auto$ff.cc:337:slice$2362,$_SDFFE_PN0P_,Q,1276
9861,$auto$ff.cc:337:slice$2363,$_SDFFE_PN0P_,Q,1277
9862,$auto$ff.cc:337:slice$2364,$_SDFFE_PN0P_,Q,1278
9863,$auto$ff.cc:337:slice$2365,$_SDFFE_PN0P_,Q,1279
9864,$auto$ff.cc:337:slice$2366,$_SDFFE_PN0P_,Q,1280
9865,$auto$ff.cc:337:slice$2367,$_SDFFE_PN0P_,Q,1281
9866,$auto$ff.cc:337:slice$2368,$_SDFFE_PN0P_,Q,1282
9867,$auto$ff.cc:337:slice$2369,$_SDFFE_PN0P_,Q,1283
9868,$auto$ff.cc:337:slice$2370,$_SDFFE_PN0P_,Q,1284
9869,$auto$ff.cc:337:slice$2371,$_SDFFE_PN0P_,Q,1285
9870,$auto$ff.cc:337:slice$2372,$_SDFFE_PN0P_,Q,1286
9871,$auto$ff.cc:337:slice$2373,$_SDFFE_PN0P_,Q,1287
9872,$auto$ff.cc:337:slice$2374,$_SDFFE_PN0P_,Q,1288
9873,$auto$ff.cc:337:slice$2375,$_SDFFE_PN0P_,Q,1289
9874,$auto$ff.cc:337:slice$2376,$_SDFFE_PN0P_,Q,1290
9875,$auto$ff.cc:337:slice$2377,$_SDFFE_PN0P_,Q,1291
9876,$auto$ff.cc:337:slice$2378,$_SDFFE_PN0P_,Q,1292
9877,$auto$ff.cc:337:slice$2379,$_SDFFE_PN0P_,Q,1293
9878,$auto$ff.cc:337:slice$2380,$_SDFFE_PN0P_,Q,1294
9879,$auto$ff.cc:337:slice$2381,$_SDFFE_PN0P_,Q,1295
9880,$auto$ff.cc:337:slice$2382,$_SDFFE_PN0P_,Q,1296
9881,$auto$ff.cc:337:slice$2383,$_SDFFE_PN0P_,Q,1297
9882,$auto$ff.cc:337:slice$2384,$_SDFFE_PN0P_,Q,1298
9883,$auto$ff.cc:337:slice$2385,$_SDFFE_PN0P_,Q,1299
9884,$auto$ff.cc:337:slice$2386,$_SDFFE_PN0P_,Q,1300
9885,$auto$ff.cc:337:slice$2387,$_SDFFE_PN0P_,Q,1301
9886,$auto$ff.cc:337:slice$2388,$_SDFFE_PN0P_,Q,1302
9887,$auto$ff.cc:337:slice$2389,$_SDFFE_PN0P_,Q,1303
9888,$auto$ff.cc:337:slice$2390,$_SDFFE_PN0P_,Q,1304
9889,$auto$ff.cc:337:slice$2391,$_SDFFE_PN0P_,Q,1305
9890,$auto$ff.cc:337:slice$2392,$_SDFFE_PN0P_,Q,1306
9891,$auto$ff.cc:337:slice$2393,$_SDFFE_PN0P_,Q,1307
9892,$auto$ff.cc:337:slice$2394,$_SDFFE_PN0P_,Q,1308
9893,$auto$ff.cc:337:slice$2395,$_SDFFE_PN0P_,Q,1309
9894,$auto$ff.cc:337:slice$2396,$_SDFFE_PN0P_,Q,1310
9895,$auto$ff.cc:337:slice$2397,$_SDFFE_PN0P_,Q,1311
9896,$auto$ff.cc:337:slice$2398,$_SDFFE_PN0P_,Q,1312
9897,$auto$ff.cc:337:slice$2399,$_SDFFE_PN0P_,Q,1313
9898,$auto$ff.cc:337:slice$2400,$_SDFFE_PN0P_,Q,1314
9899,$auto$ff.cc:337:slice$2401,$_SDFFE_PN0P_,Q,1315
9900,$auto$ff.cc:337:slice$2402,$_SDFFE_PN0P_,Q,1316
9901,$auto$ff.cc:337:slice$2403,$_SDFFE_PN0P_,Q,1317
9902,$auto$ff.cc:337:slice$2404,$_SDFFE_PN0P_,Q,1318
9903,$auto$ff.cc:337:slice$2405,$_SDFFE_PN0P_,Q,1319
9904,$auto$ff.cc:337:slice$2406,$_SDFFE_PN0P_,Q,1320
9905,$auto$ff.cc:337:slice$2407,$_SDFFE_PN0P_,Q,1321
9906,$auto$ff.cc:337:slice$2408,$_SDFFE_PN0P_,Q,1322
9907,$auto$ff.cc:337:slice$2409,$_SDFFE_PN0P_,Q,1323
9908,$auto$ff.cc:337:slice$2410,$_SDFFE_PN0P_,Q,1324
9909,$auto$ff.cc:337:slice$2411,$_SDFFE_PN0P_,Q,1325
9910,$auto$ff.cc:337:slice$2412,$_SDFFE_PN0P_,Q,1326
9911,$auto$ff.cc:337:slice$2413,$_SDFFE_PN0P_,Q,1327
9912,$auto$ff.cc:337:slice$2414,$_SDFFE_PN0P_,Q,1328
9913,$auto$ff.cc:337:slice$2415,$_SDFFE_PN0P_,Q,1329
9914,$auto$ff.cc:337:slice$2416,$_SDFFE_PN0P_,Q,1330
9915,$auto$ff.cc:337:slice$2417,$_SDFFE_PN0P_,Q,1331
9916,$auto$ff.cc:337:slice$2418,$_SDFFE_PN0P_,Q,1332
9917,$auto$ff.cc:337:slice$2419,$_SDFFE_PN0P_,Q,1333
9918,$auto$ff.cc:337:slice$2420,$_SDFFE_PN0P_,Q,1334
9919,$auto$ff.cc:337:slice$2421,$_SDFFE_PN0P_,Q,1335
9920,$auto$ff.cc:337:slice$2422,$_SDFFE_PN0P_,Q,1336
9921,$auto$ff.cc:337:slice$2423,$_SDFFE_PN0P_,Q,1337
9922,$auto$ff.cc:337:slice$2424,$_SDFFE_PN0P_,Q,1338
9923,$auto$ff.cc:337:slice$2425,$_SDFFE_PN0P_,Q,1339
9924,$auto$ff.cc:337:slice$2426,$_SDFFE_PN0P_,Q,1340
9925,$auto$ff.cc:337:slice$2427,$_SDFFE_PN0P_,Q,1341
9926,$auto$ff.cc:337:slice$2428,$_SDFFE_PN0P_,Q,1342
9927,$auto$ff.cc:337:slice$2429,$_SDFFE_PN0P_,Q,1343
9928,$auto$ff.cc:337:slice$2430,$_SDFFE_PN0P_,Q,1344
9929,$auto$ff.cc:337:slice$2431,$_SDFFE_PN0P_,Q,1345
9930,$auto$ff.cc:337:slice$2432,$_SDFFE_PN0P_,Q,1346
9931,$auto$ff.cc:337:slice$2433,$_SDFFE_PN0P_,Q,1347
9932,$auto$ff.cc:337:slice$2434,$_SDFFE_PN0P_,Q,1348
9933,$auto$ff.cc:337:slice$2435,$_SDFFE_PN0P_,Q,1349
9934,$auto$ff.cc:337:slice$2436,$_SDFFE_PN0P_,Q,1350
9935,$auto$ff.cc:337:slice$2437,$_SDFFE_PN0P_,Q,1351
9936,$auto$ff.cc:337:slice$2438,$_SDFFE_PN0P_,Q,1352
9937,$auto$ff.cc:337:slice$2439,$_SDFFE_PN0P_,Q,1353
9938,$auto$ff.cc:337:slice$2440,$_SDFFE_PN0P_,Q,1354
9939,$auto$ff.cc:337:slice$2441,$_SDFFE_PN0P_,Q,1355
9940,$auto$ff.cc:337:slice$2442,$_SDFFE_PN0P_,Q,1356
9941,$auto$ff.cc:337:slice$2443,$_SDFFE_PN0P_,Q,1357
9942,$auto$ff.cc:337:slice$2444,$_SDFFE_PN0P_,Q,1358
9943,$auto$ff.cc:337:slice$2445,$_SDFFE_PN0P_,Q,1359
9944,$auto$ff.cc:337:slice$2446,$_SDFFE_PN0P_,Q,1360
9945,$auto$ff.cc:337:slice$2447,$_SDFFE_PN0P_,Q,1361
9946,$auto$ff.cc:337:slice$2448,$_SDFFE_PN0P_,Q,1362
9947,$auto$ff.cc:337:slice$2449,$_SDFFE_PN0P_,Q,1363
9948,$auto$ff.cc:337:slice$2450,$_SDFFE_PN0P_,Q,1364
9949,$auto$ff.cc:337:slice$2451,$_SDFFE_PN0P_,Q,1365
9950,$auto$ff.cc:337:slice$2452,$_SDFFE_PN0P_,Q,1366
9951,$auto$ff.cc:337:slice$2453,$_SDFFE_PN0P_,Q,1367
9952,$auto$ff.cc:337:slice$2454,$_SDFFE_PN0P_,Q,1368
9953,$auto$ff.cc:337:slice$2455,$_SDFFE_PN0P_,Q,1369
9954,$auto$ff.cc:337:slice$2456,$_SDFFE_PN0P_,Q,1370
9955,$auto$ff.cc:337:slice$2457,$_SDFFE_PN0P_,Q,1371
9956,$auto$ff.cc:337:slice$2458,$_SDFFE_PN0P_,Q,1372
9957,$auto$ff.cc:337:slice$2459,$_SDFFE_PN0P_,Q,1373
9958,$auto$ff.cc:337:slice$2460,$_SDFFE_PN0P_,Q,1374
9959,$auto$ff.cc:337:slice$2461,$_SDFFE_PN0P_,Q,1375
9960,$auto$ff.cc:337:slice$2462,$_SDFFE_PN0P_,Q,1376
9961,$auto$ff.cc:337:slice$2463,$_SDFFE_PN0P_,Q,1377
9962,$auto$ff.cc:337:slice$2464,$_SDFFE_PN0P_,Q,1378
9963,$auto$ff.cc:337:slice$2465,$_SDFFE_PN0P_,Q,1379
9964,$auto$ff.cc:337:slice$2466,$_SDFFE_PN0P_,Q,1380
9965,$auto$ff.cc:337:slice$2467,$_SDFFE_PN0P_,Q,1381
9966,$auto$ff.cc:337:slice$2468,$_SDFFE_PN0P_,Q,1382
9967,$auto$ff.cc:337:slice$2469,$_SDFFE_PN0P_,Q,1383
9968,$auto$ff.cc:337:slice$2470,$_SDFFE_PN0P_,Q,1384
9969,$auto$ff.cc:337:slice$2471,$_SDFFE_PN0P_,Q,1385
9970,$auto$ff.cc:337:slice$2472,$_SDFFE_PN0P_,Q,1386
9971,$auto$ff.cc:337:slice$2473,$_SDFFE_PN0P_,Q,1387
9972,$auto$ff.cc:337:slice$2474,$_SDFFE_PN0P_,Q,1388
9973,$auto$ff.cc:337:slice$2475,$_SDFFE_PN0P_,Q,1389
9974,$auto$ff.cc:337:slice$2476,$_SDFFE_PN0P_,Q,1390
9975,$auto$ff.cc:337:slice$2477,$_SDFFE_PN0P_,Q,1391
9976,$auto$ff.cc:337:slice$2478,$_SDFFE_PN0P_,Q,1392
9977,$auto$ff.cc:337:slice$2479,$_SDFFE_PN0P_,Q,1393
9978,$auto$ff.cc:337:slice$2480,$_SDFFE_PN0P_,Q,1394
9979,$auto$ff.cc:337:slice$2481,$_SDFFE_PN0P_,Q,1395
9980,$auto$ff.cc:337:slice$2482,$_SDFFE_PN0P_,Q,1396
9981,$auto$ff.cc:337:slice$2483,$_SDFFE_PN0P_,Q,1397
9982,$auto$ff.cc:337:slice$2484,$_SDFFE_PN0P_,Q,1398
9983,$auto$ff.cc:337:slice$2485,$_SDFFE_PN0P_,Q,1399
9984,$auto$ff.cc:337:slice$2486,$_SDFFE_PN0P_,Q,1400
9985,$auto$ff.cc:337:slice$2487,$_SDFFE_PN0P_,Q,1401
9986,$auto$ff.cc:337:slice$2488,$_SDFFE_PN0P_,Q,1402
9987,$auto$ff.cc:337:slice$2489,$_SDFFE_PN0P_,Q,1403
9988,$auto$ff.cc:337:slice$2490,$_SDFFE_PN0P_,Q,1404
9989,$auto$ff.cc:337:slice$2491,$_SDFFE_PN0P_,Q,1405
9990,$auto$ff.cc:337:slice$2492,$_SDFFE_PN0P_,Q,1406
9991,$auto$ff.cc:337:slice$2493,$_SDFFE_PN0P_,Q,1407
9992,$auto$ff.cc:337:slice$2494,$_SDFFE_PN0P_,Q,1408
9993,$auto$ff.cc:337:slice$2495,$_SDFFE_PN0P_,Q,1409
9994,$auto$ff.cc:337:slice$2496,$_SDFFE_PN0P_,Q,1410
9995,$auto$ff.cc:337:slice$2497,$_SDFFE_PN0P_,Q,1411
9996,$auto$ff.cc:337:slice$2498,$_SDFFE_PN0P_,Q,1412
9997,$auto$ff.cc:337:slice$2499,$_SDFFE_PN0P_,Q,1413
9998,$auto$ff.cc:337:slice$2500,$_SDFFE_PN0P_,Q,1414
9999,$auto$ff.cc:337:slice$2501,$_SDFFE_PN0P_,Q,1415
10000,$auto$ff.cc:337:slice$2502,$_SDFFE_PN0P_,Q,1416
10001,$auto$ff.cc:337:slice$2503,$_SDFFE_PN0P_,Q,1417
10002,$auto$ff.cc:337:slice$2504,$_SDFFE_PN0P_,Q,1418
10003,$auto$ff.cc:337:slice$2505,$_SDFFE_PN0P_,Q,1419
10004,$auto$ff.cc:337:slice$2506,$_SDFFE_PN0P_,Q,1420
10005,$auto$ff.cc:337:slice$2507,$_SDFFE_PN0P_,Q,7449
10006,$auto$ff.cc:337:slice$2508,$_SDFFE_PN0P_,Q,7445
10007,$auto$ff.cc:337:slice$2509,$_SDFFE_PN0P_,Q,7441
10008,$auto$ff.cc:337:slice$2510,$_SDFFE_PN0P_,Q,7437
10009,$auto$ff.cc:337:slice$2511,$_SDFFE_PN0P_,Q,7433
10010,$auto$ff.cc:337:slice$2512,$_SDFFE_PN0P_,Q,7429
10011,$auto$ff.cc:337:slice$2513,$_SDFFE_PN0P_,Q,7425
10012,$auto$ff.cc:337:slice$2514,$_SDFFE_PN0P_,Q,7421
10013,$auto$ff.cc:337:slice$2515,$_SDFFE_PN0P_,Q,7417
10014,$auto$ff.cc:337:slice$2516,$_SDFFE_PN0P_,Q,7413
10015,$auto$ff.cc:337:slice$2517,$_SDFFE_PN0P_,Q,7409
10016,$auto$ff.cc:337:slice$2518,$_SDFFE_PN0P_,Q,7405
10017,$auto$ff.cc:337:slice$2519,$_SDFFE_PN0P_,Q,7401
10018,$auto$ff.cc:337:slice$2520,$_SDFFE_PN0P_,Q,7397
10019,$auto$ff.cc:337:slice$2521,$_SDFFE_PN0P_,Q,7393
10020,$auto$ff.cc:337:slice$2522,$_SDFFE_PN0P_,Q,7389
10021,$auto$ff.cc:337:slice$2523,$_SDFFE_PN0P_,Q,7385
10022,$auto$ff.cc:337:slice$2524,$_SDFFE_PN0P_,Q,7381
10023,$auto$ff.cc:337:slice$2525,$_SDFFE_PN0P_,Q,7377
10024,$auto$ff.cc:337:slice$2526,$_SDFFE_PN0P_,Q,7373
10025,$auto$ff.cc:337:slice$2527,$_SDFFE_PN0P_,Q,7369
10026,$auto$ff.cc:337:slice$2528,$_SDFFE_PN0P_,Q,7365
10027,$auto$ff.cc:337:slice$2529,$_SDFFE_PN0P_,Q,7361
10028,$auto$ff.cc:337:slice$2530,$_SDFFE_PN0P_,Q,7357
10029,$auto$ff.cc:337:slice$2531,$_SDFFE_PN0P_,Q,7353
10030,$auto$ff.cc:337:slice$2532,$_SDFFE_PN0P_,Q,7349
10031,$auto$ff.cc:337:slice$2533,$_SDFFE_PN0P_,Q,7345
10032,$auto$ff.cc:337:slice$2534,$_SDFFE_PN0P_,Q,7341
10033,$auto$ff.cc:337:slice$2535,$_SDFFE_PN0P_,Q,7337
10034,$auto$ff.cc:337:slice$2536,$_SDFFE_PN0P_,Q,7333
10035,$auto$ff.cc:337:slice$2537,$_SDFFE_PN0P_,Q,7329
10036,$auto$ff.cc:337:slice$2538,$_SDFFE_PN0P_,Q,7965
10037,$auto$ff.cc:337:slice$2539,$_SDFFE_PN0P_,Q,7573
10038,$auto$ff.cc:337:slice$2540,$_SDFFE_PN0P_,Q,7569
10039,$auto$ff.cc:337:slice$2541,$_SDFFE_PN0P_,Q,7565
10040,$auto$ff.cc:337:slice$2542,$_SDFFE_PN0P_,Q,7561
10041,$auto$ff.cc:337:slice$2543,$_SDFFE_PN0P_,Q,7557
10042,$auto$ff.cc:337:slice$2544,$_SDFFE_PN0P_,Q,7553
10043,$auto$ff.cc:337:slice$2545,$_SDFFE_PN0P_,Q,7549
10044,$auto$ff.cc:337:slice$2546,$_SDFFE_PN0P_,Q,7545
10045,$auto$ff.cc:337:slice$2547,$_SDFFE_PN0P_,Q,7541
10046,$auto$ff.cc:337:slice$2548,$_SDFFE_PN0P_,Q,7537
10047,$auto$ff.cc:337:slice$2549,$_SDFFE_PN0P_,Q,7533
10048,$auto$ff.cc:337:slice$2550,$_SDFFE_PN0P_,Q,7529
10049,$auto$ff.cc:337:slice$2551,$_SDFFE_PN0P_,Q,7525
10050,$auto$ff.cc:337:slice$2552,$_SDFFE_PN0P_,Q,7521
10051,$auto$ff.cc:337:slice$2553,$_SDFFE_PN0P_,Q,7517
10052,$auto$ff.cc:337:slice$2554,$_SDFFE_PN0P_,Q,7513
10053,$auto$ff.cc:337:slice$2555,$_SDFFE_PN0P_,Q,7509
10054,$auto$ff.cc:337:slice$2556,$_SDFFE_PN0P_,Q,7505
10055,$auto$ff.cc:337:slice$2557,$_SDFFE_PN0P_,Q,7501
10056,$auto$ff.cc:337:slice$2558,$_SDFFE_PN0P_,Q,7497
10057,$auto$ff.cc:337:slice$2559,$_SDFFE_PN0P_,Q,7493
10058,$auto$ff.cc:337:slice$2560,$_SDFFE_PN0P_,Q,7489
10059,$auto$ff.cc:337:slice$2561,$_SDFFE_PN0P_,Q,7485
10060,$auto$ff.cc:337:slice$2562,$_SDFFE_PN0P_,Q,7481
10061,$auto$ff.cc:337:slice$2563,$_SDFFE_PN0P_,Q,7477
10062,$auto$ff.cc:337:slice$2564,$_SDFFE_PN0P_,Q,7473
10063,$auto$ff.cc:337:slice$2565,$_SDFFE_PN0P_,Q,7469
10064,$auto$ff.cc:337:slice$2566,$_SDFFE_PN0P_,Q,7465
10065,$auto$ff.cc:337:slice$2567,$_SDFFE_PN0P_,Q,7461
10066,$auto$ff.cc:337:slice$2568,$_SDFFE_PN0P_,Q,7457
10067,$auto$ff.cc:337:slice$2569,$_SDFFE_PN0P_,Q,7453
10068,$auto$ff.cc:337:slice$2570,$_SDFFE_PN0P_,Q,10501
10069,$auto$ff.cc:337:slice$2571,$_SDFFE_PN0P_,Q,7764
10070,$auto$ff.cc:337:slice$2572,$_SDFFE_PN0P_,Q,7763
10071,$auto$ff.cc:337:slice$2573,$_SDFFE_PN0P_,Q,7766
10072,$auto$ff.cc:337:slice$2574,$_SDFFE_PN0P_,Q,10919
10073,$auto$ff.cc:337:slice$2575,$_SDFFE_PN0P_,Q,1421
10074,$auto$ff.cc:337:slice$2576,$_SDFFE_PN0P_,Q,1801
10075,$auto$ff.cc:337:slice$2577,$_SDFFE_PN0P_,Q,1787
10076,$auto$ff.cc:337:slice$2578,$_SDFFE_PN0P_,Q,1773
10077,$auto$ff.cc:337:slice$2579,$_SDFFE_PN0P_,Q,2327
10078,$auto$ff.cc:337:slice$2580,$_SDFFE_PN0P_,Q,2313
10079,$auto$ff.cc:337:slice$2581,$_SDFFE_PN0P_,Q,2299
10080,$auto$ff.cc:337:slice$2582,$_SDFFE_PN0P_,Q,2285
10081,$auto$ff.cc:337:slice$2583,$_SDFFE_PN0P_,Q,2270
10082,$auto$ff.cc:337:slice$2584,$_SDFFE_PN0P_,Q,2256
10083,$auto$ff.cc:337:slice$2585,$_SDFFE_PN0P_,Q,2241
10084,$auto$ff.cc:337:slice$2586,$_SDFFE_PN0P_,Q,2227
10085,$auto$ff.cc:337:slice$2587,$_SDFFE_PN0P_,Q,2214
10086,$auto$ff.cc:337:slice$2588,$_SDFFE_PN0P_,Q,2201
10087,$auto$ff.cc:337:slice$2589,$_SDFFE_PN0P_,Q,2188
10088,$auto$ff.cc:337:slice$2590,$_SDFFE_PN0P_,Q,2175
10089,$auto$ff.cc:337:slice$2591,$_SDFFE_PN0P_,Q,2366
10090,$auto$ff.cc:337:slice$2592,$_SDFFE_PN0P_,Q,2035
10091,$auto$ff.cc:337:slice$2593,$_SDFFE_PN0P_,Q,2021
10092,$auto$ff.cc:337:slice$2594,$_SDFFE_PN0P_,Q,2008
10093,$auto$ff.cc:337:slice$2595,$_SDFFE_PN0P_,Q,1993
10094,$auto$ff.cc:337:slice$2596,$_SDFFE_PN0P_,Q,1980
10095,$auto$ff.cc:337:slice$2597,$_SDFFE_PN0P_,Q,1965
10096,$auto$ff.cc:337:slice$2598,$_SDFFE_PN0P_,Q,1951
10097,$auto$ff.cc:337:slice$2599,$_SDFFE_PN0P_,Q,1936
10098,$auto$ff.cc:337:slice$2600,$_SDFFE_PN0P_,Q,1923
10099,$auto$ff.cc:337:slice$2601,$_SDFFE_PN0P_,Q,1908
10100,$auto$ff.cc:337:slice$2602,$_SDFFE_PN0P_,Q,1894
10101,$auto$ff.cc:337:slice$2603,$_SDFFE_PN0P_,Q,1879
10102,$auto$ff.cc:337:slice$2604,$_SDFFE_PN0P_,Q,1865
10103,$auto$ff.cc:337:slice$2605,$_SDFFE_PN0P_,Q,1850
10104,$auto$ff.cc:337:slice$2606,$_SDFFE_PN0P_,Q,1837
10105,$auto$ff.cc:337:slice$2607,$_SDFFE_PN0P_,Q,1814
10106,$auto$ff.cc:337:slice$2746,$_DFF_P_,Q,7776
10107,$auto$ff.cc:337:slice$2747,$_DFF_P_,Q,7775
10108,$auto$ff.cc:337:slice$2748,$_DFF_P_,Q,1423
10109,$auto$ff.cc:337:slice$2749,$_DFF_P_,Q,1422
10110,$auto$ff.cc:337:slice$2750,$_DFF_P_,Q,10939
