global_batch_id,family_id,partition,family_batch_id,site_rank_start,site_count_maximum,global_site_offset,fault_index_start,fault_count_maximum,vector_count,baseline_records,maximum_enabled_transactions,checkpoint_after_batch,status
0,opentitan_hmac_sha256,GENERALIZATION_TRAIN,0,0,64,0,0,128,64,64,8192,REQUIRED,AUTHORIZED / NOT STARTED
1,opentitan_hmac_sha256,GENERALIZATION_TRAIN,1,64,64,64,128,128,64,64,8192,REQUIRED,AUTHORIZED / NOT STARTED
2,opentitan_hmac_sha256,GENERALIZATION_TRAIN,2,128,64,128,256,128,64,64,8192,REQUIRED,AUTHORIZED / NOT STARTED
3,opentitan_hmac_sha256,GENERALIZATION_TRAIN,3,192,64,192,384,128,64,64,8192,REQUIRED,AUTHORIZED / NOT STARTED
4,opentitan_hmac_sha256,GENERALIZATION_TRAIN,4,256,64,256,512,128,64,64,8192,REQUIRED,AUTHORIZED / NOT STARTED
5,opentitan_hmac_sha256,GENERALIZATION_TRAIN,5,320,64,320,640,128,64,64,8192,REQUIRED,AUTHORIZED / NOT STARTED
6,opentitan_hmac_sha256,GENERALIZATION_TRAIN,6,384,64,384,768,128,64,64,8192,REQUIRED,AUTHORIZED / NOT STARTED
7,opentitan_hmac_sha256,GENERALIZATION_TRAIN,7,448,64,448,896,128,64,64,8192,REQUIRED,AUTHORIZED / NOT STARTED
8,opentitan_hmac_sha256,GENERALIZATION_TRAIN,8,512,64,512,1024,128,64,64,8192,REQUIRED,AUTHORIZED / NOT STARTED
9,opentitan_hmac_sha256,GENERALIZATION_TRAIN,9,576,64,576,1152,128,64,64,8192,REQUIRED,AUTHORIZED / NOT STARTED
10,opentitan_hmac_sha256,GENERALIZATION_TRAIN,10,640,64,640,1280,128,64,64,8192,REQUIRED,AUTHORIZED / NOT STARTED
11,opentitan_hmac_sha256,GENERALIZATION_TRAIN,11,704,64,704,1408,128,64,64,8192,REQUIRED,AUTHORIZED / NOT STARTED
12,opentitan_hmac_sha256,GENERALIZATION_TRAIN,12,768,64,768,1536,128,64,64,8192,REQUIRED,AUTHORIZED / NOT STARTED
13,opentitan_hmac_sha256,GENERALIZATION_TRAIN,13,832,64,832,1664,128,64,64,8192,REQUIRED,AUTHORIZED / NOT STARTED
14,opentitan_hmac_sha256,GENERALIZATION_TRAIN,14,896,64,896,1792,128,64,64,8192,REQUIRED,AUTHORIZED / NOT STARTED
15,opentitan_hmac_sha256,GENERALIZATION_TRAIN,15,960,64,960,1920,128,64,64,8192,REQUIRED,AUTHORIZED / NOT STARTED
16,opentitan_hmac_sha256,GENERALIZATION_TRAIN,16,1024,64,1024,2048,128,64,64,8192,REQUIRED,AUTHORIZED / NOT STARTED
17,opentitan_hmac_sha256,GENERALIZATION_TRAIN,17,1088,64,1088,2176,128,64,64,8192,REQUIRED,AUTHORIZED / NOT STARTED
18,opentitan_hmac_sha256,GENERALIZATION_TRAIN,18,1152,64,1152,2304,128,64,64,8192,REQUIRED,AUTHORIZED / NOT STARTED
19,opentitan_hmac_sha256,GENERALIZATION_TRAIN,19,1216,64,1216,2432,128,64,64,8192,REQUIRED,AUTHORIZED / NOT STARTED
20,opentitan_hmac_sha256,GENERALIZATION_TRAIN,20,1280,64,1280,2560,128,64,64,8192,REQUIRED,AUTHORIZED / NOT STARTED
21,opentitan_hmac_sha256,GENERALIZATION_TRAIN,21,1344,64,1344,2688,128,64,64,8192,REQUIRED,AUTHORIZED / NOT STARTED
22,opentitan_hmac_sha256,GENERALIZATION_TRAIN,22,1408,64,1408,2816,128,64,64,8192,REQUIRED,AUTHORIZED / NOT STARTED
23,opentitan_hmac_sha256,GENERALIZATION_TRAIN,23,1472,64,1472,2944,128,64,64,8192,REQUIRED,AUTHORIZED / NOT STARTED
24,opentitan_hmac_sha256,GENERALIZATION_TRAIN,24,1536,64,1536,3072,128,64,64,8192,REQUIRED,AUTHORIZED / NOT STARTED
25,opentitan_hmac_sha256,GENERALIZATION_TRAIN,25,1600,64,1600,3200,128,64,64,8192,REQUIRED,AUTHORIZED / NOT STARTED
26,opentitan_hmac_sha256,GENERALIZATION_TRAIN,26,1664,64,1664,3328,128,64,64,8192,REQUIRED,AUTHORIZED / NOT STARTED
27,opentitan_hmac_sha256,GENERALIZATION_TRAIN,27,1728,64,1728,3456,128,64,64,8192,REQUIRED,AUTHORIZED / NOT STARTED
28,opentitan_hmac_sha256,GENERALIZATION_TRAIN,28,1792,64,1792,3584,128,64,64,8192,REQUIRED,AUTHORIZED / NOT STARTED
29,opentitan_hmac_sha256,GENERALIZATION_TRAIN,29,1856,64,1856,3712,128,64,64,8192,REQUIRED,AUTHORIZED / NOT STARTED
30,opentitan_hmac_sha256,GENERALIZATION_TRAIN,30,1920,64,1920,3840,128,64,64,8192,REQUIRED,AUTHORIZED / NOT STARTED
31,opentitan_hmac_sha256,GENERALIZATION_TRAIN,31,1984,64,1984,3968,128,64,64,8192,REQUIRED,AUTHORIZED / NOT STARTED
32,opentitan_hmac_sha256,GENERALIZATION_TRAIN,32,2048,64,2048,4096,128,64,64,8192,REQUIRED,AUTHORIZED / NOT STARTED
33,opentitan_hmac_sha256,GENERALIZATION_TRAIN,33,2112,64,2112,4224,128,64,64,8192,REQUIRED,AUTHORIZED / NOT STARTED
34,opentitan_hmac_sha256,GENERALIZATION_TRAIN,34,2176,64,2176,4352,128,64,64,8192,REQUIRED,AUTHORIZED / NOT STARTED
35,opentitan_hmac_sha256,GENERALIZATION_TRAIN,35,2240,64,2240,4480,128,64,64,8192,REQUIRED,AUTHORIZED / NOT STARTED
36,opentitan_hmac_sha256,GENERALIZATION_TRAIN,36,2304,64,2304,4608,128,64,64,8192,REQUIRED,AUTHORIZED / NOT STARTED
37,opentitan_hmac_sha256,GENERALIZATION_TRAIN,37,2368,64,2368,4736,128,64,64,8192,REQUIRED,AUTHORIZED / NOT STARTED
38,opentitan_hmac_sha256,GENERALIZATION_TRAIN,38,2432,64,2432,4864,128,64,64,8192,REQUIRED,AUTHORIZED / NOT STARTED
39,opentitan_hmac_sha256,GENERALIZATION_TRAIN,39,2496,64,2496,4992,128,64,64,8192,REQUIRED,AUTHORIZED / NOT STARTED
40,opentitan_hmac_sha256,GENERALIZATION_TRAIN,40,2560,64,2560,5120,128,64,64,8192,REQUIRED,AUTHORIZED / NOT STARTED
41,opentitan_hmac_sha256,GENERALIZATION_TRAIN,41,2624,64,2624,5248,128,64,64,8192,REQUIRED,AUTHORIZED / NOT STARTED
42,opentitan_hmac_sha256,GENERALIZATION_TRAIN,42,2688,64,2688,5376,128,64,64,8192,REQUIRED,AUTHORIZED / NOT STARTED
43,opentitan_hmac_sha256,GENERALIZATION_TRAIN,43,2752,64,2752,5504,128,64,64,8192,REQUIRED,AUTHORIZED / NOT STARTED
44,opentitan_hmac_sha256,GENERALIZATION_TRAIN,44,2816,64,2816,5632,128,64,64,8192,REQUIRED,AUTHORIZED / NOT STARTED
45,opentitan_hmac_sha256,GENERALIZATION_TRAIN,45,2880,64,2880,5760,128,64,64,8192,REQUIRED,AUTHORIZED / NOT STARTED
46,opentitan_hmac_sha256,GENERALIZATION_TRAIN,46,2944,64,2944,5888,128,64,64,8192,REQUIRED,AUTHORIZED / NOT STARTED
47,opentitan_hmac_sha256,GENERALIZATION_TRAIN,47,3008,64,3008,6016,128,64,64,8192,REQUIRED,AUTHORIZED / NOT STARTED
48,opentitan_hmac_sha256,GENERALIZATION_TRAIN,48,3072,64,3072,6144,128,64,64,8192,REQUIRED,AUTHORIZED / NOT STARTED
49,opentitan_hmac_sha256,GENERALIZATION_TRAIN,49,3136,64,3136,6272,128,64,64,8192,REQUIRED,AUTHORIZED / NOT STARTED
50,opentitan_hmac_sha256,GENERALIZATION_TRAIN,50,3200,64,3200,6400,128,64,64,8192,REQUIRED,AUTHORIZED / NOT STARTED
51,opentitan_hmac_sha256,GENERALIZATION_TRAIN,51,3264,64,3264,6528,128,64,64,8192,REQUIRED,AUTHORIZED / NOT STARTED
52,opentitan_hmac_sha256,GENERALIZATION_TRAIN,52,3328,64,3328,6656,128,64,64,8192,REQUIRED,AUTHORIZED / NOT STARTED
53,opentitan_hmac_sha256,GENERALIZATION_TRAIN,53,3392,64,3392,6784,128,64,64,8192,REQUIRED,AUTHORIZED / NOT STARTED
54,opentitan_hmac_sha256,GENERALIZATION_TRAIN,54,3456,64,3456,6912,128,64,64,8192,REQUIRED,AUTHORIZED / NOT STARTED
55,opentitan_hmac_sha256,GENERALIZATION_TRAIN,55,3520,64,3520,7040,128,64,64,8192,REQUIRED,AUTHORIZED / NOT STARTED
56,opentitan_hmac_sha256,GENERALIZATION_TRAIN,56,3584,64,3584,7168,128,64,64,8192,REQUIRED,AUTHORIZED / NOT STARTED
57,opentitan_hmac_sha256,GENERALIZATION_TRAIN,57,3648,64,3648,7296,128,64,64,8192,REQUIRED,AUTHORIZED / NOT STARTED
58,opentitan_hmac_sha256,GENERALIZATION_TRAIN,58,3712,64,3712,7424,128,64,64,8192,REQUIRED,AUTHORIZED / NOT STARTED
59,opentitan_hmac_sha256,GENERALIZATION_TRAIN,59,3776,64,3776,7552,128,64,64,8192,REQUIRED,AUTHORIZED / NOT STARTED
60,opentitan_hmac_sha256,GENERALIZATION_TRAIN,60,3840,64,3840,7680,128,64,64,8192,REQUIRED,AUTHORIZED / NOT STARTED
61,opentitan_hmac_sha256,GENERALIZATION_TRAIN,61,3904,64,3904,7808,128,64,64,8192,REQUIRED,AUTHORIZED / NOT STARTED
62,opentitan_hmac_sha256,GENERALIZATION_TRAIN,62,3968,64,3968,7936,128,64,64,8192,REQUIRED,AUTHORIZED / NOT STARTED
63,opentitan_hmac_sha256,GENERALIZATION_TRAIN,63,4032,64,4032,8064,128,64,64,8192,REQUIRED,AUTHORIZED / NOT STARTED
64,opentitan_hmac_sha256,GENERALIZATION_TRAIN,64,4096,64,4096,8192,128,64,64,8192,REQUIRED,AUTHORIZED / NOT STARTED
65,opentitan_hmac_sha256,GENERALIZATION_TRAIN,65,4160,64,4160,8320,128,64,64,8192,REQUIRED,AUTHORIZED / NOT STARTED
66,opentitan_hmac_sha256,GENERALIZATION_TRAIN,66,4224,64,4224,8448,128,64,64,8192,REQUIRED,AUTHORIZED / NOT STARTED
67,opentitan_hmac_sha256,GENERALIZATION_TRAIN,67,4288,64,4288,8576,128,64,64,8192,REQUIRED,AUTHORIZED / NOT STARTED
68,opentitan_hmac_sha256,GENERALIZATION_TRAIN,68,4352,64,4352,8704,128,64,64,8192,REQUIRED,AUTHORIZED / NOT STARTED
69,opentitan_hmac_sha256,GENERALIZATION_TRAIN,69,4416,64,4416,8832,128,64,64,8192,REQUIRED,AUTHORIZED / NOT STARTED
70,opentitan_hmac_sha256,GENERALIZATION_TRAIN,70,4480,64,4480,8960,128,64,64,8192,REQUIRED,AUTHORIZED / NOT STARTED
71,opentitan_hmac_sha256,GENERALIZATION_TRAIN,71,4544,64,4544,9088,128,64,64,8192,REQUIRED,AUTHORIZED / NOT STARTED
72,opentitan_hmac_sha256,GENERALIZATION_TRAIN,72,4608,64,4608,9216,128,64,64,8192,REQUIRED,AUTHORIZED / NOT STARTED
73,opentitan_hmac_sha256,GENERALIZATION_TRAIN,73,4672,64,4672,9344,128,64,64,8192,REQUIRED,AUTHORIZED / NOT STARTED
74,opentitan_hmac_sha256,GENERALIZATION_TRAIN,74,4736,64,4736,9472,128,64,64,8192,REQUIRED,AUTHORIZED / NOT STARTED
75,opentitan_hmac_sha256,GENERALIZATION_TRAIN,75,4800,64,4800,9600,128,64,64,8192,REQUIRED,AUTHORIZED / NOT STARTED
76,opentitan_hmac_sha256,GENERALIZATION_TRAIN,76,4864,64,4864,9728,128,64,64,8192,REQUIRED,AUTHORIZED / NOT STARTED
77,opentitan_hmac_sha256,GENERALIZATION_TRAIN,77,4928,64,4928,9856,128,64,64,8192,REQUIRED,AUTHORIZED / NOT STARTED
78,opentitan_hmac_sha256,GENERALIZATION_TRAIN,78,4992,64,4992,9984,128,64,64,8192,REQUIRED,AUTHORIZED / NOT STARTED
79,opentitan_hmac_sha256,GENERALIZATION_TRAIN,79,5056,64,5056,10112,128,64,64,8192,REQUIRED,AUTHORIZED / NOT STARTED
80,opentitan_hmac_sha256,GENERALIZATION_TRAIN,80,5120,64,5120,10240,128,64,64,8192,REQUIRED,AUTHORIZED / NOT STARTED
81,opentitan_hmac_sha256,GENERALIZATION_TRAIN,81,5184,64,5184,10368,128,64,64,8192,REQUIRED,AUTHORIZED / NOT STARTED
82,opentitan_hmac_sha256,GENERALIZATION_TRAIN,82,5248,64,5248,10496,128,64,64,8192,REQUIRED,AUTHORIZED / NOT STARTED
83,opentitan_hmac_sha256,GENERALIZATION_TRAIN,83,5312,64,5312,10624,128,64,64,8192,REQUIRED,AUTHORIZED / NOT STARTED
84,opentitan_hmac_sha256,GENERALIZATION_TRAIN,84,5376,64,5376,10752,128,64,64,8192,REQUIRED,AUTHORIZED / NOT STARTED
85,opentitan_hmac_sha256,GENERALIZATION_TRAIN,85,5440,64,5440,10880,128,64,64,8192,REQUIRED,AUTHORIZED / NOT STARTED
86,opentitan_hmac_sha256,GENERALIZATION_TRAIN,86,5504,64,5504,11008,128,64,64,8192,REQUIRED,AUTHORIZED / NOT STARTED
87,opentitan_hmac_sha256,GENERALIZATION_TRAIN,87,5568,64,5568,11136,128,64,64,8192,REQUIRED,AUTHORIZED / NOT STARTED
88,opentitan_hmac_sha256,GENERALIZATION_TRAIN,88,5632,64,5632,11264,128,64,64,8192,REQUIRED,AUTHORIZED / NOT STARTED
89,opentitan_hmac_sha256,GENERALIZATION_TRAIN,89,5696,64,5696,11392,128,64,64,8192,REQUIRED,AUTHORIZED / NOT STARTED
90,opentitan_hmac_sha256,GENERALIZATION_TRAIN,90,5760,64,5760,11520,128,64,64,8192,REQUIRED,AUTHORIZED / NOT STARTED
91,opentitan_hmac_sha256,GENERALIZATION_TRAIN,91,5824,64,5824,11648,128,64,64,8192,REQUIRED,AUTHORIZED / NOT STARTED
92,opentitan_hmac_sha256,GENERALIZATION_TRAIN,92,5888,64,5888,11776,128,64,64,8192,REQUIRED,AUTHORIZED / NOT STARTED
93,opentitan_hmac_sha256,GENERALIZATION_TRAIN,93,5952,64,5952,11904,128,64,64,8192,REQUIRED,AUTHORIZED / NOT STARTED
94,opentitan_hmac_sha256,GENERALIZATION_TRAIN,94,6016,64,6016,12032,128,64,64,8192,REQUIRED,AUTHORIZED / NOT STARTED
95,opentitan_hmac_sha256,GENERALIZATION_TRAIN,95,6080,64,6080,12160,128,64,64,8192,REQUIRED,AUTHORIZED / NOT STARTED
96,opentitan_hmac_sha256,GENERALIZATION_TRAIN,96,6144,64,6144,12288,128,64,64,8192,REQUIRED,AUTHORIZED / NOT STARTED
97,opentitan_hmac_sha256,GENERALIZATION_TRAIN,97,6208,64,6208,12416,128,64,64,8192,REQUIRED,AUTHORIZED / NOT STARTED
98,opentitan_hmac_sha256,GENERALIZATION_TRAIN,98,6272,64,6272,12544,128,64,64,8192,REQUIRED,AUTHORIZED / NOT STARTED
99,opentitan_hmac_sha256,GENERALIZATION_TRAIN,99,6336,64,6336,12672,128,64,64,8192,REQUIRED,AUTHORIZED / NOT STARTED
100,opentitan_hmac_sha256,GENERALIZATION_TRAIN,100,6400,64,6400,12800,128,64,64,8192,REQUIRED,AUTHORIZED / NOT STARTED
101,opentitan_hmac_sha256,GENERALIZATION_TRAIN,101,6464,64,6464,12928,128,64,64,8192,REQUIRED,AUTHORIZED / NOT STARTED
102,opentitan_hmac_sha256,GENERALIZATION_TRAIN,102,6528,64,6528,13056,128,64,64,8192,REQUIRED,AUTHORIZED / NOT STARTED
103,opentitan_hmac_sha256,GENERALIZATION_TRAIN,103,6592,64,6592,13184,128,64,64,8192,REQUIRED,AUTHORIZED / NOT STARTED
104,opentitan_hmac_sha256,GENERALIZATION_TRAIN,104,6656,64,6656,13312,128,64,64,8192,REQUIRED,AUTHORIZED / NOT STARTED
105,opentitan_hmac_sha256,GENERALIZATION_TRAIN,105,6720,64,6720,13440,128,64,64,8192,REQUIRED,AUTHORIZED / NOT STARTED
106,opentitan_hmac_sha256,GENERALIZATION_TRAIN,106,6784,64,6784,13568,128,64,64,8192,REQUIRED,AUTHORIZED / NOT STARTED
107,opentitan_hmac_sha256,GENERALIZATION_TRAIN,107,6848,64,6848,13696,128,64,64,8192,REQUIRED,AUTHORIZED / NOT STARTED
108,opentitan_hmac_sha256,GENERALIZATION_TRAIN,108,6912,64,6912,13824,128,64,64,8192,REQUIRED,AUTHORIZED / NOT STARTED
109,opentitan_hmac_sha256,GENERALIZATION_TRAIN,109,6976,64,6976,13952,128,64,64,8192,REQUIRED,AUTHORIZED / NOT STARTED
110,opentitan_hmac_sha256,GENERALIZATION_TRAIN,110,7040,64,7040,14080,128,64,64,8192,REQUIRED,AUTHORIZED / NOT STARTED
111,opentitan_hmac_sha256,GENERALIZATION_TRAIN,111,7104,64,7104,14208,128,64,64,8192,REQUIRED,AUTHORIZED / NOT STARTED
112,opentitan_hmac_sha256,GENERALIZATION_TRAIN,112,7168,64,7168,14336,128,64,64,8192,REQUIRED,AUTHORIZED / NOT STARTED
113,opentitan_hmac_sha256,GENERALIZATION_TRAIN,113,7232,64,7232,14464,128,64,64,8192,REQUIRED,AUTHORIZED / NOT STARTED
114,opentitan_hmac_sha256,GENERALIZATION_TRAIN,114,7296,64,7296,14592,128,64,64,8192,REQUIRED,AUTHORIZED / NOT STARTED
115,opentitan_hmac_sha256,GENERALIZATION_TRAIN,115,7360,64,7360,14720,128,64,64,8192,REQUIRED,AUTHORIZED / NOT STARTED
116,opentitan_hmac_sha256,GENERALIZATION_TRAIN,116,7424,64,7424,14848,128,64,64,8192,REQUIRED,AUTHORIZED / NOT STARTED
117,opentitan_hmac_sha256,GENERALIZATION_TRAIN,117,7488,64,7488,14976,128,64,64,8192,REQUIRED,AUTHORIZED / NOT STARTED
118,opentitan_hmac_sha256,GENERALIZATION_TRAIN,118,7552,64,7552,15104,128,64,64,8192,REQUIRED,AUTHORIZED / NOT STARTED
119,opentitan_hmac_sha256,GENERALIZATION_TRAIN,119,7616,64,7616,15232,128,64,64,8192,REQUIRED,AUTHORIZED / NOT STARTED
120,opentitan_hmac_sha256,GENERALIZATION_TRAIN,120,7680,64,7680,15360,128,64,64,8192,REQUIRED,AUTHORIZED / NOT STARTED
121,opentitan_hmac_sha256,GENERALIZATION_TRAIN,121,7744,64,7744,15488,128,64,64,8192,REQUIRED,AUTHORIZED / NOT STARTED
122,opentitan_hmac_sha256,GENERALIZATION_TRAIN,122,7808,64,7808,15616,128,64,64,8192,REQUIRED,AUTHORIZED / NOT STARTED
123,opentitan_hmac_sha256,GENERALIZATION_TRAIN,123,7872,64,7872,15744,128,64,64,8192,REQUIRED,AUTHORIZED / NOT STARTED
124,opentitan_hmac_sha256,GENERALIZATION_TRAIN,124,7936,64,7936,15872,128,64,64,8192,REQUIRED,AUTHORIZED / NOT STARTED
125,opentitan_hmac_sha256,GENERALIZATION_TRAIN,125,8000,64,8000,16000,128,64,64,8192,REQUIRED,AUTHORIZED / NOT STARTED
126,opentitan_hmac_sha256,GENERALIZATION_TRAIN,126,8064,64,8064,16128,128,64,64,8192,REQUIRED,AUTHORIZED / NOT STARTED
127,opentitan_hmac_sha256,GENERALIZATION_TRAIN,127,8128,64,8128,16256,128,64,64,8192,REQUIRED,AUTHORIZED / NOT STARTED
128,opentitan_hmac_sha256,GENERALIZATION_TRAIN,128,8192,64,8192,16384,128,64,64,8192,REQUIRED,AUTHORIZED / NOT STARTED
129,opentitan_hmac_sha256,GENERALIZATION_TRAIN,129,8256,64,8256,16512,128,64,64,8192,REQUIRED,AUTHORIZED / NOT STARTED
130,opentitan_hmac_sha256,GENERALIZATION_TRAIN,130,8320,64,8320,16640,128,64,64,8192,REQUIRED,AUTHORIZED / NOT STARTED
131,opentitan_hmac_sha256,GENERALIZATION_TRAIN,131,8384,64,8384,16768,128,64,64,8192,REQUIRED,AUTHORIZED / NOT STARTED
132,opentitan_hmac_sha256,GENERALIZATION_TRAIN,132,8448,64,8448,16896,128,64,64,8192,REQUIRED,AUTHORIZED / NOT STARTED
133,opentitan_hmac_sha256,GENERALIZATION_TRAIN,133,8512,64,8512,17024,128,64,64,8192,REQUIRED,AUTHORIZED / NOT STARTED
134,opentitan_hmac_sha256,GENERALIZATION_TRAIN,134,8576,64,8576,17152,128,64,64,8192,REQUIRED,AUTHORIZED / NOT STARTED
135,opentitan_hmac_sha256,GENERALIZATION_TRAIN,135,8640,64,8640,17280,128,64,64,8192,REQUIRED,AUTHORIZED / NOT STARTED
136,opentitan_hmac_sha256,GENERALIZATION_TRAIN,136,8704,64,8704,17408,128,64,64,8192,REQUIRED,AUTHORIZED / NOT STARTED
137,opentitan_hmac_sha256,GENERALIZATION_TRAIN,137,8768,64,8768,17536,128,64,64,8192,REQUIRED,AUTHORIZED / NOT STARTED
138,opentitan_hmac_sha256,GENERALIZATION_TRAIN,138,8832,64,8832,17664,128,64,64,8192,REQUIRED,AUTHORIZED / NOT STARTED
139,opentitan_hmac_sha256,GENERALIZATION_TRAIN,139,8896,64,8896,17792,128,64,64,8192,REQUIRED,AUTHORIZED / NOT STARTED
140,opentitan_hmac_sha256,GENERALIZATION_TRAIN,140,8960,64,8960,17920,128,64,64,8192,REQUIRED,AUTHORIZED / NOT STARTED
141,opentitan_hmac_sha256,GENERALIZATION_TRAIN,141,9024,64,9024,18048,128,64,64,8192,REQUIRED,AUTHORIZED / NOT STARTED
142,opentitan_hmac_sha256,GENERALIZATION_TRAIN,142,9088,64,9088,18176,128,64,64,8192,REQUIRED,AUTHORIZED / NOT STARTED
143,opentitan_hmac_sha256,GENERALIZATION_TRAIN,143,9152,64,9152,18304,128,64,64,8192,REQUIRED,AUTHORIZED / NOT STARTED
144,opentitan_hmac_sha256,GENERALIZATION_TRAIN,144,9216,64,9216,18432,128,64,64,8192,REQUIRED,AUTHORIZED / NOT STARTED
145,opentitan_hmac_sha256,GENERALIZATION_TRAIN,145,9280,64,9280,18560,128,64,64,8192,REQUIRED,AUTHORIZED / NOT STARTED
146,opentitan_hmac_sha256,GENERALIZATION_TRAIN,146,9344,64,9344,18688,128,64,64,8192,REQUIRED,AUTHORIZED / NOT STARTED
147,opentitan_hmac_sha256,GENERALIZATION_TRAIN,147,9408,64,9408,18816,128,64,64,8192,REQUIRED,AUTHORIZED / NOT STARTED
148,opentitan_hmac_sha256,GENERALIZATION_TRAIN,148,9472,64,9472,18944,128,64,64,8192,REQUIRED,AUTHORIZED / NOT STARTED
149,opentitan_hmac_sha256,GENERALIZATION_TRAIN,149,9536,64,9536,19072,128,64,64,8192,REQUIRED,AUTHORIZED / NOT STARTED
150,opentitan_hmac_sha256,GENERALIZATION_TRAIN,150,9600,64,9600,19200,128,64,64,8192,REQUIRED,AUTHORIZED / NOT STARTED
151,opentitan_hmac_sha256,GENERALIZATION_TRAIN,151,9664,64,9664,19328,128,64,64,8192,REQUIRED,AUTHORIZED / NOT STARTED
152,opentitan_hmac_sha256,GENERALIZATION_TRAIN,152,9728,64,9728,19456,128,64,64,8192,REQUIRED,AUTHORIZED / NOT STARTED
153,opentitan_hmac_sha256,GENERALIZATION_TRAIN,153,9792,64,9792,19584,128,64,64,8192,REQUIRED,AUTHORIZED / NOT STARTED
154,opentitan_hmac_sha256,GENERALIZATION_TRAIN,154,9856,64,9856,19712,128,64,64,8192,REQUIRED,AUTHORIZED / NOT STARTED
155,opentitan_hmac_sha256,GENERALIZATION_TRAIN,155,9920,64,9920,19840,128,64,64,8192,REQUIRED,AUTHORIZED / NOT STARTED
156,opentitan_hmac_sha256,GENERALIZATION_TRAIN,156,9984,64,9984,19968,128,64,64,8192,REQUIRED,AUTHORIZED / NOT STARTED
157,opentitan_hmac_sha256,GENERALIZATION_TRAIN,157,10048,64,10048,20096,128,64,64,8192,REQUIRED,AUTHORIZED / NOT STARTED
158,opentitan_hmac_sha256,GENERALIZATION_TRAIN,158,10112,64,10112,20224,128,64,64,8192,REQUIRED,AUTHORIZED / NOT STARTED
159,opentitan_hmac_sha256,GENERALIZATION_TRAIN,159,10176,64,10176,20352,128,64,64,8192,REQUIRED,AUTHORIZED / NOT STARTED
160,opentitan_hmac_sha256,GENERALIZATION_TRAIN,160,10240,64,10240,20480,128,64,64,8192,REQUIRED,AUTHORIZED / NOT STARTED
161,opentitan_hmac_sha256,GENERALIZATION_TRAIN,161,10304,64,10304,20608,128,64,64,8192,REQUIRED,AUTHORIZED / NOT STARTED
162,opentitan_hmac_sha256,GENERALIZATION_TRAIN,162,10368,64,10368,20736,128,64,64,8192,REQUIRED,AUTHORIZED / NOT STARTED
163,opentitan_hmac_sha256,GENERALIZATION_TRAIN,163,10432,64,10432,20864,128,64,64,8192,REQUIRED,AUTHORIZED / NOT STARTED
164,opentitan_hmac_sha256,GENERALIZATION_TRAIN,164,10496,64,10496,20992,128,64,64,8192,REQUIRED,AUTHORIZED / NOT STARTED
165,opentitan_hmac_sha256,GENERALIZATION_TRAIN,165,10560,64,10560,21120,128,64,64,8192,REQUIRED,AUTHORIZED / NOT STARTED
166,opentitan_hmac_sha256,GENERALIZATION_TRAIN,166,10624,64,10624,21248,128,64,64,8192,REQUIRED,AUTHORIZED / NOT STARTED
167,opentitan_hmac_sha256,GENERALIZATION_TRAIN,167,10688,64,10688,21376,128,64,64,8192,REQUIRED,AUTHORIZED / NOT STARTED
168,opentitan_hmac_sha256,GENERALIZATION_TRAIN,168,10752,64,10752,21504,128,64,64,8192,REQUIRED,AUTHORIZED / NOT STARTED
169,opentitan_hmac_sha256,GENERALIZATION_TRAIN,169,10816,64,10816,21632,128,64,64,8192,REQUIRED,AUTHORIZED / NOT STARTED
170,opentitan_hmac_sha256,GENERALIZATION_TRAIN,170,10880,64,10880,21760,128,64,64,8192,REQUIRED,AUTHORIZED / NOT STARTED
171,opentitan_hmac_sha256,GENERALIZATION_TRAIN,171,10944,64,10944,21888,128,64,64,8192,REQUIRED,AUTHORIZED / NOT STARTED
172,opentitan_hmac_sha256,GENERALIZATION_TRAIN,172,11008,64,11008,22016,128,64,64,8192,REQUIRED,AUTHORIZED / NOT STARTED
173,opentitan_hmac_sha256,GENERALIZATION_TRAIN,173,11072,64,11072,22144,128,64,64,8192,REQUIRED,AUTHORIZED / NOT STARTED
174,opentitan_hmac_sha256,GENERALIZATION_TRAIN,174,11136,64,11136,22272,128,64,64,8192,REQUIRED,AUTHORIZED / NOT STARTED
175,opentitan_hmac_sha256,GENERALIZATION_TRAIN,175,11200,64,11200,22400,128,64,64,8192,REQUIRED,AUTHORIZED / NOT STARTED
176,opentitan_hmac_sha256,GENERALIZATION_TRAIN,176,11264,64,11264,22528,128,64,64,8192,REQUIRED,AUTHORIZED / NOT STARTED
177,opentitan_hmac_sha256,GENERALIZATION_TRAIN,177,11328,64,11328,22656,128,64,64,8192,REQUIRED,AUTHORIZED / NOT STARTED
178,opentitan_hmac_sha256,GENERALIZATION_TRAIN,178,11392,64,11392,22784,128,64,64,8192,REQUIRED,AUTHORIZED / NOT STARTED
179,opentitan_hmac_sha256,GENERALIZATION_TRAIN,179,11456,64,11456,22912,128,64,64,8192,REQUIRED,AUTHORIZED / NOT STARTED
180,opentitan_hmac_sha256,GENERALIZATION_TRAIN,180,11520,64,11520,23040,128,64,64,8192,REQUIRED,AUTHORIZED / NOT STARTED
181,opentitan_hmac_sha256,GENERALIZATION_TRAIN,181,11584,64,11584,23168,128,64,64,8192,REQUIRED,AUTHORIZED / NOT STARTED
182,opentitan_hmac_sha256,GENERALIZATION_TRAIN,182,11648,64,11648,23296,128,64,64,8192,REQUIRED,AUTHORIZED / NOT STARTED
183,opentitan_hmac_sha256,GENERALIZATION_TRAIN,183,11712,64,11712,23424,128,64,64,8192,REQUIRED,AUTHORIZED / NOT STARTED
184,opentitan_hmac_sha256,GENERALIZATION_TRAIN,184,11776,64,11776,23552,128,64,64,8192,REQUIRED,AUTHORIZED / NOT STARTED
185,opentitan_hmac_sha256,GENERALIZATION_TRAIN,185,11840,64,11840,23680,128,64,64,8192,REQUIRED,AUTHORIZED / NOT STARTED
186,opentitan_hmac_sha256,GENERALIZATION_TRAIN,186,11904,64,11904,23808,128,64,64,8192,REQUIRED,AUTHORIZED / NOT STARTED
187,opentitan_hmac_sha256,GENERALIZATION_TRAIN,187,11968,64,11968,23936,128,64,64,8192,REQUIRED,AUTHORIZED / NOT STARTED
188,opentitan_hmac_sha256,GENERALIZATION_TRAIN,188,12032,64,12032,24064,128,64,64,8192,REQUIRED,AUTHORIZED / NOT STARTED
189,opentitan_hmac_sha256,GENERALIZATION_TRAIN,189,12096,64,12096,24192,128,64,64,8192,REQUIRED,AUTHORIZED / NOT STARTED
190,opentitan_hmac_sha256,GENERALIZATION_TRAIN,190,12160,64,12160,24320,128,64,64,8192,REQUIRED,AUTHORIZED / NOT STARTED
191,opentitan_hmac_sha256,GENERALIZATION_TRAIN,191,12224,64,12224,24448,128,64,64,8192,REQUIRED,AUTHORIZED / NOT STARTED
192,opentitan_hmac_sha256,GENERALIZATION_TRAIN,192,12288,64,12288,24576,128,64,64,8192,REQUIRED,AUTHORIZED / NOT STARTED
193,opentitan_hmac_sha256,GENERALIZATION_TRAIN,193,12352,64,12352,24704,128,64,64,8192,REQUIRED,AUTHORIZED / NOT STARTED
194,opentitan_hmac_sha256,GENERALIZATION_TRAIN,194,12416,64,12416,24832,128,64,64,8192,REQUIRED,AUTHORIZED / NOT STARTED
195,opentitan_hmac_sha256,GENERALIZATION_TRAIN,195,12480,64,12480,24960,128,64,64,8192,REQUIRED,AUTHORIZED / NOT STARTED
196,opentitan_hmac_sha256,GENERALIZATION_TRAIN,196,12544,64,12544,25088,128,64,64,8192,REQUIRED,AUTHORIZED / NOT STARTED
197,opentitan_hmac_sha256,GENERALIZATION_TRAIN,197,12608,64,12608,25216,128,64,64,8192,REQUIRED,AUTHORIZED / NOT STARTED
198,opentitan_hmac_sha256,GENERALIZATION_TRAIN,198,12672,64,12672,25344,128,64,64,8192,REQUIRED,AUTHORIZED / NOT STARTED
199,opentitan_hmac_sha256,GENERALIZATION_TRAIN,199,12736,64,12736,25472,128,64,64,8192,REQUIRED,AUTHORIZED / NOT STARTED
200,opentitan_hmac_sha256,GENERALIZATION_TRAIN,200,12800,64,12800,25600,128,64,64,8192,REQUIRED,AUTHORIZED / NOT STARTED
201,opentitan_hmac_sha256,GENERALIZATION_TRAIN,201,12864,64,12864,25728,128,64,64,8192,REQUIRED,AUTHORIZED / NOT STARTED
202,opentitan_hmac_sha256,GENERALIZATION_TRAIN,202,12928,64,12928,25856,128,64,64,8192,REQUIRED,AUTHORIZED / NOT STARTED
203,opentitan_hmac_sha256,GENERALIZATION_TRAIN,203,12992,64,12992,25984,128,64,64,8192,REQUIRED,AUTHORIZED / NOT STARTED
204,opentitan_hmac_sha256,GENERALIZATION_TRAIN,204,13056,64,13056,26112,128,64,64,8192,REQUIRED,AUTHORIZED / NOT STARTED
205,opentitan_hmac_sha256,GENERALIZATION_TRAIN,205,13120,64,13120,26240,128,64,64,8192,REQUIRED,AUTHORIZED / NOT STARTED
206,opentitan_hmac_sha256,GENERALIZATION_TRAIN,206,13184,64,13184,26368,128,64,64,8192,REQUIRED,AUTHORIZED / NOT STARTED
207,opentitan_hmac_sha256,GENERALIZATION_TRAIN,207,13248,64,13248,26496,128,64,64,8192,REQUIRED,AUTHORIZED / NOT STARTED
208,opentitan_hmac_sha256,GENERALIZATION_TRAIN,208,13312,64,13312,26624,128,64,64,8192,REQUIRED,AUTHORIZED / NOT STARTED
209,opentitan_hmac_sha256,GENERALIZATION_TRAIN,209,13376,64,13376,26752,128,64,64,8192,REQUIRED,AUTHORIZED / NOT STARTED
210,opentitan_hmac_sha256,GENERALIZATION_TRAIN,210,13440,64,13440,26880,128,64,64,8192,REQUIRED,AUTHORIZED / NOT STARTED
211,opentitan_hmac_sha256,GENERALIZATION_TRAIN,211,13504,64,13504,27008,128,64,64,8192,REQUIRED,AUTHORIZED / NOT STARTED
212,opentitan_hmac_sha256,GENERALIZATION_TRAIN,212,13568,64,13568,27136,128,64,64,8192,REQUIRED,AUTHORIZED / NOT STARTED
213,opentitan_hmac_sha256,GENERALIZATION_TRAIN,213,13632,64,13632,27264,128,64,64,8192,REQUIRED,AUTHORIZED / NOT STARTED
214,opentitan_hmac_sha256,GENERALIZATION_TRAIN,214,13696,64,13696,27392,128,64,64,8192,REQUIRED,AUTHORIZED / NOT STARTED
215,opentitan_hmac_sha256,GENERALIZATION_TRAIN,215,13760,64,13760,27520,128,64,64,8192,REQUIRED,AUTHORIZED / NOT STARTED
216,opentitan_hmac_sha256,GENERALIZATION_TRAIN,216,13824,64,13824,27648,128,64,64,8192,REQUIRED,AUTHORIZED / NOT STARTED
217,opentitan_hmac_sha256,GENERALIZATION_TRAIN,217,13888,64,13888,27776,128,64,64,8192,REQUIRED,AUTHORIZED / NOT STARTED
218,opentitan_hmac_sha256,GENERALIZATION_TRAIN,218,13952,64,13952,27904,128,64,64,8192,REQUIRED,AUTHORIZED / NOT STARTED
219,opentitan_hmac_sha256,GENERALIZATION_TRAIN,219,14016,64,14016,28032,128,64,64,8192,REQUIRED,AUTHORIZED / NOT STARTED
220,opentitan_hmac_sha256,GENERALIZATION_TRAIN,220,14080,64,14080,28160,128,64,64,8192,REQUIRED,AUTHORIZED / NOT STARTED
221,opentitan_hmac_sha256,GENERALIZATION_TRAIN,221,14144,64,14144,28288,128,64,64,8192,REQUIRED,AUTHORIZED / NOT STARTED
222,opentitan_hmac_sha256,GENERALIZATION_TRAIN,222,14208,64,14208,28416,128,64,64,8192,REQUIRED,AUTHORIZED / NOT STARTED
223,opentitan_hmac_sha256,GENERALIZATION_TRAIN,223,14272,64,14272,28544,128,64,64,8192,REQUIRED,AUTHORIZED / NOT STARTED
224,opentitan_hmac_sha256,GENERALIZATION_TRAIN,224,14336,64,14336,28672,128,64,64,8192,REQUIRED,AUTHORIZED / NOT STARTED
225,opentitan_hmac_sha256,GENERALIZATION_TRAIN,225,14400,64,14400,28800,128,64,64,8192,REQUIRED,AUTHORIZED / NOT STARTED
226,opentitan_hmac_sha256,GENERALIZATION_TRAIN,226,14464,64,14464,28928,128,64,64,8192,REQUIRED,AUTHORIZED / NOT STARTED
227,opentitan_hmac_sha256,GENERALIZATION_TRAIN,227,14528,64,14528,29056,128,64,64,8192,REQUIRED,AUTHORIZED / NOT STARTED
228,opentitan_hmac_sha256,GENERALIZATION_TRAIN,228,14592,64,14592,29184,128,64,64,8192,REQUIRED,AUTHORIZED / NOT STARTED
229,opentitan_hmac_sha256,GENERALIZATION_TRAIN,229,14656,64,14656,29312,128,64,64,8192,REQUIRED,AUTHORIZED / NOT STARTED
230,opentitan_hmac_sha256,GENERALIZATION_TRAIN,230,14720,64,14720,29440,128,64,64,8192,REQUIRED,AUTHORIZED / NOT STARTED
231,opentitan_hmac_sha256,GENERALIZATION_TRAIN,231,14784,64,14784,29568,128,64,64,8192,REQUIRED,AUTHORIZED / NOT STARTED
232,opentitan_hmac_sha256,GENERALIZATION_TRAIN,232,14848,64,14848,29696,128,64,64,8192,REQUIRED,AUTHORIZED / NOT STARTED
233,opentitan_hmac_sha256,GENERALIZATION_TRAIN,233,14912,64,14912,29824,128,64,64,8192,REQUIRED,AUTHORIZED / NOT STARTED
234,opentitan_hmac_sha256,GENERALIZATION_TRAIN,234,14976,64,14976,29952,128,64,64,8192,REQUIRED,AUTHORIZED / NOT STARTED
235,opentitan_hmac_sha256,GENERALIZATION_TRAIN,235,15040,64,15040,30080,128,64,64,8192,REQUIRED,AUTHORIZED / NOT STARTED
236,opentitan_hmac_sha256,GENERALIZATION_TRAIN,236,15104,64,15104,30208,128,64,64,8192,REQUIRED,AUTHORIZED / NOT STARTED
237,opentitan_hmac_sha256,GENERALIZATION_TRAIN,237,15168,64,15168,30336,128,64,64,8192,REQUIRED,AUTHORIZED / NOT STARTED
238,opentitan_hmac_sha256,GENERALIZATION_TRAIN,238,15232,64,15232,30464,128,64,64,8192,REQUIRED,AUTHORIZED / NOT STARTED
239,opentitan_hmac_sha256,GENERALIZATION_TRAIN,239,15296,64,15296,30592,128,64,64,8192,REQUIRED,AUTHORIZED / NOT STARTED
240,opentitan_hmac_sha256,GENERALIZATION_TRAIN,240,15360,64,15360,30720,128,64,64,8192,REQUIRED,AUTHORIZED / NOT STARTED
241,opentitan_hmac_sha256,GENERALIZATION_TRAIN,241,15424,64,15424,30848,128,64,64,8192,REQUIRED,AUTHORIZED / NOT STARTED
242,opentitan_hmac_sha256,GENERALIZATION_TRAIN,242,15488,64,15488,30976,128,64,64,8192,REQUIRED,AUTHORIZED / NOT STARTED
243,opentitan_hmac_sha256,GENERALIZATION_TRAIN,243,15552,64,15552,31104,128,64,64,8192,REQUIRED,AUTHORIZED / NOT STARTED
244,opentitan_hmac_sha256,GENERALIZATION_TRAIN,244,15616,64,15616,31232,128,64,64,8192,REQUIRED,AUTHORIZED / NOT STARTED
245,opentitan_hmac_sha256,GENERALIZATION_TRAIN,245,15680,64,15680,31360,128,64,64,8192,REQUIRED,AUTHORIZED / NOT STARTED
246,opentitan_hmac_sha256,GENERALIZATION_TRAIN,246,15744,64,15744,31488,128,64,64,8192,REQUIRED,AUTHORIZED / NOT STARTED
247,opentitan_hmac_sha256,GENERALIZATION_TRAIN,247,15808,64,15808,31616,128,64,64,8192,REQUIRED,AUTHORIZED / NOT STARTED
248,opentitan_hmac_sha256,GENERALIZATION_TRAIN,248,15872,64,15872,31744,128,64,64,8192,REQUIRED,AUTHORIZED / NOT STARTED
249,opentitan_hmac_sha256,GENERALIZATION_TRAIN,249,15936,64,15936,31872,128,64,64,8192,REQUIRED,AUTHORIZED / NOT STARTED
250,opentitan_hmac_sha256,GENERALIZATION_TRAIN,250,16000,64,16000,32000,128,64,64,8192,REQUIRED,AUTHORIZED / NOT STARTED
251,opentitan_hmac_sha256,GENERALIZATION_TRAIN,251,16064,64,16064,32128,128,64,64,8192,REQUIRED,AUTHORIZED / NOT STARTED
252,opentitan_hmac_sha256,GENERALIZATION_TRAIN,252,16128,64,16128,32256,128,64,64,8192,REQUIRED,AUTHORIZED / NOT STARTED
253,opentitan_hmac_sha256,GENERALIZATION_TRAIN,253,16192,64,16192,32384,128,64,64,8192,REQUIRED,AUTHORIZED / NOT STARTED
254,opentitan_hmac_sha256,GENERALIZATION_TRAIN,254,16256,64,16256,32512,128,64,64,8192,REQUIRED,AUTHORIZED / NOT STARTED
255,opentitan_hmac_sha256,GENERALIZATION_TRAIN,255,16320,64,16320,32640,128,64,64,8192,REQUIRED,AUTHORIZED / NOT STARTED
256,opentitan_hmac_sha256,GENERALIZATION_TRAIN,256,16384,64,16384,32768,128,64,64,8192,REQUIRED,AUTHORIZED / NOT STARTED
257,opentitan_hmac_sha256,GENERALIZATION_TRAIN,257,16448,64,16448,32896,128,64,64,8192,REQUIRED,AUTHORIZED / NOT STARTED
258,opentitan_hmac_sha256,GENERALIZATION_TRAIN,258,16512,64,16512,33024,128,64,64,8192,REQUIRED,AUTHORIZED / NOT STARTED
259,opentitan_hmac_sha256,GENERALIZATION_TRAIN,259,16576,64,16576,33152,128,64,64,8192,REQUIRED,AUTHORIZED / NOT STARTED
260,opentitan_hmac_sha256,GENERALIZATION_TRAIN,260,16640,64,16640,33280,128,64,64,8192,REQUIRED,AUTHORIZED / NOT STARTED
261,opentitan_hmac_sha256,GENERALIZATION_TRAIN,261,16704,64,16704,33408,128,64,64,8192,REQUIRED,AUTHORIZED / NOT STARTED
262,opentitan_hmac_sha256,GENERALIZATION_TRAIN,262,16768,64,16768,33536,128,64,64,8192,REQUIRED,AUTHORIZED / NOT STARTED
263,opentitan_hmac_sha256,GENERALIZATION_TRAIN,263,16832,64,16832,33664,128,64,64,8192,REQUIRED,AUTHORIZED / NOT STARTED
264,opentitan_hmac_sha256,GENERALIZATION_TRAIN,264,16896,64,16896,33792,128,64,64,8192,REQUIRED,AUTHORIZED / NOT STARTED
265,opentitan_hmac_sha256,GENERALIZATION_TRAIN,265,16960,64,16960,33920,128,64,64,8192,REQUIRED,AUTHORIZED / NOT STARTED
266,opentitan_hmac_sha256,GENERALIZATION_TRAIN,266,17024,64,17024,34048,128,64,64,8192,REQUIRED,AUTHORIZED / NOT STARTED
267,opentitan_hmac_sha256,GENERALIZATION_TRAIN,267,17088,64,17088,34176,128,64,64,8192,REQUIRED,AUTHORIZED / NOT STARTED
268,opentitan_hmac_sha256,GENERALIZATION_TRAIN,268,17152,64,17152,34304,128,64,64,8192,REQUIRED,AUTHORIZED / NOT STARTED
269,opentitan_hmac_sha256,GENERALIZATION_TRAIN,269,17216,64,17216,34432,128,64,64,8192,REQUIRED,AUTHORIZED / NOT STARTED
270,opentitan_hmac_sha256,GENERALIZATION_TRAIN,270,17280,64,17280,34560,128,64,64,8192,REQUIRED,AUTHORIZED / NOT STARTED
271,opentitan_hmac_sha256,GENERALIZATION_TRAIN,271,17344,64,17344,34688,128,64,64,8192,REQUIRED,AUTHORIZED / NOT STARTED
272,opentitan_hmac_sha256,GENERALIZATION_TRAIN,272,17408,64,17408,34816,128,64,64,8192,REQUIRED,AUTHORIZED / NOT STARTED
273,opentitan_hmac_sha256,GENERALIZATION_TRAIN,273,17472,64,17472,34944,128,64,64,8192,REQUIRED,AUTHORIZED / NOT STARTED
274,opentitan_hmac_sha256,GENERALIZATION_TRAIN,274,17536,64,17536,35072,128,64,64,8192,REQUIRED,AUTHORIZED / NOT STARTED
275,opentitan_hmac_sha256,GENERALIZATION_TRAIN,275,17600,64,17600,35200,128,64,64,8192,REQUIRED,AUTHORIZED / NOT STARTED
276,opentitan_hmac_sha256,GENERALIZATION_TRAIN,276,17664,64,17664,35328,128,64,64,8192,REQUIRED,AUTHORIZED / NOT STARTED
277,opentitan_hmac_sha256,GENERALIZATION_TRAIN,277,17728,64,17728,35456,128,64,64,8192,REQUIRED,AUTHORIZED / NOT STARTED
278,opentitan_hmac_sha256,GENERALIZATION_TRAIN,278,17792,64,17792,35584,128,64,64,8192,REQUIRED,AUTHORIZED / NOT STARTED
279,opentitan_hmac_sha256,GENERALIZATION_TRAIN,279,17856,64,17856,35712,128,64,64,8192,REQUIRED,AUTHORIZED / NOT STARTED
280,opentitan_hmac_sha256,GENERALIZATION_TRAIN,280,17920,64,17920,35840,128,64,64,8192,REQUIRED,AUTHORIZED / NOT STARTED
281,opentitan_hmac_sha256,GENERALIZATION_TRAIN,281,17984,64,17984,35968,128,64,64,8192,REQUIRED,AUTHORIZED / NOT STARTED
282,opentitan_hmac_sha256,GENERALIZATION_TRAIN,282,18048,64,18048,36096,128,64,64,8192,REQUIRED,AUTHORIZED / NOT STARTED
283,opentitan_hmac_sha256,GENERALIZATION_TRAIN,283,18112,64,18112,36224,128,64,64,8192,REQUIRED,AUTHORIZED / NOT STARTED
284,opentitan_hmac_sha256,GENERALIZATION_TRAIN,284,18176,64,18176,36352,128,64,64,8192,REQUIRED,AUTHORIZED / NOT STARTED
285,opentitan_hmac_sha256,GENERALIZATION_TRAIN,285,18240,64,18240,36480,128,64,64,8192,REQUIRED,AUTHORIZED / NOT STARTED
286,opentitan_hmac_sha256,GENERALIZATION_TRAIN,286,18304,64,18304,36608,128,64,64,8192,REQUIRED,AUTHORIZED / NOT STARTED
287,opentitan_hmac_sha256,GENERALIZATION_TRAIN,287,18368,24,18368,36736,48,64,64,3072,REQUIRED,AUTHORIZED / NOT STARTED
288,picorv32_cpu,GENERALIZATION_TRAIN,0,0,64,18392,36784,128,48,48,6144,REQUIRED,AUTHORIZED / NOT STARTED
289,picorv32_cpu,GENERALIZATION_TRAIN,1,64,64,18456,36912,128,48,48,6144,REQUIRED,AUTHORIZED / NOT STARTED
290,picorv32_cpu,GENERALIZATION_TRAIN,2,128,64,18520,37040,128,48,48,6144,REQUIRED,AUTHORIZED / NOT STARTED
291,picorv32_cpu,GENERALIZATION_TRAIN,3,192,64,18584,37168,128,48,48,6144,REQUIRED,AUTHORIZED / NOT STARTED
292,picorv32_cpu,GENERALIZATION_TRAIN,4,256,64,18648,37296,128,48,48,6144,REQUIRED,AUTHORIZED / NOT STARTED
293,picorv32_cpu,GENERALIZATION_TRAIN,5,320,64,18712,37424,128,48,48,6144,REQUIRED,AUTHORIZED / NOT STARTED
294,picorv32_cpu,GENERALIZATION_TRAIN,6,384,64,18776,37552,128,48,48,6144,REQUIRED,AUTHORIZED / NOT STARTED
295,picorv32_cpu,GENERALIZATION_TRAIN,7,448,64,18840,37680,128,48,48,6144,REQUIRED,AUTHORIZED / NOT STARTED
296,picorv32_cpu,GENERALIZATION_TRAIN,8,512,64,18904,37808,128,48,48,6144,REQUIRED,AUTHORIZED / NOT STARTED
297,picorv32_cpu,GENERALIZATION_TRAIN,9,576,64,18968,37936,128,48,48,6144,REQUIRED,AUTHORIZED / NOT STARTED
298,picorv32_cpu,GENERALIZATION_TRAIN,10,640,64,19032,38064,128,48,48,6144,REQUIRED,AUTHORIZED / NOT STARTED
299,picorv32_cpu,GENERALIZATION_TRAIN,11,704,64,19096,38192,128,48,48,6144,REQUIRED,AUTHORIZED / NOT STARTED
300,picorv32_cpu,GENERALIZATION_TRAIN,12,768,64,19160,38320,128,48,48,6144,REQUIRED,AUTHORIZED / NOT STARTED
301,picorv32_cpu,GENERALIZATION_TRAIN,13,832,64,19224,38448,128,48,48,6144,REQUIRED,AUTHORIZED / NOT STARTED
302,picorv32_cpu,GENERALIZATION_TRAIN,14,896,64,19288,38576,128,48,48,6144,REQUIRED,AUTHORIZED / NOT STARTED
303,picorv32_cpu,GENERALIZATION_TRAIN,15,960,64,19352,38704,128,48,48,6144,REQUIRED,AUTHORIZED / NOT STARTED
304,picorv32_cpu,GENERALIZATION_TRAIN,16,1024,64,19416,38832,128,48,48,6144,REQUIRED,AUTHORIZED / NOT STARTED
305,picorv32_cpu,GENERALIZATION_TRAIN,17,1088,64,19480,38960,128,48,48,6144,REQUIRED,AUTHORIZED / NOT STARTED
306,picorv32_cpu,GENERALIZATION_TRAIN,18,1152,64,19544,39088,128,48,48,6144,REQUIRED,AUTHORIZED / NOT STARTED
307,picorv32_cpu,GENERALIZATION_TRAIN,19,1216,64,19608,39216,128,48,48,6144,REQUIRED,AUTHORIZED / NOT STARTED
308,picorv32_cpu,GENERALIZATION_TRAIN,20,1280,64,19672,39344,128,48,48,6144,REQUIRED,AUTHORIZED / NOT STARTED
309,picorv32_cpu,GENERALIZATION_TRAIN,21,1344,64,19736,39472,128,48,48,6144,REQUIRED,AUTHORIZED / NOT STARTED
310,picorv32_cpu,GENERALIZATION_TRAIN,22,1408,64,19800,39600,128,48,48,6144,REQUIRED,AUTHORIZED / NOT STARTED
311,picorv32_cpu,GENERALIZATION_TRAIN,23,1472,64,19864,39728,128,48,48,6144,REQUIRED,AUTHORIZED / NOT STARTED
312,picorv32_cpu,GENERALIZATION_TRAIN,24,1536,64,19928,39856,128,48,48,6144,REQUIRED,AUTHORIZED / NOT STARTED
313,picorv32_cpu,GENERALIZATION_TRAIN,25,1600,64,19992,39984,128,48,48,6144,REQUIRED,AUTHORIZED / NOT STARTED
314,picorv32_cpu,GENERALIZATION_TRAIN,26,1664,64,20056,40112,128,48,48,6144,REQUIRED,AUTHORIZED / NOT STARTED
315,picorv32_cpu,GENERALIZATION_TRAIN,27,1728,64,20120,40240,128,48,48,6144,REQUIRED,AUTHORIZED / NOT STARTED
316,picorv32_cpu,GENERALIZATION_TRAIN,28,1792,64,20184,40368,128,48,48,6144,REQUIRED,AUTHORIZED / NOT STARTED
317,picorv32_cpu,GENERALIZATION_TRAIN,29,1856,64,20248,40496,128,48,48,6144,REQUIRED,AUTHORIZED / NOT STARTED
318,picorv32_cpu,GENERALIZATION_TRAIN,30,1920,64,20312,40624,128,48,48,6144,REQUIRED,AUTHORIZED / NOT STARTED
319,picorv32_cpu,GENERALIZATION_TRAIN,31,1984,64,20376,40752,128,48,48,6144,REQUIRED,AUTHORIZED / NOT STARTED
320,picorv32_cpu,GENERALIZATION_TRAIN,32,2048,64,20440,40880,128,48,48,6144,REQUIRED,AUTHORIZED / NOT STARTED
321,picorv32_cpu,GENERALIZATION_TRAIN,33,2112,64,20504,41008,128,48,48,6144,REQUIRED,AUTHORIZED / NOT STARTED
322,picorv32_cpu,GENERALIZATION_TRAIN,34,2176,64,20568,41136,128,48,48,6144,REQUIRED,AUTHORIZED / NOT STARTED
323,picorv32_cpu,GENERALIZATION_TRAIN,35,2240,64,20632,41264,128,48,48,6144,REQUIRED,AUTHORIZED / NOT STARTED
324,picorv32_cpu,GENERALIZATION_TRAIN,36,2304,64,20696,41392,128,48,48,6144,REQUIRED,AUTHORIZED / NOT STARTED
325,picorv32_cpu,GENERALIZATION_TRAIN,37,2368,64,20760,41520,128,48,48,6144,REQUIRED,AUTHORIZED / NOT STARTED
326,picorv32_cpu,GENERALIZATION_TRAIN,38,2432,64,20824,41648,128,48,48,6144,REQUIRED,AUTHORIZED / NOT STARTED
327,picorv32_cpu,GENERALIZATION_TRAIN,39,2496,64,20888,41776,128,48,48,6144,REQUIRED,AUTHORIZED / NOT STARTED
328,picorv32_cpu,GENERALIZATION_TRAIN,40,2560,64,20952,41904,128,48,48,6144,REQUIRED,AUTHORIZED / NOT STARTED
329,picorv32_cpu,GENERALIZATION_TRAIN,41,2624,64,21016,42032,128,48,48,6144,REQUIRED,AUTHORIZED / NOT STARTED
330,picorv32_cpu,GENERALIZATION_TRAIN,42,2688,64,21080,42160,128,48,48,6144,REQUIRED,AUTHORIZED / NOT STARTED
331,picorv32_cpu,GENERALIZATION_TRAIN,43,2752,64,21144,42288,128,48,48,6144,REQUIRED,AUTHORIZED / NOT STARTED
332,picorv32_cpu,GENERALIZATION_TRAIN,44,2816,64,21208,42416,128,48,48,6144,REQUIRED,AUTHORIZED / NOT STARTED
333,picorv32_cpu,GENERALIZATION_TRAIN,45,2880,64,21272,42544,128,48,48,6144,REQUIRED,AUTHORIZED / NOT STARTED
334,picorv32_cpu,GENERALIZATION_TRAIN,46,2944,64,21336,42672,128,48,48,6144,REQUIRED,AUTHORIZED / NOT STARTED
335,picorv32_cpu,GENERALIZATION_TRAIN,47,3008,64,21400,42800,128,48,48,6144,REQUIRED,AUTHORIZED / NOT STARTED
336,picorv32_cpu,GENERALIZATION_TRAIN,48,3072,64,21464,42928,128,48,48,6144,REQUIRED,AUTHORIZED / NOT STARTED
337,picorv32_cpu,GENERALIZATION_TRAIN,49,3136,64,21528,43056,128,48,48,6144,REQUIRED,AUTHORIZED / NOT STARTED
338,picorv32_cpu,GENERALIZATION_TRAIN,50,3200,64,21592,43184,128,48,48,6144,REQUIRED,AUTHORIZED / NOT STARTED
339,picorv32_cpu,GENERALIZATION_TRAIN,51,3264,64,21656,43312,128,48,48,6144,REQUIRED,AUTHORIZED / NOT STARTED
340,picorv32_cpu,GENERALIZATION_TRAIN,52,3328,64,21720,43440,128,48,48,6144,REQUIRED,AUTHORIZED / NOT STARTED
341,picorv32_cpu,GENERALIZATION_TRAIN,53,3392,64,21784,43568,128,48,48,6144,REQUIRED,AUTHORIZED / NOT STARTED
342,picorv32_cpu,GENERALIZATION_TRAIN,54,3456,64,21848,43696,128,48,48,6144,REQUIRED,AUTHORIZED / NOT STARTED
343,picorv32_cpu,GENERALIZATION_TRAIN,55,3520,64,21912,43824,128,48,48,6144,REQUIRED,AUTHORIZED / NOT STARTED
344,picorv32_cpu,GENERALIZATION_TRAIN,56,3584,64,21976,43952,128,48,48,6144,REQUIRED,AUTHORIZED / NOT STARTED
345,picorv32_cpu,GENERALIZATION_TRAIN,57,3648,64,22040,44080,128,48,48,6144,REQUIRED,AUTHORIZED / NOT STARTED
346,picorv32_cpu,GENERALIZATION_TRAIN,58,3712,64,22104,44208,128,48,48,6144,REQUIRED,AUTHORIZED / NOT STARTED
347,picorv32_cpu,GENERALIZATION_TRAIN,59,3776,64,22168,44336,128,48,48,6144,REQUIRED,AUTHORIZED / NOT STARTED
348,picorv32_cpu,GENERALIZATION_TRAIN,60,3840,64,22232,44464,128,48,48,6144,REQUIRED,AUTHORIZED / NOT STARTED
349,picorv32_cpu,GENERALIZATION_TRAIN,61,3904,64,22296,44592,128,48,48,6144,REQUIRED,AUTHORIZED / NOT STARTED
350,picorv32_cpu,GENERALIZATION_TRAIN,62,3968,64,22360,44720,128,48,48,6144,REQUIRED,AUTHORIZED / NOT STARTED
351,picorv32_cpu,GENERALIZATION_TRAIN,63,4032,64,22424,44848,128,48,48,6144,REQUIRED,AUTHORIZED / NOT STARTED
352,picorv32_cpu,GENERALIZATION_TRAIN,64,4096,64,22488,44976,128,48,48,6144,REQUIRED,AUTHORIZED / NOT STARTED
353,picorv32_cpu,GENERALIZATION_TRAIN,65,4160,64,22552,45104,128,48,48,6144,REQUIRED,AUTHORIZED / NOT STARTED
354,picorv32_cpu,GENERALIZATION_TRAIN,66,4224,64,22616,45232,128,48,48,6144,REQUIRED,AUTHORIZED / NOT STARTED
355,picorv32_cpu,GENERALIZATION_TRAIN,67,4288,64,22680,45360,128,48,48,6144,REQUIRED,AUTHORIZED / NOT STARTED
356,picorv32_cpu,GENERALIZATION_TRAIN,68,4352,64,22744,45488,128,48,48,6144,REQUIRED,AUTHORIZED / NOT STARTED
357,picorv32_cpu,GENERALIZATION_TRAIN,69,4416,64,22808,45616,128,48,48,6144,REQUIRED,AUTHORIZED / NOT STARTED
358,picorv32_cpu,GENERALIZATION_TRAIN,70,4480,64,22872,45744,128,48,48,6144,REQUIRED,AUTHORIZED / NOT STARTED
359,picorv32_cpu,GENERALIZATION_TRAIN,71,4544,64,22936,45872,128,48,48,6144,REQUIRED,AUTHORIZED / NOT STARTED
360,picorv32_cpu,GENERALIZATION_TRAIN,72,4608,64,23000,46000,128,48,48,6144,REQUIRED,AUTHORIZED / NOT STARTED
361,picorv32_cpu,GENERALIZATION_TRAIN,73,4672,64,23064,46128,128,48,48,6144,REQUIRED,AUTHORIZED / NOT STARTED
362,picorv32_cpu,GENERALIZATION_TRAIN,74,4736,64,23128,46256,128,48,48,6144,REQUIRED,AUTHORIZED / NOT STARTED
363,picorv32_cpu,GENERALIZATION_TRAIN,75,4800,64,23192,46384,128,48,48,6144,REQUIRED,AUTHORIZED / NOT STARTED
364,picorv32_cpu,GENERALIZATION_TRAIN,76,4864,64,23256,46512,128,48,48,6144,REQUIRED,AUTHORIZED / NOT STARTED
365,picorv32_cpu,GENERALIZATION_TRAIN,77,4928,64,23320,46640,128,48,48,6144,REQUIRED,AUTHORIZED / NOT STARTED
366,picorv32_cpu,GENERALIZATION_TRAIN,78,4992,64,23384,46768,128,48,48,6144,REQUIRED,AUTHORIZED / NOT STARTED
367,picorv32_cpu,GENERALIZATION_TRAIN,79,5056,64,23448,46896,128,48,48,6144,REQUIRED,AUTHORIZED / NOT STARTED
368,picorv32_cpu,GENERALIZATION_TRAIN,80,5120,64,23512,47024,128,48,48,6144,REQUIRED,AUTHORIZED / NOT STARTED
369,picorv32_cpu,GENERALIZATION_TRAIN,81,5184,64,23576,47152,128,48,48,6144,REQUIRED,AUTHORIZED / NOT STARTED
370,picorv32_cpu,GENERALIZATION_TRAIN,82,5248,64,23640,47280,128,48,48,6144,REQUIRED,AUTHORIZED / NOT STARTED
371,picorv32_cpu,GENERALIZATION_TRAIN,83,5312,64,23704,47408,128,48,48,6144,REQUIRED,AUTHORIZED / NOT STARTED
372,picorv32_cpu,GENERALIZATION_TRAIN,84,5376,64,23768,47536,128,48,48,6144,REQUIRED,AUTHORIZED / NOT STARTED
373,picorv32_cpu,GENERALIZATION_TRAIN,85,5440,64,23832,47664,128,48,48,6144,REQUIRED,AUTHORIZED / NOT STARTED
374,picorv32_cpu,GENERALIZATION_TRAIN,86,5504,64,23896,47792,128,48,48,6144,REQUIRED,AUTHORIZED / NOT STARTED
375,picorv32_cpu,GENERALIZATION_TRAIN,87,5568,64,23960,47920,128,48,48,6144,REQUIRED,AUTHORIZED / NOT STARTED
376,picorv32_cpu,GENERALIZATION_TRAIN,88,5632,64,24024,48048,128,48,48,6144,REQUIRED,AUTHORIZED / NOT STARTED
377,picorv32_cpu,GENERALIZATION_TRAIN,89,5696,64,24088,48176,128,48,48,6144,REQUIRED,AUTHORIZED / NOT STARTED
378,picorv32_cpu,GENERALIZATION_TRAIN,90,5760,64,24152,48304,128,48,48,6144,REQUIRED,AUTHORIZED / NOT STARTED
379,picorv32_cpu,GENERALIZATION_TRAIN,91,5824,64,24216,48432,128,48,48,6144,REQUIRED,AUTHORIZED / NOT STARTED
380,picorv32_cpu,GENERALIZATION_TRAIN,92,5888,64,24280,48560,128,48,48,6144,REQUIRED,AUTHORIZED / NOT STARTED
381,picorv32_cpu,GENERALIZATION_TRAIN,93,5952,64,24344,48688,128,48,48,6144,REQUIRED,AUTHORIZED / NOT STARTED
382,picorv32_cpu,GENERALIZATION_TRAIN,94,6016,64,24408,48816,128,48,48,6144,REQUIRED,AUTHORIZED / NOT STARTED
383,picorv32_cpu,GENERALIZATION_TRAIN,95,6080,64,24472,48944,128,48,48,6144,REQUIRED,AUTHORIZED / NOT STARTED
384,picorv32_cpu,GENERALIZATION_TRAIN,96,6144,64,24536,49072,128,48,48,6144,REQUIRED,AUTHORIZED / NOT STARTED
385,picorv32_cpu,GENERALIZATION_TRAIN,97,6208,64,24600,49200,128,48,48,6144,REQUIRED,AUTHORIZED / NOT STARTED
386,picorv32_cpu,GENERALIZATION_TRAIN,98,6272,64,24664,49328,128,48,48,6144,REQUIRED,AUTHORIZED / NOT STARTED
387,picorv32_cpu,GENERALIZATION_TRAIN,99,6336,64,24728,49456,128,48,48,6144,REQUIRED,AUTHORIZED / NOT STARTED
388,picorv32_cpu,GENERALIZATION_TRAIN,100,6400,64,24792,49584,128,48,48,6144,REQUIRED,AUTHORIZED / NOT STARTED
389,picorv32_cpu,GENERALIZATION_TRAIN,101,6464,64,24856,49712,128,48,48,6144,REQUIRED,AUTHORIZED / NOT STARTED
390,picorv32_cpu,GENERALIZATION_TRAIN,102,6528,64,24920,49840,128,48,48,6144,REQUIRED,AUTHORIZED / NOT STARTED
391,picorv32_cpu,GENERALIZATION_TRAIN,103,6592,64,24984,49968,128,48,48,6144,REQUIRED,AUTHORIZED / NOT STARTED
392,picorv32_cpu,GENERALIZATION_TRAIN,104,6656,64,25048,50096,128,48,48,6144,REQUIRED,AUTHORIZED / NOT STARTED
393,picorv32_cpu,GENERALIZATION_TRAIN,105,6720,64,25112,50224,128,48,48,6144,REQUIRED,AUTHORIZED / NOT STARTED
394,picorv32_cpu,GENERALIZATION_TRAIN,106,6784,64,25176,50352,128,48,48,6144,REQUIRED,AUTHORIZED / NOT STARTED
395,picorv32_cpu,GENERALIZATION_TRAIN,107,6848,64,25240,50480,128,48,48,6144,REQUIRED,AUTHORIZED / NOT STARTED
396,picorv32_cpu,GENERALIZATION_TRAIN,108,6912,64,25304,50608,128,48,48,6144,REQUIRED,AUTHORIZED / NOT STARTED
397,picorv32_cpu,GENERALIZATION_TRAIN,109,6976,64,25368,50736,128,48,48,6144,REQUIRED,AUTHORIZED / NOT STARTED
398,picorv32_cpu,GENERALIZATION_TRAIN,110,7040,64,25432,50864,128,48,48,6144,REQUIRED,AUTHORIZED / NOT STARTED
399,picorv32_cpu,GENERALIZATION_TRAIN,111,7104,64,25496,50992,128,48,48,6144,REQUIRED,AUTHORIZED / NOT STARTED
400,picorv32_cpu,GENERALIZATION_TRAIN,112,7168,64,25560,51120,128,48,48,6144,REQUIRED,AUTHORIZED / NOT STARTED
401,picorv32_cpu,GENERALIZATION_TRAIN,113,7232,64,25624,51248,128,48,48,6144,REQUIRED,AUTHORIZED / NOT STARTED
402,picorv32_cpu,GENERALIZATION_TRAIN,114,7296,64,25688,51376,128,48,48,6144,REQUIRED,AUTHORIZED / NOT STARTED
403,picorv32_cpu,GENERALIZATION_TRAIN,115,7360,64,25752,51504,128,48,48,6144,REQUIRED,AUTHORIZED / NOT STARTED
404,picorv32_cpu,GENERALIZATION_TRAIN,116,7424,64,25816,51632,128,48,48,6144,REQUIRED,AUTHORIZED / NOT STARTED
405,picorv32_cpu,GENERALIZATION_TRAIN,117,7488,64,25880,51760,128,48,48,6144,REQUIRED,AUTHORIZED / NOT STARTED
406,picorv32_cpu,GENERALIZATION_TRAIN,118,7552,64,25944,51888,128,48,48,6144,REQUIRED,AUTHORIZED / NOT STARTED
407,picorv32_cpu,GENERALIZATION_TRAIN,119,7616,64,26008,52016,128,48,48,6144,REQUIRED,AUTHORIZED / NOT STARTED
408,picorv32_cpu,GENERALIZATION_TRAIN,120,7680,64,26072,52144,128,48,48,6144,REQUIRED,AUTHORIZED / NOT STARTED
409,picorv32_cpu,GENERALIZATION_TRAIN,121,7744,64,26136,52272,128,48,48,6144,REQUIRED,AUTHORIZED / NOT STARTED
410,picorv32_cpu,GENERALIZATION_TRAIN,122,7808,64,26200,52400,128,48,48,6144,REQUIRED,AUTHORIZED / NOT STARTED
411,picorv32_cpu,GENERALIZATION_TRAIN,123,7872,64,26264,52528,128,48,48,6144,REQUIRED,AUTHORIZED / NOT STARTED
412,picorv32_cpu,GENERALIZATION_TRAIN,124,7936,64,26328,52656,128,48,48,6144,REQUIRED,AUTHORIZED / NOT STARTED
413,picorv32_cpu,GENERALIZATION_TRAIN,125,8000,64,26392,52784,128,48,48,6144,REQUIRED,AUTHORIZED / NOT STARTED
414,picorv32_cpu,GENERALIZATION_TRAIN,126,8064,64,26456,52912,128,48,48,6144,REQUIRED,AUTHORIZED / NOT STARTED
415,picorv32_cpu,GENERALIZATION_TRAIN,127,8128,64,26520,53040,128,48,48,6144,REQUIRED,AUTHORIZED / NOT STARTED
416,picorv32_cpu,GENERALIZATION_TRAIN,128,8192,64,26584,53168,128,48,48,6144,REQUIRED,AUTHORIZED / NOT STARTED
417,picorv32_cpu,GENERALIZATION_TRAIN,129,8256,64,26648,53296,128,48,48,6144,REQUIRED,AUTHORIZED / NOT STARTED
418,picorv32_cpu,GENERALIZATION_TRAIN,130,8320,64,26712,53424,128,48,48,6144,REQUIRED,AUTHORIZED / NOT STARTED
419,picorv32_cpu,GENERALIZATION_TRAIN,131,8384,64,26776,53552,128,48,48,6144,REQUIRED,AUTHORIZED / NOT STARTED
420,picorv32_cpu,GENERALIZATION_TRAIN,132,8448,64,26840,53680,128,48,48,6144,REQUIRED,AUTHORIZED / NOT STARTED
421,picorv32_cpu,GENERALIZATION_TRAIN,133,8512,64,26904,53808,128,48,48,6144,REQUIRED,AUTHORIZED / NOT STARTED
422,picorv32_cpu,GENERALIZATION_TRAIN,134,8576,64,26968,53936,128,48,48,6144,REQUIRED,AUTHORIZED / NOT STARTED
423,picorv32_cpu,GENERALIZATION_TRAIN,135,8640,64,27032,54064,128,48,48,6144,REQUIRED,AUTHORIZED / NOT STARTED
424,picorv32_cpu,GENERALIZATION_TRAIN,136,8704,64,27096,54192,128,48,48,6144,REQUIRED,AUTHORIZED / NOT STARTED
425,picorv32_cpu,GENERALIZATION_TRAIN,137,8768,64,27160,54320,128,48,48,6144,REQUIRED,AUTHORIZED / NOT STARTED
426,picorv32_cpu,GENERALIZATION_TRAIN,138,8832,64,27224,54448,128,48,48,6144,REQUIRED,AUTHORIZED / NOT STARTED
427,picorv32_cpu,GENERALIZATION_TRAIN,139,8896,64,27288,54576,128,48,48,6144,REQUIRED,AUTHORIZED / NOT STARTED
428,picorv32_cpu,GENERALIZATION_TRAIN,140,8960,64,27352,54704,128,48,48,6144,REQUIRED,AUTHORIZED / NOT STARTED
429,picorv32_cpu,GENERALIZATION_TRAIN,141,9024,64,27416,54832,128,48,48,6144,REQUIRED,AUTHORIZED / NOT STARTED
430,picorv32_cpu,GENERALIZATION_TRAIN,142,9088,64,27480,54960,128,48,48,6144,REQUIRED,AUTHORIZED / NOT STARTED
431,picorv32_cpu,GENERALIZATION_TRAIN,143,9152,64,27544,55088,128,48,48,6144,REQUIRED,AUTHORIZED / NOT STARTED
432,picorv32_cpu,GENERALIZATION_TRAIN,144,9216,64,27608,55216,128,48,48,6144,REQUIRED,AUTHORIZED / NOT STARTED
433,picorv32_cpu,GENERALIZATION_TRAIN,145,9280,64,27672,55344,128,48,48,6144,REQUIRED,AUTHORIZED / NOT STARTED
434,picorv32_cpu,GENERALIZATION_TRAIN,146,9344,64,27736,55472,128,48,48,6144,REQUIRED,AUTHORIZED / NOT STARTED
435,picorv32_cpu,GENERALIZATION_TRAIN,147,9408,64,27800,55600,128,48,48,6144,REQUIRED,AUTHORIZED / NOT STARTED
436,picorv32_cpu,GENERALIZATION_TRAIN,148,9472,64,27864,55728,128,48,48,6144,REQUIRED,AUTHORIZED / NOT STARTED
437,picorv32_cpu,GENERALIZATION_TRAIN,149,9536,64,27928,55856,128,48,48,6144,REQUIRED,AUTHORIZED / NOT STARTED
438,picorv32_cpu,GENERALIZATION_TRAIN,150,9600,64,27992,55984,128,48,48,6144,REQUIRED,AUTHORIZED / NOT STARTED
439,picorv32_cpu,GENERALIZATION_TRAIN,151,9664,1,28056,56112,2,48,48,96,REQUIRED,AUTHORIZED / NOT STARTED
440,secworks_aes,GENERALIZATION_TRAIN,0,0,64,28057,56114,128,64,64,8192,REQUIRED,AUTHORIZED / NOT STARTED
441,secworks_aes,GENERALIZATION_TRAIN,1,64,64,28121,56242,128,64,64,8192,REQUIRED,AUTHORIZED / NOT STARTED
442,secworks_aes,GENERALIZATION_TRAIN,2,128,64,28185,56370,128,64,64,8192,REQUIRED,AUTHORIZED / NOT STARTED
443,secworks_aes,GENERALIZATION_TRAIN,3,192,64,28249,56498,128,64,64,8192,REQUIRED,AUTHORIZED / NOT STARTED
444,secworks_aes,GENERALIZATION_TRAIN,4,256,64,28313,56626,128,64,64,8192,REQUIRED,AUTHORIZED / NOT STARTED
445,secworks_aes,GENERALIZATION_TRAIN,5,320,64,28377,56754,128,64,64,8192,REQUIRED,AUTHORIZED / NOT STARTED
446,secworks_aes,GENERALIZATION_TRAIN,6,384,64,28441,56882,128,64,64,8192,REQUIRED,AUTHORIZED / NOT STARTED
447,secworks_aes,GENERALIZATION_TRAIN,7,448,64,28505,57010,128,64,64,8192,REQUIRED,AUTHORIZED / NOT STARTED
448,secworks_aes,GENERALIZATION_TRAIN,8,512,64,28569,57138,128,64,64,8192,REQUIRED,AUTHORIZED / NOT STARTED
449,secworks_aes,GENERALIZATION_TRAIN,9,576,64,28633,57266,128,64,64,8192,REQUIRED,AUTHORIZED / NOT STARTED
450,secworks_aes,GENERALIZATION_TRAIN,10,640,64,28697,57394,128,64,64,8192,REQUIRED,AUTHORIZED / NOT STARTED
451,secworks_aes,GENERALIZATION_TRAIN,11,704,64,28761,57522,128,64,64,8192,REQUIRED,AUTHORIZED / NOT STARTED
452,secworks_aes,GENERALIZATION_TRAIN,12,768,64,28825,57650,128,64,64,8192,REQUIRED,AUTHORIZED / NOT STARTED
453,secworks_aes,GENERALIZATION_TRAIN,13,832,64,28889,57778,128,64,64,8192,REQUIRED,AUTHORIZED / NOT STARTED
454,secworks_aes,GENERALIZATION_TRAIN,14,896,64,28953,57906,128,64,64,8192,REQUIRED,AUTHORIZED / NOT STARTED
455,secworks_aes,GENERALIZATION_TRAIN,15,960,64,29017,58034,128,64,64,8192,REQUIRED,AUTHORIZED / NOT STARTED
456,secworks_aes,GENERALIZATION_TRAIN,16,1024,64,29081,58162,128,64,64,8192,REQUIRED,AUTHORIZED / NOT STARTED
457,secworks_aes,GENERALIZATION_TRAIN,17,1088,64,29145,58290,128,64,64,8192,REQUIRED,AUTHORIZED / NOT STARTED
458,secworks_aes,GENERALIZATION_TRAIN,18,1152,64,29209,58418,128,64,64,8192,REQUIRED,AUTHORIZED / NOT STARTED
459,secworks_aes,GENERALIZATION_TRAIN,19,1216,64,29273,58546,128,64,64,8192,REQUIRED,AUTHORIZED / NOT STARTED
460,secworks_aes,GENERALIZATION_TRAIN,20,1280,64,29337,58674,128,64,64,8192,REQUIRED,AUTHORIZED / NOT STARTED
461,secworks_aes,GENERALIZATION_TRAIN,21,1344,64,29401,58802,128,64,64,8192,REQUIRED,AUTHORIZED / NOT STARTED
462,secworks_aes,GENERALIZATION_TRAIN,22,1408,64,29465,58930,128,64,64,8192,REQUIRED,AUTHORIZED / NOT STARTED
463,secworks_aes,GENERALIZATION_TRAIN,23,1472,64,29529,59058,128,64,64,8192,REQUIRED,AUTHORIZED / NOT STARTED
464,secworks_aes,GENERALIZATION_TRAIN,24,1536,64,29593,59186,128,64,64,8192,REQUIRED,AUTHORIZED / NOT STARTED
465,secworks_aes,GENERALIZATION_TRAIN,25,1600,64,29657,59314,128,64,64,8192,REQUIRED,AUTHORIZED / NOT STARTED
466,secworks_aes,GENERALIZATION_TRAIN,26,1664,64,29721,59442,128,64,64,8192,REQUIRED,AUTHORIZED / NOT STARTED
467,secworks_aes,GENERALIZATION_TRAIN,27,1728,64,29785,59570,128,64,64,8192,REQUIRED,AUTHORIZED / NOT STARTED
468,secworks_aes,GENERALIZATION_TRAIN,28,1792,64,29849,59698,128,64,64,8192,REQUIRED,AUTHORIZED / NOT STARTED
469,secworks_aes,GENERALIZATION_TRAIN,29,1856,64,29913,59826,128,64,64,8192,REQUIRED,AUTHORIZED / NOT STARTED
470,secworks_aes,GENERALIZATION_TRAIN,30,1920,64,29977,59954,128,64,64,8192,REQUIRED,AUTHORIZED / NOT STARTED
471,secworks_aes,GENERALIZATION_TRAIN,31,1984,64,30041,60082,128,64,64,8192,REQUIRED,AUTHORIZED / NOT STARTED
472,secworks_aes,GENERALIZATION_TRAIN,32,2048,64,30105,60210,128,64,64,8192,REQUIRED,AUTHORIZED / NOT STARTED
473,secworks_aes,GENERALIZATION_TRAIN,33,2112,64,30169,60338,128,64,64,8192,REQUIRED,AUTHORIZED / NOT STARTED
474,secworks_aes,GENERALIZATION_TRAIN,34,2176,64,30233,60466,128,64,64,8192,REQUIRED,AUTHORIZED / NOT STARTED
475,secworks_aes,GENERALIZATION_TRAIN,35,2240,64,30297,60594,128,64,64,8192,REQUIRED,AUTHORIZED / NOT STARTED
476,secworks_aes,GENERALIZATION_TRAIN,36,2304,64,30361,60722,128,64,64,8192,REQUIRED,AUTHORIZED / NOT STARTED
477,secworks_aes,GENERALIZATION_TRAIN,37,2368,64,30425,60850,128,64,64,8192,REQUIRED,AUTHORIZED / NOT STARTED
478,secworks_aes,GENERALIZATION_TRAIN,38,2432,64,30489,60978,128,64,64,8192,REQUIRED,AUTHORIZED / NOT STARTED
479,secworks_aes,GENERALIZATION_TRAIN,39,2496,64,30553,61106,128,64,64,8192,REQUIRED,AUTHORIZED / NOT STARTED
480,secworks_aes,GENERALIZATION_TRAIN,40,2560,64,30617,61234,128,64,64,8192,REQUIRED,AUTHORIZED / NOT STARTED
481,secworks_aes,GENERALIZATION_TRAIN,41,2624,64,30681,61362,128,64,64,8192,REQUIRED,AUTHORIZED / NOT STARTED
482,secworks_aes,GENERALIZATION_TRAIN,42,2688,64,30745,61490,128,64,64,8192,REQUIRED,AUTHORIZED / NOT STARTED
483,secworks_aes,GENERALIZATION_TRAIN,43,2752,64,30809,61618,128,64,64,8192,REQUIRED,AUTHORIZED / NOT STARTED
484,secworks_aes,GENERALIZATION_TRAIN,44,2816,64,30873,61746,128,64,64,8192,REQUIRED,AUTHORIZED / NOT STARTED
485,secworks_aes,GENERALIZATION_TRAIN,45,2880,64,30937,61874,128,64,64,8192,REQUIRED,AUTHORIZED / NOT STARTED
486,secworks_aes,GENERALIZATION_TRAIN,46,2944,64,31001,62002,128,64,64,8192,REQUIRED,AUTHORIZED / NOT STARTED
487,secworks_aes,GENERALIZATION_TRAIN,47,3008,64,31065,62130,128,64,64,8192,REQUIRED,AUTHORIZED / NOT STARTED
488,secworks_aes,GENERALIZATION_TRAIN,48,3072,64,31129,62258,128,64,64,8192,REQUIRED,AUTHORIZED / NOT STARTED
489,secworks_aes,GENERALIZATION_TRAIN,49,3136,64,31193,62386,128,64,64,8192,REQUIRED,AUTHORIZED / NOT STARTED
490,secworks_aes,GENERALIZATION_TRAIN,50,3200,64,31257,62514,128,64,64,8192,REQUIRED,AUTHORIZED / NOT STARTED
491,secworks_aes,GENERALIZATION_TRAIN,51,3264,64,31321,62642,128,64,64,8192,REQUIRED,AUTHORIZED / NOT STARTED
492,secworks_aes,GENERALIZATION_TRAIN,52,3328,64,31385,62770,128,64,64,8192,REQUIRED,AUTHORIZED / NOT STARTED
493,secworks_aes,GENERALIZATION_TRAIN,53,3392,64,31449,62898,128,64,64,8192,REQUIRED,AUTHORIZED / NOT STARTED
494,secworks_aes,GENERALIZATION_TRAIN,54,3456,64,31513,63026,128,64,64,8192,REQUIRED,AUTHORIZED / NOT STARTED
495,secworks_aes,GENERALIZATION_TRAIN,55,3520,64,31577,63154,128,64,64,8192,REQUIRED,AUTHORIZED / NOT STARTED
496,secworks_aes,GENERALIZATION_TRAIN,56,3584,64,31641,63282,128,64,64,8192,REQUIRED,AUTHORIZED / NOT STARTED
497,secworks_aes,GENERALIZATION_TRAIN,57,3648,64,31705,63410,128,64,64,8192,REQUIRED,AUTHORIZED / NOT STARTED
498,secworks_aes,GENERALIZATION_TRAIN,58,3712,64,31769,63538,128,64,64,8192,REQUIRED,AUTHORIZED / NOT STARTED
499,secworks_aes,GENERALIZATION_TRAIN,59,3776,64,31833,63666,128,64,64,8192,REQUIRED,AUTHORIZED / NOT STARTED
500,secworks_aes,GENERALIZATION_TRAIN,60,3840,64,31897,63794,128,64,64,8192,REQUIRED,AUTHORIZED / NOT STARTED
501,secworks_aes,GENERALIZATION_TRAIN,61,3904,64,31961,63922,128,64,64,8192,REQUIRED,AUTHORIZED / NOT STARTED
502,secworks_aes,GENERALIZATION_TRAIN,62,3968,64,32025,64050,128,64,64,8192,REQUIRED,AUTHORIZED / NOT STARTED
503,secworks_aes,GENERALIZATION_TRAIN,63,4032,64,32089,64178,128,64,64,8192,REQUIRED,AUTHORIZED / NOT STARTED
504,secworks_aes,GENERALIZATION_TRAIN,64,4096,64,32153,64306,128,64,64,8192,REQUIRED,AUTHORIZED / NOT STARTED
505,secworks_aes,GENERALIZATION_TRAIN,65,4160,64,32217,64434,128,64,64,8192,REQUIRED,AUTHORIZED / NOT STARTED
506,secworks_aes,GENERALIZATION_TRAIN,66,4224,64,32281,64562,128,64,64,8192,REQUIRED,AUTHORIZED / NOT STARTED
507,secworks_aes,GENERALIZATION_TRAIN,67,4288,64,32345,64690,128,64,64,8192,REQUIRED,AUTHORIZED / NOT STARTED
508,secworks_aes,GENERALIZATION_TRAIN,68,4352,64,32409,64818,128,64,64,8192,REQUIRED,AUTHORIZED / NOT STARTED
509,secworks_aes,GENERALIZATION_TRAIN,69,4416,64,32473,64946,128,64,64,8192,REQUIRED,AUTHORIZED / NOT STARTED
510,secworks_aes,GENERALIZATION_TRAIN,70,4480,64,32537,65074,128,64,64,8192,REQUIRED,AUTHORIZED / NOT STARTED
511,secworks_aes,GENERALIZATION_TRAIN,71,4544,64,32601,65202,128,64,64,8192,REQUIRED,AUTHORIZED / NOT STARTED
512,secworks_aes,GENERALIZATION_TRAIN,72,4608,64,32665,65330,128,64,64,8192,REQUIRED,AUTHORIZED / NOT STARTED
513,secworks_aes,GENERALIZATION_TRAIN,73,4672,64,32729,65458,128,64,64,8192,REQUIRED,AUTHORIZED / NOT STARTED
514,secworks_aes,GENERALIZATION_TRAIN,74,4736,64,32793,65586,128,64,64,8192,REQUIRED,AUTHORIZED / NOT STARTED
515,secworks_aes,GENERALIZATION_TRAIN,75,4800,64,32857,65714,128,64,64,8192,REQUIRED,AUTHORIZED / NOT STARTED
516,secworks_aes,GENERALIZATION_TRAIN,76,4864,64,32921,65842,128,64,64,8192,REQUIRED,AUTHORIZED / NOT STARTED
517,secworks_aes,GENERALIZATION_TRAIN,77,4928,64,32985,65970,128,64,64,8192,REQUIRED,AUTHORIZED / NOT STARTED
518,secworks_aes,GENERALIZATION_TRAIN,78,4992,64,33049,66098,128,64,64,8192,REQUIRED,AUTHORIZED / NOT STARTED
519,secworks_aes,GENERALIZATION_TRAIN,79,5056,64,33113,66226,128,64,64,8192,REQUIRED,AUTHORIZED / NOT STARTED
520,secworks_aes,GENERALIZATION_TRAIN,80,5120,64,33177,66354,128,64,64,8192,REQUIRED,AUTHORIZED / NOT STARTED
521,secworks_aes,GENERALIZATION_TRAIN,81,5184,64,33241,66482,128,64,64,8192,REQUIRED,AUTHORIZED / NOT STARTED
522,secworks_aes,GENERALIZATION_TRAIN,82,5248,64,33305,66610,128,64,64,8192,REQUIRED,AUTHORIZED / NOT STARTED
523,secworks_aes,GENERALIZATION_TRAIN,83,5312,64,33369,66738,128,64,64,8192,REQUIRED,AUTHORIZED / NOT STARTED
524,secworks_aes,GENERALIZATION_TRAIN,84,5376,64,33433,66866,128,64,64,8192,REQUIRED,AUTHORIZED / NOT STARTED
525,secworks_aes,GENERALIZATION_TRAIN,85,5440,64,33497,66994,128,64,64,8192,REQUIRED,AUTHORIZED / NOT STARTED
526,secworks_aes,GENERALIZATION_TRAIN,86,5504,64,33561,67122,128,64,64,8192,REQUIRED,AUTHORIZED / NOT STARTED
527,secworks_aes,GENERALIZATION_TRAIN,87,5568,64,33625,67250,128,64,64,8192,REQUIRED,AUTHORIZED / NOT STARTED
528,secworks_aes,GENERALIZATION_TRAIN,88,5632,64,33689,67378,128,64,64,8192,REQUIRED,AUTHORIZED / NOT STARTED
529,secworks_aes,GENERALIZATION_TRAIN,89,5696,64,33753,67506,128,64,64,8192,REQUIRED,AUTHORIZED / NOT STARTED
530,secworks_aes,GENERALIZATION_TRAIN,90,5760,64,33817,67634,128,64,64,8192,REQUIRED,AUTHORIZED / NOT STARTED
531,secworks_aes,GENERALIZATION_TRAIN,91,5824,64,33881,67762,128,64,64,8192,REQUIRED,AUTHORIZED / NOT STARTED
532,secworks_aes,GENERALIZATION_TRAIN,92,5888,64,33945,67890,128,64,64,8192,REQUIRED,AUTHORIZED / NOT STARTED
533,secworks_aes,GENERALIZATION_TRAIN,93,5952,64,34009,68018,128,64,64,8192,REQUIRED,AUTHORIZED / NOT STARTED
534,secworks_aes,GENERALIZATION_TRAIN,94,6016,64,34073,68146,128,64,64,8192,REQUIRED,AUTHORIZED / NOT STARTED
535,secworks_aes,GENERALIZATION_TRAIN,95,6080,64,34137,68274,128,64,64,8192,REQUIRED,AUTHORIZED / NOT STARTED
536,secworks_aes,GENERALIZATION_TRAIN,96,6144,64,34201,68402,128,64,64,8192,REQUIRED,AUTHORIZED / NOT STARTED
537,secworks_aes,GENERALIZATION_TRAIN,97,6208,64,34265,68530,128,64,64,8192,REQUIRED,AUTHORIZED / NOT STARTED
538,secworks_aes,GENERALIZATION_TRAIN,98,6272,64,34329,68658,128,64,64,8192,REQUIRED,AUTHORIZED / NOT STARTED
539,secworks_aes,GENERALIZATION_TRAIN,99,6336,64,34393,68786,128,64,64,8192,REQUIRED,AUTHORIZED / NOT STARTED
540,secworks_aes,GENERALIZATION_TRAIN,100,6400,64,34457,68914,128,64,64,8192,REQUIRED,AUTHORIZED / NOT STARTED
541,secworks_aes,GENERALIZATION_TRAIN,101,6464,64,34521,69042,128,64,64,8192,REQUIRED,AUTHORIZED / NOT STARTED
542,secworks_aes,GENERALIZATION_TRAIN,102,6528,64,34585,69170,128,64,64,8192,REQUIRED,AUTHORIZED / NOT STARTED
543,secworks_aes,GENERALIZATION_TRAIN,103,6592,64,34649,69298,128,64,64,8192,REQUIRED,AUTHORIZED / NOT STARTED
544,secworks_aes,GENERALIZATION_TRAIN,104,6656,64,34713,69426,128,64,64,8192,REQUIRED,AUTHORIZED / NOT STARTED
545,secworks_aes,GENERALIZATION_TRAIN,105,6720,64,34777,69554,128,64,64,8192,REQUIRED,AUTHORIZED / NOT STARTED
546,secworks_aes,GENERALIZATION_TRAIN,106,6784,64,34841,69682,128,64,64,8192,REQUIRED,AUTHORIZED / NOT STARTED
547,secworks_aes,GENERALIZATION_TRAIN,107,6848,64,34905,69810,128,64,64,8192,REQUIRED,AUTHORIZED / NOT STARTED
548,secworks_aes,GENERALIZATION_TRAIN,108,6912,64,34969,69938,128,64,64,8192,REQUIRED,AUTHORIZED / NOT STARTED
549,secworks_aes,GENERALIZATION_TRAIN,109,6976,64,35033,70066,128,64,64,8192,REQUIRED,AUTHORIZED / NOT STARTED
550,secworks_aes,GENERALIZATION_TRAIN,110,7040,64,35097,70194,128,64,64,8192,REQUIRED,AUTHORIZED / NOT STARTED
551,secworks_aes,GENERALIZATION_TRAIN,111,7104,64,35161,70322,128,64,64,8192,REQUIRED,AUTHORIZED / NOT STARTED
552,secworks_aes,GENERALIZATION_TRAIN,112,7168,64,35225,70450,128,64,64,8192,REQUIRED,AUTHORIZED / NOT STARTED
553,secworks_aes,GENERALIZATION_TRAIN,113,7232,64,35289,70578,128,64,64,8192,REQUIRED,AUTHORIZED / NOT STARTED
554,secworks_aes,GENERALIZATION_TRAIN,114,7296,64,35353,70706,128,64,64,8192,REQUIRED,AUTHORIZED / NOT STARTED
555,secworks_aes,GENERALIZATION_TRAIN,115,7360,64,35417,70834,128,64,64,8192,REQUIRED,AUTHORIZED / NOT STARTED
556,secworks_aes,GENERALIZATION_TRAIN,116,7424,64,35481,70962,128,64,64,8192,REQUIRED,AUTHORIZED / NOT STARTED
557,secworks_aes,GENERALIZATION_TRAIN,117,7488,64,35545,71090,128,64,64,8192,REQUIRED,AUTHORIZED / NOT STARTED
558,secworks_aes,GENERALIZATION_TRAIN,118,7552,64,35609,71218,128,64,64,8192,REQUIRED,AUTHORIZED / NOT STARTED
559,secworks_aes,GENERALIZATION_TRAIN,119,7616,64,35673,71346,128,64,64,8192,REQUIRED,AUTHORIZED / NOT STARTED
560,secworks_aes,GENERALIZATION_TRAIN,120,7680,64,35737,71474,128,64,64,8192,REQUIRED,AUTHORIZED / NOT STARTED
561,secworks_aes,GENERALIZATION_TRAIN,121,7744,64,35801,71602,128,64,64,8192,REQUIRED,AUTHORIZED / NOT STARTED
562,secworks_aes,GENERALIZATION_TRAIN,122,7808,64,35865,71730,128,64,64,8192,REQUIRED,AUTHORIZED / NOT STARTED
563,secworks_aes,GENERALIZATION_TRAIN,123,7872,64,35929,71858,128,64,64,8192,REQUIRED,AUTHORIZED / NOT STARTED
564,secworks_aes,GENERALIZATION_TRAIN,124,7936,64,35993,71986,128,64,64,8192,REQUIRED,AUTHORIZED / NOT STARTED
565,secworks_aes,GENERALIZATION_TRAIN,125,8000,64,36057,72114,128,64,64,8192,REQUIRED,AUTHORIZED / NOT STARTED
566,secworks_aes,GENERALIZATION_TRAIN,126,8064,64,36121,72242,128,64,64,8192,REQUIRED,AUTHORIZED / NOT STARTED
567,secworks_aes,GENERALIZATION_TRAIN,127,8128,64,36185,72370,128,64,64,8192,REQUIRED,AUTHORIZED / NOT STARTED
568,secworks_aes,GENERALIZATION_TRAIN,128,8192,64,36249,72498,128,64,64,8192,REQUIRED,AUTHORIZED / NOT STARTED
569,secworks_aes,GENERALIZATION_TRAIN,129,8256,64,36313,72626,128,64,64,8192,REQUIRED,AUTHORIZED / NOT STARTED
570,secworks_aes,GENERALIZATION_TRAIN,130,8320,64,36377,72754,128,64,64,8192,REQUIRED,AUTHORIZED / NOT STARTED
571,secworks_aes,GENERALIZATION_TRAIN,131,8384,64,36441,72882,128,64,64,8192,REQUIRED,AUTHORIZED / NOT STARTED
572,secworks_aes,GENERALIZATION_TRAIN,132,8448,64,36505,73010,128,64,64,8192,REQUIRED,AUTHORIZED / NOT STARTED
573,secworks_aes,GENERALIZATION_TRAIN,133,8512,64,36569,73138,128,64,64,8192,REQUIRED,AUTHORIZED / NOT STARTED
574,secworks_aes,GENERALIZATION_TRAIN,134,8576,64,36633,73266,128,64,64,8192,REQUIRED,AUTHORIZED / NOT STARTED
575,secworks_aes,GENERALIZATION_TRAIN,135,8640,64,36697,73394,128,64,64,8192,REQUIRED,AUTHORIZED / NOT STARTED
576,secworks_aes,GENERALIZATION_TRAIN,136,8704,64,36761,73522,128,64,64,8192,REQUIRED,AUTHORIZED / NOT STARTED
577,secworks_aes,GENERALIZATION_TRAIN,137,8768,64,36825,73650,128,64,64,8192,REQUIRED,AUTHORIZED / NOT STARTED
578,secworks_aes,GENERALIZATION_TRAIN,138,8832,64,36889,73778,128,64,64,8192,REQUIRED,AUTHORIZED / NOT STARTED
579,secworks_aes,GENERALIZATION_TRAIN,139,8896,64,36953,73906,128,64,64,8192,REQUIRED,AUTHORIZED / NOT STARTED
580,secworks_aes,GENERALIZATION_TRAIN,140,8960,64,37017,74034,128,64,64,8192,REQUIRED,AUTHORIZED / NOT STARTED
581,secworks_aes,GENERALIZATION_TRAIN,141,9024,64,37081,74162,128,64,64,8192,REQUIRED,AUTHORIZED / NOT STARTED
582,secworks_aes,GENERALIZATION_TRAIN,142,9088,64,37145,74290,128,64,64,8192,REQUIRED,AUTHORIZED / NOT STARTED
583,secworks_aes,GENERALIZATION_TRAIN,143,9152,64,37209,74418,128,64,64,8192,REQUIRED,AUTHORIZED / NOT STARTED
584,secworks_aes,GENERALIZATION_TRAIN,144,9216,64,37273,74546,128,64,64,8192,REQUIRED,AUTHORIZED / NOT STARTED
585,secworks_aes,GENERALIZATION_TRAIN,145,9280,64,37337,74674,128,64,64,8192,REQUIRED,AUTHORIZED / NOT STARTED
586,secworks_aes,GENERALIZATION_TRAIN,146,9344,64,37401,74802,128,64,64,8192,REQUIRED,AUTHORIZED / NOT STARTED
587,secworks_aes,GENERALIZATION_TRAIN,147,9408,64,37465,74930,128,64,64,8192,REQUIRED,AUTHORIZED / NOT STARTED
588,secworks_aes,GENERALIZATION_TRAIN,148,9472,64,37529,75058,128,64,64,8192,REQUIRED,AUTHORIZED / NOT STARTED
589,secworks_aes,GENERALIZATION_TRAIN,149,9536,64,37593,75186,128,64,64,8192,REQUIRED,AUTHORIZED / NOT STARTED
590,secworks_aes,GENERALIZATION_TRAIN,150,9600,64,37657,75314,128,64,64,8192,REQUIRED,AUTHORIZED / NOT STARTED
591,secworks_aes,GENERALIZATION_TRAIN,151,9664,64,37721,75442,128,64,64,8192,REQUIRED,AUTHORIZED / NOT STARTED
592,secworks_aes,GENERALIZATION_TRAIN,152,9728,64,37785,75570,128,64,64,8192,REQUIRED,AUTHORIZED / NOT STARTED
593,secworks_aes,GENERALIZATION_TRAIN,153,9792,64,37849,75698,128,64,64,8192,REQUIRED,AUTHORIZED / NOT STARTED
594,secworks_aes,GENERALIZATION_TRAIN,154,9856,64,37913,75826,128,64,64,8192,REQUIRED,AUTHORIZED / NOT STARTED
595,secworks_aes,GENERALIZATION_TRAIN,155,9920,64,37977,75954,128,64,64,8192,REQUIRED,AUTHORIZED / NOT STARTED
596,secworks_aes,GENERALIZATION_TRAIN,156,9984,64,38041,76082,128,64,64,8192,REQUIRED,AUTHORIZED / NOT STARTED
597,secworks_aes,GENERALIZATION_TRAIN,157,10048,64,38105,76210,128,64,64,8192,REQUIRED,AUTHORIZED / NOT STARTED
598,secworks_aes,GENERALIZATION_TRAIN,158,10112,64,38169,76338,128,64,64,8192,REQUIRED,AUTHORIZED / NOT STARTED
599,secworks_aes,GENERALIZATION_TRAIN,159,10176,64,38233,76466,128,64,64,8192,REQUIRED,AUTHORIZED / NOT STARTED
600,secworks_aes,GENERALIZATION_TRAIN,160,10240,64,38297,76594,128,64,64,8192,REQUIRED,AUTHORIZED / NOT STARTED
601,secworks_aes,GENERALIZATION_TRAIN,161,10304,64,38361,76722,128,64,64,8192,REQUIRED,AUTHORIZED / NOT STARTED
602,secworks_aes,GENERALIZATION_TRAIN,162,10368,64,38425,76850,128,64,64,8192,REQUIRED,AUTHORIZED / NOT STARTED
603,secworks_aes,GENERALIZATION_TRAIN,163,10432,64,38489,76978,128,64,64,8192,REQUIRED,AUTHORIZED / NOT STARTED
604,secworks_aes,GENERALIZATION_TRAIN,164,10496,64,38553,77106,128,64,64,8192,REQUIRED,AUTHORIZED / NOT STARTED
605,secworks_aes,GENERALIZATION_TRAIN,165,10560,64,38617,77234,128,64,64,8192,REQUIRED,AUTHORIZED / NOT STARTED
606,secworks_aes,GENERALIZATION_TRAIN,166,10624,64,38681,77362,128,64,64,8192,REQUIRED,AUTHORIZED / NOT STARTED
607,secworks_aes,GENERALIZATION_TRAIN,167,10688,64,38745,77490,128,64,64,8192,REQUIRED,AUTHORIZED / NOT STARTED
608,secworks_aes,GENERALIZATION_TRAIN,168,10752,64,38809,77618,128,64,64,8192,REQUIRED,AUTHORIZED / NOT STARTED
609,secworks_aes,GENERALIZATION_TRAIN,169,10816,64,38873,77746,128,64,64,8192,REQUIRED,AUTHORIZED / NOT STARTED
610,secworks_aes,GENERALIZATION_TRAIN,170,10880,64,38937,77874,128,64,64,8192,REQUIRED,AUTHORIZED / NOT STARTED
611,secworks_aes,GENERALIZATION_TRAIN,171,10944,64,39001,78002,128,64,64,8192,REQUIRED,AUTHORIZED / NOT STARTED
612,secworks_aes,GENERALIZATION_TRAIN,172,11008,64,39065,78130,128,64,64,8192,REQUIRED,AUTHORIZED / NOT STARTED
613,secworks_aes,GENERALIZATION_TRAIN,173,11072,64,39129,78258,128,64,64,8192,REQUIRED,AUTHORIZED / NOT STARTED
614,secworks_aes,GENERALIZATION_TRAIN,174,11136,64,39193,78386,128,64,64,8192,REQUIRED,AUTHORIZED / NOT STARTED
615,secworks_aes,GENERALIZATION_TRAIN,175,11200,64,39257,78514,128,64,64,8192,REQUIRED,AUTHORIZED / NOT STARTED
616,secworks_aes,GENERALIZATION_TRAIN,176,11264,64,39321,78642,128,64,64,8192,REQUIRED,AUTHORIZED / NOT STARTED
617,secworks_aes,GENERALIZATION_TRAIN,177,11328,64,39385,78770,128,64,64,8192,REQUIRED,AUTHORIZED / NOT STARTED
618,secworks_aes,GENERALIZATION_TRAIN,178,11392,64,39449,78898,128,64,64,8192,REQUIRED,AUTHORIZED / NOT STARTED
619,secworks_aes,GENERALIZATION_TRAIN,179,11456,64,39513,79026,128,64,64,8192,REQUIRED,AUTHORIZED / NOT STARTED
620,secworks_aes,GENERALIZATION_TRAIN,180,11520,64,39577,79154,128,64,64,8192,REQUIRED,AUTHORIZED / NOT STARTED
621,secworks_aes,GENERALIZATION_TRAIN,181,11584,64,39641,79282,128,64,64,8192,REQUIRED,AUTHORIZED / NOT STARTED
622,secworks_aes,GENERALIZATION_TRAIN,182,11648,64,39705,79410,128,64,64,8192,REQUIRED,AUTHORIZED / NOT STARTED
623,secworks_aes,GENERALIZATION_TRAIN,183,11712,64,39769,79538,128,64,64,8192,REQUIRED,AUTHORIZED / NOT STARTED
624,secworks_aes,GENERALIZATION_TRAIN,184,11776,64,39833,79666,128,64,64,8192,REQUIRED,AUTHORIZED / NOT STARTED
625,secworks_aes,GENERALIZATION_TRAIN,185,11840,64,39897,79794,128,64,64,8192,REQUIRED,AUTHORIZED / NOT STARTED
626,secworks_aes,GENERALIZATION_TRAIN,186,11904,64,39961,79922,128,64,64,8192,REQUIRED,AUTHORIZED / NOT STARTED
627,secworks_aes,GENERALIZATION_TRAIN,187,11968,64,40025,80050,128,64,64,8192,REQUIRED,AUTHORIZED / NOT STARTED
628,secworks_aes,GENERALIZATION_TRAIN,188,12032,64,40089,80178,128,64,64,8192,REQUIRED,AUTHORIZED / NOT STARTED
629,secworks_aes,GENERALIZATION_TRAIN,189,12096,64,40153,80306,128,64,64,8192,REQUIRED,AUTHORIZED / NOT STARTED
630,secworks_aes,GENERALIZATION_TRAIN,190,12160,64,40217,80434,128,64,64,8192,REQUIRED,AUTHORIZED / NOT STARTED
631,secworks_aes,GENERALIZATION_TRAIN,191,12224,64,40281,80562,128,64,64,8192,REQUIRED,AUTHORIZED / NOT STARTED
632,secworks_aes,GENERALIZATION_TRAIN,192,12288,64,40345,80690,128,64,64,8192,REQUIRED,AUTHORIZED / NOT STARTED
633,secworks_aes,GENERALIZATION_TRAIN,193,12352,64,40409,80818,128,64,64,8192,REQUIRED,AUTHORIZED / NOT STARTED
634,secworks_aes,GENERALIZATION_TRAIN,194,12416,64,40473,80946,128,64,64,8192,REQUIRED,AUTHORIZED / NOT STARTED
635,secworks_aes,GENERALIZATION_TRAIN,195,12480,64,40537,81074,128,64,64,8192,REQUIRED,AUTHORIZED / NOT STARTED
636,secworks_aes,GENERALIZATION_TRAIN,196,12544,64,40601,81202,128,64,64,8192,REQUIRED,AUTHORIZED / NOT STARTED
637,secworks_aes,GENERALIZATION_TRAIN,197,12608,64,40665,81330,128,64,64,8192,REQUIRED,AUTHORIZED / NOT STARTED
638,secworks_aes,GENERALIZATION_TRAIN,198,12672,64,40729,81458,128,64,64,8192,REQUIRED,AUTHORIZED / NOT STARTED
639,secworks_aes,GENERALIZATION_TRAIN,199,12736,64,40793,81586,128,64,64,8192,REQUIRED,AUTHORIZED / NOT STARTED
640,secworks_aes,GENERALIZATION_TRAIN,200,12800,64,40857,81714,128,64,64,8192,REQUIRED,AUTHORIZED / NOT STARTED
641,secworks_aes,GENERALIZATION_TRAIN,201,12864,64,40921,81842,128,64,64,8192,REQUIRED,AUTHORIZED / NOT STARTED
642,secworks_aes,GENERALIZATION_TRAIN,202,12928,64,40985,81970,128,64,64,8192,REQUIRED,AUTHORIZED / NOT STARTED
643,secworks_aes,GENERALIZATION_TRAIN,203,12992,64,41049,82098,128,64,64,8192,REQUIRED,AUTHORIZED / NOT STARTED
644,secworks_aes,GENERALIZATION_TRAIN,204,13056,64,41113,82226,128,64,64,8192,REQUIRED,AUTHORIZED / NOT STARTED
645,secworks_aes,GENERALIZATION_TRAIN,205,13120,64,41177,82354,128,64,64,8192,REQUIRED,AUTHORIZED / NOT STARTED
646,secworks_aes,GENERALIZATION_TRAIN,206,13184,64,41241,82482,128,64,64,8192,REQUIRED,AUTHORIZED / NOT STARTED
647,secworks_aes,GENERALIZATION_TRAIN,207,13248,64,41305,82610,128,64,64,8192,REQUIRED,AUTHORIZED / NOT STARTED
648,secworks_aes,GENERALIZATION_TRAIN,208,13312,64,41369,82738,128,64,64,8192,REQUIRED,AUTHORIZED / NOT STARTED
649,secworks_aes,GENERALIZATION_TRAIN,209,13376,64,41433,82866,128,64,64,8192,REQUIRED,AUTHORIZED / NOT STARTED
650,secworks_aes,GENERALIZATION_TRAIN,210,13440,64,41497,82994,128,64,64,8192,REQUIRED,AUTHORIZED / NOT STARTED
651,secworks_aes,GENERALIZATION_TRAIN,211,13504,64,41561,83122,128,64,64,8192,REQUIRED,AUTHORIZED / NOT STARTED
652,secworks_aes,GENERALIZATION_TRAIN,212,13568,64,41625,83250,128,64,64,8192,REQUIRED,AUTHORIZED / NOT STARTED
653,secworks_aes,GENERALIZATION_TRAIN,213,13632,64,41689,83378,128,64,64,8192,REQUIRED,AUTHORIZED / NOT STARTED
654,secworks_aes,GENERALIZATION_TRAIN,214,13696,64,41753,83506,128,64,64,8192,REQUIRED,AUTHORIZED / NOT STARTED
655,secworks_aes,GENERALIZATION_TRAIN,215,13760,64,41817,83634,128,64,64,8192,REQUIRED,AUTHORIZED / NOT STARTED
656,secworks_aes,GENERALIZATION_TRAIN,216,13824,64,41881,83762,128,64,64,8192,REQUIRED,AUTHORIZED / NOT STARTED
657,secworks_aes,GENERALIZATION_TRAIN,217,13888,64,41945,83890,128,64,64,8192,REQUIRED,AUTHORIZED / NOT STARTED
658,secworks_aes,GENERALIZATION_TRAIN,218,13952,64,42009,84018,128,64,64,8192,REQUIRED,AUTHORIZED / NOT STARTED
659,secworks_aes,GENERALIZATION_TRAIN,219,14016,64,42073,84146,128,64,64,8192,REQUIRED,AUTHORIZED / NOT STARTED
660,secworks_aes,GENERALIZATION_TRAIN,220,14080,64,42137,84274,128,64,64,8192,REQUIRED,AUTHORIZED / NOT STARTED
661,secworks_aes,GENERALIZATION_TRAIN,221,14144,64,42201,84402,128,64,64,8192,REQUIRED,AUTHORIZED / NOT STARTED
662,secworks_aes,GENERALIZATION_TRAIN,222,14208,64,42265,84530,128,64,64,8192,REQUIRED,AUTHORIZED / NOT STARTED
663,secworks_aes,GENERALIZATION_TRAIN,223,14272,64,42329,84658,128,64,64,8192,REQUIRED,AUTHORIZED / NOT STARTED
664,secworks_aes,GENERALIZATION_TRAIN,224,14336,64,42393,84786,128,64,64,8192,REQUIRED,AUTHORIZED / NOT STARTED
665,secworks_aes,GENERALIZATION_TRAIN,225,14400,64,42457,84914,128,64,64,8192,REQUIRED,AUTHORIZED / NOT STARTED
666,secworks_aes,GENERALIZATION_TRAIN,226,14464,64,42521,85042,128,64,64,8192,REQUIRED,AUTHORIZED / NOT STARTED
667,secworks_aes,GENERALIZATION_TRAIN,227,14528,64,42585,85170,128,64,64,8192,REQUIRED,AUTHORIZED / NOT STARTED
668,secworks_aes,GENERALIZATION_TRAIN,228,14592,64,42649,85298,128,64,64,8192,REQUIRED,AUTHORIZED / NOT STARTED
669,secworks_aes,GENERALIZATION_TRAIN,229,14656,64,42713,85426,128,64,64,8192,REQUIRED,AUTHORIZED / NOT STARTED
670,secworks_aes,GENERALIZATION_TRAIN,230,14720,64,42777,85554,128,64,64,8192,REQUIRED,AUTHORIZED / NOT STARTED
671,secworks_aes,GENERALIZATION_TRAIN,231,14784,64,42841,85682,128,64,64,8192,REQUIRED,AUTHORIZED / NOT STARTED
672,secworks_aes,GENERALIZATION_TRAIN,232,14848,64,42905,85810,128,64,64,8192,REQUIRED,AUTHORIZED / NOT STARTED
673,secworks_aes,GENERALIZATION_TRAIN,233,14912,64,42969,85938,128,64,64,8192,REQUIRED,AUTHORIZED / NOT STARTED
674,secworks_aes,GENERALIZATION_TRAIN,234,14976,64,43033,86066,128,64,64,8192,REQUIRED,AUTHORIZED / NOT STARTED
675,secworks_aes,GENERALIZATION_TRAIN,235,15040,64,43097,86194,128,64,64,8192,REQUIRED,AUTHORIZED / NOT STARTED
676,secworks_aes,GENERALIZATION_TRAIN,236,15104,64,43161,86322,128,64,64,8192,REQUIRED,AUTHORIZED / NOT STARTED
677,secworks_aes,GENERALIZATION_TRAIN,237,15168,64,43225,86450,128,64,64,8192,REQUIRED,AUTHORIZED / NOT STARTED
678,secworks_aes,GENERALIZATION_TRAIN,238,15232,64,43289,86578,128,64,64,8192,REQUIRED,AUTHORIZED / NOT STARTED
679,secworks_aes,GENERALIZATION_TRAIN,239,15296,64,43353,86706,128,64,64,8192,REQUIRED,AUTHORIZED / NOT STARTED
680,secworks_aes,GENERALIZATION_TRAIN,240,15360,64,43417,86834,128,64,64,8192,REQUIRED,AUTHORIZED / NOT STARTED
681,secworks_aes,GENERALIZATION_TRAIN,241,15424,64,43481,86962,128,64,64,8192,REQUIRED,AUTHORIZED / NOT STARTED
682,secworks_aes,GENERALIZATION_TRAIN,242,15488,64,43545,87090,128,64,64,8192,REQUIRED,AUTHORIZED / NOT STARTED
683,secworks_aes,GENERALIZATION_TRAIN,243,15552,64,43609,87218,128,64,64,8192,REQUIRED,AUTHORIZED / NOT STARTED
684,secworks_aes,GENERALIZATION_TRAIN,244,15616,64,43673,87346,128,64,64,8192,REQUIRED,AUTHORIZED / NOT STARTED
685,secworks_aes,GENERALIZATION_TRAIN,245,15680,64,43737,87474,128,64,64,8192,REQUIRED,AUTHORIZED / NOT STARTED
686,secworks_aes,GENERALIZATION_TRAIN,246,15744,64,43801,87602,128,64,64,8192,REQUIRED,AUTHORIZED / NOT STARTED
687,secworks_aes,GENERALIZATION_TRAIN,247,15808,64,43865,87730,128,64,64,8192,REQUIRED,AUTHORIZED / NOT STARTED
688,secworks_aes,GENERALIZATION_TRAIN,248,15872,64,43929,87858,128,64,64,8192,REQUIRED,AUTHORIZED / NOT STARTED
689,secworks_aes,GENERALIZATION_TRAIN,249,15936,64,43993,87986,128,64,64,8192,REQUIRED,AUTHORIZED / NOT STARTED
690,secworks_aes,GENERALIZATION_TRAIN,250,16000,64,44057,88114,128,64,64,8192,REQUIRED,AUTHORIZED / NOT STARTED
691,secworks_aes,GENERALIZATION_TRAIN,251,16064,64,44121,88242,128,64,64,8192,REQUIRED,AUTHORIZED / NOT STARTED
692,secworks_aes,GENERALIZATION_TRAIN,252,16128,64,44185,88370,128,64,64,8192,REQUIRED,AUTHORIZED / NOT STARTED
693,secworks_aes,GENERALIZATION_TRAIN,253,16192,64,44249,88498,128,64,64,8192,REQUIRED,AUTHORIZED / NOT STARTED
694,secworks_aes,GENERALIZATION_TRAIN,254,16256,64,44313,88626,128,64,64,8192,REQUIRED,AUTHORIZED / NOT STARTED
695,secworks_aes,GENERALIZATION_TRAIN,255,16320,64,44377,88754,128,64,64,8192,REQUIRED,AUTHORIZED / NOT STARTED
696,secworks_aes,GENERALIZATION_TRAIN,256,16384,64,44441,88882,128,64,64,8192,REQUIRED,AUTHORIZED / NOT STARTED
697,secworks_aes,GENERALIZATION_TRAIN,257,16448,64,44505,89010,128,64,64,8192,REQUIRED,AUTHORIZED / NOT STARTED
698,secworks_aes,GENERALIZATION_TRAIN,258,16512,64,44569,89138,128,64,64,8192,REQUIRED,AUTHORIZED / NOT STARTED
699,secworks_aes,GENERALIZATION_TRAIN,259,16576,64,44633,89266,128,64,64,8192,REQUIRED,AUTHORIZED / NOT STARTED
700,secworks_aes,GENERALIZATION_TRAIN,260,16640,64,44697,89394,128,64,64,8192,REQUIRED,AUTHORIZED / NOT STARTED
701,secworks_aes,GENERALIZATION_TRAIN,261,16704,64,44761,89522,128,64,64,8192,REQUIRED,AUTHORIZED / NOT STARTED
702,secworks_aes,GENERALIZATION_TRAIN,262,16768,64,44825,89650,128,64,64,8192,REQUIRED,AUTHORIZED / NOT STARTED
703,secworks_aes,GENERALIZATION_TRAIN,263,16832,64,44889,89778,128,64,64,8192,REQUIRED,AUTHORIZED / NOT STARTED
704,secworks_aes,GENERALIZATION_TRAIN,264,16896,64,44953,89906,128,64,64,8192,REQUIRED,AUTHORIZED / NOT STARTED
705,secworks_aes,GENERALIZATION_TRAIN,265,16960,64,45017,90034,128,64,64,8192,REQUIRED,AUTHORIZED / NOT STARTED
706,secworks_aes,GENERALIZATION_TRAIN,266,17024,64,45081,90162,128,64,64,8192,REQUIRED,AUTHORIZED / NOT STARTED
707,secworks_aes,GENERALIZATION_TRAIN,267,17088,64,45145,90290,128,64,64,8192,REQUIRED,AUTHORIZED / NOT STARTED
708,secworks_aes,GENERALIZATION_TRAIN,268,17152,64,45209,90418,128,64,64,8192,REQUIRED,AUTHORIZED / NOT STARTED
709,secworks_aes,GENERALIZATION_TRAIN,269,17216,64,45273,90546,128,64,64,8192,REQUIRED,AUTHORIZED / NOT STARTED
710,secworks_aes,GENERALIZATION_TRAIN,270,17280,64,45337,90674,128,64,64,8192,REQUIRED,AUTHORIZED / NOT STARTED
711,secworks_aes,GENERALIZATION_TRAIN,271,17344,64,45401,90802,128,64,64,8192,REQUIRED,AUTHORIZED / NOT STARTED
712,secworks_aes,GENERALIZATION_TRAIN,272,17408,64,45465,90930,128,64,64,8192,REQUIRED,AUTHORIZED / NOT STARTED
713,secworks_aes,GENERALIZATION_TRAIN,273,17472,64,45529,91058,128,64,64,8192,REQUIRED,AUTHORIZED / NOT STARTED
714,secworks_aes,GENERALIZATION_TRAIN,274,17536,64,45593,91186,128,64,64,8192,REQUIRED,AUTHORIZED / NOT STARTED
715,secworks_aes,GENERALIZATION_TRAIN,275,17600,64,45657,91314,128,64,64,8192,REQUIRED,AUTHORIZED / NOT STARTED
716,secworks_aes,GENERALIZATION_TRAIN,276,17664,64,45721,91442,128,64,64,8192,REQUIRED,AUTHORIZED / NOT STARTED
717,secworks_aes,GENERALIZATION_TRAIN,277,17728,64,45785,91570,128,64,64,8192,REQUIRED,AUTHORIZED / NOT STARTED
718,secworks_aes,GENERALIZATION_TRAIN,278,17792,64,45849,91698,128,64,64,8192,REQUIRED,AUTHORIZED / NOT STARTED
719,secworks_aes,GENERALIZATION_TRAIN,279,17856,64,45913,91826,128,64,64,8192,REQUIRED,AUTHORIZED / NOT STARTED
720,secworks_aes,GENERALIZATION_TRAIN,280,17920,64,45977,91954,128,64,64,8192,REQUIRED,AUTHORIZED / NOT STARTED
721,secworks_aes,GENERALIZATION_TRAIN,281,17984,64,46041,92082,128,64,64,8192,REQUIRED,AUTHORIZED / NOT STARTED
722,secworks_aes,GENERALIZATION_TRAIN,282,18048,64,46105,92210,128,64,64,8192,REQUIRED,AUTHORIZED / NOT STARTED
723,secworks_aes,GENERALIZATION_TRAIN,283,18112,64,46169,92338,128,64,64,8192,REQUIRED,AUTHORIZED / NOT STARTED
724,secworks_aes,GENERALIZATION_TRAIN,284,18176,64,46233,92466,128,64,64,8192,REQUIRED,AUTHORIZED / NOT STARTED
725,secworks_aes,GENERALIZATION_TRAIN,285,18240,64,46297,92594,128,64,64,8192,REQUIRED,AUTHORIZED / NOT STARTED
726,secworks_aes,GENERALIZATION_TRAIN,286,18304,64,46361,92722,128,64,64,8192,REQUIRED,AUTHORIZED / NOT STARTED
727,secworks_aes,GENERALIZATION_TRAIN,287,18368,64,46425,92850,128,64,64,8192,REQUIRED,AUTHORIZED / NOT STARTED
728,secworks_aes,GENERALIZATION_TRAIN,288,18432,64,46489,92978,128,64,64,8192,REQUIRED,AUTHORIZED / NOT STARTED
729,secworks_aes,GENERALIZATION_TRAIN,289,18496,64,46553,93106,128,64,64,8192,REQUIRED,AUTHORIZED / NOT STARTED
730,secworks_aes,GENERALIZATION_TRAIN,290,18560,64,46617,93234,128,64,64,8192,REQUIRED,AUTHORIZED / NOT STARTED
731,secworks_aes,GENERALIZATION_TRAIN,291,18624,64,46681,93362,128,64,64,8192,REQUIRED,AUTHORIZED / NOT STARTED
732,secworks_aes,GENERALIZATION_TRAIN,292,18688,64,46745,93490,128,64,64,8192,REQUIRED,AUTHORIZED / NOT STARTED
733,secworks_aes,GENERALIZATION_TRAIN,293,18752,64,46809,93618,128,64,64,8192,REQUIRED,AUTHORIZED / NOT STARTED
734,secworks_aes,GENERALIZATION_TRAIN,294,18816,64,46873,93746,128,64,64,8192,REQUIRED,AUTHORIZED / NOT STARTED
735,secworks_aes,GENERALIZATION_TRAIN,295,18880,64,46937,93874,128,64,64,8192,REQUIRED,AUTHORIZED / NOT STARTED
736,secworks_aes,GENERALIZATION_TRAIN,296,18944,64,47001,94002,128,64,64,8192,REQUIRED,AUTHORIZED / NOT STARTED
737,secworks_aes,GENERALIZATION_TRAIN,297,19008,64,47065,94130,128,64,64,8192,REQUIRED,AUTHORIZED / NOT STARTED
738,secworks_aes,GENERALIZATION_TRAIN,298,19072,64,47129,94258,128,64,64,8192,REQUIRED,AUTHORIZED / NOT STARTED
739,secworks_aes,GENERALIZATION_TRAIN,299,19136,64,47193,94386,128,64,64,8192,REQUIRED,AUTHORIZED / NOT STARTED
740,secworks_aes,GENERALIZATION_TRAIN,300,19200,64,47257,94514,128,64,64,8192,REQUIRED,AUTHORIZED / NOT STARTED
741,secworks_aes,GENERALIZATION_TRAIN,301,19264,64,47321,94642,128,64,64,8192,REQUIRED,AUTHORIZED / NOT STARTED
742,secworks_aes,GENERALIZATION_TRAIN,302,19328,64,47385,94770,128,64,64,8192,REQUIRED,AUTHORIZED / NOT STARTED
743,secworks_aes,GENERALIZATION_TRAIN,303,19392,64,47449,94898,128,64,64,8192,REQUIRED,AUTHORIZED / NOT STARTED
744,secworks_aes,GENERALIZATION_TRAIN,304,19456,64,47513,95026,128,64,64,8192,REQUIRED,AUTHORIZED / NOT STARTED
745,secworks_aes,GENERALIZATION_TRAIN,305,19520,64,47577,95154,128,64,64,8192,REQUIRED,AUTHORIZED / NOT STARTED
746,secworks_aes,GENERALIZATION_TRAIN,306,19584,64,47641,95282,128,64,64,8192,REQUIRED,AUTHORIZED / NOT STARTED
747,secworks_aes,GENERALIZATION_TRAIN,307,19648,64,47705,95410,128,64,64,8192,REQUIRED,AUTHORIZED / NOT STARTED
748,secworks_aes,GENERALIZATION_TRAIN,308,19712,64,47769,95538,128,64,64,8192,REQUIRED,AUTHORIZED / NOT STARTED
749,secworks_aes,GENERALIZATION_TRAIN,309,19776,64,47833,95666,128,64,64,8192,REQUIRED,AUTHORIZED / NOT STARTED
750,secworks_aes,GENERALIZATION_TRAIN,310,19840,64,47897,95794,128,64,64,8192,REQUIRED,AUTHORIZED / NOT STARTED
751,secworks_aes,GENERALIZATION_TRAIN,311,19904,64,47961,95922,128,64,64,8192,REQUIRED,AUTHORIZED / NOT STARTED
752,secworks_aes,GENERALIZATION_TRAIN,312,19968,64,48025,96050,128,64,64,8192,REQUIRED,AUTHORIZED / NOT STARTED
753,secworks_aes,GENERALIZATION_TRAIN,313,20032,64,48089,96178,128,64,64,8192,REQUIRED,AUTHORIZED / NOT STARTED
754,secworks_aes,GENERALIZATION_TRAIN,314,20096,64,48153,96306,128,64,64,8192,REQUIRED,AUTHORIZED / NOT STARTED
755,secworks_aes,GENERALIZATION_TRAIN,315,20160,64,48217,96434,128,64,64,8192,REQUIRED,AUTHORIZED / NOT STARTED
756,secworks_aes,GENERALIZATION_TRAIN,316,20224,64,48281,96562,128,64,64,8192,REQUIRED,AUTHORIZED / NOT STARTED
757,secworks_aes,GENERALIZATION_TRAIN,317,20288,64,48345,96690,128,64,64,8192,REQUIRED,AUTHORIZED / NOT STARTED
758,secworks_aes,GENERALIZATION_TRAIN,318,20352,64,48409,96818,128,64,64,8192,REQUIRED,AUTHORIZED / NOT STARTED
759,secworks_aes,GENERALIZATION_TRAIN,319,20416,64,48473,96946,128,64,64,8192,REQUIRED,AUTHORIZED / NOT STARTED
760,secworks_aes,GENERALIZATION_TRAIN,320,20480,64,48537,97074,128,64,64,8192,REQUIRED,AUTHORIZED / NOT STARTED
761,secworks_aes,GENERALIZATION_TRAIN,321,20544,64,48601,97202,128,64,64,8192,REQUIRED,AUTHORIZED / NOT STARTED
762,secworks_aes,GENERALIZATION_TRAIN,322,20608,64,48665,97330,128,64,64,8192,REQUIRED,AUTHORIZED / NOT STARTED
763,secworks_aes,GENERALIZATION_TRAIN,323,20672,64,48729,97458,128,64,64,8192,REQUIRED,AUTHORIZED / NOT STARTED
764,secworks_aes,GENERALIZATION_TRAIN,324,20736,64,48793,97586,128,64,64,8192,REQUIRED,AUTHORIZED / NOT STARTED
765,secworks_aes,GENERALIZATION_TRAIN,325,20800,64,48857,97714,128,64,64,8192,REQUIRED,AUTHORIZED / NOT STARTED
766,secworks_aes,GENERALIZATION_TRAIN,326,20864,64,48921,97842,128,64,64,8192,REQUIRED,AUTHORIZED / NOT STARTED
767,secworks_aes,GENERALIZATION_TRAIN,327,20928,64,48985,97970,128,64,64,8192,REQUIRED,AUTHORIZED / NOT STARTED
768,secworks_aes,GENERALIZATION_TRAIN,328,20992,64,49049,98098,128,64,64,8192,REQUIRED,AUTHORIZED / NOT STARTED
769,secworks_aes,GENERALIZATION_TRAIN,329,21056,64,49113,98226,128,64,64,8192,REQUIRED,AUTHORIZED / NOT STARTED
770,secworks_aes,GENERALIZATION_TRAIN,330,21120,64,49177,98354,128,64,64,8192,REQUIRED,AUTHORIZED / NOT STARTED
771,secworks_aes,GENERALIZATION_TRAIN,331,21184,64,49241,98482,128,64,64,8192,REQUIRED,AUTHORIZED / NOT STARTED
772,secworks_aes,GENERALIZATION_TRAIN,332,21248,64,49305,98610,128,64,64,8192,REQUIRED,AUTHORIZED / NOT STARTED
773,secworks_aes,GENERALIZATION_TRAIN,333,21312,64,49369,98738,128,64,64,8192,REQUIRED,AUTHORIZED / NOT STARTED
774,secworks_aes,GENERALIZATION_TRAIN,334,21376,64,49433,98866,128,64,64,8192,REQUIRED,AUTHORIZED / NOT STARTED
775,secworks_aes,GENERALIZATION_TRAIN,335,21440,64,49497,98994,128,64,64,8192,REQUIRED,AUTHORIZED / NOT STARTED
776,secworks_aes,GENERALIZATION_TRAIN,336,21504,64,49561,99122,128,64,64,8192,REQUIRED,AUTHORIZED / NOT STARTED
777,secworks_aes,GENERALIZATION_TRAIN,337,21568,64,49625,99250,128,64,64,8192,REQUIRED,AUTHORIZED / NOT STARTED
778,secworks_aes,GENERALIZATION_TRAIN,338,21632,64,49689,99378,128,64,64,8192,REQUIRED,AUTHORIZED / NOT STARTED
779,secworks_aes,GENERALIZATION_TRAIN,339,21696,64,49753,99506,128,64,64,8192,REQUIRED,AUTHORIZED / NOT STARTED
780,secworks_aes,GENERALIZATION_TRAIN,340,21760,64,49817,99634,128,64,64,8192,REQUIRED,AUTHORIZED / NOT STARTED
781,secworks_aes,GENERALIZATION_TRAIN,341,21824,64,49881,99762,128,64,64,8192,REQUIRED,AUTHORIZED / NOT STARTED
782,secworks_aes,GENERALIZATION_TRAIN,342,21888,64,49945,99890,128,64,64,8192,REQUIRED,AUTHORIZED / NOT STARTED
783,secworks_aes,GENERALIZATION_TRAIN,343,21952,64,50009,100018,128,64,64,8192,REQUIRED,AUTHORIZED / NOT STARTED
784,secworks_aes,GENERALIZATION_TRAIN,344,22016,64,50073,100146,128,64,64,8192,REQUIRED,AUTHORIZED / NOT STARTED
785,secworks_aes,GENERALIZATION_TRAIN,345,22080,64,50137,100274,128,64,64,8192,REQUIRED,AUTHORIZED / NOT STARTED
786,secworks_aes,GENERALIZATION_TRAIN,346,22144,64,50201,100402,128,64,64,8192,REQUIRED,AUTHORIZED / NOT STARTED
787,secworks_aes,GENERALIZATION_TRAIN,347,22208,64,50265,100530,128,64,64,8192,REQUIRED,AUTHORIZED / NOT STARTED
788,secworks_aes,GENERALIZATION_TRAIN,348,22272,64,50329,100658,128,64,64,8192,REQUIRED,AUTHORIZED / NOT STARTED
789,secworks_aes,GENERALIZATION_TRAIN,349,22336,64,50393,100786,128,64,64,8192,REQUIRED,AUTHORIZED / NOT STARTED
790,secworks_aes,GENERALIZATION_TRAIN,350,22400,64,50457,100914,128,64,64,8192,REQUIRED,AUTHORIZED / NOT STARTED
791,secworks_aes,GENERALIZATION_TRAIN,351,22464,64,50521,101042,128,64,64,8192,REQUIRED,AUTHORIZED / NOT STARTED
792,secworks_aes,GENERALIZATION_TRAIN,352,22528,64,50585,101170,128,64,64,8192,REQUIRED,AUTHORIZED / NOT STARTED
793,secworks_aes,GENERALIZATION_TRAIN,353,22592,64,50649,101298,128,64,64,8192,REQUIRED,AUTHORIZED / NOT STARTED
794,secworks_aes,GENERALIZATION_TRAIN,354,22656,64,50713,101426,128,64,64,8192,REQUIRED,AUTHORIZED / NOT STARTED
795,secworks_aes,GENERALIZATION_TRAIN,355,22720,64,50777,101554,128,64,64,8192,REQUIRED,AUTHORIZED / NOT STARTED
796,secworks_aes,GENERALIZATION_TRAIN,356,22784,64,50841,101682,128,64,64,8192,REQUIRED,AUTHORIZED / NOT STARTED
797,secworks_aes,GENERALIZATION_TRAIN,357,22848,64,50905,101810,128,64,64,8192,REQUIRED,AUTHORIZED / NOT STARTED
798,secworks_aes,GENERALIZATION_TRAIN,358,22912,64,50969,101938,128,64,64,8192,REQUIRED,AUTHORIZED / NOT STARTED
799,secworks_aes,GENERALIZATION_TRAIN,359,22976,64,51033,102066,128,64,64,8192,REQUIRED,AUTHORIZED / NOT STARTED
800,secworks_aes,GENERALIZATION_TRAIN,360,23040,64,51097,102194,128,64,64,8192,REQUIRED,AUTHORIZED / NOT STARTED
801,secworks_aes,GENERALIZATION_TRAIN,361,23104,64,51161,102322,128,64,64,8192,REQUIRED,AUTHORIZED / NOT STARTED
802,secworks_aes,GENERALIZATION_TRAIN,362,23168,64,51225,102450,128,64,64,8192,REQUIRED,AUTHORIZED / NOT STARTED
803,secworks_aes,GENERALIZATION_TRAIN,363,23232,64,51289,102578,128,64,64,8192,REQUIRED,AUTHORIZED / NOT STARTED
804,secworks_aes,GENERALIZATION_TRAIN,364,23296,64,51353,102706,128,64,64,8192,REQUIRED,AUTHORIZED / NOT STARTED
805,secworks_aes,GENERALIZATION_TRAIN,365,23360,64,51417,102834,128,64,64,8192,REQUIRED,AUTHORIZED / NOT STARTED
806,secworks_aes,GENERALIZATION_TRAIN,366,23424,64,51481,102962,128,64,64,8192,REQUIRED,AUTHORIZED / NOT STARTED
807,secworks_aes,GENERALIZATION_TRAIN,367,23488,64,51545,103090,128,64,64,8192,REQUIRED,AUTHORIZED / NOT STARTED
808,secworks_aes,GENERALIZATION_TRAIN,368,23552,64,51609,103218,128,64,64,8192,REQUIRED,AUTHORIZED / NOT STARTED
809,secworks_aes,GENERALIZATION_TRAIN,369,23616,64,51673,103346,128,64,64,8192,REQUIRED,AUTHORIZED / NOT STARTED
810,secworks_aes,GENERALIZATION_TRAIN,370,23680,64,51737,103474,128,64,64,8192,REQUIRED,AUTHORIZED / NOT STARTED
811,secworks_aes,GENERALIZATION_TRAIN,371,23744,64,51801,103602,128,64,64,8192,REQUIRED,AUTHORIZED / NOT STARTED
812,secworks_aes,GENERALIZATION_TRAIN,372,23808,64,51865,103730,128,64,64,8192,REQUIRED,AUTHORIZED / NOT STARTED
813,secworks_aes,GENERALIZATION_TRAIN,373,23872,64,51929,103858,128,64,64,8192,REQUIRED,AUTHORIZED / NOT STARTED
814,secworks_aes,GENERALIZATION_TRAIN,374,23936,64,51993,103986,128,64,64,8192,REQUIRED,AUTHORIZED / NOT STARTED
815,secworks_aes,GENERALIZATION_TRAIN,375,24000,64,52057,104114,128,64,64,8192,REQUIRED,AUTHORIZED / NOT STARTED
816,secworks_aes,GENERALIZATION_TRAIN,376,24064,64,52121,104242,128,64,64,8192,REQUIRED,AUTHORIZED / NOT STARTED
817,secworks_aes,GENERALIZATION_TRAIN,377,24128,64,52185,104370,128,64,64,8192,REQUIRED,AUTHORIZED / NOT STARTED
818,secworks_aes,GENERALIZATION_TRAIN,378,24192,64,52249,104498,128,64,64,8192,REQUIRED,AUTHORIZED / NOT STARTED
819,secworks_aes,GENERALIZATION_TRAIN,379,24256,64,52313,104626,128,64,64,8192,REQUIRED,AUTHORIZED / NOT STARTED
820,secworks_aes,GENERALIZATION_TRAIN,380,24320,64,52377,104754,128,64,64,8192,REQUIRED,AUTHORIZED / NOT STARTED
821,secworks_aes,GENERALIZATION_TRAIN,381,24384,64,52441,104882,128,64,64,8192,REQUIRED,AUTHORIZED / NOT STARTED
822,secworks_aes,GENERALIZATION_TRAIN,382,24448,64,52505,105010,128,64,64,8192,REQUIRED,AUTHORIZED / NOT STARTED
823,secworks_aes,GENERALIZATION_TRAIN,383,24512,64,52569,105138,128,64,64,8192,REQUIRED,AUTHORIZED / NOT STARTED
824,secworks_aes,GENERALIZATION_TRAIN,384,24576,64,52633,105266,128,64,64,8192,REQUIRED,AUTHORIZED / NOT STARTED
825,secworks_aes,GENERALIZATION_TRAIN,385,24640,64,52697,105394,128,64,64,8192,REQUIRED,AUTHORIZED / NOT STARTED
826,secworks_aes,GENERALIZATION_TRAIN,386,24704,64,52761,105522,128,64,64,8192,REQUIRED,AUTHORIZED / NOT STARTED
827,secworks_aes,GENERALIZATION_TRAIN,387,24768,64,52825,105650,128,64,64,8192,REQUIRED,AUTHORIZED / NOT STARTED
828,secworks_aes,GENERALIZATION_TRAIN,388,24832,64,52889,105778,128,64,64,8192,REQUIRED,AUTHORIZED / NOT STARTED
829,secworks_aes,GENERALIZATION_TRAIN,389,24896,64,52953,105906,128,64,64,8192,REQUIRED,AUTHORIZED / NOT STARTED
830,secworks_aes,GENERALIZATION_TRAIN,390,24960,64,53017,106034,128,64,64,8192,REQUIRED,AUTHORIZED / NOT STARTED
831,secworks_aes,GENERALIZATION_TRAIN,391,25024,64,53081,106162,128,64,64,8192,REQUIRED,AUTHORIZED / NOT STARTED
832,secworks_aes,GENERALIZATION_TRAIN,392,25088,64,53145,106290,128,64,64,8192,REQUIRED,AUTHORIZED / NOT STARTED
833,secworks_aes,GENERALIZATION_TRAIN,393,25152,64,53209,106418,128,64,64,8192,REQUIRED,AUTHORIZED / NOT STARTED
834,secworks_aes,GENERALIZATION_TRAIN,394,25216,64,53273,106546,128,64,64,8192,REQUIRED,AUTHORIZED / NOT STARTED
835,secworks_aes,GENERALIZATION_TRAIN,395,25280,64,53337,106674,128,64,64,8192,REQUIRED,AUTHORIZED / NOT STARTED
836,secworks_aes,GENERALIZATION_TRAIN,396,25344,64,53401,106802,128,64,64,8192,REQUIRED,AUTHORIZED / NOT STARTED
837,secworks_aes,GENERALIZATION_TRAIN,397,25408,64,53465,106930,128,64,64,8192,REQUIRED,AUTHORIZED / NOT STARTED
838,secworks_aes,GENERALIZATION_TRAIN,398,25472,64,53529,107058,128,64,64,8192,REQUIRED,AUTHORIZED / NOT STARTED
839,secworks_aes,GENERALIZATION_TRAIN,399,25536,64,53593,107186,128,64,64,8192,REQUIRED,AUTHORIZED / NOT STARTED
840,secworks_aes,GENERALIZATION_TRAIN,400,25600,64,53657,107314,128,64,64,8192,REQUIRED,AUTHORIZED / NOT STARTED
841,secworks_aes,GENERALIZATION_TRAIN,401,25664,64,53721,107442,128,64,64,8192,REQUIRED,AUTHORIZED / NOT STARTED
842,secworks_aes,GENERALIZATION_TRAIN,402,25728,64,53785,107570,128,64,64,8192,REQUIRED,AUTHORIZED / NOT STARTED
843,secworks_aes,GENERALIZATION_TRAIN,403,25792,64,53849,107698,128,64,64,8192,REQUIRED,AUTHORIZED / NOT STARTED
844,secworks_aes,GENERALIZATION_TRAIN,404,25856,64,53913,107826,128,64,64,8192,REQUIRED,AUTHORIZED / NOT STARTED
845,secworks_aes,GENERALIZATION_TRAIN,405,25920,64,53977,107954,128,64,64,8192,REQUIRED,AUTHORIZED / NOT STARTED
846,secworks_aes,GENERALIZATION_TRAIN,406,25984,64,54041,108082,128,64,64,8192,REQUIRED,AUTHORIZED / NOT STARTED
847,secworks_aes,GENERALIZATION_TRAIN,407,26048,64,54105,108210,128,64,64,8192,REQUIRED,AUTHORIZED / NOT STARTED
848,secworks_aes,GENERALIZATION_TRAIN,408,26112,64,54169,108338,128,64,64,8192,REQUIRED,AUTHORIZED / NOT STARTED
849,secworks_aes,GENERALIZATION_TRAIN,409,26176,64,54233,108466,128,64,64,8192,REQUIRED,AUTHORIZED / NOT STARTED
850,secworks_aes,GENERALIZATION_TRAIN,410,26240,64,54297,108594,128,64,64,8192,REQUIRED,AUTHORIZED / NOT STARTED
851,secworks_aes,GENERALIZATION_TRAIN,411,26304,64,54361,108722,128,64,64,8192,REQUIRED,AUTHORIZED / NOT STARTED
852,secworks_aes,GENERALIZATION_TRAIN,412,26368,64,54425,108850,128,64,64,8192,REQUIRED,AUTHORIZED / NOT STARTED
853,secworks_aes,GENERALIZATION_TRAIN,413,26432,64,54489,108978,128,64,64,8192,REQUIRED,AUTHORIZED / NOT STARTED
854,secworks_aes,GENERALIZATION_TRAIN,414,26496,64,54553,109106,128,64,64,8192,REQUIRED,AUTHORIZED / NOT STARTED
855,secworks_aes,GENERALIZATION_TRAIN,415,26560,5,54617,109234,10,64,64,640,REQUIRED,AUTHORIZED / NOT STARTED
856,secworks_sha256,GENERALIZATION_CALIBRATION,0,0,64,54622,109244,128,64,64,8192,REQUIRED,AUTHORIZED / NOT STARTED
857,secworks_sha256,GENERALIZATION_CALIBRATION,1,64,64,54686,109372,128,64,64,8192,REQUIRED,AUTHORIZED / NOT STARTED
858,secworks_sha256,GENERALIZATION_CALIBRATION,2,128,64,54750,109500,128,64,64,8192,REQUIRED,AUTHORIZED / NOT STARTED
859,secworks_sha256,GENERALIZATION_CALIBRATION,3,192,64,54814,109628,128,64,64,8192,REQUIRED,AUTHORIZED / NOT STARTED
860,secworks_sha256,GENERALIZATION_CALIBRATION,4,256,64,54878,109756,128,64,64,8192,REQUIRED,AUTHORIZED / NOT STARTED
861,secworks_sha256,GENERALIZATION_CALIBRATION,5,320,64,54942,109884,128,64,64,8192,REQUIRED,AUTHORIZED / NOT STARTED
862,secworks_sha256,GENERALIZATION_CALIBRATION,6,384,64,55006,110012,128,64,64,8192,REQUIRED,AUTHORIZED / NOT STARTED
863,secworks_sha256,GENERALIZATION_CALIBRATION,7,448,64,55070,110140,128,64,64,8192,REQUIRED,AUTHORIZED / NOT STARTED
864,secworks_sha256,GENERALIZATION_CALIBRATION,8,512,64,55134,110268,128,64,64,8192,REQUIRED,AUTHORIZED / NOT STARTED
865,secworks_sha256,GENERALIZATION_CALIBRATION,9,576,64,55198,110396,128,64,64,8192,REQUIRED,AUTHORIZED / NOT STARTED
866,secworks_sha256,GENERALIZATION_CALIBRATION,10,640,64,55262,110524,128,64,64,8192,REQUIRED,AUTHORIZED / NOT STARTED
867,secworks_sha256,GENERALIZATION_CALIBRATION,11,704,64,55326,110652,128,64,64,8192,REQUIRED,AUTHORIZED / NOT STARTED
868,secworks_sha256,GENERALIZATION_CALIBRATION,12,768,64,55390,110780,128,64,64,8192,REQUIRED,AUTHORIZED / NOT STARTED
869,secworks_sha256,GENERALIZATION_CALIBRATION,13,832,64,55454,110908,128,64,64,8192,REQUIRED,AUTHORIZED / NOT STARTED
870,secworks_sha256,GENERALIZATION_CALIBRATION,14,896,64,55518,111036,128,64,64,8192,REQUIRED,AUTHORIZED / NOT STARTED
871,secworks_sha256,GENERALIZATION_CALIBRATION,15,960,64,55582,111164,128,64,64,8192,REQUIRED,AUTHORIZED / NOT STARTED
872,secworks_sha256,GENERALIZATION_CALIBRATION,16,1024,64,55646,111292,128,64,64,8192,REQUIRED,AUTHORIZED / NOT STARTED
873,secworks_sha256,GENERALIZATION_CALIBRATION,17,1088,64,55710,111420,128,64,64,8192,REQUIRED,AUTHORIZED / NOT STARTED
874,secworks_sha256,GENERALIZATION_CALIBRATION,18,1152,64,55774,111548,128,64,64,8192,REQUIRED,AUTHORIZED / NOT STARTED
875,secworks_sha256,GENERALIZATION_CALIBRATION,19,1216,64,55838,111676,128,64,64,8192,REQUIRED,AUTHORIZED / NOT STARTED
876,secworks_sha256,GENERALIZATION_CALIBRATION,20,1280,64,55902,111804,128,64,64,8192,REQUIRED,AUTHORIZED / NOT STARTED
877,secworks_sha256,GENERALIZATION_CALIBRATION,21,1344,64,55966,111932,128,64,64,8192,REQUIRED,AUTHORIZED / NOT STARTED
878,secworks_sha256,GENERALIZATION_CALIBRATION,22,1408,64,56030,112060,128,64,64,8192,REQUIRED,AUTHORIZED / NOT STARTED
879,secworks_sha256,GENERALIZATION_CALIBRATION,23,1472,64,56094,112188,128,64,64,8192,REQUIRED,AUTHORIZED / NOT STARTED
880,secworks_sha256,GENERALIZATION_CALIBRATION,24,1536,64,56158,112316,128,64,64,8192,REQUIRED,AUTHORIZED / NOT STARTED
881,secworks_sha256,GENERALIZATION_CALIBRATION,25,1600,64,56222,112444,128,64,64,8192,REQUIRED,AUTHORIZED / NOT STARTED
882,secworks_sha256,GENERALIZATION_CALIBRATION,26,1664,64,56286,112572,128,64,64,8192,REQUIRED,AUTHORIZED / NOT STARTED
883,secworks_sha256,GENERALIZATION_CALIBRATION,27,1728,64,56350,112700,128,64,64,8192,REQUIRED,AUTHORIZED / NOT STARTED
884,secworks_sha256,GENERALIZATION_CALIBRATION,28,1792,64,56414,112828,128,64,64,8192,REQUIRED,AUTHORIZED / NOT STARTED
885,secworks_sha256,GENERALIZATION_CALIBRATION,29,1856,64,56478,112956,128,64,64,8192,REQUIRED,AUTHORIZED / NOT STARTED
886,secworks_sha256,GENERALIZATION_CALIBRATION,30,1920,64,56542,113084,128,64,64,8192,REQUIRED,AUTHORIZED / NOT STARTED
887,secworks_sha256,GENERALIZATION_CALIBRATION,31,1984,64,56606,113212,128,64,64,8192,REQUIRED,AUTHORIZED / NOT STARTED
888,secworks_sha256,GENERALIZATION_CALIBRATION,32,2048,64,56670,113340,128,64,64,8192,REQUIRED,AUTHORIZED / NOT STARTED
889,secworks_sha256,GENERALIZATION_CALIBRATION,33,2112,64,56734,113468,128,64,64,8192,REQUIRED,AUTHORIZED / NOT STARTED
890,secworks_sha256,GENERALIZATION_CALIBRATION,34,2176,64,56798,113596,128,64,64,8192,REQUIRED,AUTHORIZED / NOT STARTED
891,secworks_sha256,GENERALIZATION_CALIBRATION,35,2240,64,56862,113724,128,64,64,8192,REQUIRED,AUTHORIZED / NOT STARTED
892,secworks_sha256,GENERALIZATION_CALIBRATION,36,2304,64,56926,113852,128,64,64,8192,REQUIRED,AUTHORIZED / NOT STARTED
893,secworks_sha256,GENERALIZATION_CALIBRATION,37,2368,64,56990,113980,128,64,64,8192,REQUIRED,AUTHORIZED / NOT STARTED
894,secworks_sha256,GENERALIZATION_CALIBRATION,38,2432,64,57054,114108,128,64,64,8192,REQUIRED,AUTHORIZED / NOT STARTED
895,secworks_sha256,GENERALIZATION_CALIBRATION,39,2496,64,57118,114236,128,64,64,8192,REQUIRED,AUTHORIZED / NOT STARTED
896,secworks_sha256,GENERALIZATION_CALIBRATION,40,2560,64,57182,114364,128,64,64,8192,REQUIRED,AUTHORIZED / NOT STARTED
897,secworks_sha256,GENERALIZATION_CALIBRATION,41,2624,64,57246,114492,128,64,64,8192,REQUIRED,AUTHORIZED / NOT STARTED
898,secworks_sha256,GENERALIZATION_CALIBRATION,42,2688,64,57310,114620,128,64,64,8192,REQUIRED,AUTHORIZED / NOT STARTED
899,secworks_sha256,GENERALIZATION_CALIBRATION,43,2752,64,57374,114748,128,64,64,8192,REQUIRED,AUTHORIZED / NOT STARTED
900,secworks_sha256,GENERALIZATION_CALIBRATION,44,2816,64,57438,114876,128,64,64,8192,REQUIRED,AUTHORIZED / NOT STARTED
901,secworks_sha256,GENERALIZATION_CALIBRATION,45,2880,64,57502,115004,128,64,64,8192,REQUIRED,AUTHORIZED / NOT STARTED
902,secworks_sha256,GENERALIZATION_CALIBRATION,46,2944,64,57566,115132,128,64,64,8192,REQUIRED,AUTHORIZED / NOT STARTED
903,secworks_sha256,GENERALIZATION_CALIBRATION,47,3008,64,57630,115260,128,64,64,8192,REQUIRED,AUTHORIZED / NOT STARTED
904,secworks_sha256,GENERALIZATION_CALIBRATION,48,3072,64,57694,115388,128,64,64,8192,REQUIRED,AUTHORIZED / NOT STARTED
905,secworks_sha256,GENERALIZATION_CALIBRATION,49,3136,64,57758,115516,128,64,64,8192,REQUIRED,AUTHORIZED / NOT STARTED
906,secworks_sha256,GENERALIZATION_CALIBRATION,50,3200,64,57822,115644,128,64,64,8192,REQUIRED,AUTHORIZED / NOT STARTED
907,secworks_sha256,GENERALIZATION_CALIBRATION,51,3264,64,57886,115772,128,64,64,8192,REQUIRED,AUTHORIZED / NOT STARTED
908,secworks_sha256,GENERALIZATION_CALIBRATION,52,3328,64,57950,115900,128,64,64,8192,REQUIRED,AUTHORIZED / NOT STARTED
909,secworks_sha256,GENERALIZATION_CALIBRATION,53,3392,64,58014,116028,128,64,64,8192,REQUIRED,AUTHORIZED / NOT STARTED
910,secworks_sha256,GENERALIZATION_CALIBRATION,54,3456,64,58078,116156,128,64,64,8192,REQUIRED,AUTHORIZED / NOT STARTED
911,secworks_sha256,GENERALIZATION_CALIBRATION,55,3520,64,58142,116284,128,64,64,8192,REQUIRED,AUTHORIZED / NOT STARTED
912,secworks_sha256,GENERALIZATION_CALIBRATION,56,3584,64,58206,116412,128,64,64,8192,REQUIRED,AUTHORIZED / NOT STARTED
913,secworks_sha256,GENERALIZATION_CALIBRATION,57,3648,64,58270,116540,128,64,64,8192,REQUIRED,AUTHORIZED / NOT STARTED
914,secworks_sha256,GENERALIZATION_CALIBRATION,58,3712,64,58334,116668,128,64,64,8192,REQUIRED,AUTHORIZED / NOT STARTED
915,secworks_sha256,GENERALIZATION_CALIBRATION,59,3776,64,58398,116796,128,64,64,8192,REQUIRED,AUTHORIZED / NOT STARTED
916,secworks_sha256,GENERALIZATION_CALIBRATION,60,3840,64,58462,116924,128,64,64,8192,REQUIRED,AUTHORIZED / NOT STARTED
917,secworks_sha256,GENERALIZATION_CALIBRATION,61,3904,64,58526,117052,128,64,64,8192,REQUIRED,AUTHORIZED / NOT STARTED
918,secworks_sha256,GENERALIZATION_CALIBRATION,62,3968,64,58590,117180,128,64,64,8192,REQUIRED,AUTHORIZED / NOT STARTED
919,secworks_sha256,GENERALIZATION_CALIBRATION,63,4032,64,58654,117308,128,64,64,8192,REQUIRED,AUTHORIZED / NOT STARTED
920,secworks_sha256,GENERALIZATION_CALIBRATION,64,4096,64,58718,117436,128,64,64,8192,REQUIRED,AUTHORIZED / NOT STARTED
921,secworks_sha256,GENERALIZATION_CALIBRATION,65,4160,64,58782,117564,128,64,64,8192,REQUIRED,AUTHORIZED / NOT STARTED
922,secworks_sha256,GENERALIZATION_CALIBRATION,66,4224,64,58846,117692,128,64,64,8192,REQUIRED,AUTHORIZED / NOT STARTED
923,secworks_sha256,GENERALIZATION_CALIBRATION,67,4288,64,58910,117820,128,64,64,8192,REQUIRED,AUTHORIZED / NOT STARTED
924,secworks_sha256,GENERALIZATION_CALIBRATION,68,4352,64,58974,117948,128,64,64,8192,REQUIRED,AUTHORIZED / NOT STARTED
925,secworks_sha256,GENERALIZATION_CALIBRATION,69,4416,64,59038,118076,128,64,64,8192,REQUIRED,AUTHORIZED / NOT STARTED
926,secworks_sha256,GENERALIZATION_CALIBRATION,70,4480,64,59102,118204,128,64,64,8192,REQUIRED,AUTHORIZED / NOT STARTED
927,secworks_sha256,GENERALIZATION_CALIBRATION,71,4544,64,59166,118332,128,64,64,8192,REQUIRED,AUTHORIZED / NOT STARTED
928,secworks_sha256,GENERALIZATION_CALIBRATION,72,4608,64,59230,118460,128,64,64,8192,REQUIRED,AUTHORIZED / NOT STARTED
929,secworks_sha256,GENERALIZATION_CALIBRATION,73,4672,64,59294,118588,128,64,64,8192,REQUIRED,AUTHORIZED / NOT STARTED
930,secworks_sha256,GENERALIZATION_CALIBRATION,74,4736,64,59358,118716,128,64,64,8192,REQUIRED,AUTHORIZED / NOT STARTED
931,secworks_sha256,GENERALIZATION_CALIBRATION,75,4800,64,59422,118844,128,64,64,8192,REQUIRED,AUTHORIZED / NOT STARTED
932,secworks_sha256,GENERALIZATION_CALIBRATION,76,4864,64,59486,118972,128,64,64,8192,REQUIRED,AUTHORIZED / NOT STARTED
933,secworks_sha256,GENERALIZATION_CALIBRATION,77,4928,64,59550,119100,128,64,64,8192,REQUIRED,AUTHORIZED / NOT STARTED
934,secworks_sha256,GENERALIZATION_CALIBRATION,78,4992,64,59614,119228,128,64,64,8192,REQUIRED,AUTHORIZED / NOT STARTED
935,secworks_sha256,GENERALIZATION_CALIBRATION,79,5056,64,59678,119356,128,64,64,8192,REQUIRED,AUTHORIZED / NOT STARTED
936,secworks_sha256,GENERALIZATION_CALIBRATION,80,5120,64,59742,119484,128,64,64,8192,REQUIRED,AUTHORIZED / NOT STARTED
937,secworks_sha256,GENERALIZATION_CALIBRATION,81,5184,64,59806,119612,128,64,64,8192,REQUIRED,AUTHORIZED / NOT STARTED
938,secworks_sha256,GENERALIZATION_CALIBRATION,82,5248,64,59870,119740,128,64,64,8192,REQUIRED,AUTHORIZED / NOT STARTED
939,secworks_sha256,GENERALIZATION_CALIBRATION,83,5312,64,59934,119868,128,64,64,8192,REQUIRED,AUTHORIZED / NOT STARTED
940,secworks_sha256,GENERALIZATION_CALIBRATION,84,5376,64,59998,119996,128,64,64,8192,REQUIRED,AUTHORIZED / NOT STARTED
941,secworks_sha256,GENERALIZATION_CALIBRATION,85,5440,64,60062,120124,128,64,64,8192,REQUIRED,AUTHORIZED / NOT STARTED
942,secworks_sha256,GENERALIZATION_CALIBRATION,86,5504,64,60126,120252,128,64,64,8192,REQUIRED,AUTHORIZED / NOT STARTED
943,secworks_sha256,GENERALIZATION_CALIBRATION,87,5568,64,60190,120380,128,64,64,8192,REQUIRED,AUTHORIZED / NOT STARTED
944,secworks_sha256,GENERALIZATION_CALIBRATION,88,5632,64,60254,120508,128,64,64,8192,REQUIRED,AUTHORIZED / NOT STARTED
945,secworks_sha256,GENERALIZATION_CALIBRATION,89,5696,64,60318,120636,128,64,64,8192,REQUIRED,AUTHORIZED / NOT STARTED
946,secworks_sha256,GENERALIZATION_CALIBRATION,90,5760,64,60382,120764,128,64,64,8192,REQUIRED,AUTHORIZED / NOT STARTED
947,secworks_sha256,GENERALIZATION_CALIBRATION,91,5824,64,60446,120892,128,64,64,8192,REQUIRED,AUTHORIZED / NOT STARTED
948,secworks_sha256,GENERALIZATION_CALIBRATION,92,5888,64,60510,121020,128,64,64,8192,REQUIRED,AUTHORIZED / NOT STARTED
949,secworks_sha256,GENERALIZATION_CALIBRATION,93,5952,64,60574,121148,128,64,64,8192,REQUIRED,AUTHORIZED / NOT STARTED
950,secworks_sha256,GENERALIZATION_CALIBRATION,94,6016,64,60638,121276,128,64,64,8192,REQUIRED,AUTHORIZED / NOT STARTED
951,secworks_sha256,GENERALIZATION_CALIBRATION,95,6080,64,60702,121404,128,64,64,8192,REQUIRED,AUTHORIZED / NOT STARTED
952,secworks_sha256,GENERALIZATION_CALIBRATION,96,6144,64,60766,121532,128,64,64,8192,REQUIRED,AUTHORIZED / NOT STARTED
953,secworks_sha256,GENERALIZATION_CALIBRATION,97,6208,64,60830,121660,128,64,64,8192,REQUIRED,AUTHORIZED / NOT STARTED
954,secworks_sha256,GENERALIZATION_CALIBRATION,98,6272,64,60894,121788,128,64,64,8192,REQUIRED,AUTHORIZED / NOT STARTED
955,secworks_sha256,GENERALIZATION_CALIBRATION,99,6336,64,60958,121916,128,64,64,8192,REQUIRED,AUTHORIZED / NOT STARTED
956,secworks_sha256,GENERALIZATION_CALIBRATION,100,6400,64,61022,122044,128,64,64,8192,REQUIRED,AUTHORIZED / NOT STARTED
957,secworks_sha256,GENERALIZATION_CALIBRATION,101,6464,64,61086,122172,128,64,64,8192,REQUIRED,AUTHORIZED / NOT STARTED
958,secworks_sha256,GENERALIZATION_CALIBRATION,102,6528,64,61150,122300,128,64,64,8192,REQUIRED,AUTHORIZED / NOT STARTED
959,secworks_sha256,GENERALIZATION_CALIBRATION,103,6592,64,61214,122428,128,64,64,8192,REQUIRED,AUTHORIZED / NOT STARTED
960,secworks_sha256,GENERALIZATION_CALIBRATION,104,6656,64,61278,122556,128,64,64,8192,REQUIRED,AUTHORIZED / NOT STARTED
961,secworks_sha256,GENERALIZATION_CALIBRATION,105,6720,64,61342,122684,128,64,64,8192,REQUIRED,AUTHORIZED / NOT STARTED
962,secworks_sha256,GENERALIZATION_CALIBRATION,106,6784,64,61406,122812,128,64,64,8192,REQUIRED,AUTHORIZED / NOT STARTED
963,secworks_sha256,GENERALIZATION_CALIBRATION,107,6848,64,61470,122940,128,64,64,8192,REQUIRED,AUTHORIZED / NOT STARTED
964,secworks_sha256,GENERALIZATION_CALIBRATION,108,6912,64,61534,123068,128,64,64,8192,REQUIRED,AUTHORIZED / NOT STARTED
965,secworks_sha256,GENERALIZATION_CALIBRATION,109,6976,64,61598,123196,128,64,64,8192,REQUIRED,AUTHORIZED / NOT STARTED
966,secworks_sha256,GENERALIZATION_CALIBRATION,110,7040,64,61662,123324,128,64,64,8192,REQUIRED,AUTHORIZED / NOT STARTED
967,secworks_sha256,GENERALIZATION_CALIBRATION,111,7104,64,61726,123452,128,64,64,8192,REQUIRED,AUTHORIZED / NOT STARTED
968,secworks_sha256,GENERALIZATION_CALIBRATION,112,7168,64,61790,123580,128,64,64,8192,REQUIRED,AUTHORIZED / NOT STARTED
969,secworks_sha256,GENERALIZATION_CALIBRATION,113,7232,64,61854,123708,128,64,64,8192,REQUIRED,AUTHORIZED / NOT STARTED
970,secworks_sha256,GENERALIZATION_CALIBRATION,114,7296,64,61918,123836,128,64,64,8192,REQUIRED,AUTHORIZED / NOT STARTED
971,secworks_sha256,GENERALIZATION_CALIBRATION,115,7360,64,61982,123964,128,64,64,8192,REQUIRED,AUTHORIZED / NOT STARTED
972,secworks_sha256,GENERALIZATION_CALIBRATION,116,7424,64,62046,124092,128,64,64,8192,REQUIRED,AUTHORIZED / NOT STARTED
973,secworks_sha256,GENERALIZATION_CALIBRATION,117,7488,64,62110,124220,128,64,64,8192,REQUIRED,AUTHORIZED / NOT STARTED
974,secworks_sha256,GENERALIZATION_CALIBRATION,118,7552,64,62174,124348,128,64,64,8192,REQUIRED,AUTHORIZED / NOT STARTED
975,secworks_sha256,GENERALIZATION_CALIBRATION,119,7616,64,62238,124476,128,64,64,8192,REQUIRED,AUTHORIZED / NOT STARTED
976,secworks_sha256,GENERALIZATION_CALIBRATION,120,7680,64,62302,124604,128,64,64,8192,REQUIRED,AUTHORIZED / NOT STARTED
977,secworks_sha256,GENERALIZATION_CALIBRATION,121,7744,64,62366,124732,128,64,64,8192,REQUIRED,AUTHORIZED / NOT STARTED
978,secworks_sha256,GENERALIZATION_CALIBRATION,122,7808,64,62430,124860,128,64,64,8192,REQUIRED,AUTHORIZED / NOT STARTED
979,secworks_sha256,GENERALIZATION_CALIBRATION,123,7872,64,62494,124988,128,64,64,8192,REQUIRED,AUTHORIZED / NOT STARTED
980,secworks_sha256,GENERALIZATION_CALIBRATION,124,7936,64,62558,125116,128,64,64,8192,REQUIRED,AUTHORIZED / NOT STARTED
981,secworks_sha256,GENERALIZATION_CALIBRATION,125,8000,64,62622,125244,128,64,64,8192,REQUIRED,AUTHORIZED / NOT STARTED
982,secworks_sha256,GENERALIZATION_CALIBRATION,126,8064,64,62686,125372,128,64,64,8192,REQUIRED,AUTHORIZED / NOT STARTED
983,secworks_sha256,GENERALIZATION_CALIBRATION,127,8128,64,62750,125500,128,64,64,8192,REQUIRED,AUTHORIZED / NOT STARTED
984,secworks_sha256,GENERALIZATION_CALIBRATION,128,8192,64,62814,125628,128,64,64,8192,REQUIRED,AUTHORIZED / NOT STARTED
985,secworks_sha256,GENERALIZATION_CALIBRATION,129,8256,64,62878,125756,128,64,64,8192,REQUIRED,AUTHORIZED / NOT STARTED
986,secworks_sha256,GENERALIZATION_CALIBRATION,130,8320,64,62942,125884,128,64,64,8192,REQUIRED,AUTHORIZED / NOT STARTED
987,secworks_sha256,GENERALIZATION_CALIBRATION,131,8384,64,63006,126012,128,64,64,8192,REQUIRED,AUTHORIZED / NOT STARTED
988,secworks_sha256,GENERALIZATION_CALIBRATION,132,8448,64,63070,126140,128,64,64,8192,REQUIRED,AUTHORIZED / NOT STARTED
989,secworks_sha256,GENERALIZATION_CALIBRATION,133,8512,64,63134,126268,128,64,64,8192,REQUIRED,AUTHORIZED / NOT STARTED
990,secworks_sha256,GENERALIZATION_CALIBRATION,134,8576,64,63198,126396,128,64,64,8192,REQUIRED,AUTHORIZED / NOT STARTED
991,secworks_sha256,GENERALIZATION_CALIBRATION,135,8640,64,63262,126524,128,64,64,8192,REQUIRED,AUTHORIZED / NOT STARTED
992,secworks_sha256,GENERALIZATION_CALIBRATION,136,8704,64,63326,126652,128,64,64,8192,REQUIRED,AUTHORIZED / NOT STARTED
993,secworks_sha256,GENERALIZATION_CALIBRATION,137,8768,64,63390,126780,128,64,64,8192,REQUIRED,AUTHORIZED / NOT STARTED
994,secworks_sha256,GENERALIZATION_CALIBRATION,138,8832,64,63454,126908,128,64,64,8192,REQUIRED,AUTHORIZED / NOT STARTED
995,secworks_sha256,GENERALIZATION_CALIBRATION,139,8896,64,63518,127036,128,64,64,8192,REQUIRED,AUTHORIZED / NOT STARTED
996,secworks_sha256,GENERALIZATION_CALIBRATION,140,8960,64,63582,127164,128,64,64,8192,REQUIRED,AUTHORIZED / NOT STARTED
997,secworks_sha256,GENERALIZATION_CALIBRATION,141,9024,64,63646,127292,128,64,64,8192,REQUIRED,AUTHORIZED / NOT STARTED
998,secworks_sha256,GENERALIZATION_CALIBRATION,142,9088,39,63710,127420,78,64,64,4992,REQUIRED,AUTHORIZED / NOT STARTED
