fault_instance_index,full_rank,site_index,stuck_value,observable,candidate_site_count,exact_site,behavior_signature_sha256
0,0,20594,0,1,3,0,409903254ddcad9f36e480f708fb679a89cc6f73ef0b00545a2286a50d378b39
1,0,20594,1,0,0,0,NORMAL_COMPATIBLE
2,1,22829,0,0,0,0,NORMAL_COMPATIBLE
3,1,22829,1,1,1,1,bea345e1c625e3154e9b0188669044977bbe668122accb82eba52084a290f348
4,2,22132,0,1,1,1,0d181918392f5f8a90134ec2393240182b20e70eed39884b536b2e399c04f72b
5,2,22132,1,1,1,1,5cafa705f62bfa35b9d368706958a02b372c0a8c76fda50c3a2f0e5ac256e12c
6,3,21800,0,1,1,1,7b07f624eed2c3e34de9b9aacbb75a53986d006526b896905a261518bba97be2
7,3,21800,1,1,1,1,186e2f45df75fd26a83aa8d013228859dbef60894aa1023d968f68d024531a5d
8,4,21655,0,1,1,1,fa05430a1acc9f84ef2528b5162619eac2f96e38990eb246f4fc94e01d5ac679
9,4,21655,1,1,1,1,e411f5270954576b33a63ce6446ac1995ee2e00090103368ded1fa8875adf76a
10,5,19482,0,1,1,1,2e493428d696eafa16d7272ca3ad3cedb164f01bee283fce4813dc7c3b8c8cf3
11,5,19482,1,1,1,1,3c13aa0ea1102c7376ef1bb19fae9e730ef9cd6d82628aea08d8a74983d5583f
12,6,20800,0,0,0,0,NORMAL_COMPATIBLE
13,6,20800,1,1,1,1,73b3948c57dbc8359c55467cc2ffc68a09f616c098fece97e42392dd3f6340d0
14,7,9596,0,1,1,1,51273e9eab0ff762487046f62301ad7731712397b954249b3ec57bc0b1d1b260
15,7,9596,1,1,1,1,57a5cac7aa0ae9ea39974f3f0b8961bac192d4eff63e08e59a1d365eb2a0a154
16,8,3487,0,0,0,0,NORMAL_COMPATIBLE
17,8,3487,1,1,1,1,dedb19137ff8dfa740e60dc902c4ae62370819a8c8ea08ffea386133671b2534
18,9,14745,0,0,0,0,NORMAL_COMPATIBLE
19,9,14745,1,1,1,1,e9241f5b083add6ddce3ad144621490badea959c364302150bd8ca9e952dcf1f
20,10,20557,0,0,0,0,NORMAL_COMPATIBLE
21,10,20557,1,0,0,0,NORMAL_COMPATIBLE
22,11,21521,0,1,1,1,548bad839e8fe116d4523406c6b1e5bee6187431136bd77cc76d1de8da0e23f2
23,11,21521,1,1,1,1,5e60cc95e461ff8848777b1f3f2a67f57bed3505cab23ae887abe4d5219fdf15
24,12,7867,0,0,0,0,NORMAL_COMPATIBLE
25,12,7867,1,1,1,1,c96bd152174ee531c68ee225fc5b2ebfacf9fedc79db431bbe9d9419f34b813d
26,13,2601,0,0,0,0,NORMAL_COMPATIBLE
27,13,2601,1,1,1,1,3646fe91ceaf481bafeaa8bf9fbb4beb8dbff1d4f266e8244b98b4a09de85db0
28,14,8245,0,0,0,0,NORMAL_COMPATIBLE
29,14,8245,1,0,0,0,NORMAL_COMPATIBLE
30,15,1851,0,0,0,0,NORMAL_COMPATIBLE
31,15,1851,1,1,1,1,b7bc03ea8f86db526cc4e85beaf1a74d66ffc5b654cc5fe75dccec635c7d3e8e
32,16,364,0,0,0,0,NORMAL_COMPATIBLE
33,16,364,1,1,1,1,a14eb122be1e9a3e8c958f4137cc5544bc4f1d89427e6545dba36d95554f5ee1
34,17,19721,0,1,1,1,4b6f671d578218987a8eae85313194299346b0e0b0ada218fe09c6108b7ce21a
35,17,19721,1,1,1,1,2ba86950368b66fb6d11991b1451a85174fe9930c72e484bcf6b67701f18fed5
36,18,1837,0,0,0,0,NORMAL_COMPATIBLE
37,18,1837,1,1,1,1,f6b8f77d2ccc659eb036f87ce37851b385cd6a364aec76c5060b1596314217ec
38,19,5565,0,1,1,1,60fc0e4e1a635094dad093a6562003ba6b09f3e69efb5448882e1a8256c52018
39,19,5565,1,1,1,1,e5015e7aeee9524fe9a3505aec62fbddb57a3297a0d7a44364d79a91befe657e
40,20,6635,0,0,0,0,NORMAL_COMPATIBLE
41,20,6635,1,1,1,1,23d21e743eef9bdcc2b2e84b544f793160277a58b29545b44086419859507485
42,21,2896,0,0,0,0,NORMAL_COMPATIBLE
43,21,2896,1,1,1,1,749ace369676467328e179a2679982cc326093c9842d03fec01e964f59a08a35
44,22,6593,0,0,0,0,NORMAL_COMPATIBLE
45,22,6593,1,1,1,1,2c1fbff5f5976a0386660bb8a10d6c3768a33e80dc76fb03b09893170d86ea4e
46,23,16693,0,0,0,0,NORMAL_COMPATIBLE
47,23,16693,1,0,0,0,NORMAL_COMPATIBLE
48,24,1419,0,1,1,1,16a5f4677243da5fd37ac53c7e777a07f89574f10fa3af51030ac7921db02535
49,24,1419,1,1,1,1,e765c0b90c374a9cc0f47d46d3b22e28cddd3fbf11ce2385ce743ee54dd50562
50,25,3591,0,1,1,1,c7e79f861aed20e1c51e48d3a5aee8cde420b53725aa1f51c9a9c5de7e06a9e5
51,25,3591,1,1,1,1,b44e0f9307c98462ecc8d83566984e0ea6db83a4475335c9a69ec21adff59a1f
52,26,19579,0,1,1,1,6d45286d44eb574d9e7e047813fe132fe30eed12167f57971699f39e10966486
53,26,19579,1,1,1,1,d61a93186d36d0172a5d844a85f2e9126b734e489ebb8166306cd0f19e99e618
54,27,10080,0,1,2,0,aa8b4eae3b7dfabf981b0fa3dbe1ac3ad95e86390900e40996f2d5e568c4028d
55,27,10080,1,1,2,0,fc7cc5c7feaf585bd385a48ef55c91b9875dc1cb1f7b811a9bbfaed8dd2bda27
56,28,17389,0,1,1,1,380d3693a4eff24186a0a3bb309a25f5752e5767fa365efe8bf89979fb0cf06b
57,28,17389,1,1,1,1,70c24a4e52713fc946796109967fc0147aa028dda352c319b16259dd16b4d37f
58,29,1398,0,1,1,1,f819cd9d434d944d28c4f68584242ded4d6950ff5cb8e15d0984ebcdbebe983e
59,29,1398,1,1,1,1,bc52a4c0d8bb3ac1c709a9379c7c4962e59270fbc6576f42e6b65752430f1448
60,30,967,0,1,1,1,5db5422dca28a7c23bb9bbc6c18bf2be516d22e2ad7af2e931266cc1948aafd6
61,30,967,1,1,1,1,067c3595cfd638b82f01cfaf2b50007d161d466d6c688c4190db24476b80e449
62,31,7958,0,0,0,0,NORMAL_COMPATIBLE
63,31,7958,1,0,0,0,NORMAL_COMPATIBLE
64,32,3811,0,1,1,1,186058d0bed9ca165780d1f17d925559ebcb850ff6e40b7771d0be905815a825
65,32,3811,1,1,1,1,31857748bd9fb989eb428e2ee8a5c7cb42cc1e7403e23f173752c13ee7b3a418
66,33,1099,0,0,0,0,NORMAL_COMPATIBLE
67,33,1099,1,1,1,1,6ce4cd972031d07178ce43bfe2f2cea50cdf72a82091564f024100b6a080ea2d
68,34,1464,0,0,0,0,NORMAL_COMPATIBLE
69,34,1464,1,1,1,1,31b7d2c9d4976094bea3c90826af934d28799286acb59992563617c3bfe271c4
70,35,12877,0,1,1,1,16668790dbb0e2322b71356f4a3f0113899ffd16eae3a29115ef5f9423fd4715
71,35,12877,1,1,1,1,6a98682a030b6244ba94470463178f26cdcf4070a81db21811fc4e20c9ef7582
72,36,14029,0,0,0,0,NORMAL_COMPATIBLE
73,36,14029,1,1,6,0,3243b01a7344b2d01e56ad3b220e597469a858f08873c90fdf4dfca040a73c60
74,37,15180,0,1,1,1,d99daa96d2b433f2ec5ba817da4834489d324ff0f2c38008758547d894f62b93
75,37,15180,1,1,1,1,bb77eb76bd7b8cd269272385269dc4636d471c17fc7f0dc11298ff3f644ab9f6
76,38,21465,0,1,1,1,ca5efcdc079c42998fa4b54b8e9d9221d9e789078625762d77f8c62273f7a781
77,38,21465,1,1,1,1,2e687e10d8f725b9eeb52d2b1aaee276792720834da25e733bef2c6fd4d853ac
78,39,20723,0,0,0,0,NORMAL_COMPATIBLE
79,39,20723,1,1,1,1,a99713f407cb120e931009a65b5444a4985682d2afdeeaab82275a056cacf0e2
80,40,13577,0,1,1,1,86e4ddeef6e88c213760fc0bc36b9fb4c754e4c7f40b7db5f0a8aa66595cb3ca
81,40,13577,1,1,1,1,b23bbebed584593c025a9c1596a0e907bb661353e2e0d37d235e5a67a2c70a62
82,41,2696,0,1,2,0,5279762de19c14997fcd46b09797ced7ff3f5fcfdadba75d809f4a64e5a70f79
83,41,2696,1,1,1,1,bdac6d9d6a6c98e00c993a52aeb61f060298c645761e66fb1abc950d52a22830
84,42,205,0,1,1,1,13597d8c79ee3d9683eb7d35e71175b75d94579d53038526ad7504ab398a83d7
85,42,205,1,1,1,1,2050d6d62e025cb8487088c89e8ec225364f895b6828b425e85f07818fdada3c
86,43,4060,0,1,1,1,57de2ace990beb9de52441b54c8545872bc37d6f01c5c5f8189c6ac598aac253
87,43,4060,1,1,1,1,57497778fcb5f9719f670ab8fd49928e764188131e4652967a1b87643cc81d3b
88,44,12516,0,0,0,0,NORMAL_COMPATIBLE
89,44,12516,1,1,1,1,b7cc52e07e366e76904888eeff5f620f4f4bee02c22f95baa1b13989ca5591a3
90,45,12584,0,1,1,1,8f5a76a961e72f20aca877da32edca60bf0eb44a8d4be31e074013883a959244
91,45,12584,1,1,1,1,88a7120812b8498c9e1c501a29bf0942c28b731ffe8c95391f362d19245206ae
92,46,19085,0,1,1,1,799605f15c766d5757fb29f9c9f240ef15331ea75ef0cc69119a2d80b10931a2
93,46,19085,1,1,1,1,3081b79190b4594df95d0ceaaf4b341f7ce315c7447855261a2109891eb7cb6b
94,47,14988,0,1,1,1,6524197695ac60a78f352d8506e077ec6e27217e8d54ac868f04f2c4f263a439
95,47,14988,1,1,2,0,12a659d12d462c8fb6acbae2a6064317891720ed3b0e2aab681cf00cbcef3ada
96,48,6404,0,0,0,0,NORMAL_COMPATIBLE
97,48,6404,1,1,1,1,ecc045133b053080ce4a13c056695b491cba6db23948a090f45b5ad9b9edbf4f
98,49,18494,0,1,1,1,19eee6ec3db52cae6d2f87abcc69a7821a1dfab68d3e7e0d2354cc829a300aab
99,49,18494,1,1,1,1,8bed7095616b321e4d17e0f029f6bc3bbab0945e3f33ca44b975119d01dbba8c
100,50,5227,0,1,1,1,d39f9fe2034b008a916b312c4fab754a4abcbec6a611b5de314ee7508a9f27c4
101,50,5227,1,1,1,1,45e01f94fc13ee18916447f53de47ccb4662aee112c044d9fe1fbb74306ea7b2
102,51,19199,0,1,1,1,6a6a3866fb6e20638ef945f19a42226878955924dc7050e511966bb64454e851
103,51,19199,1,1,1,1,57c5f8c1a868a9d8af23d835d18f005d4a28b192d4c9bb25ce3733dafd7a51fb
104,52,7606,0,0,0,0,NORMAL_COMPATIBLE
105,52,7606,1,1,1,1,90af12345fa455d6c294c531a0b74e48aee59782be9df99a90b39b5e0ae2f389
106,53,22189,0,1,1,1,836f6cad14b3c3dbec7c087f2fc3ebe986c638833e02a081b147124a3d3233e8
107,53,22189,1,1,1,1,fc71ba75b8897fbbfb9bd4bb07e2503b69d62a6d3f199b5bb87411d7f2b6b7f5
108,54,17721,0,1,1,1,da0551e2a349cbbaa6109ced903e24b8d8edbfedd59c533b0133995fc8f4b5f0
109,54,17721,1,1,2,0,3001156659169703cbeb3105d9392675bb4670afd87f719097d0050006646304
110,55,22172,0,1,1,1,459598dca8fda4af99a70590ad76fbcecebf595220dd675ebe3068d3ce6d8b22
111,55,22172,1,1,1,1,d8d0b77fe28ea306c878ed4d49a5ff5137d08281c188c2e139b1867e20d9c6f6
112,56,14500,0,1,1,1,a5f3b383a646f8d77d532e9512c2f210797c0d6632bb3ef56aaf4f979ad3ea36
113,56,14500,1,1,1,1,d50f7812e67352aebc435599394dd5be89479a80abe78aae3d3f9f4962e73e30
114,57,20181,0,0,0,0,NORMAL_COMPATIBLE
115,57,20181,1,0,0,0,NORMAL_COMPATIBLE
116,58,14434,0,1,1,1,6c17614d38503c6dc4c5dc4c2944bcf9a7deaba29a93e1957aa0616f9fe64fac
117,58,14434,1,1,1,1,7b29f0dc6e6ee6bdbbbc3c05072c9cf803260bd128c1ad25561a9097313cb435
118,59,1823,0,0,0,0,NORMAL_COMPATIBLE
119,59,1823,1,1,1,1,3413720bdcd46926b481276c30768655b3f2d8695d0561c57c657c1e3abb7de6
120,60,22773,0,1,1,1,b58f694cf1ac1a2d0e1093ce92165405ce15d5dda733e1458f93fd65b1ef1866
121,60,22773,1,1,1,1,fbe3dc3db6d197c837d48771f7e3ce820b0c6af724ac08f7685b843e6cc0f508
122,61,1595,0,0,0,0,NORMAL_COMPATIBLE
123,61,1595,1,0,0,0,NORMAL_COMPATIBLE
124,62,19304,0,1,1,1,65beb3a92451db6625f7e0aa71dd673b8b1bc1b825c0a17591fffc1581753e74
125,62,19304,1,1,2,0,0b42bd705d3b407c1fc5c9c568e770df20ae1327aa438b54b9291ee107a2b270
126,63,15699,0,0,0,0,NORMAL_COMPATIBLE
127,63,15699,1,0,0,0,NORMAL_COMPATIBLE
128,64,7420,0,0,0,0,NORMAL_COMPATIBLE
129,64,7420,1,1,1,1,3225b4582cc26277544f0be18feb368ef5cf4e456496b060c596b3730a57bec7
130,65,6711,0,1,1,1,1e7eab170089ceeedf5eda3c7f5fd264ef2299dcbee4bb7e530cabd31fe86092
131,65,6711,1,1,1,1,854ce6371dc7708bd77b057e6b6affb7ce4320cdf05f26b5ec84b15f14b58237
132,66,22776,0,1,1,1,ceef630e8854273b472fcc4dfc91bef0015a9bd4d3995ae4d5c44bd5b713fdff
133,66,22776,1,1,1,1,63ccc80a65c0a21be955418590d8e4eff7b7282641c0a9e239a83b5586f3141e
134,67,19290,0,1,1,1,8a828897af428084a19404ec9ccc32aaacb2e6f8ddb1756e02d932eb9e59b50f
135,67,19290,1,1,1,1,d9d23e1ad02e413bd7302d09a638736336edc2c3558f13062c49cae755a32208
136,68,16227,0,0,0,0,NORMAL_COMPATIBLE
137,68,16227,1,1,1,1,98bc4f42eda27f6aef9c82e013b68f9f193bb2a3eeb9c46a3f3fee088bae7915
138,69,10055,0,1,1,1,516643c011b6314638f55a64ef8ded31c2a273e4ad923b9a28cb74d8eb5dc5da
139,69,10055,1,1,2,0,fc7cc5c7feaf585bd385a48ef55c91b9875dc1cb1f7b811a9bbfaed8dd2bda27
140,70,15446,0,0,0,0,NORMAL_COMPATIBLE
141,70,15446,1,1,1,1,3316664ced7cdd08bf31d8c2f012a66efbd930af01a0280cf12f932417e926cf
142,71,565,0,1,1,1,07dd651e3b2f75d58c8e359b9308d731065862a61199117ab96c79f35b5c14a6
143,71,565,1,1,1,1,eee9348e57b83e51fe7f6cd3422c3e8dc53be90119bd3454ffec1a2dee992121
144,72,10249,0,1,1,1,a5d738615ced0538ce3dd63aff7cc8b86a0cee3bc1ad62e87e9481ea554dd839
145,72,10249,1,1,1,1,0e3f74ebd703335df4730acce8804e0a13b237fd3fe762d1acfc4467052a6fec
146,73,2829,0,1,1,1,2235f8729c5c8ae39548c319f80a02a6c1fe7f51b39488af27c7e605b8bfb07f
147,73,2829,1,1,1,1,528b734496f99e1e3c02ef27339a2e87e61d425fbc1238cb34fd7acda2f22ab7
148,74,2243,0,0,0,0,NORMAL_COMPATIBLE
149,74,2243,1,1,1,1,a05ea89832272abb9c64bde5e5abeb4595c9120144130287b5a8de3800719c2c
150,75,5984,0,1,1,1,68dca9ff2f8c1ff5310469f30d98e75771afc946930d5006381f40b438cb947f
151,75,5984,1,1,1,1,3540cc3b4dd22623877e5811fe88dc3c90af50807ed857f9a5f6fb74d0c00a87
152,76,2274,0,1,1,1,984dfe691d805e1cde8bab3d383077e33ee44b860b7ec7aa05f21393ca3388dc
153,76,2274,1,1,1,1,917ee5bcbcacf2ca22da8ab5d3dbbd857390699c2531872036b89b7fbd2da58d
154,77,53,0,1,1,1,5fc91912183f07cec14145dd80c802542838725670552c35b6a6956c0b9002aa
155,77,53,1,1,1,1,6c80e5292747a155498469587ab1ad63177ed9e8da00d67429dac8aa57d3e35c
156,78,5634,0,1,1,1,0534d667d191eb4a735b5442c4e6d671858da2e252df93434393dc1493a3c30b
157,78,5634,1,1,1,1,03f414ba8d8c1dc59ec3f3a9ac83dd0e1caf947862aa98a34d07350ec6561924
158,79,955,0,1,1,1,1e58aead4c6ac5b258511f537e145301542d854be46e55d26d8a986367a9ec3e
159,79,955,1,1,1,1,a321b87ebbedbc8c7336f79b1f2615b5a83093053e9db88cce165193b0c5f106
160,80,1288,0,1,1,1,4f6586a8e574fc6f47d7e1d014312c6f4adc59bba8f463225fed15b4b4ae33b7
161,80,1288,1,1,1,1,e10023be9dcdc6d886feaeaeb27b06e790fa26d349044e7fc0347bfadabf2a5e
162,81,18329,0,1,1,1,e1edff4b3ccdd6b0ce40f36e942dd581b0b8c90c661ca21363e3b424cc59835c
163,81,18329,1,0,0,0,NORMAL_COMPATIBLE
164,82,11307,0,1,1,1,2fe4ba8672d619f869bbcc3cde3ef50402f0ff75939655df099c890659a2c6e7
165,82,11307,1,1,1,1,9fe48f3299cb92aab6811adff8ba8d6098d654c53c35e5639b513ff9cc9ecd90
166,83,17024,0,1,1,1,dc2e1d286ba20cbd0a47465c0f4a553d5ee9bad81d6f5c800d72d8785a32ed22
167,83,17024,1,1,3,0,228dbf8b095df1aeff1757a229d4c5d1718361deb86f09bfae6ef035ae3807ee
168,84,9745,0,1,1,1,b1474737a1ee621649a1719b8df59616ee234adacbe6fed78e1c83b2f944fded
169,84,9745,1,1,1,1,43dbfb7b9c7bd4e35bc5081e2422ac0477ed2c769531f446d336f2eb6bfd7a72
170,85,10154,0,0,0,0,NORMAL_COMPATIBLE
171,85,10154,1,0,0,0,NORMAL_COMPATIBLE
172,86,21685,0,1,1,1,5c44d49aee0ae8cb79bf3c5df6dd258c15e733f3bb40648a7c14f760ad5d541d
173,86,21685,1,1,1,1,60534a8bb6230c4872407596bf5d4bfcd2ac5714674877cb76c443333a65fab6
174,87,13962,0,1,1,1,839f7ff9f1d957e69b5808da9a97f8430e0519d51bfff797db0275927e0c7e01
175,87,13962,1,1,1,1,863f4916ca28bb7d7d92f79e9389bcb75293ba2da8b9fa05deeb9f125d8c7225
176,88,9538,0,0,0,0,NORMAL_COMPATIBLE
177,88,9538,1,1,1,1,9137ed81c70a115870576942d128c4886f0874805cc244628294175a9c6849db
178,89,19054,0,1,1,1,e28d87a83ab807b01156968c1d7de2f7816ece4f62269bebf80d9a6eab6212de
179,89,19054,1,1,1,1,3335ed4f14c67d9804e7dd2c6c40403fe5477f6384cf6539014fbac982ec7dc0
180,90,6816,0,1,1,1,6ee5806e160c9988c9a7c0b4be5e3906c84920f3046f15b47833266f00f61f04
181,90,6816,1,1,1,1,7aac42fd588d6b59913a184a2569785d9b452ca910e6efa51365f6b844f9e712
182,91,4684,0,0,0,0,NORMAL_COMPATIBLE
183,91,4684,1,1,1,1,f3fea0ba73c19063148a0e344a79eed0690052f7523ade4b1fff0a76622e2f61
184,92,789,0,1,2,0,a96bcebbc21ef436ef267413ee9065a481a9b3eb732aa016ef21d96e83ce9870
185,92,789,1,1,2,0,1623a59b48ada9c83f882620c3c4601a266ad5af5090de3a5772a54f25dad3bf
186,93,4699,0,1,1,1,c8bef2215a23fbcb357164eb24f614edb1687f6342218530f6db94b5408ea419
187,93,4699,1,1,1,1,8841f5201eb28fef28189365cbbc3da8ba3465a63a15991abe5feb4845afa72d
188,94,1409,0,1,1,1,b82ab89b8d2ec65715887c5273a8cc6a27080ad90a43b652a2a90fd06e35cda7
189,94,1409,1,1,1,1,4f25a6dc31d728c584c84ad43b7d3591e78e065dd4490d9e6cfd2b8fcddc9b02
190,95,11080,0,1,1,1,e99d661269ca911133ba576cbda6bc2e8e504c832b2527bbd7b8fac841edd4ec
191,95,11080,1,1,1,1,93d8474dc25c4c6150008111893d5bfb15ed9a7dde664637be28124e23b39f44
192,96,11027,0,1,1,1,12b96774ee6d7fe6300d320a7820b6f32466cac123b3073e9075f845ec851017
193,96,11027,1,1,1,1,9533b2483cb4e85aaaf89787589c2efb49cee295bb4c05b4a8d66c881b5c9dbc
194,97,2048,0,1,1,1,caee2d6d71dba525bd01d3298df2f3db02169253fdc47c5c957ff29e39d43763
195,97,2048,1,1,2,0,7817e0cd5541ad4c7138261f64d5a16d7324a9d56b1570798010f86bb4502568
196,98,21686,0,1,1,1,9eefd5fc0c5154f7cef43bcb82aa5d1fc0c7426828b1c016a97a2c1e305567fb
197,98,21686,1,1,1,1,d6ef398c3d32e7ef6792976af03a060c6eb9051c2bd56420c5b5983896fc57da
198,99,1407,0,1,1,1,3f16916e5a0962c69e4e7112e6a49ddb936d067c5709725a909d98a6286887f1
199,99,1407,1,1,1,1,b066edd30105b282d9f6835ae6a991b732f55a311ae8acb3a6332c3b2993bc90
200,100,5094,0,1,2,0,d24db64c9cbbfd37a8df8ac3d2d55a8bc8f16404833b782cc58fc6967e36c741
201,100,5094,1,1,1,1,ccccf83904a813eca2be2367eb96ec7f8b9cdd21e23599335725e02ae819e111
202,101,12988,0,1,1,1,cd5c72cb8e2ec98459a03f79da916415e64b9c650ddceb4b6047b6ef56de0afa
203,101,12988,1,1,1,1,9162ae6e64fb00c756f80b84fa3c70e8760b2f117cd52635fca59d7a2423079d
204,102,7246,0,0,0,0,NORMAL_COMPATIBLE
205,102,7246,1,1,1,1,0384157af10805175872e449322891cd958c5b369c4307ae0d1245b333a5cb06
206,103,3138,0,0,0,0,NORMAL_COMPATIBLE
207,103,3138,1,1,1,1,0776262891a148b0f167ec55c6a085af5de4af99ab79b6e294e577dee53fd878
208,104,7801,0,0,0,0,NORMAL_COMPATIBLE
209,104,7801,1,1,1,1,b31f0324f57bbe5510d60266754596a6c0f76669cf34e541083e122ee5f238ce
210,105,12352,0,0,0,0,NORMAL_COMPATIBLE
211,105,12352,1,0,0,0,NORMAL_COMPATIBLE
212,106,21088,0,0,0,0,NORMAL_COMPATIBLE
213,106,21088,1,0,0,0,NORMAL_COMPATIBLE
214,107,12910,0,1,1,1,d757c957aea1884c4e5bd7221df8941531003189eebc598d7e02e6048b59eec8
215,107,12910,1,1,1,1,d55aa83cd802dd5d586c0880eeafeadf5b8b109e2e2db0ca44ee9cdec581d091
216,108,2787,0,1,1,1,1347460dc09e916aa5cb5213c9e44bd8e46d48b663a710b1ca06c4825984c72f
217,108,2787,1,1,1,1,0b1bcc6f3c180ad7fa8852b9537585be038f1e7e5c00aea812b3558d6324cd1f
218,109,10096,0,0,0,0,NORMAL_COMPATIBLE
219,109,10096,1,1,1,1,a8a9cdc7ea1462b80ff6a6c31c41e7ecfcc24d711a2a92dd366e73f5c5006a93
220,110,8151,0,0,0,0,NORMAL_COMPATIBLE
221,110,8151,1,1,1,1,f0e98fef3a55c06413b2c2ec21a14351d2f0c26d69a0103ef96c3e8b55b7e2af
222,111,1543,0,1,1,1,a0efa834ecc28efb81c57340889569ce2ae9e00c9ab7c890623a3a83212a990c
223,111,1543,1,1,1,1,684aceb375ce2c8a9123a4678303e9fde30948f6a8101e6c6bf97154f100a7d7
224,112,15139,0,0,0,0,NORMAL_COMPATIBLE
225,112,15139,1,1,1,1,ad707144ed2b2fe12568036dc6929e94f42a9d1a1acb012a249d8546acd28452
226,113,3403,0,0,0,0,NORMAL_COMPATIBLE
227,113,3403,1,1,1,1,8a1c8e725b7f03cd71cfb7174df6887426145c5df846af7c477dc3a153b286f5
228,114,16860,0,1,1,1,4bbd1cdf7db836e6fa4964bf532a730f53f6b534139be70745c73c213f16e89e
229,114,16860,1,1,1,1,0964d09908e98a912db0f01e66c56d69d3f453c1d7ba8a811508feea562347c1
230,115,19202,0,1,1,1,ce5bd9214566a61a4bf58c632e8be7b492bba4161ac93d2c6e725223362cef3d
231,115,19202,1,1,1,1,22b32f00d6496b3bdd17c5e5fcc5d223735016551307277e32d6faf43a1cf5e4
232,116,8492,0,1,1,1,1c31419623a6cfc4643c7e743560bec5e11a311388b909f9d330341f5fc7b147
233,116,8492,1,1,1,1,d20008190ef59f705346f749482dae5edac28df476c826b296c1067ef23800b1
234,117,12253,0,0,0,0,NORMAL_COMPATIBLE
235,117,12253,1,1,1,1,937678377d77b17816ec495497178e0d46083dfe947fd92df2dbb214a5082d62
236,118,16623,0,1,1,1,4d3571671f6c57f7147c24acaccfd7219312a9043fa79e520ebd2be977eb30e3
237,118,16623,1,1,1,1,4360afc72cc0760dc4abde7bc6be1a2552a40d6175f11f6b776f2b01e87120d7
238,119,4794,0,0,0,0,NORMAL_COMPATIBLE
239,119,4794,1,1,1,1,6864a04341d6db9de42b179031023a47c7dc84c8fa504db1c144b0706f0237c8
240,120,9840,0,1,1,1,aa15c9aaa68f1e5d02e9058cb41b07b8e557dde3e51f1a0a67f3b7de474856db
241,120,9840,1,1,1,1,0ff31352877345dc59a12d642ba81afc938572e7827bf23ad82801dc825ab0cd
242,121,14739,0,0,0,0,NORMAL_COMPATIBLE
243,121,14739,1,1,1,1,4b444bf5026e1f2828a5d9969b636666039fca89a16a66864100c3ae10c2d3e2
244,122,2262,0,0,0,0,NORMAL_COMPATIBLE
245,122,2262,1,1,1,1,ef0f78a45f541aa77f6a8fcef7c2c947c2eedb21ffbe88cb9833a1e4d9a900cb
246,123,1242,0,1,1,1,a1d8ed54aa274504aef4a8d35829209525707c33588f1c05bda4a7a170d758ee
247,123,1242,1,1,1,1,d50edbcf054853cef746c2634b0bdce6ffeecf579e1feb553d5c4e5c5969587f
248,124,4586,0,1,1,1,7d04fcb66a1ee619ce3a5b4c5580276fe8ded00ae20951ee0d7979d3e5bdcb8c
249,124,4586,1,1,1,1,c16c87b15402757038146d024f38cad8e423d16047fa66d1bebe700efeab32de
250,125,6734,0,1,1,1,0d3e6654286eb19d140e64241b58a914928fd863e990742631748b61c219be1a
251,125,6734,1,1,1,1,abfda327a784bf8671d1d789d7d27a36013007ef21daa2390bb03bb5fa028ca0
252,126,6924,0,0,0,0,NORMAL_COMPATIBLE
253,126,6924,1,1,2,0,d7f50c0b4b8436912f7c82ee3b609dc0e89f9db42e694a70ca1d250699984fed
254,127,21411,0,1,1,1,183a3aa37743de5024b995c9c0f8876770ac3b0d75076e951b4041f1a05e6b0b
255,127,21411,1,1,1,1,187eddb81a1b93e1b707e638bc7d7853e67e32698cab7e9c6549e999b3e79851
256,128,8354,0,0,0,0,NORMAL_COMPATIBLE
257,128,8354,1,0,0,0,NORMAL_COMPATIBLE
258,129,1482,0,0,0,0,NORMAL_COMPATIBLE
259,129,1482,1,1,1,1,561a8dcea08f64f58dd7013298052eba600b06724087d69e9c088cebeaf8781e
260,130,18197,0,1,1,1,857022e904da37b21c0c29851603d5f6b71965e702338ee932067c4caaa15211
261,130,18197,1,0,0,0,NORMAL_COMPATIBLE
262,131,17049,0,1,1,1,7d9cff06904844244317bb579717afc168c1a8bbbcf365406544c8eefbea1b36
263,131,17049,1,1,1,1,19c35aa90e2f1896ef83907422d3cb89de2527640a1d60f38f301f7a79f27fcb
264,132,2565,0,1,1,1,9e4adc56747e98ecbb8903181e28ead4f4691a6b911a964352e2f50fe2d0cc66
265,132,2565,1,1,1,1,15ede882676080ed4d765b7798f4f559291392409ba4f39cf4bd989bc913433a
266,133,4487,0,1,1,1,985f81d2091bb7af526bd9d82e85032cb6283065f4032861d1a98519324c1766
267,133,4487,1,1,1,1,b3b653a4898d0cebe366b7a672f34c7c8986f52e13fee6e9acdeddc739204a89
268,134,7743,0,1,1,1,b0ac8f0c01c6583396fe882286022ccc21a150e8f5a0f8a34b70941b3d615067
269,134,7743,1,1,2,0,7817e0cd5541ad4c7138261f64d5a16d7324a9d56b1570798010f86bb4502568
270,135,6714,0,1,1,1,1feb27f373daa08edc320c2926e8a9e5803b1585851097170600a130d4d3fc06
271,135,6714,1,1,1,1,1b033f5aa99639092748551f3383f49dfd1c9b06ae41c77047443d5fd88ed9cb
272,136,3813,0,1,1,1,ecbbadf7014464fa7e04a46a01fb0c7cc66047b336ce02cd9176e2ef007481c1
273,136,3813,1,1,1,1,117299146374dfb15c6b8dbc8f1af1ba5c2b6d83d0622b8cabe54c8be8e178ee
274,137,273,0,1,1,1,e821f1ea0f01d8c16e80f8071729a6a6966a0e7e6afee94508b6de7b07b10ccd
275,137,273,1,1,1,1,a31240a3fafd459cc54d84cf248c26a4bd54d0d714005df8829596b7e4d725d3
276,138,15590,0,1,1,1,da3ca75d97b02d5ae173b952fd03206573762da1447776c5ec9ae53b69852a90
277,138,15590,1,1,1,1,dd4cada7edc2ad6a1d7a476d25072c6519929a140d56b2da4ed0e254c0efacaa
278,139,5949,0,1,1,1,36da2a49d8f6fcaa022c7772aa60dafe459361f0ae18ffef30778f3fab712af6
279,139,5949,1,1,1,1,6a30dc3b0e744ec81fc1697546dfc73da845c13574680f222aefde2a413fc0c5
280,140,15958,0,1,1,1,e22d14c73c9912c86071380fb26c5e38454621ce32eccd6f5f74c82e49ce22de
281,140,15958,1,1,1,1,6c68345eadc421e5d609eb4c6675885224d23edb82f2fa758d352e3bc0f7863e
282,141,15966,0,0,0,0,NORMAL_COMPATIBLE
283,141,15966,1,1,1,1,84cc7cbca25719a30881d4a61eafd5f592014aa6d51bf256db2609dd0025d792
284,142,14155,0,1,1,1,ec10dc735d82f36725aaf911ea6eb9e3f61d8205e90dfc067c6dd614a3502846
285,142,14155,1,1,1,1,a56bca065cd3246017f034ee52f5305f9188b4ef9bd12882b1e302949fff42c9
286,143,6023,0,1,2,0,9e90a2464bb4124f45c33f4ada4067e3f4d9e3b1fb6f3034a6491096d90c9d45
287,143,6023,1,1,2,0,d0cb377fbd6042b369a69a0da6cf7b24b30ef99ae2df15a8add2eb9e713b36f6
288,144,15824,0,1,1,1,6510d4a019cccc29ace5f761d0797d2ba3d5cc35dfaf28893cc7b334bdda96df
289,144,15824,1,1,1,1,210d34740c8ad730b6f251707e54a3ac7377d3c9eb2bee421426809e36876d85
290,145,18975,0,1,1,1,8632fc5d54aec292fb4375d190ce31e244390cea2ce247bdd34fded411a6f414
291,145,18975,1,1,2,0,9b49c9679cae487177853b9f746338b4a7ffb8851e41a42f67f37b683dd94368
292,146,7733,0,1,1,1,79c3f28b68c0ea18c863f2dfc4733c1ef751f3bc42b2c65915a932750f474ede
293,146,7733,1,1,1,1,cb558b954fcc304c7c2b4fe1a3351ef16b6d0bdb688f7fb84f23ef035715c525
294,147,8035,0,0,0,0,NORMAL_COMPATIBLE
295,147,8035,1,1,36,0,ed3bf241fff7723a3179b84f84f0fc60eb9ff43e9880288624923542ced7d265
296,148,4988,0,1,1,1,4d9a5c16778bf9585e2ac357e7d02494da1064733528ae1a9862247b85699fbb
297,148,4988,1,1,1,1,9f32e6fb4c230be92b54967b80bc859b487c64494abac48e512ea2ae88c94c32
298,149,12913,0,1,1,1,4f3d772816f5c2d72a1f6d2f7ac20a0d09b3b78566a9622f14100756adfdce18
299,149,12913,1,1,1,1,6d9f5a09cb03100092a2778bae87c7829b4eb5ffa9d5cf8f959b0d04c775d048
300,150,5535,0,1,1,1,0c2e57b7f5594711e7dd1e3ca19ff3d4bcf896753ba086ac322dce4d39fed897
301,150,5535,1,1,1,1,19f21a1d3eda7f8c5f41b93d11c79cb05ecf75c963d514b81697504ccd5336ac
302,151,5437,0,0,0,0,NORMAL_COMPATIBLE
303,151,5437,1,1,36,0,ed3bf241fff7723a3179b84f84f0fc60eb9ff43e9880288624923542ced7d265
304,152,8714,0,1,1,1,09878163236a24e3f21f14241e33d0b021955d3d5e58e498dedf456d0a07a2d9
305,152,8714,1,1,1,1,91eb2f03b43cd0eb9f71f92275ca2b684febd9de7268c0da3e4a59cee2c61d4c
306,153,21289,0,0,0,0,NORMAL_COMPATIBLE
307,153,21289,1,1,36,0,ed3bf241fff7723a3179b84f84f0fc60eb9ff43e9880288624923542ced7d265
308,154,5586,0,1,2,0,a96bcebbc21ef436ef267413ee9065a481a9b3eb732aa016ef21d96e83ce9870
309,154,5586,1,1,2,0,1623a59b48ada9c83f882620c3c4601a266ad5af5090de3a5772a54f25dad3bf
310,155,13042,0,1,1,1,fdaad08455a7fc1cdb9b42a0b3758e50c88d27f8d1bbd3b4be85e8bdd8c4aa22
311,155,13042,1,1,1,1,a8a0a60f7d7dee50cb2b0c2cc1155dc912bb3b035f677dc827293f2508496593
312,156,13574,0,1,1,1,a76adce4daa7c615683c2080a9a2846f784dbba9ca91065eca13ca4e31a2caf3
313,156,13574,1,1,1,1,241886acae5b390ed2bec49450a237e1a04063c4a606db7c6f55e01295b72009
314,157,22610,0,1,2,0,d0cb377fbd6042b369a69a0da6cf7b24b30ef99ae2df15a8add2eb9e713b36f6
315,157,22610,1,1,2,0,9e90a2464bb4124f45c33f4ada4067e3f4d9e3b1fb6f3034a6491096d90c9d45
316,158,12714,0,0,0,0,NORMAL_COMPATIBLE
317,158,12714,1,1,1,1,93e17a45e045be1da1230b9971542291afea2699b513e0e78dbb8ed43682816f
318,159,3766,0,0,0,0,NORMAL_COMPATIBLE
319,159,3766,1,1,1,1,dac1724115d8c89bb369eb23a07e6e9eb42536001416186b8ae442b2256aa6db
320,160,4405,0,0,0,0,NORMAL_COMPATIBLE
321,160,4405,1,1,1,1,54a0df57b32028ffbbec9b03b56cd4a02656abdcfe8b50b0ba1e77a35627195c
322,161,6804,0,0,0,0,NORMAL_COMPATIBLE
323,161,6804,1,0,0,0,NORMAL_COMPATIBLE
324,162,19846,0,1,1,1,086e28d8db7b599d8333447cb5cfee6530053cf5a75f1116e797912e99b54893
325,162,19846,1,1,1,1,9ba5203ded19a7daa443f308c28f2242ea26bb0a7aba3394d522830bc7904a22
326,163,19106,0,1,1,1,cdfd80bc68028750cd83444f569a08c09d358ec227446b48c67a3c672bf91bf0
327,163,19106,1,1,1,1,c561bf11aa1351fbb5fb75c73a990cfb9e61ec8d1fa5061409392caa964a49f7
328,164,17791,0,0,0,0,NORMAL_COMPATIBLE
329,164,17791,1,0,0,0,NORMAL_COMPATIBLE
330,165,10125,0,0,0,0,NORMAL_COMPATIBLE
331,165,10125,1,1,1,1,08fc871811afb107052dd2bae1d6b37868bde1dc6711b0d213e1047cd6b0117c
332,166,5287,0,0,0,0,NORMAL_COMPATIBLE
333,166,5287,1,1,36,0,ed3bf241fff7723a3179b84f84f0fc60eb9ff43e9880288624923542ced7d265
334,167,17284,0,1,3,0,0aa8bd767c6c3425a69c83253596f1909119567c58eede38a61d366edb1f9044
335,167,17284,1,1,1,1,4fcf715c550801895cef3476c7df9f366328e07dda4ae2be1bb621c8c80c6cac
336,168,7637,0,0,0,0,NORMAL_COMPATIBLE
337,168,7637,1,1,1,1,1a70bf3abbab74ba70e799f58776e0eba3d110da504a78cd75d7e88dc691b611
338,169,1086,0,0,0,0,NORMAL_COMPATIBLE
339,169,1086,1,1,1,1,77b9129bbd3abf5578d24c13e08748801482aeed8f38c812ae209c735a87db26
340,170,12031,0,1,1,1,7cbf8025cca9f32bab1cd3c1498ccb85fb78314f556f18d3f896f1f34779cc7e
341,170,12031,1,1,1,1,8cace208e074db2323867ecac9083852ab3dee5d74d0dab05bae061a816d0272
342,171,19254,0,1,1,1,c5c5568765c1e2f756fe12d7c866bc9ec40f937dd01bd56dddfc02a0153c3e30
343,171,19254,1,1,3,0,0f23c8dac2f96dc94e84a0896b1c92b8bd3d21851649e60eee45fa74af8b4dc0
344,172,10618,0,1,1,1,28052371d983f89f9237a44efc953d1e494b8c0642347ea4dbdaa0a06524ba3a
345,172,10618,1,1,1,1,8ab9ef0b7d9c846cfcc8f0d1238fb58291b13c276fa84a0eba98569e8d909c33
346,173,19400,0,1,1,1,90b7efc6e0784004138acabb7c2548d3f2412480a40b25f75080a78f9edcf224
347,173,19400,1,1,1,1,9f9f1c5b8154f16bdac065123cd8b999d3604d28f470962d7debd4b3c236b8de
348,174,21373,0,1,1,1,8271274e83df4ed09c03b4e1e3f97cb24ce1573c523af94d5b2a96c4742f278d
349,174,21373,1,1,1,1,f03e2985bf9a283bcb3ba26a93beb85c2520aa0456a30d8e7d3c534481ff3e28
350,175,2698,0,1,1,1,320815318d3bb4cea4acb91ed7374873349e79b9fb67d7541200c786562b97fa
351,175,2698,1,1,1,1,0f3f0309ef96f34021c177f11210152115602f26c967ea7ae61233eaaa2932d7
352,176,11382,0,1,1,1,df8e6d5e41d9fd2c612794073ecd4e08a4f7eaa9ce69fed6768d3158ec2153b2
353,176,11382,1,1,1,1,754d4e05a2bcbbb579702b98a46c4299e7829c6700136648ceea153316834a08
354,177,10069,0,1,1,1,2a225cdfd97e4f515364ae4e5e2e75155e2d22cd989d11dda0ad8ae0a0bdbf57
355,177,10069,1,1,1,1,4fd92a29921e5ef45553ff21497bbcde44071fbf8b0ba25ee49c454d4291047d
356,178,11598,0,0,0,0,NORMAL_COMPATIBLE
357,178,11598,1,1,1,1,b62469d4a71e55749b2aa92f1ff32538a6d05a09707d71452fcf512e4f8719b9
358,179,17029,0,1,1,1,061d0ee2fd83d8bce2307ce840fe8e2fce313e10a9e066f167c7419dc0a38086
359,179,17029,1,1,1,1,38ffe13aac87cb6d1d3378182287de32a6cab8158d727a242e0c4269b62ef72b
360,180,11094,0,1,1,1,39d1671b4edafe3254b8a331862fa05b68a04f056d55822e3b19a446860c090c
361,180,11094,1,1,1,1,b5fd32b3fbf81b09b98e0063a9968a6dad13def8517678f4d41d49b96f100d8f
362,181,5034,0,0,0,0,NORMAL_COMPATIBLE
363,181,5034,1,1,1,1,2757cf321668ef0d4fe839ce3e43b1e8722bfc7058d9535391a9700d6a8d41d9
364,182,8999,0,0,0,0,NORMAL_COMPATIBLE
365,182,8999,1,1,1,1,b34002efad1ff721b314cf347e49942830718fdd472b3907fb55e9058c1626aa
366,183,10068,0,0,0,0,NORMAL_COMPATIBLE
367,183,10068,1,0,0,0,NORMAL_COMPATIBLE
368,184,963,0,1,1,1,bcb4ac7e526e215efb5ffda75084f4d5ac7cbcdb0bcdfd1fa47787ee0f62a274
369,184,963,1,1,1,1,75353a1bb37812a817b4aa5aab385ccb8090442b1e219782d0e2fa45d5e783c1
370,185,5267,0,0,0,0,NORMAL_COMPATIBLE
371,185,5267,1,1,36,0,ed3bf241fff7723a3179b84f84f0fc60eb9ff43e9880288624923542ced7d265
372,186,11232,0,1,1,1,53c78c5b0b592975be9a21da61e9eaa90b2b016a360706bc19c445b6a917cb4d
373,186,11232,1,1,1,1,950ef8e46e578eaec10ba770662948d91b02857fca2a38035d6bd04e8184134f
374,187,14448,0,1,1,1,d4af2e57fc6e2219fb0a8d41fb4181b3bc9c31eea5fdf7fb39d94e41d5a2e26a
375,187,14448,1,1,1,1,8d106b164a4adf338a13d66a2c8725c4a4304f13d4dc74e97a59f393bfd452bb
376,188,15472,0,1,1,1,9af13379873e09ba500bbea5c3d1e4a503c5ca7d5e2516e5dde21e2a713d4feb
377,188,15472,1,1,1,1,716c8bd885d3dfdb04156f257b8c1831ef63e658339823555c6f16a4241935be
378,189,3191,0,1,2,0,865d2a437b73b2f4d6de51179dd63dfb38b3618fc38ad8bac7550514cd3e7988
379,189,3191,1,1,1,1,81ef942442700c13cdaa56b75bb0384151d1dc083e12c9607f6b0605a2fe3e95
380,190,8735,0,1,1,1,5d9cd3f532db9a3cb7433205996f14c7fde7791cec336fe95d157bac1c6ce4e2
381,190,8735,1,1,1,1,a8575fb30ebc370122314cba7afd9616109956345237a04c8c29bf653d597977
382,191,10244,0,1,1,1,04a15e5c3a4cac3424b9d9dbd8b7e4bc72c5fe7bb07443229d8b0ae7f8522007
383,191,10244,1,1,1,1,fbcaf449a8cb1f8e3629fd406c7004f02e1da78065b9ef7752e59b0d1f4af35b
384,192,17788,0,0,0,0,NORMAL_COMPATIBLE
385,192,17788,1,0,0,0,NORMAL_COMPATIBLE
386,193,5127,0,0,0,0,NORMAL_COMPATIBLE
387,193,5127,1,1,5,0,76f5d750844d1d07c7e245d19da37639754d431dbbeeb62e936aa41269f1c070
388,194,10639,0,1,1,1,809633d5bd6453a2a20ff58f87b233cc9d08506c4f6ff2f107aacbf567755671
389,194,10639,1,1,1,1,0498a66146fc7eee64a8bd198caf9b553c6a32f1b0448b60333f6fd9968fdba6
390,195,21847,0,1,1,1,78823c43fe623ead5e07a1abb811027f5bad5d7347b81548cdbf795cc528f352
391,195,21847,1,1,1,1,3742019e33978334921e0443b23d0682901542ee43e93bf8764486d6bde52c34
392,196,16299,0,0,0,0,NORMAL_COMPATIBLE
393,196,16299,1,1,1,1,71c8eca813f25dc6827be868bb9a3d62f09d57109de76ba8bb40d9621afbd371
394,197,21237,0,0,0,0,NORMAL_COMPATIBLE
395,197,21237,1,1,36,0,ed3bf241fff7723a3179b84f84f0fc60eb9ff43e9880288624923542ced7d265
396,198,16027,0,0,0,0,NORMAL_COMPATIBLE
397,198,16027,1,0,0,0,NORMAL_COMPATIBLE
398,199,8595,0,0,0,0,NORMAL_COMPATIBLE
399,199,8595,1,0,0,0,NORMAL_COMPATIBLE
400,200,14141,0,1,1,1,60444a3021d6170e70f81fd0979052c2f2000fb358564baecad9210a1cbe94c8
401,200,14141,1,1,1,1,14ea7586741bdef0c0343db5600ebc82866383c83683e89c297e7216ccfa71bc
402,201,629,0,1,1,1,44c22a49a3949eb5de1c9f4f6054d4767f37a775423f6f1375cb10b93091dae5
403,201,629,1,1,1,1,3c700666799e2852556258c0d0a6cb2b853e00c4cbd8d02a6e72428511a4dc43
404,202,14962,0,1,1,1,776afd3a760304dcf7343d83f1f48fa69ccddd0227ce9431f78135d883a08197
405,202,14962,1,1,1,1,af98a6aed73102a10d5238787b0d0157cf85fc7f1528b047cdaeae712f26cea9
406,203,2360,0,0,0,0,NORMAL_COMPATIBLE
407,203,2360,1,1,1,1,a998934c2fb6a9d2916873ee455d9dfdbf568e780aadb6972590f61546e82cc7
408,204,7244,0,0,0,0,NORMAL_COMPATIBLE
409,204,7244,1,1,1,1,e8b4b31eadff96debf91dac529b0eecf9695ca36fcce94606f8e9c1ac3589849
410,205,14125,0,0,0,0,NORMAL_COMPATIBLE
411,205,14125,1,1,6,0,3243b01a7344b2d01e56ad3b220e597469a858f08873c90fdf4dfca040a73c60
412,206,10076,0,0,0,0,NORMAL_COMPATIBLE
413,206,10076,1,1,1,1,8b0d5834551f30e1c6d7667045fe43427b9b0d14263437fb146ce78d5a36c5db
414,207,5440,0,0,0,0,NORMAL_COMPATIBLE
415,207,5440,1,1,36,0,ed3bf241fff7723a3179b84f84f0fc60eb9ff43e9880288624923542ced7d265
416,208,19643,0,0,0,0,NORMAL_COMPATIBLE
417,208,19643,1,0,0,0,NORMAL_COMPATIBLE
418,209,21506,0,1,1,1,6d89f0491298755e19ec052b0c5ce5cac134134bb3ba610b8166aed5fd7623ff
419,209,21506,1,1,1,1,e192eb18a213f231e2d76aa384482cc867ab455c9875da9f8cdbd5f563f5a4d4
420,210,11275,0,1,1,1,ff8f61c8b3aa68b2152feb2cbfbecdcf60d8ada2b127c7c6aad678153c00c7ee
421,210,11275,1,1,1,1,46f31c1f88b330db6e5d383f44916e5e8467cd3bd6edaf6cdf7e0dac835a57b0
422,211,12679,0,0,0,0,NORMAL_COMPATIBLE
423,211,12679,1,0,0,0,NORMAL_COMPATIBLE
424,212,2442,0,1,2,0,8df5ac6bc7f229e3c809a136d82ea357ea7762205450bcad615cdc80a2c46004
425,212,2442,1,1,2,0,4a40e0af9d8d55b6ff38c532a89b2277d3d538a1b78f75a5655f5f83cb62a2eb
426,213,2762,0,0,0,0,NORMAL_COMPATIBLE
427,213,2762,1,1,1,1,bf0a76ed7aff8bf2308c559ece5fcd4c68e5d7ab8d9b137aebc34a2915b48344
428,214,12266,0,0,0,0,NORMAL_COMPATIBLE
429,214,12266,1,0,0,0,NORMAL_COMPATIBLE
430,215,7943,0,0,0,0,NORMAL_COMPATIBLE
431,215,7943,1,1,36,0,ed3bf241fff7723a3179b84f84f0fc60eb9ff43e9880288624923542ced7d265
432,216,12654,0,1,1,1,d90463392d53526c33c5ffae8a86885ef7972eb138aa8e290720c6743703dc22
433,216,12654,1,1,1,1,c482beae8b7303d3d995d3f9a6276de1d61d02763bb45d3b5f9a3e3d8b2b2c94
434,217,17509,0,1,1,1,2fafd3712e9362e28c217e108b9da71defa62ae0fb67ab9cee96e97fdf2de288
435,217,17509,1,1,1,1,4b1739197679882063e5a6226349c5ddfd519441f4f3b3fb909f33d398ca3a8e
436,218,19705,0,1,1,1,02fae5efefdf88d72d8ad22628735e218ce9c92650db505153d08f398e2c7e5c
437,218,19705,1,1,1,1,93a0ec6e070aa8ac395b3262ca9a2c04b06495cde6cecce9f3af91333582feb1
438,219,21605,0,1,1,1,78768c3adabae6b20ba9d724f2c16101c1152bb8055f206566999d406c2971ea
439,219,21605,1,1,1,1,0124b3a24a6906178d6dcc2866e2abb157c335274553b7fb994f1f35e2ca3551
440,220,16339,0,0,0,0,NORMAL_COMPATIBLE
441,220,16339,1,1,1,1,342a30d08263242438c044d6f89f51bf13a007f6a28389ebeb94b9456a93a355
442,221,3127,0,0,0,0,NORMAL_COMPATIBLE
443,221,3127,1,1,1,1,7d2632088ddfced89f1619041334846ffcf370c860ff542ea6bf4e254e6cc956
444,222,7851,0,0,0,0,NORMAL_COMPATIBLE
445,222,7851,1,1,1,1,3b438307502b0d357242067d08192d637a3b6bcc5a2d73e0d0081f1e388871e2
446,223,6562,0,1,1,1,5fd6927d5278ed6d23b459469a5c1cab478b6ea41df72859432693c101d508b6
447,223,6562,1,1,1,1,671e946951976a3c4e231d0456e7f8b0a8e74607cc749f9ad453ed407f5a414d
448,224,7144,0,1,1,1,d9c6066bed923299340e7835fb3f8118af36639840880d489a684879df253352
449,224,7144,1,1,1,1,43fa6e2f779cca8a7359993cdba8e5095d6f1a5928c29421916005e3e84d3bd3
450,225,4400,0,0,0,0,NORMAL_COMPATIBLE
451,225,4400,1,1,1,1,6d179fc513d224e858f758208c0fef732d08a0d1487e6fe30682f1d78ffd7c26
452,226,4563,0,0,0,0,NORMAL_COMPATIBLE
453,226,4563,1,1,1,1,a0584dc6cf3aac5d9bce9ae5a4cf10bec08cc0fbb76567dfda34a3a750badb65
454,227,14888,0,0,0,0,NORMAL_COMPATIBLE
455,227,14888,1,0,0,0,NORMAL_COMPATIBLE
456,228,9487,0,0,0,0,NORMAL_COMPATIBLE
457,228,9487,1,1,1,1,93207e112fe92f901678082dbfa986c9fb5cc1b969ed82def36b487fb13c7538
458,229,7194,0,1,1,1,fcd7820714cf1863c41c8d827b58fd2dfd0bed5a972f023acaec9282a7d7da31
459,229,7194,1,1,1,1,00e9adfb4d29b9a9a70075aa6a1631272385ce7fda81d6358efa44ad5b79d897
460,230,19156,0,1,1,1,3e11c99dfb88cb4f11b893ed7515ce9a67c7ff824c997b79f39523e48296cd54
461,230,19156,1,1,1,1,a2675f6d49cd92bddd62b1f8e5ee06ee035887cfca25898af445610502a79ddf
462,231,3280,0,0,0,0,NORMAL_COMPATIBLE
463,231,3280,1,1,1,1,a310c2ab0541757d55dcadc310c57ef8fd97decad7b9b85a3490972bf9ea78b1
464,232,17970,0,1,3,0,409903254ddcad9f36e480f708fb679a89cc6f73ef0b00545a2286a50d378b39
465,232,17970,1,0,0,0,NORMAL_COMPATIBLE
466,233,14990,0,1,1,1,43a9cd1c505d2b0b87a4df2aa8b7a340d6eab7a8b84c55e196e60dde49f292ca
467,233,14990,1,1,1,1,d9063e454f0e25ea2ca71dd9a444c750c5ef9a618eebb612a4b7f09425eb5cdf
468,234,8529,0,1,1,1,7719eed8d601bb1af95d1d42ab41d0ddde8f20c3bdb7bb48b06c98c580ef04f5
469,234,8529,1,1,1,1,db24bb5884392ff57129287b1fdca51a3f417ff6548b5afecb8f4383362edb0c
470,235,14783,0,0,0,0,NORMAL_COMPATIBLE
471,235,14783,1,1,36,0,ed3bf241fff7723a3179b84f84f0fc60eb9ff43e9880288624923542ced7d265
472,236,21587,0,1,1,1,316cac03317ec2da8c5bdc01d008a327d4fa94b2da4341d3be285ed92ba7b649
473,236,21587,1,1,1,1,be9d8ca0d45a34bdf68cfbeebd8bd598f657bc5f936884d57b10282c6bad6172
474,237,18560,0,1,1,1,1adad543b6b31e7523d6ff33d9a61717799976152a6c1a494a7365e08f7fbf7f
475,237,18560,1,1,1,1,dfdcf77b8b5af0ca243b77f5f2e8eac35a5db063b4ae51a42b388c79a0d0b5c5
476,238,14686,0,0,0,0,NORMAL_COMPATIBLE
477,238,14686,1,1,1,1,7477d1254d708894bc9f45a0bdf8a75c8fc3c13d2c813cdfc404ac624b6883fa
478,239,116,0,1,1,1,4624686aff22a7d6fc5f130698b11dc7d9d647253878c044c6b09fe4c0391a6c
479,239,116,1,1,1,1,1d55d87de6477b2cc89eba664ac8ca2adefec1357608d99d3933315fb2292a93
480,240,20486,0,0,0,0,NORMAL_COMPATIBLE
481,240,20486,1,1,1,1,291b780b59775aa6ed146e78ab6d0627ead0265c40bd404ed894aceb0c5d6742
482,241,16189,0,0,0,0,NORMAL_COMPATIBLE
483,241,16189,1,0,0,0,NORMAL_COMPATIBLE
484,242,8166,0,0,0,0,NORMAL_COMPATIBLE
485,242,8166,1,0,0,0,NORMAL_COMPATIBLE
486,243,17364,0,1,2,0,0aff86f51fbdc8bacdbc7eba88de582b333c889046d8a88c20f2f2cb30162b3e
487,243,17364,1,1,1,1,7973759ae821ecdeefcdd553a4e492f03d74bc2fcf62a04b3ed8f0814f2b9759
488,244,12535,0,1,1,1,95ef9ff09cbbb3fb1d22141a99025ae704aaf38bcf25ad9c9824a61bb897dd4b
489,244,12535,1,1,1,1,c601ed69a980b45c3bddfd9254fa0be6bebfe12fad99f4e2aec5f3cb0a725134
490,245,16906,0,1,1,1,3891b53c31036ab5e0bad8023c27707427de32fa3ee318a37d8bfa97d2646439
491,245,16906,1,1,1,1,5780e97610c162d3d951fb8ebb944e29077fb9bc231b27aac899bbb28029c825
492,246,14677,0,0,0,0,NORMAL_COMPATIBLE
493,246,14677,1,1,1,1,3da7e5eddd4b665d3e658984a92f7a4fe9ca4e7bf49dfb8efbb0fb193a4b2aaa
494,247,19817,0,1,1,1,97643c0ee17d5cf317b27dfccb88b2ae896a489332f7141fb6d089d9d31a37a2
495,247,19817,1,1,1,1,b22dddf81b543e90c24d287079fb410f2fe87ac7b0e04a785dd8915bc1006b02
496,248,20630,0,1,1,1,ffbeeab03b17edf63d25f6952b817023a89dc4038ac7fb2bc559ada2dced6118
497,248,20630,1,1,1,1,903098d62ced92d1ca7d6a30d6cb2973a417a5ea072d01b08c3f8f35ebe8aa53
498,249,1927,0,1,1,1,38195d6175fdf2a798ee591f184c326b09b04a1b6151959c1f4929f2849245e7
499,249,1927,1,1,1,1,0b8762a9e6a06851779a39e1780e16ffca28e0693e16c2e47abe8b00c0ca6e4d
500,250,4287,0,0,0,0,NORMAL_COMPATIBLE
501,250,4287,1,1,1,1,44a87b90551d928655b275752e3878d57d1cb7ce9caa16c41f1c2d9b9d85e8dd
502,251,11679,0,1,1,1,0ebd687e13a757f1316a0e6acbee9abfc4b881e85e0ce88d4e3b46e2b2be3735
503,251,11679,1,1,1,1,db7c3133f7a8d11e4e1476dc97d451363d72d663c31a915f5001ab25d34c2daa
504,252,18138,0,1,2,0,c626ed99f84683b9764ec9d491e0cf73b1100aa3e248960892097bfcdeb1066d
505,252,18138,1,1,1,1,ac6849f4bfe5c439f01a9c28bbae5d394647358975c0eff61cdd006e1adcb54f
506,253,5143,0,0,0,0,NORMAL_COMPATIBLE
507,253,5143,1,1,5,0,76f5d750844d1d07c7e245d19da37639754d431dbbeeb62e936aa41269f1c070
508,254,10194,0,1,1,1,3e2a4eae10074fa3a0cda3ec2af2efb0f36337f566dcbff9b7c5b1877b06bac3
509,254,10194,1,1,1,1,7ad03a5d1f564231a2eed53e4d9e9465ab3af252c198dbb9c33d35f8d282f502
510,255,324,0,1,1,1,2706afe75078ec55664b2dd86fff6028e05ba88a7fc6ef2d7468613f2b10209d
511,255,324,1,1,1,1,097e8de617c4073ef0509b9da78eb40165310c85cdc97b82ae3a1db30dfb9c5f
512,256,660,0,1,1,1,b312b44aade6ce498d1f487c35c7b807dfdca9798c36b48c753efea3f0311ac4
513,256,660,1,1,1,1,fd2e9e245ba6662a8f3a259918feefea0c611c5fda1d44ed5ce31b4e01e3520a
514,257,21349,0,1,1,1,41a7e4cb06c7a446a2339f3a50afac6e5af97655bedf3a97a5514a8f11af05f7
515,257,21349,1,1,1,1,034e0a124fb12444ee31bf5bf82340806e57f97fc2d256d81102d9f3083fc138
516,258,1110,0,0,0,0,NORMAL_COMPATIBLE
517,258,1110,1,1,1,1,c77e5aaac34a0f7b1ae1ecdebd4890b3530560e541728c668ba0036a83a5cdd6
518,259,22665,0,1,1,1,f67b6f25259a04aefef0b4d92d4038c5c12546bbe7361865271351eba7ab75c9
519,259,22665,1,1,1,1,ad6effc1c4731c11354634f9d777c02b5ade727f534985012f6ccd2cebce279d
520,260,19043,0,1,1,1,92fb98faacc3dd1c70c88f96948f18301f138724ea21a5dbaad0ddf8977b428b
521,260,19043,1,1,1,1,fcc30dd0fb4a6fa900735d9946abe1e8116b66147c45d679dfe8553352615b3a
522,261,15812,0,0,0,0,NORMAL_COMPATIBLE
523,261,15812,1,1,1,1,864e4c7deba0b7aa7338fb2302c3ae1df090c3528babec5c28cd3cf46a4bb8f5
524,262,1365,0,0,0,0,NORMAL_COMPATIBLE
525,262,1365,1,1,1,1,4a0644e1ec583b2affd254052be5885efe61d0601063f3c7704e47951cbbe806
526,263,7236,0,0,0,0,NORMAL_COMPATIBLE
527,263,7236,1,1,1,1,393e84e3bbadb7aa1b18a29b849b1c2ecd4daff001c9536fae050f979369db72
528,264,21796,0,1,1,1,1aa63bb8bdec6fcefceb217807c28bc2f87630952eb33a1b9deffcb26ff17e3d
529,264,21796,1,1,1,1,d834211f9dc6640503ddc7b94d16f24d2ee3ab3973f1436217b1b69d490c3079
530,265,21696,0,1,1,1,12b5527cf6ffcf9a5839984aec30074df979f5902b52bb3e027ae5721d773ea0
531,265,21696,1,1,1,1,8a82672aa7afe17761a73cacdd8b6d8773e0632321ea970a50622ebe2921e4a5
532,266,15058,0,1,1,1,f446afe5da7bc730514352b54744062ce16ed51ec4569ad08e7a352432e3cbce
533,266,15058,1,1,1,1,0c11f3f964aa94f0b099c8cfa10f0ed87441feb4d92cb13d5cf5c7544752bbb0
534,267,19888,0,1,1,1,72e40e1296892acf1b9e7874686a516af592a59ac95c94cf14837b5a783ce542
535,267,19888,1,1,1,1,8fad906c0ad3401cba99bd909763fa8b27482436da6a4e751049e77b7189a7be
536,268,21829,0,1,1,1,92f2041a64295b65377ab9ea9e63fb4371a6761f5625be39f90100bd425b1e76
537,268,21829,1,1,1,1,f63990d15726b01c4f4b34a637419e4f7178c721ad07b3128c1ca72e9284a0aa
538,269,1285,0,1,1,1,f4c780360a7d10bcc3a75ed43c3066e5a71e42c1b91b5ed1f028a3d2a1d4e948
539,269,1285,1,1,1,1,91abac8e8178b6694e354689074ea13730da817750bad8a51c3ba3692f361650
540,270,8929,0,1,1,1,136f97f95665da2f2c8509dfbcc847539f7de5a73bbc883dc85db5a26b291659
541,270,8929,1,1,1,1,0c60ab27456be338a2c53b0bdf61c63c3011a95dc1eb7d241c5a82d0633c0929
542,271,21502,0,1,1,1,9331c84dcc319b945a18a3f2d933bb6e30c7e91aa02bf8465bd10ec65238e54a
543,271,21502,1,1,1,1,c93f6d162f35e95f5ca2a003118898adcff7c84f2efb67d2a358c4fd71b166a1
544,272,12094,0,1,1,1,33f8fd90917c619041ab5b353d661e5fdc2241a6aebb43a50f57d22eb0dd7332
545,272,12094,1,1,1,1,c6bb9bd9cb4c1a0551bb23e58baebe9ce93c6cf4debd92ccae500eacae33ec4c
546,273,20147,0,0,0,0,NORMAL_COMPATIBLE
547,273,20147,1,1,1,1,ac06d03d29ad2bd71236ce064e551e06f782ae2ec8e4e2e2e48cfd270a2818d9
548,274,11062,0,1,1,1,1e56599090147aef01476178132fffe384ec57cd8c399d05c340f05ba287b4e0
549,274,11062,1,1,1,1,cd9424101b3689be705a38e44b6b52de0876887b6ec79d3418777d7af66c1c52
550,275,7972,0,0,0,0,NORMAL_COMPATIBLE
551,275,7972,1,1,36,0,ed3bf241fff7723a3179b84f84f0fc60eb9ff43e9880288624923542ced7d265
552,276,7477,0,0,0,0,NORMAL_COMPATIBLE
553,276,7477,1,1,1,1,2e283a179118b06d9e58c25474ed28f8c467e9a25dcdb906d11a3c5ea6c9445b
554,277,8399,0,1,1,1,1211d2279ccf1021f797fa66b7b8c16dfbee2a71dd2ed83c56095aaf82485ee1
555,277,8399,1,1,1,1,51fd31ad5fd8989f21cd0e47227c0bd777a283ef0896891cd67db5fe3277cc0c
556,278,954,0,1,1,1,164ba456c1c78488b6f90c62dc16d1e628c792e3e31f25a1e36d58ff8630d046
557,278,954,1,1,1,1,fcc10606d04225431b3133ad20b2c7b85b1ed0b269366684e7a2b00a33e8be95
558,279,10541,0,1,1,1,aeaeddc675bd7dd7f135d760843cbecc438ff007834fd96702cf212dbd210fb0
559,279,10541,1,1,1,1,4ab3cb63fc6559bd33ac20cad3f6b94e70bc3cf20242566e10d3326a2888f3da
560,280,21234,0,0,0,0,NORMAL_COMPATIBLE
561,280,21234,1,1,36,0,ed3bf241fff7723a3179b84f84f0fc60eb9ff43e9880288624923542ced7d265
562,281,17087,0,0,0,0,NORMAL_COMPATIBLE
563,281,17087,1,0,0,0,NORMAL_COMPATIBLE
564,282,4049,0,0,0,0,NORMAL_COMPATIBLE
565,282,4049,1,1,1,1,6f0000a4fd279388b6ed6967d603e75a01127223fc5852458911fd9354cb7ab5
566,283,16628,0,1,1,1,327d1a2cacffe276be9c562c1b6fdf2e27cd89cbcc50069d9ffd5025053f1932
567,283,16628,1,1,1,1,63eca8c8b9ece392bbf9787e442a1f3c52d8bb9e65bc916ec1e48fa71c92de9f
568,284,7330,0,1,1,1,71649d592ac0145821888b9c6561687bc1142b5ac7ddebb638dd2528187dbbfe
569,284,7330,1,1,1,1,20c3b42322617a0d7d9a92005bf59ffca968be7f86a1ff59b8e3aae419328d35
570,285,8372,0,1,1,1,6c5bfe5f2d9d3f98a3a2d9a3a30bfa4c6e8afbf4f8f233515154f56c6d1e00ac
571,285,8372,1,1,1,1,1bca33d2b5f46622872b373b4fd7cd068ed7485e1bf3aa039898ae3bf53de4a6
572,286,14148,0,1,1,1,3900dbe00dd652738eab39f1acd9db9ba7c1079bbb6afbcc19a58e5ba71bff07
573,286,14148,1,1,1,1,4ba19a080ada6fb21618a3a22d13bc7b6d705c05f0c9205ac62a4ff6df5f0efc
574,287,4771,0,0,0,0,NORMAL_COMPATIBLE
575,287,4771,1,1,1,1,ccea0990ef6911e89611cac578d8af2d2a50134fb50456f421b982a3ced7cd88
576,288,164,0,1,1,1,5e5131d751f3f083e885790f34ebebbb6e4af677c528e786b045b8cbaec4c623
577,288,164,1,1,1,1,0e871ab167deb4f0acb36f4e67b5dc1080e112abe7472a8af205448dc8be8ed8
578,289,17111,0,0,0,0,NORMAL_COMPATIBLE
579,289,17111,1,0,0,0,NORMAL_COMPATIBLE
580,290,6699,0,0,0,0,NORMAL_COMPATIBLE
581,290,6699,1,1,1,1,d1d0adbbccd2bb14179ec403047f12e6eb2756c1416287f29bf214d65fc91c01
582,291,17516,0,1,1,1,d71edec66c7449badea24a180cb5285147c0e09e5129d34a622b0f39ceeb8d42
583,291,17516,1,1,1,1,8adad0119175381346d644fbfc292f5fd901ac9ebdb2b687aa61fcdc1b852e91
584,292,15238,0,0,0,0,NORMAL_COMPATIBLE
585,292,15238,1,1,1,1,dd8d3ad14d07678eb85eb320bbb47fbc72fcd045e8e1ec02180939eee3f264fd
586,293,16897,0,1,1,1,4062e8427dfb0bacf82bc595049126f55ffc01ff4a4d3f8733315d9701fdce72
587,293,16897,1,1,1,1,a01ec1ff6c7a9502055b162d37d79976edd1c437d7e50ea34093a47010538a4d
588,294,3055,0,1,2,0,4e0ac68d66d0bd37c04b65c2c82b75bd5b3deffcfe990ea2c69dbf23dfe65f47
589,294,3055,1,1,1,1,b29906fee24abb0dfd09e774880fe1479b55a6baafe6d256ec23dfa3b984d41f
590,295,6090,0,1,2,0,7ed256994e1906c8db6138267ee8ae71bf2811bc621ff259669564c37fc04db7
591,295,6090,1,0,0,0,NORMAL_COMPATIBLE
592,296,892,0,1,1,1,e38fe76eb9bc2f995a123c0e10855ff9032a6f7923ee456502b1fc584a52f67b
593,296,892,1,1,1,1,132e74c6f755b4a96b127e2314f3384b66ebb350cd01f1c9e61919555a4efd09
594,297,15267,0,0,0,0,NORMAL_COMPATIBLE
595,297,15267,1,1,1,1,30e5320c21a838466a9f96cfbed771178b8b6690c8b86376eab9d6e0d91d3824
596,298,604,0,1,1,1,1f67184069942238cbfc87d08d80a43c34583afaa8ed58af23aed45afc56d8e7
597,298,604,1,1,1,1,a25f357bcb467e8bd4b9b2ce6f992f5ed1f8ed279c7d6aeee301fc66c885586f
598,299,9904,0,1,1,1,9010e2e48447fb1362b656afab53c5ecdef878a152cc219e028a588178b30ed4
599,299,9904,1,1,1,1,5750958539c79cc479030e75b773775af6b143927a1ed41cb4ad5b7d89627d82
600,300,15304,0,0,0,0,NORMAL_COMPATIBLE
601,300,15304,1,1,2,0,fa10c2e00d644da28c96c78301e0f5b53c40242bebca924500e593ccb52f6f29
602,301,16390,0,0,0,0,NORMAL_COMPATIBLE
603,301,16390,1,1,1,1,294c9bee8d3534492b2a6e3897702ea989f90e49cb4c61d5af2e3ca5f4c87613
604,302,4239,0,1,1,1,220f8510d127f41efc221964fd9d207c1c733b1533ee6b2ff9a1b82b2b109fa9
605,302,4239,1,1,1,1,459aeb5fbf4b8b57e0371d60ad7c5c2310216d478ebdd4bd1e9adf392af8729d
606,303,3552,0,1,1,1,cd3667859cc8c64ec0f4ffaa87249755be5627033cefb6979f050e6a40556532
607,303,3552,1,1,1,1,b09cf3f0bf7b3122e5bea158adfa01cc97b9d4d9585478401aea27aeb925f544
608,304,7125,0,1,1,1,bde2877121ba5fa2dd1d4431685deeb98ef9231516acf2231d45fc67bdf2d831
609,304,7125,1,1,2,0,1d29cc57d8596c53724f807ff31fb19adcaa1f1d9cc8d23fe9ed62f9bd449985
610,305,2397,0,1,1,1,7db0eb2cc6486ccda8687cfa0398714632a285d790c7ddbdc961aaf1cec37e3f
611,305,2397,1,1,1,1,6ede6ec983ff6bb6211d76ff390a7d9e00185db82fc0f1cc85c5de6aa6b3aac5
612,306,7428,0,0,0,0,NORMAL_COMPATIBLE
613,306,7428,1,1,1,1,542a600a2fa78a66d4bfefb411b2f61fccc99d5bd46f8941a2ba640ea4fb6cea
614,307,1233,0,0,0,0,NORMAL_COMPATIBLE
615,307,1233,1,1,1,1,40eb74bf809dd9a1da95c239ce950a0fdfdae5381dcbdee4f1b317218c19eca6
616,308,7103,0,1,2,0,869e5618f9dc8a0d7de43a39652b35c76179e04cff0bbcceb899eabbc352078e
617,308,7103,1,1,2,0,27ba108537a13e3d3231b53e0d1ad73d4f9e3bfc32445478120b955d6080bdef
618,309,12353,0,0,0,0,NORMAL_COMPATIBLE
619,309,12353,1,1,1,1,d88e68d1c5ed3ff06014fd50e81c1ead5806aa510ffc90c6c1926d035c5200a7
620,310,7179,0,1,1,1,e62d5df14ad1a45548ff6de96485077b8809db78c0854f0f8d206c3273a5fc06
621,310,7179,1,1,1,1,045d41b889855cd581cfd54bc3bc6f24376b9c9a18440d783a33e0d439e967d7
622,311,14794,0,0,0,0,NORMAL_COMPATIBLE
623,311,14794,1,0,0,0,NORMAL_COMPATIBLE
624,312,3224,0,1,1,1,3d26366bc9a041798764a50614187b661e4fe10946d67c8179bd3ce98f171749
625,312,3224,1,1,1,1,3dc38c9ab38c544960333d854fbdbae5e3b4eb3324c7fb06d74f1ef4060c55e9
626,313,15033,0,1,1,1,6f5bcdeda1a25b69227e27f9abd566ab27d54a5ff357767db0f8c4ce7c3e7d9f
627,313,15033,1,1,1,1,8a12662b691a41176e81649b583f93d2d48d1fc4f44e314a2131ef05f826e832
628,314,14349,0,0,0,0,NORMAL_COMPATIBLE
629,314,14349,1,1,2,0,73c4507a4668739aae8744dba5b51470eca9468841fc45755e34d8c742bf7a2e
630,315,8441,0,1,1,1,adf2c86b5cfd52d47673d1e33b6c4b3086da61aadfbdab75b8d244d8e8d0b323
631,315,8441,1,1,1,1,d2deaefde7e3fe4c3f11f735e29694c8ff340bccdb429f2e09de45b6e30aaa73
632,316,8935,0,1,1,1,c100a985c6ad272187b62d56cc773c832a5e17320102093d0e27c0bda742cbca
633,316,8935,1,1,2,0,1d49710564a536b8eff079c2ce18ac4b1fa30b15b12126ce91030078d085ed1f
634,317,14586,0,1,1,1,55bef1587fe76c778c94907e2ec6d20ab873b24405f7281cecc8fae46c6b6cd2
635,317,14586,1,1,1,1,ef315ea044fbb3406255b04f92f4d962963f4d9de9528224b7318a89cbf47e10
636,318,2057,0,1,1,1,5ae1721c5ab22c9020bdd0b2d1114d3cf8a7983cac0410c4108bd2970c8ca882
637,318,2057,1,1,1,1,68b2d6b14aa61557c62e7467445f75587c6012c632089e515a32f12c59586445
638,319,12602,0,0,0,0,NORMAL_COMPATIBLE
639,319,12602,1,1,1,1,e7fae4a73ab0c8034ec82d52c6153d6ecca720315ab5933968609f359da8a7e3
640,320,2932,0,1,2,0,6fa0306bd9cc82061fb0e0f1f378d7fa929f51c0778fe3a0f49feba57edd57d8
641,320,2932,1,1,1,1,eb4672a989fe7a2f7c4e61df0b45178e108e0f19814f411584924dae1781e89b
642,321,16019,0,1,1,1,31711363f8466300507af43f9dcfd73b4f99129155989fba505c2151dd15213a
643,321,16019,1,1,1,1,ee04ff405fbe7ba5c183205a17bdfc09bb13234212d5f131131eefe2b80da80b
644,322,21315,0,0,0,0,NORMAL_COMPATIBLE
645,322,21315,1,1,36,0,ed3bf241fff7723a3179b84f84f0fc60eb9ff43e9880288624923542ced7d265
646,323,15012,0,1,1,1,f191e766795935de2a95921370ea5b25844cb9860c84a9fa93620b35cb710372
647,323,15012,1,1,1,1,e0a41ff8fe93f9f0a337cee65370bb80f3c37e3df26acb00f77d8463f233b976
648,324,5312,0,0,0,0,NORMAL_COMPATIBLE
649,324,5312,1,1,36,0,ed3bf241fff7723a3179b84f84f0fc60eb9ff43e9880288624923542ced7d265
650,325,16698,0,1,1,1,096d642876f2fab6dbefe73c2d0042a67d6b3e25db0362ddd97fe110b1090318
651,325,16698,1,1,1,1,a5b32cf89400c086c4fa4b9c7e77fe4d240ddc330d8e977af293ff54a464940d
652,326,758,0,1,1,1,69b239d7811d568404e9d229ddcd244d5d7d01707f5b5d002802d0ea74c6424e
653,326,758,1,1,1,1,72e6f812cd0d6c3c6752db7153af353c6f6f69bf39c9ef64cbf9f4081742e017
654,327,9409,0,1,1,1,5674b1a432898974d283c68bff02ef3477600b389d2c2bb56094bc11a536f897
655,327,9409,1,1,1,1,abc2af330eb2c84c530bea68f03cf1c680e2f18c9fcd2a419b5747a7591ee57f
656,328,6070,0,1,36,0,ed3bf241fff7723a3179b84f84f0fc60eb9ff43e9880288624923542ced7d265
657,328,6070,1,0,0,0,NORMAL_COMPATIBLE
658,329,5659,0,1,1,1,7eaa56221c160ff71d0176234a38cfe7aa408f002a4725be2c1a4c7d1491b519
659,329,5659,1,1,1,1,06b951760191a44ac831aa10db46c6f9828533763df8e808ee6cdfe3c67850cd
660,330,1844,0,0,0,0,NORMAL_COMPATIBLE
661,330,1844,1,1,1,1,7e4e014672912c981663e7e32206c648afb8c19cc434991960b947b093034691
662,331,1370,0,1,1,1,7a41654a150eb153b392c6f57a521f7bdc6ffdb64ff3682b8b3c63fdfd50c93e
663,331,1370,1,1,1,1,095ca5e324c4d195403871d2093210c4ba6b20280b5a0a44a49b60f0eca5adfe
664,332,21014,0,0,0,0,NORMAL_COMPATIBLE
665,332,21014,1,0,0,0,NORMAL_COMPATIBLE
666,333,1334,0,0,0,0,NORMAL_COMPATIBLE
667,333,1334,1,1,1,1,34193fee3370e98d4b409f07ab373946097de3bb9653ce12eb0018e859346e1b
668,334,6127,0,1,2,0,869e5618f9dc8a0d7de43a39652b35c76179e04cff0bbcceb899eabbc352078e
669,334,6127,1,0,0,0,NORMAL_COMPATIBLE
670,335,4184,0,0,0,0,NORMAL_COMPATIBLE
671,335,4184,1,1,1,1,710ceda07235ffcc3ac586c6fbfe39ca8627fea1b23f00f84ba0a892adf2e787
672,336,15389,0,0,0,0,NORMAL_COMPATIBLE
673,336,15389,1,0,0,0,NORMAL_COMPATIBLE
674,337,5690,0,1,1,1,47f4a77d5e22d5d6c97baab9bfb8ff35381db86cc49479cf91559ce552b4f709
675,337,5690,1,1,1,1,3247e8fef0692b499002f4e0d821726ed6d0da86a0aa0aa40678e7a1221bd413
676,338,3498,0,0,0,0,NORMAL_COMPATIBLE
677,338,3498,1,1,1,1,db91a0ae273f588a7e5e0735ac8b300cc9b8a5e6a8fb5b691b92785bb441b99f
678,339,12908,0,1,1,1,06d27b7ad718d924d1fa8e594f93f3886ad940c661c87f4c28a365639769c113
679,339,12908,1,1,1,1,05c87f851677312a230eb98916659b076f0bb6a0a444a4afba4f6cd68367a1ea
680,340,19181,0,1,1,1,0170b7020ba2a31e7cbb2466e8215b82a40a9f8d7c1400d43c91d20e5f51b014
681,340,19181,1,1,1,1,391b2e7de1a5823a6a124180a515d274a60f011e8a10fbc3310773db7f2d42a5
682,341,4196,0,1,2,0,27fbb43668e8e22029eb930d58e09c828ce545ff2dbf1176133a813dc4adb474
683,341,4196,1,1,1,1,d01523afad4dc6840ed66074bb1616b23b6212cbe279e38a91347fc22a962cc9
684,342,11523,0,1,1,1,ad4e11d4e3b4a5daea6ff93ea76fefdf1f5a2f3d2d981d2e7308239ee099d738
685,342,11523,1,1,1,1,44fcba661dc4563a9df691f2041ef37c934ab203cb1eb361fc8c6ed892490d24
686,343,15500,0,0,0,0,NORMAL_COMPATIBLE
687,343,15500,1,0,0,0,NORMAL_COMPATIBLE
688,344,11456,0,1,1,1,0939b67ff49f29847e032f1e6a6c8e0dcc31eddaaea9d356147484b818012a51
689,344,11456,1,1,1,1,5bbdedad3a023ff3e006ad7090a37fae9899edfedb1121b6ac2f8e3351c4aae9
690,345,1584,0,0,0,0,NORMAL_COMPATIBLE
691,345,1584,1,1,1,1,261ffac964c3c17c96799b5eb0657462569798112819679c4188f3ef5d02772a
692,346,4001,0,0,0,0,NORMAL_COMPATIBLE
693,346,4001,1,1,1,1,d11908cd1f321624a615cfb5cb947b7aed672db430b62f13d341938e5a0c96ce
694,347,13280,0,1,1,1,8ba809de0f02be462c6651933e318c1dd5d9870a27135eb3d08a07475cced542
695,347,13280,1,1,1,1,bdda9fc39ebd41011e5521e4b9c3bb73e66cedb8a8818546e01a64ae190c18f2
696,348,524,0,1,1,1,daea7ca16b1f368636964099813f196423b56fdd3f6d37faac2253d494cb1816
697,348,524,1,1,1,1,45548c7791be03403956533f933db565f04907445affe976e9de9118f62b6efa
698,349,4840,0,1,1,1,263f38b0cd3926713b098366136ce0344088f7d63a7516741b94af036137e965
699,349,4840,1,1,1,1,76fe6916be3b7ee84e3434a747a0f853965b86a17305fa49ffacf3cb7a2ab6d2
700,350,1432,0,1,2,0,9ec2ee552c8498d5fe130329f6a6c69aa19e215ebd99fc206210635465cb4c37
701,350,1432,1,1,2,0,3da271bc2e40d7a8b55ac070b7d8aea334a137cae3fc8521afcbb6a083aebbda
702,351,18831,0,1,1,1,0d1f9dc8ea33f6f25f49ded0fb04fecdad9d2aa8c4362c1d7092ddad7987d13c
703,351,18831,1,1,1,1,3171820d1e7dfb338d378c505ad37fff7172606c8a5a5b8bb72e3a71e0e34eb3
704,352,2281,0,1,2,0,b6b52668490a7f372acc6dee187c06e75e11fa4153d4e0112b185605f2d6a64c
705,352,2281,1,1,1,1,bace88f0a2d48ab0d164a899d00298a3b4ad45b47ed4750ff68c47941930bccd
706,353,21798,0,1,1,1,084ad3353b44ca255f42a18b275bbcb2babf641415402d54e8dfd98c3bb35b6d
707,353,21798,1,1,1,1,db378526f4b89a595a59b4fdc70b3843da959b285e79563ddf8a3f011942cc1a
708,354,671,0,1,1,1,0c2742095f34a31a3b6c2a90ceb4b8ada2ab1d7cfe3d359c2b6d5cc7a5eb43dd
709,354,671,1,1,1,1,dbd614f43084ebde5e06e5c718e4bda37e47e6bdbe9647ac3ab975cb9d4685d7
710,355,677,0,1,1,1,daab4f9898ccb99c6fbcf9bc670c7f490cc396dda4f1f5955a658e3cf70cd031
711,355,677,1,1,1,1,9708cd58595662fdf331093ed8e45aed9201d0c5712f38a5803701c75be78323
712,356,10875,0,1,1,1,8b5c236eb0cbfc7b745feffced145bfe4c9c65a867c602c933352c32e478987e
713,356,10875,1,1,1,1,917d3a4a5db43418630347a6372a507e3f7042b68e97adddb9ee0212910aa256
714,357,2652,0,1,2,0,70191168bf4f7b97971150a4d0b79492079f79c89f170d83119a59a4006e9337
715,357,2652,1,1,3,0,bc5eefd38c796dbe9b16305038b086d336d3c5cb03814527906b1eaf1d4a370c
716,358,5777,0,1,1,1,f52bf90751e5a36888c9720ff7e2fd59cf253f6dd84208208944e69ef883c643
717,358,5777,1,1,1,1,a1c4d3126b4ce461fbe3de02ba24f038250544069e8e0deb8f6df7de62a30f4c
718,359,7503,0,1,1,1,b1d2d85f9ce8bc42ed5daf00bdcd39a977352fad7dad714eb51ec47de8a7f633
719,359,7503,1,1,1,1,b27759435977a0218d28835db3a2e7d445a3a203403b2a5a7515c7fede849764
720,360,21086,0,0,0,0,NORMAL_COMPATIBLE
721,360,21086,1,0,0,0,NORMAL_COMPATIBLE
722,361,13405,0,1,1,1,15d6d6ce49526f8fe6cabd6f76ba9ee3d134cac293a122227b90a9b4af87aa4d
723,361,13405,1,1,1,1,b50d158ea836c1f480d92ac2ef558a2250fc9e019fcbf1bbe7f0a64f2310a77e
724,362,9303,0,0,0,0,NORMAL_COMPATIBLE
725,362,9303,1,1,1,1,c76845a6469e0265d2a3210cb50a7e9831f3aa1d911d728eb1848837e0f3d1ce
726,363,4870,0,1,1,1,28269f2f394513acc3a440280312f71461aa1b32f4c42c7e55802461c021eced
727,363,4870,1,1,1,1,ea3663aa49f4164b48ffe1466dc626e7476c36d8cbccb7647f9a60501a266dd8
728,364,12727,0,0,0,0,NORMAL_COMPATIBLE
729,364,12727,1,0,0,0,NORMAL_COMPATIBLE
730,365,16892,0,1,1,1,7d116018abdf0809012eac22b57240f015b01f3a953072b16d5130bc96c70ebf
731,365,16892,1,1,1,1,e57aa2e95e62d2b40b714a9ee483b4946d0afd67cfe1f0ed05b945869b18a40e
732,366,188,0,1,1,1,0d39a8cd033f5ee38ca180293d504db64a05d55779a518e933966c013bfbc10a
733,366,188,1,1,1,1,dbab714ad78f3fee0423ff02087e7c6608be86353f8c0d1ec87ee31a28afb9f9
734,367,10056,0,1,2,0,aa8b4eae3b7dfabf981b0fa3dbe1ac3ad95e86390900e40996f2d5e568c4028d
735,367,10056,1,1,1,1,41fe97600b1a7abd02cf85c571f72a1a13d646b33e0a6084fe5dc2fd37a7c85d
736,368,18262,0,0,0,0,NORMAL_COMPATIBLE
737,368,18262,1,1,5,0,76f5d750844d1d07c7e245d19da37639754d431dbbeeb62e936aa41269f1c070
738,369,16430,0,1,1,1,7a074f93bc6a97527e9db6029c93f8dcfb09a7c808fed1bc817309494be2318c
739,369,16430,1,1,1,1,e08f1642ec0fd5a38785085f7ce66f887f05e29645a5638ef332e7e2f654687b
740,370,11898,0,0,0,0,NORMAL_COMPATIBLE
741,370,11898,1,0,0,0,NORMAL_COMPATIBLE
742,371,2955,0,1,1,1,dc8a6131e5e369c8bf0bbeab544c45639b820a054f2ff81b6a11018a5e89c4a5
743,371,2955,1,1,1,1,3679e35daafb29d391c7add865a7a31a2cc61acf690e10050d522926bc1d5258
744,372,1368,0,0,0,0,NORMAL_COMPATIBLE
745,372,1368,1,1,1,1,2506b0466dcc155f4c30c740edb9f56bc4f3d432cb9523f8490bcc56880d2118
746,373,18667,0,1,1,1,6773434a55725ee4b04c174de7bd6053c037cd820c99c741e1eb589eb538241a
747,373,18667,1,1,1,1,888ec02e07257d9e53df9e57e84f57aec72e1c12324c15f343fd6e8d2dd082f2
748,374,3985,0,1,1,1,ce790b242d52d7a41e35530501928018b7fccbcc9f744b9d6633098c12bd1573
749,374,3985,1,1,1,1,e8692c3055cf0621f634eaedafcc6d2798150d60559d8d3bc9b156d6338da3fa
750,375,2907,0,1,2,0,70191168bf4f7b97971150a4d0b79492079f79c89f170d83119a59a4006e9337
751,375,2907,1,1,3,0,bc5eefd38c796dbe9b16305038b086d336d3c5cb03814527906b1eaf1d4a370c
752,376,13221,0,1,1,1,fb8f2b9d19c4123e8b87296cffee6a9eaf17dcf8cd9bce82c3b61800d3467f15
753,376,13221,1,1,1,1,aa1236428c6072d704f4d58e510e6dd1d3529aaae326fdff09562a3137862574
754,377,10119,0,1,1,1,508dc672ff3fbff19211e59012deb99b6a4dbc9eca6823c719971a1e3cac9c0e
755,377,10119,1,1,1,1,37dd4ce294267a845aa9385f744e20b87655c2c394139d6faee90d4ca6f57d49
756,378,2432,0,1,1,1,e7797c39beb79dbe71910a204f76db57409c131219a7f8ed43b9c1d8e0977a2c
757,378,2432,1,1,1,1,dd3a1885b59e4f7c178da8f955b81ec51a0e112f67a7dbc15f1097d723d18253
758,379,19187,0,1,1,1,f7e52d02b22e8aca455e0d9ec90af8420b360fe9df3f745dbf7d3f272d0a696c
759,379,19187,1,1,1,1,e565e405f35fff681a7b8e7484a0c17be11b21440579943ef15ba28e8c5f5190
760,380,57,0,1,1,1,02278ce2b5ab6f7bc1de7617af92a8245f3acbe1764864b7fa3af42b0ce1d4d3
761,380,57,1,1,1,1,933aa9da4a86c28a34713e60f832a00490af553ec1b085c0fb0bdf30e1ae8f39
762,381,9170,0,1,1,1,fa8b19536c8465ef007f79633c1015ce55f9da3ebba3f847cf63fd5ca32aacca
763,381,9170,1,1,1,1,fd8a44ae0f3a4191bd33d05cd16b86506b50e75d0b3dbc62d9d565f83c50ea29
764,382,1025,0,1,1,1,dbfb693e7414cc6291bda6b8d9df669493ab22d94f7640d9e06e212dacdbc158
765,382,1025,1,1,1,1,7938ae08798a4d6f9ed927104d14c2f6ac2c7a13567b8dea79344892186a25aa
766,383,21196,0,1,1,1,c5aac4d8c8148ec86ba4736a1ccce74dec95b2a575cee281ab8055e4380662de
767,383,21196,1,1,1,1,39f8145c5a7f988bfd3fefbc54f2e9cc018f2395acc482f57c33e78cda581337
768,384,12150,0,0,0,0,NORMAL_COMPATIBLE
769,384,12150,1,1,1,1,6bc97365e362454afdec29a06727e89d34954d510df9da022610e42b8b1f8611
770,385,14000,0,0,0,0,NORMAL_COMPATIBLE
771,385,14000,1,1,6,0,3243b01a7344b2d01e56ad3b220e597469a858f08873c90fdf4dfca040a73c60
772,386,10497,0,0,0,0,NORMAL_COMPATIBLE
773,386,10497,1,1,2,0,d7f50c0b4b8436912f7c82ee3b609dc0e89f9db42e694a70ca1d250699984fed
774,387,18461,0,1,1,1,0af29ef7d1308e0c58f0af99e5566937e42dc6c22dc3eba63f2cd3b032f9ada3
775,387,18461,1,1,1,1,79280a019251a4b8689cf597a155187085fae19f194e1fe2f63e0cf4002bc525
776,388,6691,0,0,0,0,NORMAL_COMPATIBLE
777,388,6691,1,1,1,1,99124ee6e285926e2cdb9e383bd2a9ef7c5628385f6c14558b58458903088210
778,389,14255,0,1,1,1,28351c42a6ec23273265ff684f40ebec063d92e825e0f941f3af6e8aee4307ca
779,389,14255,1,1,1,1,f4345b560710bd3b2a8607036808da1060aecaf52ec587123b1bd886d10719ad
780,390,1519,0,1,1,1,00c8f7009d475ca7dd13d3faabeae8700babab30bed42a74fff643e838039025
781,390,1519,1,1,1,1,b4e2839c341abfeb1eebb604a50aa22fadae610d69f1048650f95e4b314fb2a1
782,391,12880,0,1,1,1,908fe13b6cdd16218cbdaa369042241ae33ca54faa74b7690d31f422765ae01f
783,391,12880,1,1,1,1,8afb10b33e6c65c7e07b44d15f9a81b604ad219bc393211c6db2656a74ef5f82
784,392,18979,0,1,1,1,eff4c9f4e74567d2555607f75015e1ea1f6a8f71b1763ead640d711f8aacd40c
785,392,18979,1,1,1,1,bb080a921763654d21ba0333fa5cebc1577de6412829e2c9f23091ffab6d854d
786,393,16668,0,1,1,1,6aae5d3a77d239cca22f735d5ae88dbb7088d28384065f3b1fad2fcecd8dd34c
787,393,16668,1,1,1,1,2a359ad431ab737edadf209e00f4e1d8fdfacf031c68ba51f5840627a82ce83d
788,394,21529,0,1,1,1,c4f41395dfa079909b2486898bad3aff44b026f84ab86a6aae8783f6f64000c9
789,394,21529,1,1,1,1,7f555bb55346b49cfdcd2ef682a5688b3a35dc3b572f2d45e9769b1be189da7b
790,395,16900,0,1,1,1,2e1df7f3a0ea2ee5a5439941bd0cbb933bd4f184d7bd6071f98dc8e232604307
791,395,16900,1,1,1,1,2f2df8dade505577b27ffa416a14ec94d844df515732419562a06db5ce697339
792,396,721,0,1,1,1,6af9f079e9e11135e783acd82fd484e570276578ed97518f07b3dfdff1a29e21
793,396,721,1,1,1,1,02309174f26acbbe324e52e0cbac785d5c019cff56aaa28cb278b177f16bc251
794,397,20257,0,0,0,0,NORMAL_COMPATIBLE
795,397,20257,1,0,0,0,NORMAL_COMPATIBLE
796,398,14212,0,1,1,1,ca5170deb4e52369a7d7ba03ec61987e3d7ae073afd28370a10760b608c3231b
797,398,14212,1,1,1,1,c4ed3374d19cca64a4e7e24f28912efa4db1be2919a97fa51caf3a30c35f1929
798,399,16837,0,1,1,1,d0b026ee9de100cca60da55b690b236c6e70f1c31dff6d371902bdc2f2df44ef
799,399,16837,1,1,1,1,97b37a743382b106904c76780832a191b7088a7f02870ec7f55379c46d463143
800,400,17201,0,0,0,0,NORMAL_COMPATIBLE
801,400,17201,1,0,0,0,NORMAL_COMPATIBLE
802,401,7921,0,0,0,0,NORMAL_COMPATIBLE
803,401,7921,1,1,36,0,ed3bf241fff7723a3179b84f84f0fc60eb9ff43e9880288624923542ced7d265
804,402,18580,0,1,1,1,754f25da60e3df09e0d116b0e91f7a10765d73de431ff9e353874ac7a694c35a
805,402,18580,1,1,1,1,1b06f315ff094ad2855608ee26e37b656764d2e0c1cede85b01bf5b8fcf97877
806,403,4389,0,0,0,0,NORMAL_COMPATIBLE
807,403,4389,1,1,1,1,f102f1470045c5c6b2e8e936dab9bbe9ad71b95d6ee6c5cae61124d6d05f5c7b
808,404,9050,0,0,0,0,NORMAL_COMPATIBLE
809,404,9050,1,0,0,0,NORMAL_COMPATIBLE
810,405,2007,0,0,0,0,NORMAL_COMPATIBLE
811,405,2007,1,1,1,1,9ea656c71349ee09eab3794ac6d1fd23a83214abe4ad68c2c5aa2ebf7cb9f904
812,406,16184,0,0,0,0,NORMAL_COMPATIBLE
813,406,16184,1,0,0,0,NORMAL_COMPATIBLE
814,407,8814,0,0,0,0,NORMAL_COMPATIBLE
815,407,8814,1,0,0,0,NORMAL_COMPATIBLE
816,408,21495,0,1,1,1,f40d248f1e4ddfdbaafe7af717cb7590ccd8feda60b6cb6ee1d62cd7aabf4f7e
817,408,21495,1,1,1,1,d3b373fa1e3a13f7c188ae3defa02eaa59ba5e57c4ec30dfac85fd0f2bffc5a5
818,409,9016,0,0,0,0,NORMAL_COMPATIBLE
819,409,9016,1,0,0,0,NORMAL_COMPATIBLE
820,410,19460,0,1,1,1,06ed4769b82ed3eaaecc0552b0372313abf923465f5c9cdf7973a0ad7bcf04d8
821,410,19460,1,1,1,1,686da697d1f49ba5662012172ce2a34bb31117e08c153e05150bdd130cbf4d2a
822,411,19511,0,1,1,1,1f2b4c7eb7162d069040acd3aa3d75a7aefd22849224b45d578f31e91379b8b0
823,411,19511,1,1,1,1,5428b6bc5a3075a1df8d70e6b3a5111e12ed45bd2b9d9400442b68e1662fa9c8
824,412,4159,0,0,0,0,NORMAL_COMPATIBLE
825,412,4159,1,1,1,1,c3971d7791bdf6c0df0ebed7cbae89bdf4024c992b107fd7b5d667e4d1e48855
826,413,19985,0,1,1,1,c00f19bf788d58b30eeb3fda8e9066730dad43c946cc94f5e1081f047152f6ed
827,413,19985,1,1,1,1,bfc28d458087bac9d75262d557f636bb022c05fee1acf5edfbc481989f375ed1
828,414,7100,0,1,1,1,edc3e5e84e262780b7158e38e1974dc79a89f65861ac2a7d6fe52f58cb822f9a
829,414,7100,1,1,1,1,73b01c2dd7648951ec7b494277fa5551eb5b75364f3d5041dbe5736b8e26bb62
830,415,11146,0,1,1,1,2d9be118f181ecd36f333b59b994e03dd872ce69a592f98a7c503dea3ebb0c82
831,415,11146,1,1,1,1,e623e1dbbb35f5462b7b014a504aa32cfad64022809c55cad4003ba10d996de6
832,416,6524,0,0,0,0,NORMAL_COMPATIBLE
833,416,6524,1,0,0,0,NORMAL_COMPATIBLE
834,417,16393,0,0,0,0,NORMAL_COMPATIBLE
835,417,16393,1,1,1,1,84ec822166ff62ec2d95701ef3919624dc325cebcc9ce38bd871691376bb8954
836,418,22513,0,1,1,1,106e88e8eaea1fe2dc9e43b61e15cf22fcd39dde5200cb7e3708e51993dc84fa
837,418,22513,1,1,1,1,d40b8a7a4e0018edcbeef2747aeffa72e2c62dbfabcc9e310632a63ed997c67b
838,419,1685,0,1,1,1,e68b4602745330692680ec7a5b3c44b624c2c913b11aa1de0d487a75fcceaae8
839,419,1685,1,1,1,1,a5489bff52ef9299904a28d84161f2d3b14cd5c26c530fe531d5f5eebf2027b7
840,420,8635,0,0,0,0,NORMAL_COMPATIBLE
841,420,8635,1,1,1,1,8b5fbb62e5f51c8283f08634ec43a8077323070de3217b3f801c008b9acf5b18
842,421,7337,0,1,1,1,ef76dd9b01e5661ba2d1a657ccd40bc21ebeb892ebb2642c7831d8455b10b4cc
843,421,7337,1,1,1,1,5195acd230da1d09f1cee8217aaddee8343646bab3369edac04de84439ed1f70
844,422,13813,0,1,1,1,1a7c2c36f9afe272f641a74752c30f46bed25a4fdcfc18809cfaf9f2cff7037d
845,422,13813,1,1,1,1,9cd7afa15bbd825c4eacdca55bf6e7b5f16326af1b08136e1119d4ca2d48b3d7
846,423,4454,0,1,1,1,d773c8fcc80adf1bc60c18ebdc51ab87c89c33e01456803fde5197c832871252
847,423,4454,1,1,1,1,103765edb9b0bc4435ebc4dfcc79260a621c4a1027b81e55290015e148a17202
848,424,18153,0,1,1,1,3ed942081746c4937af6135bbd0f3b72c3760a5d72cf630b5c76a6b100f5967c
849,424,18153,1,1,1,1,b5cd0438c584b538b377fd4e7d16531303ffded7433616705351ebbfece71aa0
850,425,16557,0,1,1,1,c8304f2e206ceb93e1af2147e8ee601151c29e81509e124f4a83f1a44f43d2ed
851,425,16557,1,1,1,1,11d9eac0b83670ac6c675745dc007c7d1df0a48d788f090570b9bc7afa9cd66d
852,426,19080,0,1,1,1,d823f50c59c606c5084b10a7a60cbb2432a180689828bf18446e9c73d8595a00
853,426,19080,1,1,1,1,cc0c0a1582527cd2c52407c5584fbb3f23e6fa9f9a217f442d6b2047aff2efef
854,427,8014,0,0,0,0,NORMAL_COMPATIBLE
855,427,8014,1,1,1,1,4b39c84a858783d62a51a8c1b0e22d7fdcb3c26f096fd8be83e440509a305e08
856,428,9944,0,0,0,0,NORMAL_COMPATIBLE
857,428,9944,1,1,1,1,1ee0bebb5607a5e569a96232341c9a7b0fae95a457e986d8dc199960a7526291
858,429,17304,0,0,0,0,NORMAL_COMPATIBLE
859,429,17304,1,0,0,0,NORMAL_COMPATIBLE
860,430,13502,0,1,1,1,05e2c4a8f77acaad6c02e67ef33aed11f06883296ebd81f9d36798fad4fd5828
861,430,13502,1,1,1,1,98b45babcf4594472f7141a8b9adc8aaddd766d575c78c75ad309ab92496833b
862,431,20765,0,0,0,0,NORMAL_COMPATIBLE
863,431,20765,1,1,1,1,916eb7c9d756dab9716b0faae44f45864319b028b97f12943001dd71e4fca8e9
864,432,4092,0,1,2,0,ea13883d6caf5e7291e22cebc28376a3db25ae35029440c74418086e8b6b377e
865,432,4092,1,1,1,1,87d0e09fe6fb866e445bd48dc159d6ca8e5340ad40cbc313fcdb8ffe6b1ad157
866,433,4156,0,0,0,0,NORMAL_COMPATIBLE
867,433,4156,1,1,1,1,6bb2e044fc72a66575cafb1ca13b92449bd15d123f3e203e8cddd7b776656938
868,434,17861,0,1,1,1,92059899dfa88672e6a6a7c4df609af3c0b110a1c232d86612d60221748e84cb
869,434,17861,1,1,1,1,f8c295e469719a8266beec55b9ee0b188a54cc3e2c2e4d139c830bb21fb6f827
870,435,6683,0,1,1,1,8301912f7a2f17de581609e650f0beb2128df21cff087f212b277e71bfa4fa93
871,435,6683,1,1,1,1,1e6a50db948ce96cace019a30edd713bbec5449cc1f749bdebc98b6a762ee0b7
872,436,7787,0,1,2,0,79d56d71dd550a0f2091ea764d5a5057634d88402d76cee46f2d20e9d45862be
873,436,7787,1,1,1,1,57d0c51a36b5beb823edbe102aad771217a4cb6a5276bbd4683966b11e46ca8c
874,437,5845,0,1,1,1,24c4ae0a587a5338b8d64079c4ced3dcbe3a7c6e42f162f8561b662087e06d06
875,437,5845,1,1,1,1,3d7970454bf3e2f0e3108830171cb5c70ce50ce306cf0f6f14c1c54a5d372d8c
876,438,4504,0,1,1,1,593e8d170f883cdb0240794c0e00dba6eb2f564028d915ca56738b9b42b03620
877,438,4504,1,1,1,1,572d9b76f4ca236f4b56f400fa7520208d161620fd9638605003b118aef79cd1
878,439,5682,0,1,1,1,d93c267e4483e15cff2e434be3b71b9476da104e896bbc1bcb72e4b4cb9aed0d
879,439,5682,1,1,1,1,b2b0e984053e913738b0072c12a4eafc6f6c89a3fc8ac39394d6f6898d5da0fa
880,440,18311,0,1,1,1,e2510ebd5515b0ba6ff13dcbb921b76c14a9f3384b33980efde325737dcc78f2
881,440,18311,1,0,0,0,NORMAL_COMPATIBLE
882,441,9804,0,1,1,1,f4fc600792af040170fc9b2bb4ec1ee0392b989a0ed15634404fcbe8392e9cfb
883,441,9804,1,1,1,1,6322df77e4a56b9a1e6f143cac7065300d2910e906014ea9ed771b38ae182d39
884,442,266,0,1,36,0,ed3bf241fff7723a3179b84f84f0fc60eb9ff43e9880288624923542ced7d265
885,442,266,1,1,5,0,09fa9874f9b7122d6d9a8ef873e011480955395458a77e7096462c09e80415f2
886,443,4033,0,0,0,0,NORMAL_COMPATIBLE
887,443,4033,1,1,1,1,5d8b536ce80fa0eed74f6f901cb90abb2faa4a21a31ae2a0491474c8ee04b488
888,444,15069,0,1,1,1,8eea9aad595f6b3d4521ff3cff5d800f1a8d7d6bf46de274ed447b57b0fc17e3
889,444,15069,1,1,1,1,9084beb45ee8d4e7aa45c39823afa6a74a7e8f9315979404ff28ed5a21fc92d3
890,445,15992,0,0,0,0,NORMAL_COMPATIBLE
891,445,15992,1,1,1,1,917d67f3e5cd7badefdbd61a5edd8bda4ba9640d9b144894ccf2ff198743ed00
892,446,8181,0,0,0,0,NORMAL_COMPATIBLE
893,446,8181,1,1,1,1,37ef167f10769facc0ce854282dcb923915bb4861ec1b8fe23b4f2e0c9c4a87e
894,447,2100,0,0,0,0,NORMAL_COMPATIBLE
895,447,2100,1,1,1,1,cd379e37c5fa8d3efed7384f64bb17d34277fdcf671b2448b883f3be0e90ceb5
896,448,8607,0,0,0,0,NORMAL_COMPATIBLE
897,448,8607,1,0,0,0,NORMAL_COMPATIBLE
898,449,17256,0,0,0,0,NORMAL_COMPATIBLE
899,449,17256,1,0,0,0,NORMAL_COMPATIBLE
900,450,223,0,1,1,1,683766850766c37be0ef5d3759762d02917b6b96cfa0cc710827ce2ad6c82ec9
901,450,223,1,1,1,1,a7fab06fa57216fae541966c7a1f1f0819d849da83eb5cc4f6f9dd0e0d0c647b
902,451,13175,0,1,1,1,127c7b16bff0129f31262341994a7abeedecbc98c51e1b7e3777136cdf5571f9
903,451,13175,1,1,1,1,66010b3646304c542f78c1844924f1f6b41fba7a9d156ed3c897e8d8dcb321a9
904,452,296,0,1,1,1,97bc8ae66acf4063d8a1a4a869ad91aafa0980736c8bf6d499cc453b283f298f
905,452,296,1,1,1,1,e2043d1c58ba3ed9e9291b316784e6c5173f4d38234523e1c877c77ea17707a7
906,453,13194,0,1,1,1,41340080e56350ff914c87ec39768dcd4529ed04f7b9e955ed7d27cf4d46ee90
907,453,13194,1,1,1,1,0d2216172b45a27213efdba258aba1fe55d0df463bd3a3359472cbd90f0fe24e
908,454,18053,0,0,0,0,NORMAL_COMPATIBLE
909,454,18053,1,1,36,0,ed3bf241fff7723a3179b84f84f0fc60eb9ff43e9880288624923542ced7d265
910,455,18548,0,1,1,1,524da6926a1a99dba90edaee2c16a3b15ceab32189e4e60867b8ec6e0f5fdb03
911,455,18548,1,1,1,1,e18ace1c70ee575e0e317517f77faf643882477621c2ac8cac382337d4b403af
912,456,19564,0,1,1,1,24cb7ac449259a6174d2e512f7ebdc3519dd165bfd39a737a87cb763ffef4e32
913,456,19564,1,1,1,1,d5d7bedb885014ee06e386e243daac5228a16ca88614e4eb53435d14ec4ef7ac
914,457,6006,0,1,1,1,b4f6e29378c93825f4ecfe854aa697901a917a8479d432b7927f8d7cceee9ac8
915,457,6006,1,1,1,1,974389c29389042d7557231d3a549c0641c001957414f6f30de74c2069fa09c4
916,458,6051,0,1,1,1,3e53220d05f53c17a1a10eb28668e1cb6b4cee66e186595d80b800cb99d74ee6
917,458,6051,1,1,1,1,b4ca9125d52343604dede4e18ee1a6bcfbfd3e55da4963fd57fb71c0cbe1d8a6
918,459,4798,0,0,0,0,NORMAL_COMPATIBLE
919,459,4798,1,1,1,1,02104d156d248613e662993e6820b860507212432c3880b9ecd6000141b371ce
920,460,953,0,1,1,1,f750b6ee55b496055fd14211ac05aa2861ee9c6ed5709fab90655c31bca6cb60
921,460,953,1,1,1,1,35c8c890566fe91a72e92929699fc6872e83f225a980e8ef60ee757abc912443
922,461,6806,0,0,0,0,NORMAL_COMPATIBLE
923,461,6806,1,1,1,1,dcbf3e6dd7a3bf66e79a3f2f55c79195ac4769530861c9de453c45893d0ee300
924,462,3218,0,1,1,1,388207678ee384cd99e81e65b5012318b4cb2abd0911a73f69690c21c1a9af42
925,462,3218,1,1,1,1,6f0ed9f210c2c2efa539ed3c334ce01b2d4bf026beeaba3cce89951eaaab3814
926,463,20065,0,0,0,0,NORMAL_COMPATIBLE
927,463,20065,1,0,0,0,NORMAL_COMPATIBLE
928,464,7086,0,0,0,0,NORMAL_COMPATIBLE
929,464,7086,1,1,1,1,cafd20f604f87c6aa39576732e7b9a972af966012ae5cb9532dc0cb273c44425
930,465,16851,0,1,1,1,37ea7bdbb68b0a7681fef02040af77a5580cfd5f18dbf7205e01739fe6cf15b8
931,465,16851,1,1,1,1,e7075f694df0db10b7c02c377d2c441a3c6ba2b2f5819800a94f23b664ac8541
932,466,11612,0,0,0,0,NORMAL_COMPATIBLE
933,466,11612,1,1,1,1,383a164b3add68ad8141c4078c26cf64f56a961c9603dd1979cf216aa5b5782a
934,467,4540,0,0,0,0,NORMAL_COMPATIBLE
935,467,4540,1,1,1,1,5d45a5bc74de2fd2b8c0f0cab280b7d685df0a6257b57d59cd85b28b1307c30f
936,468,18967,0,1,1,1,cd8fac511a97748970dce761d16ed70f707f1811fc0ceb95a8b4571a8e13bc58
937,468,18967,1,1,2,0,9b49c9679cae487177853b9f746338b4a7ffb8851e41a42f67f37b683dd94368
938,469,2215,0,0,0,0,NORMAL_COMPATIBLE
939,469,2215,1,1,1,1,731d18fa894908cd2c98964b575a664956e3968435f70a19bcad5f6f4e4b6018
940,470,16084,0,0,0,0,NORMAL_COMPATIBLE
941,470,16084,1,1,1,1,aed2b8e8ae6514f601d88092e816b915a9d61a684d0f53590db72c498be985b2
942,471,10375,0,1,1,1,faa1cac89b8b0f4a9c9c4727f518fc3f6c13e0ee484f9c93314be845c8969084
943,471,10375,1,1,1,1,1261ba5585f4a58d5a652e3ff9b44f2ef10f83599de9bd93fe01bdd2d5fa3024
944,472,18518,0,1,1,1,b47eae3819b56b98544368ea3a9b8915167e156fcd91d6ebb256e1dfbba3e675
945,472,18518,1,1,1,1,dc4937a11ead783bfa1f6380db7df7f1833646da75c6a976257aea217d4825e4
946,473,5764,0,1,1,1,c996221ebf3bee265264020a558ad4c98d60100c9fbb66cab896d43eb109c12d
947,473,5764,1,1,1,1,e6c52dbd9e5fec79e530495680c837e926940313be233c5fc377f2a2aca44296
948,474,19354,0,1,2,0,27ba108537a13e3d3231b53e0d1ad73d4f9e3bfc32445478120b955d6080bdef
949,474,19354,1,1,1,1,2d1f0538136a8ffbdac0d55bc3d41f6aa597c9365ca26fa9f750eae2a2c4999e
950,475,21546,0,1,1,1,c2a544dc445d29f140e1e570316eff23102ddd4685c3a0000c025e89cc2593c6
951,475,21546,1,1,1,1,c59a9f63d43a586c41fa64004a89e3a648a55571f8b0c617c11ce4b0a3c089d4
952,476,7431,0,0,0,0,NORMAL_COMPATIBLE
953,476,7431,1,1,2,0,a4d100c47b15808173efc6b0607a27e6a2a68e5a379761c11332483cb58d299f
954,477,3538,0,0,0,0,NORMAL_COMPATIBLE
955,477,3538,1,1,1,1,e4afe018aaa580910bbad341644fdf5d905eb6bf6dae60b0a1d7d925a6335d9e
956,478,7024,0,1,1,1,2de4d44c431abeff9e14b569b3866eba187f68fe317674881dc05812757c3d77
957,478,7024,1,1,1,1,50ae69a037ae5d86ae9461f465ca1c92937f430589e9e603d56da7ff3716dd4b
958,479,11513,0,0,0,0,NORMAL_COMPATIBLE
959,479,11513,1,1,1,1,7f8453aa0b4dd229c0c841edb8ef66a38b65399fd23de9573a5ae297e1b52a0d
960,480,9666,0,0,0,0,NORMAL_COMPATIBLE
961,480,9666,1,1,2,0,a4d100c47b15808173efc6b0607a27e6a2a68e5a379761c11332483cb58d299f
962,481,19474,0,1,1,1,72a18d87eb237d4ee09d233260f58f9a2bd0ccbe7a45924a814d6a7ca59a1f1a
963,481,19474,1,1,1,1,cd05a8d6930ca9e80eec685f342d4fa9cffb13c9c5c0d8699ac67bdadf129a67
964,482,12612,0,0,0,0,NORMAL_COMPATIBLE
965,482,12612,1,1,1,1,ee844ae954cb29d1b5423d4094bd378a3ba214f80e4f2c3834329eeb4bb90f4f
966,483,9593,0,1,1,1,834e11c94d3b2e203bb49a4a3d2a06aed63361b407771e8a420a9bb9f8d6609d
967,483,9593,1,1,1,1,95d389ae8daf2c0aa37b73c7bda6d70459cd0debcf8dca1acb2543a8c72a11d6
968,484,12340,0,0,0,0,NORMAL_COMPATIBLE
969,484,12340,1,0,0,0,NORMAL_COMPATIBLE
970,485,21064,0,0,0,0,NORMAL_COMPATIBLE
971,485,21064,1,0,0,0,NORMAL_COMPATIBLE
972,486,1821,0,1,2,0,1fcd2669eab4b246a01b12994a8e5508b5afdcde74e2933abf7d87140f9c9adb
973,486,1821,1,1,1,1,33ae21a80631088ae3bfdcbc10dae48268e835ba2529268a32ab9d90631398b9
974,487,4762,0,1,1,1,2344370199000f6415a4a478c2efffcd57a873b1b3d9121f6e5508c2856c198d
975,487,4762,1,1,1,1,eb71cc0766b6ec789e10d1e965c9be3c5344fb2f98b2eddd0c0f903f899079fd
976,488,22494,0,1,1,1,a20afeed68744e2ba79cbc3b19115fd369c32831b8052978d48a0f8a173a63df
977,488,22494,1,1,1,1,2801e9293c6316e1f388531ebd67c58da338da806c5200f25a4ee629894d0956
978,489,11426,0,1,1,1,08806f5af6696541775b04001fbb66ad60fc5feeb3dd7591b030841d3910712d
979,489,11426,1,1,1,1,e6e924027834a784deb4b8e6164e24473216bd6a861c37e9e632bc0ef25fe250
980,490,20980,0,1,2,0,87ee9c1a78716b29cd42ec3eba3df867386d7f95a94b891128f8bbf8d74a2172
981,490,20980,1,1,2,0,a760ccdc6d36f6a38ab4450361c3e1832db3c46f20304c584621fbeb75aa6530
982,491,10603,0,1,1,1,38b048eec6f594c682831e37e67e5142bf01f0dc01534acc718267e821326a84
983,491,10603,1,1,1,1,f41c41baf1ba37637771c984a9d35e7575baf6767baa15baae505ffb91ba33b7
984,492,782,0,1,1,1,58ec22315a41b2d4e56b1f77dc62ed9fe58c6d14d1ccfce2a99589641a62dfc3
985,492,782,1,1,1,1,b3eb19f2994d6c919ad7aa51129143c4f5f0c44b603420ff80b29a762bc58923
986,493,2081,0,0,0,0,NORMAL_COMPATIBLE
987,493,2081,1,1,1,1,6992d71012408f066cb0acd550718ed0d139f98ba16419869ffc3bcdf47c4b75
988,494,9941,0,0,0,0,NORMAL_COMPATIBLE
989,494,9941,1,1,1,1,12ec03be15370496d06961d70d22188685a904a3443e4d8170b245986c97cc67
990,495,15166,0,1,1,1,ead58a28c16161c65e9e5b5ca8eafe34d36b9ff9e1caf68d5756343d1e2ee726
991,495,15166,1,1,1,1,460a7556479ba2530d27011d4340dc49e318ce6facb9907bef569548866fe8ba
992,496,7888,0,0,0,0,NORMAL_COMPATIBLE
993,496,7888,1,1,1,1,ad1046749526bb18a30c59ce336cfc11c624d411b9cf58be3223d5e9a93cd50a
994,497,20309,0,1,1,1,11bf8498bd1d3c332aacafe74a02f5f7d0f82a5df00de6aeef6294a89e1401f3
995,497,20309,1,1,1,1,9626dc45e0c38a4618995d5f80cac1c1879f27c7ebd1bac0e4dffd216ed50735
996,498,18034,0,0,0,0,NORMAL_COMPATIBLE
997,498,18034,1,1,36,0,ed3bf241fff7723a3179b84f84f0fc60eb9ff43e9880288624923542ced7d265
998,499,4903,0,0,0,0,NORMAL_COMPATIBLE
999,499,4903,1,0,0,0,NORMAL_COMPATIBLE
1000,500,2237,0,0,0,0,NORMAL_COMPATIBLE
1001,500,2237,1,1,1,1,76c4f9146f0df2a53ce7916e745a4a833082055b77f7163221e8121864033300
1002,501,12757,0,0,0,0,NORMAL_COMPATIBLE
1003,501,12757,1,0,0,0,NORMAL_COMPATIBLE
1004,502,497,0,1,1,1,1563b248fa8701a845d8b3e6a048804d87657098a6aec66e49c864d04788f235
1005,502,497,1,1,1,1,7d370cb0a91749a8886ce754688eb29c6b334e043968435e57c0aef5b08b3451
1006,503,19568,0,1,1,1,c6b98430443c520b6c742f40b8222c23708e6391e23b988ea3de48f7c033bcdd
1007,503,19568,1,1,1,1,be61cb12f84fa1f31e9b7ab23a8b71999d4fc52dc02ed7f78edabce4b8198db5
1008,504,14057,0,0,0,0,NORMAL_COMPATIBLE
1009,504,14057,1,1,6,0,3243b01a7344b2d01e56ad3b220e597469a858f08873c90fdf4dfca040a73c60
1010,505,978,0,1,1,1,0c2e264a3002b365faaf7220222a93aec9987e7485cac3be2bd6eff1f71c2a7d
1011,505,978,1,1,1,1,0ef81d8d60fa55569e378f22e538e1b6461c24c4bc1767b7a418933bd0df193e
1012,506,18954,0,1,1,1,404ce398ca7c761eea537a727c041f18808df9cf5b33d74b21798d34eca5cf19
1013,506,18954,1,1,2,0,0a96878a9ab10ce7b8de82df53287056361b187ca5a1674dc2beb7228129f960
1014,507,4888,0,1,1,1,597b4555e3aaf44e35870c15f191f93f081a6e58959e1a6d6044cc67d2cd3150
1015,507,4888,1,1,1,1,e7ea302aad7d1cd7dc1434768c1a6955201055d29b564bfde00cc5ea5ac28912
1016,508,5710,0,1,1,1,b5f8998b8046e95da09f8cd820d67683252ff1b042ed30d0f3276ea79185d084
1017,508,5710,1,1,1,1,cc63ef3a2d8851db3841949db2b69a52a3fd3fed5c8f5457943a71fa43ea9e9a
1018,509,14574,0,1,1,1,798eb0570f136042096d23975cbaad9a8ae47c5d569482bf51b78fb724d1fe9b
1019,509,14574,1,1,1,1,59b85f9e5864dcfb6c07c72503e56e3fb8c6f7801bafe2acc449dcf78a9b9465
1020,510,17242,0,0,0,0,NORMAL_COMPATIBLE
1021,510,17242,1,0,0,0,NORMAL_COMPATIBLE
1022,511,10354,0,1,1,1,2af5459e63ce9feba0adc85b682b9ac3009969d975e87f59d5066ee461f1894e
1023,511,10354,1,1,1,1,dce1ac8e9ea4ba1dc2b129426e92f29cc9aec4eabc1d73243ee47d64deb31290
1024,512,3328,0,1,1,1,3e52cf90e511403d354d67e425858ecc1bd916a1effba31b20c4529bff38943f
1025,512,3328,1,1,1,1,318d4738a3a999ed80d4712dbcc1c2d83cc5268b74c9a93988ab8d75db03818e
1026,513,14795,0,0,0,0,NORMAL_COMPATIBLE
1027,513,14795,1,1,1,1,839d513aba5f62351c27be23a42f93bcfac304714427ffc9ed17472d28a66c3e
1028,514,5606,0,1,1,1,9166ff2bc14b7a866d74fa15a59ddec1f508330dabf90b8486d61c206e423487
1029,514,5606,1,1,1,1,c632888e351c2adb72f4b928687d192dd30c2dce58656764d7e136a3540372ee
1030,515,13672,0,1,1,1,8d0e679145a4a2903e4847efd10ef4e2eba1ec7371fddb8475d7a0aecfc090ee
1031,515,13672,1,1,1,1,46d44b60a1420691e2a007f500ae2d62f46ac2ff5e22a8c6fe19c0b0bd0160d2
1032,516,3188,0,1,2,0,6fa0306bd9cc82061fb0e0f1f378d7fa929f51c0778fe3a0f49feba57edd57d8
1033,516,3188,1,1,1,1,06c8055c9f681a57d7959a6bf43ee456ee329081b9317bd30a0a2c2bb565b78d
1034,517,11102,0,1,1,1,a05436860a536338f5363deb93e01d4e6b5d9760b4faade107029884793bc102
1035,517,11102,1,1,1,1,0ffac40cf7e7b7a91e71b06fe462d92b9c9d6f2ac26bf7f303406e3258d30314
1036,518,13553,0,1,1,1,2b0b605f74365cb2d65d6138a3f988533cb64d479a9c3bc83b7e7b914d96754a
1037,518,13553,1,1,1,1,835fccbceae29adfdd5a66fabb8a5f2873c089913b5967bf814aa79f198b5095
1038,519,13217,0,1,1,1,ef8f7ac9f236be31403b7ca9e7f0c8f67ed75699564dbe41898b3b92a81d3798
1039,519,13217,1,1,1,1,6655a4f78336bcc9166b20a65d8685e8f9d25457ea38aeb8b5e9b6dcb9a50351
1040,520,22297,0,1,1,1,5b70633cef09e6e3506671930a1785dbe714f684798bc9a9f995bd1ccc830f28
1041,520,22297,1,1,1,1,81aa270c34b4d7b3e7851c2fffc98bbbba30db19303fbbd58839d3d30f1e011c
1042,521,16942,0,1,1,1,68244f0a65460a2c75ed0574e30d92b61fa56e8711bf4b5735aab6659cd828cc
1043,521,16942,1,1,1,1,14fab73f7c65b644d5d6aa49ea9885942a6892b806b2ce681cff9ee303027fb7
1044,522,14352,0,0,0,0,NORMAL_COMPATIBLE
1045,522,14352,1,1,1,1,82dce752fe16f4d43cdd472fb8e36e2dec511ef5b7f9d81c0e728b37e8291a80
1046,523,17875,0,1,1,1,87ac4c6f795a7bfb05592701e1c565968ba0201d3dfc66104e83c9b19326dada
1047,523,17875,1,1,1,1,872417f66a716f1ddc2bdee7b16554c0fb9ada8c9cf6025facac891c5371c8c9
1048,524,4032,0,0,0,0,NORMAL_COMPATIBLE
1049,524,4032,1,1,1,1,5d1beb282596ef7786b78925abc0ca0c66ea4700c39743d6932cc4c6cbb3db9f
1050,525,21018,0,0,0,0,NORMAL_COMPATIBLE
1051,525,21018,1,0,0,0,NORMAL_COMPATIBLE
1052,526,15719,0,0,0,0,NORMAL_COMPATIBLE
1053,526,15719,1,0,0,0,NORMAL_COMPATIBLE
1054,527,6202,0,1,1,1,5dcf7e3250621f8c5d61ae45da35c1df0ad2fad2a9fd508ecd7432db2a505c7f
1055,527,6202,1,1,1,1,94aa6982e73cbe99cf0c4955330e488d49611e4beb167881a12f5975031c2736
1056,528,15322,0,1,1,1,fe508a73a19971bc3a476db745bad5178589ab8c137f10574c1ae8f1eae92345
1057,528,15322,1,1,1,1,f653d186fe74d29554dbe67712eb35d992cc3a1f301c13c752a3a4acb606b429
1058,529,14572,0,1,1,1,69cd2520e2f0f0d18818367983e7f4f5911bedd0a55662d7364da8f3b7733b21
1059,529,14572,1,1,1,1,1abc1175ecabbda7bb908a941383b87ca032411474ebc807bb2216945f0bed90
1060,530,9660,0,0,0,0,NORMAL_COMPATIBLE
1061,530,9660,1,1,1,1,b6281be546085e75cb0382e70b86cf8aeabd4e672cea740352eba86e52d71945
1062,531,8528,0,1,1,1,b22230689dd831869b7f37d627a3d255fa054468890ef356ddca0c003fd72aa4
1063,531,8528,1,1,1,1,83eae348f213a987e2927cbb0777f52036a54931b1ddf7a9dab7c39bdf89f571
1064,532,3378,0,0,0,0,NORMAL_COMPATIBLE
1065,532,3378,1,1,1,1,d717d34c25a944a35d1ba47a4c4ad7e87faa213d3d9ddad8e6637bc3f5745cb7
1066,533,2206,0,0,0,0,NORMAL_COMPATIBLE
1067,533,2206,1,1,1,1,2b9f5d6db32cb28401db570e62baf85fb7488819f058061616888a5a1fa26fe5
1068,534,19904,0,1,1,1,f5f2f0cc3aa74c5a26920a23a8063d3a475a7f588c7db9095217b50c79fd5f19
1069,534,19904,1,1,1,1,1c7df688a8e5b8a10dae2c0ecd53e66a140e7756596d00d3b3a73f2f98c2eaee
1070,535,97,0,1,1,1,bc2d091baffadc8fab28fac304e0d0b91f396e59933da340076d1c8774b08981
1071,535,97,1,1,1,1,e0da0630380a0688a0ce2ca50a3a6a6f87aa2eb765c9a12c1a7efbc6f19e63fb
1072,536,2679,0,1,2,0,865d2a437b73b2f4d6de51179dd63dfb38b3618fc38ad8bac7550514cd3e7988
1073,536,2679,1,1,1,1,105b36b66dd901c90a57f27dd03576abd8a46b1d3fdb5cc7ea371a14ed3d713d
1074,537,15885,0,0,0,0,NORMAL_COMPATIBLE
1075,537,15885,1,0,0,0,NORMAL_COMPATIBLE
1076,538,8817,0,0,0,0,NORMAL_COMPATIBLE
1077,538,8817,1,0,0,0,NORMAL_COMPATIBLE
1078,539,11536,0,0,0,0,NORMAL_COMPATIBLE
1079,539,11536,1,1,1,1,6b6cc3bfc06d31895fd7bee71cab8ed2653515c5a704df8367f3d57c37ab133c
1080,540,14970,0,1,1,1,5e4f44e480d4bb3badec677d4f3d6f8668e879d89a3c08839debd1879d164f49
1081,540,14970,1,1,1,1,620bb7c76f14e04e40e3c30d6678b4aa8ef3e54db85afdd9812c51fd95d6598b
1082,541,13626,0,1,1,1,e5886d6ed2fb1163222840d7dce793e0b1697f7b7defb309443c35bf329cca18
1083,541,13626,1,1,1,1,22b34fa5d0e50fa5310c35737229cd3766dc1c1cf4b71c94d0ce5ec1b40f5bc4
1084,542,10246,0,1,1,1,ae6311ff09aa50cdf34b0ef998d00554cc153f282fc53ff2a37540ff4dc61af4
1085,542,10246,1,1,1,1,3c801d4c3876dcebe5fd53e6d24933f147e49b453272a153fcd43fe68224c451
1086,543,4921,0,0,0,0,NORMAL_COMPATIBLE
1087,543,4921,1,1,1,1,f6e4a87c686c400adfe4961fa3d028ae18ee1b0cb31e1e2e0edfd7f27a141a4e
1088,544,13229,0,1,1,1,5b8f9bbbbe49e268d7930ad77bd617a35a763a8a1cf51985a380e596deb710a0
1089,544,13229,1,1,1,1,da55e915a3ca04a9f4e253629d2ac9e18c06f0e68366a552e7fab208ec2a8e11
1090,545,9911,0,1,1,1,2d0d4aba3260b8d5f608064a735baf48df9fe72c0636338ef92fa85d05f3e283
1091,545,9911,1,1,1,1,0e30f1069df1200075db399ddc0380b790b432251c58f3629a151e60537315e6
1092,546,11432,0,1,1,1,7b6d646a97252b1e9178d3ea3a4e28aa50fc9a94d7720e5c52b7cde716e19f8a
1093,546,11432,1,1,1,1,4ca4a53e177788878f44596ba2c2b93b4e9e038b9c71fe0d1e8bd97cdf2572c2
1094,547,16717,0,1,1,1,ad0a41c6ac8abb9057aed5c8a9aced21700b9dca1d5da62a0009463f681a2714
1095,547,16717,1,1,1,1,552ec748e942abb2a969d7e6ccd6a60507a907ec00f4afbe6f1607ed44868fe2
1096,548,3950,0,1,1,1,521d5bd8958edb12c3b07115209bcd31d4d9dfc86fb1ed42522cb2141c8815c0
1097,548,3950,1,1,1,1,ba77b68d3d90724834659df36a7b015ad86886ecdbba02af4a927567a4cdf0a4
1098,549,2546,0,1,1,1,4c543143fcf085d822cd4cb248731fc45ace01aeaf9038811cc653e63bd00b4b
1099,549,2546,1,1,1,1,a1b842b3eb94be60671280d28fcccd8a4ab2b56f9f5acf6c2bbba4e79cdf6345
1100,550,19979,0,0,0,0,NORMAL_COMPATIBLE
1101,550,19979,1,1,1,1,11b992c8edd40169b47cf7586120bc6f437d1e67ee836df4c96bafb3d84bc4fd
1102,551,16876,0,1,1,1,d3faceaefbe91b36371dab69a9816c581d670725d891f3fb92585ec591a0955a
1103,551,16876,1,1,1,1,05e640f3d49c2f325331da199ab267d3cc0c2bcc29ee7d6de0a076585044259c
1104,552,6980,0,0,0,0,NORMAL_COMPATIBLE
1105,552,6980,1,1,1,1,ca6090816dc7f2e050bb3e213f3fac5cf57e3cc7a8b7f0be92e3014030f71e0d
1106,553,10505,0,0,0,0,NORMAL_COMPATIBLE
1107,553,10505,1,0,0,0,NORMAL_COMPATIBLE
1108,554,20592,0,0,0,0,NORMAL_COMPATIBLE
1109,554,20592,1,1,5,0,09fa9874f9b7122d6d9a8ef873e011480955395458a77e7096462c09e80415f2
1110,555,2824,0,1,2,0,5279762de19c14997fcd46b09797ced7ff3f5fcfdadba75d809f4a64e5a70f79
1111,555,2824,1,1,1,1,c577aed2e1fc1fc9dda4cb33b93fcbcd273408dd99bf3d0682ea63b41bedbe15
1112,556,12765,0,1,1,1,c822c53bcb5401e0714c37a4e190bb884f3f9b5e4a1786649866da9bbde3b5c7
1113,556,12765,1,1,1,1,3ed114019ef458dc78896de0d49422a80ae8c4ebc11a034abf54492b1344e915
1114,557,21682,0,1,1,1,fd237a2f17605153ae1893c9c280cd8397d5668bccc21dd720c96038f1cd18e5
1115,557,21682,1,1,1,1,9d1396208ff2f612de6a8d3e159f609b06e0461076e97d1326d57ae4396a59f5
1116,558,15732,0,0,0,0,NORMAL_COMPATIBLE
1117,558,15732,1,0,0,0,NORMAL_COMPATIBLE
1118,559,6790,0,0,0,0,NORMAL_COMPATIBLE
1119,559,6790,1,1,1,1,7e72d3baec7b2dd6edecdf234f1e78c62f0bfd380a2ef0a52d2c18c5dc43f885
1120,560,10432,0,1,1,1,1ebce81397015f8cee0ae9e89c51a657812e1309cad570486524308feedf8356
1121,560,10432,1,1,1,1,7cd06e692328ea921f104a8f981e25746e1cf8152576d6f064b9e2214bb74851
1122,561,17286,0,1,3,0,0aa8bd767c6c3425a69c83253596f1909119567c58eede38a61d366edb1f9044
1123,561,17286,1,1,1,1,469c45be281c6395357595bae3b5e43296ed588c5391a1723aeb9f7b213f3ef9
1124,562,16953,0,1,1,1,70e8230f94510162436368c98c0c8ac84b835b8c5c22c5d86329dc8f52c1b772
1125,562,16953,1,1,1,1,674909b466d9e0fc703ad62ea89a6a11d8c8b26dfbb9ffb0a3868a750fab121b
1126,563,21852,0,1,1,1,66b27699874991ab161b2edf1b24796a610445e84db553dc820a32bffe919d3d
1127,563,21852,1,1,1,1,fd8fc2afe30e74e81323cb838e8dd6365dc6fedfc31c3cfcecec8bc2d18dceb9
1128,564,4426,0,0,0,0,NORMAL_COMPATIBLE
1129,564,4426,1,1,1,1,224e664fbcc253ed3daee01de0d716e3f10a68c3d54515cc119f71ab8225f7bb
1130,565,14102,0,0,0,0,NORMAL_COMPATIBLE
1131,565,14102,1,1,6,0,3243b01a7344b2d01e56ad3b220e597469a858f08873c90fdf4dfca040a73c60
1132,566,1417,0,1,1,1,b958deb1cbb203457ccde3cc1b03467d3d7f87b068c1a9fec3c6e95584d85d4e
1133,566,1417,1,1,1,1,e7b06061f62da32f75ea6edfd9e231ca018b34e6c70abe9d5221a5f153c6b4b7
1134,567,4576,0,1,1,1,376fafb3906ecc7d8feecfd84f22ffd3350d0194e5e14a06bb10d049edf6789f
1135,567,4576,1,1,1,1,5af5af3c48b051d4509b43bdbf4d34e5cb67d0344adca221b5a32a286802569e
1136,568,5930,0,1,1,1,7102de705840df134be12069ae782853118d7d760bb248ba0fdc4983b72d7e89
1137,568,5930,1,1,1,1,e9c841ed63abe4154347a905601fe3f1d228d53f1ec3ea99db8c9232b84c47be
1138,569,1691,0,0,0,0,NORMAL_COMPATIBLE
1139,569,1691,1,0,0,0,NORMAL_COMPATIBLE
1140,570,2831,0,1,1,1,5709fc34db307df632c66f3b55265b9eec6e0c75cdb340b6756f3ee26826151d
1141,570,2831,1,1,1,1,15bc288570b1c2b0b8f4b01fb7b6fc070ea24ebeb55c44cf286f47e09bb4a0da
1142,571,4550,0,0,0,0,NORMAL_COMPATIBLE
1143,571,4550,1,1,1,1,c2920a60c4d994a97fe39fa1af3c035b55695280c65ab99828829ee5216a6606
1144,572,12820,0,1,1,1,36035adf031d1681c56f815d1e173d197bb8161a685f291ecce3d707efca196b
1145,572,12820,1,1,1,1,ee5e6a18c8532fd713e8097cdd2026738a417bdb08962dff56a1f8ee01af7415
1146,573,21608,0,1,1,1,4a378811cc62ec3e0d23a1323c627876d2406b07855e93ceb02b6e86372813e9
1147,573,21608,1,1,1,1,e5bd7a8cf44416136f519f56d53cfd60e2b3d04e6e24a7606daa915b22d1e690
1148,574,2059,0,1,1,1,f4674a66d6b3c4744da3c70e1d527a5d924de04abe9937eb5177f663e8d869a8
1149,574,2059,1,1,1,1,0b9b924f5396a8d99b0f9ad8b1a4645cfb3222c002249825b23c4ba5f1a746b7
1150,575,18589,0,1,1,1,b5657e335d97a3d1a5a44c1f1c180db28a546ac0085e96cbc39ab72c21321c7f
1151,575,18589,1,1,1,1,7cea8b9c97248ad1fc19a5fc34e88a078f346168068489f1c5ad3de6395b90e4
1152,576,8466,0,1,1,1,f49c9d11ec00169ca16507b220e1495de252c81505a7c540607d365ce676d610
1153,576,8466,1,1,1,1,02fd31b7e4e2e1d2e6dab063587c0163a4ea598435c918efa89ef38d632425a3
1154,577,21449,0,1,1,1,4c2c8baecad26d8965f424f4b464fd25de4ee0dc035c8fca1dcdf30ab5cd4a6b
1155,577,21449,1,1,1,1,a122ca45fe076f0d4aa6aae6ee661d66b5f9267452a0431ae624e9ea63f57680
1156,578,6584,0,1,1,1,3c3f8b947b94b60f679b1186f58cbe4f2afa9cb162ef30b1f15fb85ed315aad6
1157,578,6584,1,1,1,1,073230e7bd77cb6feec56724697e0b02f3b9f35877e2587e1cffddf17a663f65
1158,579,8546,0,1,1,1,b0a1ca3c49a1a53fd74256e749e2ba1bbb5351740ec63cf3bf6b9301a16ea0e2
1159,579,8546,1,1,1,1,ffb11fc2c1a6020a6d03120f7479527ef407867fcbcc2f5f6f1d8182e53e1d60
1160,580,4958,0,1,1,1,485562b954c51980bd911b5b6f95e6b62683b12e00a6417802deb4dc2bc453b3
1161,580,4958,1,1,2,0,1d29cc57d8596c53724f807ff31fb19adcaa1f1d9cc8d23fe9ed62f9bd449985
1162,581,11256,0,1,1,1,5dbaf84536f68f17d4b86a10962a744b7f5ccdf1eca5ee8028cbc5f05c5cb4c1
1163,581,11256,1,1,1,1,b82c53838c79c323d6f219a4b3e5199db15b3a5783f07cbd6bc41e111ab136c7
1164,582,11358,0,1,1,1,68c9c36677e03ab40289e96d6bc23828dcf5ae34dd6b7ba17037b6b4c08cbe1c
1165,582,11358,1,1,1,1,3cff6548f4e9357dfdc3797a43f138c5593ea8b1c698439f7077f9d3bf0cc96d
1166,583,8467,0,1,1,1,97ee25fdbc2265f97e0c8b99d56475d411b930e4c7ed53b2aa506b9ded89637d
1167,583,8467,1,1,1,1,40a14f40cd41d7ecf0e3fa1079366eb842c840006d6d80c34e918aa2df83eea5
1168,584,3133,0,0,0,0,NORMAL_COMPATIBLE
1169,584,3133,1,1,1,1,6d4ba79ca8066064e2206aadbeece8ad4ad4389195c6f9b523dfbfc6ecac7997
1170,585,11234,0,1,1,1,5528082f09c64f2dcd8dc4de91bebbcdf6a149130198a5972f03a3709dbf2cbb
1171,585,11234,1,1,1,1,d48a76e8767a2f30763a4d9523d371e9799ba55bf04fd2ee60d746555d7e263b
1172,586,14653,0,1,1,1,d5dcc6a7a3369990453d61a09ac27094599d423f3ff302158bb8ef4dcb32c7f5
1173,586,14653,1,1,1,1,90a44e91466e03a584103ad8493f39e1acf441e218efe0d2accd54e4fd9adcf6
1174,587,15378,0,0,0,0,NORMAL_COMPATIBLE
1175,587,15378,1,1,1,1,c3ecd478741c827bcc66901f6541d11dae6429b173eb94c8346139bd721215ed
1176,588,11705,0,1,1,1,4855c93439473b9d0ae9d83c3ed1e0d4730b2e2d4ff437a75f8045f515563f50
1177,588,11705,1,1,1,1,08dba67ebb3ffa1b2bbcd2386f33becda3b01e77f600afd07d242a836430dc01
1178,589,7767,0,1,1,1,9a8e35a583e6e74ebe0f048cb61ae044a04b2620216f0a82315725b58542ee5d
1179,589,7767,1,1,1,1,e752329b3053246e81b1851c2e6f72a2d68eba12fd04fd84d276a939b46c9887
1180,590,18205,0,1,1,1,59d434aea612dd2e4e3cb07e0d13b28d1f18572ff4b7a137d5013ceca08d42da
1181,590,18205,1,0,0,0,NORMAL_COMPATIBLE
1182,591,12558,0,0,0,0,NORMAL_COMPATIBLE
1183,591,12558,1,1,1,1,a53a7ee76a8a3d8ee139fb7af6f3162d59b345d8d82851fa03c2985b9deaa388
1184,592,20118,0,1,1,1,4ce88f2f108fcccedfae48f8b2cf50c793fe1633bd7e8f0d7d6cf60db54473ba
1185,592,20118,1,1,1,1,b6dc0145c348cd1596d591698117639b18250027e4ab55ba70e9b4f652c588d2
1186,593,19483,0,1,1,1,c23b0a1093194511652476e59fd7ac845048fa95c0f91fce2cc98a0da11c4f48
1187,593,19483,1,1,1,1,d91bc2bbf7a72cca0f29b6a371d438f1fed66e77f4d820b755cdc593fa38d4d4
1188,594,9188,0,1,1,1,05fae3c09719aae7b5d2b14054bbd13664b5124d0532d51306796ccbd7025ca7
1189,594,9188,1,1,1,1,07f0cc9c735565ea3347ca2a1bed35eb5902846d65080e47179b4cb8ebda99f2
1190,595,13404,0,1,1,1,eba0a39c760edf060a7cfd5efe7d05649d8be87e77adb3328654686123de8c06
1191,595,13404,1,1,1,1,81437d7df1010fccaa1f078f3cadbe8b080990c5966d3748c442cc47ad6238b5
1192,596,13034,0,1,1,1,b331934c078d53f274239015978ce406bcdb20ac977c3650bb53d234176cb3b7
1193,596,13034,1,1,1,1,359fc24fc264ac1b592561d04c99877700ecde0673dd0d2943a65e0990b226ed
1194,597,10141,0,1,1,1,815f5e4c253e25341bf15cbaee9b94b245c5a3d92b6f7c381926db9a9be2ed14
1195,597,10141,1,1,1,1,d8c8480ce1350e6c2bd57c2102788b011584f219f721c7cfd8147bbfacc4414e
1196,598,22014,0,1,1,1,25b76c5276a999488daee0cdf17eb9a0e74a97b9afc72eba14f93dbd7dbc8d12
1197,598,22014,1,1,1,1,52cc2c86bc0fa06ad3c8a09b263c8744e5ff86ffb12b90322e8eb9056ea62d5b
1198,599,1916,0,1,1,1,584da91c58a2340a4f57f3ba320ce698f24308962be815044566794e0c6ab99d
1199,599,1916,1,1,1,1,6c3c1f6ce09f6e423351acf81b3a175601031af7c2d1d935254a4e224c890624
1200,600,8981,0,0,0,0,NORMAL_COMPATIBLE
1201,600,8981,1,1,1,1,711a017d580dce146fb2b6ececab2e64d7f2992e937e08c218cf07aa2b71c5eb
1202,601,13892,0,1,1,1,a2f62796a546ef0ad4095b5a7a6cb05e7e4cb88fbcee8d223b6cc77c15f3899d
1203,601,13892,1,1,1,1,49800c08f639e2f2c6e9f3178ae935751f1ad3d8f05fc8d84264f96c2dd93f7b
1204,602,6879,0,1,1,1,ec145c8452b97f0a94f54d118976263c477067b5b3eb8dce993eb30f001cfed0
1205,602,6879,1,1,1,1,a8851753991d483411dbd46b8afb20b1f9700beda642e00484807c39f5b63994
1206,603,11923,0,1,1,1,fcc9fcd152f082030b00ad1d221ddb8a4a5a569bb11ac9a561de9113f2d3bdbd
1207,603,11923,1,1,1,1,b2419a6b3ba759e6174c321f5178a88abe1c3b00ee04d00736eb3ecda1fa3f4a
1208,604,22554,0,1,1,1,64e63ce23c9cb7a2778a826d835aa61707ef63edb2872fe272bee65583b8c24c
1209,604,22554,1,1,1,1,4d7b86cbf0bee0fedaaa0a621fc03d4d4eb25cfb96fbe288f2771c79e00eb484
1210,605,14124,0,0,0,0,NORMAL_COMPATIBLE
1211,605,14124,1,1,6,0,3243b01a7344b2d01e56ad3b220e597469a858f08873c90fdf4dfca040a73c60
1212,606,20991,0,0,0,0,NORMAL_COMPATIBLE
1213,606,20991,1,0,0,0,NORMAL_COMPATIBLE
1214,607,21464,0,1,1,1,bae99b9c0bf3a449164f220c723aa5bebc25601a2ea5106f42e424f3fa760202
1215,607,21464,1,1,1,1,23efbb610f91b9a324e2b7d4dd3df2a338486879b3b3fedad57898dd8c85d44d
1216,608,5329,0,0,0,0,NORMAL_COMPATIBLE
1217,608,5329,1,1,36,0,ed3bf241fff7723a3179b84f84f0fc60eb9ff43e9880288624923542ced7d265
1218,609,6671,0,1,1,1,4774e5f1c45700d897fd46a68d308829c89e61f8d9eefd5d2c532231a76ada18
1219,609,6671,1,1,1,1,7ddf9f75fdd0c08d34c8626e604f95e2c5851d61d43764c996a8e06a8823c5e6
1220,610,13907,0,1,1,1,1bf2aae2ccccef62699301d9b2367e0a76a6bd2dd3586bd6600311a8e7d57928
1221,610,13907,1,1,1,1,b86b77bf10c65f41584f0e6bd9213c400c872223865e0197eb2f1b18fd87b701
1222,611,19135,0,1,1,1,61db0accd917484e5fbc0d4df9deb4294dd030ae0bbdc58e4621ddc709b27781
1223,611,19135,1,1,1,1,8999cccb96800d61e055fe3830036a083d658627b9a8bf7fd2f89923fecc6866
1224,612,22469,0,1,1,1,e15c0e06d24204dc18d1b7635a23345298877240709d88ba42f88383ec1135d8
1225,612,22469,1,1,1,1,9708d666850e4e89cd63c00184fb3adbf87e428e241bd864c5ba4bad7d01a1b9
1226,613,21563,0,1,1,1,bc7b3deae9b27e84b87be42e696f0967123bae25b740ee2ccefd83616a2033f7
1227,613,21563,1,1,1,1,9f455d6ee085bfdda73535dfd97c13c6817b8cf44a9c4cf0e0fab8d9058f6de9
1228,614,15435,0,0,0,0,NORMAL_COMPATIBLE
1229,614,15435,1,1,1,1,11fa0ba99594ecbe8fac3843f310a96f76e7afec33b05ee56421ee1cc45a1c9d
1230,615,4425,0,0,0,0,NORMAL_COMPATIBLE
1231,615,4425,1,1,1,1,5f0a6ecc6f7b128523fec6646b48fc89df038bcd4a651d76d1815f821e34ad33
1232,616,22414,0,1,1,1,d79ba54785b6145016a455bb1446a2d611d20e5eec346e9c6e7cf34f9f0460ed
1233,616,22414,1,1,1,1,bee917168b09ee49ce5e9dcc629aafd9f28be9594dbac23f5e68f4464fb0b772
1234,617,7332,0,1,2,0,b6b52668490a7f372acc6dee187c06e75e11fa4153d4e0112b185605f2d6a64c
1235,617,7332,1,1,1,1,158ed02fc3a9248ee63177e67a91957a9869de6f9b26e216b5073cc1115d7dc8
1236,618,1984,0,0,0,0,NORMAL_COMPATIBLE
1237,618,1984,1,1,1,1,556bedf09f825ccd27fdc54b2614b38e7ffc8a44cfedd4f62b6ab76350c61550
1238,619,17025,0,1,1,1,394f2319a8491f9d61d9642f24e2a9f4e00bdd3a2c4f34ad8e17e61d67c71de4
1239,619,17025,1,1,3,0,228dbf8b095df1aeff1757a229d4c5d1718361deb86f09bfae6ef035ae3807ee
1240,620,16620,0,1,1,1,f9fd045c14da4ccd92cad47e41bfb2404efa1579a9cd4a5126620b6962dd506a
1241,620,16620,1,1,1,1,d24d36f33f462a6a32dc3be00e19803a24a4f8d2a48239f24f323c06ab4e6a5b
1242,621,304,0,1,1,1,ab9783fbe84c174029f11ba2af017c76cd9863cbb423c06d198574445960160f
1243,621,304,1,1,1,1,352bf2432c9e8333b71a58fbb2e5e17ea4d49702ca0ef0d0bd13cb65c1c3e5af
1244,622,6996,0,0,0,0,NORMAL_COMPATIBLE
1245,622,6996,1,0,0,0,NORMAL_COMPATIBLE
1246,623,27,0,1,1,1,aff16bc383bec9f54a53f87377ea9c161a0aded82550ac79f3125484b91c5423
1247,623,27,1,1,1,1,eb3b65165ef198d98dc61b7aa4b0045e3d7f13b6be5127dbdcc5282e2bacc379
1248,624,4465,0,1,1,1,53124029d5fbf9cf5fdc14b67da54eed087283a0afc96e73705edf0b69374c10
1249,624,4465,1,1,1,1,2b91ee40e174089dc8262a43776cf1a3a36d152345bb8d9d3864e75111fbe229
1250,625,11103,0,1,1,1,5fb2952ad7d137bb3ce48e69392b2bd1aff4d706671740c56f84583b6890d1b7
1251,625,11103,1,1,1,1,719f55022b0738601cfeafb98cff79f1505a234f1b8da2868d802f0294bfebba
1252,626,817,0,1,1,1,182f10b8d746d3352cebf10d7ca9b10b98c970f3aa8bd46d319a119f91a81629
1253,626,817,1,1,1,1,0996a58b8da396117061f98824e910be4d2b24320c2ad8a11ea07f5a0e22fc22
1254,627,15768,0,0,0,0,NORMAL_COMPATIBLE
1255,627,15768,1,1,1,1,8689f6dcb6c411fc35271501b20d5a8b9fefb6a8fa60b8d5c361b8c6b5711578
1256,628,6335,0,1,1,1,a02b16280662d2faaa5f5fbc86deff5f5d924fa4ecbbbdac72b5f7af6b6861e9
1257,628,6335,1,1,1,1,fb6207b9ab5005ed48efa879a02aff772cc869e7873aaec2fc19702569f539d3
1258,629,10839,0,1,1,1,5050e36dbc458cdbc1775760a3eb41ca51fa6016bafbe1ae41ff2e203b301775
1259,629,10839,1,1,1,1,afac25e1314116ce03b3d755eea99ea2577f089b7360013badc8965cb8a13ceb
1260,630,18710,0,1,1,1,d0394d89f72ab525dbf81b3a370f0c4e2b229c0258ee2e1d62ba4a1b22ee081c
1261,630,18710,1,1,1,1,8a1639288b74c9721d60b4d0f2d588ea44b342434e8c4b6c6ef6dc8fd1954380
1262,631,21035,0,0,0,0,NORMAL_COMPATIBLE
1263,631,21035,1,1,1,1,ff11bf345252397430c304cf70555ee76f5cc44992a1fd5531c7027d3a44ed33
1264,632,15605,0,0,0,0,NORMAL_COMPATIBLE
1265,632,15605,1,1,1,1,0a54d948dd375cdada6407d3bce7f3fbb31328ef6893481d5c3b347b9b9e8b1f
1266,633,3427,0,1,2,0,27fbb43668e8e22029eb930d58e09c828ce545ff2dbf1176133a813dc4adb474
1267,633,3427,1,1,1,1,9e3d2a0758ee4c27c503ba6e1b279261671772ea200f75e7d295d5f930aed0d2
1268,634,6330,0,1,1,1,ade39395470f5fe76cd005b8918cc57833450dfffd1b1652fcd6b3980af11ca9
1269,634,6330,1,1,1,1,cd2974ef3130682e4649dc6cda5670a85a10853e5e1d02bb0a048ab6c199db9f
1270,635,18400,0,1,1,1,5fa3c3051f713408faab0afbde5d5164007533cb1486f8cc87175b3d21f4f4f6
1271,635,18400,1,0,0,0,NORMAL_COMPATIBLE
1272,636,13223,0,1,1,1,62e2b8a2dfc2e87325383729ea9db7a071e152f8169bfa3e51607a19d8771da2
1273,636,13223,1,1,1,1,cb88a5a373b500bb908e90a533808bfd3a98e44c7d722efaed2657771d365867
1274,637,20504,0,0,0,0,NORMAL_COMPATIBLE
1275,637,20504,1,1,1,1,ed0b9bba921ad6493ee0aa3039e95ae8604703d49208074974d2aabb62e79045
1276,638,10930,0,1,1,1,b1dba0985b496984482f8ca166146bb5a4e1248fecb190beb61ce558f252617a
1277,638,10930,1,1,1,1,518c79a342d0208b414dbf3caa71d78cf652e74572348c98cc7225600cec2941
1278,639,15803,0,1,1,1,7a9e87a6ac754d337a223e7d7408af86c934f77e99d19d9cb350776be76709ad
1279,639,15803,1,1,1,1,53fa681c5457b1e186ec36eba2a59468a6495bb7474c86c06405c234631239a8
1280,640,15597,0,0,0,0,NORMAL_COMPATIBLE
1281,640,15597,1,0,0,0,NORMAL_COMPATIBLE
1282,641,8396,0,1,1,1,2b115da614abf2fedd4a01ba9c5258cb13db2c7dcbb22ac1c8a83aef48fc8c7f
1283,641,8396,1,1,1,1,0bb5e60e5a9000a603f5060a1df069baa6d9d2b778d1d7a8fc069c95ac2f6f63
1284,642,17660,0,1,1,1,64f70b1377e698707f23175698d31e2520de02e3d57d5caa56a1397f8d2cf936
1285,642,17660,1,1,1,1,9c8ae24edf269c7ee8200efaa64c4bca5ae82fc84634e8e98a8aa3a5858170ba
1286,643,6869,0,0,0,0,NORMAL_COMPATIBLE
1287,643,6869,1,0,0,0,NORMAL_COMPATIBLE
1288,644,10270,0,1,1,1,79d8932975edd55d41fabd84242be3e972448718248d3ac9fbe1a0020cc61c8f
1289,644,10270,1,1,1,1,3c899ad0b215d44c97f3b4ee9c8dd9f94f8e3bd12bca98987416b2644ba5b226
1290,645,9910,0,1,1,1,048ce9e6a79fef9a0f5f201b2e3d93b9c01e69f4df1a6f4206bbcf3d97e5e74f
1291,645,9910,1,1,1,1,63c1b3930c7f0751e92db5b2e5d04ea965572058e849e2f30ca42b5cb93311f1
1292,646,10108,0,0,0,0,NORMAL_COMPATIBLE
1293,646,10108,1,1,1,1,8cb5c6a04b98c47636731330e0327e87b870ec1bc54a037b0541496d15dae050
1294,647,9397,0,1,1,1,17485680a3b6f5e44a1b85d97b2e3c491aa9e34e0ba001b7662101409d9e20f6
1295,647,9397,1,1,1,1,7f701064235f4c0f07bfd1a1b3283e32eb342b1860aa5952b38d1013e6b95b6d
1296,648,16375,0,1,1,1,85da8ffda5a23bded8c8d55a576125351c9a03616e3c076a693976a85bb03a70
1297,648,16375,1,1,1,1,36d171aa49d8f521a6f48820e67a476f29ecc941da77f1c2876fbb9ba7d4a00e
1298,649,22449,0,1,1,1,db777017011c9e998da4ce0a22b703fda0e94d8c3e849fc495ab650f2801c89b
1299,649,22449,1,1,1,1,3eea05475c3c116a303831d33e876e2ae3874510be3e8574583e371a2d2a4e05
1300,650,16931,0,1,1,1,ed9dfb22da95a1d2802f211d2d536550591007a21d89f889a46f20b72016e5d9
1301,650,16931,1,1,1,1,ff55e454d09e1d5d9aec5176f2cfd9aa6aedd7c42b47d16dd378ecf051c55843
1302,651,6892,0,1,1,1,4fcf8cada17bf74ad216010e511e035b196e850cb9c2101523834269f7ae68af
1303,651,6892,1,1,1,1,878a0165fd6ac5b1d62ef819e604ed70f84ad7191f2085bba1b7122299d8cb1d
1304,652,14296,0,1,1,1,3dfa6d4e23b32a6157e0aee83e259ceb1153dbc843ac38ff4d7c02839d59d5ee
1305,652,14296,1,1,1,1,ee0a7370977da4d5883128b94c8366fa0aa3c20c75488a2044fb76e1db5803b8
1306,653,12645,0,1,1,1,93363ad50ea59b30401f7e03a7db945cce2552f3e59826f56252d4620c993b85
1307,653,12645,1,1,1,1,76e333e6d4d57f3b9eccbd00abab3a40303e6562bfbc1cd6e730b77f21294c45
1308,654,15370,0,1,1,1,46fd3c21594539ea82180fb03197fe886d7b0009b7e974ee02260f6e722d209a
1309,654,15370,1,1,1,1,25c7e91894bc31c5cee8795d6620ca04c02b7dbf19b8418600b5e6682f06f237
1310,655,17561,0,1,1,1,5d7c897e88ce7611e2171d8ef7f28825e05ae841b2b03cd07405aa29b57df250
1311,655,17561,1,1,1,1,25234eb848a760239c75e711b93f1564b7f08d94fe847383c38745b4a25c40ef
1312,656,19708,0,1,1,1,9846af7f81dec8d4bb851bbefe8f6b78784b60643cbcbfa3d2692c673cb86a62
1313,656,19708,1,1,1,1,1b90a62ccb206632eeb795f47172e71af06645e293fa949562fcf317b3fb2007
1314,657,15278,0,0,0,0,NORMAL_COMPATIBLE
1315,657,15278,1,1,1,1,3c256cc8bbd5cbf7c29d1b772ff35f2f4a845cff440a980f6d2249d68ebfc6c6
1316,658,16875,0,0,0,0,NORMAL_COMPATIBLE
1317,658,16875,1,0,0,0,NORMAL_COMPATIBLE
1318,659,7043,0,0,0,0,NORMAL_COMPATIBLE
1319,659,7043,1,1,1,1,febaf2c1049d6f0f331035356a307284d37d32d00fb1d0d91ab5418e65a962c1
1320,660,22646,0,1,1,1,fc4a514eda3c055448822820a958f986082c0e6f76d10f0f2d7298e2a46cbac9
1321,660,22646,1,1,1,1,0f146fedce416fc854fcabe17262caf92cd3c23a25352275cc83d2d570e06f24
1322,661,5753,0,1,1,1,59c28e6baeccc9cc2da420e785fab693206c40602dd2ef166ee014976af63ed7
1323,661,5753,1,1,1,1,110b86e8e76170f913bc43062ff721b68f4a1dcc15f22ca9821cd118e4891287
1324,662,14660,0,1,1,1,911525d424bccff0586b1194eb8dc38441fcbfd48e6ce79cf0277fa71c92829b
1325,662,14660,1,1,1,1,231a2d6aaa9f3cbd01218b65c246ce0b4e67a4a3142d17775f0d3275af22d219
1326,663,18193,0,1,1,1,a4a2eade2d12255d10ee651e9812e9d1d90c63191fb24d6f0293e9d0cb024866
1327,663,18193,1,1,1,1,2ac082608634523fd0b6b3991eafa0e1a8a08818357c68249b6970614d86cf42
1328,664,1070,0,0,0,0,NORMAL_COMPATIBLE
1329,664,1070,1,1,1,1,92bbe4edfc3fb2667ee51e365b48afcb2ca6d33e4c3f053649fd67ae69a9abc2
1330,665,10758,0,1,1,1,0ae6b9b93af21e205e50d325c0ccf8b15e4dc5c52ee75e2d82250bab4998405d
1331,665,10758,1,1,1,1,950d76e79d3eae93397320c32fa360e3029b5d32342644d85afb59a0d2577c44
1332,666,19013,0,1,1,1,a905b662e3774ef89e348ee8d468778ea03879f0f6c71a156b8be8ed7cad4993
1333,666,19013,1,1,2,0,43cd9cd6c3ca167b11c536110c609a9b3b449b472ad5e499c5a26871d9cfeeb3
1334,667,19305,0,1,1,1,8adf134168980168457052f3bab21e3c72386d9ce0a5a08c4fa60326c0656a8b
1335,667,19305,1,1,2,0,0b42bd705d3b407c1fc5c9c568e770df20ae1327aa438b54b9291ee107a2b270
1336,668,10039,0,0,0,0,NORMAL_COMPATIBLE
1337,668,10039,1,1,1,1,47bcded735053365037c381f9487532027f4add2bf909baac638e1ee031cabe1
1338,669,22134,0,1,1,1,2b28891281727020da84e7dec5bb39ee7be7c437393e781b2548b71880be8932
1339,669,22134,1,1,1,1,5b64cc0aa9c6770e2dc5d20626f74ec80c6565d046b0386bb08485681f2db360
1340,670,3267,0,0,0,0,NORMAL_COMPATIBLE
1341,670,3267,1,1,1,1,1e7badb435e15568dbe112761e81f4c9a16a16395149dd72c64bce0cf52f1f40
1342,671,15468,0,1,1,1,7ec4ac56a64d958d1d4df60ba8069dcfb86915d5b891009ac3f6b5143d7eb03a
1343,671,15468,1,1,1,1,e1b77b37ebf246842ecffe50600d63b8c143250a61cdb22389fcfd26ee5e0ee1
1344,672,7519,0,1,1,1,f8239214a6e138386ea1e98030e6877358458241e6c39eec6e9f5fd9821cc3f8
1345,672,7519,1,1,1,1,2b6b0755221835a1cadaf2cf1bada443d68451e49f8cc817fb40e0b4abec3062
1346,673,2306,0,1,1,1,e98d944d9ba82cd1c27df4ab5141bf01fb58c0c7924535c2b8c0dc4636765077
1347,673,2306,1,1,1,1,f660af6c0031fd1567f7056a79d5a62a97ac96e848607b288b929c895088d727
1348,674,17849,0,0,0,0,NORMAL_COMPATIBLE
1349,674,17849,1,1,2,0,9cf873ce9a2e3a6dba4c382e4648941aeef1ed473c1aa23ccdf7b0f52b2c115a
1350,675,22736,0,1,1,1,37fdb7693145a37c9e5481811afffee78cdaed613607f72307fa314cd778662c
1351,675,22736,1,1,1,1,bc7fa8362919b86e794a5c502220fbd73d0aea7a2a2b440e688d313adb0f35aa
1352,676,22238,0,1,1,1,3a8450aa3bf6cf043c80a039caa876eb8eff51ccb1282301c9f25b72125b3ce9
1353,676,22238,1,1,1,1,fd8c91459d8f8e579d23ad5bb0abd87ca3ecb1480d11cb40376bcbe7edab9fc8
1354,677,12899,0,1,1,1,e124fe76ee38fdf4d0174b9827efe3958f78883354514e91a868f4ec470b7e57
1355,677,12899,1,1,1,1,5397b6fc109a4af210d30e301e13fe7325216380d788e158ea79134c0841d406
1356,678,6461,0,1,1,1,f9b6189ebe60a95d372332e57f7ef50d78a99f3ce33f92d65756011a5f226564
1357,678,6461,1,1,1,1,5c7ad04fa7289cc1336423db155d560f9032025122eb2616dba0142b488f1c79
1358,679,14270,0,1,1,1,c173a57fbb32fae7ecf7a5a342022f10998c26b2a9e235e2f64064ddec1b01aa
1359,679,14270,1,1,1,1,ff9a64370cc44b46aefde42887a8975adf5f08b3af9218da240532bfdc11ed68
1360,680,16946,0,1,1,1,723ed1b81b3fee5845a5fc64861bca10f6ed0190b41d7bfaf00067b682634f25
1361,680,16946,1,1,3,0,228dbf8b095df1aeff1757a229d4c5d1718361deb86f09bfae6ef035ae3807ee
1362,681,17403,0,1,1,1,08993f493f26131ca7aafea4bd383bf95470abee7f8a33676b922a582600f64c
1363,681,17403,1,1,1,1,a15ea48800c36862f6663f6f119bc5974089215921ee6f3117b8dcb5de323a9b
1364,682,10025,0,1,1,1,cdbb0b3a1baae98bc8ee0ff004327263bf2cdd00317924f71c81de926de26b7d
1365,682,10025,1,1,1,1,549d5f0b45f6eec03e9bd95508719841cd4186b7f6c8288db89b3f6539d34905
1366,683,893,0,1,1,1,adf58f6a7807719400e2aa33e4bdd721bad727b62841ae96e1b72fd486f66d73
1367,683,893,1,1,1,1,41cec9e22958b71affa32de3b161ae5604aa163a89200ea52e2320f6a250d9f5
1368,684,6331,0,1,1,1,ca2ef5d5ea507c16c26b42f36f2d15955bde3799618ac6d46734dfaab782bb6b
1369,684,6331,1,1,1,1,159fcf14f1a079d9f0e95e551777a411028682dfa374e4f5179b3a3c826dd28e
1370,685,10003,0,0,0,0,NORMAL_COMPATIBLE
1371,685,10003,1,1,1,1,d8c730325498cf574547989f6ed703fd23a2bd7b0a20a0ce308223e0649df60e
1372,686,2947,0,1,1,1,dde7b5bf468f239ad5c0d118bdd7bf7970f56e09debfac222c65e740034e2b4e
1373,686,2947,1,1,1,1,aaffef8531f96cb1c3225ccec222697985d665a42b65c03bebd9cca283f0d2b3
1374,687,7049,0,0,0,0,NORMAL_COMPATIBLE
1375,687,7049,1,1,1,1,305609558946c9f8df79e84c4f0a2893999004f5bd18f6c1c235e95468051340
1376,688,22605,0,1,1,1,e046d4f77b10160941cf469afdb3fd88963c9e220b37c504242289201ab8ae4d
1377,688,22605,1,1,1,1,6a6faa66c4bba276fd268d2102515365d710ade8316e456f7b8dfc7be11584d1
1378,689,4648,0,0,0,0,NORMAL_COMPATIBLE
1379,689,4648,1,1,1,1,31d63cfb208f9f14b4ceb42f65efeab12ebb7f93bdb9b64895891d176bece33b
1380,690,18332,0,1,1,1,311f82bed52e22abde46dad467e8ab252badfb5d3febb343a33dd8c85b5e40d1
1381,690,18332,1,1,1,1,9b2ddf69c2ae982e898690bfe3eb136003ee2a3fe5759b90a0fba22f0d151d2f
1382,691,14815,0,0,0,0,NORMAL_COMPATIBLE
1383,691,14815,1,1,1,1,0ef9b32f9ac1bae1d353e602c777fd522b61515716c4633ff7c19b1e510494a0
1384,692,14629,0,0,0,0,NORMAL_COMPATIBLE
1385,692,14629,1,1,1,1,f1734809955ad68301f7bf548e63a60a25b72b38a567373ff30a39ffde8c40c7
1386,693,2105,0,0,0,0,NORMAL_COMPATIBLE
1387,693,2105,1,1,1,1,b34efacdb467f3bec0a92aa7e4f29eddba7496abb2adf57d215f972d8b8a57f9
1388,694,3443,0,1,1,1,e016c11c1c14b30c35d2f6ca30e6f8434c142382542c7867109c8738a6f4e2e4
1389,694,3443,1,1,1,1,f9b86b35aea509e4e98ff3ebc86dc0c64079f5d86580b0f61de3d854bb89b16c
1390,695,20361,0,0,0,0,NORMAL_COMPATIBLE
1391,695,20361,1,1,1,1,a76f1268782ff20ddac2065e98822467b47a9a8b0105efe331a2d44a9a5baf35
1392,696,22162,0,1,1,1,4b7285c106b9bcb7916000def6f2871d36db497ccfac679f59b9cd73b090881c
1393,696,22162,1,1,1,1,1b7e357f9a2a31b2bc1890d6df27d761ee5e1117168b94b058fb233a3b71016e
1394,697,20140,0,0,0,0,NORMAL_COMPATIBLE
1395,697,20140,1,1,1,1,cec32eace9ad3e3b9a0e9e5f2b5f6f913f319859fcf48d7977926fc82a72f9d2
1396,698,14961,0,1,1,1,786d09120da90bc05d3e59ef3ca7b7200b255cd87a95ba22460735b192441898
1397,698,14961,1,1,1,1,805a3da29e5a1c2089b77f2dcb9f1c22ef567afebcb49d7e6a8dec028a804b0f
1398,699,14570,0,1,1,1,8a7225bbc57fb1f0bd98ef2a763d0673ae62e8734fe664e43d7d04c8bab6982c
1399,699,14570,1,1,1,1,540c4e4c2aa4859cbd0ccb7cb94010510c9345699348105c3b9aae26ae263ec1
1400,700,17239,0,1,3,0,0aa8bd767c6c3425a69c83253596f1909119567c58eede38a61d366edb1f9044
1401,700,17239,1,1,1,1,1698fa804eeb4de0a3902785283dde04ee7cafa1426255b8c40d22c6447ddc13
1402,701,6095,0,1,2,0,7ed256994e1906c8db6138267ee8ae71bf2811bc621ff259669564c37fc04db7
1403,701,6095,1,0,0,0,NORMAL_COMPATIBLE
1404,702,16716,0,1,1,1,2ed0e8304c0b99cd063250663c92df764be16d5ddb8d324b4ea03276f8dac6ad
1405,702,16716,1,1,1,1,1313d4ac24605d8ad4c37d3266be260c3cdcfdddbf8df70e5f9ee14fc40efaf6
1406,703,10617,0,1,1,1,7d6975159f7025058a99794bc865371d5ae2065e82391ebb5627ed7c77d3d477
1407,703,10617,1,1,1,1,f76110fe7f5edab0dcb5c91777b9b9a8cce0c09c8a5aec7f5722e17db764aa86
1408,704,19044,0,1,1,1,4832ce3209b2d1ef172e11c11f0caa84235c442c57511e421138b7d0c4fe0e6b
1409,704,19044,1,1,2,0,b9c71e985dafb69316d51c4c8478f28200f3766477cf19b8eb11c2611d2a5538
1410,705,10232,0,1,2,0,1fcd2669eab4b246a01b12994a8e5508b5afdcde74e2933abf7d87140f9c9adb
1411,705,10232,1,1,1,1,d77368d0c43947cedca73a9b119ded7e10a05ea6dde24daea6af9d59e92efc12
1412,706,19364,0,1,36,0,ed3bf241fff7723a3179b84f84f0fc60eb9ff43e9880288624923542ced7d265
1413,706,19364,1,0,0,0,NORMAL_COMPATIBLE
1414,707,15332,0,1,1,1,00b6bbfc2cdb855d4b1039a397b8cb9d3e396082b67491fc3d604720b1ebed3a
1415,707,15332,1,1,1,1,37896a2fae4633529790b2aafd988ac37c667972f1880e38e5696a2fccb34870
1416,708,20042,0,0,0,0,NORMAL_COMPATIBLE
1417,708,20042,1,0,0,0,NORMAL_COMPATIBLE
1418,709,1995,0,0,0,0,NORMAL_COMPATIBLE
1419,709,1995,1,1,1,1,ecd8a57de7d0015e4da902a8a12fc64183696521663f79cd79fd31ad4d365020
1420,710,15714,0,0,0,0,NORMAL_COMPATIBLE
1421,710,15714,1,1,1,1,7aaf66bfe64c14ca80455eeda66677f6611cfbb94f854c47fb31ca824789759c
1422,711,5019,0,1,1,1,245fcf7ea8ff58b797a1f447cdbf1d6ae75263e63f27fabf571f24d54dd766e6
1423,711,5019,1,1,1,1,2be31c206488f2a83cce26b5d8c6649a9e76456cb367fcdd91820ef995a7f25b
1424,712,230,0,1,1,1,873789b27f79f345e6ebfd20cf802614647e17b8ece8473b9fb387858854ff40
1425,712,230,1,1,1,1,565c258812dc929f29c73726dc66902d04df82c3d0085d1a890afe597b12a809
1426,713,20037,0,0,0,0,NORMAL_COMPATIBLE
1427,713,20037,1,0,0,0,NORMAL_COMPATIBLE
1428,714,21859,0,1,1,1,9f7230f05e02b01108633b2493b29d07870843b48084392327d1c10cf12de495
1429,714,21859,1,1,1,1,3ed25749ae3160281fcb2e1ed53e823ea1cae8fb95c0d3ac4efdc3a5f321db50
1430,715,6896,0,1,1,1,35e163f1c3f5d08ab3a1360b96527ec2a4001812ba84166d6d2d7d2cfec04da5
1431,715,6896,1,1,1,1,459e9806433adefc8ad11515c5a590c6ed876c79dfe1d7c8b8b5c82980843e37
1432,716,18533,0,1,1,1,06fde29cb2d6fae31f800c32d006804148193ce0bf8c5e538ebf594c931b7b20
1433,716,18533,1,1,1,1,f429208975f82a14293606daf4ae27de4de1296160c5b44cf52f16854c09f86b
1434,717,14243,0,0,0,0,NORMAL_COMPATIBLE
1435,717,14243,1,1,1,1,64acdff8d2cf4af6f2f31e6194e4675c3a4a347c91ec23bc48f40806c04f1bcb
1436,718,15519,0,0,0,0,NORMAL_COMPATIBLE
1437,718,15519,1,0,0,0,NORMAL_COMPATIBLE
1438,719,20454,0,0,0,0,NORMAL_COMPATIBLE
1439,719,20454,1,1,1,1,63fff4a4d19377252129d33f65817684bc38ef457f3a7027f4b79136ffce19c0
1440,720,20758,0,0,0,0,NORMAL_COMPATIBLE
1441,720,20758,1,1,1,1,78ee947e522cc9fc8cd227e0b644ce682eb46ff1e8f7ae581df83c24163c3e15
1442,721,8258,0,0,0,0,NORMAL_COMPATIBLE
1443,721,8258,1,0,0,0,NORMAL_COMPATIBLE
1444,722,12255,0,0,0,0,NORMAL_COMPATIBLE
1445,722,12255,1,0,0,0,NORMAL_COMPATIBLE
1446,723,7706,0,1,1,1,dbdfefbaccae03dcfab9405205cae20bd06d953d4085ed00837f39cca634fb79
1447,723,7706,1,1,1,1,fd94f5e76e8a866e10d686ef99e0c6d170a2cb09ebef0495191a3f9adf1b9abe
1448,724,5489,0,0,0,0,NORMAL_COMPATIBLE
1449,724,5489,1,1,36,0,ed3bf241fff7723a3179b84f84f0fc60eb9ff43e9880288624923542ced7d265
1450,725,17882,0,1,1,1,bda280c76d0414f4f40d9f07664c18220f97c5dce0de8e66ecfa557689934187
1451,725,17882,1,1,1,1,d7a49f35eeeae155b8d19c7e3a2b0fdc3e36a2ddd0e04056c6945b865b8e8378
1452,726,21703,0,1,1,1,3adefa250d73698a729a82f6cfb1e90dbdbdfb95bbc8b98b1bc0ef0ec924d17a
1453,726,21703,1,1,1,1,d4891dac45c275de0872d5aac46e372602c7e8164929768bcec484f914be346c
1454,727,2588,0,0,0,0,NORMAL_COMPATIBLE
1455,727,2588,1,1,1,1,a1f9479dcddee0402e46cdecddcbd7e1d5888cb0ef254c7619fe3a28830687f1
1456,728,9179,0,1,1,1,4e2332052498e31a842dcdc9ff1c3115bf17dd52398e24680701bbb42db12f15
1457,728,9179,1,1,1,1,2dd21d9badc3aaf9712a3b698c8a691adc34c33ff782c4e80edb6cd43482bdfa
1458,729,8320,0,0,0,0,NORMAL_COMPATIBLE
1459,729,8320,1,0,0,0,NORMAL_COMPATIBLE
1460,730,18692,0,1,1,1,9f63c8ec4e0e85ac22cefddd404f4fcb18604efde4d831f78272223cfdf4c6dc
1461,730,18692,1,1,1,1,e28e238625d3c255d68771cb7ec67c3793bf3ec9a0dfdd43df76c4c387b590d4
1462,731,19255,0,1,1,1,3fb45310695adf19257ed5f8d49069794a313488069122420f933c472fca4b99
1463,731,19255,1,1,3,0,0f23c8dac2f96dc94e84a0896b1c92b8bd3d21851649e60eee45fa74af8b4dc0
1464,732,18423,0,1,36,0,ed3bf241fff7723a3179b84f84f0fc60eb9ff43e9880288624923542ced7d265
1465,732,18423,1,1,2,0,c626ed99f84683b9764ec9d491e0cf73b1100aa3e248960892097bfcdeb1066d
1466,733,13777,0,1,1,1,f787356925e3b6d20bea5b3d8e15a7e46ca15dfba57225348ca0e1986b2bb73f
1467,733,13777,1,1,1,1,631afea5b184437e156cd2106f02a2a33d596ce799281b24df2c780463f0d6e7
1468,734,12691,0,1,1,1,7e9a4b3f54d3daa26ef40577f4cfefcec14efa033ebd67247ca34d9d2438c92c
1469,734,12691,1,1,1,1,e57367ee02485aa2094c223853232f464d723fb9268185066256c6a927973ab6
1470,735,7667,0,0,0,0,NORMAL_COMPATIBLE
1471,735,7667,1,1,2,0,73c4507a4668739aae8744dba5b51470eca9468841fc45755e34d8c742bf7a2e
1472,736,4795,0,0,0,0,NORMAL_COMPATIBLE
1473,736,4795,1,1,1,1,e2bd9800537bb1295c8c3afbd52971eb9fc1cb336ebc9d34a6a51032511f566e
1474,737,6475,0,1,1,1,c794e412ff98c8fd3aa8af7e7704ebb4b17672fd4b8471a42941b8f0ae42b874
1475,737,6475,1,1,1,1,b81c1517310e9a3221fb875a74e2c35551b597e2ceaf03fb8874682da3f3e16f
1476,738,15750,0,1,1,1,1a93191a9944afe17cbafa9a1a169b5b005d25e3cf645dc40d068fbee241c397
1477,738,15750,1,1,1,1,d9e6d9b52cbbf740c549d2b71e4b9d52b68af7c2e7da1ac8d8e00a1657714a63
1478,739,8599,0,0,0,0,NORMAL_COMPATIBLE
1479,739,8599,1,1,1,1,c7c117b7f88aacd0e77aa4f1bcea625eb80ae201937955879f5c84edf1b05f90
1480,740,21820,0,1,1,1,6986e14e07d86879b17add9d2434c0bbbad0ad50ee4213b674b9bd24380724f7
1481,740,21820,1,1,1,1,a39cf94fde73c30ec5d521babd3bfee854dc333172e2411636cbe4926553ad10
1482,741,9471,0,1,1,1,dff56de4d5f9e5c2e4bdc1b36274084c322d95254173a866137123480aed3780
1483,741,9471,1,1,1,1,133066cb0f891e3f18ba8953a9721b59d3054ad9d0573a9bad6ff05da65dcd89
1484,742,7790,0,0,0,0,NORMAL_COMPATIBLE
1485,742,7790,1,1,1,1,4decf2801fc6250796da38cf662d67f6fe4334672a08f74b348d9b662d184394
1486,743,7099,0,1,1,1,263fbedfc65847735f097ab3168982b2877b60f4636ef6d7c5cd06bcf7654510
1487,743,7099,1,1,1,1,8fa4f16012ea5a465bba782d60c2851391e6ae61c27bc6b7ad8bee588564d339
1488,744,12928,0,1,1,1,0fbd581d149714f09199822a78b243dc393333e4a4c4d7cf6915cbd9226910c9
1489,744,12928,1,1,1,1,0de6b6ee700cb7737f460c9c08913963ae26cec45c37399626d0f405dec0b65d
1490,745,2673,0,1,1,1,7dbfdc22df4e366c573ddd2c0921926de1cc1b08cddd34e970586e0aad78e537
1491,745,2673,1,1,1,1,64ee630604c174da9e1152050f4eedd390b29b1f90a7de306e6a321982f4a8aa
1492,746,12680,0,1,1,1,8212f563c4a7228463071379b54f37012646fffdec64814510e7cb354596fc68
1493,746,12680,1,1,1,1,74c8e280420eae347d3673667bc26f788b82bb7841dc65dc65caa6877ba64e6f
1494,747,219,0,1,1,1,b3d8d710cec902d5241b4885237914d45f7c5faae8cc0bab5636aa195f5cba91
1495,747,219,1,1,1,1,e3b316efd0751215dbd09ec43c204d4d6fbc5d6bd974cfd142e9bcb2164647d7
1496,748,4584,0,1,2,0,304973bd9ed815377f7ebaae8a11d51d4105b193c9c1eef7f429c2b5d69d95a2
1497,748,4584,1,1,2,0,3f555e6c9cd3f01d0e62529cb89d8597275944f5fca60a768cd75ceda4645c9d
1498,749,17693,0,1,1,1,8f042fe1e6c3c420c1699943c08faa9919d772fa451bbca5e6f75efb20ba432c
1499,749,17693,1,1,1,1,060148ae225ed35c8de3dbf1ddcf984026451d790d053f526d7f58cfc673e53c
1500,750,13721,0,1,1,1,f1a3523f4eb42290138d87f68ef3cf0828a42442c515baadfa636a2178b41b2d
1501,750,13721,1,1,1,1,7538dac37cdd2cbb02dd3dde26dae5ab0fa3b18fe6312b6b4bcc5802243a125e
1502,751,6534,0,0,0,0,NORMAL_COMPATIBLE
1503,751,6534,1,0,0,0,NORMAL_COMPATIBLE
1504,752,20350,0,0,0,0,NORMAL_COMPATIBLE
1505,752,20350,1,1,1,1,068a013e5ed37337ac7403a85131f0ea82379fc381d45d3ceac14ea5474f1f95
1506,753,1210,0,0,0,0,NORMAL_COMPATIBLE
1507,753,1210,1,1,1,1,ef7bccda63f793d54d431769d0f70d62f80d00cc7bb80e482977bde5ce758469
1508,754,12636,0,0,0,0,NORMAL_COMPATIBLE
1509,754,12636,1,0,0,0,NORMAL_COMPATIBLE
1510,755,2441,0,1,2,0,8df5ac6bc7f229e3c809a136d82ea357ea7762205450bcad615cdc80a2c46004
1511,755,2441,1,1,2,0,4a40e0af9d8d55b6ff38c532a89b2277d3d538a1b78f75a5655f5f83cb62a2eb
1512,756,15381,0,0,0,0,NORMAL_COMPATIBLE
1513,756,15381,1,0,0,0,NORMAL_COMPATIBLE
1514,757,18645,0,1,1,1,b0a80b693359cd511e0b31cbb738069fe6c220c6fe59e7e2f8bd977fbe284e4d
1515,757,18645,1,1,1,1,0b10f5c5f9f1e44b06e99cd7813f528ae3a1bcd8742d69f21b0361e03cd953d8
1516,758,22008,0,1,1,1,217a355d3c208dd4f628ddbd477f4f4af12f1a5a242a3c1acb6e7441e018350b
1517,758,22008,1,1,1,1,eb46d9e3b78b74feacbc64742023cd0ae0cc347c6a2dc4abd3355b1e509de499
1518,759,10540,0,1,1,1,e2beb5e8a95168436dda10e26734553ae86d9c28a09686da0933e4d9ff37ca49
1519,759,10540,1,1,1,1,cdd9ac3b824e4066b8ed3150c95e5a32aed82af12833fb5990e2a342380e4340
1520,760,4841,0,1,1,1,f5031dc2774e3d475117e98a308b469ef1e761972aa0c64d19d85776dd23f49b
1521,760,4841,1,1,1,1,ae2b9aa8a3595e47a1248d0c55a72713a900daa664870c137bfa18199ca49376
1522,761,9102,0,1,1,1,de5c59e8ad2ca6385650789336518256789a64d2fdc47eb4fd17886d2dec2b23
1523,761,9102,1,1,1,1,41461f5b8b1802a1e988ee6c4b3f15ffe79a3b67f39b628fdd2e11f3978e33be
1524,762,17133,0,0,0,0,NORMAL_COMPATIBLE
1525,762,17133,1,0,0,0,NORMAL_COMPATIBLE
1526,763,21109,0,0,0,0,NORMAL_COMPATIBLE
1527,763,21109,1,0,0,0,NORMAL_COMPATIBLE
1528,764,11183,0,1,1,1,b3095f6da96d900d61eefc7631e13379de2ebe98a53e222adc2bcbeba40a8020
1529,764,11183,1,1,1,1,f416bb855f3c5843a79428bdd02a39c6b2d3fbc91b5f9cc83cf0ce5c8d6a9b89
1530,765,16136,0,0,0,0,NORMAL_COMPATIBLE
1531,765,16136,1,0,0,0,NORMAL_COMPATIBLE
1532,766,4475,0,1,1,1,1b889ca740199657d47fd19b4585f32bac3edb4739c05d73a91b55bbffdc7ea9
1533,766,4475,1,1,1,1,54c295d5e936685fe3d2f52344e0e9331f33e46bfc0e4229d2689d15d0850403
1534,767,16209,0,0,0,0,NORMAL_COMPATIBLE
1535,767,16209,1,1,1,1,23329d2238baf95f5b263ee2b1df7caa38ee2aedb08eb4a7d9dc03c2c2f2c5dc
1536,768,21646,0,1,1,1,1047d09c979f6f8e8d0ec7a7147ceecd7508707df92242fd43c1c1e970b2cf28
1537,768,21646,1,1,1,1,52c477a53262b182e482a3797488f34b5d4fbc6ff64a454972a5b2548cd20df5
1538,769,5881,0,1,1,1,26b437c87ca4686fa234fa649e68d0f1cdd93444b4a0a3c3ea21b0cdb9bcbadb
1539,769,5881,1,1,1,1,0046e21d44f45892408295f19e7920c91e3882366369d5081a5b122569fed215
1540,770,12716,0,0,0,0,NORMAL_COMPATIBLE
1541,770,12716,1,1,1,1,3b6abd3401951ae8a983dbe3276ced8fd42842e7fdce79eb4309e867f96a9c3b
1542,771,12209,0,0,0,0,NORMAL_COMPATIBLE
1543,771,12209,1,0,0,0,NORMAL_COMPATIBLE
1544,772,19046,0,1,1,1,2abab66fb3974c8824841d2652bd9201ea473f1af857bc1bd2dc23014882e57b
1545,772,19046,1,1,2,0,b9c71e985dafb69316d51c4c8478f28200f3766477cf19b8eb11c2611d2a5538
1546,773,21125,0,0,0,0,NORMAL_COMPATIBLE
1547,773,21125,1,0,0,0,NORMAL_COMPATIBLE
1548,774,4222,0,1,1,1,b776d16ec31b8e37af481763ebd4e505fcc633a6a06b3a1359ee5303b07e174c
1549,774,4222,1,1,1,1,c0db81783e032bc223b47230089ca7177141ee638e86df7d77cf419e6837c5a8
1550,775,21081,0,0,0,0,NORMAL_COMPATIBLE
1551,775,21081,1,0,0,0,NORMAL_COMPATIBLE
1552,776,16334,0,0,0,0,NORMAL_COMPATIBLE
1553,776,16334,1,1,1,1,f4c67548c654df1107267ace8180bba201439d97162a7f5e0f7ec63d1edaee33
1554,777,11789,0,0,0,0,NORMAL_COMPATIBLE
1555,777,11789,1,1,1,1,83f447757409e5386f777501a24bf67749e082077d8dc17b0594c2701765a9c3
1556,778,18059,0,0,0,0,NORMAL_COMPATIBLE
1557,778,18059,1,1,36,0,ed3bf241fff7723a3179b84f84f0fc60eb9ff43e9880288624923542ced7d265
1558,779,3488,0,0,0,0,NORMAL_COMPATIBLE
1559,779,3488,1,1,1,1,7cb2fa16729228d2b6f8a566e1ba08258eba4d69ae790053d5e8115db59e66ac
1560,780,11055,0,1,1,1,cd978a1a7b768af00806890b2801431c5de1ae707f580094d39215ec90f3e204
1561,780,11055,1,1,1,1,50d18dfe591a1c9c68e66ba442cfb68332a1f7ec4df354019eb24fc8e237626d
1562,781,19464,0,1,1,1,335ef6013b0feaa93453b538f0359e59a990677a02f23cce15cd588627c9dbe1
1563,781,19464,1,1,1,1,efaee185dbfe75a47553eeca7fc195638a64160459e122b2f31795376c8245e4
1564,782,16315,0,1,1,1,377d4d19c2c528d2fd1bc370598a905c6eef13a6858a3941053072945c368fa5
1565,782,16315,1,1,1,1,f522515ffa2056bfb35f8f78137e2f22334fa8cf9ff2d1ece7b3d5057e60ecb0
1566,783,11617,0,0,0,0,NORMAL_COMPATIBLE
1567,783,11617,1,1,1,1,c3d1c08cbf1658d2617ad33b9783b08a2b2c3552a61fcb70e359a1c0641a1d76
1568,784,14415,0,1,1,1,ffed1ea66df81fb8585e1a2d278e99d8542f40e5b019c3cdd00b2dc0bd474c64
1569,784,14415,1,1,1,1,43b5eb70db3c5be681062b6ed61ee2cd53d9da4081cb1d33894e578ee07d95e6
1570,785,8535,0,1,1,1,0224dd09d1668ec7d28b38ea63396f533bbbb5021677db83937920cb16c060fe
1571,785,8535,1,1,1,1,08e01b618acba693525a5aba373d1a609896cd1693249e7805b7abe090169482
1572,786,12744,0,0,0,0,NORMAL_COMPATIBLE
1573,786,12744,1,1,1,1,749888498a6dfa5335f79661267cacb12383dc1fe675c4be04dec387cf624388
1574,787,15989,0,0,0,0,NORMAL_COMPATIBLE
1575,787,15989,1,0,0,0,NORMAL_COMPATIBLE
1576,788,8571,0,0,0,0,NORMAL_COMPATIBLE
1577,788,8571,1,0,0,0,NORMAL_COMPATIBLE
1578,789,7079,0,1,36,0,ed3bf241fff7723a3179b84f84f0fc60eb9ff43e9880288624923542ced7d265
1579,789,7079,1,1,5,0,09fa9874f9b7122d6d9a8ef873e011480955395458a77e7096462c09e80415f2
1580,790,16405,0,0,0,0,NORMAL_COMPATIBLE
1581,790,16405,1,1,1,1,04534744ad97db291499615dd87346af49899be45976a906174f85b85973ee5c
1582,791,11908,0,1,1,1,1fc82520a6cde006597f3b5f455e96f23a8ea392495f06ca9f033fa0e3a1e64c
1583,791,11908,1,1,1,1,57d9368eeabc8e22b6f6d0dc4610cccb4a6ccf35dc33cb57ca5940646b042cbc
1584,792,17773,0,0,0,0,NORMAL_COMPATIBLE
1585,792,17773,1,0,0,0,NORMAL_COMPATIBLE
1586,793,11058,0,1,1,1,89d4bb8641325277c83d6214ece9e23044b6e7498862b50a765bf84687538edb
1587,793,11058,1,1,1,1,86def8a68aaf6661882bf47b3b2ed114fb07911884100e0b435069c615e7662c
1588,794,18636,0,1,1,1,827b61f3c5ebda37847852d89331b0cbd0121f63619a81713552471e5757efaa
1589,794,18636,1,1,1,1,771194f2311861da3e0345862ba04d59eb7a4258dd412ccbc38d12a981962ad5
1590,795,5685,0,1,1,1,59b4019d856965bb0ee037690e3eb35817fc4bda8a4d95994f0ce855a1c570f4
1591,795,5685,1,1,1,1,940796c760fcec356bb81a749696e1c1ed495ddbb54ce98a4d5c0a8d707e48f8
1592,796,5468,0,0,0,0,NORMAL_COMPATIBLE
1593,796,5468,1,1,36,0,ed3bf241fff7723a3179b84f84f0fc60eb9ff43e9880288624923542ced7d265
1594,797,14908,0,0,0,0,NORMAL_COMPATIBLE
1595,797,14908,1,0,0,0,NORMAL_COMPATIBLE
1596,798,14499,0,0,0,0,NORMAL_COMPATIBLE
1597,798,14499,1,1,1,1,db675633bc22b422dd2e83bdbc06d6f93c8c3d5c4ad301f01bd2d23786ffcd6a
1598,799,10009,0,1,1,1,38667b5572864d198c59fadc9a0092d671c857d7444a3d77ecf03735d5900bf9
1599,799,10009,1,1,1,1,961e62902540c67dc590b422012dafda80cecfa0c1d7258b960a70b312b86c74
1600,800,21892,0,1,1,1,0ce3db2b8489e76cdce4a8bb4fce371415f83ac98fde606330970fcb634db7b5
1601,800,21892,1,1,1,1,23f2e2324213773d5e9fb6dc41710ac87a8e7031551bd7925c6f4c667f6c6e68
1602,801,7786,0,1,2,0,79d56d71dd550a0f2091ea764d5a5057634d88402d76cee46f2d20e9d45862be
1603,801,7786,1,1,1,1,9a14c868465a635609506418b3281aacc37918f21ecbf28a57a6330ee505416b
1604,802,4203,0,1,1,1,29740620b0e59fedbd0c438583c2cbd02de769fff8b0fe8e25d4e384d9fa0f2b
1605,802,4203,1,1,1,1,7243e54976b1e301456100c3a653cb4f0ef888b0704c0d8b9ac831e524f80e89
1606,803,1893,0,1,1,1,e01c80a5285c30c1867236c2d3edc7b0b6a451e7772c18c5f8b142c0dcfe11ea
1607,803,1893,1,1,1,1,b6a0a6ab77fa0e6ddc78f29324f8e332fd903e3ca66bf5b8e06d2c3c6ae32c32
1608,804,15637,0,1,1,1,6d06ab24ec6c81d647e946d7d6eabae873ea6de5a1b7d30e964ee41f0bdfbda6
1609,804,15637,1,1,1,1,3678c20beada0364f085912d3c1f009aa45a919d1371fea85ec609f1f2de7976
1610,805,21022,0,0,0,0,NORMAL_COMPATIBLE
1611,805,21022,1,0,0,0,NORMAL_COMPATIBLE
1612,806,17309,0,0,0,0,NORMAL_COMPATIBLE
1613,806,17309,1,0,0,0,NORMAL_COMPATIBLE
1614,807,6336,0,1,1,1,f9c2b9e230fb10e1ee5bcdf7efb61f141c8633e673740fc9ee39f36866e51f9f
1615,807,6336,1,1,1,1,75a82b4c1dc743fa26072521acbcd3f18ae3c31b4f7f3bdaa90c09cbb43cc9b8
1616,808,4741,0,1,1,1,cdaf9bde734b49d4d8df178785959b35edd98d7fbb8cf5f34b4f46b3233326e2
1617,808,4741,1,1,1,1,45a5afba77819ba677ade4e16d4923204bad9aa3ae58f0681a53f6071da27002
1618,809,18359,0,1,1,1,bbed42a311d6bb93a0c9665ea7faff2b411632d38d6458c8113db847ba9b3b45
1619,809,18359,1,1,1,1,22e7f727fae0732c25f0d698e1033f9ca8b0105cfd2235ab5621340244eee9c5
1620,810,19681,0,0,0,0,NORMAL_COMPATIBLE
1621,810,19681,1,0,0,0,NORMAL_COMPATIBLE
1622,811,7525,0,1,1,1,5048e716cde94f07db4101509c81bbb84985f07d9e3fc2c0d2c378ca2a538db8
1623,811,7525,1,1,1,1,b24ff1a1149b0bb7a881238539dd83e071afb3dbe2359f268ec577b4f7e43af2
1624,812,17325,0,1,1,1,73eff8c7ca64ef7c1236137046b17f4ff3a45ab27a362e80e331fec4b00ad1a0
1625,812,17325,1,1,1,1,c3034a63d0f1544cfc58405b776f4a0b4b15b8cbbdd84fa8c0cdeed005d37049
1626,813,2651,0,1,1,1,1062bc48861b67a2b5a04e14f2db67486926de766ebfae31ee33e11efcceaca7
1627,813,2651,1,1,3,0,bc5eefd38c796dbe9b16305038b086d336d3c5cb03814527906b1eaf1d4a370c
1628,814,22335,0,1,1,1,76ed97719ebdf6d7b871464dcc57984cdca8fb90c1d46beb49ef3b8623d1dedd
1629,814,22335,1,1,1,1,f46b70c9c3d3aeb0cd7d1fec069db8fc72e286c27e13c44ebe148ed5e27d4c4f
1630,815,7511,0,1,1,1,38c2fe3ba8955590b879f9f27a1e637ddc338f0ae10f81da4c7e223fff9a397b
1631,815,7511,1,1,2,0,85a5e19c54853d61a1b704bbd593484e2bd0c97629186a649ad89b8ba19f673b
1632,816,21876,0,1,1,1,bbc957ea8d5d53c39f8cc230caa2ae14da61c5319bfe437551f7601d00c27f23
1633,816,21876,1,1,1,1,3e4944f94bf4a1f8920b9b448d8c498784b1fa57ca671dd7c9501d7a47b7aa25
1634,817,21313,0,0,0,0,NORMAL_COMPATIBLE
1635,817,21313,1,1,36,0,ed3bf241fff7723a3179b84f84f0fc60eb9ff43e9880288624923542ced7d265
1636,818,12146,0,0,0,0,NORMAL_COMPATIBLE
1637,818,12146,1,1,1,1,2a519667be7c6f227521483123e53b97b251b69c0fd55f08c2215877e98c1fdc
1638,819,7994,0,0,0,0,NORMAL_COMPATIBLE
1639,819,7994,1,0,0,0,NORMAL_COMPATIBLE
1640,820,2000,0,0,0,0,NORMAL_COMPATIBLE
1641,820,2000,1,1,1,1,2e09cb73714c0e31a0621c4914d0011c798dbec2e2662ccc5b071f8b753775e8
1642,821,14383,0,1,1,1,0b39e431f3c85c29b15ec98516c6131613ea1765c654389ee7488c7c3542ddc2
1643,821,14383,1,1,1,1,e0240e27060ce9998a129027dc78cccc108766f37cb797b407e0b0f6bec14037
1644,822,2943,0,1,1,1,6db79c2cee9c221b5c34147dab857e4a910da0d7838d12f0eab4eb26a9415220
1645,822,2943,1,1,1,1,0f788302255034195d3683faad7d443de78edd800a5a9377cecb4e413a2521bf
1646,823,17980,0,0,0,0,NORMAL_COMPATIBLE
1647,823,17980,1,1,36,0,ed3bf241fff7723a3179b84f84f0fc60eb9ff43e9880288624923542ced7d265
1648,824,13105,0,1,1,1,dabb068e39d2210cee5b05ccc4afb788621a85e71c047338410a1c0ebfdff0e6
1649,824,13105,1,1,1,1,04971ea97c466c0c3656f865ebe9a9ccf2f05a5d97936e5caa4ca9acc25f1bee
1650,825,10311,0,1,1,1,13df424cf26857d346194a2bc9a27a64e40270b8a1dcd41ff88f8c7e51c30638
1651,825,10311,1,1,1,1,7c36ec09d6062714f606d1932f98b0e16d211035f44e12a5d559c2ce7446744b
1652,826,7757,0,1,1,1,eabbe72ff6a3d58f97bb3c4a93c4bc99a545c4273bccfcfcb9d000dd9599b159
1653,826,7757,1,1,1,1,53ec957c7133a3577adb74f40ef7276c81100493cef3b11ccf2f8491dd025f4e
1654,827,16211,0,0,0,0,NORMAL_COMPATIBLE
1655,827,16211,1,1,1,1,ab2953e9637f372eb1b12cdcd1fc50079f677c1d3a3fa6a0eb0f5e89fbee9b90
1656,828,4439,0,0,0,0,NORMAL_COMPATIBLE
1657,828,4439,1,0,0,0,NORMAL_COMPATIBLE
1658,829,2684,0,1,1,1,0226f2f6b414f22f721116d93facb762b5284c534f2da83e2f6f6df0708eb8b6
1659,829,2684,1,1,1,1,cf3953cfb8efbdf1e280f18a86372130a0d84c5c707e716398d4245b0ab02dde
1660,830,21332,0,0,0,0,NORMAL_COMPATIBLE
1661,830,21332,1,1,36,0,ed3bf241fff7723a3179b84f84f0fc60eb9ff43e9880288624923542ced7d265
1662,831,6613,0,0,0,0,NORMAL_COMPATIBLE
1663,831,6613,1,1,1,1,6b0ee770e016147ae1ea7fb0c9295f2f15bdd381a9d137b8c4db5d535fe559c2
1664,832,8705,0,1,1,1,459c68de8960ba86de3152018177de1499cebd00fb7106fb96fc728829760933
1665,832,8705,1,1,1,1,3625532f8778203257945c120b6204b01f31264efaff73dff74af4f4ff613553
1666,833,13443,0,1,1,1,c10767a4a8b4fcef18f7901caa4a896a42d76178d07f350a0ce0c51a5ecea268
1667,833,13443,1,1,1,1,1be4b79adbf2a9bd2852e85e3cdf476abe623191f7431935ce2e52eb9a91d4e4
1668,834,21959,0,1,1,1,25ee6b111b455e1c3038554e9d1deea53f8633fb7537e218d5f2e206dd763600
1669,834,21959,1,1,1,1,2d349f40c31abcf6903c1f816c4c1bbdd6dbda72591876f19c0c6cb56652c22a
1670,835,9497,0,0,0,0,NORMAL_COMPATIBLE
1671,835,9497,1,1,1,1,96d5796eba3cc0ac0b6b93dd3b58d5b4b25bbd95c9877e8e4960f058d44d4df8
1672,836,20497,0,0,0,0,NORMAL_COMPATIBLE
1673,836,20497,1,1,1,1,8e73129bd9b4ce30570ce2824b0f2c61dd78383f47c5c8734667dd5b7d136550
1674,837,8688,0,1,1,1,495484684205d45bd55ce0e54dd682b8952dfb31760009b5913fa82837b078bb
1675,837,8688,1,1,1,1,b568cc9c1356dafb57eb254a7fea6f30a9da0a7f18b5ca674a03ad43674e96e7
1676,838,18051,0,0,0,0,NORMAL_COMPATIBLE
1677,838,18051,1,1,36,0,ed3bf241fff7723a3179b84f84f0fc60eb9ff43e9880288624923542ced7d265
1678,839,21329,0,0,0,0,NORMAL_COMPATIBLE
1679,839,21329,1,1,36,0,ed3bf241fff7723a3179b84f84f0fc60eb9ff43e9880288624923542ced7d265
1680,840,10029,0,0,0,0,NORMAL_COMPATIBLE
1681,840,10029,1,1,1,1,82f5ab2d7c9ba1336291a4033fa8aef89b04b929fe3b286516e8ef082a9202b0
1682,841,21134,0,0,0,0,NORMAL_COMPATIBLE
1683,841,21134,1,0,0,0,NORMAL_COMPATIBLE
1684,842,11933,0,0,0,0,NORMAL_COMPATIBLE
1685,842,11933,1,0,0,0,NORMAL_COMPATIBLE
1686,843,14809,0,0,0,0,NORMAL_COMPATIBLE
1687,843,14809,1,1,1,1,e7fa1e5ecab01b186da6966f73cb8a5b632666781a686fb07bbd3694cff617f6
1688,844,14391,0,0,0,0,NORMAL_COMPATIBLE
1689,844,14391,1,0,0,0,NORMAL_COMPATIBLE
1690,845,7746,0,1,1,1,de1ef818fc8f7fa3f7ff6e69587ac1042b719b3fee8139797985e830a535ced8
1691,845,7746,1,1,1,1,6b1b724dcc439a5e6c1257923670275d6c6e6b178265139b799ca6de3a4b5ef6
1692,846,18016,0,0,0,0,NORMAL_COMPATIBLE
1693,846,18016,1,1,36,0,ed3bf241fff7723a3179b84f84f0fc60eb9ff43e9880288624923542ced7d265
1694,847,1301,0,1,1,1,edfc7637b3c888dbbe44d30ccb55f8fb526f26b6015ea5ce99033af55a4de325
1695,847,1301,1,1,1,1,c99fec4dee7a148d89c115125c786da6b9b0ec92e9482cfd31b7960acbb26673
1696,848,9385,0,1,1,1,5f6a515334296c1700d34448e33935fbf256faa12a5079d9fff6feab26d2e5ed
1697,848,9385,1,1,2,0,e6a86f99ffad9882dc761c533cbf0a5c84bc6f457a8909258d5ecf322a4d3575
1698,849,22503,0,1,1,1,01baec8682ea91bbadd56df11b3210341b8d4a732af9cc6af06ecbf96b09ea22
1699,849,22503,1,1,1,1,eb9a4d43163d82bd722fed2965bf369a9c385424ea2258f7a561f159f02dc18a
1700,850,15511,0,0,0,0,NORMAL_COMPATIBLE
1701,850,15511,1,0,0,0,NORMAL_COMPATIBLE
1702,851,7117,0,1,2,0,d24db64c9cbbfd37a8df8ac3d2d55a8bc8f16404833b782cc58fc6967e36c741
1703,851,7117,1,1,5,0,09fa9874f9b7122d6d9a8ef873e011480955395458a77e7096462c09e80415f2
1704,852,15469,0,1,1,1,70cf93c6b90f6a6e289dc530506ea1d6185476b2dfdd2dcff3457616c93040d7
1705,852,15469,1,1,1,1,f064c8c14cb50ea9dc946247f96c08ff7f9006f21e6f134f431684cc0f164b77
1706,853,10670,0,1,1,1,927b119536667c24ef54d4880138622eefe3f7d8aafda320dacb00a84c85f1a0
1707,853,10670,1,1,1,1,bc4539f38b104712758f486ceca4b79190ebef7c11bddadb902cede5db47d0fc
1708,854,801,0,1,1,1,f530399ae8ec1d7b27cc7ec6858a58880011da18a87eaddc585ac32eeeef571f
1709,854,801,1,1,1,1,72ef63bb2f53448d57d2eca9b90d52a95ac76e876d62950df55d2d94a9d545ed
1710,855,6148,0,1,1,1,942f33b9a1cec8648f2fea5d30937ccc1f98262edf06c1830d985853a40fddae
1711,855,6148,1,1,1,1,48c5cef2ae8aae1619a8c6cb5f712719f5d3f684fa38a9c4ed64f4808e7bb039
1712,856,13850,0,1,1,1,66df922125d667c3a7b6e2f5d880d31b714029d982bc8431050f688de1623405
1713,856,13850,1,1,1,1,1e2a55ff9c689fd45723270000d00481f0312f8c257f1cce4503dc600e7b1048
1714,857,13270,0,1,1,1,724ff949c856f677c3567f927fae2878556ea5ffe138d2c2b517e2db458a4e78
1715,857,13270,1,1,1,1,a2a8ff15014d671d2297b013aa45eb7f604b9aed3037222e2539dae777c838c9
1716,858,20060,0,0,0,0,NORMAL_COMPATIBLE
1717,858,20060,1,1,2,0,fa10c2e00d644da28c96c78301e0f5b53c40242bebca924500e593ccb52f6f29
1718,859,21818,0,1,1,1,790ee27330f58a894be5c7d1b59f72d26ec432d68dbadddae4f38919701c5993
1719,859,21818,1,1,1,1,423f42d3c760c792b7716c13017af4abe3f6528fdd666871317b04157362a891
1720,860,13068,0,1,1,1,03deddbe0c9bc20612c65a179bc8e9d5b6c4c44dd293f030498442cfd975211e
1721,860,13068,1,1,1,1,cffc9dc8723e2c43d011ae55915c91b7cc7b65dba880f12fbfc2e277dafd13de
1722,861,798,0,1,1,1,41f478d1d4a8461e49339cd5ff88285b50b3c68e09c623640a9d0126826c239a
1723,861,798,1,1,1,1,c2860ee59356db820900635f8e835d33aa20cca6390cc626f3e9de3fce8170f4
1724,862,1472,0,0,0,0,NORMAL_COMPATIBLE
1725,862,1472,1,1,1,1,f953a8f3b585f7f37340d8e11a496924b733c6fa84917ef37c897a090ba5b3ac
1726,863,3919,0,0,0,0,NORMAL_COMPATIBLE
1727,863,3919,1,1,1,1,cc4bd891ce144c184e8e2d7f9472a01b4414f60f136c87d33edaaf903e9483c2
1728,864,19010,0,1,1,1,29cfe5cc69c333cce31c8f0a1d4c3309a0ec76fbf3d0a25fa63d48fa8dbaccfd
1729,864,19010,1,1,2,0,43cd9cd6c3ca167b11c536110c609a9b3b449b472ad5e499c5a26871d9cfeeb3
1730,865,6390,0,1,1,1,08b8004891edd07861925e11493cf2141d82f86a859bdb0a0877bf6ed6fe27ff
1731,865,6390,1,1,1,1,8413f13cba42ecc047d39acb3992f9c63ae78aa75145229cb4ba4aaf0a5db9fa
1732,866,14218,0,0,0,0,NORMAL_COMPATIBLE
1733,866,14218,1,1,1,1,be43317e0624e81418ca328854fb335add5e5681daf30a1617f551757b519368
1734,867,6821,0,1,1,1,de40f1cd54286a262214b4842ab36e8dc4269c170b971e2eb4df1ee3db6ed343
1735,867,6821,1,1,1,1,7024b49d872afbaa69882eb44cc9b65ee43fff145cda7ffdbd79a608fcbb6ee5
1736,868,9954,0,0,0,0,NORMAL_COMPATIBLE
1737,868,9954,1,1,2,0,8a0c17736072e518e4eddcb61d4f49ce0c0f33d0ada807a848c1f6a1fa34559f
1738,869,8622,0,0,0,0,NORMAL_COMPATIBLE
1739,869,8622,1,1,1,1,2d3a3b1850bd93594b3ec2f777f0496f726875e0aab0657639942fb48c583cbc
1740,870,17064,0,1,1,1,cc27121e0123d2f6f4bb75e3fc6322a06bd589311d59fbe34cc3754cf66117ec
1741,870,17064,1,1,1,1,5abca8eacc219414bfae17571b33f0b2c085a94bca72a0bf88ed015b6c748ef7
1742,871,15001,0,1,1,1,d9cdff652e4d427345925d04e7f08a07d8ed03ab22809160ef426493f45d9187
1743,871,15001,1,1,1,1,de2ab5d15587fe70dcb44b22815469008ae5ecc513bee8dfb44b44fd9ab13134
1744,872,11000,0,1,1,1,02fd874f7dbf5d01330a80f88e1bc390d8ffcab82c3968f35c773c04b0e38369
1745,872,11000,1,1,1,1,fa073269a2f5659957a8309f601309034768d78cb39cc4962efae502f636139a
1746,873,16683,0,0,0,0,NORMAL_COMPATIBLE
1747,873,16683,1,0,0,0,NORMAL_COMPATIBLE
1748,874,19248,0,1,1,1,46ad7a541f35f48d3a83442592710f2074fc3ca31cff3963eb8016c8a3ec43a4
1749,874,19248,1,1,3,0,0f23c8dac2f96dc94e84a0896b1c92b8bd3d21851649e60eee45fa74af8b4dc0
1750,875,15162,0,1,1,1,b255decd1d69defdcbf684b17631b97acb567a693bb74a39222904528ef5ea70
1751,875,15162,1,1,1,1,76c04ba04f38faa4162a979e5043f3fdd26fdcea395dcee76086b1edae0d2c8d
1752,876,12043,0,1,1,1,c56ad66cd13c55af5ef25cf82de99ede93798d3101207fad2ef8f3380dcc1c55
1753,876,12043,1,1,1,1,6b05d6df04275b7682211d9dcd5cdbb08a3426b132d405543344398b17ece057
1754,877,22174,0,1,1,1,2933fe8ce19d3e6a4c8b5efdafe62cc0f9ebd3349bedd6e304fab06df82ceac5
1755,877,22174,1,1,1,1,e6f10bd65e1fff9f23fabefc144e945328921d1e59b0a3defa75c0c0f8eca36c
1756,878,16762,0,1,1,1,cdadef3e3c6871bab2698453c3e68365791827d052ba5f55abfe7c26af26aaf4
1757,878,16762,1,1,1,1,92206b3f786791aca11abf945443d4a824c71addb1d3e28b95c03bff5f20ac37
1758,879,11214,0,1,1,1,f6117961c584fb1a7e656bb2c4a143885033b0258e40afaf1f27a2dad3699ad0
1759,879,11214,1,1,1,1,b5f8facae94d1856d100c74b4ae86226848cd81155b9f5d6fd286f47b44825e8
1760,880,17089,0,1,2,0,0aff86f51fbdc8bacdbc7eba88de582b333c889046d8a88c20f2f2cb30162b3e
1761,880,17089,1,1,1,1,8d7931ef0e138739f918d9b2332a22f5540b35a08e441b9c6c8c20bc0863a2ee
1762,881,5256,0,1,36,0,ed3bf241fff7723a3179b84f84f0fc60eb9ff43e9880288624923542ced7d265
1763,881,5256,1,1,36,0,ed3bf241fff7723a3179b84f84f0fc60eb9ff43e9880288624923542ced7d265
1764,882,14238,0,0,0,0,NORMAL_COMPATIBLE
1765,882,14238,1,1,1,1,fa9d2c0d74c884f0b780517968a38bb203c30222c613c6e024c2ce6d7245dfe3
1766,883,10347,0,1,1,1,7344f159b6e70c2512f88e9357dfc71d05e66a045381a7d12b171c95e7c5c8e1
1767,883,10347,1,1,1,1,77fef889f7bfa52952337a97d0c2ac2bf6c04f27b17acda9de6795b77ce2db58
1768,884,2671,0,1,2,0,4e0ac68d66d0bd37c04b65c2c82b75bd5b3deffcfe990ea2c69dbf23dfe65f47
1769,884,2671,1,1,1,1,46a15960b975a526ef120210f6c4a4c54c213ffff2e70aaf27b7c26a36242781
1770,885,10430,0,1,1,1,cc506cf642e0a54a7975aae010702e7b02936c33b6959279422fc9dbe011f7fb
1771,885,10430,1,1,1,1,1e1d0a9d8f72c0c40fe7d6e071eb3c5759e0ef19e6ec25c583f9e983e4d6e4fc
1772,886,22262,0,1,1,1,e738a0b799b7b4fb8d982a6d185df1adea1ec5bdd8fd229db4184a6445126321
1773,886,22262,1,1,1,1,ed3d4cec1477bf07adf577c1b813e092ddad71fb2a89cd3e940fcb5e93e0bf78
1774,887,10729,0,1,1,1,3178daeda29742f375352cffc5ad981a98fb400b615c9e8d06f88a236d279483
1775,887,10729,1,1,1,1,5c246e602cd8afa733a8ec0f5c9f427920e445718eefc3f75efe58474afacead
1776,888,16251,0,1,1,1,3e860ae9ca7939a9822b8c0c81920805b309ca181c461a664ea9c9a7e6b8706f
1777,888,16251,1,1,2,0,e6a86f99ffad9882dc761c533cbf0a5c84bc6f457a8909258d5ecf322a4d3575
1778,889,20296,0,1,1,1,5fd2e43d9ccc06c281122c848fdd895a51672007819c3967b65d07929295a96c
1779,889,20296,1,1,1,1,e725091a9d0dcfa1b86ae4edbc64e04320c61c339871e575b4a62882d32de0d2
1780,890,20982,0,1,2,0,87ee9c1a78716b29cd42ec3eba3df867386d7f95a94b891128f8bbf8d74a2172
1781,890,20982,1,1,2,0,a760ccdc6d36f6a38ab4450361c3e1832db3c46f20304c584621fbeb75aa6530
1782,891,13900,0,1,1,1,31ea77347074ea6e43c531e4af11cee243ec38bf95c8d0741b19357200cd00df
1783,891,13900,1,1,1,1,c139fe4c8dcacd12a0a0f268bfaad866b83f418798ae43a7091372606526d85d
1784,892,20412,0,1,1,1,79cab259a6f4092bc13ce1456d9fac7413d6aecd563063b3d1575219f7ce080b
1785,892,20412,1,1,1,1,c764a0c0b780524d4a9f7435a258ff6f8e6f7ede891dae799f449060f8e473f2
1786,893,10612,0,1,1,1,cb7a023be31829deb512eb6f34546ce855c3ff2f422e8b57d63cce265e36dd95
1787,893,10612,1,1,1,1,9ba315ccbea3a69fbc4ed1716cb25b0699edb976edc2f1043d2543b3e3279f24
1788,894,12171,0,0,0,0,NORMAL_COMPATIBLE
1789,894,12171,1,1,2,0,9cf873ce9a2e3a6dba4c382e4648941aeef1ed473c1aa23ccdf7b0f52b2c115a
1790,895,14278,0,0,0,0,NORMAL_COMPATIBLE
1791,895,14278,1,1,1,1,0043dbeb9b1caf6d5e2864d22df48991ee50d0e4c90c5402db02953d1741ce34
1792,896,13164,0,1,1,1,e03ca62632c68441a9ed4a3f7f82284786047cce0feb63592c454d55431b67c8
1793,896,13164,1,1,1,1,b52faa2b8f2cd4f61a5a97ba65004be57d25166b432fe0af65ab2a8e25918a7e
1794,897,14846,0,0,0,0,NORMAL_COMPATIBLE
1795,897,14846,1,1,1,1,761417cde493152fb8558179efad55e5c7c832966b71ff1c55ffbb3b4cfb90c3
1796,898,7939,0,0,0,0,NORMAL_COMPATIBLE
1797,898,7939,1,1,36,0,ed3bf241fff7723a3179b84f84f0fc60eb9ff43e9880288624923542ced7d265
1798,899,3157,0,0,0,0,NORMAL_COMPATIBLE
1799,899,3157,1,1,1,1,6b4eec4fb6dea89ae0898720a1569386e1085f6c730e7044c74642a0f7f806e7
1800,900,8964,0,1,1,1,a4d7a437e4b1c2078719de1ceeb6077cbaaca80962eeff87067250133b623823
1801,900,8964,1,1,1,1,694c47eb0ee0ee8bfd07f5b891d2ed880136636e0d874e76575ad54c3d307363
1802,901,4449,0,1,1,1,0fdf20db492fd04e75736469f95b56aa9ae3e04550ea205285deb3a28f827525
1803,901,4449,1,1,1,1,3036790b81128bf1ab373decdf5bac5f4fe6ad3dcf465e9de83137334f196311
1804,902,22729,0,1,1,1,5d9414723961052f2220684d5cd5d344c09257297c2f3c17d50451878e3b2534
1805,902,22729,1,1,1,1,be61f82ed94612fbc9cb00c0faf64d046ad7479cd2648b8571b825b99e94b928
1806,903,20597,0,1,3,0,409903254ddcad9f36e480f708fb679a89cc6f73ef0b00545a2286a50d378b39
1807,903,20597,1,0,0,0,NORMAL_COMPATIBLE
1808,904,15981,0,0,0,0,NORMAL_COMPATIBLE
1809,904,15981,1,0,0,0,NORMAL_COMPATIBLE
1810,905,8268,0,0,0,0,NORMAL_COMPATIBLE
1811,905,8268,1,1,1,1,0dbc175f45d21da4ef637aca1aa94e57ac8c1f23fb2de78691802bcedf9ab27c
1812,906,22407,0,1,1,1,73f4fe7ef35ebec7e8424239ced03b54ea1360200d3d13f01418d2d215303165
1813,906,22407,1,1,1,1,5d9ca8c574f16db5856b9a464d975f60c5ae32ac8ce1b358aaccc8df4f4962c2
1814,907,3197,0,1,1,1,9db331e9623a98bb8a923264b25fc9763e6f20a4ff92ed78439faba71aa67cb3
1815,907,3197,1,1,1,1,84590ee1f3604f46621f51d1b8e541cf8866f71350f6758b9744e4c463ab94c4
1816,908,20501,0,0,0,0,NORMAL_COMPATIBLE
1817,908,20501,1,1,1,1,c2deffcaffccdebd84020f887494de3b37972b7f3f4df2faa9a734397f6035c7
1818,909,10539,0,1,1,1,ade25f9ec478a1cdcdb470cd6f78a6f28761fe3fec6e0911b154295022a6d563
1819,909,10539,1,1,1,1,28a592a5c6a451be5462e19665d6974577d8610ce1029c2f8c73dcd54f2aefff
1820,910,1558,0,1,1,1,1846203df140b3f7b497bc484b455337c85c34baae04e362ec92a0e292724802
1821,910,1558,1,1,1,1,de4a503e32f54f1a5736ed196cdaadc725f5ab842d34ddd650d16ef60b67110b
1822,911,16376,0,1,1,1,587c837694997f9facaf2a96faefaedc36d3766b938b94a31916c20f8afcec0c
1823,911,16376,1,1,1,1,0d710e209a3b2419a4d50fc9ede364d8afdc00fb1472d859eb7cdf01523ce2a1
1824,912,22304,0,1,1,1,9f4660ba30148c8b78978c8bcf0baea9023fab8fff6055c4bc3e2411cc5ac1f0
1825,912,22304,1,1,1,1,8505482b0403f492a457fd1c13bd3c88f473503254dcc98e116f78afd84095d1
1826,913,1097,0,0,0,0,NORMAL_COMPATIBLE
1827,913,1097,1,1,1,1,60a176c5f73a946d20c0957d85a1eebfef1690b126e2ed213a3cfc1e12209614
1828,914,1737,0,0,0,0,NORMAL_COMPATIBLE
1829,914,1737,1,0,0,0,NORMAL_COMPATIBLE
1830,915,20654,0,1,1,1,51f11b23ef850d898ab1b5dfbc565daa9a63e77b6bdd94abefced93f5c440f6e
1831,915,20654,1,1,1,1,2225ae6ac65b85ea959d8fe4b15e4b6c0597305e25f201c62eb0d33eb136a179
1832,916,15811,0,0,0,0,NORMAL_COMPATIBLE
1833,916,15811,1,1,1,1,f3d950fdee27302b3ae4792fd2c0d844d1d0707921c443f4cf30ff6d9e988caa
1834,917,12615,0,0,0,0,NORMAL_COMPATIBLE
1835,917,12615,1,1,1,1,37603973063e088a3ac3036c0fc94e7144412e547a8f4787eb179bd2507f537e
1836,918,4325,0,1,1,1,242ccf9f421fa8c9ffdef8f2a134fef88e77d1c63f4b32b4879043d7c3b89636
1837,918,4325,1,1,1,1,4b9dcaadac661b5d02f505039ecd04d67792cc2ad4cdfefde21657c3410dc557
1838,919,21748,0,1,1,1,e2af0accd4f4a6eff601613c9b6414a4c571b3d38e4f7f3d0006277d4da5af3c
1839,919,21748,1,1,1,1,f9863beecb2aea774d11e1241fc87ad57fc3d7ea86c6962c241287f85d640634
1840,920,4100,0,1,1,1,0a68844d380bd854f59d9b7946ba426578b4758410b0872baa8e30df663f13e4
1841,920,4100,1,1,1,1,913adbd9849ca3ba5e95a62f4b336de7c06b9459164ea196e5b51cb790b30a02
1842,921,15757,0,0,0,0,NORMAL_COMPATIBLE
1843,921,15757,1,1,1,1,affe675083539ba3da8f5601f2d9840ffbc3793812f8a821d2a0421c66f01661
1844,922,21477,0,1,1,1,12016b9a973924df3316d54de0df98607c2c8b2c87f902b448aadba1f7270bc6
1845,922,21477,1,1,1,1,be69cc6ac9d441129a06705994f57390ad91d9f4c3b15dec2e21cfbb8cb1b851
1846,923,15690,0,0,0,0,NORMAL_COMPATIBLE
1847,923,15690,1,1,1,1,940421b13bda45d7c95266bf5dc613731d1a1bd857c551941e3b96925f31b4f6
1848,924,18956,0,1,1,1,d3eefe3565bf2f137899e0985594f78f741765fb8d3aead4f8d450999c74fffa
1849,924,18956,1,1,2,0,0a96878a9ab10ce7b8de82df53287056361b187ca5a1674dc2beb7228129f960
1850,925,5905,0,1,1,1,cb003b63cb02c47e43bb58abc965e6f00e0f48bd3ab900ea95e84f206476de1b
1851,925,5905,1,1,1,1,6ab063558332fc4852b48c8044c335efdde57317ebe9c57a1eb39a67bff9d8a8
1852,926,11437,0,0,0,0,NORMAL_COMPATIBLE
1853,926,11437,1,1,1,1,a7c3460997e942c20c4b2aea1738caf6e92ea9281064c72bfb78f1ec642c9d5d
1854,927,6193,0,1,1,1,4f2d61e92f78d6e2b9c7586f712409301d47a77f1879bae2c69d043a12242e3b
1855,927,6193,1,1,1,1,13e2e289667b48893eb64e6dd13a701ad5d79a6b187f642233834c3d377d2968
1856,928,14347,0,0,0,0,NORMAL_COMPATIBLE
1857,928,14347,1,1,1,1,177b40332f582ec0960c709a6e1dae5d77580a7a23d2c37bea4bf9ebc5a8da3a
1858,929,9139,0,0,0,0,NORMAL_COMPATIBLE
1859,929,9139,1,0,0,0,NORMAL_COMPATIBLE
1860,930,2368,0,0,0,0,NORMAL_COMPATIBLE
1861,930,2368,1,1,1,1,1eda8dc56d7c23425746a55277317dffa80995b87fce1609f1c3be24d237548b
1862,931,11877,0,0,0,0,NORMAL_COMPATIBLE
1863,931,11877,1,0,0,0,NORMAL_COMPATIBLE
1864,932,12863,0,1,1,1,9fb9f69d296f827a70ba0f16e2537356f65678d4ed1d81d57c2348fd05476caa
1865,932,12863,1,1,1,1,6229061f74e73e8446f627ead66b06a27b2febc90e1fd60a948529c228848f5a
1866,933,22308,0,1,1,1,9d80fed89fba12efaffcd4b5103cc4a29d6932b93517f8f8bff2ecec00160d7f
1867,933,22308,1,1,1,1,f9cc6480b159d06fa1868b01b0b47e114f5758651b642dac0b4e5957e6fb5bc8
1868,934,3810,0,1,1,1,eaf0774ff9c2d39b2e983fe4d77ce6ef61b29599a538b32ed6ce46280c1812cc
1869,934,3810,1,1,1,1,cb3726a9e497b6e4add62357f060763d5cb746df82cb0da8643a7166a384eb52
1870,935,6715,0,1,1,1,0f6d6641bb346c81730589fd2cd106072f8939a1b14bc0b3290d7a379e83c5fa
1871,935,6715,1,1,1,1,91ff3e66f548ca7ec1a57d57dfca26a5040df8aea937cc1db66a0ce27d5ed38b
1872,936,5835,0,1,1,1,b1bc8270337a4beda785983e494750bf0e39a4b47eaf637e00e68349a1deceda
1873,936,5835,1,1,1,1,d0f3e346fa2f0b78cc186a2c653856360a6fe4a7eca6865951da540e06e44a57
1874,937,11336,0,1,1,1,04df13d9b366c90bf97b6d085adf3b8c2f163111d7d47a2ff8018606ad8c635c
1875,937,11336,1,1,1,1,0a2027b0fce96fde20550607e28d0814f9764ff0d27ebe5c915efd1237a4679a
1876,938,17873,0,1,1,1,8111db0a15fad6cd70084c0861bc635e1512c00f5fff18a2b9006e9a3f5e14fb
1877,938,17873,1,1,1,1,f9d6df12ab39b39283b218fa2744667d45932f6ee6e02a3360271ab0537c60c7
1878,939,9655,0,0,0,0,NORMAL_COMPATIBLE
1879,939,9655,1,1,1,1,670c7e46c6aa06323aab47390f09339474def72462355feaf252fe0acb88abee
1880,940,15775,0,1,1,1,d3a8f76073350c5a26904fa4a6afa9196c2bf609ee39df27878448a400be92a7
1881,940,15775,1,1,2,0,1d49710564a536b8eff079c2ce18ac4b1fa30b15b12126ce91030078d085ed1f
1882,941,4038,0,0,0,0,NORMAL_COMPATIBLE
1883,941,4038,1,1,1,1,85d67a6ea0e9d34a282aa5e0621a1569ef0292a34403a59a328b78e34f925b1a
1884,942,6735,0,1,1,1,8f38abe216835a90be1308244c09d303085a61cae2e1e6b7e5d578c0d51feabb
1885,942,6735,1,1,1,1,f51021c624c55225e56abe09cf88567256a132f3e1fce1d05a73a1b4d5988b84
1886,943,21721,0,1,1,1,3a8fa736be6a7b701fa1bd784458a477239b04b3b614ab126b62cb7904e26754
1887,943,21721,1,1,1,1,788f49dfbbd7959085a545df2747a61eb6fc374f2b5e1a95b40b9dd1afb0467d
1888,944,4302,0,0,0,0,NORMAL_COMPATIBLE
1889,944,4302,1,1,1,1,edfdb3d63069cf3fdd563a32df8cfe67d72c3b9ba52edc0801c2f8107ff01c0c
1890,945,19645,0,0,0,0,NORMAL_COMPATIBLE
1891,945,19645,1,0,0,0,NORMAL_COMPATIBLE
1892,946,4938,0,0,0,0,NORMAL_COMPATIBLE
1893,946,4938,1,1,1,1,842c8b44391f20f0ff087f7720daec54f95d12bc54ec0806a0bbfbe0ae002249
1894,947,20683,0,0,0,0,NORMAL_COMPATIBLE
1895,947,20683,1,1,1,1,034f237773ed17dff45317b97f067e7d6c5434cbd94f05a0ff595b1008879b0e
1896,948,7573,0,1,1,1,3db779fcba6e579fee2c9a522e113cc984f6530c6dbabbadef28fff44e718ed1
1897,948,7573,1,1,1,1,4403d3541b819926bd9ac889a5be80c9bdff59fdb2a6302d1de445d0157bcb14
1898,949,12299,0,1,1,1,b3858c92489abf1ae2da0c8cfc59d2dafeecc8b7a81641881d91f24eaa100f6e
1899,949,12299,1,1,1,1,812080288623aad74eab5bac65805f13ed4ef661aed876b36530915134005ae4
1900,950,18260,0,0,0,0,NORMAL_COMPATIBLE
1901,950,18260,1,1,5,0,76f5d750844d1d07c7e245d19da37639754d431dbbeeb62e936aa41269f1c070
1902,951,8172,0,0,0,0,NORMAL_COMPATIBLE
1903,951,8172,1,0,0,0,NORMAL_COMPATIBLE
1904,952,16832,0,1,1,1,76ff5977cefe2230ea144d8880b5ee1c03dda9527bc44315888c4fa63901f13d
1905,952,16832,1,1,1,1,b593e323e7724caefba9e6c9992c242d875b5313d73f6c40e5f9d7bc9dd88471
1906,953,15728,0,0,0,0,NORMAL_COMPATIBLE
1907,953,15728,1,1,1,1,15d51d00714027f2cfa2dcab36e743079b48ba91581e806a42ceac33ed0143f1
1908,954,18760,0,1,1,1,bb0167351026e9896a19ce8eb202149bab3de5e8f94ec1348e5e89c7428de868
1909,954,18760,1,1,1,1,0cdf5f1bf7c825a9d2a02aab2a58d93dba4785e965c27687cd520f2d1f0e5a4b
1910,955,5368,0,0,0,0,NORMAL_COMPATIBLE
1911,955,5368,1,1,36,0,ed3bf241fff7723a3179b84f84f0fc60eb9ff43e9880288624923542ced7d265
1912,956,15206,0,1,1,1,a771bca8f883edaeceee946e1b49a267379d2596657c41744c26feaf918f5b86
1913,956,15206,1,1,1,1,4e2eef2f6e5540d6c8a0e1748e3131f5f8ce6fca9fe6550ed1753bf8fff1deae
1914,957,16163,0,1,1,1,71a81eb45ff0a6a139ae271be9b36de68f143a424d4e8dc935135bbe91956238
1915,957,16163,1,1,1,1,dad067eb6e7a1b7f5648ba7c57897bd55b4e8d4aaafc4fdeb61d2ad5bcc42b57
1916,958,17722,0,1,1,1,99e20eb37922dac194483520bcf0a8b49ff0ee3193b39949bc152ece51dcbe55
1917,958,17722,1,1,2,0,3001156659169703cbeb3105d9392675bb4670afd87f719097d0050006646304
1918,959,4411,0,0,0,0,NORMAL_COMPATIBLE
1919,959,4411,1,1,1,1,c97d825de2fd975960e6ff20ec9dd2a5d365c826fce0f903899d8bc0b480621d
1920,960,17527,0,1,1,1,8576cb7033043ba5254e465441e9f616bff846d84937c7eb2fe3e9e3b577b0b2
1921,960,17527,1,1,1,1,edc84b122f9a274b2eed071b0297385c18348c94fa34130f1a1a84ae9ac771b6
1922,961,17196,0,0,0,0,NORMAL_COMPATIBLE
1923,961,17196,1,0,0,0,NORMAL_COMPATIBLE
1924,962,3625,0,0,0,0,NORMAL_COMPATIBLE
1925,962,3625,1,1,1,1,d5766731c596b4338b8978f24c3149ccc491f8dbd986027370d2c5b8f8d08a52
1926,963,12730,0,0,0,0,NORMAL_COMPATIBLE
1927,963,12730,1,1,1,1,44185426aa62a814db09c5686d446d505ed125c1b9e84caf66f8d7d88c3e0fca
1928,964,10151,0,0,0,0,NORMAL_COMPATIBLE
1929,964,10151,1,0,0,0,NORMAL_COMPATIBLE
1930,965,12313,0,1,1,1,efda0157451d95240b3b05a641c90cb7d22e01408777a2136a7d96e50b5c73cb
1931,965,12313,1,1,1,1,a315a577c8737326cf7ae0696ffa4804e08bafa6847ac0367ebc0f43c33ca929
1932,966,8524,0,1,1,1,8d28d2ed04102e0db5c5de9fc7e1b9895de6562126a06306185988c4e7fb2a82
1933,966,8524,1,1,1,1,3422b241df7cf1a126c10268de27bc38805d889592cd2d7d2dc19cf4e4512e27
1934,967,7206,0,1,1,1,c4d8217de78325903b1f6994b2f87bb9c119eb35626b114c714ff973dc4a0f9d
1935,967,7206,1,1,1,1,7d3cb90a7a1315583d3579cffbe3209fa333649edf2cbba1dd1ae696a3cf0889
1936,968,22382,0,1,1,1,3e40055219385127e0e990905e5492168c607c75806b81ed5656eee9b03cbd73
1937,968,22382,1,1,1,1,2b53b13e8994e0f43bab023f42e9fe1246c94c0ee38d6fc35226e890707666a4
1938,969,10340,0,1,1,1,78a5ad68e704862c629f30f431276d8a004557d52a6ca631e6f98b6a2154b119
1939,969,10340,1,1,1,1,5b4e4e2482ae8fcf2530c65c665555aeaea7a4e5c1f437a36e307cc684bb1063
1940,970,19976,0,1,1,1,a3e3ab8cc555c226c565ff2bc4f884be8bceeedf9b1c7b2054dae1c0879a68ff
1941,970,19976,1,1,1,1,75e1bb2aefb0e0db70fc04b070f19d766952f5000524f5b486459bcdffa2030f
1942,971,12799,0,1,1,1,0ddbf1080e081d15a8e6831cd90deef9ca1a9dd8ef54c629bcf5ea306017a88b
1943,971,12799,1,1,1,1,496053bafa8c63b2466d2e206fff7054738ab598ef7a496682c078f90d8169be
1944,972,14393,0,0,0,0,NORMAL_COMPATIBLE
1945,972,14393,1,1,1,1,7168b448cece3dd069829592842bbfdf0e97a868ce3cf0b7198ebef7e0d11eda
1946,973,20854,0,0,0,0,NORMAL_COMPATIBLE
1947,973,20854,1,1,1,1,a00cc2aacc3beadc01199a3c10b4fe61a648a488cf5070fa4d66a92eedec68e6
1948,974,5476,0,0,0,0,NORMAL_COMPATIBLE
1949,974,5476,1,1,36,0,ed3bf241fff7723a3179b84f84f0fc60eb9ff43e9880288624923542ced7d265
1950,975,13862,0,1,1,1,27866afb48fad806ce3c747070a806887e7709913dbfe1e92a06282a5e6ce989
1951,975,13862,1,1,1,1,b9de643d6e055beeb1fc109a1de01a1705afd48d91d22152efba30fe92d37c2c
1952,976,21694,0,1,1,1,51cf991a9b51933415622a9edf7a975ed7c5da10ac7b464d429a8c4426840cd0
1953,976,21694,1,1,1,1,76a63e9cff1729f9186271c3351a0c6dff6c7f443c1eb022821df5b42f90cc8c
1954,977,10889,0,1,1,1,f28320febcd429a2d54bb327028260f19ea76901ba2f47f7e383a3663437439f
1955,977,10889,1,1,1,1,e587bef35ce0377e70b55e4099d7a8196ae769d120ccd1b4d81de15dcee5cba7
1956,978,20460,0,0,0,0,NORMAL_COMPATIBLE
1957,978,20460,1,1,1,1,ae5d4c85ea7df54116eebae1ea437fd0f68058087961f542087b578a6aa85ab3
1958,979,21360,0,1,1,1,d7e313ff1b716349e52800693cf9bf6c5fc9b5918353c628a3df4f32032ea358
1959,979,21360,1,1,1,1,286a01e4b7a39bde0bae36adb7b1d5d2e6ff952b862835c393f852613ef73cbc
1960,980,7495,0,0,0,0,NORMAL_COMPATIBLE
1961,980,7495,1,1,1,1,53b88054aa1898a3fef3a11315d7fba76c094c3c61f9eb094980d536f6003379
1962,981,16092,0,0,0,0,NORMAL_COMPATIBLE
1963,981,16092,1,1,1,1,3117dac71c7c2e776bb54f15fc8c14194657e7492e17c8641902f448dcb862bc
1964,982,15853,0,1,1,1,78a102081914bfd9d52c7f5c19171048b0dc30b80c66d3a9afe681fecf2ff09b
1965,982,15853,1,1,1,1,eba36ef1ee78151760e7d0fca7d81b494b2c172408f93b14833d37698d0384da
1966,983,4583,0,1,2,0,304973bd9ed815377f7ebaae8a11d51d4105b193c9c1eef7f429c2b5d69d95a2
1967,983,4583,1,1,2,0,3f555e6c9cd3f01d0e62529cb89d8597275944f5fca60a768cd75ceda4645c9d
1968,984,18019,0,0,0,0,NORMAL_COMPATIBLE
1969,984,18019,1,1,36,0,ed3bf241fff7723a3179b84f84f0fc60eb9ff43e9880288624923542ced7d265
1970,985,14623,0,1,1,1,49b1d689b161b2b905ae16947312083aa9fb01f34896b37311fc1fc773f27446
1971,985,14623,1,1,1,1,ccc73e069b0bcc5c155078b752ff57198482a1c0ba8b60b3885f6b16bf270821
1972,986,10292,0,0,0,0,NORMAL_COMPATIBLE
1973,986,10292,1,0,0,0,NORMAL_COMPATIBLE
1974,987,18813,0,1,1,1,50a2c03f670ea890bd8c06ba22d42c636c7e6bd3f2f41735b79a3acd89b8b9cb
1975,987,18813,1,1,1,1,a7d815f8026422302615eb1041d68bd1c35b551852e403182f3c40444afd23c0
1976,988,9953,0,0,0,0,NORMAL_COMPATIBLE
1977,988,9953,1,1,2,0,8a0c17736072e518e4eddcb61d4f49ce0c0f33d0ada807a848c1f6a1fa34559f
1978,989,21440,0,1,1,1,f453680d1fc6a96a62f3e681470d0af6088a8097ccecfd4af3844eec747772bc
1979,989,21440,1,1,1,1,e2dcbc0253aa845d9d2382511f54cf5074f2860a9695b1d7955afecc96f5b5ab
1980,990,22019,0,1,1,1,611fde1a26cc1d4f97677651f98ecca6074d74b64c2bcb4a87046ccc7f51f7ba
1981,990,22019,1,1,1,1,cb45bb9d9cbabe60400392ae504b880ead07cb9ac8710581e852461a4efe9d68
1982,991,10831,0,1,1,1,3da513b54640b4d801eedc1f24b0df4d74122108af41a38e300114cebe5b6014
1983,991,10831,1,1,1,1,326609fc491bdee3526cd3ebfc526f6a21e0036418b183cef0f6069630d9ffc0
1984,992,13682,0,1,1,1,e79d20494fa3ba3c5955a7e1f4b525013e7519087a3b1f15004f863dda8e97e4
1985,992,13682,1,1,1,1,4317059408fcdd23f5f0feb2ecd76f8dad6496f1084e7fe6ff11a8f238c9165b
1986,993,12903,0,1,1,1,9b2b14fce745527651e6d4f34ae15e37be0491a0e5a489900d1ff7af2e0d33a4
1987,993,12903,1,1,1,1,c2c47dab2ff4ece161ce74b3787f18ff2c040826e9ea133b252496ea1a461dac
1988,994,418,0,0,0,0,NORMAL_COMPATIBLE
1989,994,418,1,1,5,0,09fa9874f9b7122d6d9a8ef873e011480955395458a77e7096462c09e80415f2
1990,995,22241,0,1,1,1,9ce1fe74cb1334dcdbf7dadc57a5ca9e71c7ca2bcb7148947f14df05e4ea9ef1
1991,995,22241,1,1,1,1,1be1c956e6bd06c31d7eeec5b3c35cfce721a5991527efabe2f8aaec80bdabd7
1992,996,14420,0,1,1,1,5525c50691bae607e7bb6df395483b3bef34ae8e150ed8893b53bb7bc8b2cb22
1993,996,14420,1,1,2,0,85a5e19c54853d61a1b704bbd593484e2bd0c97629186a649ad89b8ba19f673b
1994,997,6142,0,1,1,1,fb999aaae150d0943bec7a1ee4d9eabecc977f4385ae4428b9c56c9667d20242
1995,997,6142,1,0,0,0,NORMAL_COMPATIBLE
1996,998,16035,0,0,0,0,NORMAL_COMPATIBLE
1997,998,16035,1,0,0,0,NORMAL_COMPATIBLE
1998,999,16964,0,1,1,1,2abdc81a457c8c4c9804b064495ae8a7462f6695d06eb07da3a03bd8d7fce8c6
1999,999,16964,1,1,1,1,ca601197d8a5c6ebce27a6026539ae28f973ae32038234a2d97b32b16f68e1fe
2000,1000,2339,0,0,0,0,NORMAL_COMPATIBLE
2001,1000,2339,1,1,1,1,20efe14725a8359ec0f70a87a9a725f81d0c5432ddd4d8bf1dabd66627ec128f
2002,1001,22482,0,1,1,1,72af7f76ac4d3bb92d1a87fbf60145f65793536d24408e427aebd6b4df0b388f
2003,1001,22482,1,1,1,1,92ec0ed1889394b03dcbd75e081bac50a52e10092d01fc19d3244aaba1e67de6
2004,1002,1431,0,1,2,0,9ec2ee552c8498d5fe130329f6a6c69aa19e215ebd99fc206210635465cb4c37
2005,1002,1431,1,1,2,0,3da271bc2e40d7a8b55ac070b7d8aea334a137cae3fc8521afcbb6a083aebbda
2006,1003,8684,0,1,1,1,15a1170d73854951a0cbab1554d150d3ad232cdaef9185a2ff62dea7a88ed4ea
2007,1003,8684,1,1,1,1,4204312d6348f17c24fe9a0ba9df5526cadc8b3f6308950b1aa050d454147f8f
2008,1004,10120,0,0,0,0,NORMAL_COMPATIBLE
2009,1004,10120,1,1,1,1,ef4a155f3ebcabd563917369f1782d2fa44a076ef36f6c1b88628388dfdf7f05
2010,1005,21797,0,1,1,1,703716f5b282aaf6b25788d3e740947e8811e8d2444964191a4c589f9d168c67
2011,1005,21797,1,1,1,1,5c903d33576d90118ca4573b9d4b8f1f29cf9c363fea6bcf81c9e7ed1ac18f58
2012,1006,6518,0,1,1,1,83c4b0b7d956ab139aa393e3ceb322009a843bd84d01784d25e7556ca4f6fc0a
2013,1006,6518,1,0,0,0,NORMAL_COMPATIBLE
2014,1007,8709,0,1,1,1,c5985258f6513da78d8363e579e02db4e9d46980f2387b0495e26ba7d2169f18
2015,1007,8709,1,1,1,1,8d98dd97c70359e88aa5ea7892052a011f140e1525ae5ffff8441e4118f45b82
2016,1008,20039,0,0,0,0,NORMAL_COMPATIBLE
2017,1008,20039,1,0,0,0,NORMAL_COMPATIBLE
2018,1009,13545,0,1,1,1,1bce59d3f5a6bf59f71e0d4520e34c9171e2f58fbe6fbb5eee009d9f61ba5b96
2019,1009,13545,1,1,1,1,e1323498c2fcd7651a16b313aefd5f7dec24d6955fa3a82cfb5cb7fa0a7b6ed7
2020,1010,769,0,1,1,1,69b0714df75285036f6c9aad204e78d5900ab22793146337a615604583754554
2021,1010,769,1,1,1,1,e883373c5efdde629ee4a056884397ae6728cb3f42d97f9b2c9433fa312b5c24
2022,1011,14950,0,1,1,1,44efa92767569cb6085bd99fb0d29af61dcd48c36c557eefb12dc0cefced76b6
2023,1011,14950,1,1,2,0,12a659d12d462c8fb6acbae2a6064317891720ed3b0e2aab681cf00cbcef3ada
2024,1012,5401,0,0,0,0,NORMAL_COMPATIBLE
2025,1012,5401,1,1,1,1,ef417e7d16f81c3b2e9e4b4d09d185666e590ee446ce5462e31018355a172620
2026,1013,14511,0,0,0,0,NORMAL_COMPATIBLE
2027,1013,14511,1,1,1,1,ed5c4e6489a4e2f6b3d16dc05bd471606945758269bb50ec2fc9987d4b279260
2028,1014,21366,0,1,1,1,fb0df1f3b54dfaaebfbd9045d1c1166bec26910625a44860fdf41da0fec52495
2029,1014,21366,1,1,1,1,445e1fe3f65a0408fdc92cf9fcfdfecdf927910b2905272c3091cb8b480d5bb6
2030,1015,22808,0,0,0,0,NORMAL_COMPATIBLE
2031,1015,22808,1,1,1,1,863375230cc32fdd03e8f8d3afa03774bab879e308388033039d46885b9cd4b4
2032,1016,15422,0,0,0,0,NORMAL_COMPATIBLE
2033,1016,15422,1,0,0,0,NORMAL_COMPATIBLE
2034,1017,5193,0,0,0,0,NORMAL_COMPATIBLE
2035,1017,5193,1,1,5,0,76f5d750844d1d07c7e245d19da37639754d431dbbeeb62e936aa41269f1c070
2036,1018,6281,0,1,1,1,780437f86e7eff43b2083eb7b928fbb9a5135061a8cb0b5cf3ebda44782953ef
2037,1018,6281,1,1,1,1,7b43b33c0a03826960d01680365969ce891ff74256271f0ff6b4342a86f4edf2
2038,1019,10233,0,1,1,1,b33a860dd30de807cea7cdd66011857bd828952fc62ab867a1aa33d8df873d00
2039,1019,10233,1,1,1,1,fa0a0764dda8761fd3fb4b352448e36cb575cebb7f33ac88f41015df1a658e79
2040,1020,3324,0,1,2,0,ea13883d6caf5e7291e22cebc28376a3db25ae35029440c74418086e8b6b377e
2041,1020,3324,1,1,1,1,4b23303bbd54fe031cd5f1bad0401a4cecc8fac9611e1a8f2fc326093c188774
2042,1021,15601,0,0,0,0,NORMAL_COMPATIBLE
2043,1021,15601,1,0,0,0,NORMAL_COMPATIBLE
2044,1022,11610,0,0,0,0,NORMAL_COMPATIBLE
2045,1022,11610,1,1,1,1,b3378be7bad848c5f94cc6f29535490f76086e7e7dd85b95a3f0954eee12299f
2046,1023,22711,0,1,1,1,8ad6e70cf4ba1a6e7a4df6dd55b5cb950e802b9b40354242bb1969d29fa502df
2047,1023,22711,1,1,1,1,c35116f8a430688c654ac59dce2d42ad597bb7bc8cbb8d28aa3a3b5b92e1a9a7
