global_batch_id,family_id,partition,family_batch_id,site_rank_start,site_count,fault_count,vector_count,baseline_records,enabled_records,observable_faults,raw_csv,raw_csv_sha256,batch_npz,batch_npz_sha256,status
0,opentitan_hmac_sha256,GENERALIZATION_TRAIN,0,0,64,128,64,64,8192,74,results/circuitsage_hmac_v2_12c1/full_campaign_execution_12c1l/raw_batches/opentitan_hmac_sha256/batch_000/full_batch_000.csv,4e9ab94104aab7d78ca21226ea3710bc51eb09c9a80f48db1c5523274ca15629,results/circuitsage_hmac_v2_12c1/full_campaign_execution_12c1l/per_batch_npz/opentitan_hmac_sha256/full_batch_000.npz,3a652d323f418191ce2962624cca6b6c9a75f185776b53cb89ac38887542501b,PASS
1,opentitan_hmac_sha256,GENERALIZATION_TRAIN,1,64,64,128,64,64,8192,68,results/circuitsage_hmac_v2_12c1/full_campaign_execution_12c1l/raw_batches/opentitan_hmac_sha256/batch_001/full_batch_001.csv,0a65f1be2b0653aac34d023ab5ee27e63c44ed1a3f9f68a20441614be004fbf8,results/circuitsage_hmac_v2_12c1/full_campaign_execution_12c1l/per_batch_npz/opentitan_hmac_sha256/full_batch_001.npz,e330c121aa9e5b2632b1d029c375f8174f4df67dc77cfcca25289fea425ec02e,PASS
2,opentitan_hmac_sha256,GENERALIZATION_TRAIN,2,128,64,128,64,64,8192,23,results/circuitsage_hmac_v2_12c1/full_campaign_execution_12c1l/raw_batches/opentitan_hmac_sha256/batch_002/full_batch_002.csv,b728ac899fa25619b2f097509ac5dc26f464cc1bffeb3c57a60772ba16da10ac,results/circuitsage_hmac_v2_12c1/full_campaign_execution_12c1l/per_batch_npz/opentitan_hmac_sha256/full_batch_002.npz,754afc4c26b22fd2acb93f1f126456f5559a86d9b822b7422b81065b4679a2f6,PASS
3,opentitan_hmac_sha256,GENERALIZATION_TRAIN,3,192,64,128,64,64,8192,57,results/circuitsage_hmac_v2_12c1/full_campaign_execution_12c1l/raw_batches/opentitan_hmac_sha256/batch_003/full_batch_003.csv,8402402e2392d25d930551db2e17e88fe0609c1b38a342f80475b22569143e1c,results/circuitsage_hmac_v2_12c1/full_campaign_execution_12c1l/per_batch_npz/opentitan_hmac_sha256/full_batch_003.npz,da96594182d0e006878988fc33e16def90d883bed613fc1b792f33289ba11080,PASS
4,opentitan_hmac_sha256,GENERALIZATION_TRAIN,4,256,64,128,64,64,8192,61,results/circuitsage_hmac_v2_12c1/full_campaign_execution_12c1l/raw_batches/opentitan_hmac_sha256/batch_004/full_batch_004.csv,93b68fecd1e85d84c12c289716b5778f824f85410680d1b6eefdc4d40fc2219e,results/circuitsage_hmac_v2_12c1/full_campaign_execution_12c1l/per_batch_npz/opentitan_hmac_sha256/full_batch_004.npz,60dfb52e712379a75eb2ea16dbe28dfb9013500ed7005d728b603dd07c009f01,PASS
5,opentitan_hmac_sha256,GENERALIZATION_TRAIN,5,320,64,128,64,64,8192,9,results/circuitsage_hmac_v2_12c1/full_campaign_execution_12c1l/raw_batches/opentitan_hmac_sha256/batch_005/full_batch_005.csv,9dcf8212ab3abfc8354da07961e6e0167956aee84b1dced41d708e2c3931fb97,results/circuitsage_hmac_v2_12c1/full_campaign_execution_12c1l/per_batch_npz/opentitan_hmac_sha256/full_batch_005.npz,80604dd3f56f9a679588a18589c3fd6b4bddc4a3a86df47202324a29c4594b46,PASS
6,opentitan_hmac_sha256,GENERALIZATION_TRAIN,6,384,64,128,64,64,8192,26,results/circuitsage_hmac_v2_12c1/full_campaign_execution_12c1l/raw_batches/opentitan_hmac_sha256/batch_006/full_batch_006.csv,cfa0c0b9f77b97cda44c5ec8a5e5a7bb6e84cc5e6f804105d68bd8f4182ad153,results/circuitsage_hmac_v2_12c1/full_campaign_execution_12c1l/per_batch_npz/opentitan_hmac_sha256/full_batch_006.npz,f285b6c4eb0dbab7170e04b5291343ad5d0a3a32eebfe9aae0c1e6239f9f0baa,PASS
7,opentitan_hmac_sha256,GENERALIZATION_TRAIN,7,448,64,128,64,64,8192,34,results/circuitsage_hmac_v2_12c1/full_campaign_execution_12c1l/raw_batches/opentitan_hmac_sha256/batch_007/full_batch_007.csv,cc1e40f837d046474db616bef320cc1f41a791a1ff03190a4e3fcb3b34e52770,results/circuitsage_hmac_v2_12c1/full_campaign_execution_12c1l/per_batch_npz/opentitan_hmac_sha256/full_batch_007.npz,137a2507df1496cddf3177c49a74bb6ae53baac1e4ffe91e5bd0d0754eaffc71,PASS
8,opentitan_hmac_sha256,GENERALIZATION_TRAIN,8,512,64,128,64,64,8192,45,results/circuitsage_hmac_v2_12c1/full_campaign_execution_12c1l/raw_batches/opentitan_hmac_sha256/batch_008/full_batch_008.csv,55a0e23af8aa4a41c42a086c1d18958064bc1522acaf9c42d6e26337c6606667,results/circuitsage_hmac_v2_12c1/full_campaign_execution_12c1l/per_batch_npz/opentitan_hmac_sha256/full_batch_008.npz,1635470efa90903ed2107211774f047ff50b925523c37c71ef99b36d3df03f39,PASS
9,opentitan_hmac_sha256,GENERALIZATION_TRAIN,9,576,64,128,64,64,8192,65,results/circuitsage_hmac_v2_12c1/full_campaign_execution_12c1l/raw_batches/opentitan_hmac_sha256/batch_009/full_batch_009.csv,1c07512b9d5690d914a383c5c78dc5dbf38e1b24fd23c3330bc9dd20491fba71,results/circuitsage_hmac_v2_12c1/full_campaign_execution_12c1l/per_batch_npz/opentitan_hmac_sha256/full_batch_009.npz,10c70496e8da92c6f4800329d392d5bc886eb0282a5a1d339d1cc24d76fb5c55,PASS
10,opentitan_hmac_sha256,GENERALIZATION_TRAIN,10,640,64,128,64,64,8192,69,results/circuitsage_hmac_v2_12c1/full_campaign_execution_12c1l/raw_batches/opentitan_hmac_sha256/batch_010/full_batch_010.csv,4a34ec511c87ca6ce39d9665d06ebb604d7eee74c41594a9ba64b6f55b13cd15,results/circuitsage_hmac_v2_12c1/full_campaign_execution_12c1l/per_batch_npz/opentitan_hmac_sha256/full_batch_010.npz,8daa6e8ba81e454020ddc07cf375b555f166682e2db137e5d0f4fc2a6d110e23,PASS
11,opentitan_hmac_sha256,GENERALIZATION_TRAIN,11,704,64,128,64,64,8192,62,results/circuitsage_hmac_v2_12c1/full_campaign_execution_12c1l/raw_batches/opentitan_hmac_sha256/batch_011/full_batch_011.csv,ee041347626df5bf10c7ac2893f874b2bc5fa464a895a6df6014edc880019e2b,results/circuitsage_hmac_v2_12c1/full_campaign_execution_12c1l/per_batch_npz/opentitan_hmac_sha256/full_batch_011.npz,8725bc824e8a0a7dfcef4dbce75750b48530755c40ca74ab8c8d3cd0a1d20295,PASS
12,opentitan_hmac_sha256,GENERALIZATION_TRAIN,12,768,64,128,64,64,8192,55,results/circuitsage_hmac_v2_12c1/full_campaign_execution_12c1l/raw_batches/opentitan_hmac_sha256/batch_012/full_batch_012.csv,cc77e0d7a4bc3b8f7cdb9a98c12fc9a16e8dad776e92e1bbff88e155d39f4410,results/circuitsage_hmac_v2_12c1/full_campaign_execution_12c1l/per_batch_npz/opentitan_hmac_sha256/full_batch_012.npz,115061b94310a91c97ba5df812da5650e87d820e6d35a5a23bd65373084f6a2b,PASS
13,opentitan_hmac_sha256,GENERALIZATION_TRAIN,13,832,64,128,64,64,8192,62,results/circuitsage_hmac_v2_12c1/full_campaign_execution_12c1l/raw_batches/opentitan_hmac_sha256/batch_013/full_batch_013.csv,9d663aac75feb581c697da540e01e52f05c01c641757ff1f4790f3ce4391ee1d,results/circuitsage_hmac_v2_12c1/full_campaign_execution_12c1l/per_batch_npz/opentitan_hmac_sha256/full_batch_013.npz,34f26cfb3f75f141fe23fd50c04bceb1fad08dd9f1f54397913c223b61a7ba08,PASS
14,opentitan_hmac_sha256,GENERALIZATION_TRAIN,14,896,64,128,64,64,8192,73,results/circuitsage_hmac_v2_12c1/full_campaign_execution_12c1l/raw_batches/opentitan_hmac_sha256/batch_014/full_batch_014.csv,7ad79ab51e79e8bfd62b3aa02fe634643bb386c07a377d2a1b480ccbc1ac50ad,results/circuitsage_hmac_v2_12c1/full_campaign_execution_12c1l/per_batch_npz/opentitan_hmac_sha256/full_batch_014.npz,7eb579b49d803d2c4ce56bd3914394c4728d3fa6f1de383d39d72bea6c910982,PASS
15,opentitan_hmac_sha256,GENERALIZATION_TRAIN,15,960,64,128,64,64,8192,3,results/circuitsage_hmac_v2_12c1/full_campaign_execution_12c1l/raw_batches/opentitan_hmac_sha256/batch_015/full_batch_015.csv,90a2e0c82eee79c733053ca97375f88be99640a7702a645fda22c9a198a94260,results/circuitsage_hmac_v2_12c1/full_campaign_execution_12c1l/per_batch_npz/opentitan_hmac_sha256/full_batch_015.npz,5bf69bfe2365c19d866c6afbcb9eba816718571a20fb52749efa9df1707120a9,PASS
16,opentitan_hmac_sha256,GENERALIZATION_TRAIN,16,1024,64,128,64,64,8192,0,results/circuitsage_hmac_v2_12c1/full_campaign_execution_12c1l/raw_batches/opentitan_hmac_sha256/batch_016/full_batch_016.csv,1c42de852021179aab1bc9526f406633b4afca05213e55b40836ce52d2915b99,results/circuitsage_hmac_v2_12c1/full_campaign_execution_12c1l/per_batch_npz/opentitan_hmac_sha256/full_batch_016.npz,2fc999428cc8fc264752778441170957cc9247cd86af8234361888a2d14660c1,PASS
17,opentitan_hmac_sha256,GENERALIZATION_TRAIN,17,1088,64,128,64,64,8192,0,results/circuitsage_hmac_v2_12c1/full_campaign_execution_12c1l/raw_batches/opentitan_hmac_sha256/batch_017/full_batch_017.csv,2257984886bf85dcb0ef00fa9162b18957690f3f7ee92e24909a38aa05bfbb16,results/circuitsage_hmac_v2_12c1/full_campaign_execution_12c1l/per_batch_npz/opentitan_hmac_sha256/full_batch_017.npz,c3b2ef986a14d8e9b2267ebf59bb21301a54e81aaf98db0db004b8b9a1b8faaf,PASS
18,opentitan_hmac_sha256,GENERALIZATION_TRAIN,18,1152,64,128,64,64,8192,0,results/circuitsage_hmac_v2_12c1/full_campaign_execution_12c1l/raw_batches/opentitan_hmac_sha256/batch_018/full_batch_018.csv,ebbd750251e02abc468ded25a9e381951dcfb6eb0b5ed509bfa40024a330ec8b,results/circuitsage_hmac_v2_12c1/full_campaign_execution_12c1l/per_batch_npz/opentitan_hmac_sha256/full_batch_018.npz,9be64034b9d4ebd261f32b944935f18320a941dc957ac5c994a5d47669c910ea,PASS
19,opentitan_hmac_sha256,GENERALIZATION_TRAIN,19,1216,64,128,64,64,8192,0,results/circuitsage_hmac_v2_12c1/full_campaign_execution_12c1l/raw_batches/opentitan_hmac_sha256/batch_019/full_batch_019.csv,260b15c73efe179227a36d78c5fe17c438ceb6bc821a5b1b2c932514a9dc6460,results/circuitsage_hmac_v2_12c1/full_campaign_execution_12c1l/per_batch_npz/opentitan_hmac_sha256/full_batch_019.npz,7643428cb636b4d28b7479cfd824d5ed143cc2d2407fff3c6d5e8a46af40124c,PASS
20,opentitan_hmac_sha256,GENERALIZATION_TRAIN,20,1280,64,128,64,64,8192,0,results/circuitsage_hmac_v2_12c1/full_campaign_execution_12c1l/raw_batches/opentitan_hmac_sha256/batch_020/full_batch_020.csv,f11dc6df5452dbd5a62e5018f85be044dc8492c2660cdca4781c4463640a7723,results/circuitsage_hmac_v2_12c1/full_campaign_execution_12c1l/per_batch_npz/opentitan_hmac_sha256/full_batch_020.npz,ea91f830dcafd51aca96255f7e07a82853e8734cdebae84d73fdaeaae6474b72,PASS
21,opentitan_hmac_sha256,GENERALIZATION_TRAIN,21,1344,64,128,64,64,8192,0,results/circuitsage_hmac_v2_12c1/full_campaign_execution_12c1l/raw_batches/opentitan_hmac_sha256/batch_021/full_batch_021.csv,2d89b7a58b2d6ecad464bb0ef32192573025abf0a8fb5bc78d6e8cd6798d95f5,results/circuitsage_hmac_v2_12c1/full_campaign_execution_12c1l/per_batch_npz/opentitan_hmac_sha256/full_batch_021.npz,02913b9e296ecf43c93c860545e93be522f3a17c8dad82454231ab18a64f7891,PASS
22,opentitan_hmac_sha256,GENERALIZATION_TRAIN,22,1408,64,128,64,64,8192,0,results/circuitsage_hmac_v2_12c1/full_campaign_execution_12c1l/raw_batches/opentitan_hmac_sha256/batch_022/full_batch_022.csv,d29ddb9b564ea7aa86eb0e286629a075b36c4f770df4b7c8610a2b787a40f990,results/circuitsage_hmac_v2_12c1/full_campaign_execution_12c1l/per_batch_npz/opentitan_hmac_sha256/full_batch_022.npz,b55767160addecbb6d933ec61113f793dd6bb8ff3f13ad62fffe52160c2d9e89,PASS
23,opentitan_hmac_sha256,GENERALIZATION_TRAIN,23,1472,64,128,64,64,8192,0,results/circuitsage_hmac_v2_12c1/full_campaign_execution_12c1l/raw_batches/opentitan_hmac_sha256/batch_023/full_batch_023.csv,6e9b9118bc6a157e8f85ba1ff5a042ca4c55514e963f40cf9aec99d2e3984b5e,results/circuitsage_hmac_v2_12c1/full_campaign_execution_12c1l/per_batch_npz/opentitan_hmac_sha256/full_batch_023.npz,e42750ab83b5b215084609252ade5efae21102d3535c544b975d665862944cde,PASS
24,opentitan_hmac_sha256,GENERALIZATION_TRAIN,24,1536,64,128,64,64,8192,0,results/circuitsage_hmac_v2_12c1/full_campaign_execution_12c1l/raw_batches/opentitan_hmac_sha256/batch_024/full_batch_024.csv,24cb3d95359e60936b0c2e690572c697fe4374bfdf37c389685cd1c2a092ae49,results/circuitsage_hmac_v2_12c1/full_campaign_execution_12c1l/per_batch_npz/opentitan_hmac_sha256/full_batch_024.npz,4dc3cb8c5b38fda7c53ac486d08b7f07716597b6c5c83f933c99bfb5a32f9984,PASS
25,opentitan_hmac_sha256,GENERALIZATION_TRAIN,25,1600,64,128,64,64,8192,0,results/circuitsage_hmac_v2_12c1/full_campaign_execution_12c1l/raw_batches/opentitan_hmac_sha256/batch_025/full_batch_025.csv,c3f4adfd8adc1b1c519b0d28ea3677aa36c7f4c839b124bcf84efcad69d48d81,results/circuitsage_hmac_v2_12c1/full_campaign_execution_12c1l/per_batch_npz/opentitan_hmac_sha256/full_batch_025.npz,89db7b62f1c68b7a818b22d44573e52de94bfe0b44c0bd55a74942381ddd482f,PASS
26,opentitan_hmac_sha256,GENERALIZATION_TRAIN,26,1664,64,128,64,64,8192,0,results/circuitsage_hmac_v2_12c1/full_campaign_execution_12c1l/raw_batches/opentitan_hmac_sha256/batch_026/full_batch_026.csv,260a88b5e9f58e9d2718d2e9b2d97df9d4de8956d9b4ed63a462a1d57b53e10a,results/circuitsage_hmac_v2_12c1/full_campaign_execution_12c1l/per_batch_npz/opentitan_hmac_sha256/full_batch_026.npz,dc082fbcfa4f1bd299b5a8353e9530d61dbfd9f4de28cbce250c04e32c096f48,PASS
27,opentitan_hmac_sha256,GENERALIZATION_TRAIN,27,1728,64,128,64,64,8192,0,results/circuitsage_hmac_v2_12c1/full_campaign_execution_12c1l/raw_batches/opentitan_hmac_sha256/batch_027/full_batch_027.csv,7122bbc9ea5c9409916145d88ac0742438fa7a2a2f44d172fe6755cbef45dab9,results/circuitsage_hmac_v2_12c1/full_campaign_execution_12c1l/per_batch_npz/opentitan_hmac_sha256/full_batch_027.npz,a78babec3b817c327a49f1138fb62b841197c9b1d1f1c2642e841793d1384bfe,PASS
28,opentitan_hmac_sha256,GENERALIZATION_TRAIN,28,1792,64,128,64,64,8192,0,results/circuitsage_hmac_v2_12c1/full_campaign_execution_12c1l/raw_batches/opentitan_hmac_sha256/batch_028/full_batch_028.csv,65e579cf76f82fc8409b04e5d3fad40d11265fb16865d7c341b02e7434036f26,results/circuitsage_hmac_v2_12c1/full_campaign_execution_12c1l/per_batch_npz/opentitan_hmac_sha256/full_batch_028.npz,a48c9958f2c211ba9205c73cc929495f5b89804777616284ca35cd4dc6a520d4,PASS
29,opentitan_hmac_sha256,GENERALIZATION_TRAIN,29,1856,64,128,64,64,8192,0,results/circuitsage_hmac_v2_12c1/full_campaign_execution_12c1l/raw_batches/opentitan_hmac_sha256/batch_029/full_batch_029.csv,e8643ee0e50ae0723083b76889e28955e8b1af7c265ff0c07a40eba3dbe518a9,results/circuitsage_hmac_v2_12c1/full_campaign_execution_12c1l/per_batch_npz/opentitan_hmac_sha256/full_batch_029.npz,64a1c78c891fd4a5fb58ac6e3bf89ba6effbcd0cc8baf64675f28c69f2afb01c,PASS
30,opentitan_hmac_sha256,GENERALIZATION_TRAIN,30,1920,64,128,64,64,8192,0,results/circuitsage_hmac_v2_12c1/full_campaign_execution_12c1l/raw_batches/opentitan_hmac_sha256/batch_030/full_batch_030.csv,38d903441a16f92a410a3e89b560c3688b3107b433e4f048b22cf27da10f2585,results/circuitsage_hmac_v2_12c1/full_campaign_execution_12c1l/per_batch_npz/opentitan_hmac_sha256/full_batch_030.npz,0c538a84468e47a617672a2be0876b45ae006bba136471a0bcbe9a37b6a07ec4,PASS
31,opentitan_hmac_sha256,GENERALIZATION_TRAIN,31,1984,64,128,64,64,8192,0,results/circuitsage_hmac_v2_12c1/full_campaign_execution_12c1l/raw_batches/opentitan_hmac_sha256/batch_031/full_batch_031.csv,0fab9f00c9842c72c9fa9af5b61c9444afd067e50bc2705fa34ffbdd3cebb8cf,results/circuitsage_hmac_v2_12c1/full_campaign_execution_12c1l/per_batch_npz/opentitan_hmac_sha256/full_batch_031.npz,4625fab848d07d0f47d95c03bb9f0e3fd2d980eb1c9143b253243d226799f700,PASS
32,opentitan_hmac_sha256,GENERALIZATION_TRAIN,32,2048,64,128,64,64,8192,0,results/circuitsage_hmac_v2_12c1/full_campaign_execution_12c1l/raw_batches/opentitan_hmac_sha256/batch_032/full_batch_032.csv,ee67c9ffef605c9bc7f7fc0019c009162cfdae9c43324a39da85e72157e19f62,results/circuitsage_hmac_v2_12c1/full_campaign_execution_12c1l/per_batch_npz/opentitan_hmac_sha256/full_batch_032.npz,7040f7658df452f64ec7a3806f10b7dada63f467fd6c9520b02c84e5b0419447,PASS
33,opentitan_hmac_sha256,GENERALIZATION_TRAIN,33,2112,64,128,64,64,8192,14,results/circuitsage_hmac_v2_12c1/full_campaign_execution_12c1l/raw_batches/opentitan_hmac_sha256/batch_033/full_batch_033.csv,0fd1b84541b39b7c01870f6514cb8f80826637b3f4111c8e5348dcea07b441d6,results/circuitsage_hmac_v2_12c1/full_campaign_execution_12c1l/per_batch_npz/opentitan_hmac_sha256/full_batch_033.npz,9b10cbb756d7a3e18009a8e2e761435a29af0e709ff69ee920ce1b4fec8fa196,PASS
34,opentitan_hmac_sha256,GENERALIZATION_TRAIN,34,2176,64,128,64,64,8192,37,results/circuitsage_hmac_v2_12c1/full_campaign_execution_12c1l/raw_batches/opentitan_hmac_sha256/batch_034/full_batch_034.csv,d61b8aea2b30d8727d458d99d6ad6306340acb758245f9b28a9f252ad0c4973e,results/circuitsage_hmac_v2_12c1/full_campaign_execution_12c1l/per_batch_npz/opentitan_hmac_sha256/full_batch_034.npz,ac8d3a4d70d2a9b9772daeeb56d1f2f4d3de1932ec3554a86b284892b062bfde,PASS
35,opentitan_hmac_sha256,GENERALIZATION_TRAIN,35,2240,64,128,64,64,8192,42,results/circuitsage_hmac_v2_12c1/full_campaign_execution_12c1l/raw_batches/opentitan_hmac_sha256/batch_035/full_batch_035.csv,b5d163d5122aaf3ce25e962d17ef0dfe609897ce775f6474721570d863c30df9,results/circuitsage_hmac_v2_12c1/full_campaign_execution_12c1l/per_batch_npz/opentitan_hmac_sha256/full_batch_035.npz,ad4df822bc88961ae9c9429bda2052c96a789cd5e8400485480b32277aa70285,PASS
36,opentitan_hmac_sha256,GENERALIZATION_TRAIN,36,2304,64,128,64,64,8192,99,results/circuitsage_hmac_v2_12c1/full_campaign_execution_12c1l/raw_batches/opentitan_hmac_sha256/batch_036/full_batch_036.csv,f514b4908cdb94d497c6f0735adf6dac9d085a1f446b1ab26163fdd6b09be5a7,results/circuitsage_hmac_v2_12c1/full_campaign_execution_12c1l/per_batch_npz/opentitan_hmac_sha256/full_batch_036.npz,329348285c4adbd03031ddfa8c94ed318e73d794219ae3bdf7a31a76a90d9da3,PASS
37,opentitan_hmac_sha256,GENERALIZATION_TRAIN,37,2368,64,128,64,64,8192,102,results/circuitsage_hmac_v2_12c1/full_campaign_execution_12c1l/raw_batches/opentitan_hmac_sha256/batch_037/full_batch_037.csv,850dcbf91260fbc270a7312bc91e25c67f93e62f17f2e470a32358ed6d7a9792,results/circuitsage_hmac_v2_12c1/full_campaign_execution_12c1l/per_batch_npz/opentitan_hmac_sha256/full_batch_037.npz,148d89821864d02e42e175e6a06905b6d999bfb1935500cfca10c3c6f1dce045,PASS
38,opentitan_hmac_sha256,GENERALIZATION_TRAIN,38,2432,64,128,64,64,8192,104,results/circuitsage_hmac_v2_12c1/full_campaign_execution_12c1l/raw_batches/opentitan_hmac_sha256/batch_038/full_batch_038.csv,f61acbae61712c26671caaf01a78ef4767f48b8ce70db9d819bc0297b0c3f0ef,results/circuitsage_hmac_v2_12c1/full_campaign_execution_12c1l/per_batch_npz/opentitan_hmac_sha256/full_batch_038.npz,ba8e7edad2b90bc1f0d407febc937531cf885007254ecf713c1b30379fc8d7bb,PASS
39,opentitan_hmac_sha256,GENERALIZATION_TRAIN,39,2496,64,128,64,64,8192,107,results/circuitsage_hmac_v2_12c1/full_campaign_execution_12c1l/raw_batches/opentitan_hmac_sha256/batch_039/full_batch_039.csv,55d830e5b1e74daa8c5f2d1270b428ddc5b5369c3cb895c57e8294d16d1731d9,results/circuitsage_hmac_v2_12c1/full_campaign_execution_12c1l/per_batch_npz/opentitan_hmac_sha256/full_batch_039.npz,ad862cb244c14db83f3e9df421dfd317770f4f08112e46ea3579b25580553534,PASS
40,opentitan_hmac_sha256,GENERALIZATION_TRAIN,40,2560,64,128,64,64,8192,107,results/circuitsage_hmac_v2_12c1/full_campaign_execution_12c1l/raw_batches/opentitan_hmac_sha256/batch_040/full_batch_040.csv,b8d2828e69b2b1e6cbc5d02b3ad0fe2d52bac39404c5790a41122f1e8a486598,results/circuitsage_hmac_v2_12c1/full_campaign_execution_12c1l/per_batch_npz/opentitan_hmac_sha256/full_batch_040.npz,39086a65b112e3197d7cd02e9d8b9e2aeeee9523df05c3c53d12e4dbba61ddb4,PASS
41,opentitan_hmac_sha256,GENERALIZATION_TRAIN,41,2624,64,128,64,64,8192,60,results/circuitsage_hmac_v2_12c1/full_campaign_execution_12c1l/raw_batches/opentitan_hmac_sha256/batch_041/full_batch_041.csv,09971f6caf508b3a9420b0f4963c9c6a3d100af208634c22305f81acb3c81615,results/circuitsage_hmac_v2_12c1/full_campaign_execution_12c1l/per_batch_npz/opentitan_hmac_sha256/full_batch_041.npz,2d69e09641777b6375f5098f7a4defb64545d359f4633ed269ce768ac7dc294d,PASS
42,opentitan_hmac_sha256,GENERALIZATION_TRAIN,42,2688,64,128,64,64,8192,0,results/circuitsage_hmac_v2_12c1/full_campaign_execution_12c1l/raw_batches/opentitan_hmac_sha256/batch_042/full_batch_042.csv,fa0d5bfa35bc992332de359d11ea897ccbbb5ff847a7bed080ed083f779fbaf4,results/circuitsage_hmac_v2_12c1/full_campaign_execution_12c1l/per_batch_npz/opentitan_hmac_sha256/full_batch_042.npz,1816f4df9f1c92ba1ad62636e5e3ce8b46e28711da52d669446fb8c44469a895,PASS
43,opentitan_hmac_sha256,GENERALIZATION_TRAIN,43,2752,64,128,64,64,8192,0,results/circuitsage_hmac_v2_12c1/full_campaign_execution_12c1l/raw_batches/opentitan_hmac_sha256/batch_043/full_batch_043.csv,3494908dd4edd32da21b373687d80650662571258e6fff66bf3f5104409be81d,results/circuitsage_hmac_v2_12c1/full_campaign_execution_12c1l/per_batch_npz/opentitan_hmac_sha256/full_batch_043.npz,3cf46f9cfe28fdf5d70669c4e201154572d82156e5dea73393541df515cae0f9,PASS
44,opentitan_hmac_sha256,GENERALIZATION_TRAIN,44,2816,64,128,64,64,8192,0,results/circuitsage_hmac_v2_12c1/full_campaign_execution_12c1l/raw_batches/opentitan_hmac_sha256/batch_044/full_batch_044.csv,4026816b2587012ae9d8faf3b9eed92b0de5fbede7050bcefbea834e835bdc8f,results/circuitsage_hmac_v2_12c1/full_campaign_execution_12c1l/per_batch_npz/opentitan_hmac_sha256/full_batch_044.npz,0f70cea390ea529682b8e817427ac475b1193a2b5093f60d10112fd35cff9f2e,PASS
45,opentitan_hmac_sha256,GENERALIZATION_TRAIN,45,2880,64,128,64,64,8192,0,results/circuitsage_hmac_v2_12c1/full_campaign_execution_12c1l/raw_batches/opentitan_hmac_sha256/batch_045/full_batch_045.csv,d09b044b46e7b5b4df6aed6538519dea872b2b83fc11a0486fd5a63dd436d9c2,results/circuitsage_hmac_v2_12c1/full_campaign_execution_12c1l/per_batch_npz/opentitan_hmac_sha256/full_batch_045.npz,73e032b161cfd17ef16b2df88a468bcaeca48ddc4090bf8b2e0be22980c172b0,PASS
46,opentitan_hmac_sha256,GENERALIZATION_TRAIN,46,2944,64,128,64,64,8192,0,results/circuitsage_hmac_v2_12c1/full_campaign_execution_12c1l/raw_batches/opentitan_hmac_sha256/batch_046/full_batch_046.csv,51dda31f86b957e672a82c29a3277c68a730fefaced317e6219bb61aaf1e31d8,results/circuitsage_hmac_v2_12c1/full_campaign_execution_12c1l/per_batch_npz/opentitan_hmac_sha256/full_batch_046.npz,5f018620ccb417a7ef756eb6251751c311963b3003c49c50a24f0a557077b4c9,PASS
47,opentitan_hmac_sha256,GENERALIZATION_TRAIN,47,3008,64,128,64,64,8192,0,results/circuitsage_hmac_v2_12c1/full_campaign_execution_12c1l/raw_batches/opentitan_hmac_sha256/batch_047/full_batch_047.csv,a817aa9783a0c07a00af44eb85c763f87c5602ca32d610690a603099a697a2df,results/circuitsage_hmac_v2_12c1/full_campaign_execution_12c1l/per_batch_npz/opentitan_hmac_sha256/full_batch_047.npz,f0ba1b690555374a14766f99d2185b5a6dc96ab00881557af9827eeb6d813ccd,PASS
48,opentitan_hmac_sha256,GENERALIZATION_TRAIN,48,3072,64,128,64,64,8192,0,results/circuitsage_hmac_v2_12c1/full_campaign_execution_12c1l/raw_batches/opentitan_hmac_sha256/batch_048/full_batch_048.csv,1177cdc932c72c9f84c34a3a3ff8baaecd86a97194c34fc6e6a0f523ec13b62c,results/circuitsage_hmac_v2_12c1/full_campaign_execution_12c1l/per_batch_npz/opentitan_hmac_sha256/full_batch_048.npz,73ec6b8dafec6f7f68e42cb5154c8ce63db99ed5bed73215ea2f38c952bd076c,PASS
49,opentitan_hmac_sha256,GENERALIZATION_TRAIN,49,3136,64,128,64,64,8192,0,results/circuitsage_hmac_v2_12c1/full_campaign_execution_12c1l/raw_batches/opentitan_hmac_sha256/batch_049/full_batch_049.csv,8e20810687c6ecdb4c1e5db9f77329efd1afcc01073a802e19a44a65e625c735,results/circuitsage_hmac_v2_12c1/full_campaign_execution_12c1l/per_batch_npz/opentitan_hmac_sha256/full_batch_049.npz,67313e60882c11986031c6bc4f8f067679aa5c5c7febb3daf069da334348ef5a,PASS
50,opentitan_hmac_sha256,GENERALIZATION_TRAIN,50,3200,64,128,64,64,8192,0,results/circuitsage_hmac_v2_12c1/full_campaign_execution_12c1l/raw_batches/opentitan_hmac_sha256/batch_050/full_batch_050.csv,097f29a35dbb4f5eb84520f79ad2a8d4d8c4d519c5b78a9a341091d1f4c13a16,results/circuitsage_hmac_v2_12c1/full_campaign_execution_12c1l/per_batch_npz/opentitan_hmac_sha256/full_batch_050.npz,fb2f3ff1d5279a9c2618b1db50346c0a2d5166eea377348773f32fb35c7d84a8,PASS
51,opentitan_hmac_sha256,GENERALIZATION_TRAIN,51,3264,64,128,64,64,8192,0,results/circuitsage_hmac_v2_12c1/full_campaign_execution_12c1l/raw_batches/opentitan_hmac_sha256/batch_051/full_batch_051.csv,1bcc7bc873fbe23f574ac5baac0165cfc57bfa89dc853a5f21998ca044719a51,results/circuitsage_hmac_v2_12c1/full_campaign_execution_12c1l/per_batch_npz/opentitan_hmac_sha256/full_batch_051.npz,00ccb0be2e921559e06feb43926a6f66cb94b936660e764d2486f15d1d1e6a95,PASS
52,opentitan_hmac_sha256,GENERALIZATION_TRAIN,52,3328,64,128,64,64,8192,0,results/circuitsage_hmac_v2_12c1/full_campaign_execution_12c1l/raw_batches/opentitan_hmac_sha256/batch_052/full_batch_052.csv,5ae74dd936198e42c251f8438526c29cb1f2d2e004c328ca1ade94dbb09b6901,results/circuitsage_hmac_v2_12c1/full_campaign_execution_12c1l/per_batch_npz/opentitan_hmac_sha256/full_batch_052.npz,85b3f6671b6b099e9c5ca96f3d59c4dafff0726ca2e6234c3213432a24b8e43a,PASS
53,opentitan_hmac_sha256,GENERALIZATION_TRAIN,53,3392,64,128,64,64,8192,0,results/circuitsage_hmac_v2_12c1/full_campaign_execution_12c1l/raw_batches/opentitan_hmac_sha256/batch_053/full_batch_053.csv,587bb9fbf0adc23111f0f4efae375c85dad986529598738e0a2969f3350fd3ca,results/circuitsage_hmac_v2_12c1/full_campaign_execution_12c1l/per_batch_npz/opentitan_hmac_sha256/full_batch_053.npz,c6d49d78e79a6154db57ac868b8f54d73b0a3a49396b579236fb397d00d1c4ae,PASS
54,opentitan_hmac_sha256,GENERALIZATION_TRAIN,54,3456,64,128,64,64,8192,0,results/circuitsage_hmac_v2_12c1/full_campaign_execution_12c1l/raw_batches/opentitan_hmac_sha256/batch_054/full_batch_054.csv,6ce943a892fb097b5d6267e515a05a26a73765548a45ea32ebf831dad1aa2980,results/circuitsage_hmac_v2_12c1/full_campaign_execution_12c1l/per_batch_npz/opentitan_hmac_sha256/full_batch_054.npz,b1775c0d91ef0e4ed4fb1c8a2278bd8e6306f68acdfc22eeceac5d4606218c37,PASS
55,opentitan_hmac_sha256,GENERALIZATION_TRAIN,55,3520,64,128,64,64,8192,0,results/circuitsage_hmac_v2_12c1/full_campaign_execution_12c1l/raw_batches/opentitan_hmac_sha256/batch_055/full_batch_055.csv,5c19ed721eb4df349ec97d1b6b7872ce5f1734669c10c0bf6e063a7f34cd40d9,results/circuitsage_hmac_v2_12c1/full_campaign_execution_12c1l/per_batch_npz/opentitan_hmac_sha256/full_batch_055.npz,d660eb1a66458a59375ebbf9d43f1f462914f7c36edbdcc99fdea842e3f325fd,PASS
56,opentitan_hmac_sha256,GENERALIZATION_TRAIN,56,3584,64,128,64,64,8192,0,results/circuitsage_hmac_v2_12c1/full_campaign_execution_12c1l/raw_batches/opentitan_hmac_sha256/batch_056/full_batch_056.csv,99a335c6da366e67bbc8d279ae5b2ba3cbd94e4565099742d45a322ae683f97d,results/circuitsage_hmac_v2_12c1/full_campaign_execution_12c1l/per_batch_npz/opentitan_hmac_sha256/full_batch_056.npz,d0ae7e91460aab3a0c2c08fe4f7115539cfefed90dbdb35357192b4a4f2e545a,PASS
57,opentitan_hmac_sha256,GENERALIZATION_TRAIN,57,3648,64,128,64,64,8192,0,results/circuitsage_hmac_v2_12c1/full_campaign_execution_12c1l/raw_batches/opentitan_hmac_sha256/batch_057/full_batch_057.csv,89b9480e4a8607a912ca3b7469f8342a6118afe08dd637be5f0aac092add4a53,results/circuitsage_hmac_v2_12c1/full_campaign_execution_12c1l/per_batch_npz/opentitan_hmac_sha256/full_batch_057.npz,9418eb17429873397b6b8a1c186efa7fe526a2330aa9054a90f4c7ce8d6e0a7b,PASS
58,opentitan_hmac_sha256,GENERALIZATION_TRAIN,58,3712,64,128,64,64,8192,0,results/circuitsage_hmac_v2_12c1/full_campaign_execution_12c1l/raw_batches/opentitan_hmac_sha256/batch_058/full_batch_058.csv,4e6752050344e42280fe0da87db5b4cfb0261e5d15b5e4e6e7ea4213a14e0355,results/circuitsage_hmac_v2_12c1/full_campaign_execution_12c1l/per_batch_npz/opentitan_hmac_sha256/full_batch_058.npz,299a93d109802ae060abae1246f0b68641c8f9da03ec598af8f3a08925dee280,PASS
59,opentitan_hmac_sha256,GENERALIZATION_TRAIN,59,3776,64,128,64,64,8192,0,results/circuitsage_hmac_v2_12c1/full_campaign_execution_12c1l/raw_batches/opentitan_hmac_sha256/batch_059/full_batch_059.csv,bba1087aadddec720b42aaa17aaa3a474c3d37f1d0f6bc2af25a0054f589409b,results/circuitsage_hmac_v2_12c1/full_campaign_execution_12c1l/per_batch_npz/opentitan_hmac_sha256/full_batch_059.npz,b7f142292268dc850f10c8a8372ef47e53ea73ce39bb30de64f03c7e2db48e1e,PASS
60,opentitan_hmac_sha256,GENERALIZATION_TRAIN,60,3840,64,128,64,64,8192,0,results/circuitsage_hmac_v2_12c1/full_campaign_execution_12c1l/raw_batches/opentitan_hmac_sha256/batch_060/full_batch_060.csv,421938c4fb8a72b99b29b93f431dd088f75c84b5e8e9f14131c1a08abab42d3c,results/circuitsage_hmac_v2_12c1/full_campaign_execution_12c1l/per_batch_npz/opentitan_hmac_sha256/full_batch_060.npz,fb93b32420e659b14afe0ae2eb032b0d658700003fb9ec1e882fbc8aba700029,PASS
61,opentitan_hmac_sha256,GENERALIZATION_TRAIN,61,3904,64,128,64,64,8192,0,results/circuitsage_hmac_v2_12c1/full_campaign_execution_12c1l/raw_batches/opentitan_hmac_sha256/batch_061/full_batch_061.csv,b4796a13cc0780901f57f8898e41abf4ae41cbad07a1052318c6a8e94cdb4753,results/circuitsage_hmac_v2_12c1/full_campaign_execution_12c1l/per_batch_npz/opentitan_hmac_sha256/full_batch_061.npz,c3d35a3ab737860592b179b238962d982b76b75011b76e164cd385c9d581655d,PASS
62,opentitan_hmac_sha256,GENERALIZATION_TRAIN,62,3968,64,128,64,64,8192,0,results/circuitsage_hmac_v2_12c1/full_campaign_execution_12c1l/raw_batches/opentitan_hmac_sha256/batch_062/full_batch_062.csv,43f09a90c4032b384e2671faa26715117390b03b50a4200a598b6cc2903c5c00,results/circuitsage_hmac_v2_12c1/full_campaign_execution_12c1l/per_batch_npz/opentitan_hmac_sha256/full_batch_062.npz,fb66e914f9ad7a295978746a6d0e364eda2d57299707baa2e43e183324aed7b7,PASS
63,opentitan_hmac_sha256,GENERALIZATION_TRAIN,63,4032,64,128,64,64,8192,0,results/circuitsage_hmac_v2_12c1/full_campaign_execution_12c1l/raw_batches/opentitan_hmac_sha256/batch_063/full_batch_063.csv,91f49e83120d3c53a6a872b7d2c8fd56d9f89c60f0334b76ab21ab39eaa292ae,results/circuitsage_hmac_v2_12c1/full_campaign_execution_12c1l/per_batch_npz/opentitan_hmac_sha256/full_batch_063.npz,bfd693f0bafc8a5aeb2021f9dc2b6e8e7077a6bdca39f75bbf83d9bf8041d900,PASS
64,opentitan_hmac_sha256,GENERALIZATION_TRAIN,64,4096,64,128,64,64,8192,0,results/circuitsage_hmac_v2_12c1/full_campaign_execution_12c1l/raw_batches/opentitan_hmac_sha256/batch_064/full_batch_064.csv,b80f54e1bcf4c387116aef1c73effcd8182a7f5c965127cd12e0dbc0b97d4987,results/circuitsage_hmac_v2_12c1/full_campaign_execution_12c1l/per_batch_npz/opentitan_hmac_sha256/full_batch_064.npz,453e81b00d0e60a8cceb8430f1085f5e28a83e6a095d3c984ff55417b56756e6,PASS
65,opentitan_hmac_sha256,GENERALIZATION_TRAIN,65,4160,64,128,64,64,8192,0,results/circuitsage_hmac_v2_12c1/full_campaign_execution_12c1l/raw_batches/opentitan_hmac_sha256/batch_065/full_batch_065.csv,ff62d112dd1171f5f154d50f0abb76d42656484e945cb4f69081757076229ffd,results/circuitsage_hmac_v2_12c1/full_campaign_execution_12c1l/per_batch_npz/opentitan_hmac_sha256/full_batch_065.npz,72e4917526452d7709081b5477c6a10149b39f01015c2a759b9da07d7006d453,PASS
66,opentitan_hmac_sha256,GENERALIZATION_TRAIN,66,4224,64,128,64,64,8192,0,results/circuitsage_hmac_v2_12c1/full_campaign_execution_12c1l/raw_batches/opentitan_hmac_sha256/batch_066/full_batch_066.csv,03a78d069a64c196b8f820d0419554d931913d2b29362297949f974a865a4700,results/circuitsage_hmac_v2_12c1/full_campaign_execution_12c1l/per_batch_npz/opentitan_hmac_sha256/full_batch_066.npz,17f4857d3af38613c3cf2944fd8014125186c4dcf92bfe0c84008e2454081527,PASS
67,opentitan_hmac_sha256,GENERALIZATION_TRAIN,67,4288,64,128,64,64,8192,0,results/circuitsage_hmac_v2_12c1/full_campaign_execution_12c1l/raw_batches/opentitan_hmac_sha256/batch_067/full_batch_067.csv,38bf331657c2aff940b9e1d426e9aa813d2263c4bd9f733883fbdd4ead58ff4c,results/circuitsage_hmac_v2_12c1/full_campaign_execution_12c1l/per_batch_npz/opentitan_hmac_sha256/full_batch_067.npz,0d9092b686d3b492556a7ae1a83715422f33a5325f8f17ae19eb996b5d288699,PASS
68,opentitan_hmac_sha256,GENERALIZATION_TRAIN,68,4352,64,128,64,64,8192,0,results/circuitsage_hmac_v2_12c1/full_campaign_execution_12c1l/raw_batches/opentitan_hmac_sha256/batch_068/full_batch_068.csv,654972428d409c0929534ce4a166200efcd7fd138421d4539347d86372ca0231,results/circuitsage_hmac_v2_12c1/full_campaign_execution_12c1l/per_batch_npz/opentitan_hmac_sha256/full_batch_068.npz,53c8519b2db8ce1ac1fceee6ad2d7d4ccf641597bf81e2d0f260ed7ed356cb36,PASS
69,opentitan_hmac_sha256,GENERALIZATION_TRAIN,69,4416,64,128,64,64,8192,0,results/circuitsage_hmac_v2_12c1/full_campaign_execution_12c1l/raw_batches/opentitan_hmac_sha256/batch_069/full_batch_069.csv,2d2df7ae45cf14b2ab8e1687ef0c1195a2d2f48f91a724bd626b57029752dbc7,results/circuitsage_hmac_v2_12c1/full_campaign_execution_12c1l/per_batch_npz/opentitan_hmac_sha256/full_batch_069.npz,0af9346d24e921422da103929ae26b7785011d87426700f9944c31a2f16e1656,PASS
70,opentitan_hmac_sha256,GENERALIZATION_TRAIN,70,4480,64,128,64,64,8192,0,results/circuitsage_hmac_v2_12c1/full_campaign_execution_12c1l/raw_batches/opentitan_hmac_sha256/batch_070/full_batch_070.csv,3f25fec052f071f5f3786c6f176feec60f2e8e072b0729413c0f7d57af73ea6b,results/circuitsage_hmac_v2_12c1/full_campaign_execution_12c1l/per_batch_npz/opentitan_hmac_sha256/full_batch_070.npz,546a5182198be0507765f01f9b96f0b4338326b214615bc145289ecbb3aaf46f,PASS
71,opentitan_hmac_sha256,GENERALIZATION_TRAIN,71,4544,64,128,64,64,8192,0,results/circuitsage_hmac_v2_12c1/full_campaign_execution_12c1l/raw_batches/opentitan_hmac_sha256/batch_071/full_batch_071.csv,d9b5732e1c1abffaf219ca5624ac946f3b9694bdbf3bf0cfb4b9d6b7b459890b,results/circuitsage_hmac_v2_12c1/full_campaign_execution_12c1l/per_batch_npz/opentitan_hmac_sha256/full_batch_071.npz,bd8d1bd3bb056ef212b9f44225133c2035da25841baa2c6d3df7f1b4b4e2b1e3,PASS
72,opentitan_hmac_sha256,GENERALIZATION_TRAIN,72,4608,64,128,64,64,8192,0,results/circuitsage_hmac_v2_12c1/full_campaign_execution_12c1l/raw_batches/opentitan_hmac_sha256/batch_072/full_batch_072.csv,ebffb7745f2ac56778ae0287d9b37ce47d1b6eff9b2088f807b1fd6744c467cf,results/circuitsage_hmac_v2_12c1/full_campaign_execution_12c1l/per_batch_npz/opentitan_hmac_sha256/full_batch_072.npz,3e3f0d082bcefba59a1875103fc956c7ea38e2d7ec50e50b3d5153d6c9cb1c9e,PASS
73,opentitan_hmac_sha256,GENERALIZATION_TRAIN,73,4672,64,128,64,64,8192,0,results/circuitsage_hmac_v2_12c1/full_campaign_execution_12c1l/raw_batches/opentitan_hmac_sha256/batch_073/full_batch_073.csv,47ce70b4b3d1267f25fbd6f913f3fc1b9c906278ce84114a7decc3fa9c1e21f8,results/circuitsage_hmac_v2_12c1/full_campaign_execution_12c1l/per_batch_npz/opentitan_hmac_sha256/full_batch_073.npz,2f1fcf2ddca66048c5a3d49bc229e7aa1df12fbe9f9f816ec20de6c0600914b7,PASS
74,opentitan_hmac_sha256,GENERALIZATION_TRAIN,74,4736,64,128,64,64,8192,0,results/circuitsage_hmac_v2_12c1/full_campaign_execution_12c1l/raw_batches/opentitan_hmac_sha256/batch_074/full_batch_074.csv,3631b4a5643bc078d6a504faefbc97797bafab9245b470f909676c4f182239e9,results/circuitsage_hmac_v2_12c1/full_campaign_execution_12c1l/per_batch_npz/opentitan_hmac_sha256/full_batch_074.npz,ff596fc820a72171df573d06aae2eb9f6780323c6421e2733bb8832125540f21,PASS
75,opentitan_hmac_sha256,GENERALIZATION_TRAIN,75,4800,64,128,64,64,8192,0,results/circuitsage_hmac_v2_12c1/full_campaign_execution_12c1l/raw_batches/opentitan_hmac_sha256/batch_075/full_batch_075.csv,3d2f032864651221f5d1b74232c88c1c16eb1f554b8e37eabf50f8a02725b9bd,results/circuitsage_hmac_v2_12c1/full_campaign_execution_12c1l/per_batch_npz/opentitan_hmac_sha256/full_batch_075.npz,9e5abca3b1d4c05cfee715e67679ef228bfc094463d10d36b9e89fbcdd3c66ce,PASS
76,opentitan_hmac_sha256,GENERALIZATION_TRAIN,76,4864,64,128,64,64,8192,0,results/circuitsage_hmac_v2_12c1/full_campaign_execution_12c1l/raw_batches/opentitan_hmac_sha256/batch_076/full_batch_076.csv,5c5ca7cc6e399b469856aaacc17ae4689675e86960abb9cc35316da16ac0aa66,results/circuitsage_hmac_v2_12c1/full_campaign_execution_12c1l/per_batch_npz/opentitan_hmac_sha256/full_batch_076.npz,cc83a9351bd29992666c3d01dd804c3930e50c526aabb93d491f068c446048a5,PASS
77,opentitan_hmac_sha256,GENERALIZATION_TRAIN,77,4928,64,128,64,64,8192,0,results/circuitsage_hmac_v2_12c1/full_campaign_execution_12c1l/raw_batches/opentitan_hmac_sha256/batch_077/full_batch_077.csv,712763945d13ff41822a378722040790f56ee2ed88ad83fa8acbd4d9f73073aa,results/circuitsage_hmac_v2_12c1/full_campaign_execution_12c1l/per_batch_npz/opentitan_hmac_sha256/full_batch_077.npz,67bc2871e0b172814f979b1dcce8fd51618ce444e8acc97b54def5b7b753d95b,PASS
78,opentitan_hmac_sha256,GENERALIZATION_TRAIN,78,4992,64,128,64,64,8192,12,results/circuitsage_hmac_v2_12c1/full_campaign_execution_12c1l/raw_batches/opentitan_hmac_sha256/batch_078/full_batch_078.csv,cf4d03f01d98cddf6669a067b55f4210780452aade89259eccb2972aeb4a46fa,results/circuitsage_hmac_v2_12c1/full_campaign_execution_12c1l/per_batch_npz/opentitan_hmac_sha256/full_batch_078.npz,7a83043ae76de1f5f61362bfb819e1e57c4905ff5d64e30192c9b65380ac92c5,PASS
79,opentitan_hmac_sha256,GENERALIZATION_TRAIN,79,5056,64,128,64,64,8192,32,results/circuitsage_hmac_v2_12c1/full_campaign_execution_12c1l/raw_batches/opentitan_hmac_sha256/batch_079/full_batch_079.csv,671687627f46204b1ea2124f2bf439aa7e5ac978e21423ec7dd7573639347ca7,results/circuitsage_hmac_v2_12c1/full_campaign_execution_12c1l/per_batch_npz/opentitan_hmac_sha256/full_batch_079.npz,a31fa08762bee65f54d638bea028e98c0a5fdf0f1783734a0bd1c8bfc30602ff,PASS
80,opentitan_hmac_sha256,GENERALIZATION_TRAIN,80,5120,64,128,64,64,8192,35,results/circuitsage_hmac_v2_12c1/full_campaign_execution_12c1l/raw_batches/opentitan_hmac_sha256/batch_080/full_batch_080.csv,56bfb4f4bc9a08cb60be4938f0ea059fbe0dccd8a6df9fab75f8d61f955d79ce,results/circuitsage_hmac_v2_12c1/full_campaign_execution_12c1l/per_batch_npz/opentitan_hmac_sha256/full_batch_080.npz,d8221ee2c5da65cc7b2b83da8fd278526cd40d5a1fb72c7675d4baf5c2deef31,PASS
81,opentitan_hmac_sha256,GENERALIZATION_TRAIN,81,5184,64,128,64,64,8192,43,results/circuitsage_hmac_v2_12c1/full_campaign_execution_12c1l/raw_batches/opentitan_hmac_sha256/batch_081/full_batch_081.csv,9a1aaae1b952a1b2ee208a6bcab3c1306d2ed948bf26fbe7d69066406a43d876,results/circuitsage_hmac_v2_12c1/full_campaign_execution_12c1l/per_batch_npz/opentitan_hmac_sha256/full_batch_081.npz,b97e792bd405710ac88d1febb3327862614bc3168037ee9b4f1aa3d513673a7f,PASS
82,opentitan_hmac_sha256,GENERALIZATION_TRAIN,82,5248,64,128,64,64,8192,43,results/circuitsage_hmac_v2_12c1/full_campaign_execution_12c1l/raw_batches/opentitan_hmac_sha256/batch_082/full_batch_082.csv,1b1f25c9c75be9e4e041173624ab6ce769903ceadb5946f365fc60d08d564be7,results/circuitsage_hmac_v2_12c1/full_campaign_execution_12c1l/per_batch_npz/opentitan_hmac_sha256/full_batch_082.npz,b287fb19e2a7054390ffa457a0f9609cfc107e3cdf300537b9ba2cd293e0ecfc,PASS
83,opentitan_hmac_sha256,GENERALIZATION_TRAIN,83,5312,64,128,64,64,8192,62,results/circuitsage_hmac_v2_12c1/full_campaign_execution_12c1l/raw_batches/opentitan_hmac_sha256/batch_083/full_batch_083.csv,9a47d8a2cd548340a7aa49d902f6e0598f2e0c054c5cfbb6b3b30a22e2e8719a,results/circuitsage_hmac_v2_12c1/full_campaign_execution_12c1l/per_batch_npz/opentitan_hmac_sha256/full_batch_083.npz,d466ff8408f15699dc6c7130911846e9104fb97eb6845fba6e8b129b434a6ad4,PASS
84,opentitan_hmac_sha256,GENERALIZATION_TRAIN,84,5376,64,128,64,64,8192,103,results/circuitsage_hmac_v2_12c1/full_campaign_execution_12c1l/raw_batches/opentitan_hmac_sha256/batch_084/full_batch_084.csv,3e22adfb1b983d16b7c3c55354b084570ba3142e4d7b4d18a29840efc0aaac73,results/circuitsage_hmac_v2_12c1/full_campaign_execution_12c1l/per_batch_npz/opentitan_hmac_sha256/full_batch_084.npz,cbeb1eb9a0bccc0fc6cc77eefa42b9722127c117174b68acf836196ed8d04ee5,PASS
85,opentitan_hmac_sha256,GENERALIZATION_TRAIN,85,5440,64,128,64,64,8192,102,results/circuitsage_hmac_v2_12c1/full_campaign_execution_12c1l/raw_batches/opentitan_hmac_sha256/batch_085/full_batch_085.csv,95a7d72c1953540c75d8f6867f97ebcc2140fc5122ed16fca61c1d6f39cc2a00,results/circuitsage_hmac_v2_12c1/full_campaign_execution_12c1l/per_batch_npz/opentitan_hmac_sha256/full_batch_085.npz,422d45f7dd3e9578bdc405d5d9811f4d217d9fca4c16c5059a4049979cd47278,PASS
86,opentitan_hmac_sha256,GENERALIZATION_TRAIN,86,5504,64,128,64,64,8192,103,results/circuitsage_hmac_v2_12c1/full_campaign_execution_12c1l/raw_batches/opentitan_hmac_sha256/batch_086/full_batch_086.csv,cba69e14a99e311b633985d679b402bb2df0c3b61f21f2a7f0eb48e30feb7ae7,results/circuitsage_hmac_v2_12c1/full_campaign_execution_12c1l/per_batch_npz/opentitan_hmac_sha256/full_batch_086.npz,e5d5cf578e3481bd663a1f4c273b6dcb61f58e390844a41f6ca182bd74730ae5,PASS
87,opentitan_hmac_sha256,GENERALIZATION_TRAIN,87,5568,64,128,64,64,8192,102,results/circuitsage_hmac_v2_12c1/full_campaign_execution_12c1l/raw_batches/opentitan_hmac_sha256/batch_087/full_batch_087.csv,0aa756e7cc2fa897e6126396c2cc18c78caf564bb338396855789f28df18b815,results/circuitsage_hmac_v2_12c1/full_campaign_execution_12c1l/per_batch_npz/opentitan_hmac_sha256/full_batch_087.npz,d92af54e4e1b5cad083dd324efaa5f3086b42accbea4c92aea7816debb6fa54d,PASS
88,opentitan_hmac_sha256,GENERALIZATION_TRAIN,88,5632,64,128,64,64,8192,104,results/circuitsage_hmac_v2_12c1/full_campaign_execution_12c1l/raw_batches/opentitan_hmac_sha256/batch_088/full_batch_088.csv,14e917dadda64158dd532ee318ace1d8b3d108904966c1a6c812c66274221a80,results/circuitsage_hmac_v2_12c1/full_campaign_execution_12c1l/per_batch_npz/opentitan_hmac_sha256/full_batch_088.npz,5bb1ff7d49d4703f1906a88df1a6f41e0036192bbf44ce6df16313826df6f8bd,PASS
89,opentitan_hmac_sha256,GENERALIZATION_TRAIN,89,5696,64,128,64,64,8192,106,results/circuitsage_hmac_v2_12c1/full_campaign_execution_12c1l/raw_batches/opentitan_hmac_sha256/batch_089/full_batch_089.csv,4555a15acc782baf6ca3f31aa1a2712e7cebd30bac6a5d3cec775b36894efdb5,results/circuitsage_hmac_v2_12c1/full_campaign_execution_12c1l/per_batch_npz/opentitan_hmac_sha256/full_batch_089.npz,4ced9f7cff39d48002a005a8836da614c8f71a1c8e939fe77aa17f8df794f615,PASS
90,opentitan_hmac_sha256,GENERALIZATION_TRAIN,90,5760,64,128,64,64,8192,107,results/circuitsage_hmac_v2_12c1/full_campaign_execution_12c1l/raw_batches/opentitan_hmac_sha256/batch_090/full_batch_090.csv,46d17b8ebfbd29ed40387ea1bd079c96384d77b2a8e9e6b5a65dac5aa58d434d,results/circuitsage_hmac_v2_12c1/full_campaign_execution_12c1l/per_batch_npz/opentitan_hmac_sha256/full_batch_090.npz,c290e42ce148414fd1244984e4ef39b25f6d9f6a5fa27b1db996504242e7e6e3,PASS
91,opentitan_hmac_sha256,GENERALIZATION_TRAIN,91,5824,64,128,64,64,8192,107,results/circuitsage_hmac_v2_12c1/full_campaign_execution_12c1l/raw_batches/opentitan_hmac_sha256/batch_091/full_batch_091.csv,b4c61c41f551656454523ceb6b07b544f789353a8c78fea59a9ce2e3d803bb4c,results/circuitsage_hmac_v2_12c1/full_campaign_execution_12c1l/per_batch_npz/opentitan_hmac_sha256/full_batch_091.npz,39e1ed7a6b329da5b01c100fa9659b9016bdc3d8e645b12aae724203fbc96f8f,PASS
92,opentitan_hmac_sha256,GENERALIZATION_TRAIN,92,5888,64,128,64,64,8192,106,results/circuitsage_hmac_v2_12c1/full_campaign_execution_12c1l/raw_batches/opentitan_hmac_sha256/batch_092/full_batch_092.csv,8099ec86e9acc582721d1ff01d5735b1063bd504860ad912c6b97076035969da,results/circuitsage_hmac_v2_12c1/full_campaign_execution_12c1l/per_batch_npz/opentitan_hmac_sha256/full_batch_092.npz,cb20cb47519d2b19577586332eeb3fb73eb7a57a218a45efd6e7d90e78d3593a,PASS
93,opentitan_hmac_sha256,GENERALIZATION_TRAIN,93,5952,64,128,64,64,8192,107,results/circuitsage_hmac_v2_12c1/full_campaign_execution_12c1l/raw_batches/opentitan_hmac_sha256/batch_093/full_batch_093.csv,0234bc5d15f776b21f42d68fcb304a11418e73c28138c1fa43af2fb67c0e67ce,results/circuitsage_hmac_v2_12c1/full_campaign_execution_12c1l/per_batch_npz/opentitan_hmac_sha256/full_batch_093.npz,7d0bbcf2c1de0fd7ada0422f6fc193574099cfbd9f969a332f6e4c1fdfef86f8,PASS
94,opentitan_hmac_sha256,GENERALIZATION_TRAIN,94,6016,64,128,64,64,8192,107,results/circuitsage_hmac_v2_12c1/full_campaign_execution_12c1l/raw_batches/opentitan_hmac_sha256/batch_094/full_batch_094.csv,e2982ad7a059735afe6a51ba43b04b42a5a51bc6c5f04c867d5950e6e7e0a66d,results/circuitsage_hmac_v2_12c1/full_campaign_execution_12c1l/per_batch_npz/opentitan_hmac_sha256/full_batch_094.npz,c0ac713ab81cbdaa1aebdb88c671c98c1b37edcc6f94239c50867b1cee84be06,PASS
95,opentitan_hmac_sha256,GENERALIZATION_TRAIN,95,6080,64,128,64,64,8192,15,results/circuitsage_hmac_v2_12c1/full_campaign_execution_12c1l/raw_batches/opentitan_hmac_sha256/batch_095/full_batch_095.csv,7221d34aba83f02783fc6c7b1eae59e2da1cd68d957b827a14890883205c0f0b,results/circuitsage_hmac_v2_12c1/full_campaign_execution_12c1l/per_batch_npz/opentitan_hmac_sha256/full_batch_095.npz,8f7eb146054095f550be9821205032a4dc379f41da68d35aadb7443e89a3004f,PASS
96,opentitan_hmac_sha256,GENERALIZATION_TRAIN,96,6144,64,128,64,64,8192,56,results/circuitsage_hmac_v2_12c1/full_campaign_execution_12c1l/raw_batches/opentitan_hmac_sha256/batch_096/full_batch_096.csv,0f4f7a974f3403922cc90a19b90f959495c7b6b0c726316de7d95ee62a4ef52a,results/circuitsage_hmac_v2_12c1/full_campaign_execution_12c1l/per_batch_npz/opentitan_hmac_sha256/full_batch_096.npz,bcad093563b709b433e550660fd6ffbb0556aad3019140b0af80688735aa4ff4,PASS
97,opentitan_hmac_sha256,GENERALIZATION_TRAIN,97,6208,64,128,64,64,8192,0,results/circuitsage_hmac_v2_12c1/full_campaign_execution_12c1l/raw_batches/opentitan_hmac_sha256/batch_097/full_batch_097.csv,59cbf075ca724b0462d9322a8f7bb4b74ea5a9a40267143d4f35e25b95b0c1b4,results/circuitsage_hmac_v2_12c1/full_campaign_execution_12c1l/per_batch_npz/opentitan_hmac_sha256/full_batch_097.npz,98f7e98b1befddf24876c5c91d976e2086cb94fde340175a1a0dc7f3e1846271,PASS
98,opentitan_hmac_sha256,GENERALIZATION_TRAIN,98,6272,64,128,64,64,8192,0,results/circuitsage_hmac_v2_12c1/full_campaign_execution_12c1l/raw_batches/opentitan_hmac_sha256/batch_098/full_batch_098.csv,054fca05b8c75f200944e27acb699fe6725edde5bbc614c477c88fbe294e8855,results/circuitsage_hmac_v2_12c1/full_campaign_execution_12c1l/per_batch_npz/opentitan_hmac_sha256/full_batch_098.npz,312fedbd842fc788b6a31ef9d950572493dd0f5456124e25cd96aab786d9308e,PASS
99,opentitan_hmac_sha256,GENERALIZATION_TRAIN,99,6336,64,128,64,64,8192,0,results/circuitsage_hmac_v2_12c1/full_campaign_execution_12c1l/raw_batches/opentitan_hmac_sha256/batch_099/full_batch_099.csv,984916cfb22c9c6eb864363958d6e2e752d0d7773a746749ecd50de7c6ac5084,results/circuitsage_hmac_v2_12c1/full_campaign_execution_12c1l/per_batch_npz/opentitan_hmac_sha256/full_batch_099.npz,ae34c61fcf7af289f1606094b163593652b4ef2998beb27ae8adf35383c1302c,PASS
100,opentitan_hmac_sha256,GENERALIZATION_TRAIN,100,6400,64,128,64,64,8192,0,results/circuitsage_hmac_v2_12c1/full_campaign_execution_12c1l/raw_batches/opentitan_hmac_sha256/batch_100/full_batch_100.csv,20f7347969e9c81e31c0ebd4b393f3fec58f753394d950e626079161e211424a,results/circuitsage_hmac_v2_12c1/full_campaign_execution_12c1l/per_batch_npz/opentitan_hmac_sha256/full_batch_100.npz,0735cf303e6f621ee4e39ea401547e3355a61d779abc0a2120e22e63016e54a6,PASS
101,opentitan_hmac_sha256,GENERALIZATION_TRAIN,101,6464,64,128,64,64,8192,0,results/circuitsage_hmac_v2_12c1/full_campaign_execution_12c1l/raw_batches/opentitan_hmac_sha256/batch_101/full_batch_101.csv,75dfac19b1eecc1fd1c403b5a7c67a50375c714e970a5978f94dc2ee68048a0a,results/circuitsage_hmac_v2_12c1/full_campaign_execution_12c1l/per_batch_npz/opentitan_hmac_sha256/full_batch_101.npz,0fcb169f8884877f0c10b6f66951ba8a34b9991d5d6fb5c95c93177144e57c38,PASS
102,opentitan_hmac_sha256,GENERALIZATION_TRAIN,102,6528,64,128,64,64,8192,0,results/circuitsage_hmac_v2_12c1/full_campaign_execution_12c1l/raw_batches/opentitan_hmac_sha256/batch_102/full_batch_102.csv,c8da24c1345da2125d9a217fc528223f7040f58b2b8849c282954ff6814bd003,results/circuitsage_hmac_v2_12c1/full_campaign_execution_12c1l/per_batch_npz/opentitan_hmac_sha256/full_batch_102.npz,1c8186277c63b885e86a7efa31ea2fff4100deb73e865575498d995e9dd28140,PASS
103,opentitan_hmac_sha256,GENERALIZATION_TRAIN,103,6592,64,128,64,64,8192,0,results/circuitsage_hmac_v2_12c1/full_campaign_execution_12c1l/raw_batches/opentitan_hmac_sha256/batch_103/full_batch_103.csv,6df8c745c9534114dcf101a2f8f3b1ca512326e23565b67598070e8feaed40e3,results/circuitsage_hmac_v2_12c1/full_campaign_execution_12c1l/per_batch_npz/opentitan_hmac_sha256/full_batch_103.npz,399a9a9040b5b205d2a74867b3b522ff265f76b359b9c25914504fe1ac7a6ddd,PASS
104,opentitan_hmac_sha256,GENERALIZATION_TRAIN,104,6656,64,128,64,64,8192,0,results/circuitsage_hmac_v2_12c1/full_campaign_execution_12c1l/raw_batches/opentitan_hmac_sha256/batch_104/full_batch_104.csv,f110694916504a30c9fab0ebe1bf37fd711c49063308e2a9cfd5dfa9105fa3ab,results/circuitsage_hmac_v2_12c1/full_campaign_execution_12c1l/per_batch_npz/opentitan_hmac_sha256/full_batch_104.npz,7704f2659b3584bb051f4bd918e6b8f577fa89a50b4a56368ef06a0470c179ca,PASS
105,opentitan_hmac_sha256,GENERALIZATION_TRAIN,105,6720,64,128,64,64,8192,0,results/circuitsage_hmac_v2_12c1/full_campaign_execution_12c1l/raw_batches/opentitan_hmac_sha256/batch_105/full_batch_105.csv,8a4d57cdc5c3daa0e3d58ebe74fcac1560f062151fc00b8065302d3587f68b69,results/circuitsage_hmac_v2_12c1/full_campaign_execution_12c1l/per_batch_npz/opentitan_hmac_sha256/full_batch_105.npz,ba8550e3b983e981cbe8f0d82eb11eb9bae22e5ffd5bfc10149c0cb8f6bc3dfa,PASS
106,opentitan_hmac_sha256,GENERALIZATION_TRAIN,106,6784,64,128,64,64,8192,0,results/circuitsage_hmac_v2_12c1/full_campaign_execution_12c1l/raw_batches/opentitan_hmac_sha256/batch_106/full_batch_106.csv,5345f3ff8189ebc3d54bcfe111a360e8114519bd1b5e24f47100c9baeceea521,results/circuitsage_hmac_v2_12c1/full_campaign_execution_12c1l/per_batch_npz/opentitan_hmac_sha256/full_batch_106.npz,80eb410640e81f676bba4a442ab78905b8d6d318bb967d02ca261c9eb8753595,PASS
107,opentitan_hmac_sha256,GENERALIZATION_TRAIN,107,6848,64,128,64,64,8192,0,results/circuitsage_hmac_v2_12c1/full_campaign_execution_12c1l/raw_batches/opentitan_hmac_sha256/batch_107/full_batch_107.csv,ee723b649850bbf84f5684c1b32a5f48290356923b19cce6643c51ed88cbaa25,results/circuitsage_hmac_v2_12c1/full_campaign_execution_12c1l/per_batch_npz/opentitan_hmac_sha256/full_batch_107.npz,338caf0172c86038a80d53c948416305d6ac77eacc0024777a6f7c891cd73c94,PASS
108,opentitan_hmac_sha256,GENERALIZATION_TRAIN,108,6912,64,128,64,64,8192,15,results/circuitsage_hmac_v2_12c1/full_campaign_execution_12c1l/raw_batches/opentitan_hmac_sha256/batch_108/full_batch_108.csv,98bfe492ade675fc7b36bab58223045788e6e50799584e329155638c6484b8fc,results/circuitsage_hmac_v2_12c1/full_campaign_execution_12c1l/per_batch_npz/opentitan_hmac_sha256/full_batch_108.npz,b0fe2c7901c31a325ba20502a6a68704952cf700507cd9855cd927b04d8a7c57,PASS
109,opentitan_hmac_sha256,GENERALIZATION_TRAIN,109,6976,64,128,64,64,8192,64,results/circuitsage_hmac_v2_12c1/full_campaign_execution_12c1l/raw_batches/opentitan_hmac_sha256/batch_109/full_batch_109.csv,1c0caaccf85c8d11cd1ce9b87bb0ac60f128bf3a195cd5c6b19f19c3f4d439af,results/circuitsage_hmac_v2_12c1/full_campaign_execution_12c1l/per_batch_npz/opentitan_hmac_sha256/full_batch_109.npz,4b1ef8219cb058977263f2c8b5df474bdbb1104a2132f756cfd237f1a1218397,PASS
110,opentitan_hmac_sha256,GENERALIZATION_TRAIN,110,7040,64,128,64,64,8192,64,results/circuitsage_hmac_v2_12c1/full_campaign_execution_12c1l/raw_batches/opentitan_hmac_sha256/batch_110/full_batch_110.csv,588a7af2f8b6100b302c13d89477aed045a94c2daf5acecc6e841356d0f7450d,results/circuitsage_hmac_v2_12c1/full_campaign_execution_12c1l/per_batch_npz/opentitan_hmac_sha256/full_batch_110.npz,0198cf49de117a4b4c5b7912c8373afb71c1c0e7601a81c5ef0c1df997c9d66f,PASS
111,opentitan_hmac_sha256,GENERALIZATION_TRAIN,111,7104,64,128,64,64,8192,64,results/circuitsage_hmac_v2_12c1/full_campaign_execution_12c1l/raw_batches/opentitan_hmac_sha256/batch_111/full_batch_111.csv,01276be4bbb5edc8ad03096dd7129f486d7c29a2e3f6794e3671e9dff30697ae,results/circuitsage_hmac_v2_12c1/full_campaign_execution_12c1l/per_batch_npz/opentitan_hmac_sha256/full_batch_111.npz,455890c455199bdd33d68fc82107522a9beed85b4e07d1bd5080cbb7bdd0e76e,PASS
112,opentitan_hmac_sha256,GENERALIZATION_TRAIN,112,7168,64,128,64,64,8192,128,results/circuitsage_hmac_v2_12c1/full_campaign_execution_12c1l/raw_batches/opentitan_hmac_sha256/batch_112/full_batch_112.csv,cfdddfc88e9380165135cd843504874db3d8b78b6b856e43855d652d15419c53,results/circuitsage_hmac_v2_12c1/full_campaign_execution_12c1l/per_batch_npz/opentitan_hmac_sha256/full_batch_112.npz,35f3d4afe50e1781b254f79ace583f49286b5d0434e2d60909e7273bc41a1691,PASS
113,opentitan_hmac_sha256,GENERALIZATION_TRAIN,113,7232,64,128,64,64,8192,128,results/circuitsage_hmac_v2_12c1/full_campaign_execution_12c1l/raw_batches/opentitan_hmac_sha256/batch_113/full_batch_113.csv,94f34e33e00f532312b8c52c8641d7845fe37e2b929bc7e0360e9f21bc780f6a,results/circuitsage_hmac_v2_12c1/full_campaign_execution_12c1l/per_batch_npz/opentitan_hmac_sha256/full_batch_113.npz,26759a1af2c981189cc83a38505cb69e567117c9b8a6249bbb54f7e9a2dde9e0,PASS
114,opentitan_hmac_sha256,GENERALIZATION_TRAIN,114,7296,64,128,64,64,8192,128,results/circuitsage_hmac_v2_12c1/full_campaign_execution_12c1l/raw_batches/opentitan_hmac_sha256/batch_114/full_batch_114.csv,ceace3602e015cae3179907763357b2964fa96a951cc5868e3dc5cf63005a2d3,results/circuitsage_hmac_v2_12c1/full_campaign_execution_12c1l/per_batch_npz/opentitan_hmac_sha256/full_batch_114.npz,633db8acc5dcf20471bb2a62ab7defc4a56393fab4a5ccc62c2d0ebab30edcd0,PASS
115,opentitan_hmac_sha256,GENERALIZATION_TRAIN,115,7360,64,128,64,64,8192,128,results/circuitsage_hmac_v2_12c1/full_campaign_execution_12c1l/raw_batches/opentitan_hmac_sha256/batch_115/full_batch_115.csv,ee4fd88b7f3da3a5a4c7bbb7a107b0b996cef8eb9b45ef329198d619a0e88a2c,results/circuitsage_hmac_v2_12c1/full_campaign_execution_12c1l/per_batch_npz/opentitan_hmac_sha256/full_batch_115.npz,9e4c76a00983e1b4dea7d34380c83fe8c4a9aeb6995ede4932ff6f4f16642f84,PASS
116,opentitan_hmac_sha256,GENERALIZATION_TRAIN,116,7424,64,128,64,64,8192,97,results/circuitsage_hmac_v2_12c1/full_campaign_execution_12c1l/raw_batches/opentitan_hmac_sha256/batch_116/full_batch_116.csv,d02580221139fadf5a27858f0e227bc62e65fc61134162ad661b65e60739fbbd,results/circuitsage_hmac_v2_12c1/full_campaign_execution_12c1l/per_batch_npz/opentitan_hmac_sha256/full_batch_116.npz,dbce07e42176c55c59397a22402b8ecd2c0705f0115fd212be86646685c56495,PASS
117,opentitan_hmac_sha256,GENERALIZATION_TRAIN,117,7488,64,128,64,64,8192,96,results/circuitsage_hmac_v2_12c1/full_campaign_execution_12c1l/raw_batches/opentitan_hmac_sha256/batch_117/full_batch_117.csv,912dfee730307d8ce7352907810d912c90cd908671954365ff5ee9fa7257f694,results/circuitsage_hmac_v2_12c1/full_campaign_execution_12c1l/per_batch_npz/opentitan_hmac_sha256/full_batch_117.npz,f5111188bebc33798324d3b39e33274c0596550678f2fe075c941032e966f314,PASS
118,opentitan_hmac_sha256,GENERALIZATION_TRAIN,118,7552,64,128,64,64,8192,64,results/circuitsage_hmac_v2_12c1/full_campaign_execution_12c1l/raw_batches/opentitan_hmac_sha256/batch_118/full_batch_118.csv,f83878ebf9a5e60289ef8fea6b85fab96f7498d75713ff8480dd99da60f464cb,results/circuitsage_hmac_v2_12c1/full_campaign_execution_12c1l/per_batch_npz/opentitan_hmac_sha256/full_batch_118.npz,9a9ae589ace6865a272c8d50ba106972311098c1875018530c58d3712bb5fcd8,PASS
119,opentitan_hmac_sha256,GENERALIZATION_TRAIN,119,7616,64,128,64,64,8192,114,results/circuitsage_hmac_v2_12c1/full_campaign_execution_12c1l/raw_batches/opentitan_hmac_sha256/batch_119/full_batch_119.csv,03c8076b0919365423a4d62924f6295c142575f83b68cc28f043c0f695a4bb6c,results/circuitsage_hmac_v2_12c1/full_campaign_execution_12c1l/per_batch_npz/opentitan_hmac_sha256/full_batch_119.npz,bd25361e8fc38c983e11fc84c827d364db9869b3ca340dde9971d95791ca68d1,PASS
120,opentitan_hmac_sha256,GENERALIZATION_TRAIN,120,7680,64,128,64,64,8192,124,results/circuitsage_hmac_v2_12c1/full_campaign_execution_12c1l/raw_batches/opentitan_hmac_sha256/batch_120/full_batch_120.csv,e4ce6a42bef1f98523dbe5f169994b0cec3fffae9766a0cc787bb4093d63a94e,results/circuitsage_hmac_v2_12c1/full_campaign_execution_12c1l/per_batch_npz/opentitan_hmac_sha256/full_batch_120.npz,4cbcd4682c79629b98f79a3b3b3fdb5bde1322c0394ba09cddf58bfa2f90c847,PASS
121,opentitan_hmac_sha256,GENERALIZATION_TRAIN,121,7744,64,128,64,64,8192,87,results/circuitsage_hmac_v2_12c1/full_campaign_execution_12c1l/raw_batches/opentitan_hmac_sha256/batch_121/full_batch_121.csv,2350b573423fa290ef60148e97f85641c0a5862ae71122364605bf6f76f9dee4,results/circuitsage_hmac_v2_12c1/full_campaign_execution_12c1l/per_batch_npz/opentitan_hmac_sha256/full_batch_121.npz,6cc16bfd9530d829ac743c1a14fcd99ea4324c7ba082b051f22330d3018b7362,PASS
122,opentitan_hmac_sha256,GENERALIZATION_TRAIN,122,7808,64,128,64,64,8192,46,results/circuitsage_hmac_v2_12c1/full_campaign_execution_12c1l/raw_batches/opentitan_hmac_sha256/batch_122/full_batch_122.csv,a09252306b503a17d95c8002bc5b0ff24bc53eba65431a56ace94cb4bf786428,results/circuitsage_hmac_v2_12c1/full_campaign_execution_12c1l/per_batch_npz/opentitan_hmac_sha256/full_batch_122.npz,0afa5a5ecbf807ad65348e3b40f7f10dff8c320e9335eb215151d855c4f4e105,PASS
123,opentitan_hmac_sha256,GENERALIZATION_TRAIN,123,7872,64,128,64,64,8192,0,results/circuitsage_hmac_v2_12c1/full_campaign_execution_12c1l/raw_batches/opentitan_hmac_sha256/batch_123/full_batch_123.csv,a71fd1ed34204c670cee0114923470673efc124a595c066a6acf54f23faed00e,results/circuitsage_hmac_v2_12c1/full_campaign_execution_12c1l/per_batch_npz/opentitan_hmac_sha256/full_batch_123.npz,240ddacc15914a34d1897af6b7574d9d10808f0e2c2ff11ce1886da5c9db787a,PASS
124,opentitan_hmac_sha256,GENERALIZATION_TRAIN,124,7936,64,128,64,64,8192,0,results/circuitsage_hmac_v2_12c1/full_campaign_execution_12c1l/raw_batches/opentitan_hmac_sha256/batch_124/full_batch_124.csv,813b160170a99181138fe79ee11b130e896a288257f49c2732e007288faba52f,results/circuitsage_hmac_v2_12c1/full_campaign_execution_12c1l/per_batch_npz/opentitan_hmac_sha256/full_batch_124.npz,1b5ec3744d09f25e103b13e8bc70d6df2d974c5c6cf8fd93f158a8626c623e5d,PASS
125,opentitan_hmac_sha256,GENERALIZATION_TRAIN,125,8000,64,128,64,64,8192,0,results/circuitsage_hmac_v2_12c1/full_campaign_execution_12c1l/raw_batches/opentitan_hmac_sha256/batch_125/full_batch_125.csv,6709fb163cc169c151acf77d757776c8f8c1159b82d9435a040ffd8fc89586f6,results/circuitsage_hmac_v2_12c1/full_campaign_execution_12c1l/per_batch_npz/opentitan_hmac_sha256/full_batch_125.npz,0b849b03a0cc11abfc5cdf7e651ab7dc6997097167a15af475ed90f24aa97c8c,PASS
126,opentitan_hmac_sha256,GENERALIZATION_TRAIN,126,8064,64,128,64,64,8192,0,results/circuitsage_hmac_v2_12c1/full_campaign_execution_12c1l/raw_batches/opentitan_hmac_sha256/batch_126/full_batch_126.csv,1d8ae88b8c8b407df3af4365401a0037de9dd252c826104a704fbfcc7897b36b,results/circuitsage_hmac_v2_12c1/full_campaign_execution_12c1l/per_batch_npz/opentitan_hmac_sha256/full_batch_126.npz,e060f9fd985f107d75bf1edd0824e5d793a840883a5df150a72ebb0c5c619424,PASS
127,opentitan_hmac_sha256,GENERALIZATION_TRAIN,127,8128,64,128,64,64,8192,0,results/circuitsage_hmac_v2_12c1/full_campaign_execution_12c1l/raw_batches/opentitan_hmac_sha256/batch_127/full_batch_127.csv,13990b0dc7f7fe36edc6f0f94ac935f52c6cb967e1a6e434942d84779040eb67,results/circuitsage_hmac_v2_12c1/full_campaign_execution_12c1l/per_batch_npz/opentitan_hmac_sha256/full_batch_127.npz,80a2493cb75523c283b0c70e81dae2d7fe6b5a8e32f67fac1a426d87b2cc50d4,PASS
128,opentitan_hmac_sha256,GENERALIZATION_TRAIN,128,8192,64,128,64,64,8192,0,results/circuitsage_hmac_v2_12c1/full_campaign_execution_12c1l/raw_batches/opentitan_hmac_sha256/batch_128/full_batch_128.csv,47e152438685b8b76c22b5f3d70b02ee3b80a029750fd91369fad6d9ba6cf1bc,results/circuitsage_hmac_v2_12c1/full_campaign_execution_12c1l/per_batch_npz/opentitan_hmac_sha256/full_batch_128.npz,cc77a2df6025bb8c98b4e647b29a91c1f848dcfaa0d65f30b400026c5763f153,PASS
129,opentitan_hmac_sha256,GENERALIZATION_TRAIN,129,8256,64,128,64,64,8192,0,results/circuitsage_hmac_v2_12c1/full_campaign_execution_12c1l/raw_batches/opentitan_hmac_sha256/batch_129/full_batch_129.csv,86933acfbab010a386a6c8604568cf409ac06b0bddd5ce9e84004ad3b6736cbd,results/circuitsage_hmac_v2_12c1/full_campaign_execution_12c1l/per_batch_npz/opentitan_hmac_sha256/full_batch_129.npz,734dd1f50c605fa002f98e67493fdcfbe03716a9cc7ed2afd05cc7f88abc3d0d,PASS
130,opentitan_hmac_sha256,GENERALIZATION_TRAIN,130,8320,64,128,64,64,8192,0,results/circuitsage_hmac_v2_12c1/full_campaign_execution_12c1l/raw_batches/opentitan_hmac_sha256/batch_130/full_batch_130.csv,264241c2d5b8d87f1834d765c7daec665964f3b69715ea1b886f35bf8fcb4672,results/circuitsage_hmac_v2_12c1/full_campaign_execution_12c1l/per_batch_npz/opentitan_hmac_sha256/full_batch_130.npz,0e2a8e0cf5d6b15cd5affa18db52f33a19da55eaa5fe1c734e63c4de08db1d46,PASS
131,opentitan_hmac_sha256,GENERALIZATION_TRAIN,131,8384,64,128,64,64,8192,0,results/circuitsage_hmac_v2_12c1/full_campaign_execution_12c1l/raw_batches/opentitan_hmac_sha256/batch_131/full_batch_131.csv,9ed5b356ef0106f0f3be541a8520959c8e52362d7d5de32ae1dc8b645fbaa7f7,results/circuitsage_hmac_v2_12c1/full_campaign_execution_12c1l/per_batch_npz/opentitan_hmac_sha256/full_batch_131.npz,59c1561fd386ae52e82125156b71323bd3b2dde555d750ea1f00468e76f5ad1f,PASS
132,opentitan_hmac_sha256,GENERALIZATION_TRAIN,132,8448,64,128,64,64,8192,0,results/circuitsage_hmac_v2_12c1/full_campaign_execution_12c1l/raw_batches/opentitan_hmac_sha256/batch_132/full_batch_132.csv,aa02b1909bbbaf37e1f72b358a0755c86fab82840f68d859dea204fad85bbd30,results/circuitsage_hmac_v2_12c1/full_campaign_execution_12c1l/per_batch_npz/opentitan_hmac_sha256/full_batch_132.npz,2c026f3db6ee731597c6f251bc2c57b2e4e3d7fe93e9180ede7c08bfbccc301b,PASS
133,opentitan_hmac_sha256,GENERALIZATION_TRAIN,133,8512,64,128,64,64,8192,0,results/circuitsage_hmac_v2_12c1/full_campaign_execution_12c1l/raw_batches/opentitan_hmac_sha256/batch_133/full_batch_133.csv,db555751495bf7627b73869183d662dd5848123d5e15d7deb75850f8f8610a17,results/circuitsage_hmac_v2_12c1/full_campaign_execution_12c1l/per_batch_npz/opentitan_hmac_sha256/full_batch_133.npz,22f355dc91a9004b32bb17bdb9804d62ae9fa246e65da8fb651cd01885a165f1,PASS
134,opentitan_hmac_sha256,GENERALIZATION_TRAIN,134,8576,64,128,64,64,8192,0,results/circuitsage_hmac_v2_12c1/full_campaign_execution_12c1l/raw_batches/opentitan_hmac_sha256/batch_134/full_batch_134.csv,aa9e5b2a7edbb7d491d853fa90c61fdbd4797011f43d55932aaf22078afe11e3,results/circuitsage_hmac_v2_12c1/full_campaign_execution_12c1l/per_batch_npz/opentitan_hmac_sha256/full_batch_134.npz,3615755d2f2e601e6152a4b5d6c0932ee89fc248a907d770d28d2e623a4cf058,PASS
135,opentitan_hmac_sha256,GENERALIZATION_TRAIN,135,8640,64,128,64,64,8192,0,results/circuitsage_hmac_v2_12c1/full_campaign_execution_12c1l/raw_batches/opentitan_hmac_sha256/batch_135/full_batch_135.csv,891223278775c29ab1c164bfbccd81f01c10adbaa44f73eba29cb2ced45e8fa7,results/circuitsage_hmac_v2_12c1/full_campaign_execution_12c1l/per_batch_npz/opentitan_hmac_sha256/full_batch_135.npz,c28cce143d560e008eb750a8b590a032d7b9f4b28458a53b1f72dab4900ba259,PASS
136,opentitan_hmac_sha256,GENERALIZATION_TRAIN,136,8704,64,128,64,64,8192,0,results/circuitsage_hmac_v2_12c1/full_campaign_execution_12c1l/raw_batches/opentitan_hmac_sha256/batch_136/full_batch_136.csv,cf8cadf9ee7bc02c44f2a2734ab325cf6afd729e1961590fe6e05cf81f7f9c54,results/circuitsage_hmac_v2_12c1/full_campaign_execution_12c1l/per_batch_npz/opentitan_hmac_sha256/full_batch_136.npz,96b4b4137069a09d028907a404332762e752961af80641abbb46035042543863,PASS
137,opentitan_hmac_sha256,GENERALIZATION_TRAIN,137,8768,64,128,64,64,8192,0,results/circuitsage_hmac_v2_12c1/full_campaign_execution_12c1l/raw_batches/opentitan_hmac_sha256/batch_137/full_batch_137.csv,e7aaf3525a5d0e63a2692608a8ab8e237d8c3198f957e33a1b085ede010132c0,results/circuitsage_hmac_v2_12c1/full_campaign_execution_12c1l/per_batch_npz/opentitan_hmac_sha256/full_batch_137.npz,9256d99af15a63964921b0a80577d51fc9dda88adb4e9c44799dd8151fb297d3,PASS
138,opentitan_hmac_sha256,GENERALIZATION_TRAIN,138,8832,64,128,64,64,8192,0,results/circuitsage_hmac_v2_12c1/full_campaign_execution_12c1l/raw_batches/opentitan_hmac_sha256/batch_138/full_batch_138.csv,64c42c06089d5cef97d03125ff38170489b617e7e67a53e31247b3f8f219d489,results/circuitsage_hmac_v2_12c1/full_campaign_execution_12c1l/per_batch_npz/opentitan_hmac_sha256/full_batch_138.npz,d43f1d30f3e14090e4d4bb8dad17be0a83e27b21d646e6a2b78816230ad9fcee,PASS
139,opentitan_hmac_sha256,GENERALIZATION_TRAIN,139,8896,64,128,64,64,8192,0,results/circuitsage_hmac_v2_12c1/full_campaign_execution_12c1l/raw_batches/opentitan_hmac_sha256/batch_139/full_batch_139.csv,9ed048a528e2db6a33f54c5f491252391f2ef062eb2d64614c61335aefadbf96,results/circuitsage_hmac_v2_12c1/full_campaign_execution_12c1l/per_batch_npz/opentitan_hmac_sha256/full_batch_139.npz,85ecd95fc6c37bcbba4c4fdfe35bf954e677ac800c7e57c8f5e3a2387e607d36,PASS
140,opentitan_hmac_sha256,GENERALIZATION_TRAIN,140,8960,64,128,64,64,8192,0,results/circuitsage_hmac_v2_12c1/full_campaign_execution_12c1l/raw_batches/opentitan_hmac_sha256/batch_140/full_batch_140.csv,148ae6c9b4d1310770fbe3250a140cb1da275936a55759fa6ffc9dfab3b615be,results/circuitsage_hmac_v2_12c1/full_campaign_execution_12c1l/per_batch_npz/opentitan_hmac_sha256/full_batch_140.npz,0192f45fc302d89c04b4ba9af47a820d68f2da732679cca4a8acd81bb772046d,PASS
141,opentitan_hmac_sha256,GENERALIZATION_TRAIN,141,9024,64,128,64,64,8192,0,results/circuitsage_hmac_v2_12c1/full_campaign_execution_12c1l/raw_batches/opentitan_hmac_sha256/batch_141/full_batch_141.csv,11d46425d24c4f60768b87a59a74ae0752db1a6624595d284a8c53fc11fa5f74,results/circuitsage_hmac_v2_12c1/full_campaign_execution_12c1l/per_batch_npz/opentitan_hmac_sha256/full_batch_141.npz,26ef44c4637e8a544bb361ebdd6b6d3046716f94cbbe85fad9abea2d530d36b2,PASS
142,opentitan_hmac_sha256,GENERALIZATION_TRAIN,142,9088,64,128,64,64,8192,0,results/circuitsage_hmac_v2_12c1/full_campaign_execution_12c1l/raw_batches/opentitan_hmac_sha256/batch_142/full_batch_142.csv,f827d5dcad74e8387dcefa7a2a18e13346eb35832edbd7ac3183cae406b9da9c,results/circuitsage_hmac_v2_12c1/full_campaign_execution_12c1l/per_batch_npz/opentitan_hmac_sha256/full_batch_142.npz,a1f4bacdd9a368caf23825eb688dc0bc14cf5e2f45fad9a6223cf71cb9a999c6,PASS
143,opentitan_hmac_sha256,GENERALIZATION_TRAIN,143,9152,64,128,64,64,8192,0,results/circuitsage_hmac_v2_12c1/full_campaign_execution_12c1l/raw_batches/opentitan_hmac_sha256/batch_143/full_batch_143.csv,a9ad1daaea2bb3bda4b26e923392bdd6b027b959e04ddb0276534a1906de421d,results/circuitsage_hmac_v2_12c1/full_campaign_execution_12c1l/per_batch_npz/opentitan_hmac_sha256/full_batch_143.npz,f40074d1ebc05560b2e4a6abf0f25a6bb8b2a7565f14567c5e9d15487d69565d,PASS
144,opentitan_hmac_sha256,GENERALIZATION_TRAIN,144,9216,64,128,64,64,8192,0,results/circuitsage_hmac_v2_12c1/full_campaign_execution_12c1l/raw_batches/opentitan_hmac_sha256/batch_144/full_batch_144.csv,ae60f747616dc3ce836d5667c610f99123dbee0b6355e2355ea5b5ed1a279e95,results/circuitsage_hmac_v2_12c1/full_campaign_execution_12c1l/per_batch_npz/opentitan_hmac_sha256/full_batch_144.npz,92a296b9f02ff51d7c23e3b66243fdb30bb1429613a09c5faef0ae1892ea7013,PASS
145,opentitan_hmac_sha256,GENERALIZATION_TRAIN,145,9280,64,128,64,64,8192,3,results/circuitsage_hmac_v2_12c1/full_campaign_execution_12c1l/raw_batches/opentitan_hmac_sha256/batch_145/full_batch_145.csv,c4658c5fc70ed601d911f027dc09c471254c5a933eaa029f4ca1113101859ebf,results/circuitsage_hmac_v2_12c1/full_campaign_execution_12c1l/per_batch_npz/opentitan_hmac_sha256/full_batch_145.npz,41d7e0f52fe8de0ae8a79c46a6aa898898272def8fafc34537968df05ed08fde,PASS
146,opentitan_hmac_sha256,GENERALIZATION_TRAIN,146,9344,64,128,64,64,8192,64,results/circuitsage_hmac_v2_12c1/full_campaign_execution_12c1l/raw_batches/opentitan_hmac_sha256/batch_146/full_batch_146.csv,fdf5f50b9ab4535b8e776f80a33309985e7e502d58e08108d05df960f6a67c4f,results/circuitsage_hmac_v2_12c1/full_campaign_execution_12c1l/per_batch_npz/opentitan_hmac_sha256/full_batch_146.npz,a4d27b78b2e04530500c6b391042847f276920196f3ff95eb84faeccd556949d,PASS
147,opentitan_hmac_sha256,GENERALIZATION_TRAIN,147,9408,64,128,64,64,8192,64,results/circuitsage_hmac_v2_12c1/full_campaign_execution_12c1l/raw_batches/opentitan_hmac_sha256/batch_147/full_batch_147.csv,c131c532723c0a83ca35dc9f14b5538899332e85759451e952d019bb0cea89b5,results/circuitsage_hmac_v2_12c1/full_campaign_execution_12c1l/per_batch_npz/opentitan_hmac_sha256/full_batch_147.npz,d0f11d0ad39a60267d50aae21bb73cbb4b8dc010802f295a5bdc0a21e7c3b604,PASS
148,opentitan_hmac_sha256,GENERALIZATION_TRAIN,148,9472,64,128,64,64,8192,82,results/circuitsage_hmac_v2_12c1/full_campaign_execution_12c1l/raw_batches/opentitan_hmac_sha256/batch_148/full_batch_148.csv,63d5f3c6ef95a0e978ee8e67320ef432d1e1c9e48e05aa66589c6e12c5283cbf,results/circuitsage_hmac_v2_12c1/full_campaign_execution_12c1l/per_batch_npz/opentitan_hmac_sha256/full_batch_148.npz,d06b689defa8913f3f65e0046482e914d841549e4a54e249e78620864fb84458,PASS
149,opentitan_hmac_sha256,GENERALIZATION_TRAIN,149,9536,64,128,64,64,8192,128,results/circuitsage_hmac_v2_12c1/full_campaign_execution_12c1l/raw_batches/opentitan_hmac_sha256/batch_149/full_batch_149.csv,b7501a21ca920ce778cfff668d736eb5173c2450959160c86bb2948426c14561,results/circuitsage_hmac_v2_12c1/full_campaign_execution_12c1l/per_batch_npz/opentitan_hmac_sha256/full_batch_149.npz,8b707b799f15ab6fe8401236eb96a61ade0096cf863a4225d3fac1fd564c2546,PASS
150,opentitan_hmac_sha256,GENERALIZATION_TRAIN,150,9600,64,128,64,64,8192,128,results/circuitsage_hmac_v2_12c1/full_campaign_execution_12c1l/raw_batches/opentitan_hmac_sha256/batch_150/full_batch_150.csv,d2d0e2f12023e6ff9ff6c37b44d1ed0adc93077b457fd91dfb0c4b7f27166752,results/circuitsage_hmac_v2_12c1/full_campaign_execution_12c1l/per_batch_npz/opentitan_hmac_sha256/full_batch_150.npz,41917f8e59499ea45534a29e63cd31caf20dcb1d788f05eed4f70530ee2aba57,PASS
151,opentitan_hmac_sha256,GENERALIZATION_TRAIN,151,9664,64,128,64,64,8192,128,results/circuitsage_hmac_v2_12c1/full_campaign_execution_12c1l/raw_batches/opentitan_hmac_sha256/batch_151/full_batch_151.csv,c4c5fe7938d96dcd9e7fe0818ccac64e25a227bf6c7620c9b43a64807b528f04,results/circuitsage_hmac_v2_12c1/full_campaign_execution_12c1l/per_batch_npz/opentitan_hmac_sha256/full_batch_151.npz,547ef2d1a27e5131dd1c29107494083a079a7bb1eb3b403d1accc9713f6f1914,PASS
152,opentitan_hmac_sha256,GENERALIZATION_TRAIN,152,9728,64,128,64,64,8192,109,results/circuitsage_hmac_v2_12c1/full_campaign_execution_12c1l/raw_batches/opentitan_hmac_sha256/batch_152/full_batch_152.csv,4746f1dc3322effca0ac635014dd10ffbe3ed48f715e468aeae1b258cc705748,results/circuitsage_hmac_v2_12c1/full_campaign_execution_12c1l/per_batch_npz/opentitan_hmac_sha256/full_batch_152.npz,8e10776b5f5969d4ed2b3c6425bd417ee0ce4139bd6e0c57f8154aa56ad4967c,PASS
153,opentitan_hmac_sha256,GENERALIZATION_TRAIN,153,9792,64,128,64,64,8192,64,results/circuitsage_hmac_v2_12c1/full_campaign_execution_12c1l/raw_batches/opentitan_hmac_sha256/batch_153/full_batch_153.csv,c4b7848456743e37b7c54c78341702b57157053c4af5a0080078234259107e10,results/circuitsage_hmac_v2_12c1/full_campaign_execution_12c1l/per_batch_npz/opentitan_hmac_sha256/full_batch_153.npz,a27128350f29e2c0973710c4ce45d99ec49586d5b6532cec45dbd85ceb60be3b,PASS
154,opentitan_hmac_sha256,GENERALIZATION_TRAIN,154,9856,64,128,64,64,8192,112,results/circuitsage_hmac_v2_12c1/full_campaign_execution_12c1l/raw_batches/opentitan_hmac_sha256/batch_154/full_batch_154.csv,db725b065899f1195be690080d3faa0ec895c38245a7741e37125ef3c61d1d5f,results/circuitsage_hmac_v2_12c1/full_campaign_execution_12c1l/per_batch_npz/opentitan_hmac_sha256/full_batch_154.npz,a850332505cf4de56dafb3ecde53c84d105c4a751f22a3f0defd44a8a1e57c98,PASS
155,opentitan_hmac_sha256,GENERALIZATION_TRAIN,155,9920,64,128,64,64,8192,98,results/circuitsage_hmac_v2_12c1/full_campaign_execution_12c1l/raw_batches/opentitan_hmac_sha256/batch_155/full_batch_155.csv,a8ce1059f6a95d6044636e919bb259f16ea989470d966c580e2c52cf0c7d663e,results/circuitsage_hmac_v2_12c1/full_campaign_execution_12c1l/per_batch_npz/opentitan_hmac_sha256/full_batch_155.npz,532af23c48362855e193f984716e0a06170b8e81d7bf5c017661d9cd9b1a2740,PASS
156,opentitan_hmac_sha256,GENERALIZATION_TRAIN,156,9984,64,128,64,64,8192,107,results/circuitsage_hmac_v2_12c1/full_campaign_execution_12c1l/raw_batches/opentitan_hmac_sha256/batch_156/full_batch_156.csv,497cb3d4560e4b41d073ac8fa7a34f941f6222bc06fc11394706e85d13998bfa,results/circuitsage_hmac_v2_12c1/full_campaign_execution_12c1l/per_batch_npz/opentitan_hmac_sha256/full_batch_156.npz,bed640abf757651fb3ba97076d2655b309ea71bf7477c562cdd3645034da18bd,PASS
157,opentitan_hmac_sha256,GENERALIZATION_TRAIN,157,10048,64,128,64,64,8192,14,results/circuitsage_hmac_v2_12c1/full_campaign_execution_12c1l/raw_batches/opentitan_hmac_sha256/batch_157/full_batch_157.csv,9791095e7908fd6d0701425ec85c9b87226cad5445bf216b1c2ca792475339df,results/circuitsage_hmac_v2_12c1/full_campaign_execution_12c1l/per_batch_npz/opentitan_hmac_sha256/full_batch_157.npz,a544a864f7677cbc1191586e16eeec17034f3b38c882663f4a44bc0209110ee2,PASS
158,opentitan_hmac_sha256,GENERALIZATION_TRAIN,158,10112,64,128,64,64,8192,0,results/circuitsage_hmac_v2_12c1/full_campaign_execution_12c1l/raw_batches/opentitan_hmac_sha256/batch_158/full_batch_158.csv,52bb0876be63996b0c6d76c299f1e9829d2187fb441f307a39d6a71a313711c7,results/circuitsage_hmac_v2_12c1/full_campaign_execution_12c1l/per_batch_npz/opentitan_hmac_sha256/full_batch_158.npz,576f356a4d5a00e455fb73620fd3db39aca07de2ff1e1099fe85d3edfc0b5efe,PASS
159,opentitan_hmac_sha256,GENERALIZATION_TRAIN,159,10176,64,128,64,64,8192,0,results/circuitsage_hmac_v2_12c1/full_campaign_execution_12c1l/raw_batches/opentitan_hmac_sha256/batch_159/full_batch_159.csv,8094a31482ca95fb3226e2b5360f5175673515154ead5936b562c39e86e9a837,results/circuitsage_hmac_v2_12c1/full_campaign_execution_12c1l/per_batch_npz/opentitan_hmac_sha256/full_batch_159.npz,e5cf66756e9944ffdfd9d0db43662e7a3946145a073472dc573aa6765741482f,PASS
160,opentitan_hmac_sha256,GENERALIZATION_TRAIN,160,10240,64,128,64,64,8192,0,results/circuitsage_hmac_v2_12c1/full_campaign_execution_12c1l/raw_batches/opentitan_hmac_sha256/batch_160/full_batch_160.csv,f8aadf4052c21bb822706ae9c6f9b3b472377b1ffdc53dbfd585cba9a9a334ec,results/circuitsage_hmac_v2_12c1/full_campaign_execution_12c1l/per_batch_npz/opentitan_hmac_sha256/full_batch_160.npz,6f1f5b9f8c996723f3fb66f5237d900163aed7a2a5f5fb72f9fa3f8467d1c7e9,PASS
161,opentitan_hmac_sha256,GENERALIZATION_TRAIN,161,10304,64,128,64,64,8192,0,results/circuitsage_hmac_v2_12c1/full_campaign_execution_12c1l/raw_batches/opentitan_hmac_sha256/batch_161/full_batch_161.csv,3b2c87b4d82f711404bd9e0496e9dd8c5ee8a5f4b578242d09e50036fb234f3d,results/circuitsage_hmac_v2_12c1/full_campaign_execution_12c1l/per_batch_npz/opentitan_hmac_sha256/full_batch_161.npz,bd72e214a8d8977f82a52c4582fab758c1d5228b63911697b336b9c421dd62db,PASS
162,opentitan_hmac_sha256,GENERALIZATION_TRAIN,162,10368,64,128,64,64,8192,0,results/circuitsage_hmac_v2_12c1/full_campaign_execution_12c1l/raw_batches/opentitan_hmac_sha256/batch_162/full_batch_162.csv,73bd51662594f259054804bf005aa543f4621ab5277ab508f7303db2bce34a18,results/circuitsage_hmac_v2_12c1/full_campaign_execution_12c1l/per_batch_npz/opentitan_hmac_sha256/full_batch_162.npz,c02770c1adae4677482b2abd76016ee2c235f5baafdcc6237e179a60679442a6,PASS
163,opentitan_hmac_sha256,GENERALIZATION_TRAIN,163,10432,64,128,64,64,8192,0,results/circuitsage_hmac_v2_12c1/full_campaign_execution_12c1l/raw_batches/opentitan_hmac_sha256/batch_163/full_batch_163.csv,05051b5fc61579d2ccdfac2150d90280317a27e78bbd6c0b4c25aa47ad2b83c4,results/circuitsage_hmac_v2_12c1/full_campaign_execution_12c1l/per_batch_npz/opentitan_hmac_sha256/full_batch_163.npz,bc7b6cff7d90e852ce6a5250c5ea96518a6105486af05594c4b99184bab58a6e,PASS
164,opentitan_hmac_sha256,GENERALIZATION_TRAIN,164,10496,64,128,64,64,8192,0,results/circuitsage_hmac_v2_12c1/full_campaign_execution_12c1l/raw_batches/opentitan_hmac_sha256/batch_164/full_batch_164.csv,e15016312b873eb64e9a7b50195c380d8b63656725d790e22fd0a69d1d5dadfb,results/circuitsage_hmac_v2_12c1/full_campaign_execution_12c1l/per_batch_npz/opentitan_hmac_sha256/full_batch_164.npz,7710cd04f26c10f10197a73e9f31a3bd88af69bd78705b4000e705b9345c1103,PASS
165,opentitan_hmac_sha256,GENERALIZATION_TRAIN,165,10560,64,128,64,64,8192,0,results/circuitsage_hmac_v2_12c1/full_campaign_execution_12c1l/raw_batches/opentitan_hmac_sha256/batch_165/full_batch_165.csv,247a1f02de4e50184dfd76f1ab515abd06c588d62c3e31209faba469ce7bc79a,results/circuitsage_hmac_v2_12c1/full_campaign_execution_12c1l/per_batch_npz/opentitan_hmac_sha256/full_batch_165.npz,c9ebabc086a0a3e6ce74c17d1d3b8f5b5a585ae344776453bedf8f7e346cc4c3,PASS
166,opentitan_hmac_sha256,GENERALIZATION_TRAIN,166,10624,64,128,64,64,8192,0,results/circuitsage_hmac_v2_12c1/full_campaign_execution_12c1l/raw_batches/opentitan_hmac_sha256/batch_166/full_batch_166.csv,e51ab04f697ca87a73bd4bdfb63e80e16191e2eb295b31739bb0e34303e8b6d2,results/circuitsage_hmac_v2_12c1/full_campaign_execution_12c1l/per_batch_npz/opentitan_hmac_sha256/full_batch_166.npz,026ba2ebc0394c5d93d4c1ac87368d29db2917acc6ece7aa328bc56766fe3f3a,PASS
167,opentitan_hmac_sha256,GENERALIZATION_TRAIN,167,10688,64,128,64,64,8192,0,results/circuitsage_hmac_v2_12c1/full_campaign_execution_12c1l/raw_batches/opentitan_hmac_sha256/batch_167/full_batch_167.csv,5993581ebee2dba694aceba1fc61dd1956e41b3ab92e17357a3a6ffe1d1614b9,results/circuitsage_hmac_v2_12c1/full_campaign_execution_12c1l/per_batch_npz/opentitan_hmac_sha256/full_batch_167.npz,44fac34dedc08d7a5dc0c5d8be563b0d54cfaea9458efb5b85e855b10ba43250,PASS
168,opentitan_hmac_sha256,GENERALIZATION_TRAIN,168,10752,64,128,64,64,8192,0,results/circuitsage_hmac_v2_12c1/full_campaign_execution_12c1l/raw_batches/opentitan_hmac_sha256/batch_168/full_batch_168.csv,d082b8863ebaef9b18118bbd63ac1b30c75e005db15acc2a088de784414517d3,results/circuitsage_hmac_v2_12c1/full_campaign_execution_12c1l/per_batch_npz/opentitan_hmac_sha256/full_batch_168.npz,c1b2a004f581274fa835513fe1f1d3d49656c64f49e53fbf2f2d0a2496e907a6,PASS
169,opentitan_hmac_sha256,GENERALIZATION_TRAIN,169,10816,64,128,64,64,8192,97,results/circuitsage_hmac_v2_12c1/full_campaign_execution_12c1l/raw_batches/opentitan_hmac_sha256/batch_169/full_batch_169.csv,db668b3691c259d9e696563d238b8d14e36908132a2da780f637e128b486e8ef,results/circuitsage_hmac_v2_12c1/full_campaign_execution_12c1l/per_batch_npz/opentitan_hmac_sha256/full_batch_169.npz,55b22a956485e4dde7b1165532d453e2a037590ef50b2b27d7aad327c83350ba,PASS
170,opentitan_hmac_sha256,GENERALIZATION_TRAIN,170,10880,64,128,64,64,8192,121,results/circuitsage_hmac_v2_12c1/full_campaign_execution_12c1l/raw_batches/opentitan_hmac_sha256/batch_170/full_batch_170.csv,dad44bfd4fd604ca5916fbcd439a83561e86556bbcd36dae2625ba0da7f91a9a,results/circuitsage_hmac_v2_12c1/full_campaign_execution_12c1l/per_batch_npz/opentitan_hmac_sha256/full_batch_170.npz,14fd27551ba96c77465d57733e5eabcf35d972c6e06f4df6b917e28d8ce00c28,PASS
171,opentitan_hmac_sha256,GENERALIZATION_TRAIN,171,10944,64,128,64,64,8192,123,results/circuitsage_hmac_v2_12c1/full_campaign_execution_12c1l/raw_batches/opentitan_hmac_sha256/batch_171/full_batch_171.csv,74c2be49b197beffd619a20c08fe4e655146d561ccebb829690f8f11e0598b5f,results/circuitsage_hmac_v2_12c1/full_campaign_execution_12c1l/per_batch_npz/opentitan_hmac_sha256/full_batch_171.npz,f9fb828c8e4e899c2534d689ccf2bbd288e0bfdbb65e21c3bea779957b7aa017,PASS
172,opentitan_hmac_sha256,GENERALIZATION_TRAIN,172,11008,64,128,64,64,8192,91,results/circuitsage_hmac_v2_12c1/full_campaign_execution_12c1l/raw_batches/opentitan_hmac_sha256/batch_172/full_batch_172.csv,cc2602b3adfd2f92bf999b2052e9bd0aa4ee3b586aded7a58fb4667d58cdb63d,results/circuitsage_hmac_v2_12c1/full_campaign_execution_12c1l/per_batch_npz/opentitan_hmac_sha256/full_batch_172.npz,745689825c05440a4f824444e63237d0c593687111081dba3769b8239be290e9,PASS
173,opentitan_hmac_sha256,GENERALIZATION_TRAIN,173,11072,64,128,64,64,8192,70,results/circuitsage_hmac_v2_12c1/full_campaign_execution_12c1l/raw_batches/opentitan_hmac_sha256/batch_173/full_batch_173.csv,1c207e18307380a41aa34c74798451b4ea627f31331facc9c82114cbf1de8c45,results/circuitsage_hmac_v2_12c1/full_campaign_execution_12c1l/per_batch_npz/opentitan_hmac_sha256/full_batch_173.npz,781f5c4b38f6acb3de18f43d489e86bc620d1d7af0701b22bb9e218584fbf235,PASS
174,opentitan_hmac_sha256,GENERALIZATION_TRAIN,174,11136,64,128,64,64,8192,28,results/circuitsage_hmac_v2_12c1/full_campaign_execution_12c1l/raw_batches/opentitan_hmac_sha256/batch_174/full_batch_174.csv,c04028536b83da29904432eb5b6e4cc78af13ecc84da8fcfbecfa7e832ce3525,results/circuitsage_hmac_v2_12c1/full_campaign_execution_12c1l/per_batch_npz/opentitan_hmac_sha256/full_batch_174.npz,369937620bf369ea7e40f8c1ef89997f2507e8b79b745044b42d7671837e27fa,PASS
175,opentitan_hmac_sha256,GENERALIZATION_TRAIN,175,11200,64,128,64,64,8192,39,results/circuitsage_hmac_v2_12c1/full_campaign_execution_12c1l/raw_batches/opentitan_hmac_sha256/batch_175/full_batch_175.csv,5883a1bdbde9ea6c6bbaf38941ffe61ed741ed56172e42a54bc7d9af8e33de28,results/circuitsage_hmac_v2_12c1/full_campaign_execution_12c1l/per_batch_npz/opentitan_hmac_sha256/full_batch_175.npz,7d06d9ad104bc128bf4c3f6bcb30b81c4b8197ce3d2de05336bce86fe251d6b7,PASS
176,opentitan_hmac_sha256,GENERALIZATION_TRAIN,176,11264,64,128,64,64,8192,49,results/circuitsage_hmac_v2_12c1/full_campaign_execution_12c1l/raw_batches/opentitan_hmac_sha256/batch_176/full_batch_176.csv,1fa2708c22efd93f5470e77b181004395f627a3e99e9a6376b8bc3e53a39e94d,results/circuitsage_hmac_v2_12c1/full_campaign_execution_12c1l/per_batch_npz/opentitan_hmac_sha256/full_batch_176.npz,0706209b62b758c106059e9791829ed2eb2c4c70b33f7eae926c090ec37156ab,PASS
177,opentitan_hmac_sha256,GENERALIZATION_TRAIN,177,11328,64,128,64,64,8192,53,results/circuitsage_hmac_v2_12c1/full_campaign_execution_12c1l/raw_batches/opentitan_hmac_sha256/batch_177/full_batch_177.csv,80115fe19d760133b47461d0189923d27687d5e70647e7a4fdde9593c21f63b4,results/circuitsage_hmac_v2_12c1/full_campaign_execution_12c1l/per_batch_npz/opentitan_hmac_sha256/full_batch_177.npz,d5b28911067312652faa518f25c9cd78c54b337814b96f6a701e0edc810de557,PASS
178,opentitan_hmac_sha256,GENERALIZATION_TRAIN,178,11392,64,128,64,64,8192,15,results/circuitsage_hmac_v2_12c1/full_campaign_execution_12c1l/raw_batches/opentitan_hmac_sha256/batch_178/full_batch_178.csv,4315723ed52b71df3a0caf59de5dbe3787dbea3ae2e1d0700bc278f49d14de31,results/circuitsage_hmac_v2_12c1/full_campaign_execution_12c1l/per_batch_npz/opentitan_hmac_sha256/full_batch_178.npz,818c3625872572380dc4433185c78a5744c6e5d7b4d78ab55eb906e9e2bb725f,PASS
179,opentitan_hmac_sha256,GENERALIZATION_TRAIN,179,11456,64,128,64,64,8192,68,results/circuitsage_hmac_v2_12c1/full_campaign_execution_12c1l/raw_batches/opentitan_hmac_sha256/batch_179/full_batch_179.csv,f092c6c7c3791f471bf8e2c66174cf4421e65b0658cd8e57948c9f370736e323,results/circuitsage_hmac_v2_12c1/full_campaign_execution_12c1l/per_batch_npz/opentitan_hmac_sha256/full_batch_179.npz,d03d0f917deb9f4747e95c73c26cd104abce5ea5afd9a8ce338a35f8315a3deb,PASS
180,opentitan_hmac_sha256,GENERALIZATION_TRAIN,180,11520,64,128,64,64,8192,53,results/circuitsage_hmac_v2_12c1/full_campaign_execution_12c1l/raw_batches/opentitan_hmac_sha256/batch_180/full_batch_180.csv,af4c3ea39655db49cd1a8214f77257464c875601cc0d5ba3e91819711f3c197e,results/circuitsage_hmac_v2_12c1/full_campaign_execution_12c1l/per_batch_npz/opentitan_hmac_sha256/full_batch_180.npz,0939e15938effb1a2edc68c8da2abe61bc40be8c968fcb8ec6e764a009f1a134,PASS
181,opentitan_hmac_sha256,GENERALIZATION_TRAIN,181,11584,64,128,64,64,8192,0,results/circuitsage_hmac_v2_12c1/full_campaign_execution_12c1l/raw_batches/opentitan_hmac_sha256/batch_181/full_batch_181.csv,ea8dcc04d8c56d4ed85d76ef284a85fcb2848b646f9d97ec4f163f44d3901b78,results/circuitsage_hmac_v2_12c1/full_campaign_execution_12c1l/per_batch_npz/opentitan_hmac_sha256/full_batch_181.npz,b86aa55388f9a4dcfaa99fc2973e42f624cf4a741cf584e2e8e02ecd61ee4ef3,PASS
182,opentitan_hmac_sha256,GENERALIZATION_TRAIN,182,11648,64,128,64,64,8192,0,results/circuitsage_hmac_v2_12c1/full_campaign_execution_12c1l/raw_batches/opentitan_hmac_sha256/batch_182/full_batch_182.csv,d727966aaf9ac9df001e5f16c5bc1fabc652c30049acbc4e878ac76d47234415,results/circuitsage_hmac_v2_12c1/full_campaign_execution_12c1l/per_batch_npz/opentitan_hmac_sha256/full_batch_182.npz,8c8aea44458084d6af3abbd025d4229342a38bcb1e304212f43f0e5d674ac300,PASS
183,opentitan_hmac_sha256,GENERALIZATION_TRAIN,183,11712,64,128,64,64,8192,0,results/circuitsage_hmac_v2_12c1/full_campaign_execution_12c1l/raw_batches/opentitan_hmac_sha256/batch_183/full_batch_183.csv,808e77fce37b775321eec08cc52119089315919e786f1061881ff04cee480095,results/circuitsage_hmac_v2_12c1/full_campaign_execution_12c1l/per_batch_npz/opentitan_hmac_sha256/full_batch_183.npz,af1011dc29a12af174ff78830d93373786d2ee28291a514e83ca3c05c94ec220,PASS
184,opentitan_hmac_sha256,GENERALIZATION_TRAIN,184,11776,64,128,64,64,8192,0,results/circuitsage_hmac_v2_12c1/full_campaign_execution_12c1l/raw_batches/opentitan_hmac_sha256/batch_184/full_batch_184.csv,9152194e4a2b9459acff29fc3f5274f08fa9f989f3277a59a9b745545aef6bb8,results/circuitsage_hmac_v2_12c1/full_campaign_execution_12c1l/per_batch_npz/opentitan_hmac_sha256/full_batch_184.npz,2e0bb54ef2294dcdbaeb82754149ae3519d53277838f62a047c6002e3d3e37ef,PASS
185,opentitan_hmac_sha256,GENERALIZATION_TRAIN,185,11840,64,128,64,64,8192,0,results/circuitsage_hmac_v2_12c1/full_campaign_execution_12c1l/raw_batches/opentitan_hmac_sha256/batch_185/full_batch_185.csv,93c8672d6dfb1c918de8b62da5ca56ff176ca05f20238942cbc907483389412e,results/circuitsage_hmac_v2_12c1/full_campaign_execution_12c1l/per_batch_npz/opentitan_hmac_sha256/full_batch_185.npz,c798f5bae149e5e0ec24b34cc7f1215887e1c9f983429c8bf17ab09443ad2e57,PASS
186,opentitan_hmac_sha256,GENERALIZATION_TRAIN,186,11904,64,128,64,64,8192,0,results/circuitsage_hmac_v2_12c1/full_campaign_execution_12c1l/raw_batches/opentitan_hmac_sha256/batch_186/full_batch_186.csv,b377876306f736edddf444a942bf8538919d9af9fa7b4062055727973c187eaf,results/circuitsage_hmac_v2_12c1/full_campaign_execution_12c1l/per_batch_npz/opentitan_hmac_sha256/full_batch_186.npz,fa6f07e3b94051f008e2154e539edab987cbc52a8d3ca04952f6ac23b708cced,PASS
187,opentitan_hmac_sha256,GENERALIZATION_TRAIN,187,11968,64,128,64,64,8192,0,results/circuitsage_hmac_v2_12c1/full_campaign_execution_12c1l/raw_batches/opentitan_hmac_sha256/batch_187/full_batch_187.csv,4b165fae1e620c3d55a1746e2fd5a2a4a7cb4c0c07cf6e3efffa95035133b020,results/circuitsage_hmac_v2_12c1/full_campaign_execution_12c1l/per_batch_npz/opentitan_hmac_sha256/full_batch_187.npz,af90231f652954102015380b9418fb26b1291ca525ca04ba457525383380f8f5,PASS
188,opentitan_hmac_sha256,GENERALIZATION_TRAIN,188,12032,64,128,64,64,8192,6,results/circuitsage_hmac_v2_12c1/full_campaign_execution_12c1l/raw_batches/opentitan_hmac_sha256/batch_188/full_batch_188.csv,5a19aa0f70367bc1754c240f3e8cebdec829b782d38295c25dab53eaef7b6e56,results/circuitsage_hmac_v2_12c1/full_campaign_execution_12c1l/per_batch_npz/opentitan_hmac_sha256/full_batch_188.npz,ff89af5de6284e448feaf26acbfc94d4bd19d59fd5d19d8bd1263e83b98d9f38,PASS
189,opentitan_hmac_sha256,GENERALIZATION_TRAIN,189,12096,64,128,64,64,8192,32,results/circuitsage_hmac_v2_12c1/full_campaign_execution_12c1l/raw_batches/opentitan_hmac_sha256/batch_189/full_batch_189.csv,44d26c2f4140c1b2215ca3751911e597b33f8f32a14e909c5a561df810724733,results/circuitsage_hmac_v2_12c1/full_campaign_execution_12c1l/per_batch_npz/opentitan_hmac_sha256/full_batch_189.npz,9c67288baa10702f71755b4ec2038adb0ba9ba5924be3b8ca81899732ae1b07e,PASS
190,opentitan_hmac_sha256,GENERALIZATION_TRAIN,190,12160,64,128,64,64,8192,32,results/circuitsage_hmac_v2_12c1/full_campaign_execution_12c1l/raw_batches/opentitan_hmac_sha256/batch_190/full_batch_190.csv,b533eadade1a0aa64d505d0e79e4ff581daa85061319850d991a902b4863a1d2,results/circuitsage_hmac_v2_12c1/full_campaign_execution_12c1l/per_batch_npz/opentitan_hmac_sha256/full_batch_190.npz,d1cc63e5bc079261e77a5ff12af3e38ad26488f7d0074eaa7a7cb695bbba02a6,PASS
191,opentitan_hmac_sha256,GENERALIZATION_TRAIN,191,12224,64,128,64,64,8192,40,results/circuitsage_hmac_v2_12c1/full_campaign_execution_12c1l/raw_batches/opentitan_hmac_sha256/batch_191/full_batch_191.csv,803fb5a9fee717baad1d740900a1322628001a91ba15dde5f84f58d7c22fd1fd,results/circuitsage_hmac_v2_12c1/full_campaign_execution_12c1l/per_batch_npz/opentitan_hmac_sha256/full_batch_191.npz,f6f2d564b67500d0c3e1c766ebbb5b5eb0bf868d8abd376e7f09a38315541f13,PASS
192,opentitan_hmac_sha256,GENERALIZATION_TRAIN,192,12288,64,128,64,64,8192,86,results/circuitsage_hmac_v2_12c1/full_campaign_execution_12c1l/raw_batches/opentitan_hmac_sha256/batch_192/full_batch_192.csv,06723591a3bdd2d900f4f030ce79c2c8a0c6ed3a561e78327aff450e944c4787,results/circuitsage_hmac_v2_12c1/full_campaign_execution_12c1l/per_batch_npz/opentitan_hmac_sha256/full_batch_192.npz,588c11d56bca84aba7a8f19344b7cc88a501512031d7c506f7bf8c1fd86a862b,PASS
193,opentitan_hmac_sha256,GENERALIZATION_TRAIN,193,12352,64,128,64,64,8192,85,results/circuitsage_hmac_v2_12c1/full_campaign_execution_12c1l/raw_batches/opentitan_hmac_sha256/batch_193/full_batch_193.csv,a7c86ec4c28ecc2619ba55b414db264d09539cc0fe87d65f54e470cc9f0afda7,results/circuitsage_hmac_v2_12c1/full_campaign_execution_12c1l/per_batch_npz/opentitan_hmac_sha256/full_batch_193.npz,1e27d488b03021a16b5e8bf9e6092197ef3f5111c6b4f756bfa08484999cc45b,PASS
194,opentitan_hmac_sha256,GENERALIZATION_TRAIN,194,12416,64,128,64,64,8192,85,results/circuitsage_hmac_v2_12c1/full_campaign_execution_12c1l/raw_batches/opentitan_hmac_sha256/batch_194/full_batch_194.csv,b5cc5d95caa63409ba670f33d0b8dcb554398fe8b8f1360e98fb499deda72b0b,results/circuitsage_hmac_v2_12c1/full_campaign_execution_12c1l/per_batch_npz/opentitan_hmac_sha256/full_batch_194.npz,620a3a60d6dbd088a76758d5178c3c673cb2a0df8312c00d4c5f3a0f0f91bfc1,PASS
195,opentitan_hmac_sha256,GENERALIZATION_TRAIN,195,12480,64,128,64,64,8192,80,results/circuitsage_hmac_v2_12c1/full_campaign_execution_12c1l/raw_batches/opentitan_hmac_sha256/batch_195/full_batch_195.csv,87592608278ed583280bf5e9eff0ab225e6bcd584dc6d5f08d7cee8b1d64bcdc,results/circuitsage_hmac_v2_12c1/full_campaign_execution_12c1l/per_batch_npz/opentitan_hmac_sha256/full_batch_195.npz,9705a6e19bd775a26529f1db525653e39065559e277f5bc51a5894acf089362c,PASS
196,opentitan_hmac_sha256,GENERALIZATION_TRAIN,196,12544,64,128,64,64,8192,80,results/circuitsage_hmac_v2_12c1/full_campaign_execution_12c1l/raw_batches/opentitan_hmac_sha256/batch_196/full_batch_196.csv,af9baa1b77012261814214c2c64e5e37423f287bc73fbb617cec5c5aa1f16054,results/circuitsage_hmac_v2_12c1/full_campaign_execution_12c1l/per_batch_npz/opentitan_hmac_sha256/full_batch_196.npz,4b1f6c143a53fe315364889a4b5ce5739ba01ecc0eeb3ec434288a2d3b3f8fb4,PASS
197,opentitan_hmac_sha256,GENERALIZATION_TRAIN,197,12608,64,128,64,64,8192,80,results/circuitsage_hmac_v2_12c1/full_campaign_execution_12c1l/raw_batches/opentitan_hmac_sha256/batch_197/full_batch_197.csv,ae6c2efd50fc5cb1233a89ec4233b8f4395720ffe2714d1f66d0381d62f453a6,results/circuitsage_hmac_v2_12c1/full_campaign_execution_12c1l/per_batch_npz/opentitan_hmac_sha256/full_batch_197.npz,4f4aa638fd01914fa66b0fff97726fe90a661ea4a052d6c68037baea345d2d9f,PASS
198,opentitan_hmac_sha256,GENERALIZATION_TRAIN,198,12672,64,128,64,64,8192,66,results/circuitsage_hmac_v2_12c1/full_campaign_execution_12c1l/raw_batches/opentitan_hmac_sha256/batch_198/full_batch_198.csv,f217134ab61954ad21eff7553fe08434ea785e86e30be98e23aa6643cf7d779b,results/circuitsage_hmac_v2_12c1/full_campaign_execution_12c1l/per_batch_npz/opentitan_hmac_sha256/full_batch_198.npz,90effcbb8116ec23453f91026e6c0372030f76a2d0897817cadc400f4d9e0dd5,PASS
199,opentitan_hmac_sha256,GENERALIZATION_TRAIN,199,12736,64,128,64,64,8192,0,results/circuitsage_hmac_v2_12c1/full_campaign_execution_12c1l/raw_batches/opentitan_hmac_sha256/batch_199/full_batch_199.csv,007986d6559be3c95b43170916f02d8a860d99a3dccb5fa194fa3acda8fcabab,results/circuitsage_hmac_v2_12c1/full_campaign_execution_12c1l/per_batch_npz/opentitan_hmac_sha256/full_batch_199.npz,b9aac3b08d33f3b73aa5ebdbbbc3d284632be86ee1481c8a2db0476fd4d09979,PASS
200,opentitan_hmac_sha256,GENERALIZATION_TRAIN,200,12800,64,128,64,64,8192,0,results/circuitsage_hmac_v2_12c1/full_campaign_execution_12c1l/raw_batches/opentitan_hmac_sha256/batch_200/full_batch_200.csv,57456ad4576124e3c92ce44161d8c4e5df85c5c4d30d4ff943951e97d83c009c,results/circuitsage_hmac_v2_12c1/full_campaign_execution_12c1l/per_batch_npz/opentitan_hmac_sha256/full_batch_200.npz,6ecfbb0f3db7df7b0b58593e95ba92552430b64da2ee61637d787ec9affa583f,PASS
201,opentitan_hmac_sha256,GENERALIZATION_TRAIN,201,12864,64,128,64,64,8192,0,results/circuitsage_hmac_v2_12c1/full_campaign_execution_12c1l/raw_batches/opentitan_hmac_sha256/batch_201/full_batch_201.csv,b43ba16c5c4061be2594f4bd27a7ec14b324875684f8c0470062eede56bf4ce8,results/circuitsage_hmac_v2_12c1/full_campaign_execution_12c1l/per_batch_npz/opentitan_hmac_sha256/full_batch_201.npz,557ea78be036ed263bb9b27a5286d987a061fb92ced833dbb5115b81f8814d76,PASS
202,opentitan_hmac_sha256,GENERALIZATION_TRAIN,202,12928,64,128,64,64,8192,0,results/circuitsage_hmac_v2_12c1/full_campaign_execution_12c1l/raw_batches/opentitan_hmac_sha256/batch_202/full_batch_202.csv,ac8a397adba3398d4a1138a57defef66b0b04e489cbd5d4318cc97e50413ace0,results/circuitsage_hmac_v2_12c1/full_campaign_execution_12c1l/per_batch_npz/opentitan_hmac_sha256/full_batch_202.npz,93d0ebfd2d36feb24ff2d141d51b8f6f136d7da81c7caca31a522399ee7edbaa,PASS
203,opentitan_hmac_sha256,GENERALIZATION_TRAIN,203,12992,64,128,64,64,8192,0,results/circuitsage_hmac_v2_12c1/full_campaign_execution_12c1l/raw_batches/opentitan_hmac_sha256/batch_203/full_batch_203.csv,a6848b3384ac4dbd730a1f6c691351188893d928bdd0bc0ca9cf447d4dc93ebd,results/circuitsage_hmac_v2_12c1/full_campaign_execution_12c1l/per_batch_npz/opentitan_hmac_sha256/full_batch_203.npz,a02dd9fbd3578bec98098ead559b1e23064c5a7137d8b9edc5601ea464e96487,PASS
204,opentitan_hmac_sha256,GENERALIZATION_TRAIN,204,13056,64,128,64,64,8192,0,results/circuitsage_hmac_v2_12c1/full_campaign_execution_12c1l/raw_batches/opentitan_hmac_sha256/batch_204/full_batch_204.csv,eac64254add860bba4c6042112273d620faec31334005644f78ab29b27a07b98,results/circuitsage_hmac_v2_12c1/full_campaign_execution_12c1l/per_batch_npz/opentitan_hmac_sha256/full_batch_204.npz,5d5e7f1d04440b984871c69b1f62cb2c5baa534368f13bb590d8fccfb1aaf542,PASS
205,opentitan_hmac_sha256,GENERALIZATION_TRAIN,205,13120,64,128,64,64,8192,0,results/circuitsage_hmac_v2_12c1/full_campaign_execution_12c1l/raw_batches/opentitan_hmac_sha256/batch_205/full_batch_205.csv,f2e83bca0a992643b082b5c94adcdead7120cfd64a04995366b2c3fe8a89d9af,results/circuitsage_hmac_v2_12c1/full_campaign_execution_12c1l/per_batch_npz/opentitan_hmac_sha256/full_batch_205.npz,96a0e71c5ff62053c7b076ad4716a4eb6144209fd34e6779c429cfb8c0bd03df,PASS
206,opentitan_hmac_sha256,GENERALIZATION_TRAIN,206,13184,64,128,64,64,8192,0,results/circuitsage_hmac_v2_12c1/full_campaign_execution_12c1l/raw_batches/opentitan_hmac_sha256/batch_206/full_batch_206.csv,6d423b17937e394d1f5d17ac8e64b6163656abafc60e20511ee207df2aa622e2,results/circuitsage_hmac_v2_12c1/full_campaign_execution_12c1l/per_batch_npz/opentitan_hmac_sha256/full_batch_206.npz,77532e169343931ee02ec73ee15a596074d7c160e5b1bdfc0f410446aa2f3f9b,PASS
207,opentitan_hmac_sha256,GENERALIZATION_TRAIN,207,13248,64,128,64,64,8192,0,results/circuitsage_hmac_v2_12c1/full_campaign_execution_12c1l/raw_batches/opentitan_hmac_sha256/batch_207/full_batch_207.csv,82d38e5cce29abdb710f02fe6a23658aa709b5d76594af71e4c8acb5a4a303bf,results/circuitsage_hmac_v2_12c1/full_campaign_execution_12c1l/per_batch_npz/opentitan_hmac_sha256/full_batch_207.npz,65233b955d041d2b1b281840fb099821c87edcc4ace282d345294cac6e1f5ba8,PASS
208,opentitan_hmac_sha256,GENERALIZATION_TRAIN,208,13312,64,128,64,64,8192,0,results/circuitsage_hmac_v2_12c1/full_campaign_execution_12c1l/raw_batches/opentitan_hmac_sha256/batch_208/full_batch_208.csv,e5137a806c68c3d92cdae3bb7d498dc2e9afe11f918f5800e38040247e8c7c05,results/circuitsage_hmac_v2_12c1/full_campaign_execution_12c1l/per_batch_npz/opentitan_hmac_sha256/full_batch_208.npz,e3720dd311b7dcca82dee9c0966c3a5d8e9fc184643d7493aa8414e731797aad,PASS
209,opentitan_hmac_sha256,GENERALIZATION_TRAIN,209,13376,64,128,64,64,8192,0,results/circuitsage_hmac_v2_12c1/full_campaign_execution_12c1l/raw_batches/opentitan_hmac_sha256/batch_209/full_batch_209.csv,eb0b8ad72d38e087aba630f15425becedd4c8ca2b95bfa06b7ce1b287ffe6118,results/circuitsage_hmac_v2_12c1/full_campaign_execution_12c1l/per_batch_npz/opentitan_hmac_sha256/full_batch_209.npz,4b6bf00dd4d0092c17e24bcb6b5793bd6252b090a66f78e7cd71b4e54f00792b,PASS
210,opentitan_hmac_sha256,GENERALIZATION_TRAIN,210,13440,64,128,64,64,8192,0,results/circuitsage_hmac_v2_12c1/full_campaign_execution_12c1l/raw_batches/opentitan_hmac_sha256/batch_210/full_batch_210.csv,faac7b502d9b38c2c79188d00237af7f32595a185b471eb53020d90395d65f3e,results/circuitsage_hmac_v2_12c1/full_campaign_execution_12c1l/per_batch_npz/opentitan_hmac_sha256/full_batch_210.npz,a236ab0936d5578068df0b08f6842e1012136f4ab98ef9720b1eacd4bc401293,PASS
211,opentitan_hmac_sha256,GENERALIZATION_TRAIN,211,13504,64,128,64,64,8192,0,results/circuitsage_hmac_v2_12c1/full_campaign_execution_12c1l/raw_batches/opentitan_hmac_sha256/batch_211/full_batch_211.csv,a41a32c1d8ba18c02b1210d54217ad7d65f253c7e05ef22798edc4fe8f80f442,results/circuitsage_hmac_v2_12c1/full_campaign_execution_12c1l/per_batch_npz/opentitan_hmac_sha256/full_batch_211.npz,409e96124c6ce2c4e5299b695dfe45971b753877e8831e8bb9c9843aa400904c,PASS
212,opentitan_hmac_sha256,GENERALIZATION_TRAIN,212,13568,64,128,64,64,8192,0,results/circuitsage_hmac_v2_12c1/full_campaign_execution_12c1l/raw_batches/opentitan_hmac_sha256/batch_212/full_batch_212.csv,e939cb2f653c010f92b5d176e83f8b3ada7e82d27a8f9fe2fd3ccf6261bafe15,results/circuitsage_hmac_v2_12c1/full_campaign_execution_12c1l/per_batch_npz/opentitan_hmac_sha256/full_batch_212.npz,8980f97c7acdf8efe54370d2a567762c201d5336142eddc121007897084a2e9a,PASS
213,opentitan_hmac_sha256,GENERALIZATION_TRAIN,213,13632,64,128,64,64,8192,0,results/circuitsage_hmac_v2_12c1/full_campaign_execution_12c1l/raw_batches/opentitan_hmac_sha256/batch_213/full_batch_213.csv,c79332cb80755555ef5d0b8de1aba2ac1e9d720b83970637a7409be584d49573,results/circuitsage_hmac_v2_12c1/full_campaign_execution_12c1l/per_batch_npz/opentitan_hmac_sha256/full_batch_213.npz,8340d3a60836fd72f99c9b2aba7aa3e17c5e7af1c3b25ab9f3cd6cefa8b8ccfd,PASS
214,opentitan_hmac_sha256,GENERALIZATION_TRAIN,214,13696,64,128,64,64,8192,5,results/circuitsage_hmac_v2_12c1/full_campaign_execution_12c1l/raw_batches/opentitan_hmac_sha256/batch_214/full_batch_214.csv,d0d49ec4fd46f74112393dc6befe3aff5d5b5680013094affc4ae0d62c99d522,results/circuitsage_hmac_v2_12c1/full_campaign_execution_12c1l/per_batch_npz/opentitan_hmac_sha256/full_batch_214.npz,1cea02fa1ef551b4392538f1ed90bdf792c7068a04f753ff9b523746736486f7,PASS
215,opentitan_hmac_sha256,GENERALIZATION_TRAIN,215,13760,64,128,64,64,8192,32,results/circuitsage_hmac_v2_12c1/full_campaign_execution_12c1l/raw_batches/opentitan_hmac_sha256/batch_215/full_batch_215.csv,f075f83dc5065d38dbad4120e947669bf4973cbf75e2192dc1bb8aec5c32ed67,results/circuitsage_hmac_v2_12c1/full_campaign_execution_12c1l/per_batch_npz/opentitan_hmac_sha256/full_batch_215.npz,12e1f345433757b3ab667995968f2bc84b7728728593f75a6265f65d4cbbf7e7,PASS
216,opentitan_hmac_sha256,GENERALIZATION_TRAIN,216,13824,64,128,64,64,8192,31,results/circuitsage_hmac_v2_12c1/full_campaign_execution_12c1l/raw_batches/opentitan_hmac_sha256/batch_216/full_batch_216.csv,5d4344808c6e9a5485508920eb2b825d1fda5f70775c548ea76bfda8d7a5643a,results/circuitsage_hmac_v2_12c1/full_campaign_execution_12c1l/per_batch_npz/opentitan_hmac_sha256/full_batch_216.npz,183ab46ca88b338e76ceec5166bad8a1df2e75a7e8ec3817510e5ec9efaa0fbd,PASS
217,opentitan_hmac_sha256,GENERALIZATION_TRAIN,217,13888,64,128,64,64,8192,32,results/circuitsage_hmac_v2_12c1/full_campaign_execution_12c1l/raw_batches/opentitan_hmac_sha256/batch_217/full_batch_217.csv,ae677bea8baf57565f78ecab3339e15ce3801542ea0636d15c152662c2018ba6,results/circuitsage_hmac_v2_12c1/full_campaign_execution_12c1l/per_batch_npz/opentitan_hmac_sha256/full_batch_217.npz,c7fc5afb6fba0ac51b54ce12af4af407fe8848b6a74c4eb0a28e5bc3b55240ea,PASS
218,opentitan_hmac_sha256,GENERALIZATION_TRAIN,218,13952,64,128,64,64,8192,32,results/circuitsage_hmac_v2_12c1/full_campaign_execution_12c1l/raw_batches/opentitan_hmac_sha256/batch_218/full_batch_218.csv,962f50e0711911f58447fa95ae9799d0f3e27120c16ef2d35853ba4b38557fca,results/circuitsage_hmac_v2_12c1/full_campaign_execution_12c1l/per_batch_npz/opentitan_hmac_sha256/full_batch_218.npz,69985041174df2ccb03fd367d073def63e8cae9b339ba811bfadce240445b1b8,PASS
219,opentitan_hmac_sha256,GENERALIZATION_TRAIN,219,14016,64,128,64,64,8192,32,results/circuitsage_hmac_v2_12c1/full_campaign_execution_12c1l/raw_batches/opentitan_hmac_sha256/batch_219/full_batch_219.csv,1893ecbaae50d45f15b2af03186928ac85c0948201c0b640bc226031d4e9664d,results/circuitsage_hmac_v2_12c1/full_campaign_execution_12c1l/per_batch_npz/opentitan_hmac_sha256/full_batch_219.npz,c2812dc81a21e779658a222fae72ed0446a29cd73ce275f9686337c9334ec2ac,PASS
220,opentitan_hmac_sha256,GENERALIZATION_TRAIN,220,14080,64,128,64,64,8192,42,results/circuitsage_hmac_v2_12c1/full_campaign_execution_12c1l/raw_batches/opentitan_hmac_sha256/batch_220/full_batch_220.csv,52a6f0abccdbfc7f895bd4cacb42e3603491618cfd3dee928f3df38956d57c5a,results/circuitsage_hmac_v2_12c1/full_campaign_execution_12c1l/per_batch_npz/opentitan_hmac_sha256/full_batch_220.npz,0a7047b4ae21ed59f69d535a4a7662deb9061f397474052f440e3396a675e1ab,PASS
221,opentitan_hmac_sha256,GENERALIZATION_TRAIN,221,14144,64,128,64,64,8192,86,results/circuitsage_hmac_v2_12c1/full_campaign_execution_12c1l/raw_batches/opentitan_hmac_sha256/batch_221/full_batch_221.csv,032a9beab1fbd94e532bcd17c71ceae14b8ca1f5b758dbe288e0b83e9ba060ac,results/circuitsage_hmac_v2_12c1/full_campaign_execution_12c1l/per_batch_npz/opentitan_hmac_sha256/full_batch_221.npz,4c8d2a20c12475647c3cd3bbd5ad03828ea7dc50ff36c753ffc8cd9725bed9f8,PASS
222,opentitan_hmac_sha256,GENERALIZATION_TRAIN,222,14208,64,128,64,64,8192,85,results/circuitsage_hmac_v2_12c1/full_campaign_execution_12c1l/raw_batches/opentitan_hmac_sha256/batch_222/full_batch_222.csv,00885529a55c30e5fd3eb1cbb0c09d684fd47681e2c844c2064f1ebacbdd4fa6,results/circuitsage_hmac_v2_12c1/full_campaign_execution_12c1l/per_batch_npz/opentitan_hmac_sha256/full_batch_222.npz,9952ed81e323b0d61eb90e04c154101991a925dfa38859144d0b2fa840352213,PASS
223,opentitan_hmac_sha256,GENERALIZATION_TRAIN,223,14272,64,128,64,64,8192,85,results/circuitsage_hmac_v2_12c1/full_campaign_execution_12c1l/raw_batches/opentitan_hmac_sha256/batch_223/full_batch_223.csv,611fd41b7f7a0264fb4dc14eae8522b38dd6cbd9b13d55ec79aa6f099509f56b,results/circuitsage_hmac_v2_12c1/full_campaign_execution_12c1l/per_batch_npz/opentitan_hmac_sha256/full_batch_223.npz,b6a54303e1cb6c8f0c59e0da4947c967226a1e3ff7c31f10402230a61a439ee6,PASS
224,opentitan_hmac_sha256,GENERALIZATION_TRAIN,224,14336,64,128,64,64,8192,86,results/circuitsage_hmac_v2_12c1/full_campaign_execution_12c1l/raw_batches/opentitan_hmac_sha256/batch_224/full_batch_224.csv,a1661404d72062fb202047afde27f077a119262ca97ee4e4cde4663a74df9081,results/circuitsage_hmac_v2_12c1/full_campaign_execution_12c1l/per_batch_npz/opentitan_hmac_sha256/full_batch_224.npz,9a0d0f54e02d864ab09fb8991e1eb874a0cce19c9153b5435b6c969416d76592,PASS
225,opentitan_hmac_sha256,GENERALIZATION_TRAIN,225,14400,64,128,64,64,8192,85,results/circuitsage_hmac_v2_12c1/full_campaign_execution_12c1l/raw_batches/opentitan_hmac_sha256/batch_225/full_batch_225.csv,942f837e60d700dec543f7c602c5219589a7747411b117a8f2d16f07beef674e,results/circuitsage_hmac_v2_12c1/full_campaign_execution_12c1l/per_batch_npz/opentitan_hmac_sha256/full_batch_225.npz,4af74b1cc761642f264e5b382614741a17acbab82c773495a8b77802a0ef8e47,PASS
226,opentitan_hmac_sha256,GENERALIZATION_TRAIN,226,14464,64,128,64,64,8192,85,results/circuitsage_hmac_v2_12c1/full_campaign_execution_12c1l/raw_batches/opentitan_hmac_sha256/batch_226/full_batch_226.csv,5e4cb5250ecb1a8f572263dcb00d1499887f12bb31d6fb722050cc87a43b27cd,results/circuitsage_hmac_v2_12c1/full_campaign_execution_12c1l/per_batch_npz/opentitan_hmac_sha256/full_batch_226.npz,ae3d54ec38920bb99ed340116c9b591057ab4f21aa20ee505f69a4de97f76ef4,PASS
227,opentitan_hmac_sha256,GENERALIZATION_TRAIN,227,14528,64,128,64,64,8192,80,results/circuitsage_hmac_v2_12c1/full_campaign_execution_12c1l/raw_batches/opentitan_hmac_sha256/batch_227/full_batch_227.csv,7cdea289f54d7e76952756795111317aa8e7135c233316b39f42412133fb30ea,results/circuitsage_hmac_v2_12c1/full_campaign_execution_12c1l/per_batch_npz/opentitan_hmac_sha256/full_batch_227.npz,1541b2b6d8ebe0178037be2a487a4436e5a55e35f7362399f316dd7e0f394903,PASS
228,opentitan_hmac_sha256,GENERALIZATION_TRAIN,228,14592,64,128,64,64,8192,80,results/circuitsage_hmac_v2_12c1/full_campaign_execution_12c1l/raw_batches/opentitan_hmac_sha256/batch_228/full_batch_228.csv,b4515a4455948a505ad90ba804ff2dc73189a47508d3b15cba978e9124584afe,results/circuitsage_hmac_v2_12c1/full_campaign_execution_12c1l/per_batch_npz/opentitan_hmac_sha256/full_batch_228.npz,12adec6839738dc01c09e7f01148f0f9eb5f9f4818590b37c8e72093f815c2eb,PASS
229,opentitan_hmac_sha256,GENERALIZATION_TRAIN,229,14656,64,128,64,64,8192,80,results/circuitsage_hmac_v2_12c1/full_campaign_execution_12c1l/raw_batches/opentitan_hmac_sha256/batch_229/full_batch_229.csv,c0b6123f8caec8dec9f51b62624d4d41dbe0cde29a2505204b8632d47f43827f,results/circuitsage_hmac_v2_12c1/full_campaign_execution_12c1l/per_batch_npz/opentitan_hmac_sha256/full_batch_229.npz,73de714215d912f2831d2ec4bdbdf4746d2ec6ab4362b16513d352e8ac62940a,PASS
230,opentitan_hmac_sha256,GENERALIZATION_TRAIN,230,14720,64,128,64,64,8192,80,results/circuitsage_hmac_v2_12c1/full_campaign_execution_12c1l/raw_batches/opentitan_hmac_sha256/batch_230/full_batch_230.csv,0d3d7c2e687fbf19d8f48cc229779e7e1e56ae4729b45da7947c2a50f0e6bb83,results/circuitsage_hmac_v2_12c1/full_campaign_execution_12c1l/per_batch_npz/opentitan_hmac_sha256/full_batch_230.npz,74c22558be768151267282c277e6b6201f5637a2b175ebb24e71f423da490c22,PASS
231,opentitan_hmac_sha256,GENERALIZATION_TRAIN,231,14784,64,128,64,64,8192,80,results/circuitsage_hmac_v2_12c1/full_campaign_execution_12c1l/raw_batches/opentitan_hmac_sha256/batch_231/full_batch_231.csv,0462c0f2c446bc326aec0463e9ce6160eab0f057c92dd5e661d0433e8564398c,results/circuitsage_hmac_v2_12c1/full_campaign_execution_12c1l/per_batch_npz/opentitan_hmac_sha256/full_batch_231.npz,fb3abe2132dd991543010c807ea57b219c87278c2471bfdf85f21beb0f3eee29,PASS
232,opentitan_hmac_sha256,GENERALIZATION_TRAIN,232,14848,64,128,64,64,8192,80,results/circuitsage_hmac_v2_12c1/full_campaign_execution_12c1l/raw_batches/opentitan_hmac_sha256/batch_232/full_batch_232.csv,d05c51f5ce3f84e06c08b4bec25d8ddfc22587e0f711d4ba41110711a27ef4b7,results/circuitsage_hmac_v2_12c1/full_campaign_execution_12c1l/per_batch_npz/opentitan_hmac_sha256/full_batch_232.npz,33182bace9fa33f5118301b8144c9cbe61ad396c781b463ab3f14125cdecb939,PASS
233,opentitan_hmac_sha256,GENERALIZATION_TRAIN,233,14912,64,128,64,64,8192,80,results/circuitsage_hmac_v2_12c1/full_campaign_execution_12c1l/raw_batches/opentitan_hmac_sha256/batch_233/full_batch_233.csv,f770866bddec9dc17d486139519d35f5f3a5aff7ff82d4223e6c01336b0eecce,results/circuitsage_hmac_v2_12c1/full_campaign_execution_12c1l/per_batch_npz/opentitan_hmac_sha256/full_batch_233.npz,c7e6f7f3d54a418c1edcc2bf3cefc7791991c8595305b4d24268f7c855416c55,PASS
234,opentitan_hmac_sha256,GENERALIZATION_TRAIN,234,14976,64,128,64,64,8192,87,results/circuitsage_hmac_v2_12c1/full_campaign_execution_12c1l/raw_batches/opentitan_hmac_sha256/batch_234/full_batch_234.csv,b134750fe053e3e6e14edd301fbefce9f8501b84b1d5da894dfc1cfa7eaa97e7,results/circuitsage_hmac_v2_12c1/full_campaign_execution_12c1l/per_batch_npz/opentitan_hmac_sha256/full_batch_234.npz,06e2967e1caf5cfaef0e2dd9ce79e6fee977eac6625666f6638a526a37e2a28d,PASS
235,opentitan_hmac_sha256,GENERALIZATION_TRAIN,235,15040,64,128,64,64,8192,9,results/circuitsage_hmac_v2_12c1/full_campaign_execution_12c1l/raw_batches/opentitan_hmac_sha256/batch_235/full_batch_235.csv,3ba812fc38ae727ba95b1fc4ef607350e9e64e317ed6b3a01edf6895d0da508e,results/circuitsage_hmac_v2_12c1/full_campaign_execution_12c1l/per_batch_npz/opentitan_hmac_sha256/full_batch_235.npz,b4538a64743210b73f42f6b6dfddec40501fefb3d4af5f2740d053a02d4f2fb7,PASS
236,opentitan_hmac_sha256,GENERALIZATION_TRAIN,236,15104,64,128,64,64,8192,0,results/circuitsage_hmac_v2_12c1/full_campaign_execution_12c1l/raw_batches/opentitan_hmac_sha256/batch_236/full_batch_236.csv,7cf3eaf8fa66395ec666a5f96592d5ce7e349d94574ca3172d497490cd3f1a9b,results/circuitsage_hmac_v2_12c1/full_campaign_execution_12c1l/per_batch_npz/opentitan_hmac_sha256/full_batch_236.npz,83298a30f54b5c4e8fd4445f5b69c5ee415a6e1263dc3ab1ddd3a3812f4b9f65,PASS
237,opentitan_hmac_sha256,GENERALIZATION_TRAIN,237,15168,64,128,64,64,8192,5,results/circuitsage_hmac_v2_12c1/full_campaign_execution_12c1l/raw_batches/opentitan_hmac_sha256/batch_237/full_batch_237.csv,51ee3c5fd1ae7ce10ada8edad40e8c78cc20fbae5cb6139e3d9fa846c9a2fd78,results/circuitsage_hmac_v2_12c1/full_campaign_execution_12c1l/per_batch_npz/opentitan_hmac_sha256/full_batch_237.npz,b45cb46ff997135a5ac069bafbb66f1958e369e9fe909b068e676ddf26668f05,PASS
238,opentitan_hmac_sha256,GENERALIZATION_TRAIN,238,15232,64,128,64,64,8192,0,results/circuitsage_hmac_v2_12c1/full_campaign_execution_12c1l/raw_batches/opentitan_hmac_sha256/batch_238/full_batch_238.csv,4fb411be441e35e2ed116bdd6115898b178ab07f1ff195ec2f01e30243b4ed89,results/circuitsage_hmac_v2_12c1/full_campaign_execution_12c1l/per_batch_npz/opentitan_hmac_sha256/full_batch_238.npz,2b6f39350b66ad10276ecdf7e4026e6172530ea7d34da0e1ffd15c260a8ea290,PASS
239,opentitan_hmac_sha256,GENERALIZATION_TRAIN,239,15296,64,128,64,64,8192,0,results/circuitsage_hmac_v2_12c1/full_campaign_execution_12c1l/raw_batches/opentitan_hmac_sha256/batch_239/full_batch_239.csv,f621b3bb4c8a945e71a8e636e823e4bea4dda99f015e77f4616cfd38f8adee21,results/circuitsage_hmac_v2_12c1/full_campaign_execution_12c1l/per_batch_npz/opentitan_hmac_sha256/full_batch_239.npz,e4545c8ec8fa8c331713d27bc3b6b13d20b659a83d2a709ed400f91b23b57f61,PASS
240,opentitan_hmac_sha256,GENERALIZATION_TRAIN,240,15360,64,128,64,64,8192,0,results/circuitsage_hmac_v2_12c1/full_campaign_execution_12c1l/raw_batches/opentitan_hmac_sha256/batch_240/full_batch_240.csv,fe2b7958329027632817a1fda12b5ee02b51cb92363ab9a57dc55ee442fa63fa,results/circuitsage_hmac_v2_12c1/full_campaign_execution_12c1l/per_batch_npz/opentitan_hmac_sha256/full_batch_240.npz,dcb54bb0614c490573f933ffb0f5fdef7b73e4376d0373923f7825b08ccc3c80,PASS
241,opentitan_hmac_sha256,GENERALIZATION_TRAIN,241,15424,64,128,64,64,8192,16,results/circuitsage_hmac_v2_12c1/full_campaign_execution_12c1l/raw_batches/opentitan_hmac_sha256/batch_241/full_batch_241.csv,9bf928dce77d1d28ea2ce56baef84765cc7451ac82ead88ff1a42bbda6b07a9c,results/circuitsage_hmac_v2_12c1/full_campaign_execution_12c1l/per_batch_npz/opentitan_hmac_sha256/full_batch_241.npz,cfe656773428024d928d8b2a50000f6bebabc37c524aacfb0798c4cafcb3e9d7,PASS
242,opentitan_hmac_sha256,GENERALIZATION_TRAIN,242,15488,64,128,64,64,8192,59,results/circuitsage_hmac_v2_12c1/full_campaign_execution_12c1l/raw_batches/opentitan_hmac_sha256/batch_242/full_batch_242.csv,d8a463df8f49e5854f64341903a9a2e055b03ddb020aa156071ecb8158a41a06,results/circuitsage_hmac_v2_12c1/full_campaign_execution_12c1l/per_batch_npz/opentitan_hmac_sha256/full_batch_242.npz,5611f89185905218ff7f6d582147bad0821f0ebbe3c8e199a77cb615b7cfaf85,PASS
243,opentitan_hmac_sha256,GENERALIZATION_TRAIN,243,15552,64,128,64,64,8192,0,results/circuitsage_hmac_v2_12c1/full_campaign_execution_12c1l/raw_batches/opentitan_hmac_sha256/batch_243/full_batch_243.csv,8338c11f7aa7b08b0be58206cfe15ac2f2784e0131a956f3f5541221674d8344,results/circuitsage_hmac_v2_12c1/full_campaign_execution_12c1l/per_batch_npz/opentitan_hmac_sha256/full_batch_243.npz,a0ac3c4c75ca047a3ce9006779b2aacd463a69dbc23232aae39907ea9e1a2de4,PASS
244,opentitan_hmac_sha256,GENERALIZATION_TRAIN,244,15616,64,128,64,64,8192,0,results/circuitsage_hmac_v2_12c1/full_campaign_execution_12c1l/raw_batches/opentitan_hmac_sha256/batch_244/full_batch_244.csv,b8b4bab7ba2e839ffb2c373a4a1d027403c653ccf53170c6f9fb909a32d33a15,results/circuitsage_hmac_v2_12c1/full_campaign_execution_12c1l/per_batch_npz/opentitan_hmac_sha256/full_batch_244.npz,e401dccb4a78863bf499a98a84529fcf3e71626e961c5d847ef4932963f70f65,PASS
245,opentitan_hmac_sha256,GENERALIZATION_TRAIN,245,15680,64,128,64,64,8192,78,results/circuitsage_hmac_v2_12c1/full_campaign_execution_12c1l/raw_batches/opentitan_hmac_sha256/batch_245/full_batch_245.csv,d7c2c45874ecf6bbed553f021ebe8bd74f632763092c4b4bc2c4f7286ec64730,results/circuitsage_hmac_v2_12c1/full_campaign_execution_12c1l/per_batch_npz/opentitan_hmac_sha256/full_batch_245.npz,fcdd5f4789ed2806c9b2e26d470b04f0996f69bbb383a9e1ffaf1a82f5f59fb5,PASS
246,opentitan_hmac_sha256,GENERALIZATION_TRAIN,246,15744,64,128,64,64,8192,128,results/circuitsage_hmac_v2_12c1/full_campaign_execution_12c1l/raw_batches/opentitan_hmac_sha256/batch_246/full_batch_246.csv,d6d38d027a0487878e99585b3c850ff6c5cb354cb864d867511881bb90665f04,results/circuitsage_hmac_v2_12c1/full_campaign_execution_12c1l/per_batch_npz/opentitan_hmac_sha256/full_batch_246.npz,7719b5b6667d9cf6a81b9c7127ae0cfd91c8994bba7f22da6f5028da9e2fca71,PASS
247,opentitan_hmac_sha256,GENERALIZATION_TRAIN,247,15808,64,128,64,64,8192,102,results/circuitsage_hmac_v2_12c1/full_campaign_execution_12c1l/raw_batches/opentitan_hmac_sha256/batch_247/full_batch_247.csv,d8877ff1180fb72015fdebaae3fb26a36702e612a8ade8837c773a8786be698b,results/circuitsage_hmac_v2_12c1/full_campaign_execution_12c1l/per_batch_npz/opentitan_hmac_sha256/full_batch_247.npz,b216a2403ef51f3a81f03d04a69a4bd302a6343e2f2f665cca024586340147de,PASS
248,opentitan_hmac_sha256,GENERALIZATION_TRAIN,248,15872,64,128,64,64,8192,72,results/circuitsage_hmac_v2_12c1/full_campaign_execution_12c1l/raw_batches/opentitan_hmac_sha256/batch_248/full_batch_248.csv,7d7e78dfe774f65da7dfe84375c56768c4959d0ce9a013a742f0b40e92eeb1a6,results/circuitsage_hmac_v2_12c1/full_campaign_execution_12c1l/per_batch_npz/opentitan_hmac_sha256/full_batch_248.npz,0d41f8f25ddc0c45a493bff49629b7e69f8e01eb4851a8f1ab49dc3eede3046a,PASS
249,opentitan_hmac_sha256,GENERALIZATION_TRAIN,249,15936,64,128,64,64,8192,1,results/circuitsage_hmac_v2_12c1/full_campaign_execution_12c1l/raw_batches/opentitan_hmac_sha256/batch_249/full_batch_249.csv,cec89776c0c07938471a19da51baff074648dfc5be05020d41c3f32bad0891ba,results/circuitsage_hmac_v2_12c1/full_campaign_execution_12c1l/per_batch_npz/opentitan_hmac_sha256/full_batch_249.npz,f2af3ef00b1874ac34b1cfa447a07bc2337caded885161aeac44b2911d2d072e,PASS
250,opentitan_hmac_sha256,GENERALIZATION_TRAIN,250,16000,64,128,64,64,8192,0,results/circuitsage_hmac_v2_12c1/full_campaign_execution_12c1l/raw_batches/opentitan_hmac_sha256/batch_250/full_batch_250.csv,a759a89e6cd4078bed4413f9e046cbe7fcfb3eec41254e48baa39884f7b3d2fc,results/circuitsage_hmac_v2_12c1/full_campaign_execution_12c1l/per_batch_npz/opentitan_hmac_sha256/full_batch_250.npz,4c5627161dddd1e9e0ad555f88c8957762210d140a484813e31aefe2376a7440,PASS
251,opentitan_hmac_sha256,GENERALIZATION_TRAIN,251,16064,64,128,64,64,8192,0,results/circuitsage_hmac_v2_12c1/full_campaign_execution_12c1l/raw_batches/opentitan_hmac_sha256/batch_251/full_batch_251.csv,a8838b93d57911e4eb77007353c465c2eb48392f9f99c4bfae9b0ef1b7b5d6f5,results/circuitsage_hmac_v2_12c1/full_campaign_execution_12c1l/per_batch_npz/opentitan_hmac_sha256/full_batch_251.npz,ceccb0dfb47374efb41c4a63092b339798d48c0e25dc2c5339ded9d0ea80c9dd,PASS
252,opentitan_hmac_sha256,GENERALIZATION_TRAIN,252,16128,64,128,64,64,8192,0,results/circuitsage_hmac_v2_12c1/full_campaign_execution_12c1l/raw_batches/opentitan_hmac_sha256/batch_252/full_batch_252.csv,d825b711e13baf2e02d52ccb50f50136a7a714dc8d42af17c59ea30a1c1d0589,results/circuitsage_hmac_v2_12c1/full_campaign_execution_12c1l/per_batch_npz/opentitan_hmac_sha256/full_batch_252.npz,e1b384eca9a60c482a72a5a388b0a3af2627dd99d01ef10ac7a42f705088d02b,PASS
253,opentitan_hmac_sha256,GENERALIZATION_TRAIN,253,16192,64,128,64,64,8192,0,results/circuitsage_hmac_v2_12c1/full_campaign_execution_12c1l/raw_batches/opentitan_hmac_sha256/batch_253/full_batch_253.csv,1b0f21205e74910ab92f9db81b684da5bd7d15a2b3ce7c308b1510005e1ca574,results/circuitsage_hmac_v2_12c1/full_campaign_execution_12c1l/per_batch_npz/opentitan_hmac_sha256/full_batch_253.npz,551813562053b0894d867f55e818994b3de1c5140e11f92127e4cc9ac63af181,PASS
254,opentitan_hmac_sha256,GENERALIZATION_TRAIN,254,16256,64,128,64,64,8192,0,results/circuitsage_hmac_v2_12c1/full_campaign_execution_12c1l/raw_batches/opentitan_hmac_sha256/batch_254/full_batch_254.csv,182b5a2b0ca0c70a3b5b8df02cb5117c2754a3e2181db4f3bfa75efe736883cb,results/circuitsage_hmac_v2_12c1/full_campaign_execution_12c1l/per_batch_npz/opentitan_hmac_sha256/full_batch_254.npz,db010f2c06cee1a3804c0d640b7635d5ad12903f17702a9e04a0faca1d851069,PASS
255,opentitan_hmac_sha256,GENERALIZATION_TRAIN,255,16320,64,128,64,64,8192,0,results/circuitsage_hmac_v2_12c1/full_campaign_execution_12c1l/raw_batches/opentitan_hmac_sha256/batch_255/full_batch_255.csv,0670b19cdf64ad741e00ae170efbbabb6e109b3e749bfb38e154ae858a40ef11,results/circuitsage_hmac_v2_12c1/full_campaign_execution_12c1l/per_batch_npz/opentitan_hmac_sha256/full_batch_255.npz,cef3ce389fdcc45938e48ba93431a955e11144e2965201f4bf30cb6d645e7264,PASS
256,opentitan_hmac_sha256,GENERALIZATION_TRAIN,256,16384,64,128,64,64,8192,0,results/circuitsage_hmac_v2_12c1/full_campaign_execution_12c1l/raw_batches/opentitan_hmac_sha256/batch_256/full_batch_256.csv,266efe0473ec939c5188d08d63e5792c6f107b44af44d4807d3a4c06e176dd9a,results/circuitsage_hmac_v2_12c1/full_campaign_execution_12c1l/per_batch_npz/opentitan_hmac_sha256/full_batch_256.npz,a83232a558733c88f06fa71680ccb491d8f6b742e76e53b6912df7942505d4c1,PASS
257,opentitan_hmac_sha256,GENERALIZATION_TRAIN,257,16448,64,128,64,64,8192,0,results/circuitsage_hmac_v2_12c1/full_campaign_execution_12c1l/raw_batches/opentitan_hmac_sha256/batch_257/full_batch_257.csv,8082bbd5ff95c4062ac0f6fe6161777f152bbf0ba0f66c511c8266b8f8cf4e2b,results/circuitsage_hmac_v2_12c1/full_campaign_execution_12c1l/per_batch_npz/opentitan_hmac_sha256/full_batch_257.npz,116e4fa44089d262cd91d1811931cf23117a199d263a425b683388f1df5a6790,PASS
258,opentitan_hmac_sha256,GENERALIZATION_TRAIN,258,16512,64,128,64,64,8192,50,results/circuitsage_hmac_v2_12c1/full_campaign_execution_12c1l/raw_batches/opentitan_hmac_sha256/batch_258/full_batch_258.csv,fcd0b96306f5f4261f6f4e9cfd8b805495ee301804448d1497f18edcb746921c,results/circuitsage_hmac_v2_12c1/full_campaign_execution_12c1l/per_batch_npz/opentitan_hmac_sha256/full_batch_258.npz,0c4aa38bfbd3d236df2ad183ee90d3575696d91aed1a933fefe1f6d30669f03e,PASS
259,opentitan_hmac_sha256,GENERALIZATION_TRAIN,259,16576,64,128,64,64,8192,64,results/circuitsage_hmac_v2_12c1/full_campaign_execution_12c1l/raw_batches/opentitan_hmac_sha256/batch_259/full_batch_259.csv,3df2beaf19cea9276ffae702dfe36d7616acb5ef16d7a8ecb6de946fac2fe3bb,results/circuitsage_hmac_v2_12c1/full_campaign_execution_12c1l/per_batch_npz/opentitan_hmac_sha256/full_batch_259.npz,779163b43b7f5ef476e44e16703ad09ee9062ff2e622c91a002d7d29097806e7,PASS
260,opentitan_hmac_sha256,GENERALIZATION_TRAIN,260,16640,64,128,64,64,8192,114,results/circuitsage_hmac_v2_12c1/full_campaign_execution_12c1l/raw_batches/opentitan_hmac_sha256/batch_260/full_batch_260.csv,3339a47dcd5d64ae803983f1460ea35cc3e04af0ffbe78c97434c51bd82f31ba,results/circuitsage_hmac_v2_12c1/full_campaign_execution_12c1l/per_batch_npz/opentitan_hmac_sha256/full_batch_260.npz,cefc92d62320ee031884315bcd60fe0b679cac9b3dae2c2b59786401abad71ac,PASS
261,opentitan_hmac_sha256,GENERALIZATION_TRAIN,261,16704,64,128,64,64,8192,128,results/circuitsage_hmac_v2_12c1/full_campaign_execution_12c1l/raw_batches/opentitan_hmac_sha256/batch_261/full_batch_261.csv,d5501634ddbb98202cc340cae20eb23952051d34a97b7a7732a64f46b3ffbe17,results/circuitsage_hmac_v2_12c1/full_campaign_execution_12c1l/per_batch_npz/opentitan_hmac_sha256/full_batch_261.npz,2ce82405ff0ac9d3ab56b0475f313c2a62d7809b38663c470e932cb1a63c1c2c,PASS
262,opentitan_hmac_sha256,GENERALIZATION_TRAIN,262,16768,64,128,64,64,8192,28,results/circuitsage_hmac_v2_12c1/full_campaign_execution_12c1l/raw_batches/opentitan_hmac_sha256/batch_262/full_batch_262.csv,348a78f27db1e74df63a00a77a7333747c92f7e776d8c5554e8361c41e7ce555,results/circuitsage_hmac_v2_12c1/full_campaign_execution_12c1l/per_batch_npz/opentitan_hmac_sha256/full_batch_262.npz,8e444ce2d6d81b51e767965d1aaa267675ae91eb1a63518d1df3c24db97c858f,PASS
263,opentitan_hmac_sha256,GENERALIZATION_TRAIN,263,16832,64,128,64,64,8192,0,results/circuitsage_hmac_v2_12c1/full_campaign_execution_12c1l/raw_batches/opentitan_hmac_sha256/batch_263/full_batch_263.csv,affbe107b7bb46e8400f47481ceebc1a4cbc79ceddba5dabf84a0b647ecc5520,results/circuitsage_hmac_v2_12c1/full_campaign_execution_12c1l/per_batch_npz/opentitan_hmac_sha256/full_batch_263.npz,57d435666febec3aa8e4a69afceb8ec7ff8224495c9737572d1d68ed64a69e09,PASS
264,opentitan_hmac_sha256,GENERALIZATION_TRAIN,264,16896,64,128,64,64,8192,0,results/circuitsage_hmac_v2_12c1/full_campaign_execution_12c1l/raw_batches/opentitan_hmac_sha256/batch_264/full_batch_264.csv,4d98cb12282d81a9026504e9f6647e21c1ed99eadc3efdeb9dc29a545db2fec6,results/circuitsage_hmac_v2_12c1/full_campaign_execution_12c1l/per_batch_npz/opentitan_hmac_sha256/full_batch_264.npz,20b26d7971ed819b0bb86a90f9815ff1513da1ac152038417ba9ae7186e2b8fb,PASS
265,opentitan_hmac_sha256,GENERALIZATION_TRAIN,265,16960,64,128,64,64,8192,0,results/circuitsage_hmac_v2_12c1/full_campaign_execution_12c1l/raw_batches/opentitan_hmac_sha256/batch_265/full_batch_265.csv,ae3d97c26195955511ada110f9a11cbbb4ae219ba96a59fd77189a4cde6c2bec,results/circuitsage_hmac_v2_12c1/full_campaign_execution_12c1l/per_batch_npz/opentitan_hmac_sha256/full_batch_265.npz,d7b0b8fe403412a0e2f42b6da6b314f49d1eb8ee552666be2e6a48749477c8d3,PASS
266,opentitan_hmac_sha256,GENERALIZATION_TRAIN,266,17024,64,128,64,64,8192,0,results/circuitsage_hmac_v2_12c1/full_campaign_execution_12c1l/raw_batches/opentitan_hmac_sha256/batch_266/full_batch_266.csv,ee621ae957561f4ec76ff4ab052524bbe6f6d1c3b621a41d2ab221a44b973523,results/circuitsage_hmac_v2_12c1/full_campaign_execution_12c1l/per_batch_npz/opentitan_hmac_sha256/full_batch_266.npz,8ba670612c59c44c1e6540381a723ea101516e6fd45d443113cd98a84a0480cf,PASS
267,opentitan_hmac_sha256,GENERALIZATION_TRAIN,267,17088,64,128,64,64,8192,0,results/circuitsage_hmac_v2_12c1/full_campaign_execution_12c1l/raw_batches/opentitan_hmac_sha256/batch_267/full_batch_267.csv,91efdeeaf2c0e4f9f83bba1c20134d01eff78991b76c400d19ccd60aee43dab8,results/circuitsage_hmac_v2_12c1/full_campaign_execution_12c1l/per_batch_npz/opentitan_hmac_sha256/full_batch_267.npz,b02faaede66185f7011d0b03dee5b7b270dfa008aad8ef222b0ae3c71f27fb14,PASS
268,opentitan_hmac_sha256,GENERALIZATION_TRAIN,268,17152,64,128,64,64,8192,0,results/circuitsage_hmac_v2_12c1/full_campaign_execution_12c1l/raw_batches/opentitan_hmac_sha256/batch_268/full_batch_268.csv,4d75060d815c05336dde7c0794684f5a32b42f7225baed2d158ef969fb03413e,results/circuitsage_hmac_v2_12c1/full_campaign_execution_12c1l/per_batch_npz/opentitan_hmac_sha256/full_batch_268.npz,e74070c23661880c34bdf7180138fff5d7f34fcc52245de28e22d55ed8031fb9,PASS
269,opentitan_hmac_sha256,GENERALIZATION_TRAIN,269,17216,64,128,64,64,8192,0,results/circuitsage_hmac_v2_12c1/full_campaign_execution_12c1l/raw_batches/opentitan_hmac_sha256/batch_269/full_batch_269.csv,2296ec1cd02fb08f025696a929db40e1bd0b84a08d3b645706a64839673bc2c0,results/circuitsage_hmac_v2_12c1/full_campaign_execution_12c1l/per_batch_npz/opentitan_hmac_sha256/full_batch_269.npz,c5fb857d4cb494f0b385376cdfc8eb3d9309355beaaac68e1aae1d52883b38fd,PASS
270,opentitan_hmac_sha256,GENERALIZATION_TRAIN,270,17280,64,128,64,64,8192,0,results/circuitsage_hmac_v2_12c1/full_campaign_execution_12c1l/raw_batches/opentitan_hmac_sha256/batch_270/full_batch_270.csv,24afde239ee9458d0638b1b2a4721e0b81a5342c0126a9ab953130dbb12f7774,results/circuitsage_hmac_v2_12c1/full_campaign_execution_12c1l/per_batch_npz/opentitan_hmac_sha256/full_batch_270.npz,1f716ae8a978966d0a61330d87ed2c1fba242ce3c081c5adf5e5821cfbfbc468,PASS
271,opentitan_hmac_sha256,GENERALIZATION_TRAIN,271,17344,64,128,64,64,8192,0,results/circuitsage_hmac_v2_12c1/full_campaign_execution_12c1l/raw_batches/opentitan_hmac_sha256/batch_271/full_batch_271.csv,ce5cf2b0d83553e2938ac52444b25003d015d6c71ffa43819f6a94e1200c1ed7,results/circuitsage_hmac_v2_12c1/full_campaign_execution_12c1l/per_batch_npz/opentitan_hmac_sha256/full_batch_271.npz,ccda0a4e464c767c4ccc063374e6fee93e7af278ac76973273920e5323ffb632,PASS
272,opentitan_hmac_sha256,GENERALIZATION_TRAIN,272,17408,64,128,64,64,8192,0,results/circuitsage_hmac_v2_12c1/full_campaign_execution_12c1l/raw_batches/opentitan_hmac_sha256/batch_272/full_batch_272.csv,da040b05e85ba482e2083e78affcc182cb41f44be32b1c395b9105b748056f4d,results/circuitsage_hmac_v2_12c1/full_campaign_execution_12c1l/per_batch_npz/opentitan_hmac_sha256/full_batch_272.npz,ef3e898a16bcd56e12d6c96f866377c54d20f99584b31c3eb337d25c5cdd5d11,PASS
273,opentitan_hmac_sha256,GENERALIZATION_TRAIN,273,17472,64,128,64,64,8192,0,results/circuitsage_hmac_v2_12c1/full_campaign_execution_12c1l/raw_batches/opentitan_hmac_sha256/batch_273/full_batch_273.csv,22ed6c66ec25f2fb3581d6b83b318368ff729d96c245b5c2aa59a83735da4654,results/circuitsage_hmac_v2_12c1/full_campaign_execution_12c1l/per_batch_npz/opentitan_hmac_sha256/full_batch_273.npz,cae7f946a011a5deadeb4cfb9f706f12852620e350fc2b5a8db2b6aa79990a7b,PASS
274,opentitan_hmac_sha256,GENERALIZATION_TRAIN,274,17536,64,128,64,64,8192,0,results/circuitsage_hmac_v2_12c1/full_campaign_execution_12c1l/raw_batches/opentitan_hmac_sha256/batch_274/full_batch_274.csv,3586fa795933c185a16445158a8aa641791a95364424431bfc8a49f37ee3735a,results/circuitsage_hmac_v2_12c1/full_campaign_execution_12c1l/per_batch_npz/opentitan_hmac_sha256/full_batch_274.npz,f189e3b0a91d76c442f05f4d16ce0e1176faac00aa8d0dbe1c9f7e73c0a7e479,PASS
275,opentitan_hmac_sha256,GENERALIZATION_TRAIN,275,17600,64,128,64,64,8192,0,results/circuitsage_hmac_v2_12c1/full_campaign_execution_12c1l/raw_batches/opentitan_hmac_sha256/batch_275/full_batch_275.csv,893cee54200f5862b140ddc7fb00e4a22ecf14cd3dbb7a63c8b42dd9d32cf55a,results/circuitsage_hmac_v2_12c1/full_campaign_execution_12c1l/per_batch_npz/opentitan_hmac_sha256/full_batch_275.npz,1e73e119a3bec3c1d66e0d592efd1c3b0892483143dad810b81118533dca2879,PASS
276,opentitan_hmac_sha256,GENERALIZATION_TRAIN,276,17664,64,128,64,64,8192,0,results/circuitsage_hmac_v2_12c1/full_campaign_execution_12c1l/raw_batches/opentitan_hmac_sha256/batch_276/full_batch_276.csv,1543c22a34978ba7e5f71a999340c16c6ac958f3c7373973663632c5b5845594,results/circuitsage_hmac_v2_12c1/full_campaign_execution_12c1l/per_batch_npz/opentitan_hmac_sha256/full_batch_276.npz,69eeb90ad7179784798c6876f2bd02e7cc43076f0628cfad246f94400be4d6b0,PASS
277,opentitan_hmac_sha256,GENERALIZATION_TRAIN,277,17728,64,128,64,64,8192,0,results/circuitsage_hmac_v2_12c1/full_campaign_execution_12c1l/raw_batches/opentitan_hmac_sha256/batch_277/full_batch_277.csv,c20098750508b34dfca5be95d71132886caab6f8c92ec7adf42ece58a288999c,results/circuitsage_hmac_v2_12c1/full_campaign_execution_12c1l/per_batch_npz/opentitan_hmac_sha256/full_batch_277.npz,bf752419dc7f2ac0fa5b8574fd62e58895865e935c34cecb93baa10cbf0ecff9,PASS
278,opentitan_hmac_sha256,GENERALIZATION_TRAIN,278,17792,64,128,64,64,8192,50,results/circuitsage_hmac_v2_12c1/full_campaign_execution_12c1l/raw_batches/opentitan_hmac_sha256/batch_278/full_batch_278.csv,45865f540466e2af50269e97e4fa0945e279574f46fa335cdf8a711bc1c0db41,results/circuitsage_hmac_v2_12c1/full_campaign_execution_12c1l/per_batch_npz/opentitan_hmac_sha256/full_batch_278.npz,c5b438c0bba24e3a1085964bdf929b234a52a87e0aa4964d50f0d17b47591313,PASS
279,opentitan_hmac_sha256,GENERALIZATION_TRAIN,279,17856,64,128,64,64,8192,64,results/circuitsage_hmac_v2_12c1/full_campaign_execution_12c1l/raw_batches/opentitan_hmac_sha256/batch_279/full_batch_279.csv,45c066122e6be026ff04945b08111efaffcef4867829d38fd4e77caf49801c0a,results/circuitsage_hmac_v2_12c1/full_campaign_execution_12c1l/per_batch_npz/opentitan_hmac_sha256/full_batch_279.npz,0d5418621083b54475438e9dc25892c2b2c76458408b7ae3cf845319733a5a9a,PASS
280,opentitan_hmac_sha256,GENERALIZATION_TRAIN,280,17920,64,128,64,64,8192,64,results/circuitsage_hmac_v2_12c1/full_campaign_execution_12c1l/raw_batches/opentitan_hmac_sha256/batch_280/full_batch_280.csv,10054f3a3cfca3ec0c8a1cc056eca134d49f758421b84b4113fa9e63a5ab1070,results/circuitsage_hmac_v2_12c1/full_campaign_execution_12c1l/per_batch_npz/opentitan_hmac_sha256/full_batch_280.npz,273cdbf9b2b3f22aca70d6b89668d8436b088fe67eba34712e8e90d9fbfadd1b,PASS
281,opentitan_hmac_sha256,GENERALIZATION_TRAIN,281,17984,64,128,64,64,8192,64,results/circuitsage_hmac_v2_12c1/full_campaign_execution_12c1l/raw_batches/opentitan_hmac_sha256/batch_281/full_batch_281.csv,742290adc52b3882cb2958e469475315a6f6879c8f921588cb913776123e80e3,results/circuitsage_hmac_v2_12c1/full_campaign_execution_12c1l/per_batch_npz/opentitan_hmac_sha256/full_batch_281.npz,0e89ecc6c23f9441f89aba49de96d721fdefb0fe2fc4ef4111ca6e9df9612480,PASS
282,opentitan_hmac_sha256,GENERALIZATION_TRAIN,282,18048,64,128,64,64,8192,114,results/circuitsage_hmac_v2_12c1/full_campaign_execution_12c1l/raw_batches/opentitan_hmac_sha256/batch_282/full_batch_282.csv,a4a31dcec5d0b84240a11e5f3c814d4a3af486b0aa4208f5c8b8b51d7c94256c,results/circuitsage_hmac_v2_12c1/full_campaign_execution_12c1l/per_batch_npz/opentitan_hmac_sha256/full_batch_282.npz,89c775985fb58a7b01c3bde348068f239a9fa024f593dc7bd9447a173c770949,PASS
283,opentitan_hmac_sha256,GENERALIZATION_TRAIN,283,18112,64,128,64,64,8192,128,results/circuitsage_hmac_v2_12c1/full_campaign_execution_12c1l/raw_batches/opentitan_hmac_sha256/batch_283/full_batch_283.csv,20ed5b2b4b6757524f4e17998dca3821acfb8de6d3d7d8c7d614d6e574879e6d,results/circuitsage_hmac_v2_12c1/full_campaign_execution_12c1l/per_batch_npz/opentitan_hmac_sha256/full_batch_283.npz,c48ff539d61e6e05412290124ca5a67d4c6afc4cb52da202a90247c0ce169950,PASS
284,opentitan_hmac_sha256,GENERALIZATION_TRAIN,284,18176,64,128,64,64,8192,128,results/circuitsage_hmac_v2_12c1/full_campaign_execution_12c1l/raw_batches/opentitan_hmac_sha256/batch_284/full_batch_284.csv,0ccea45927c7d6b3d91ede02cce313f12b1ad3d550d8707c097b8c4e84a564b8,results/circuitsage_hmac_v2_12c1/full_campaign_execution_12c1l/per_batch_npz/opentitan_hmac_sha256/full_batch_284.npz,3a3654e04d6f20da65250efe8784ba0946133b11d693ffb03ea5a3caffd5bcb4,PASS
285,opentitan_hmac_sha256,GENERALIZATION_TRAIN,285,18240,64,128,64,64,8192,128,results/circuitsage_hmac_v2_12c1/full_campaign_execution_12c1l/raw_batches/opentitan_hmac_sha256/batch_285/full_batch_285.csv,4deb4e1279914cb517bdd02cd975816e44433ca9131ef4a4acf4ada066cb1e18,results/circuitsage_hmac_v2_12c1/full_campaign_execution_12c1l/per_batch_npz/opentitan_hmac_sha256/full_batch_285.npz,88b477c6af4dfa6d42c324e7e9dffd5e97f945c02870f3ea75c4fdfb6a813a13,PASS
286,opentitan_hmac_sha256,GENERALIZATION_TRAIN,286,18304,64,128,64,64,8192,46,results/circuitsage_hmac_v2_12c1/full_campaign_execution_12c1l/raw_batches/opentitan_hmac_sha256/batch_286/full_batch_286.csv,4b77a1eab6d01edca58b540a3e6a4252601979c85f7bcb0d7c370d059c7a8f8a,results/circuitsage_hmac_v2_12c1/full_campaign_execution_12c1l/per_batch_npz/opentitan_hmac_sha256/full_batch_286.npz,d31b5631995bb82685125b783a6957780e99559717cf4d08c7d7da51c153fdf4,PASS
287,opentitan_hmac_sha256,GENERALIZATION_TRAIN,287,18368,24,48,64,64,3072,2,results/circuitsage_hmac_v2_12c1/full_campaign_execution_12c1l/raw_batches/opentitan_hmac_sha256/batch_287/full_batch_287.csv,d51cbf6ba65234e0d9651551c4f25dfe15b415f2a141e2f9ffe729330eea97d7,results/circuitsage_hmac_v2_12c1/full_campaign_execution_12c1l/per_batch_npz/opentitan_hmac_sha256/full_batch_287.npz,864c77456d2bab130352f85902b6761ad144d992613075955bb1653069dfe237,PASS
288,picorv32_cpu,GENERALIZATION_TRAIN,0,0,64,128,48,48,6144,64,results/circuitsage_hmac_v2_12c1/full_campaign_execution_12c1l/raw_batches/picorv32_cpu/batch_000/full_batch_000.csv,0f4503488210a47f3a9eeef99b68d94c9e466ea40b194016589300d077985b26,results/circuitsage_hmac_v2_12c1/full_campaign_execution_12c1l/per_batch_npz/picorv32_cpu/full_batch_000.npz,e16664008b4ec888f9285c2d82b92376d09c427810fe40e984db60d798d4b9fb,PASS
289,picorv32_cpu,GENERALIZATION_TRAIN,1,64,64,128,48,48,6144,50,results/circuitsage_hmac_v2_12c1/full_campaign_execution_12c1l/raw_batches/picorv32_cpu/batch_001/full_batch_001.csv,6e6cbd5eaada636b7ffd636230fbe2407ac318710b1d64b7225a43c05ebc285b,results/circuitsage_hmac_v2_12c1/full_campaign_execution_12c1l/per_batch_npz/picorv32_cpu/full_batch_001.npz,69625c9e0294c7e2ed430ca140d964d7c3cffad99c64e077e54648743df8a572,PASS
290,picorv32_cpu,GENERALIZATION_TRAIN,2,128,64,128,48,48,6144,0,results/circuitsage_hmac_v2_12c1/full_campaign_execution_12c1l/raw_batches/picorv32_cpu/batch_002/full_batch_002.csv,7973ef83a162ac4c665f4a23fe32595b791af71d64a0f037255c94f9ae83cd71,results/circuitsage_hmac_v2_12c1/full_campaign_execution_12c1l/per_batch_npz/picorv32_cpu/full_batch_002.npz,874db6ef17c22c2e524d8636259eb999106871f4e196abd77d1442148f6977ef,PASS
291,picorv32_cpu,GENERALIZATION_TRAIN,3,192,64,128,48,48,6144,0,results/circuitsage_hmac_v2_12c1/full_campaign_execution_12c1l/raw_batches/picorv32_cpu/batch_003/full_batch_003.csv,cbfe70f25bec788c0107be9612e9c6dcf2ab6ed8dc13290813be448228cc7693,results/circuitsage_hmac_v2_12c1/full_campaign_execution_12c1l/per_batch_npz/picorv32_cpu/full_batch_003.npz,3215f7cc6d1dc295213a89a5f0fb89fb79104451e0793603a71a63d9357d6263,PASS
292,picorv32_cpu,GENERALIZATION_TRAIN,4,256,64,128,48,48,6144,0,results/circuitsage_hmac_v2_12c1/full_campaign_execution_12c1l/raw_batches/picorv32_cpu/batch_004/full_batch_004.csv,0c03ac4bbbbadf8608c111d59f882ca8a472b3abf33377b1cdc81db509510e13,results/circuitsage_hmac_v2_12c1/full_campaign_execution_12c1l/per_batch_npz/picorv32_cpu/full_batch_004.npz,bed657d33f5bdeaf343777dc96c8f8860ae33fb59395ea05c60d69403c27fa8b,PASS
293,picorv32_cpu,GENERALIZATION_TRAIN,5,320,64,128,48,48,6144,0,results/circuitsage_hmac_v2_12c1/full_campaign_execution_12c1l/raw_batches/picorv32_cpu/batch_005/full_batch_005.csv,f6072f24ee61d6434f0e2c57b022e903482d5ef6e5fef3ffda92d5b7606410ce,results/circuitsage_hmac_v2_12c1/full_campaign_execution_12c1l/per_batch_npz/picorv32_cpu/full_batch_005.npz,60ac37a708dc68e6a8a58c66bfa2ebccff60c0efdb87a0700f2ebc2a79189062,PASS
294,picorv32_cpu,GENERALIZATION_TRAIN,6,384,64,128,48,48,6144,0,results/circuitsage_hmac_v2_12c1/full_campaign_execution_12c1l/raw_batches/picorv32_cpu/batch_006/full_batch_006.csv,e0ef8966fc679055f00fb861b22c6b1bbe8f3795071b617633d141acc4d414c7,results/circuitsage_hmac_v2_12c1/full_campaign_execution_12c1l/per_batch_npz/picorv32_cpu/full_batch_006.npz,de85251f16ab76f6045766b6f4bfd4cf780641f1199f37bcefeebfe310f4d9ee,PASS
295,picorv32_cpu,GENERALIZATION_TRAIN,7,448,64,128,48,48,6144,0,results/circuitsage_hmac_v2_12c1/full_campaign_execution_12c1l/raw_batches/picorv32_cpu/batch_007/full_batch_007.csv,b6890ef4df9ed5e25df5453d31b63569e06d4662d597f4e01b98bc11963810d3,results/circuitsage_hmac_v2_12c1/full_campaign_execution_12c1l/per_batch_npz/picorv32_cpu/full_batch_007.npz,574c7cb69b8ebb0f209a247bb466f597ec26f338478f1d83f6ea37e39da1dbfd,PASS
296,picorv32_cpu,GENERALIZATION_TRAIN,8,512,64,128,48,48,6144,0,results/circuitsage_hmac_v2_12c1/full_campaign_execution_12c1l/raw_batches/picorv32_cpu/batch_008/full_batch_008.csv,4ae0844abb2a632d153b33212f068346adf7115832867d3a93f2491a0f975dc7,results/circuitsage_hmac_v2_12c1/full_campaign_execution_12c1l/per_batch_npz/picorv32_cpu/full_batch_008.npz,0c14cf42b433efb492da6e98f52a5f21e602b520fb6b5040c0e39f24b3db5f35,PASS
297,picorv32_cpu,GENERALIZATION_TRAIN,9,576,64,128,48,48,6144,0,results/circuitsage_hmac_v2_12c1/full_campaign_execution_12c1l/raw_batches/picorv32_cpu/batch_009/full_batch_009.csv,d3656c20cf1dc277d60be838b9a2c1db07389dd19759040de450f261d04e25af,results/circuitsage_hmac_v2_12c1/full_campaign_execution_12c1l/per_batch_npz/picorv32_cpu/full_batch_009.npz,dd0ab451ccd2d78a536119d85485743adb182e80a9f2c92ce2fea6162e2dccee,PASS
298,picorv32_cpu,GENERALIZATION_TRAIN,10,640,64,128,48,48,6144,0,results/circuitsage_hmac_v2_12c1/full_campaign_execution_12c1l/raw_batches/picorv32_cpu/batch_010/full_batch_010.csv,f1c67d25c97788c9df6ef356ef76bfa9acec06bed0ea5d9ae7a04e8e5d9d0eea,results/circuitsage_hmac_v2_12c1/full_campaign_execution_12c1l/per_batch_npz/picorv32_cpu/full_batch_010.npz,82824b54348d74c553985b8ac7d8e093aa395e4a286e103e3bc736410b9dc75b,PASS
299,picorv32_cpu,GENERALIZATION_TRAIN,11,704,64,128,48,48,6144,0,results/circuitsage_hmac_v2_12c1/full_campaign_execution_12c1l/raw_batches/picorv32_cpu/batch_011/full_batch_011.csv,382d4d79f030d65e50dd4a3c4c2e90bdc776007bb3e1723e7ba5af1f569dc9dd,results/circuitsage_hmac_v2_12c1/full_campaign_execution_12c1l/per_batch_npz/picorv32_cpu/full_batch_011.npz,da941eec020f2ea8cd1446440300414a1276203d750c230f2bb94f017060548a,PASS
300,picorv32_cpu,GENERALIZATION_TRAIN,12,768,64,128,48,48,6144,0,results/circuitsage_hmac_v2_12c1/full_campaign_execution_12c1l/raw_batches/picorv32_cpu/batch_012/full_batch_012.csv,a9bc8fdd34f12467fbae7130be38633bdc4b9fd5a46410676c322f703bd2bae3,results/circuitsage_hmac_v2_12c1/full_campaign_execution_12c1l/per_batch_npz/picorv32_cpu/full_batch_012.npz,c8cd14c3e87eb601e0291d971b8d3379c393d9911b89ca2b9b756259dbf8afc7,PASS
301,picorv32_cpu,GENERALIZATION_TRAIN,13,832,64,128,48,48,6144,0,results/circuitsage_hmac_v2_12c1/full_campaign_execution_12c1l/raw_batches/picorv32_cpu/batch_013/full_batch_013.csv,51cca13553ec4ae7faeef0cb5fda3ae1849631c882ecd872e4831ef9f3a4a6c6,results/circuitsage_hmac_v2_12c1/full_campaign_execution_12c1l/per_batch_npz/picorv32_cpu/full_batch_013.npz,a2edbf91c9c1bb594fd51450dc817dfa991400ce134d00708fe9dfdd2ce3751f,PASS
302,picorv32_cpu,GENERALIZATION_TRAIN,14,896,64,128,48,48,6144,0,results/circuitsage_hmac_v2_12c1/full_campaign_execution_12c1l/raw_batches/picorv32_cpu/batch_014/full_batch_014.csv,edf68e5f28ba4dc1cf3a8a9c853446783be2a1e151857b7c74f2d0fd44e65308,results/circuitsage_hmac_v2_12c1/full_campaign_execution_12c1l/per_batch_npz/picorv32_cpu/full_batch_014.npz,3438bfe20baaabff5f56d66a9acb892750703c55453656410f194d562c98eb1f,PASS
303,picorv32_cpu,GENERALIZATION_TRAIN,15,960,64,128,48,48,6144,0,results/circuitsage_hmac_v2_12c1/full_campaign_execution_12c1l/raw_batches/picorv32_cpu/batch_015/full_batch_015.csv,503cccc4db1d43932e8e98bd16febfda307ba7f3e87f3eead40e8df06574c0d5,results/circuitsage_hmac_v2_12c1/full_campaign_execution_12c1l/per_batch_npz/picorv32_cpu/full_batch_015.npz,c120f7426f5d74696ee9029dbbf90abde3d8a27defe8734fd904b5cb475259b4,PASS
304,picorv32_cpu,GENERALIZATION_TRAIN,16,1024,64,128,48,48,6144,47,results/circuitsage_hmac_v2_12c1/full_campaign_execution_12c1l/raw_batches/picorv32_cpu/batch_016/full_batch_016.csv,7b6addcc2c95e4ea5a0b297d8f5b827d81cf3eabc380351551fa9f6f53743698,results/circuitsage_hmac_v2_12c1/full_campaign_execution_12c1l/per_batch_npz/picorv32_cpu/full_batch_016.npz,e948ad782f761da7a796e3a3b1fd3a0af87ac25d24f4aa900d476131929bce8f,PASS
305,picorv32_cpu,GENERALIZATION_TRAIN,17,1088,64,128,48,48,6144,21,results/circuitsage_hmac_v2_12c1/full_campaign_execution_12c1l/raw_batches/picorv32_cpu/batch_017/full_batch_017.csv,e9b735ca04109778b64be75d907bf0606dcc0988edfacedfdf9b38b83b28c845,results/circuitsage_hmac_v2_12c1/full_campaign_execution_12c1l/per_batch_npz/picorv32_cpu/full_batch_017.npz,a11c18ca301ab4aeaf1421171b55fec14d0c4307d72093b86a1aa0fada3a480b,PASS
306,picorv32_cpu,GENERALIZATION_TRAIN,18,1152,64,128,48,48,6144,16,results/circuitsage_hmac_v2_12c1/full_campaign_execution_12c1l/raw_batches/picorv32_cpu/batch_018/full_batch_018.csv,7473d60bbefc62624c445197cab623ca4f817a8b44cde5a77f5b758ca166e8b5,results/circuitsage_hmac_v2_12c1/full_campaign_execution_12c1l/per_batch_npz/picorv32_cpu/full_batch_018.npz,a91e8335a4d06262598d208cfa5ba158026f474ddb2b3d10334688796ec7baf9,PASS
307,picorv32_cpu,GENERALIZATION_TRAIN,19,1216,64,128,48,48,6144,43,results/circuitsage_hmac_v2_12c1/full_campaign_execution_12c1l/raw_batches/picorv32_cpu/batch_019/full_batch_019.csv,f9a9767788c14e9ff971c3955963d70ed694693beea6166f2043fae76b8929fb,results/circuitsage_hmac_v2_12c1/full_campaign_execution_12c1l/per_batch_npz/picorv32_cpu/full_batch_019.npz,f10ee189f180c99a5713bf2f264e794966c0b78d061df2950718c415cb7d8c57,PASS
308,picorv32_cpu,GENERALIZATION_TRAIN,20,1280,64,128,48,48,6144,10,results/circuitsage_hmac_v2_12c1/full_campaign_execution_12c1l/raw_batches/picorv32_cpu/batch_020/full_batch_020.csv,00cfaf734f4fd0fa037114613e94d82c6576d7c88b4781ab1f4862a6ab67e82b,results/circuitsage_hmac_v2_12c1/full_campaign_execution_12c1l/per_batch_npz/picorv32_cpu/full_batch_020.npz,2d68b8a3231a726152cd9f8a7fc2ec8ddd5fc0423f7e7ac7b31f2deb401fdd60,PASS
309,picorv32_cpu,GENERALIZATION_TRAIN,21,1344,64,128,48,48,6144,69,results/circuitsage_hmac_v2_12c1/full_campaign_execution_12c1l/raw_batches/picorv32_cpu/batch_021/full_batch_021.csv,873d6eb6f41a0dd6cb743414b9e7276f2f8e7539a8a80d2aed190f5d8c61d565,results/circuitsage_hmac_v2_12c1/full_campaign_execution_12c1l/per_batch_npz/picorv32_cpu/full_batch_021.npz,1d061ad54f1bd26731f918e23378e04b927b5663181ec45f2a5f9ce2b480e6d0,PASS
310,picorv32_cpu,GENERALIZATION_TRAIN,22,1408,64,128,48,48,6144,72,results/circuitsage_hmac_v2_12c1/full_campaign_execution_12c1l/raw_batches/picorv32_cpu/batch_022/full_batch_022.csv,443b2f340372a988eb14b3c2b48ebafe08db7598355b22e06a9d813d53bf588d,results/circuitsage_hmac_v2_12c1/full_campaign_execution_12c1l/per_batch_npz/picorv32_cpu/full_batch_022.npz,e9aa9b3dcf0c31374123cc427074767f0fcd5fefe8fb79e53b2232d740ba6b92,PASS
311,picorv32_cpu,GENERALIZATION_TRAIN,23,1472,64,128,48,48,6144,71,results/circuitsage_hmac_v2_12c1/full_campaign_execution_12c1l/raw_batches/picorv32_cpu/batch_023/full_batch_023.csv,5e30b636a14c668e7b86b13c4a9c4e079dfddca7aabff74edd9967f091c48bca,results/circuitsage_hmac_v2_12c1/full_campaign_execution_12c1l/per_batch_npz/picorv32_cpu/full_batch_023.npz,b1a9155861d9f30ae7cfbcb7b4787d91a3494e987ee5f3d0243c8f9c96d05261,PASS
312,picorv32_cpu,GENERALIZATION_TRAIN,24,1536,64,128,48,48,6144,72,results/circuitsage_hmac_v2_12c1/full_campaign_execution_12c1l/raw_batches/picorv32_cpu/batch_024/full_batch_024.csv,35228a1cbd51cc9805980bea104febc080d0ecc6646c1426727c76d4232755b7,results/circuitsage_hmac_v2_12c1/full_campaign_execution_12c1l/per_batch_npz/picorv32_cpu/full_batch_024.npz,4bc0f0e24e0db0e8208dbcceaeccb7213037c928005e781b5d6765a71cad0780,PASS
313,picorv32_cpu,GENERALIZATION_TRAIN,25,1600,64,128,48,48,6144,45,results/circuitsage_hmac_v2_12c1/full_campaign_execution_12c1l/raw_batches/picorv32_cpu/batch_025/full_batch_025.csv,7d0b47e6e488b0c4d889b298663e4e02b7ef7944b7fbdc9adc5610b395030af5,results/circuitsage_hmac_v2_12c1/full_campaign_execution_12c1l/per_batch_npz/picorv32_cpu/full_batch_025.npz,661c6115a9763d10505d7f0b1ecbc8c99db80e65a55ec84a6c4e924677a69de6,PASS
314,picorv32_cpu,GENERALIZATION_TRAIN,26,1664,64,128,48,48,6144,3,results/circuitsage_hmac_v2_12c1/full_campaign_execution_12c1l/raw_batches/picorv32_cpu/batch_026/full_batch_026.csv,33f9b9588e0d249c296c49c6f85e2f8dc25ef2256ff2285b679ceb64b64ad321,results/circuitsage_hmac_v2_12c1/full_campaign_execution_12c1l/per_batch_npz/picorv32_cpu/full_batch_026.npz,4c3aa36aa72cd3fcc97fd61920b6e11d8bae159158bfa7a4952b0d89e39c4196,PASS
315,picorv32_cpu,GENERALIZATION_TRAIN,27,1728,64,128,48,48,6144,15,results/circuitsage_hmac_v2_12c1/full_campaign_execution_12c1l/raw_batches/picorv32_cpu/batch_027/full_batch_027.csv,cbcc9a006cc564077775662bf9afd4ba4fee04997f95e6b032900197d9656cb3,results/circuitsage_hmac_v2_12c1/full_campaign_execution_12c1l/per_batch_npz/picorv32_cpu/full_batch_027.npz,a0236101caa98ba57293072c5a818321187d786713e13ea41276efa8c396b2dd,PASS
316,picorv32_cpu,GENERALIZATION_TRAIN,28,1792,64,128,48,48,6144,18,results/circuitsage_hmac_v2_12c1/full_campaign_execution_12c1l/raw_batches/picorv32_cpu/batch_028/full_batch_028.csv,7accf619e5c724311db92525ee5fa60aa61a65ccc707c542d5c1d44d297665be,results/circuitsage_hmac_v2_12c1/full_campaign_execution_12c1l/per_batch_npz/picorv32_cpu/full_batch_028.npz,ebd9ef3bbe7a9a3cb95dba3a29ce57973a5388851dcc0801c49b0165bc8c5205,PASS
317,picorv32_cpu,GENERALIZATION_TRAIN,29,1856,64,128,48,48,6144,0,results/circuitsage_hmac_v2_12c1/full_campaign_execution_12c1l/raw_batches/picorv32_cpu/batch_029/full_batch_029.csv,8a80cf449d89d50246356ca00682cd4e2186582f413c648dd9804016ba3349d7,results/circuitsage_hmac_v2_12c1/full_campaign_execution_12c1l/per_batch_npz/picorv32_cpu/full_batch_029.npz,eb69fac26555fe894c959a05c6a8de3d06070e9bd0cbd8ef6be2e257bbd7d14a,PASS
318,picorv32_cpu,GENERALIZATION_TRAIN,30,1920,64,128,48,48,6144,36,results/circuitsage_hmac_v2_12c1/full_campaign_execution_12c1l/raw_batches/picorv32_cpu/batch_030/full_batch_030.csv,335a577553b6aa80a94ab332dd20a99f88def0e79c666e25396035ca3fb48967,results/circuitsage_hmac_v2_12c1/full_campaign_execution_12c1l/per_batch_npz/picorv32_cpu/full_batch_030.npz,390056490454df2936ba40c815510915a85e8d15ac2e828de7d13ea41f125b10,PASS
319,picorv32_cpu,GENERALIZATION_TRAIN,31,1984,64,128,48,48,6144,29,results/circuitsage_hmac_v2_12c1/full_campaign_execution_12c1l/raw_batches/picorv32_cpu/batch_031/full_batch_031.csv,f2cb47e765ae49c1b7588a2d2c94f702bb67f7a56f0bcb68bdec05956a8295fd,results/circuitsage_hmac_v2_12c1/full_campaign_execution_12c1l/per_batch_npz/picorv32_cpu/full_batch_031.npz,38f63656f1c14323866a9a148fc1fa1052653d9c5e28f2cce135a3990e12af62,PASS
320,picorv32_cpu,GENERALIZATION_TRAIN,32,2048,64,128,48,48,6144,0,results/circuitsage_hmac_v2_12c1/full_campaign_execution_12c1l/raw_batches/picorv32_cpu/batch_032/full_batch_032.csv,7653dcffcde9e1354e5b62ef1f31478c1fff923581d99a2d509930e58146465f,results/circuitsage_hmac_v2_12c1/full_campaign_execution_12c1l/per_batch_npz/picorv32_cpu/full_batch_032.npz,b1252300321a0bc526ac5643427341f8060f0fcab6d2985eb896bde39c277796,PASS
321,picorv32_cpu,GENERALIZATION_TRAIN,33,2112,64,128,48,48,6144,0,results/circuitsage_hmac_v2_12c1/full_campaign_execution_12c1l/raw_batches/picorv32_cpu/batch_033/full_batch_033.csv,6b599c9bfadfe342c73e2510efd0a1c9dcde27d146173a077205dc1b4c8fe9d4,results/circuitsage_hmac_v2_12c1/full_campaign_execution_12c1l/per_batch_npz/picorv32_cpu/full_batch_033.npz,7163fce5528739023fa756b51ffdacdae51309e6e52f03118c78f6e694396583,PASS
322,picorv32_cpu,GENERALIZATION_TRAIN,34,2176,64,128,48,48,6144,0,results/circuitsage_hmac_v2_12c1/full_campaign_execution_12c1l/raw_batches/picorv32_cpu/batch_034/full_batch_034.csv,f188f5029c3915d1db94482763a9c4ee7d5442557f8ff4957debf2eb220b50f4,results/circuitsage_hmac_v2_12c1/full_campaign_execution_12c1l/per_batch_npz/picorv32_cpu/full_batch_034.npz,b01e44977f8ad1d20ba5ad9ac3cb8bd91df94374bdca689929de783d17bc0b78,PASS
323,picorv32_cpu,GENERALIZATION_TRAIN,35,2240,64,128,48,48,6144,0,results/circuitsage_hmac_v2_12c1/full_campaign_execution_12c1l/raw_batches/picorv32_cpu/batch_035/full_batch_035.csv,809c4ca3b8c0cd0c280f43ec36018b3ffb88b723c3b68a2d70c496a7347d83c4,results/circuitsage_hmac_v2_12c1/full_campaign_execution_12c1l/per_batch_npz/picorv32_cpu/full_batch_035.npz,e283f3392a46d1a3d043eb75c83619de1bae6e4b8f327bd5e003361dd84606b0,PASS
324,picorv32_cpu,GENERALIZATION_TRAIN,36,2304,64,128,48,48,6144,0,results/circuitsage_hmac_v2_12c1/full_campaign_execution_12c1l/raw_batches/picorv32_cpu/batch_036/full_batch_036.csv,29a9634bc0540ab690d2a3f7b4890cc1291de6ed76a5be8764ad570897e59ebf,results/circuitsage_hmac_v2_12c1/full_campaign_execution_12c1l/per_batch_npz/picorv32_cpu/full_batch_036.npz,307253f57bf379836b4c9155b0f9fd6e0b7916379380791ab8b5498f495001e8,PASS
325,picorv32_cpu,GENERALIZATION_TRAIN,37,2368,64,128,48,48,6144,0,results/circuitsage_hmac_v2_12c1/full_campaign_execution_12c1l/raw_batches/picorv32_cpu/batch_037/full_batch_037.csv,63e0674d90b32990dd3ff702f2bf44b29a0790fc92fcf0d12e17e52a9c4b465b,results/circuitsage_hmac_v2_12c1/full_campaign_execution_12c1l/per_batch_npz/picorv32_cpu/full_batch_037.npz,faa33eefd0acd6c473dfbe04bf74d107e03b6629e0c8b4ff2e0bd52184dad4db,PASS
326,picorv32_cpu,GENERALIZATION_TRAIN,38,2432,64,128,48,48,6144,0,results/circuitsage_hmac_v2_12c1/full_campaign_execution_12c1l/raw_batches/picorv32_cpu/batch_038/full_batch_038.csv,bee2bb16ee2416388d10b01cd5252e2885a0c3f624a63ba7f70e6e2e0cd05d66,results/circuitsage_hmac_v2_12c1/full_campaign_execution_12c1l/per_batch_npz/picorv32_cpu/full_batch_038.npz,9281cfceb1d783a0cf30a18e6c67a94de253949201ae98f34176f3c70645bd4e,PASS
327,picorv32_cpu,GENERALIZATION_TRAIN,39,2496,64,128,48,48,6144,23,results/circuitsage_hmac_v2_12c1/full_campaign_execution_12c1l/raw_batches/picorv32_cpu/batch_039/full_batch_039.csv,0f392ab95c616b11ffdd977ae56754dd2363e41b9075aea4f9a76d7b76134840,results/circuitsage_hmac_v2_12c1/full_campaign_execution_12c1l/per_batch_npz/picorv32_cpu/full_batch_039.npz,b861e657f981621d50f0f3fbff228356660a1fa0ce9c99e1849e382c762dfd0b,PASS
328,picorv32_cpu,GENERALIZATION_TRAIN,40,2560,64,128,48,48,6144,11,results/circuitsage_hmac_v2_12c1/full_campaign_execution_12c1l/raw_batches/picorv32_cpu/batch_040/full_batch_040.csv,261123f7417ed766cdf18d4646465dce7e781e4eb149d83626b8b50dfdf908ea,results/circuitsage_hmac_v2_12c1/full_campaign_execution_12c1l/per_batch_npz/picorv32_cpu/full_batch_040.npz,8e3161b4119709b08eb12f4205f6d90af97b7e5f21b1e7c57a669f733e1d0878,PASS
329,picorv32_cpu,GENERALIZATION_TRAIN,41,2624,64,128,48,48,6144,0,results/circuitsage_hmac_v2_12c1/full_campaign_execution_12c1l/raw_batches/picorv32_cpu/batch_041/full_batch_041.csv,72082c5fcda725e69be0fead4eb9b73f2b35f93f24cd9f5ee81709acc07590e6,results/circuitsage_hmac_v2_12c1/full_campaign_execution_12c1l/per_batch_npz/picorv32_cpu/full_batch_041.npz,6f8673045d774ea73f865ef84c1cf46cf523bd8eb15da02b24620ba314d413b4,PASS
330,picorv32_cpu,GENERALIZATION_TRAIN,42,2688,64,128,48,48,6144,9,results/circuitsage_hmac_v2_12c1/full_campaign_execution_12c1l/raw_batches/picorv32_cpu/batch_042/full_batch_042.csv,3f94f5b37dc80c473b47c64881ffe89512739099a5737943d2254da4e47a2cbc,results/circuitsage_hmac_v2_12c1/full_campaign_execution_12c1l/per_batch_npz/picorv32_cpu/full_batch_042.npz,82964b5714d04f88d2479cc2b6a6580f8f7d4d70bda6cefac566e81b9b48e8f7,PASS
331,picorv32_cpu,GENERALIZATION_TRAIN,43,2752,64,128,48,48,6144,66,results/circuitsage_hmac_v2_12c1/full_campaign_execution_12c1l/raw_batches/picorv32_cpu/batch_043/full_batch_043.csv,6e669ae0459fe306e6b305cd25380dc0ab8119688d10e6f5b85e97ad9b2cf833,results/circuitsage_hmac_v2_12c1/full_campaign_execution_12c1l/per_batch_npz/picorv32_cpu/full_batch_043.npz,cfe35fb5c38990064d85e127b726713ea86bc7f8853bd2165b11f7d0b9689468,PASS
332,picorv32_cpu,GENERALIZATION_TRAIN,44,2816,64,128,48,48,6144,57,results/circuitsage_hmac_v2_12c1/full_campaign_execution_12c1l/raw_batches/picorv32_cpu/batch_044/full_batch_044.csv,71380a629de50eb816d0452f2a0a33d73ecbaa0b996edd818600600be7f70b5f,results/circuitsage_hmac_v2_12c1/full_campaign_execution_12c1l/per_batch_npz/picorv32_cpu/full_batch_044.npz,43296b449c7565b17839d189c591a47aad43ba297e390a23f62d9491501350a6,PASS
333,picorv32_cpu,GENERALIZATION_TRAIN,45,2880,64,128,48,48,6144,37,results/circuitsage_hmac_v2_12c1/full_campaign_execution_12c1l/raw_batches/picorv32_cpu/batch_045/full_batch_045.csv,27088625e257cefbf2f6ad1f1993f0cc87f0ad3ca528903c54b3c2542cad77ac,results/circuitsage_hmac_v2_12c1/full_campaign_execution_12c1l/per_batch_npz/picorv32_cpu/full_batch_045.npz,7c2150c041146d494109e3d7294f023b99fac645bddd9f0ae7c17dc71158b0d8,PASS
334,picorv32_cpu,GENERALIZATION_TRAIN,46,2944,64,128,48,48,6144,0,results/circuitsage_hmac_v2_12c1/full_campaign_execution_12c1l/raw_batches/picorv32_cpu/batch_046/full_batch_046.csv,54f8e3071edbe0a7cdf2052507a51fec2531932dece285dab2c434750456d679,results/circuitsage_hmac_v2_12c1/full_campaign_execution_12c1l/per_batch_npz/picorv32_cpu/full_batch_046.npz,1ae12cfde1ac326a3c4ac31bbf5af867a82ce3f099741ec8fa8e20aebe7ad41b,PASS
335,picorv32_cpu,GENERALIZATION_TRAIN,47,3008,64,128,48,48,6144,42,results/circuitsage_hmac_v2_12c1/full_campaign_execution_12c1l/raw_batches/picorv32_cpu/batch_047/full_batch_047.csv,4e17eef0ee6f091c505953211ff3fd6a7902c09aa42d904989f4ba4bc54e965f,results/circuitsage_hmac_v2_12c1/full_campaign_execution_12c1l/per_batch_npz/picorv32_cpu/full_batch_047.npz,b731c7f7ef242fc9059bb333da2a48c14ce0b9e77a0a758f169aa396dc9386cc,PASS
336,picorv32_cpu,GENERALIZATION_TRAIN,48,3072,64,128,48,48,6144,64,results/circuitsage_hmac_v2_12c1/full_campaign_execution_12c1l/raw_batches/picorv32_cpu/batch_048/full_batch_048.csv,995cc3b470e117f964151ba614a2d591464e786d12f58439546a7855a9951ce2,results/circuitsage_hmac_v2_12c1/full_campaign_execution_12c1l/per_batch_npz/picorv32_cpu/full_batch_048.npz,696c02b79d499cd9142204457b926799b371260425ead54d5b9cdec90f990a48,PASS
337,picorv32_cpu,GENERALIZATION_TRAIN,49,3136,64,128,48,48,6144,45,results/circuitsage_hmac_v2_12c1/full_campaign_execution_12c1l/raw_batches/picorv32_cpu/batch_049/full_batch_049.csv,ac448ec63fb1b0d1eb6dc628df35acfab73b7032413f56a54507231cf1bcde55,results/circuitsage_hmac_v2_12c1/full_campaign_execution_12c1l/per_batch_npz/picorv32_cpu/full_batch_049.npz,828e04f0f33cb98d975cdf7998754ba50d053b48d49df0d532b6734515668215,PASS
338,picorv32_cpu,GENERALIZATION_TRAIN,50,3200,64,128,48,48,6144,9,results/circuitsage_hmac_v2_12c1/full_campaign_execution_12c1l/raw_batches/picorv32_cpu/batch_050/full_batch_050.csv,84a4c3be3bbc084fb1b06168ce7bd07842a7a796c58e94ec17547d6977a87197,results/circuitsage_hmac_v2_12c1/full_campaign_execution_12c1l/per_batch_npz/picorv32_cpu/full_batch_050.npz,e2066c680505906d0d092378b50fc6339ba5916149459058bcd902e3ba961473,PASS
339,picorv32_cpu,GENERALIZATION_TRAIN,51,3264,64,128,48,48,6144,0,results/circuitsage_hmac_v2_12c1/full_campaign_execution_12c1l/raw_batches/picorv32_cpu/batch_051/full_batch_051.csv,7a09db88614218bf9318830b89e2af4fa16d0b3cdc71841aefe5ab5a7656406c,results/circuitsage_hmac_v2_12c1/full_campaign_execution_12c1l/per_batch_npz/picorv32_cpu/full_batch_051.npz,1f4e067c1ab5483d2f6891e1311405aff31bc9ffa0531d3f9a301ebab2ddced5,PASS
340,picorv32_cpu,GENERALIZATION_TRAIN,52,3328,64,128,48,48,6144,11,results/circuitsage_hmac_v2_12c1/full_campaign_execution_12c1l/raw_batches/picorv32_cpu/batch_052/full_batch_052.csv,7ad06f25d861d9ef57de0ac3018fc815738fec4f42d8921826b9bc4f803a3424,results/circuitsage_hmac_v2_12c1/full_campaign_execution_12c1l/per_batch_npz/picorv32_cpu/full_batch_052.npz,dcb20e50cd1fba001eda2d384e853e028c04bb0625ac5edb8a45260e3ba6c017,PASS
341,picorv32_cpu,GENERALIZATION_TRAIN,53,3392,64,128,48,48,6144,54,results/circuitsage_hmac_v2_12c1/full_campaign_execution_12c1l/raw_batches/picorv32_cpu/batch_053/full_batch_053.csv,2fa056617595b0e286d89b2b162f70aea163d4513fc2696b425db401e0639f4f,results/circuitsage_hmac_v2_12c1/full_campaign_execution_12c1l/per_batch_npz/picorv32_cpu/full_batch_053.npz,270dbb58448f79399e941d5c3d6b602d758fe6a8d0f8eaa1ba020a4e1bfff479,PASS
342,picorv32_cpu,GENERALIZATION_TRAIN,54,3456,64,128,48,48,6144,48,results/circuitsage_hmac_v2_12c1/full_campaign_execution_12c1l/raw_batches/picorv32_cpu/batch_054/full_batch_054.csv,4aa4f5d207fb18fef64d2d4db33a1291bda9643e81f5540e82652f79dfe94e7e,results/circuitsage_hmac_v2_12c1/full_campaign_execution_12c1l/per_batch_npz/picorv32_cpu/full_batch_054.npz,eddb0209b26fbc8ce94174822d241d9b1c5692cc0a714925374fd606d0a4b603,PASS
343,picorv32_cpu,GENERALIZATION_TRAIN,55,3520,64,128,48,48,6144,52,results/circuitsage_hmac_v2_12c1/full_campaign_execution_12c1l/raw_batches/picorv32_cpu/batch_055/full_batch_055.csv,af90e437e0e8f03672fd0d31762e8329ee58bfef02f94857d4d2120e4c7cdce1,results/circuitsage_hmac_v2_12c1/full_campaign_execution_12c1l/per_batch_npz/picorv32_cpu/full_batch_055.npz,1fc18920ca5156f79d713ea241d566fc060afd56a49c94b25a9b22f5e0092991,PASS
344,picorv32_cpu,GENERALIZATION_TRAIN,56,3584,64,128,48,48,6144,71,results/circuitsage_hmac_v2_12c1/full_campaign_execution_12c1l/raw_batches/picorv32_cpu/batch_056/full_batch_056.csv,85a3f9aaed5a98476a0e3711a75d0dcc884697b4b5c16872f9f3f6f9723c61eb,results/circuitsage_hmac_v2_12c1/full_campaign_execution_12c1l/per_batch_npz/picorv32_cpu/full_batch_056.npz,9e068e8ebfbc9cb23440d236845612504618a9cbc5a56d2ce5051cc9c26f3e9d,PASS
345,picorv32_cpu,GENERALIZATION_TRAIN,57,3648,64,128,48,48,6144,30,results/circuitsage_hmac_v2_12c1/full_campaign_execution_12c1l/raw_batches/picorv32_cpu/batch_057/full_batch_057.csv,0254ad1546d2fc3fcaecbcf574589c4440976c26bbfef826d3e5fe7dd0dad85f,results/circuitsage_hmac_v2_12c1/full_campaign_execution_12c1l/per_batch_npz/picorv32_cpu/full_batch_057.npz,35b730b4bc41a7f26d88ba657d709269fde6af8734af4478a30ce60b325b3e27,PASS
346,picorv32_cpu,GENERALIZATION_TRAIN,58,3712,64,128,48,48,6144,75,results/circuitsage_hmac_v2_12c1/full_campaign_execution_12c1l/raw_batches/picorv32_cpu/batch_058/full_batch_058.csv,aaab279b480a8896b35b8e7f4b615383e264e224bdee7f5a4de6d3338f3dbf12,results/circuitsage_hmac_v2_12c1/full_campaign_execution_12c1l/per_batch_npz/picorv32_cpu/full_batch_058.npz,f258082d8dce79e2a21454a6772145c770edc6d73502725562458f9f4f177896,PASS
347,picorv32_cpu,GENERALIZATION_TRAIN,59,3776,64,128,48,48,6144,71,results/circuitsage_hmac_v2_12c1/full_campaign_execution_12c1l/raw_batches/picorv32_cpu/batch_059/full_batch_059.csv,c1be8e8f6731aa3c61a1af35e34758de87b3abe38b07b9c1671c3e1fdd809ebb,results/circuitsage_hmac_v2_12c1/full_campaign_execution_12c1l/per_batch_npz/picorv32_cpu/full_batch_059.npz,7c710c7e5c1c7f1f26bd0b31f66a97f5c9e769668dc27a8516a58fe878ef4ca4,PASS
348,picorv32_cpu,GENERALIZATION_TRAIN,60,3840,64,128,48,48,6144,55,results/circuitsage_hmac_v2_12c1/full_campaign_execution_12c1l/raw_batches/picorv32_cpu/batch_060/full_batch_060.csv,9fc50a387e3bf2deb09d98cdc1b5e4297a45436fee251bf0f1e088af700cb0f3,results/circuitsage_hmac_v2_12c1/full_campaign_execution_12c1l/per_batch_npz/picorv32_cpu/full_batch_060.npz,a0a22e3d521cda139172cd0f61cad129ee7cb1c310d6b54af7c0e2cb0b4d8c86,PASS
349,picorv32_cpu,GENERALIZATION_TRAIN,61,3904,64,128,48,48,6144,0,results/circuitsage_hmac_v2_12c1/full_campaign_execution_12c1l/raw_batches/picorv32_cpu/batch_061/full_batch_061.csv,ef4874fff1289d562adf40b6d842f13c21abb10248ed52e45b7f20ef1baa20fb,results/circuitsage_hmac_v2_12c1/full_campaign_execution_12c1l/per_batch_npz/picorv32_cpu/full_batch_061.npz,fb790b8e240f6bd58778ac1ff78742a67e0b9baacc896162e96110f385b36661,PASS
350,picorv32_cpu,GENERALIZATION_TRAIN,62,3968,64,128,48,48,6144,49,results/circuitsage_hmac_v2_12c1/full_campaign_execution_12c1l/raw_batches/picorv32_cpu/batch_062/full_batch_062.csv,4a9638b8b5b4faca58ac90b9be2e1a1ad7cbd91f723464f8d75be4ae711dd12b,results/circuitsage_hmac_v2_12c1/full_campaign_execution_12c1l/per_batch_npz/picorv32_cpu/full_batch_062.npz,6a5af125c5993c353326dcd9e9e74cd4f337dbfe45af8ca5336469350fba2d6f,PASS
351,picorv32_cpu,GENERALIZATION_TRAIN,63,4032,64,128,48,48,6144,64,results/circuitsage_hmac_v2_12c1/full_campaign_execution_12c1l/raw_batches/picorv32_cpu/batch_063/full_batch_063.csv,eeef264e71e44b30d6e977d270b185fb3d9e3d7b14a462bf128dec005b6285e6,results/circuitsage_hmac_v2_12c1/full_campaign_execution_12c1l/per_batch_npz/picorv32_cpu/full_batch_063.npz,98240d237afe03f93996bfe2d1b240ee7d7cc4dca0c934a3f11ab08e4d4875f5,PASS
352,picorv32_cpu,GENERALIZATION_TRAIN,64,4096,64,128,48,48,6144,70,results/circuitsage_hmac_v2_12c1/full_campaign_execution_12c1l/raw_batches/picorv32_cpu/batch_064/full_batch_064.csv,37ade970c5c4c2041e28ac1bd1f135331d8e465721ad0cecf476040ac7cc3dc6,results/circuitsage_hmac_v2_12c1/full_campaign_execution_12c1l/per_batch_npz/picorv32_cpu/full_batch_064.npz,cc10955fc54da139dd3008465dd266666ccbacac6d702ccee458a92a3e1243b9,PASS
353,picorv32_cpu,GENERALIZATION_TRAIN,65,4160,64,128,48,48,6144,64,results/circuitsage_hmac_v2_12c1/full_campaign_execution_12c1l/raw_batches/picorv32_cpu/batch_065/full_batch_065.csv,581dc1b4a034f9bd6d82dd98e78fc3c5e562e59d7f5e5266906ab6da1ba8af0b,results/circuitsage_hmac_v2_12c1/full_campaign_execution_12c1l/per_batch_npz/picorv32_cpu/full_batch_065.npz,b65800ca20e3e12a8cac9576bd7ccca60a96f09f81dbce72cc59ce8f8f6518b2,PASS
354,picorv32_cpu,GENERALIZATION_TRAIN,66,4224,64,128,48,48,6144,24,results/circuitsage_hmac_v2_12c1/full_campaign_execution_12c1l/raw_batches/picorv32_cpu/batch_066/full_batch_066.csv,1fef0d6f9f232bfffe5574c9c4d225fffff0ce80505a610a92ba3878ec77298b,results/circuitsage_hmac_v2_12c1/full_campaign_execution_12c1l/per_batch_npz/picorv32_cpu/full_batch_066.npz,f49659835f55723ee70aaaeebf94c592023946838e3c753f38fe0e57c1417ecb,PASS
355,picorv32_cpu,GENERALIZATION_TRAIN,67,4288,64,128,48,48,6144,58,results/circuitsage_hmac_v2_12c1/full_campaign_execution_12c1l/raw_batches/picorv32_cpu/batch_067/full_batch_067.csv,2be85230834645c18ab4c7fc1df3a7fe8972bb4ded8f9301a82b54ec04bc97d4,results/circuitsage_hmac_v2_12c1/full_campaign_execution_12c1l/per_batch_npz/picorv32_cpu/full_batch_067.npz,0c2406086ac8fbf36089809a709c17dd68926f4f67d93e0f5e48b9b8e7ab19b1,PASS
356,picorv32_cpu,GENERALIZATION_TRAIN,68,4352,64,128,48,48,6144,77,results/circuitsage_hmac_v2_12c1/full_campaign_execution_12c1l/raw_batches/picorv32_cpu/batch_068/full_batch_068.csv,8e305b7120536f83aff8cefe24604ea167f39c513372faf0c88e9b10e7812d28,results/circuitsage_hmac_v2_12c1/full_campaign_execution_12c1l/per_batch_npz/picorv32_cpu/full_batch_068.npz,51d2d221607e42ce5d71397a9e0c550c2f76512d2b3e86f3c9b54a2ec20b98cd,PASS
357,picorv32_cpu,GENERALIZATION_TRAIN,69,4416,64,128,48,48,6144,63,results/circuitsage_hmac_v2_12c1/full_campaign_execution_12c1l/raw_batches/picorv32_cpu/batch_069/full_batch_069.csv,6e7ef07460c0098a7f0b32e8829e931808d1fe6d0a6db605f7fad784342b6466,results/circuitsage_hmac_v2_12c1/full_campaign_execution_12c1l/per_batch_npz/picorv32_cpu/full_batch_069.npz,6a395cdeb3921030ce0e41658e7f0eca1f148c94d5fd107575f70bb926e60e1f,PASS
358,picorv32_cpu,GENERALIZATION_TRAIN,70,4480,64,128,48,48,6144,59,results/circuitsage_hmac_v2_12c1/full_campaign_execution_12c1l/raw_batches/picorv32_cpu/batch_070/full_batch_070.csv,8d348f4dc760cda7a521c05fbce8ac609bfe5be366117cb43d485488fbcde471,results/circuitsage_hmac_v2_12c1/full_campaign_execution_12c1l/per_batch_npz/picorv32_cpu/full_batch_070.npz,7067b957f073d5d85d5e7d23749d70f8b6a70825a17cbe706c6fed7d1e0e2c0c,PASS
359,picorv32_cpu,GENERALIZATION_TRAIN,71,4544,64,128,48,48,6144,59,results/circuitsage_hmac_v2_12c1/full_campaign_execution_12c1l/raw_batches/picorv32_cpu/batch_071/full_batch_071.csv,790e6328687585781c086de52042b5de956d133946caf37f18b11dacb5d44a3a,results/circuitsage_hmac_v2_12c1/full_campaign_execution_12c1l/per_batch_npz/picorv32_cpu/full_batch_071.npz,43bc96223e7bcb6c0117a524ad136aa3b68db78400662b1c9776761aea0001e9,PASS
360,picorv32_cpu,GENERALIZATION_TRAIN,72,4608,64,128,48,48,6144,0,results/circuitsage_hmac_v2_12c1/full_campaign_execution_12c1l/raw_batches/picorv32_cpu/batch_072/full_batch_072.csv,02c3b6353b8ed020adaccd42dc13a0fd0bff7e0c03ade3f1161cfcf771fbaa79,results/circuitsage_hmac_v2_12c1/full_campaign_execution_12c1l/per_batch_npz/picorv32_cpu/full_batch_072.npz,93dc5667f5d2b3c543bf11bf7d43ff5b33a1b05f9b0f39cab09d6e03be0dc6e3,PASS
361,picorv32_cpu,GENERALIZATION_TRAIN,73,4672,64,128,48,48,6144,39,results/circuitsage_hmac_v2_12c1/full_campaign_execution_12c1l/raw_batches/picorv32_cpu/batch_073/full_batch_073.csv,0aec46575bae3dfb243aef8891223a63317719729d7c26d369de592e5d2e3aa5,results/circuitsage_hmac_v2_12c1/full_campaign_execution_12c1l/per_batch_npz/picorv32_cpu/full_batch_073.npz,dcf886ece564471d822e0a38d54bb1e8f89ec9786a4ff08d8ebfc3b020f18cbd,PASS
362,picorv32_cpu,GENERALIZATION_TRAIN,74,4736,64,128,48,48,6144,79,results/circuitsage_hmac_v2_12c1/full_campaign_execution_12c1l/raw_batches/picorv32_cpu/batch_074/full_batch_074.csv,a577dcdb8299fd7af46dcac755440d2088726daea3acc7b0efe735403f73aef7,results/circuitsage_hmac_v2_12c1/full_campaign_execution_12c1l/per_batch_npz/picorv32_cpu/full_batch_074.npz,4312809ce0292d97321a4a0c55e712ae3e4029aaae76c9e1606f739fef134b6d,PASS
363,picorv32_cpu,GENERALIZATION_TRAIN,75,4800,64,128,48,48,6144,83,results/circuitsage_hmac_v2_12c1/full_campaign_execution_12c1l/raw_batches/picorv32_cpu/batch_075/full_batch_075.csv,97bf481f088651e9a10ba084d7385420af51c79b026e17b937d78af8b8d2f6da,results/circuitsage_hmac_v2_12c1/full_campaign_execution_12c1l/per_batch_npz/picorv32_cpu/full_batch_075.npz,5874dfb0d100dc6ece8065f758ed1e4a2f977e33698be74c9a7115a10f9cbe9f,PASS
364,picorv32_cpu,GENERALIZATION_TRAIN,76,4864,64,128,48,48,6144,61,results/circuitsage_hmac_v2_12c1/full_campaign_execution_12c1l/raw_batches/picorv32_cpu/batch_076/full_batch_076.csv,ffa6dc906f3a53ce17b6de96fa2aea533ef5e2efdf92784bb9f8cbecd68d1a17,results/circuitsage_hmac_v2_12c1/full_campaign_execution_12c1l/per_batch_npz/picorv32_cpu/full_batch_076.npz,c991a023481c616ccb37b78a8ac944911e0b0f50e0348b6cad08e8920bb88d87,PASS
365,picorv32_cpu,GENERALIZATION_TRAIN,77,4928,64,128,48,48,6144,85,results/circuitsage_hmac_v2_12c1/full_campaign_execution_12c1l/raw_batches/picorv32_cpu/batch_077/full_batch_077.csv,bc78b39fa8978d84ff03086270540fb2889695ae5ab5d16c351d3ac7d7ca50c3,results/circuitsage_hmac_v2_12c1/full_campaign_execution_12c1l/per_batch_npz/picorv32_cpu/full_batch_077.npz,aef97d9de863e8fe28ae4ea5cb89dddb549a61caad1d40695efd78c7c27d7203,PASS
366,picorv32_cpu,GENERALIZATION_TRAIN,78,4992,64,128,48,48,6144,63,results/circuitsage_hmac_v2_12c1/full_campaign_execution_12c1l/raw_batches/picorv32_cpu/batch_078/full_batch_078.csv,c72b01535c244f6324d952d0b2e4c875bd0aec96acbac305f735619bf17c7359,results/circuitsage_hmac_v2_12c1/full_campaign_execution_12c1l/per_batch_npz/picorv32_cpu/full_batch_078.npz,489de501282a1227e37d64b9d421bf9b7d2580a437fc8bae7d419a5ca0f41a0e,PASS
367,picorv32_cpu,GENERALIZATION_TRAIN,79,5056,64,128,48,48,6144,68,results/circuitsage_hmac_v2_12c1/full_campaign_execution_12c1l/raw_batches/picorv32_cpu/batch_079/full_batch_079.csv,7971736fc50ac74dbd80830347830284ce834459f425ad6f021e9b14b199ad0b,results/circuitsage_hmac_v2_12c1/full_campaign_execution_12c1l/per_batch_npz/picorv32_cpu/full_batch_079.npz,65ae4e170157d0256261ef557d99650a3a69c03c25ce8ed676e4bce4693cd8bb,PASS
368,picorv32_cpu,GENERALIZATION_TRAIN,80,5120,64,128,48,48,6144,7,results/circuitsage_hmac_v2_12c1/full_campaign_execution_12c1l/raw_batches/picorv32_cpu/batch_080/full_batch_080.csv,94c94ac2f3624d265a89ca08bcb63cd259ba41b14461ea7d3443ec9e02abb29f,results/circuitsage_hmac_v2_12c1/full_campaign_execution_12c1l/per_batch_npz/picorv32_cpu/full_batch_080.npz,fee002610adc6c5147804bceb64d7f33eafc153956f8650d8c144420875e2023,PASS
369,picorv32_cpu,GENERALIZATION_TRAIN,81,5184,64,128,48,48,6144,67,results/circuitsage_hmac_v2_12c1/full_campaign_execution_12c1l/raw_batches/picorv32_cpu/batch_081/full_batch_081.csv,fa38a19ed4bfb2e46c302b6b3a9805bf8521040748796069e1a517690abe749f,results/circuitsage_hmac_v2_12c1/full_campaign_execution_12c1l/per_batch_npz/picorv32_cpu/full_batch_081.npz,0dff7ee05a5e07bc36aa3f384fa29d23d4ff4ea5e3d32c0d824f4becff63ac8c,PASS
370,picorv32_cpu,GENERALIZATION_TRAIN,82,5248,64,128,48,48,6144,74,results/circuitsage_hmac_v2_12c1/full_campaign_execution_12c1l/raw_batches/picorv32_cpu/batch_082/full_batch_082.csv,faf43591a00ec830568986dc0d037f2b8f58a929d655cd6060470c48d255256f,results/circuitsage_hmac_v2_12c1/full_campaign_execution_12c1l/per_batch_npz/picorv32_cpu/full_batch_082.npz,5732fb73f6347944d1f857a6b75207ca77a5d99fb15223571c1a44fdb8074b8f,PASS
371,picorv32_cpu,GENERALIZATION_TRAIN,83,5312,64,128,48,48,6144,45,results/circuitsage_hmac_v2_12c1/full_campaign_execution_12c1l/raw_batches/picorv32_cpu/batch_083/full_batch_083.csv,ef5bd7503d62a4f1f01f288b87cc5462f7cd3361f6e6d569a55f8679b3b0743b,results/circuitsage_hmac_v2_12c1/full_campaign_execution_12c1l/per_batch_npz/picorv32_cpu/full_batch_083.npz,aed54bdac4e7eb314c7a9b916234ed6d4d8f985e3d6699ede2df348a7d427a62,PASS
372,picorv32_cpu,GENERALIZATION_TRAIN,84,5376,64,128,48,48,6144,0,results/circuitsage_hmac_v2_12c1/full_campaign_execution_12c1l/raw_batches/picorv32_cpu/batch_084/full_batch_084.csv,53696f5e41ca22d0c6aed8284232abd2c2e7cb2b7b8417689c758aaf98285ab2,results/circuitsage_hmac_v2_12c1/full_campaign_execution_12c1l/per_batch_npz/picorv32_cpu/full_batch_084.npz,b159e163aa0618c79e88e9f74214665fac3558b7beaaf290c411284c3822e2c4,PASS
373,picorv32_cpu,GENERALIZATION_TRAIN,85,5440,64,128,48,48,6144,0,results/circuitsage_hmac_v2_12c1/full_campaign_execution_12c1l/raw_batches/picorv32_cpu/batch_085/full_batch_085.csv,46f03add0bf4d55fe2de61580581b36186b0dbfd26df309bc53c69e95b96ccd3,results/circuitsage_hmac_v2_12c1/full_campaign_execution_12c1l/per_batch_npz/picorv32_cpu/full_batch_085.npz,47beb77f616308b161edccf5e29aaee7e5eda38b1ce40b9b36be5bb538e16ba0,PASS
374,picorv32_cpu,GENERALIZATION_TRAIN,86,5504,64,128,48,48,6144,0,results/circuitsage_hmac_v2_12c1/full_campaign_execution_12c1l/raw_batches/picorv32_cpu/batch_086/full_batch_086.csv,a9d4f41a4a9c985c05539ff9b9e45bd7fd28d595a4bfd36cad33cf6481343c46,results/circuitsage_hmac_v2_12c1/full_campaign_execution_12c1l/per_batch_npz/picorv32_cpu/full_batch_086.npz,bf16a663d572c9fe57c49f2d2ffa5debaafea583558aa7a7fb72b047a2e17d83,PASS
375,picorv32_cpu,GENERALIZATION_TRAIN,87,5568,64,128,48,48,6144,0,results/circuitsage_hmac_v2_12c1/full_campaign_execution_12c1l/raw_batches/picorv32_cpu/batch_087/full_batch_087.csv,0c7019f5068277a51c02c19945bb6e15a316b2272a8b1cb447473a9c30f75b1b,results/circuitsage_hmac_v2_12c1/full_campaign_execution_12c1l/per_batch_npz/picorv32_cpu/full_batch_087.npz,40df286fddcbc30b2da82863df7d4750faaa34e817fcc175199e2ee02e47ef8b,PASS
376,picorv32_cpu,GENERALIZATION_TRAIN,88,5632,64,128,48,48,6144,0,results/circuitsage_hmac_v2_12c1/full_campaign_execution_12c1l/raw_batches/picorv32_cpu/batch_088/full_batch_088.csv,14975dbb2fbd1401a6c177b834f19c8399c1afe3b337707b186d03692d68f590,results/circuitsage_hmac_v2_12c1/full_campaign_execution_12c1l/per_batch_npz/picorv32_cpu/full_batch_088.npz,b47ecb207006978ef3ea0a3868a71070c226f9cc3bcfad3efb836a13b1464d7d,PASS
377,picorv32_cpu,GENERALIZATION_TRAIN,89,5696,64,128,48,48,6144,0,results/circuitsage_hmac_v2_12c1/full_campaign_execution_12c1l/raw_batches/picorv32_cpu/batch_089/full_batch_089.csv,c4cb22b6432658b72f440cade683a7969cae64813eb48c350275f7744fb3f320,results/circuitsage_hmac_v2_12c1/full_campaign_execution_12c1l/per_batch_npz/picorv32_cpu/full_batch_089.npz,501e9983e937cb33c60de97c72dfe52934ceba90b0f1d3efce5b8b2f0250432d,PASS
378,picorv32_cpu,GENERALIZATION_TRAIN,90,5760,64,128,48,48,6144,27,results/circuitsage_hmac_v2_12c1/full_campaign_execution_12c1l/raw_batches/picorv32_cpu/batch_090/full_batch_090.csv,40e95146a0ebfe8a6de8d2c82acc589c9595ca3edeff826dd3f538775f8dad8b,results/circuitsage_hmac_v2_12c1/full_campaign_execution_12c1l/per_batch_npz/picorv32_cpu/full_batch_090.npz,84723a53910fb5f94cefce04b7e6bff84585be6c9574069da6a533f46d106d7c,PASS
379,picorv32_cpu,GENERALIZATION_TRAIN,91,5824,64,128,48,48,6144,40,results/circuitsage_hmac_v2_12c1/full_campaign_execution_12c1l/raw_batches/picorv32_cpu/batch_091/full_batch_091.csv,f4a0eb95858969f78c814f463a390aa1b49e0c7875cc2abf78c19485d5e5b58e,results/circuitsage_hmac_v2_12c1/full_campaign_execution_12c1l/per_batch_npz/picorv32_cpu/full_batch_091.npz,f40ff45113cd1870ba6d1078bd71a48c4b23bed344267207be8cf19f890fdfc8,PASS
380,picorv32_cpu,GENERALIZATION_TRAIN,92,5888,64,128,48,48,6144,0,results/circuitsage_hmac_v2_12c1/full_campaign_execution_12c1l/raw_batches/picorv32_cpu/batch_092/full_batch_092.csv,0e04aca36d5d4cc5a2dcef5617d50b148be13cba7799f9f17e856c5acd402ec5,results/circuitsage_hmac_v2_12c1/full_campaign_execution_12c1l/per_batch_npz/picorv32_cpu/full_batch_092.npz,67d76971c652487776e982b920702c38579b501a4ab2ab4cede6ceb4ea105c64,PASS
381,picorv32_cpu,GENERALIZATION_TRAIN,93,5952,64,128,48,48,6144,0,results/circuitsage_hmac_v2_12c1/full_campaign_execution_12c1l/raw_batches/picorv32_cpu/batch_093/full_batch_093.csv,1438911c5601aa62e29d7cf68aebd2f63a62e39a33e1eb836418e4a1bd6afee8,results/circuitsage_hmac_v2_12c1/full_campaign_execution_12c1l/per_batch_npz/picorv32_cpu/full_batch_093.npz,eec7916cb1a13bbb05137fe51276d5764f5f5e1303685f9f44bf394c8a55b204,PASS
382,picorv32_cpu,GENERALIZATION_TRAIN,94,6016,64,128,48,48,6144,0,results/circuitsage_hmac_v2_12c1/full_campaign_execution_12c1l/raw_batches/picorv32_cpu/batch_094/full_batch_094.csv,a1ad61664c45a7dbcc90e247fd92fe7e90d1b679574c28471883fb330007112c,results/circuitsage_hmac_v2_12c1/full_campaign_execution_12c1l/per_batch_npz/picorv32_cpu/full_batch_094.npz,e2c105bf0073fb663b01c339ef6665ea537edefcfe27d355db1fae84b817a1b6,PASS
383,picorv32_cpu,GENERALIZATION_TRAIN,95,6080,64,128,48,48,6144,35,results/circuitsage_hmac_v2_12c1/full_campaign_execution_12c1l/raw_batches/picorv32_cpu/batch_095/full_batch_095.csv,a5aab280c63fcbb0b8cf84b98ec1cd95b6dc95d107e2f4fe326ccabf4a164c2c,results/circuitsage_hmac_v2_12c1/full_campaign_execution_12c1l/per_batch_npz/picorv32_cpu/full_batch_095.npz,178db37815c39c974ea57d65903bc16b692cdadbbc4c8f974421380be7c784e4,PASS
384,picorv32_cpu,GENERALIZATION_TRAIN,96,6144,64,128,48,48,6144,0,results/circuitsage_hmac_v2_12c1/full_campaign_execution_12c1l/raw_batches/picorv32_cpu/batch_096/full_batch_096.csv,e9ca4a807c2f3d6e3292d1be9d867d8821b565b136177cd283cae48a60629239,results/circuitsage_hmac_v2_12c1/full_campaign_execution_12c1l/per_batch_npz/picorv32_cpu/full_batch_096.npz,f8498a5e64f14ae2b78e1d030e2ac7fe2999bf3dce69c4e1eaf1c3b0e0b5fc42,PASS
385,picorv32_cpu,GENERALIZATION_TRAIN,97,6208,64,128,48,48,6144,35,results/circuitsage_hmac_v2_12c1/full_campaign_execution_12c1l/raw_batches/picorv32_cpu/batch_097/full_batch_097.csv,76b99a152d8d7445f6053e633332442ce1041c2c552b25d1f77fa664523e5603,results/circuitsage_hmac_v2_12c1/full_campaign_execution_12c1l/per_batch_npz/picorv32_cpu/full_batch_097.npz,0150775ce3b29b7592b4042b33dc9880b3f4b71bb6eefbf69fdcc40aa4404d78,PASS
386,picorv32_cpu,GENERALIZATION_TRAIN,98,6272,64,128,48,48,6144,65,results/circuitsage_hmac_v2_12c1/full_campaign_execution_12c1l/raw_batches/picorv32_cpu/batch_098/full_batch_098.csv,85d5c305790008d4104a970cdd383fe0fdee11fbb4e2d71bb8b7ba382ddd1211,results/circuitsage_hmac_v2_12c1/full_campaign_execution_12c1l/per_batch_npz/picorv32_cpu/full_batch_098.npz,01b4a5c8e8ade8501c968b041a73c83ba166f68d1c4cfbe43082cbdede7c34ab,PASS
387,picorv32_cpu,GENERALIZATION_TRAIN,99,6336,64,128,48,48,6144,5,results/circuitsage_hmac_v2_12c1/full_campaign_execution_12c1l/raw_batches/picorv32_cpu/batch_099/full_batch_099.csv,d92091193f6ca91a4b238698678e6b00a70f40d5abd59df995f7ed018776c6b7,results/circuitsage_hmac_v2_12c1/full_campaign_execution_12c1l/per_batch_npz/picorv32_cpu/full_batch_099.npz,6b67de8cc91425a6cdc9664232dc0e1fb28891e57c475afbf4dd3b917a603d91,PASS
388,picorv32_cpu,GENERALIZATION_TRAIN,100,6400,64,128,48,48,6144,0,results/circuitsage_hmac_v2_12c1/full_campaign_execution_12c1l/raw_batches/picorv32_cpu/batch_100/full_batch_100.csv,e83eaaa8b17e22fa3c5f5a2b7965e2ec5b6fca1572ea5cc89cc17c4af908944a,results/circuitsage_hmac_v2_12c1/full_campaign_execution_12c1l/per_batch_npz/picorv32_cpu/full_batch_100.npz,a5450297ce5d0ccb37d28a2f8b6c80f25a9bbe824ae4fc71d283479b14eefde4,PASS
389,picorv32_cpu,GENERALIZATION_TRAIN,101,6464,64,128,48,48,6144,0,results/circuitsage_hmac_v2_12c1/full_campaign_execution_12c1l/raw_batches/picorv32_cpu/batch_101/full_batch_101.csv,391afed4fa7fedb60bcb46700f8ee9fad4b95c6813ed68a6ff416cca2b09d9e8,results/circuitsage_hmac_v2_12c1/full_campaign_execution_12c1l/per_batch_npz/picorv32_cpu/full_batch_101.npz,b34992b6287d807919d3aa1471a3aa341485ae23ce7fa65d5d8c1348c531039f,PASS
390,picorv32_cpu,GENERALIZATION_TRAIN,102,6528,64,128,48,48,6144,0,results/circuitsage_hmac_v2_12c1/full_campaign_execution_12c1l/raw_batches/picorv32_cpu/batch_102/full_batch_102.csv,cc2c8032d04b6c7e73b9866de7dd1ece86eb898a99a754f857dd94b89c8d70d3,results/circuitsage_hmac_v2_12c1/full_campaign_execution_12c1l/per_batch_npz/picorv32_cpu/full_batch_102.npz,0ee169f434e8fa5919142b97cdfecbb11e89237b3dbfe41512a92fb4d8f97761,PASS
391,picorv32_cpu,GENERALIZATION_TRAIN,103,6592,64,128,48,48,6144,0,results/circuitsage_hmac_v2_12c1/full_campaign_execution_12c1l/raw_batches/picorv32_cpu/batch_103/full_batch_103.csv,7810a6f4789f9dc04e03251d45a25661f680d733d06bff1450158339c2d9c5ec,results/circuitsage_hmac_v2_12c1/full_campaign_execution_12c1l/per_batch_npz/picorv32_cpu/full_batch_103.npz,adcd715d1e4c33152bd4a767fd783aee84beb445a1e46541e183864807a8080f,PASS
392,picorv32_cpu,GENERALIZATION_TRAIN,104,6656,64,128,48,48,6144,0,results/circuitsage_hmac_v2_12c1/full_campaign_execution_12c1l/raw_batches/picorv32_cpu/batch_104/full_batch_104.csv,72427ee830c8c0bfa07a56b752cbc186209fcf11cffbeeb90e5ed24cbe325b8f,results/circuitsage_hmac_v2_12c1/full_campaign_execution_12c1l/per_batch_npz/picorv32_cpu/full_batch_104.npz,14d7a14d6c287716293595a82dc367df154089bb8a8b33ed6a69c1e8874dabf1,PASS
393,picorv32_cpu,GENERALIZATION_TRAIN,105,6720,64,128,48,48,6144,0,results/circuitsage_hmac_v2_12c1/full_campaign_execution_12c1l/raw_batches/picorv32_cpu/batch_105/full_batch_105.csv,4bc5dd9985a0ac3bc52495d7b9eb9cd0f5c1ddeb5adc671b3544efd4b1cbec5d,results/circuitsage_hmac_v2_12c1/full_campaign_execution_12c1l/per_batch_npz/picorv32_cpu/full_batch_105.npz,61278b774b34837731787f30c04f05bac292f7acd44063bc35575cfecf714b19,PASS
394,picorv32_cpu,GENERALIZATION_TRAIN,106,6784,64,128,48,48,6144,1,results/circuitsage_hmac_v2_12c1/full_campaign_execution_12c1l/raw_batches/picorv32_cpu/batch_106/full_batch_106.csv,827b79b1824e5ba00c7ecd2541dd2592fa4f028b63935e9e8d19772bb5ffacb6,results/circuitsage_hmac_v2_12c1/full_campaign_execution_12c1l/per_batch_npz/picorv32_cpu/full_batch_106.npz,752b0da3e7e0d2d156b9c759b89a4eea7e13aaa0138d5768eeae9bde119b4ba4,PASS
395,picorv32_cpu,GENERALIZATION_TRAIN,107,6848,64,128,48,48,6144,0,results/circuitsage_hmac_v2_12c1/full_campaign_execution_12c1l/raw_batches/picorv32_cpu/batch_107/full_batch_107.csv,acff8b97d1792e5feed3c973987a831f0075ec3b103dd8ea73a183b7a08e6868,results/circuitsage_hmac_v2_12c1/full_campaign_execution_12c1l/per_batch_npz/picorv32_cpu/full_batch_107.npz,9cb11aba25099ff2b34fbf950f772795c2f282a6535ff614bb1ce75f5872e046,PASS
396,picorv32_cpu,GENERALIZATION_TRAIN,108,6912,64,128,48,48,6144,0,results/circuitsage_hmac_v2_12c1/full_campaign_execution_12c1l/raw_batches/picorv32_cpu/batch_108/full_batch_108.csv,73a793839b5a9a5b9f0cc1ca5acba7e54d1f9f5f5fb3b1ffbd170ecf795bf3fb,results/circuitsage_hmac_v2_12c1/full_campaign_execution_12c1l/per_batch_npz/picorv32_cpu/full_batch_108.npz,198ebad79c588634d6363c438ab36ff8b2c86f9a889e2e9387015bbca9d90d1d,PASS
397,picorv32_cpu,GENERALIZATION_TRAIN,109,6976,64,128,48,48,6144,0,results/circuitsage_hmac_v2_12c1/full_campaign_execution_12c1l/raw_batches/picorv32_cpu/batch_109/full_batch_109.csv,9d7cd7340cdd71fdec4d18eb0d5872e330bdab2430269f16ebfe745ee7d86507,results/circuitsage_hmac_v2_12c1/full_campaign_execution_12c1l/per_batch_npz/picorv32_cpu/full_batch_109.npz,d6671df47f9c9414a1b004f3b91aef356a79ffc77a5c5a4acf94342f75774974,PASS
398,picorv32_cpu,GENERALIZATION_TRAIN,110,7040,64,128,48,48,6144,1,results/circuitsage_hmac_v2_12c1/full_campaign_execution_12c1l/raw_batches/picorv32_cpu/batch_110/full_batch_110.csv,d8a1daafdacf5d2b4a991ed7e27122455cf39be3d359760801d8d307026fdcae,results/circuitsage_hmac_v2_12c1/full_campaign_execution_12c1l/per_batch_npz/picorv32_cpu/full_batch_110.npz,a455525d142a680e373b4222da75fc339bd2ed1f172eb6f917b1d35e27a7d8c5,PASS
399,picorv32_cpu,GENERALIZATION_TRAIN,111,7104,64,128,48,48,6144,0,results/circuitsage_hmac_v2_12c1/full_campaign_execution_12c1l/raw_batches/picorv32_cpu/batch_111/full_batch_111.csv,afee5dfb20f0a8b6aa9b0ef30152a52c48d4f09618c1212559654e9146fbc7b3,results/circuitsage_hmac_v2_12c1/full_campaign_execution_12c1l/per_batch_npz/picorv32_cpu/full_batch_111.npz,f62f0b51cacc3be685a3f34375034a885ba7478107be76941cc1367681fabe6f,PASS
400,picorv32_cpu,GENERALIZATION_TRAIN,112,7168,64,128,48,48,6144,1,results/circuitsage_hmac_v2_12c1/full_campaign_execution_12c1l/raw_batches/picorv32_cpu/batch_112/full_batch_112.csv,152b1fceb6a0855ae64dff7fa9329761cebca44931a01db6a8253a5885d94351,results/circuitsage_hmac_v2_12c1/full_campaign_execution_12c1l/per_batch_npz/picorv32_cpu/full_batch_112.npz,22d232091684f2ec62e863c0169c41075ccc297147115b702bd0320ca6387c92,PASS
401,picorv32_cpu,GENERALIZATION_TRAIN,113,7232,64,128,48,48,6144,1,results/circuitsage_hmac_v2_12c1/full_campaign_execution_12c1l/raw_batches/picorv32_cpu/batch_113/full_batch_113.csv,fa0b52a7277cf0532f59acc779114c574aad7db13d3faa62c5a6ce33d7eb24ae,results/circuitsage_hmac_v2_12c1/full_campaign_execution_12c1l/per_batch_npz/picorv32_cpu/full_batch_113.npz,45f0f885a63df4ada644f98bef3bbade30d3a887ac806073ce305b9c4fe93596,PASS
402,picorv32_cpu,GENERALIZATION_TRAIN,114,7296,64,128,48,48,6144,30,results/circuitsage_hmac_v2_12c1/full_campaign_execution_12c1l/raw_batches/picorv32_cpu/batch_114/full_batch_114.csv,0ee609418b79bd612379a69615c9a69dc062cd04bbcfa7cf02c4afd5995192bb,results/circuitsage_hmac_v2_12c1/full_campaign_execution_12c1l/per_batch_npz/picorv32_cpu/full_batch_114.npz,d5648ff0a30a010848833053cacd18654b6a5ef177f82bce6af434f0b1f756b4,PASS
403,picorv32_cpu,GENERALIZATION_TRAIN,115,7360,64,128,48,48,6144,66,results/circuitsage_hmac_v2_12c1/full_campaign_execution_12c1l/raw_batches/picorv32_cpu/batch_115/full_batch_115.csv,04e31cbe46802f08c9f2feaa2620f5b7f0bdf14f9500d481fed65d6746020aa2,results/circuitsage_hmac_v2_12c1/full_campaign_execution_12c1l/per_batch_npz/picorv32_cpu/full_batch_115.npz,30895f0a75572ab3452331392d7669ac63ae7caa5cc9975c17c7268254fcab64,PASS
404,picorv32_cpu,GENERALIZATION_TRAIN,116,7424,64,128,48,48,6144,67,results/circuitsage_hmac_v2_12c1/full_campaign_execution_12c1l/raw_batches/picorv32_cpu/batch_116/full_batch_116.csv,331960d335693cd832df1078c313bedebc3fa192515ee6954fac386947421e7b,results/circuitsage_hmac_v2_12c1/full_campaign_execution_12c1l/per_batch_npz/picorv32_cpu/full_batch_116.npz,9f8a5e155b505de7e82d0358d040d4dae3bf4199d0a7425f75e54b057615f029,PASS
405,picorv32_cpu,GENERALIZATION_TRAIN,117,7488,64,128,48,48,6144,36,results/circuitsage_hmac_v2_12c1/full_campaign_execution_12c1l/raw_batches/picorv32_cpu/batch_117/full_batch_117.csv,bdd47ff39ba4c44e419252c6047c3287d080f6829a07afd48a1e198253b22d80,results/circuitsage_hmac_v2_12c1/full_campaign_execution_12c1l/per_batch_npz/picorv32_cpu/full_batch_117.npz,aa97eb3f80c47cb4cf34ce93367a0e0b72c8227b3224f94b704d84507469e4da,PASS
406,picorv32_cpu,GENERALIZATION_TRAIN,118,7552,64,128,48,48,6144,34,results/circuitsage_hmac_v2_12c1/full_campaign_execution_12c1l/raw_batches/picorv32_cpu/batch_118/full_batch_118.csv,27ddf21dec4a66b7b7337ea1c849029b23d34b87e70ba0a2664699cd7fe7302d,results/circuitsage_hmac_v2_12c1/full_campaign_execution_12c1l/per_batch_npz/picorv32_cpu/full_batch_118.npz,8588c55cf1fedc06a0c2954a3cea517163befadc76d1b08fca25157c513b4b98,PASS
407,picorv32_cpu,GENERALIZATION_TRAIN,119,7616,64,128,48,48,6144,72,results/circuitsage_hmac_v2_12c1/full_campaign_execution_12c1l/raw_batches/picorv32_cpu/batch_119/full_batch_119.csv,d9a4707af4ae0c5c6231f4127d8b20e1108036e3f8cc38ca0f5bd33a20bed74e,results/circuitsage_hmac_v2_12c1/full_campaign_execution_12c1l/per_batch_npz/picorv32_cpu/full_batch_119.npz,30580b1b5958484b48ebed293d7d0e85940ff822669ac46a74fbd6474d3955bc,PASS
408,picorv32_cpu,GENERALIZATION_TRAIN,120,7680,64,128,48,48,6144,70,results/circuitsage_hmac_v2_12c1/full_campaign_execution_12c1l/raw_batches/picorv32_cpu/batch_120/full_batch_120.csv,65bc1cc4b48eecebf15221458d312b88bcda58d288a3da4307b5424bf20b91ed,results/circuitsage_hmac_v2_12c1/full_campaign_execution_12c1l/per_batch_npz/picorv32_cpu/full_batch_120.npz,d31e08b57afdc9f3a74fb5f7406d61f13e251798a4699b08d814784df57f7d04,PASS
409,picorv32_cpu,GENERALIZATION_TRAIN,121,7744,64,128,48,48,6144,55,results/circuitsage_hmac_v2_12c1/full_campaign_execution_12c1l/raw_batches/picorv32_cpu/batch_121/full_batch_121.csv,3b9bf70f32b2526ba2859e4002d3ad6619bdb515bc2167a84adc155859868bb0,results/circuitsage_hmac_v2_12c1/full_campaign_execution_12c1l/per_batch_npz/picorv32_cpu/full_batch_121.npz,63cda269a166df2c4a29acadeceee8f5c398b509ec1323891b204e072e873298,PASS
410,picorv32_cpu,GENERALIZATION_TRAIN,122,7808,64,128,48,48,6144,9,results/circuitsage_hmac_v2_12c1/full_campaign_execution_12c1l/raw_batches/picorv32_cpu/batch_122/full_batch_122.csv,8ec2714735dc4ddc5e4e5f226662d7547b4092d226a03d539d1b1f3b641cbe52,results/circuitsage_hmac_v2_12c1/full_campaign_execution_12c1l/per_batch_npz/picorv32_cpu/full_batch_122.npz,6e583b423645847f41c2d5c9b286381280604ed46a632f2526ac1761a306199f,PASS
411,picorv32_cpu,GENERALIZATION_TRAIN,123,7872,64,128,48,48,6144,51,results/circuitsage_hmac_v2_12c1/full_campaign_execution_12c1l/raw_batches/picorv32_cpu/batch_123/full_batch_123.csv,12cc1f489df49b75fff2c02c6a9344f8213bce1c0645b13b11e979c8a8d318b3,results/circuitsage_hmac_v2_12c1/full_campaign_execution_12c1l/per_batch_npz/picorv32_cpu/full_batch_123.npz,1436eaf568d37f044b79483d636dcd4df5bd9ca3038ae0797e9ebeb1112b9c8c,PASS
412,picorv32_cpu,GENERALIZATION_TRAIN,124,7936,64,128,48,48,6144,69,results/circuitsage_hmac_v2_12c1/full_campaign_execution_12c1l/raw_batches/picorv32_cpu/batch_124/full_batch_124.csv,2a2a04f26dc86733d7db40917deb9a5410879e09909d3faf4577b220b8192f64,results/circuitsage_hmac_v2_12c1/full_campaign_execution_12c1l/per_batch_npz/picorv32_cpu/full_batch_124.npz,f46734d9f76da3b5850a054da264b1b6e378c31c7537d1af72beae9cd55bb02d,PASS
413,picorv32_cpu,GENERALIZATION_TRAIN,125,8000,64,128,48,48,6144,68,results/circuitsage_hmac_v2_12c1/full_campaign_execution_12c1l/raw_batches/picorv32_cpu/batch_125/full_batch_125.csv,a64defc24ae10078b61640de1e7c829c1d77ef71fcedc04eb43e9bf668f2be41,results/circuitsage_hmac_v2_12c1/full_campaign_execution_12c1l/per_batch_npz/picorv32_cpu/full_batch_125.npz,247df95f4db74a47d9273fd9951ecc6fb19b98a1e1b8e8849df3f8979df10f3c,PASS
414,picorv32_cpu,GENERALIZATION_TRAIN,126,8064,64,128,48,48,6144,64,results/circuitsage_hmac_v2_12c1/full_campaign_execution_12c1l/raw_batches/picorv32_cpu/batch_126/full_batch_126.csv,4f257ba08610786acb494fb0296ea3b5b3f29a213f98cdbe2e90ca5b3cd51c67,results/circuitsage_hmac_v2_12c1/full_campaign_execution_12c1l/per_batch_npz/picorv32_cpu/full_batch_126.npz,d51db10e76dffa8489859d6511e9e24100674c08f01dcef3267618fdace2ab8e,PASS
415,picorv32_cpu,GENERALIZATION_TRAIN,127,8128,64,128,48,48,6144,43,results/circuitsage_hmac_v2_12c1/full_campaign_execution_12c1l/raw_batches/picorv32_cpu/batch_127/full_batch_127.csv,31cb2e3ad308826a726a01fafa8b93bc7d78d282de5387de8d8018b9f1f563b8,results/circuitsage_hmac_v2_12c1/full_campaign_execution_12c1l/per_batch_npz/picorv32_cpu/full_batch_127.npz,1f4c3fcbb9e2c6d9179674c27708675f520bb47167fab9a9516ff4afada40766,PASS
416,picorv32_cpu,GENERALIZATION_TRAIN,128,8192,64,128,48,48,6144,0,results/circuitsage_hmac_v2_12c1/full_campaign_execution_12c1l/raw_batches/picorv32_cpu/batch_128/full_batch_128.csv,4291b9edd2829f41b82e84e21e2ad706b09c82ea06145244ee5de1c1cc5c014a,results/circuitsage_hmac_v2_12c1/full_campaign_execution_12c1l/per_batch_npz/picorv32_cpu/full_batch_128.npz,a299f1a7207e2f03f693fa6771fec66e16ec14b4698c934aecf987701aa50ad3,PASS
417,picorv32_cpu,GENERALIZATION_TRAIN,129,8256,64,128,48,48,6144,27,results/circuitsage_hmac_v2_12c1/full_campaign_execution_12c1l/raw_batches/picorv32_cpu/batch_129/full_batch_129.csv,b73bdcbd66d50096c5e8505cb119cd009df470ab1c783a87b2c45843e9472048,results/circuitsage_hmac_v2_12c1/full_campaign_execution_12c1l/per_batch_npz/picorv32_cpu/full_batch_129.npz,33d7232bd86ce9a4b45c71a7ad6513293d06a5e3bdbea18f15e5836a0c8ca0c4,PASS
418,picorv32_cpu,GENERALIZATION_TRAIN,130,8320,64,128,48,48,6144,67,results/circuitsage_hmac_v2_12c1/full_campaign_execution_12c1l/raw_batches/picorv32_cpu/batch_130/full_batch_130.csv,2af1e2e1a3afb61dba44f8818f24152702a6cdd233230ee329dda56ddb44f480,results/circuitsage_hmac_v2_12c1/full_campaign_execution_12c1l/per_batch_npz/picorv32_cpu/full_batch_130.npz,c5206d45b88b7bcb459ba2fcdd3a339960a0637c469b8184a1b794a4588f41fa,PASS
419,picorv32_cpu,GENERALIZATION_TRAIN,131,8384,64,128,48,48,6144,64,results/circuitsage_hmac_v2_12c1/full_campaign_execution_12c1l/raw_batches/picorv32_cpu/batch_131/full_batch_131.csv,7da881915068cf2e949d136c6f41585c93f5a6ac4564d08d90f92a563b1956ba,results/circuitsage_hmac_v2_12c1/full_campaign_execution_12c1l/per_batch_npz/picorv32_cpu/full_batch_131.npz,503bf9ec4238c96daa066d5bb7344babfbaf3762da22dbe57af397d5bdf66e80,PASS
420,picorv32_cpu,GENERALIZATION_TRAIN,132,8448,64,128,48,48,6144,68,results/circuitsage_hmac_v2_12c1/full_campaign_execution_12c1l/raw_batches/picorv32_cpu/batch_132/full_batch_132.csv,1e5774fc44572c712ccbeabd050bd959eed91dd5626ef55184858255edd778b1,results/circuitsage_hmac_v2_12c1/full_campaign_execution_12c1l/per_batch_npz/picorv32_cpu/full_batch_132.npz,999565a73dd4669944414adee44b308a86bbb0aa91cea4f7af44a888ef49b291,PASS
421,picorv32_cpu,GENERALIZATION_TRAIN,133,8512,64,128,48,48,6144,67,results/circuitsage_hmac_v2_12c1/full_campaign_execution_12c1l/raw_batches/picorv32_cpu/batch_133/full_batch_133.csv,ed26efe7da03fd7db2052dd70ee6aac8ee3b9529228ab501643446daaec0bd24,results/circuitsage_hmac_v2_12c1/full_campaign_execution_12c1l/per_batch_npz/picorv32_cpu/full_batch_133.npz,fc0d1d62e4b8b9fa3b4b611a6db24654639c2c35dd4802f6ccb902ad7a5562ca,PASS
422,picorv32_cpu,GENERALIZATION_TRAIN,134,8576,64,128,48,48,6144,3,results/circuitsage_hmac_v2_12c1/full_campaign_execution_12c1l/raw_batches/picorv32_cpu/batch_134/full_batch_134.csv,c46f4a83eb971f493c7895ca332d99ffe43cdc0c7eda800991f26b60b6752316,results/circuitsage_hmac_v2_12c1/full_campaign_execution_12c1l/per_batch_npz/picorv32_cpu/full_batch_134.npz,8d076d69bf587dd1d6a9875f1c4b47a3d740a03ea148b89356c0a6530d39cfcc,PASS
423,picorv32_cpu,GENERALIZATION_TRAIN,135,8640,64,128,48,48,6144,50,results/circuitsage_hmac_v2_12c1/full_campaign_execution_12c1l/raw_batches/picorv32_cpu/batch_135/full_batch_135.csv,c4d5aaacda2a26e50d0152656b3e3c6674a528cb320b839bf8889bbd44232a54,results/circuitsage_hmac_v2_12c1/full_campaign_execution_12c1l/per_batch_npz/picorv32_cpu/full_batch_135.npz,697aa35697028022cc5876f3bc8222ec3d64629867cb52d4e477a379edd36f90,PASS
424,picorv32_cpu,GENERALIZATION_TRAIN,136,8704,64,128,48,48,6144,66,results/circuitsage_hmac_v2_12c1/full_campaign_execution_12c1l/raw_batches/picorv32_cpu/batch_136/full_batch_136.csv,4d924c13b6857126ec110647bd2fe5f53e44cf590436feaaab7cb1e9f26859ac,results/circuitsage_hmac_v2_12c1/full_campaign_execution_12c1l/per_batch_npz/picorv32_cpu/full_batch_136.npz,11414aa40bc4565ea2d77c241d231ad218e4bbdf3008eae5bcd593b6c780c4fd,PASS
425,picorv32_cpu,GENERALIZATION_TRAIN,137,8768,64,128,48,48,6144,54,results/circuitsage_hmac_v2_12c1/full_campaign_execution_12c1l/raw_batches/picorv32_cpu/batch_137/full_batch_137.csv,4e20a3017d50e144fea534f15878d03c40431a1e73414d67814180cb21a70417,results/circuitsage_hmac_v2_12c1/full_campaign_execution_12c1l/per_batch_npz/picorv32_cpu/full_batch_137.npz,e81d00251e9d43ddfdbd7fa74cb23ee82a5d60828b5aafc4f80af0281aa2432b,PASS
426,picorv32_cpu,GENERALIZATION_TRAIN,138,8832,64,128,48,48,6144,58,results/circuitsage_hmac_v2_12c1/full_campaign_execution_12c1l/raw_batches/picorv32_cpu/batch_138/full_batch_138.csv,758fe7ac78bc3cee1733ac13774fd10c2e561a6a56408f0d2409cb5791b2e54c,results/circuitsage_hmac_v2_12c1/full_campaign_execution_12c1l/per_batch_npz/picorv32_cpu/full_batch_138.npz,c8bf1b16523969a183b0070c0f0a54b9d9afe8cc244d1f878ea8554324c396f9,PASS
427,picorv32_cpu,GENERALIZATION_TRAIN,139,8896,64,128,48,48,6144,54,results/circuitsage_hmac_v2_12c1/full_campaign_execution_12c1l/raw_batches/picorv32_cpu/batch_139/full_batch_139.csv,4a813232a0b14753dddf2c2d6fd542574c389da63b0b384d7fd42f052f1988fd,results/circuitsage_hmac_v2_12c1/full_campaign_execution_12c1l/per_batch_npz/picorv32_cpu/full_batch_139.npz,6daa4ee74497f48c5d3f254db40739ae89657d4e154dacf924da69e3fcbf326d,PASS
428,picorv32_cpu,GENERALIZATION_TRAIN,140,8960,64,128,48,48,6144,0,results/circuitsage_hmac_v2_12c1/full_campaign_execution_12c1l/raw_batches/picorv32_cpu/batch_140/full_batch_140.csv,7406f67ba0ae977e6bfceb46894ab5fdfe8488fe41ebea5e81b95bdf656c86a7,results/circuitsage_hmac_v2_12c1/full_campaign_execution_12c1l/per_batch_npz/picorv32_cpu/full_batch_140.npz,09900134f134b401f0bfcf7a32293b0a2c6439310d5890cf2601a196a653c8ad,PASS
429,picorv32_cpu,GENERALIZATION_TRAIN,141,9024,64,128,48,48,6144,0,results/circuitsage_hmac_v2_12c1/full_campaign_execution_12c1l/raw_batches/picorv32_cpu/batch_141/full_batch_141.csv,fe802ca8521063d31967b6cb98903aced6c84c5fef1631bcb45acdd4ea841b05,results/circuitsage_hmac_v2_12c1/full_campaign_execution_12c1l/per_batch_npz/picorv32_cpu/full_batch_141.npz,e9f5c33bc07022a562537b55473c4968a9a4b4157b230a3b96d6831f1ea6f1b8,PASS
430,picorv32_cpu,GENERALIZATION_TRAIN,142,9088,64,128,48,48,6144,46,results/circuitsage_hmac_v2_12c1/full_campaign_execution_12c1l/raw_batches/picorv32_cpu/batch_142/full_batch_142.csv,ec1cc10b9d00d755e1d6b1d274b14b99a951556f5ffd77c4a2164e8174db22f4,results/circuitsage_hmac_v2_12c1/full_campaign_execution_12c1l/per_batch_npz/picorv32_cpu/full_batch_142.npz,6ca2cc9a178d166b4fbc3afc21bfe513a081add4f995b8c5bb1c238b11da0f85,PASS
431,picorv32_cpu,GENERALIZATION_TRAIN,143,9152,64,128,48,48,6144,60,results/circuitsage_hmac_v2_12c1/full_campaign_execution_12c1l/raw_batches/picorv32_cpu/batch_143/full_batch_143.csv,14f3c8e783ff849e238b55027c499177f44b529182713db5b186901600ee32a8,results/circuitsage_hmac_v2_12c1/full_campaign_execution_12c1l/per_batch_npz/picorv32_cpu/full_batch_143.npz,96074db042a2885ed93d2540fa6b5a282b640c8713d8f9943d809063e48d258d,PASS
432,picorv32_cpu,GENERALIZATION_TRAIN,144,9216,64,128,48,48,6144,70,results/circuitsage_hmac_v2_12c1/full_campaign_execution_12c1l/raw_batches/picorv32_cpu/batch_144/full_batch_144.csv,335518c9ccaf9f8390b2257507d1c5c8b06d143e5ef2da31596f2a35725eb265,results/circuitsage_hmac_v2_12c1/full_campaign_execution_12c1l/per_batch_npz/picorv32_cpu/full_batch_144.npz,cd340d6295a422910911a30edb64bac2a21286ea19311438d3ee1f3dd6f656c9,PASS
433,picorv32_cpu,GENERALIZATION_TRAIN,145,9280,64,128,48,48,6144,14,results/circuitsage_hmac_v2_12c1/full_campaign_execution_12c1l/raw_batches/picorv32_cpu/batch_145/full_batch_145.csv,2343ac20dd9f9155af7f94b0de13ac787abb8ba1c868c9f0b838c4d6f33f8ec3,results/circuitsage_hmac_v2_12c1/full_campaign_execution_12c1l/per_batch_npz/picorv32_cpu/full_batch_145.npz,0ed5ff7c7c91e7e836666d9a0c7a05e9a93b062195dfafee84d116a9ab363aa2,PASS
434,picorv32_cpu,GENERALIZATION_TRAIN,146,9344,64,128,48,48,6144,54,results/circuitsage_hmac_v2_12c1/full_campaign_execution_12c1l/raw_batches/picorv32_cpu/batch_146/full_batch_146.csv,828d91116c4308da975c9e95f2e5c8cf2ae260624498de5002f49138b020497c,results/circuitsage_hmac_v2_12c1/full_campaign_execution_12c1l/per_batch_npz/picorv32_cpu/full_batch_146.npz,f794f285d78ddc057c0c500798c7ca81986459229bbeb10e1a7e41815f5275cd,PASS
435,picorv32_cpu,GENERALIZATION_TRAIN,147,9408,64,128,48,48,6144,61,results/circuitsage_hmac_v2_12c1/full_campaign_execution_12c1l/raw_batches/picorv32_cpu/batch_147/full_batch_147.csv,6f965c5c7c594d0f7213d9978a7799dd53be460072d3bc51449130c7f58ed33c,results/circuitsage_hmac_v2_12c1/full_campaign_execution_12c1l/per_batch_npz/picorv32_cpu/full_batch_147.npz,345fe2014d1fbfeb1b8b30a4ad47f71db0a7779c228d86382ac17f85897c84a9,PASS
436,picorv32_cpu,GENERALIZATION_TRAIN,148,9472,64,128,48,48,6144,66,results/circuitsage_hmac_v2_12c1/full_campaign_execution_12c1l/raw_batches/picorv32_cpu/batch_148/full_batch_148.csv,6e71b3a5c23bf826de1a44c84411af4402fb3e82a7c88cb1a466e5107d9436d0,results/circuitsage_hmac_v2_12c1/full_campaign_execution_12c1l/per_batch_npz/picorv32_cpu/full_batch_148.npz,178645efcb49ce265016c8c59d3d061e1ed03e4c75c6d489cca82324c8d6154e,PASS
437,picorv32_cpu,GENERALIZATION_TRAIN,149,9536,64,128,48,48,6144,67,results/circuitsage_hmac_v2_12c1/full_campaign_execution_12c1l/raw_batches/picorv32_cpu/batch_149/full_batch_149.csv,f9d8260653ca20d95af4070a38b0ea10d88db564d59567b50688aec829a62a26,results/circuitsage_hmac_v2_12c1/full_campaign_execution_12c1l/per_batch_npz/picorv32_cpu/full_batch_149.npz,af481f486e8b2e4a30fcf33dcc425b110c7ed5765e51a2a5b9dfdd62652e7381,PASS
438,picorv32_cpu,GENERALIZATION_TRAIN,150,9600,64,128,48,48,6144,23,results/circuitsage_hmac_v2_12c1/full_campaign_execution_12c1l/raw_batches/picorv32_cpu/batch_150/full_batch_150.csv,7093d130c08d91076569142f92256ae0fb52ac6434086fde1caaa7870167b4c6,results/circuitsage_hmac_v2_12c1/full_campaign_execution_12c1l/per_batch_npz/picorv32_cpu/full_batch_150.npz,f2c16bc1cd60cf0c68fb36b56b9384356a2f97bdd1197b70acb7f2599f369262,PASS
439,picorv32_cpu,GENERALIZATION_TRAIN,151,9664,1,2,48,48,96,0,results/circuitsage_hmac_v2_12c1/full_campaign_execution_12c1l/raw_batches/picorv32_cpu/batch_151/full_batch_151.csv,23604fec91c09ffe3382a4d773443c0c6ed1ca0c82aaa7555484fbb6f8e186ce,results/circuitsage_hmac_v2_12c1/full_campaign_execution_12c1l/per_batch_npz/picorv32_cpu/full_batch_151.npz,accc2f74e8af5a79a0f15582ecc0b39138fb99785678acc6b827364c285b9d22,PASS
440,secworks_aes,GENERALIZATION_TRAIN,0,0,64,128,64,64,8192,128,results/circuitsage_hmac_v2_12c1/full_campaign_execution_12c1l/raw_batches/secworks_aes/batch_000/full_batch_000.csv,00e2a60d3c35de72ed31f7a9077e532095b5633030083f3110d3960c150c52f9,results/circuitsage_hmac_v2_12c1/full_campaign_execution_12c1l/per_batch_npz/secworks_aes/full_batch_000.npz,f8d7cdaca5ffda6cdcb88034aa8519d0b758587e49ad473baee7060be7c736c3,PASS
441,secworks_aes,GENERALIZATION_TRAIN,1,64,64,128,64,64,8192,128,results/circuitsage_hmac_v2_12c1/full_campaign_execution_12c1l/raw_batches/secworks_aes/batch_001/full_batch_001.csv,5488b2c1d9064cb8d4b09d999a08a1552be16b04d7769a4f1fc07a7742876869,results/circuitsage_hmac_v2_12c1/full_campaign_execution_12c1l/per_batch_npz/secworks_aes/full_batch_001.npz,4d121a3b221246c64c6bf4d95d2a2dd81ca942019011ec08830050c187345f9b,PASS
442,secworks_aes,GENERALIZATION_TRAIN,2,128,64,128,64,64,8192,128,results/circuitsage_hmac_v2_12c1/full_campaign_execution_12c1l/raw_batches/secworks_aes/batch_002/full_batch_002.csv,4e4fb568623989f5fd1b0140e6bcf5ae1620aed631c495c87aa4876ffc23a623,results/circuitsage_hmac_v2_12c1/full_campaign_execution_12c1l/per_batch_npz/secworks_aes/full_batch_002.npz,270b0d51942c4d03048e3efd9d01aa4a5d8ad0e76f884b010d3e6abb427eb950,PASS
443,secworks_aes,GENERALIZATION_TRAIN,3,192,64,128,64,64,8192,128,results/circuitsage_hmac_v2_12c1/full_campaign_execution_12c1l/raw_batches/secworks_aes/batch_003/full_batch_003.csv,425c176683760a76f4aa5be667957c5e6b2397a563fe16ef65b570093e77e551,results/circuitsage_hmac_v2_12c1/full_campaign_execution_12c1l/per_batch_npz/secworks_aes/full_batch_003.npz,a620af2f579dd2ee17bc4a34d2c39a31a583822a19734356253a57bb52e81c64,PASS
444,secworks_aes,GENERALIZATION_TRAIN,4,256,64,128,64,64,8192,128,results/circuitsage_hmac_v2_12c1/full_campaign_execution_12c1l/raw_batches/secworks_aes/batch_004/full_batch_004.csv,4a5aa51ec901ffa39d20e3d84b991465c5feeb402d5fc0fda3f035c4a689786f,results/circuitsage_hmac_v2_12c1/full_campaign_execution_12c1l/per_batch_npz/secworks_aes/full_batch_004.npz,25bb2379140a46d5ae1474fc1211ba38fddc5f05f06b05674b2bb72fab3f2024,PASS
445,secworks_aes,GENERALIZATION_TRAIN,5,320,64,128,64,64,8192,128,results/circuitsage_hmac_v2_12c1/full_campaign_execution_12c1l/raw_batches/secworks_aes/batch_005/full_batch_005.csv,bef3f08684199aa688c9b99bf6a8ab3bbaf007e924eaf7b96bcfefc2513c3907,results/circuitsage_hmac_v2_12c1/full_campaign_execution_12c1l/per_batch_npz/secworks_aes/full_batch_005.npz,d9dce77d3b865018a5e631497a201bce892cc9f0047a31f6b3bf006e781c6077,PASS
446,secworks_aes,GENERALIZATION_TRAIN,6,384,64,128,64,64,8192,128,results/circuitsage_hmac_v2_12c1/full_campaign_execution_12c1l/raw_batches/secworks_aes/batch_006/full_batch_006.csv,810217862791bf0ca86eb9e992342d36d7275902dd6e0dc8c56e4410e9ee91e5,results/circuitsage_hmac_v2_12c1/full_campaign_execution_12c1l/per_batch_npz/secworks_aes/full_batch_006.npz,c373b338378abc5b012d2de4471db44cf8f5aa83a8c9da336667f835135ee3aa,PASS
447,secworks_aes,GENERALIZATION_TRAIN,7,448,64,128,64,64,8192,128,results/circuitsage_hmac_v2_12c1/full_campaign_execution_12c1l/raw_batches/secworks_aes/batch_007/full_batch_007.csv,35416ded4488ffb33e717a91b726b36cc982d118dd014c4ad1b1c1d03c082239,results/circuitsage_hmac_v2_12c1/full_campaign_execution_12c1l/per_batch_npz/secworks_aes/full_batch_007.npz,67435c73051ad36ce025d271cc79d67ab4b026c2cb411b5a670e4ada4dbc4783,PASS
448,secworks_aes,GENERALIZATION_TRAIN,8,512,64,128,64,64,8192,128,results/circuitsage_hmac_v2_12c1/full_campaign_execution_12c1l/raw_batches/secworks_aes/batch_008/full_batch_008.csv,b48084d42a18407103520d1dfa0f1ee0597c088c6124ebaf36fa6fe33d08ba4d,results/circuitsage_hmac_v2_12c1/full_campaign_execution_12c1l/per_batch_npz/secworks_aes/full_batch_008.npz,bf5b301669ded8fefde1c96faa7d2d8841b2ebd281ce80f4ad88a53b9f7b4e85,PASS
449,secworks_aes,GENERALIZATION_TRAIN,9,576,64,128,64,64,8192,128,results/circuitsage_hmac_v2_12c1/full_campaign_execution_12c1l/raw_batches/secworks_aes/batch_009/full_batch_009.csv,b589506bdd4ed7b8bfe9d42b6c91b830d778af61bf5f486dffbbb7910ca30994,results/circuitsage_hmac_v2_12c1/full_campaign_execution_12c1l/per_batch_npz/secworks_aes/full_batch_009.npz,2e1a9cd71ce078ef159644988d6e010de96e6ef97124862ea5196016b129a779,PASS
450,secworks_aes,GENERALIZATION_TRAIN,10,640,64,128,64,64,8192,128,results/circuitsage_hmac_v2_12c1/full_campaign_execution_12c1l/raw_batches/secworks_aes/batch_010/full_batch_010.csv,9824cecb29fc55b0c3730b6063ad1873f9b37699a398e3e388c0d842a2127028,results/circuitsage_hmac_v2_12c1/full_campaign_execution_12c1l/per_batch_npz/secworks_aes/full_batch_010.npz,3075b3e8272219bfd7b7d157f685284416ce799197ae7187cb6703d517caae6b,PASS
451,secworks_aes,GENERALIZATION_TRAIN,11,704,64,128,64,64,8192,128,results/circuitsage_hmac_v2_12c1/full_campaign_execution_12c1l/raw_batches/secworks_aes/batch_011/full_batch_011.csv,df554c4516045816a57e123c7fdd4bdf6151b51aba983bf75c79b093905ce7a1,results/circuitsage_hmac_v2_12c1/full_campaign_execution_12c1l/per_batch_npz/secworks_aes/full_batch_011.npz,76e25e362df6bed121c069f91d999c7cee000ce313b3d5cbfb1d36a941a8f676,PASS
452,secworks_aes,GENERALIZATION_TRAIN,12,768,64,128,64,64,8192,128,results/circuitsage_hmac_v2_12c1/full_campaign_execution_12c1l/raw_batches/secworks_aes/batch_012/full_batch_012.csv,c83a619247b006c05264e5ab81de6574423d6a68f6a4b665b13c69736789bf0b,results/circuitsage_hmac_v2_12c1/full_campaign_execution_12c1l/per_batch_npz/secworks_aes/full_batch_012.npz,5e452a07a01f02023a209af22c188bb3ffd35a576b8ecd2f8ff0ad8a2b47d3e1,PASS
453,secworks_aes,GENERALIZATION_TRAIN,13,832,64,128,64,64,8192,128,results/circuitsage_hmac_v2_12c1/full_campaign_execution_12c1l/raw_batches/secworks_aes/batch_013/full_batch_013.csv,894ba76e9b9f20901883920760143b192f3f992ba827f2ed23859a0ad6cc029e,results/circuitsage_hmac_v2_12c1/full_campaign_execution_12c1l/per_batch_npz/secworks_aes/full_batch_013.npz,0309ab09c95a27ac67b376159c97567636a9fa61c49a5977f64dacb5a33f3f28,PASS
454,secworks_aes,GENERALIZATION_TRAIN,14,896,64,128,64,64,8192,128,results/circuitsage_hmac_v2_12c1/full_campaign_execution_12c1l/raw_batches/secworks_aes/batch_014/full_batch_014.csv,e14985c20a190a5494acf2e0123f426c33c4ece7b63e88a1ac26bcab73794037,results/circuitsage_hmac_v2_12c1/full_campaign_execution_12c1l/per_batch_npz/secworks_aes/full_batch_014.npz,378083cd53225d676613e825710b91c6f4d85834a9abed949f3d7b906b9cb4f0,PASS
455,secworks_aes,GENERALIZATION_TRAIN,15,960,64,128,64,64,8192,128,results/circuitsage_hmac_v2_12c1/full_campaign_execution_12c1l/raw_batches/secworks_aes/batch_015/full_batch_015.csv,d7d855c40f80343573083c4795580e5942559b7605add1ba587e0be37869ff54,results/circuitsage_hmac_v2_12c1/full_campaign_execution_12c1l/per_batch_npz/secworks_aes/full_batch_015.npz,90117ab7d859463f881049dccdb74d399470d4025da629e447ed6d5fcd004523,PASS
456,secworks_aes,GENERALIZATION_TRAIN,16,1024,64,128,64,64,8192,128,results/circuitsage_hmac_v2_12c1/full_campaign_execution_12c1l/raw_batches/secworks_aes/batch_016/full_batch_016.csv,9a89dbbe0ab4cf8e5f5ab14da010b40ac543b34bd36d172eb69cae165071066d,results/circuitsage_hmac_v2_12c1/full_campaign_execution_12c1l/per_batch_npz/secworks_aes/full_batch_016.npz,5c43f2b147278ae8d7eb6e3fbfdb63089ce2f87f1adf761841f6fcd682d716c8,PASS
457,secworks_aes,GENERALIZATION_TRAIN,17,1088,64,128,64,64,8192,128,results/circuitsage_hmac_v2_12c1/full_campaign_execution_12c1l/raw_batches/secworks_aes/batch_017/full_batch_017.csv,24ea8c447f2e596c2266e75f56fe53bce3f38b9e34f9a061f77f4b1cfc42e4fd,results/circuitsage_hmac_v2_12c1/full_campaign_execution_12c1l/per_batch_npz/secworks_aes/full_batch_017.npz,18121643732b040a62770c0e133be3b99333887e21c09f784feb106a054d68c1,PASS
458,secworks_aes,GENERALIZATION_TRAIN,18,1152,64,128,64,64,8192,128,results/circuitsage_hmac_v2_12c1/full_campaign_execution_12c1l/raw_batches/secworks_aes/batch_018/full_batch_018.csv,7fc7e107faf03ddad903674da3fdca100c6758335a685f59ef5c8b793c220dfa,results/circuitsage_hmac_v2_12c1/full_campaign_execution_12c1l/per_batch_npz/secworks_aes/full_batch_018.npz,02138eb0d3f6458efbfde45e8c33edfb31ee77a85a5f40e4b48650dd358ab83d,PASS
459,secworks_aes,GENERALIZATION_TRAIN,19,1216,64,128,64,64,8192,128,results/circuitsage_hmac_v2_12c1/full_campaign_execution_12c1l/raw_batches/secworks_aes/batch_019/full_batch_019.csv,7a3a3a89c7ad72e7998da9ac3add32b4d9f1994fe0db609b774321ca25ed04cf,results/circuitsage_hmac_v2_12c1/full_campaign_execution_12c1l/per_batch_npz/secworks_aes/full_batch_019.npz,458fb0eaea071d8e4744e31afd4924581ac6b95fd81145dcacab5484b6aa29b0,PASS
460,secworks_aes,GENERALIZATION_TRAIN,20,1280,64,128,64,64,8192,128,results/circuitsage_hmac_v2_12c1/full_campaign_execution_12c1l/raw_batches/secworks_aes/batch_020/full_batch_020.csv,d4b3f2371dbf3e73d546740dd430676c160f6f330cccda87f8d7a8f165fa0703,results/circuitsage_hmac_v2_12c1/full_campaign_execution_12c1l/per_batch_npz/secworks_aes/full_batch_020.npz,557478873f3abe311e63f2917ee288f9043ef250e7e13b3fad8ac203c979b7af,PASS
461,secworks_aes,GENERALIZATION_TRAIN,21,1344,64,128,64,64,8192,128,results/circuitsage_hmac_v2_12c1/full_campaign_execution_12c1l/raw_batches/secworks_aes/batch_021/full_batch_021.csv,d4afdfa4a618f284981015197fa920ccb6efe8491d168dbf2f854b22ea80817c,results/circuitsage_hmac_v2_12c1/full_campaign_execution_12c1l/per_batch_npz/secworks_aes/full_batch_021.npz,51ab96706eb3e2b2575dc972710659a1ea77980b71a4830d951e98d2b4b3d09e,PASS
462,secworks_aes,GENERALIZATION_TRAIN,22,1408,64,128,64,64,8192,128,results/circuitsage_hmac_v2_12c1/full_campaign_execution_12c1l/raw_batches/secworks_aes/batch_022/full_batch_022.csv,bf4699b2119433d08b5b20acc6b0b1afeb9f49b9f34ecc0acebbe546dcd91e06,results/circuitsage_hmac_v2_12c1/full_campaign_execution_12c1l/per_batch_npz/secworks_aes/full_batch_022.npz,e2ff0e6597e23f9ab03bc817a0d24887f63e69c5e2162d30599ba6c94007e981,PASS
463,secworks_aes,GENERALIZATION_TRAIN,23,1472,64,128,64,64,8192,128,results/circuitsage_hmac_v2_12c1/full_campaign_execution_12c1l/raw_batches/secworks_aes/batch_023/full_batch_023.csv,7ef8fc3b85b04b547aaa7f0f8ebf5378d7a5535a005f2f17567a89ef13261fc7,results/circuitsage_hmac_v2_12c1/full_campaign_execution_12c1l/per_batch_npz/secworks_aes/full_batch_023.npz,087ca33ef0ff4c791bf5567ecbeea52e7a76d9e195f3dd925b957b62a7300c74,PASS
464,secworks_aes,GENERALIZATION_TRAIN,24,1536,64,128,64,64,8192,128,results/circuitsage_hmac_v2_12c1/full_campaign_execution_12c1l/raw_batches/secworks_aes/batch_024/full_batch_024.csv,3229e55f96506b70cbbc8a32d8231f591732977c5365dca9679009455a676101,results/circuitsage_hmac_v2_12c1/full_campaign_execution_12c1l/per_batch_npz/secworks_aes/full_batch_024.npz,e98ebb6d25587bbb1c02a3f98cbe38d59aa456ac66552df8b8b3ea40e7551c61,PASS
465,secworks_aes,GENERALIZATION_TRAIN,25,1600,64,128,64,64,8192,128,results/circuitsage_hmac_v2_12c1/full_campaign_execution_12c1l/raw_batches/secworks_aes/batch_025/full_batch_025.csv,f4a23e3b4cb94b703d0c9c57ae93607c02596ae4d77ee68eb39fee0d1e6bf100,results/circuitsage_hmac_v2_12c1/full_campaign_execution_12c1l/per_batch_npz/secworks_aes/full_batch_025.npz,21af0a4327ae9e7534b428e8a006095ad3976aeb878cbf4edc2b67c54a828efe,PASS
466,secworks_aes,GENERALIZATION_TRAIN,26,1664,64,128,64,64,8192,128,results/circuitsage_hmac_v2_12c1/full_campaign_execution_12c1l/raw_batches/secworks_aes/batch_026/full_batch_026.csv,88c06d6ba0b6f9492720ffd7419b071d72c48af90fde8ab6d130b05d03c9fe0b,results/circuitsage_hmac_v2_12c1/full_campaign_execution_12c1l/per_batch_npz/secworks_aes/full_batch_026.npz,ae100660ee34fb2ec10c9d2685dc683457654f25004fe45286e8dad00dfc4227,PASS
467,secworks_aes,GENERALIZATION_TRAIN,27,1728,64,128,64,64,8192,128,results/circuitsage_hmac_v2_12c1/full_campaign_execution_12c1l/raw_batches/secworks_aes/batch_027/full_batch_027.csv,c04066bd84479965855bc9057d66358c2309c5290eaae040fd2269a65c7591db,results/circuitsage_hmac_v2_12c1/full_campaign_execution_12c1l/per_batch_npz/secworks_aes/full_batch_027.npz,31202d2a7fb8cba1f9d1d9b0d17a5792f6ed364cfc27f7e7b021c6081c055e01,PASS
468,secworks_aes,GENERALIZATION_TRAIN,28,1792,64,128,64,64,8192,128,results/circuitsage_hmac_v2_12c1/full_campaign_execution_12c1l/raw_batches/secworks_aes/batch_028/full_batch_028.csv,b4d152b607d843ee1ca823b322b7530a37299a0ee879e2c55f5c0c90d8751ac9,results/circuitsage_hmac_v2_12c1/full_campaign_execution_12c1l/per_batch_npz/secworks_aes/full_batch_028.npz,664db0a8a82c577fc6a66bbf47e7e05ee3d1f29293e24ddd4090a8c69ef5ff24,PASS
469,secworks_aes,GENERALIZATION_TRAIN,29,1856,64,128,64,64,8192,128,results/circuitsage_hmac_v2_12c1/full_campaign_execution_12c1l/raw_batches/secworks_aes/batch_029/full_batch_029.csv,842ba3d096e5f19e57f2b956614bf1de6ac2fe2a84dac24e7bc55e7c72d1d697,results/circuitsage_hmac_v2_12c1/full_campaign_execution_12c1l/per_batch_npz/secworks_aes/full_batch_029.npz,2412db0b0fde0f3b2658a3350532064e1d603663249ea4ea17249f90ff78baa1,PASS
470,secworks_aes,GENERALIZATION_TRAIN,30,1920,64,128,64,64,8192,128,results/circuitsage_hmac_v2_12c1/full_campaign_execution_12c1l/raw_batches/secworks_aes/batch_030/full_batch_030.csv,c8840271da9a30ecf51ced48aeae716742da464493a1f5c31d608a54d9652168,results/circuitsage_hmac_v2_12c1/full_campaign_execution_12c1l/per_batch_npz/secworks_aes/full_batch_030.npz,b383420bedf5fbf81c4b017e4f36e89930c5fbeb28fce195edc0184ca460b054,PASS
471,secworks_aes,GENERALIZATION_TRAIN,31,1984,64,128,64,64,8192,128,results/circuitsage_hmac_v2_12c1/full_campaign_execution_12c1l/raw_batches/secworks_aes/batch_031/full_batch_031.csv,5e44accbd7a994a7d056fb6683d08dbc593f08efdd0f3ae983715cbee69e8dd1,results/circuitsage_hmac_v2_12c1/full_campaign_execution_12c1l/per_batch_npz/secworks_aes/full_batch_031.npz,12dff2e6f22e8f8d2c26b516685f548f99f6099ba255dd200cf2c4bf9e3d9743,PASS
472,secworks_aes,GENERALIZATION_TRAIN,32,2048,64,128,64,64,8192,128,results/circuitsage_hmac_v2_12c1/full_campaign_execution_12c1l/raw_batches/secworks_aes/batch_032/full_batch_032.csv,d0ec3574b4ce09bc5a8bf08af5b6e3c1eae302173b709acbc4cfa963213fd07a,results/circuitsage_hmac_v2_12c1/full_campaign_execution_12c1l/per_batch_npz/secworks_aes/full_batch_032.npz,4cbc0a676149761775a84b7e97fad250f1518ee258bcf3def303d24906aa60be,PASS
473,secworks_aes,GENERALIZATION_TRAIN,33,2112,64,128,64,64,8192,128,results/circuitsage_hmac_v2_12c1/full_campaign_execution_12c1l/raw_batches/secworks_aes/batch_033/full_batch_033.csv,3828dc051ac6c1a6be51e822314203dd2ee6579f5c4057e44e680e6500fb7e02,results/circuitsage_hmac_v2_12c1/full_campaign_execution_12c1l/per_batch_npz/secworks_aes/full_batch_033.npz,cea3473b6bfc376883259450b1454fabf5640b1816f5d3a0f13b805347f2963d,PASS
474,secworks_aes,GENERALIZATION_TRAIN,34,2176,64,128,64,64,8192,128,results/circuitsage_hmac_v2_12c1/full_campaign_execution_12c1l/raw_batches/secworks_aes/batch_034/full_batch_034.csv,84f406603a5a62f6b312df4f8cc136d0e69e5d026fe1051603bebe12c09b39b8,results/circuitsage_hmac_v2_12c1/full_campaign_execution_12c1l/per_batch_npz/secworks_aes/full_batch_034.npz,7e2f4af2f1733a42ea5e647b7b2ed05d8e260cd6d1d64ae1cd2bf41c161b2f36,PASS
475,secworks_aes,GENERALIZATION_TRAIN,35,2240,64,128,64,64,8192,128,results/circuitsage_hmac_v2_12c1/full_campaign_execution_12c1l/raw_batches/secworks_aes/batch_035/full_batch_035.csv,bae4d7cc2b69dd5052e381d02a658fc539c26dc0d2f1aab4e5d64545568b7f82,results/circuitsage_hmac_v2_12c1/full_campaign_execution_12c1l/per_batch_npz/secworks_aes/full_batch_035.npz,a6da950b34ee0e10623f864c224a88886064621c8d9c45bf69a23b6be3f7f6fd,PASS
476,secworks_aes,GENERALIZATION_TRAIN,36,2304,64,128,64,64,8192,128,results/circuitsage_hmac_v2_12c1/full_campaign_execution_12c1l/raw_batches/secworks_aes/batch_036/full_batch_036.csv,c51e7163c8fd396ad20fd2f3d29a43b26b25e625c1608302673ba74ed06a5b96,results/circuitsage_hmac_v2_12c1/full_campaign_execution_12c1l/per_batch_npz/secworks_aes/full_batch_036.npz,93a0db00f99f3905310d9c44128e182590d114a6b93320092d122c1a7c2de6ae,PASS
477,secworks_aes,GENERALIZATION_TRAIN,37,2368,64,128,64,64,8192,128,results/circuitsage_hmac_v2_12c1/full_campaign_execution_12c1l/raw_batches/secworks_aes/batch_037/full_batch_037.csv,61c39a99f0797ee13be87ff894ed8c88891c977640ce77cc78834717bd07cf4c,results/circuitsage_hmac_v2_12c1/full_campaign_execution_12c1l/per_batch_npz/secworks_aes/full_batch_037.npz,60bb2d83f46a0317f130942b7ef37c373b60cd4ecdcbeda2021ddeb5a4e362ce,PASS
478,secworks_aes,GENERALIZATION_TRAIN,38,2432,64,128,64,64,8192,128,results/circuitsage_hmac_v2_12c1/full_campaign_execution_12c1l/raw_batches/secworks_aes/batch_038/full_batch_038.csv,dd1dca3084ed90015406f4d25cf2212af7d7ddbb5183511980444b2c457f3408,results/circuitsage_hmac_v2_12c1/full_campaign_execution_12c1l/per_batch_npz/secworks_aes/full_batch_038.npz,91b8ee99d8f1d90825641073ebd70b7b2152fbc0ec30a315412688aed657d486,PASS
479,secworks_aes,GENERALIZATION_TRAIN,39,2496,64,128,64,64,8192,127,results/circuitsage_hmac_v2_12c1/full_campaign_execution_12c1l/raw_batches/secworks_aes/batch_039/full_batch_039.csv,e68aa15c9015f0924509a05e9e1b85f9ad9c08de913ff9d7a92db78a67fd2f87,results/circuitsage_hmac_v2_12c1/full_campaign_execution_12c1l/per_batch_npz/secworks_aes/full_batch_039.npz,3e761428498947ee5352749ac93284572217b0947b618f89860d406001a68427,PASS
480,secworks_aes,GENERALIZATION_TRAIN,40,2560,64,128,64,64,8192,121,results/circuitsage_hmac_v2_12c1/full_campaign_execution_12c1l/raw_batches/secworks_aes/batch_040/full_batch_040.csv,57d10e1e1a505daf232aa03219b6f791934cf474cf7c6c3e5d41572b61efd332,results/circuitsage_hmac_v2_12c1/full_campaign_execution_12c1l/per_batch_npz/secworks_aes/full_batch_040.npz,8f0532a9a6f38329efc5885038a252515567ab094b6e594d43b39492dcde8821,PASS
481,secworks_aes,GENERALIZATION_TRAIN,41,2624,64,128,64,64,8192,128,results/circuitsage_hmac_v2_12c1/full_campaign_execution_12c1l/raw_batches/secworks_aes/batch_041/full_batch_041.csv,b7e4d89011389c6c688dc5ea6f8bfc4d760a626c454d5d4a86e61af8eb52ef58,results/circuitsage_hmac_v2_12c1/full_campaign_execution_12c1l/per_batch_npz/secworks_aes/full_batch_041.npz,8f63cbd5670f9c9f67416bad66e4b2a6e0e30cea6c50139b85bb1246331d4036,PASS
482,secworks_aes,GENERALIZATION_TRAIN,42,2688,64,128,64,64,8192,128,results/circuitsage_hmac_v2_12c1/full_campaign_execution_12c1l/raw_batches/secworks_aes/batch_042/full_batch_042.csv,53c0cb0fa3d7f9d765f8bdf6bd9d3be18d17d302a721d026bb9045f8479772ef,results/circuitsage_hmac_v2_12c1/full_campaign_execution_12c1l/per_batch_npz/secworks_aes/full_batch_042.npz,4fa14a327643732219a97cd4dcd5967ead4e40eba73ffcc92c6e4e294667fa17,PASS
483,secworks_aes,GENERALIZATION_TRAIN,43,2752,64,128,64,64,8192,128,results/circuitsage_hmac_v2_12c1/full_campaign_execution_12c1l/raw_batches/secworks_aes/batch_043/full_batch_043.csv,860f5be0e46021e94cef68881a32fc4829b9812d436833a81c098d04fff23dfd,results/circuitsage_hmac_v2_12c1/full_campaign_execution_12c1l/per_batch_npz/secworks_aes/full_batch_043.npz,daf6f87246a9e5289db4509bfb0a7f5ce379df0aca8d0e4c9d3cb8a7946adc33,PASS
484,secworks_aes,GENERALIZATION_TRAIN,44,2816,64,128,64,64,8192,128,results/circuitsage_hmac_v2_12c1/full_campaign_execution_12c1l/raw_batches/secworks_aes/batch_044/full_batch_044.csv,5e99ed2d8c518f1536f8745cae7210ef43fa7e6b7a570dd25e108ec001e63a0e,results/circuitsage_hmac_v2_12c1/full_campaign_execution_12c1l/per_batch_npz/secworks_aes/full_batch_044.npz,85f42fad04b5a5097da0d18844f56cdd87e57ee9afd4e73cd31e4ff57f87a841,PASS
485,secworks_aes,GENERALIZATION_TRAIN,45,2880,64,128,64,64,8192,128,results/circuitsage_hmac_v2_12c1/full_campaign_execution_12c1l/raw_batches/secworks_aes/batch_045/full_batch_045.csv,77cee85100959e03758ad39ea2fffd3217b10b7c10e86bbc0abe21f2dce4e898,results/circuitsage_hmac_v2_12c1/full_campaign_execution_12c1l/per_batch_npz/secworks_aes/full_batch_045.npz,c47eb7eb8c2276141cb40dc55aacd4de53a05c218b1aa26475ad3c68737ebdb7,PASS
486,secworks_aes,GENERALIZATION_TRAIN,46,2944,64,128,64,64,8192,128,results/circuitsage_hmac_v2_12c1/full_campaign_execution_12c1l/raw_batches/secworks_aes/batch_046/full_batch_046.csv,dac4829de3cbd3db357dbead95b60d54b372861dc242133ff24d9d0850ca5c5c,results/circuitsage_hmac_v2_12c1/full_campaign_execution_12c1l/per_batch_npz/secworks_aes/full_batch_046.npz,1d56a2e2c1aadf9c9788d790bf8c67a409c855925280ab3455bdec50672b1256,PASS
487,secworks_aes,GENERALIZATION_TRAIN,47,3008,64,128,64,64,8192,128,results/circuitsage_hmac_v2_12c1/full_campaign_execution_12c1l/raw_batches/secworks_aes/batch_047/full_batch_047.csv,0e81cb16d3d85e5b88830bb997dd72162d24247eaa2d197eb170f5f4c56a6c10,results/circuitsage_hmac_v2_12c1/full_campaign_execution_12c1l/per_batch_npz/secworks_aes/full_batch_047.npz,e4b94c39e996f63e1fc0b9615e04ded6609f3d8258346bcd9008d1edd14a98f8,PASS
488,secworks_aes,GENERALIZATION_TRAIN,48,3072,64,128,64,64,8192,128,results/circuitsage_hmac_v2_12c1/full_campaign_execution_12c1l/raw_batches/secworks_aes/batch_048/full_batch_048.csv,7f219cd758e6d35736d8e4f30912745e375395ece8e076eb6975190059c516c1,results/circuitsage_hmac_v2_12c1/full_campaign_execution_12c1l/per_batch_npz/secworks_aes/full_batch_048.npz,936cd24a6389e3b2b5a21d70b396c858f60717d9f9895aad495a42e0eb91263b,PASS
489,secworks_aes,GENERALIZATION_TRAIN,49,3136,64,128,64,64,8192,128,results/circuitsage_hmac_v2_12c1/full_campaign_execution_12c1l/raw_batches/secworks_aes/batch_049/full_batch_049.csv,317ee233d66ca8b94426731b12f7b8fc7db11f1ec7d1c8f508f0b16a29366756,results/circuitsage_hmac_v2_12c1/full_campaign_execution_12c1l/per_batch_npz/secworks_aes/full_batch_049.npz,b997776824aa95cead89c697a877e324f05a6b3a795417c37d24312bee23717a,PASS
490,secworks_aes,GENERALIZATION_TRAIN,50,3200,64,128,64,64,8192,128,results/circuitsage_hmac_v2_12c1/full_campaign_execution_12c1l/raw_batches/secworks_aes/batch_050/full_batch_050.csv,2f9356d99e54097042216edf160ab2c6c95278865ae3cbc99251affa679b6073,results/circuitsage_hmac_v2_12c1/full_campaign_execution_12c1l/per_batch_npz/secworks_aes/full_batch_050.npz,31219463eab9b12a6376387f4273a01c1574d3cdd8d0d6bf4852b2ef339dcf42,PASS
491,secworks_aes,GENERALIZATION_TRAIN,51,3264,64,128,64,64,8192,128,results/circuitsage_hmac_v2_12c1/full_campaign_execution_12c1l/raw_batches/secworks_aes/batch_051/full_batch_051.csv,8fce1c2d2b800a9cd3070ce9e62daaceb5d922b99306321135a836f0db06186f,results/circuitsage_hmac_v2_12c1/full_campaign_execution_12c1l/per_batch_npz/secworks_aes/full_batch_051.npz,df80173570245900a6748262fc9f0e5bda9eba54014ae520a6b6eb97791449cb,PASS
492,secworks_aes,GENERALIZATION_TRAIN,52,3328,64,128,64,64,8192,128,results/circuitsage_hmac_v2_12c1/full_campaign_execution_12c1l/raw_batches/secworks_aes/batch_052/full_batch_052.csv,ed45b20cacf16f25aae7b17397225ecd1c1a07231d9838b9e00d78204ce5047f,results/circuitsage_hmac_v2_12c1/full_campaign_execution_12c1l/per_batch_npz/secworks_aes/full_batch_052.npz,e80938de84012ef005b76f1c99f50bc4c4e132d2fc831d881a92de282d2895a7,PASS
493,secworks_aes,GENERALIZATION_TRAIN,53,3392,64,128,64,64,8192,128,results/circuitsage_hmac_v2_12c1/full_campaign_execution_12c1l/raw_batches/secworks_aes/batch_053/full_batch_053.csv,7667fd2807b67e3e2b3df9486145841666ebf72d34c642d41b909bd3eb838d7c,results/circuitsage_hmac_v2_12c1/full_campaign_execution_12c1l/per_batch_npz/secworks_aes/full_batch_053.npz,602c61cde0b30467361ea1d40f2e153cb14df80d207921fc22c4298818083a15,PASS
494,secworks_aes,GENERALIZATION_TRAIN,54,3456,64,128,64,64,8192,128,results/circuitsage_hmac_v2_12c1/full_campaign_execution_12c1l/raw_batches/secworks_aes/batch_054/full_batch_054.csv,1e537644914aaf36702dd1721bc9ef4705079784cee1c66c26c140cbbfee9195,results/circuitsage_hmac_v2_12c1/full_campaign_execution_12c1l/per_batch_npz/secworks_aes/full_batch_054.npz,dee3b1e26fd365a86d402417437b2f3341da2b6f81cd1ad8007f97d672154096,PASS
495,secworks_aes,GENERALIZATION_TRAIN,55,3520,64,128,64,64,8192,128,results/circuitsage_hmac_v2_12c1/full_campaign_execution_12c1l/raw_batches/secworks_aes/batch_055/full_batch_055.csv,1749371bd783bc411cff35254c9945328d2c707106cb153fc4d46c04a612f6eb,results/circuitsage_hmac_v2_12c1/full_campaign_execution_12c1l/per_batch_npz/secworks_aes/full_batch_055.npz,8f3b872986fe5eb2708f01100ab5826a24ce0395873f18f64f6ed3a0f2b1d464,PASS
496,secworks_aes,GENERALIZATION_TRAIN,56,3584,64,128,64,64,8192,128,results/circuitsage_hmac_v2_12c1/full_campaign_execution_12c1l/raw_batches/secworks_aes/batch_056/full_batch_056.csv,e6711cd2c8ae845ab1f67ef07aca368ffc5cf9032a4a4d959fc490bf22fc9541,results/circuitsage_hmac_v2_12c1/full_campaign_execution_12c1l/per_batch_npz/secworks_aes/full_batch_056.npz,45d23e58d32a0596e8a754e548a458100dacd73b32bdcc63e7877383c3abbf8e,PASS
497,secworks_aes,GENERALIZATION_TRAIN,57,3648,64,128,64,64,8192,128,results/circuitsage_hmac_v2_12c1/full_campaign_execution_12c1l/raw_batches/secworks_aes/batch_057/full_batch_057.csv,ceb526d2c3a46fd752e95fdf05f603141c3909fa39130b22eef3adcfaa59ce07,results/circuitsage_hmac_v2_12c1/full_campaign_execution_12c1l/per_batch_npz/secworks_aes/full_batch_057.npz,048dd3c86f2835fd4c113f2797b738d854c889ddf899c07159e16c5a5ec95afc,PASS
498,secworks_aes,GENERALIZATION_TRAIN,58,3712,64,128,64,64,8192,128,results/circuitsage_hmac_v2_12c1/full_campaign_execution_12c1l/raw_batches/secworks_aes/batch_058/full_batch_058.csv,687a3b80e30751e090a0074f525149444ef2056cb7d6452687cffc3186146c61,results/circuitsage_hmac_v2_12c1/full_campaign_execution_12c1l/per_batch_npz/secworks_aes/full_batch_058.npz,a7619370a2d8016d05256d4065f21fa7d1d67a2764a66c48cd6550bfc427c7e4,PASS
499,secworks_aes,GENERALIZATION_TRAIN,59,3776,64,128,64,64,8192,128,results/circuitsage_hmac_v2_12c1/full_campaign_execution_12c1l/raw_batches/secworks_aes/batch_059/full_batch_059.csv,fb945ab96400f26ca40a681bb80015f9cf4a1db9dd126b951a22420e8d911cb2,results/circuitsage_hmac_v2_12c1/full_campaign_execution_12c1l/per_batch_npz/secworks_aes/full_batch_059.npz,897abe8f8426f57f2e3c6440a21be1678c4fa6c4fc916af6312abb82e979a471,PASS
500,secworks_aes,GENERALIZATION_TRAIN,60,3840,64,128,64,64,8192,128,results/circuitsage_hmac_v2_12c1/full_campaign_execution_12c1l/raw_batches/secworks_aes/batch_060/full_batch_060.csv,ab5fdc26183901d4d40183c3615553ad86a18ae2705af62d35484ef233a0c4fc,results/circuitsage_hmac_v2_12c1/full_campaign_execution_12c1l/per_batch_npz/secworks_aes/full_batch_060.npz,9687131357b93124b721154d059a2e2daf765be0d67661b66e47c31ef4e9905e,PASS
501,secworks_aes,GENERALIZATION_TRAIN,61,3904,64,128,64,64,8192,128,results/circuitsage_hmac_v2_12c1/full_campaign_execution_12c1l/raw_batches/secworks_aes/batch_061/full_batch_061.csv,cb337ae0ddab1dece8a0766fdfb0eba56667f3efb0d7bf9acace746151113fb3,results/circuitsage_hmac_v2_12c1/full_campaign_execution_12c1l/per_batch_npz/secworks_aes/full_batch_061.npz,d8109d9374d3ddf56f6d670beddd252ab1f2093ba21a519e5deaeb119fac398c,PASS
502,secworks_aes,GENERALIZATION_TRAIN,62,3968,64,128,64,64,8192,128,results/circuitsage_hmac_v2_12c1/full_campaign_execution_12c1l/raw_batches/secworks_aes/batch_062/full_batch_062.csv,f4524baa4923467b4e2e18b5572c1df55b835b8dd7199d87cc78506dfce2171d,results/circuitsage_hmac_v2_12c1/full_campaign_execution_12c1l/per_batch_npz/secworks_aes/full_batch_062.npz,32efa56c9a73d9bdce064d6574a1ebae9b3c0ae4cf30fd664d340579f7c8a96e,PASS
503,secworks_aes,GENERALIZATION_TRAIN,63,4032,64,128,64,64,8192,128,results/circuitsage_hmac_v2_12c1/full_campaign_execution_12c1l/raw_batches/secworks_aes/batch_063/full_batch_063.csv,84ff155fcad94cca0d527843dd424a8ca6481c1e5b1f030cf010684d30b1c9af,results/circuitsage_hmac_v2_12c1/full_campaign_execution_12c1l/per_batch_npz/secworks_aes/full_batch_063.npz,9d6d0580e444cb292c8f84681d3aaf2134eb443aaa79bd0eb4ded4776889effd,PASS
504,secworks_aes,GENERALIZATION_TRAIN,64,4096,64,128,64,64,8192,128,results/circuitsage_hmac_v2_12c1/full_campaign_execution_12c1l/raw_batches/secworks_aes/batch_064/full_batch_064.csv,99a68d7a2a3d4161962a3a2e4011945061803d65fa69c6c21eb2f2b26e54e625,results/circuitsage_hmac_v2_12c1/full_campaign_execution_12c1l/per_batch_npz/secworks_aes/full_batch_064.npz,9e85a3044f178e02825dc1f348500125ece448d3accec36f522fd6c8a1ce3299,PASS
505,secworks_aes,GENERALIZATION_TRAIN,65,4160,64,128,64,64,8192,128,results/circuitsage_hmac_v2_12c1/full_campaign_execution_12c1l/raw_batches/secworks_aes/batch_065/full_batch_065.csv,cbbff48e4f9d1ce171948ad489794e7999bc8ca4d661123b8c32b162662669db,results/circuitsage_hmac_v2_12c1/full_campaign_execution_12c1l/per_batch_npz/secworks_aes/full_batch_065.npz,eae0692895a08390d6fe84fd336669094d131bcf6364bf75074a1746cbf18efb,PASS
506,secworks_aes,GENERALIZATION_TRAIN,66,4224,64,128,64,64,8192,128,results/circuitsage_hmac_v2_12c1/full_campaign_execution_12c1l/raw_batches/secworks_aes/batch_066/full_batch_066.csv,f24374da33f8b71f9e42407ec680bb28c4821cd08a2eb9a860d928f8c080ce82,results/circuitsage_hmac_v2_12c1/full_campaign_execution_12c1l/per_batch_npz/secworks_aes/full_batch_066.npz,6b23ff847784537fc4fe27af80ebb2264d06572e1dbf645fa1390d7bcbbf37ff,PASS
507,secworks_aes,GENERALIZATION_TRAIN,67,4288,64,128,64,64,8192,128,results/circuitsage_hmac_v2_12c1/full_campaign_execution_12c1l/raw_batches/secworks_aes/batch_067/full_batch_067.csv,c30677394830e5c4bcf395a72365370ab24091319cbe1379a3267e12920ef884,results/circuitsage_hmac_v2_12c1/full_campaign_execution_12c1l/per_batch_npz/secworks_aes/full_batch_067.npz,8c066aa80e1be2195dbfce636888fff6fb460af4f272073b7854e553888f58c3,PASS
508,secworks_aes,GENERALIZATION_TRAIN,68,4352,64,128,64,64,8192,128,results/circuitsage_hmac_v2_12c1/full_campaign_execution_12c1l/raw_batches/secworks_aes/batch_068/full_batch_068.csv,90fa961920df32d7fa87bdd9de91a360d473c88c61010ca5629439c523bc801d,results/circuitsage_hmac_v2_12c1/full_campaign_execution_12c1l/per_batch_npz/secworks_aes/full_batch_068.npz,3a2b255f79b8915359895b40517f2a7672a27a3342d2549cc2776e7f92dd9a76,PASS
509,secworks_aes,GENERALIZATION_TRAIN,69,4416,64,128,64,64,8192,128,results/circuitsage_hmac_v2_12c1/full_campaign_execution_12c1l/raw_batches/secworks_aes/batch_069/full_batch_069.csv,41486c18cb9ef2090b8aae42210646fa6ceed1a6e0abb5625c91cb4077deb409,results/circuitsage_hmac_v2_12c1/full_campaign_execution_12c1l/per_batch_npz/secworks_aes/full_batch_069.npz,813cb646051a394091a1245e11680b7c78c38d498f8fb20a68e08f374346d9ea,PASS
510,secworks_aes,GENERALIZATION_TRAIN,70,4480,64,128,64,64,8192,128,results/circuitsage_hmac_v2_12c1/full_campaign_execution_12c1l/raw_batches/secworks_aes/batch_070/full_batch_070.csv,b882b84f433bba13f9236e7a1547bd6100e68964e049d646ea5c0941cfb6ee64,results/circuitsage_hmac_v2_12c1/full_campaign_execution_12c1l/per_batch_npz/secworks_aes/full_batch_070.npz,82046337d7fa49bfbcba542b9ed145233701979015fb383ccac21bc15b92c811,PASS
511,secworks_aes,GENERALIZATION_TRAIN,71,4544,64,128,64,64,8192,128,results/circuitsage_hmac_v2_12c1/full_campaign_execution_12c1l/raw_batches/secworks_aes/batch_071/full_batch_071.csv,981b11f370fa7bf4965569330b90b7a053c7245fcfdd3e611622a22aa2207587,results/circuitsage_hmac_v2_12c1/full_campaign_execution_12c1l/per_batch_npz/secworks_aes/full_batch_071.npz,b58caa95faf3ff73afe4cc3feefca7f39d096956288e7b72010dad4d1f8bc94e,PASS
512,secworks_aes,GENERALIZATION_TRAIN,72,4608,64,128,64,64,8192,128,results/circuitsage_hmac_v2_12c1/full_campaign_execution_12c1l/raw_batches/secworks_aes/batch_072/full_batch_072.csv,138b9852c5333063eb5098488b95d697eb838f4b5367bda07b1560e4f99930dd,results/circuitsage_hmac_v2_12c1/full_campaign_execution_12c1l/per_batch_npz/secworks_aes/full_batch_072.npz,ea3762b97a25983ca481bb665bab108ad9a7f77157239bb1b659e36c81d06d7d,PASS
513,secworks_aes,GENERALIZATION_TRAIN,73,4672,64,128,64,64,8192,128,results/circuitsage_hmac_v2_12c1/full_campaign_execution_12c1l/raw_batches/secworks_aes/batch_073/full_batch_073.csv,faad1c350e832edd3bd345a3ab45546a4e897b6b93388bdf5314e2382995bb61,results/circuitsage_hmac_v2_12c1/full_campaign_execution_12c1l/per_batch_npz/secworks_aes/full_batch_073.npz,21518ba3ff801790fdbc257fcfae4ddd030d70319e5df02df08bc185570cbae2,PASS
514,secworks_aes,GENERALIZATION_TRAIN,74,4736,64,128,64,64,8192,128,results/circuitsage_hmac_v2_12c1/full_campaign_execution_12c1l/raw_batches/secworks_aes/batch_074/full_batch_074.csv,8f2215fe11d9b9c2e12623a56daec54890fa1c143b332d3f781d708c188b6f83,results/circuitsage_hmac_v2_12c1/full_campaign_execution_12c1l/per_batch_npz/secworks_aes/full_batch_074.npz,9848d288bfab9beeb264d3e0b30bb3c58e6ad8dde21dab551a9d30ae59f7c5b1,PASS
515,secworks_aes,GENERALIZATION_TRAIN,75,4800,64,128,64,64,8192,128,results/circuitsage_hmac_v2_12c1/full_campaign_execution_12c1l/raw_batches/secworks_aes/batch_075/full_batch_075.csv,d9695f74286b4f4b35e909b3840d2175bf867e4305d4a67042673e561513f041,results/circuitsage_hmac_v2_12c1/full_campaign_execution_12c1l/per_batch_npz/secworks_aes/full_batch_075.npz,e21819a89140b7c265f4fd8b828fbaddb3be7affc5d19974882a356ca9cc2489,PASS
516,secworks_aes,GENERALIZATION_TRAIN,76,4864,64,128,64,64,8192,128,results/circuitsage_hmac_v2_12c1/full_campaign_execution_12c1l/raw_batches/secworks_aes/batch_076/full_batch_076.csv,430dc8200639a0f78e7a6a9483530926279ff6f1775f1e9e597a0782e0a4d7be,results/circuitsage_hmac_v2_12c1/full_campaign_execution_12c1l/per_batch_npz/secworks_aes/full_batch_076.npz,ce69e17efb496955b4950aba1d495138b4931cd0e419bfedd14bc7e7cece17ae,PASS
517,secworks_aes,GENERALIZATION_TRAIN,77,4928,64,128,64,64,8192,128,results/circuitsage_hmac_v2_12c1/full_campaign_execution_12c1l/raw_batches/secworks_aes/batch_077/full_batch_077.csv,d3401bcbcdad77af7bf8090fb9c571947bb4a225eb8676124778bd4a525a12d7,results/circuitsage_hmac_v2_12c1/full_campaign_execution_12c1l/per_batch_npz/secworks_aes/full_batch_077.npz,36057b29acecd0b583e63fe1c539aad61d2b116e25af2f394881d3c400a5a5c3,PASS
518,secworks_aes,GENERALIZATION_TRAIN,78,4992,64,128,64,64,8192,128,results/circuitsage_hmac_v2_12c1/full_campaign_execution_12c1l/raw_batches/secworks_aes/batch_078/full_batch_078.csv,83d81931e468e32678ca92e8a12d821cb9f1fbf04e7585cbe6a8186863b9c8b4,results/circuitsage_hmac_v2_12c1/full_campaign_execution_12c1l/per_batch_npz/secworks_aes/full_batch_078.npz,d7e21c1702d94791ee47e2e66c41c22c56f1cd9915d2eade924ad9f7eeaab8ee,PASS
519,secworks_aes,GENERALIZATION_TRAIN,79,5056,64,128,64,64,8192,128,results/circuitsage_hmac_v2_12c1/full_campaign_execution_12c1l/raw_batches/secworks_aes/batch_079/full_batch_079.csv,e82550fa0b45140411301afef3edcabb0f2547afc4c1cb3b8c30399eadc7a336,results/circuitsage_hmac_v2_12c1/full_campaign_execution_12c1l/per_batch_npz/secworks_aes/full_batch_079.npz,051ea9872d595124a42c966aa19cdd431f0ebef6176a254adbcbf13911e318bf,PASS
520,secworks_aes,GENERALIZATION_TRAIN,80,5120,64,128,64,64,8192,128,results/circuitsage_hmac_v2_12c1/full_campaign_execution_12c1l/raw_batches/secworks_aes/batch_080/full_batch_080.csv,503978154bebf63bd66454e77a5a8df911d5f2cc0833070a3546ca50703d3f7b,results/circuitsage_hmac_v2_12c1/full_campaign_execution_12c1l/per_batch_npz/secworks_aes/full_batch_080.npz,63ec2b32a87fc17da4a5f55d7a31d40b26a531eff452147c5cefe03d25e79306,PASS
521,secworks_aes,GENERALIZATION_TRAIN,81,5184,64,128,64,64,8192,128,results/circuitsage_hmac_v2_12c1/full_campaign_execution_12c1l/raw_batches/secworks_aes/batch_081/full_batch_081.csv,dbb9fd3bd076509238a5292d0c322cd5e249c3366244f23c53c8b407d2a32dc1,results/circuitsage_hmac_v2_12c1/full_campaign_execution_12c1l/per_batch_npz/secworks_aes/full_batch_081.npz,70d1b9ed1e38cbf17035b44cb36131777f6aab65c7512b33ae7389150fd2cdb6,PASS
522,secworks_aes,GENERALIZATION_TRAIN,82,5248,64,128,64,64,8192,128,results/circuitsage_hmac_v2_12c1/full_campaign_execution_12c1l/raw_batches/secworks_aes/batch_082/full_batch_082.csv,b6c8deaefecf2791bc2450c57db6a65721de88bc506677919792faf3225f6e6a,results/circuitsage_hmac_v2_12c1/full_campaign_execution_12c1l/per_batch_npz/secworks_aes/full_batch_082.npz,97c8f98e4c3e17d912e00c3b0462c5516ce53e4dcf602fb5ea16108434267f94,PASS
523,secworks_aes,GENERALIZATION_TRAIN,83,5312,64,128,64,64,8192,128,results/circuitsage_hmac_v2_12c1/full_campaign_execution_12c1l/raw_batches/secworks_aes/batch_083/full_batch_083.csv,960b704488685b677b219aa69faadb61b9b23eb0121e9915f6c2903a1a2c5c20,results/circuitsage_hmac_v2_12c1/full_campaign_execution_12c1l/per_batch_npz/secworks_aes/full_batch_083.npz,6f0becb3fa60aa3684001d3fc2324740dedc20cc7c88c8e94cab689304291907,PASS
524,secworks_aes,GENERALIZATION_TRAIN,84,5376,64,128,64,64,8192,128,results/circuitsage_hmac_v2_12c1/full_campaign_execution_12c1l/raw_batches/secworks_aes/batch_084/full_batch_084.csv,ab62b8bea6993125275f2aa49888f2a4859ed94cabd493f8b5cf40a6381ae58d,results/circuitsage_hmac_v2_12c1/full_campaign_execution_12c1l/per_batch_npz/secworks_aes/full_batch_084.npz,79bb89bea6101ca63aac006462df78574364fb0efbcd4dc84c7e2298c1841239,PASS
525,secworks_aes,GENERALIZATION_TRAIN,85,5440,64,128,64,64,8192,128,results/circuitsage_hmac_v2_12c1/full_campaign_execution_12c1l/raw_batches/secworks_aes/batch_085/full_batch_085.csv,bd25a9865657dd741146666ddd161ceaee70ad3440f2e72e42153b999b9f87a8,results/circuitsage_hmac_v2_12c1/full_campaign_execution_12c1l/per_batch_npz/secworks_aes/full_batch_085.npz,7d16a9295f556af9e06591ce8def61316b95582bc1247d08f5ad596c6ada76aa,PASS
526,secworks_aes,GENERALIZATION_TRAIN,86,5504,64,128,64,64,8192,128,results/circuitsage_hmac_v2_12c1/full_campaign_execution_12c1l/raw_batches/secworks_aes/batch_086/full_batch_086.csv,c2609abb77d02cf8b12f830e0fcee2d381a25235b169bd7c2e8b483747ce3adb,results/circuitsage_hmac_v2_12c1/full_campaign_execution_12c1l/per_batch_npz/secworks_aes/full_batch_086.npz,c797374dcd67829b5a8c9ebe2adde7bd6349146b1f2701781f4b798c5c387504,PASS
527,secworks_aes,GENERALIZATION_TRAIN,87,5568,64,128,64,64,8192,128,results/circuitsage_hmac_v2_12c1/full_campaign_execution_12c1l/raw_batches/secworks_aes/batch_087/full_batch_087.csv,bd928590d906af89b0b8622bb7e77c45dd1262a62f0ed229b0d90a5791efb082,results/circuitsage_hmac_v2_12c1/full_campaign_execution_12c1l/per_batch_npz/secworks_aes/full_batch_087.npz,f27ba798e59744f62f4517e25b226c1958f1e4b21e953942eeee043b797d3e60,PASS
528,secworks_aes,GENERALIZATION_TRAIN,88,5632,64,128,64,64,8192,128,results/circuitsage_hmac_v2_12c1/full_campaign_execution_12c1l/raw_batches/secworks_aes/batch_088/full_batch_088.csv,2990b97dd7d782103c7158610aad86ef8ea3f80afa4d236362ab61e0bffdc7df,results/circuitsage_hmac_v2_12c1/full_campaign_execution_12c1l/per_batch_npz/secworks_aes/full_batch_088.npz,276b24a627ec1ea53538907fc677f78b63821a99181e0d76a95062feaac8bafc,PASS
529,secworks_aes,GENERALIZATION_TRAIN,89,5696,64,128,64,64,8192,122,results/circuitsage_hmac_v2_12c1/full_campaign_execution_12c1l/raw_batches/secworks_aes/batch_089/full_batch_089.csv,f33a52bf7c76a9ba22d374f48f4cad0fda7900c8c2f85aaf01ed5ff0f4b98eb9,results/circuitsage_hmac_v2_12c1/full_campaign_execution_12c1l/per_batch_npz/secworks_aes/full_batch_089.npz,d9ab6d883da6330c0d492c809062c6c4ae9846d5625299bc0c4caa469396630c,PASS
530,secworks_aes,GENERALIZATION_TRAIN,90,5760,64,128,64,64,8192,121,results/circuitsage_hmac_v2_12c1/full_campaign_execution_12c1l/raw_batches/secworks_aes/batch_090/full_batch_090.csv,282964397759792fd63b201d5d41967e59d1a690dc2ac0d521e2405f4f2f43c1,results/circuitsage_hmac_v2_12c1/full_campaign_execution_12c1l/per_batch_npz/secworks_aes/full_batch_090.npz,1566b8566c8aeec255ccdf52df265339e47c585e30d1f76d95432052ae727d11,PASS
531,secworks_aes,GENERALIZATION_TRAIN,91,5824,64,128,64,64,8192,123,results/circuitsage_hmac_v2_12c1/full_campaign_execution_12c1l/raw_batches/secworks_aes/batch_091/full_batch_091.csv,b9ac1b057ca86ca3fb1d364e6dc12e0739b48fead18acbf95948fc36fcbae833,results/circuitsage_hmac_v2_12c1/full_campaign_execution_12c1l/per_batch_npz/secworks_aes/full_batch_091.npz,a16e7adab3b1d8e1c2a791a8ab685fd300885fcc4289b81b5cbb32bb9e43d19f,PASS
532,secworks_aes,GENERALIZATION_TRAIN,92,5888,64,128,64,64,8192,121,results/circuitsage_hmac_v2_12c1/full_campaign_execution_12c1l/raw_batches/secworks_aes/batch_092/full_batch_092.csv,2670e591d64b149686668df7f2d1ceb4cb1e57f2ce86772291f84f18b7db2809,results/circuitsage_hmac_v2_12c1/full_campaign_execution_12c1l/per_batch_npz/secworks_aes/full_batch_092.npz,c755807d294cee01c505879d310cf5973f17ba09dc9d956c67559a7b9740225a,PASS
533,secworks_aes,GENERALIZATION_TRAIN,93,5952,64,128,64,64,8192,121,results/circuitsage_hmac_v2_12c1/full_campaign_execution_12c1l/raw_batches/secworks_aes/batch_093/full_batch_093.csv,2f19229a6d0a95fb2b9ba52cd587289a42770d9ba41f04876664f55d1779300a,results/circuitsage_hmac_v2_12c1/full_campaign_execution_12c1l/per_batch_npz/secworks_aes/full_batch_093.npz,c62b0b8a9f624fa3984fb4710d37d593790b38dea596aea12b8b6d5b569a26d1,PASS
534,secworks_aes,GENERALIZATION_TRAIN,94,6016,64,128,64,64,8192,121,results/circuitsage_hmac_v2_12c1/full_campaign_execution_12c1l/raw_batches/secworks_aes/batch_094/full_batch_094.csv,8a5a78726df04500fedae172ba2fd07c2f929104be0efa39caf2591ace2dc47f,results/circuitsage_hmac_v2_12c1/full_campaign_execution_12c1l/per_batch_npz/secworks_aes/full_batch_094.npz,72ae27bf69cb5ff0d7a35fda71ea6918d9f939fac3a3d59ba59c3f7ad3ff4d20,PASS
535,secworks_aes,GENERALIZATION_TRAIN,95,6080,64,128,64,64,8192,124,results/circuitsage_hmac_v2_12c1/full_campaign_execution_12c1l/raw_batches/secworks_aes/batch_095/full_batch_095.csv,2dfac01e7956eb2464e5b67572f0904245fa96c7c9f64f7b10eb0848591d9408,results/circuitsage_hmac_v2_12c1/full_campaign_execution_12c1l/per_batch_npz/secworks_aes/full_batch_095.npz,abbb7b36a6f7e8aa10035b37459b5bcef6c0ee9f6e258974dafbfdf2ab74b0ad,PASS
536,secworks_aes,GENERALIZATION_TRAIN,96,6144,64,128,64,64,8192,121,results/circuitsage_hmac_v2_12c1/full_campaign_execution_12c1l/raw_batches/secworks_aes/batch_096/full_batch_096.csv,c3cdc71ca262536f25f47dff5ae747a68933605b8ccbe66ab6f8634c73363e25,results/circuitsage_hmac_v2_12c1/full_campaign_execution_12c1l/per_batch_npz/secworks_aes/full_batch_096.npz,e12254dbf5e78ca0a2167963213c8bc7ca80c5a6bf5059e98ac1288b6f99faaa,PASS
537,secworks_aes,GENERALIZATION_TRAIN,97,6208,64,128,64,64,8192,122,results/circuitsage_hmac_v2_12c1/full_campaign_execution_12c1l/raw_batches/secworks_aes/batch_097/full_batch_097.csv,acedde29a21e16e9070c9123845f6d70bd16eb5be39fec2676f9b82f2ded98b3,results/circuitsage_hmac_v2_12c1/full_campaign_execution_12c1l/per_batch_npz/secworks_aes/full_batch_097.npz,1c83d2d0a0f6cb39304f9cd06457939546494a52a19d80a1f3923b916192aa7e,PASS
538,secworks_aes,GENERALIZATION_TRAIN,98,6272,64,128,64,64,8192,118,results/circuitsage_hmac_v2_12c1/full_campaign_execution_12c1l/raw_batches/secworks_aes/batch_098/full_batch_098.csv,962a6446ab23b9f2793e9cd93101cb52b8b69a5446ac47310912798daccef6a0,results/circuitsage_hmac_v2_12c1/full_campaign_execution_12c1l/per_batch_npz/secworks_aes/full_batch_098.npz,3077233176dc41c18207a1c04aed5f55b6d052033b0a9cf305883de3facc9623,PASS
539,secworks_aes,GENERALIZATION_TRAIN,99,6336,64,128,64,64,8192,121,results/circuitsage_hmac_v2_12c1/full_campaign_execution_12c1l/raw_batches/secworks_aes/batch_099/full_batch_099.csv,459eaa61840ab634d600f69424c4a26ae76124337edf77eec434b66c89b98169,results/circuitsage_hmac_v2_12c1/full_campaign_execution_12c1l/per_batch_npz/secworks_aes/full_batch_099.npz,71404541ea3dbaf289139a5845eb484fd1ab2a8a7e951c59eb9f0a0441c28e70,PASS
540,secworks_aes,GENERALIZATION_TRAIN,100,6400,64,128,64,64,8192,124,results/circuitsage_hmac_v2_12c1/full_campaign_execution_12c1l/raw_batches/secworks_aes/batch_100/full_batch_100.csv,a3e5ffcd84e1f002d62d9220fa13072b6728c8d136642dd99956319d14a13bc6,results/circuitsage_hmac_v2_12c1/full_campaign_execution_12c1l/per_batch_npz/secworks_aes/full_batch_100.npz,10a132374302b5ee4b62c144b8d60e53ecf809de99d50e00dddec59922b36f44,PASS
541,secworks_aes,GENERALIZATION_TRAIN,101,6464,64,128,64,64,8192,120,results/circuitsage_hmac_v2_12c1/full_campaign_execution_12c1l/raw_batches/secworks_aes/batch_101/full_batch_101.csv,95b3072023d9e99448219b462e2437c0c6ec0e3dd9b3f6cde99f78becd7923f0,results/circuitsage_hmac_v2_12c1/full_campaign_execution_12c1l/per_batch_npz/secworks_aes/full_batch_101.npz,e8fac5ec6fe8be7e2b0b56c0ce159a784f4c090d52b97ea80d5e01da56c6932a,PASS
542,secworks_aes,GENERALIZATION_TRAIN,102,6528,64,128,64,64,8192,91,results/circuitsage_hmac_v2_12c1/full_campaign_execution_12c1l/raw_batches/secworks_aes/batch_102/full_batch_102.csv,7515d30758e617801bde2629929bf016e9a688bbccc642e4dd5dc77003bbead8,results/circuitsage_hmac_v2_12c1/full_campaign_execution_12c1l/per_batch_npz/secworks_aes/full_batch_102.npz,0192605cad200ea53272982ce5382c91f8537aab5e836143867293e597c67aa8,PASS
543,secworks_aes,GENERALIZATION_TRAIN,103,6592,64,128,64,64,8192,117,results/circuitsage_hmac_v2_12c1/full_campaign_execution_12c1l/raw_batches/secworks_aes/batch_103/full_batch_103.csv,7b363579d14a075a84d2b439cb5e807784053d27d216cfaa67fa210a17b11bae,results/circuitsage_hmac_v2_12c1/full_campaign_execution_12c1l/per_batch_npz/secworks_aes/full_batch_103.npz,e9fa1bd61f48763f4583a35f8f8caf9c1bd85cde3c07d3d72ee86e0345074d03,PASS
544,secworks_aes,GENERALIZATION_TRAIN,104,6656,64,128,64,64,8192,126,results/circuitsage_hmac_v2_12c1/full_campaign_execution_12c1l/raw_batches/secworks_aes/batch_104/full_batch_104.csv,94051485c7ace15d49c24f5a48de0cfcfae447c8dadb2e68d7ff5fa6c1f68075,results/circuitsage_hmac_v2_12c1/full_campaign_execution_12c1l/per_batch_npz/secworks_aes/full_batch_104.npz,6a7e39cec05ead9183e55164b91206958ea62d8e16166a9f1db31177bf332b5c,PASS
545,secworks_aes,GENERALIZATION_TRAIN,105,6720,64,128,64,64,8192,123,results/circuitsage_hmac_v2_12c1/full_campaign_execution_12c1l/raw_batches/secworks_aes/batch_105/full_batch_105.csv,cc2335dbb21e227521ddb73c22069c3c3bbfebd1c66cb73aae818eae6775d858,results/circuitsage_hmac_v2_12c1/full_campaign_execution_12c1l/per_batch_npz/secworks_aes/full_batch_105.npz,4de4f46986fa4298d3e2859db43f86cff7c6c3c9e132ea6b1a3e966751b4c265,PASS
546,secworks_aes,GENERALIZATION_TRAIN,106,6784,64,128,64,64,8192,122,results/circuitsage_hmac_v2_12c1/full_campaign_execution_12c1l/raw_batches/secworks_aes/batch_106/full_batch_106.csv,92bd6f1cca8d7d0afe7d80ac465d3722e2da28817b7495ca19ad3a299ca8f7ad,results/circuitsage_hmac_v2_12c1/full_campaign_execution_12c1l/per_batch_npz/secworks_aes/full_batch_106.npz,cb0cbae1e72074f68fc5874c7bcdf87bcc0cc605414c707fe00a8d69546941b0,PASS
547,secworks_aes,GENERALIZATION_TRAIN,107,6848,64,128,64,64,8192,125,results/circuitsage_hmac_v2_12c1/full_campaign_execution_12c1l/raw_batches/secworks_aes/batch_107/full_batch_107.csv,8778fb14acf09d63ebbe456e988c5fdea2d3e4a0b8d2738327a2ef375acb1449,results/circuitsage_hmac_v2_12c1/full_campaign_execution_12c1l/per_batch_npz/secworks_aes/full_batch_107.npz,d13e54c3e20ae886bc0128b564eadfd70edf551bf2710a2f90f7ae608132a49d,PASS
548,secworks_aes,GENERALIZATION_TRAIN,108,6912,64,128,64,64,8192,127,results/circuitsage_hmac_v2_12c1/full_campaign_execution_12c1l/raw_batches/secworks_aes/batch_108/full_batch_108.csv,9649bc70090a409330725bb4afc47ac21d8d5f80cca0cdb686e9a41264c04987,results/circuitsage_hmac_v2_12c1/full_campaign_execution_12c1l/per_batch_npz/secworks_aes/full_batch_108.npz,09e9acce920c7c79abc93a634d97eedefd109ecd921dfaed3588427278cf695d,PASS
549,secworks_aes,GENERALIZATION_TRAIN,109,6976,64,128,64,64,8192,124,results/circuitsage_hmac_v2_12c1/full_campaign_execution_12c1l/raw_batches/secworks_aes/batch_109/full_batch_109.csv,a8a49ceb04417ad4c7c94e3e08ce94cd06b5a2dbdce4d4b69380a7bc22e26b37,results/circuitsage_hmac_v2_12c1/full_campaign_execution_12c1l/per_batch_npz/secworks_aes/full_batch_109.npz,fbcb80c0e4a582dcaae6d6f0f8e69d038994f3765d9f1e64d449480613338e2b,PASS
550,secworks_aes,GENERALIZATION_TRAIN,110,7040,64,128,64,64,8192,120,results/circuitsage_hmac_v2_12c1/full_campaign_execution_12c1l/raw_batches/secworks_aes/batch_110/full_batch_110.csv,3c8c6f9f954a0f8ce2ceb5b00c975821cff52345b489f93f54876b9fd845898c,results/circuitsage_hmac_v2_12c1/full_campaign_execution_12c1l/per_batch_npz/secworks_aes/full_batch_110.npz,279d5bca25ed9d646ff15baf61ab6503098493d6981f03252e22fb7ace4ff216,PASS
551,secworks_aes,GENERALIZATION_TRAIN,111,7104,64,128,64,64,8192,118,results/circuitsage_hmac_v2_12c1/full_campaign_execution_12c1l/raw_batches/secworks_aes/batch_111/full_batch_111.csv,566ef65f303d622c79c7c36bda7fe427c83077b1ef5632546e72a57b2f9e4292,results/circuitsage_hmac_v2_12c1/full_campaign_execution_12c1l/per_batch_npz/secworks_aes/full_batch_111.npz,0a267361453e47558f54734642c7bf9015e24f4127e021d9e53c035de06ed1a3,PASS
552,secworks_aes,GENERALIZATION_TRAIN,112,7168,64,128,64,64,8192,125,results/circuitsage_hmac_v2_12c1/full_campaign_execution_12c1l/raw_batches/secworks_aes/batch_112/full_batch_112.csv,2c9dccf75a1808c0c23dd4893a99ba08bc04dd9410da3949325e3bcee36e1e9e,results/circuitsage_hmac_v2_12c1/full_campaign_execution_12c1l/per_batch_npz/secworks_aes/full_batch_112.npz,f0eb860da7a48773fdfa149f8e3364ef5838d68a9763ae8c5fe2d64b69371124,PASS
553,secworks_aes,GENERALIZATION_TRAIN,113,7232,64,128,64,64,8192,125,results/circuitsage_hmac_v2_12c1/full_campaign_execution_12c1l/raw_batches/secworks_aes/batch_113/full_batch_113.csv,acdb92c46194eef57c92f458d75469c0787f57c03a479dba86c7b43ebc083795,results/circuitsage_hmac_v2_12c1/full_campaign_execution_12c1l/per_batch_npz/secworks_aes/full_batch_113.npz,5e7c1bb73a3ff792a944b363d27cb5c30640930ca0f064e02c07ae6e943ada10,PASS
554,secworks_aes,GENERALIZATION_TRAIN,114,7296,64,128,64,64,8192,127,results/circuitsage_hmac_v2_12c1/full_campaign_execution_12c1l/raw_batches/secworks_aes/batch_114/full_batch_114.csv,80a8e6a9605a93affa1eeefbe8b91287f354633237a837c73e7a360a29e10c6b,results/circuitsage_hmac_v2_12c1/full_campaign_execution_12c1l/per_batch_npz/secworks_aes/full_batch_114.npz,88995f34d77bd0cdf6bbba00b5beb398aa880159df22045cf9b0e9a40b6cb0c3,PASS
555,secworks_aes,GENERALIZATION_TRAIN,115,7360,64,128,64,64,8192,121,results/circuitsage_hmac_v2_12c1/full_campaign_execution_12c1l/raw_batches/secworks_aes/batch_115/full_batch_115.csv,e59be22f34c272db63ad175a777a5203d1cca1f41000c4a213a29dc0d7d29e61,results/circuitsage_hmac_v2_12c1/full_campaign_execution_12c1l/per_batch_npz/secworks_aes/full_batch_115.npz,e3820ed9ff46c9fd6ef6d428d65dabec54323d8c854a2e2c0efcfe260f655b1a,PASS
556,secworks_aes,GENERALIZATION_TRAIN,116,7424,64,128,64,64,8192,125,results/circuitsage_hmac_v2_12c1/full_campaign_execution_12c1l/raw_batches/secworks_aes/batch_116/full_batch_116.csv,b219b7d39a80d0273989915fba84328a3042bd1b4cea0845d8e5eb9ca3e64421,results/circuitsage_hmac_v2_12c1/full_campaign_execution_12c1l/per_batch_npz/secworks_aes/full_batch_116.npz,8039b0eaba06b27d923f6a2bde4757b7968acfec968fe21803b75728d6f61450,PASS
557,secworks_aes,GENERALIZATION_TRAIN,117,7488,64,128,64,64,8192,126,results/circuitsage_hmac_v2_12c1/full_campaign_execution_12c1l/raw_batches/secworks_aes/batch_117/full_batch_117.csv,af00019fdff4dade53f5b24c60207e24646edcdc520d688f626c4193472eefc5,results/circuitsage_hmac_v2_12c1/full_campaign_execution_12c1l/per_batch_npz/secworks_aes/full_batch_117.npz,33efeb16714b3e14688fc11aa3e08b8b82d73435414f73cb7c57d796da542fc4,PASS
558,secworks_aes,GENERALIZATION_TRAIN,118,7552,64,128,64,64,8192,123,results/circuitsage_hmac_v2_12c1/full_campaign_execution_12c1l/raw_batches/secworks_aes/batch_118/full_batch_118.csv,5a035bda4a05f66cb12cdbc8bbb8ae9d6dbacefbb6603280934bdbff4eeab52b,results/circuitsage_hmac_v2_12c1/full_campaign_execution_12c1l/per_batch_npz/secworks_aes/full_batch_118.npz,c13d1f85b46b21d17c5a59500804cfdd6c987d951823282e459d7f3909314248,PASS
559,secworks_aes,GENERALIZATION_TRAIN,119,7616,64,128,64,64,8192,122,results/circuitsage_hmac_v2_12c1/full_campaign_execution_12c1l/raw_batches/secworks_aes/batch_119/full_batch_119.csv,8ae280a8b3807f18e0136deaffe9594e789cf155559fb4bb3e0be461663921bb,results/circuitsage_hmac_v2_12c1/full_campaign_execution_12c1l/per_batch_npz/secworks_aes/full_batch_119.npz,887db590239aaf0b9c376f8e6c1372e1ce304bbf5992be141b61c6ca04bde383,PASS
560,secworks_aes,GENERALIZATION_TRAIN,120,7680,64,128,64,64,8192,120,results/circuitsage_hmac_v2_12c1/full_campaign_execution_12c1l/raw_batches/secworks_aes/batch_120/full_batch_120.csv,8408f7a59af9e1656104716d0f7af30e0395f193218b006d6596d85c37dd39c3,results/circuitsage_hmac_v2_12c1/full_campaign_execution_12c1l/per_batch_npz/secworks_aes/full_batch_120.npz,861bf93e372154c2cd60a5bc8f4a6cff26eced470d821c6c4c4a6f2931ec8d05,PASS
561,secworks_aes,GENERALIZATION_TRAIN,121,7744,64,128,64,64,8192,123,results/circuitsage_hmac_v2_12c1/full_campaign_execution_12c1l/raw_batches/secworks_aes/batch_121/full_batch_121.csv,8a1ea0b68d2e69071a0c94558acecd0ef2635703421e7c3046cf65648d5f172b,results/circuitsage_hmac_v2_12c1/full_campaign_execution_12c1l/per_batch_npz/secworks_aes/full_batch_121.npz,c9ba8292af50f5dda10343254daa9ddb97aef6c225da05470255c0d7379836ae,PASS
562,secworks_aes,GENERALIZATION_TRAIN,122,7808,64,128,64,64,8192,125,results/circuitsage_hmac_v2_12c1/full_campaign_execution_12c1l/raw_batches/secworks_aes/batch_122/full_batch_122.csv,417e9cb84a93e34bb69bdf6301cd7b721323f018d8bf5b5dc2fe47636d8d2446,results/circuitsage_hmac_v2_12c1/full_campaign_execution_12c1l/per_batch_npz/secworks_aes/full_batch_122.npz,d8f869d44280fa5457d481df35e44a34a46102df62418f3b20a0c40705b1d99a,PASS
563,secworks_aes,GENERALIZATION_TRAIN,123,7872,64,128,64,64,8192,123,results/circuitsage_hmac_v2_12c1/full_campaign_execution_12c1l/raw_batches/secworks_aes/batch_123/full_batch_123.csv,96f5d4222e15bf3c822c23e7ce31e1bbea2da6a3c5c6e4830d882b50c7ac6954,results/circuitsage_hmac_v2_12c1/full_campaign_execution_12c1l/per_batch_npz/secworks_aes/full_batch_123.npz,a7c7526c7bc165cb60bddc7dd7d7ddb5895635f0dea79f32054acac8585df6ea,PASS
564,secworks_aes,GENERALIZATION_TRAIN,124,7936,64,128,64,64,8192,119,results/circuitsage_hmac_v2_12c1/full_campaign_execution_12c1l/raw_batches/secworks_aes/batch_124/full_batch_124.csv,3179291539b6af505a2eeb15336048773c43fa6bf7d1b08ce93baed364d8a9f6,results/circuitsage_hmac_v2_12c1/full_campaign_execution_12c1l/per_batch_npz/secworks_aes/full_batch_124.npz,b3ee0d294ad97b495392a1a6e9aa1de694871966519e2dbb0ffc9fdd32b25325,PASS
565,secworks_aes,GENERALIZATION_TRAIN,125,8000,64,128,64,64,8192,123,results/circuitsage_hmac_v2_12c1/full_campaign_execution_12c1l/raw_batches/secworks_aes/batch_125/full_batch_125.csv,65681bc18af22eabc9a97835a346be4647974330e5260126922556922eb4557b,results/circuitsage_hmac_v2_12c1/full_campaign_execution_12c1l/per_batch_npz/secworks_aes/full_batch_125.npz,3e5cc38a2a3d26ad5c885bf401cf8c186d3a2dbf4e044b094f3fc4b8baf920c3,PASS
566,secworks_aes,GENERALIZATION_TRAIN,126,8064,64,128,64,64,8192,121,results/circuitsage_hmac_v2_12c1/full_campaign_execution_12c1l/raw_batches/secworks_aes/batch_126/full_batch_126.csv,1bf4fe197191aba9001dc379f19e5285d2cd07d77d2d4214bc1aba5bd3f53687,results/circuitsage_hmac_v2_12c1/full_campaign_execution_12c1l/per_batch_npz/secworks_aes/full_batch_126.npz,be6c6c0bd47710755b50a164710a6befc3b37a88e8e893cbd1538b2947338abe,PASS
567,secworks_aes,GENERALIZATION_TRAIN,127,8128,64,128,64,64,8192,126,results/circuitsage_hmac_v2_12c1/full_campaign_execution_12c1l/raw_batches/secworks_aes/batch_127/full_batch_127.csv,0527bdafa89791c97d3054b1825398ecf387a8aef307589aa58052c196ba6294,results/circuitsage_hmac_v2_12c1/full_campaign_execution_12c1l/per_batch_npz/secworks_aes/full_batch_127.npz,a866171c4e867cc34552a94d4e321a2246f516ac1ec108e3a18a9f2832054cd1,PASS
568,secworks_aes,GENERALIZATION_TRAIN,128,8192,64,128,64,64,8192,107,results/circuitsage_hmac_v2_12c1/full_campaign_execution_12c1l/raw_batches/secworks_aes/batch_128/full_batch_128.csv,98aa963dc6bd30b77425352f0b0d90cb536acd681bbda724daf5ea730896a798,results/circuitsage_hmac_v2_12c1/full_campaign_execution_12c1l/per_batch_npz/secworks_aes/full_batch_128.npz,8fe255a2b408cdf86277dd17024eb8d7fe205e7d31a937992c0de18b9825b54b,PASS
569,secworks_aes,GENERALIZATION_TRAIN,129,8256,64,128,64,64,8192,75,results/circuitsage_hmac_v2_12c1/full_campaign_execution_12c1l/raw_batches/secworks_aes/batch_129/full_batch_129.csv,9c1756ee9f2248ec4e4210ff3c234747649afead3c58962592daf648742bf918,results/circuitsage_hmac_v2_12c1/full_campaign_execution_12c1l/per_batch_npz/secworks_aes/full_batch_129.npz,d29c225fe7a0833f9b8706fab35c16ad21e0f32e648be0592f26e2e8d0ff44f8,PASS
570,secworks_aes,GENERALIZATION_TRAIN,130,8320,64,128,64,64,8192,92,results/circuitsage_hmac_v2_12c1/full_campaign_execution_12c1l/raw_batches/secworks_aes/batch_130/full_batch_130.csv,bc2358408491f0ef16152c5446cc139607a0ae3d5407ae59370355ec37f63f92,results/circuitsage_hmac_v2_12c1/full_campaign_execution_12c1l/per_batch_npz/secworks_aes/full_batch_130.npz,190f3098e5dc0e3f7fbacecdae7344904c8a0db0abe8998466919a5c61507e88,PASS
571,secworks_aes,GENERALIZATION_TRAIN,131,8384,64,128,64,64,8192,128,results/circuitsage_hmac_v2_12c1/full_campaign_execution_12c1l/raw_batches/secworks_aes/batch_131/full_batch_131.csv,313b25dd560de156d5839d332a6f00161bbee9085a9ef0f9d1f7f794aed703e3,results/circuitsage_hmac_v2_12c1/full_campaign_execution_12c1l/per_batch_npz/secworks_aes/full_batch_131.npz,6cb5fd544e435f857711eb41342aff7275a44aa4993164185c5b7b08126d8fbc,PASS
572,secworks_aes,GENERALIZATION_TRAIN,132,8448,64,128,64,64,8192,126,results/circuitsage_hmac_v2_12c1/full_campaign_execution_12c1l/raw_batches/secworks_aes/batch_132/full_batch_132.csv,19eb58c1d8ae5910126d6158134c1441c7a9c70c1d5afe04ad0b3cb1244b5db3,results/circuitsage_hmac_v2_12c1/full_campaign_execution_12c1l/per_batch_npz/secworks_aes/full_batch_132.npz,a23824b50bacd1fe234a518297b4359a316f8ca3c6408e349bd96e818c984009,PASS
573,secworks_aes,GENERALIZATION_TRAIN,133,8512,64,128,64,64,8192,127,results/circuitsage_hmac_v2_12c1/full_campaign_execution_12c1l/raw_batches/secworks_aes/batch_133/full_batch_133.csv,41cf64de5287181de4159074fcb41e1fc4d33b7e3e8878c34ad774ae7e60f30c,results/circuitsage_hmac_v2_12c1/full_campaign_execution_12c1l/per_batch_npz/secworks_aes/full_batch_133.npz,3c83961b4808c26ff8814d86557b64ddb113027e12f905d41304b8f8ccb93efd,PASS
574,secworks_aes,GENERALIZATION_TRAIN,134,8576,64,128,64,64,8192,128,results/circuitsage_hmac_v2_12c1/full_campaign_execution_12c1l/raw_batches/secworks_aes/batch_134/full_batch_134.csv,1ac55612ff964798b4ed07366767730373e78dd6af35ab6072c6481b40622d2f,results/circuitsage_hmac_v2_12c1/full_campaign_execution_12c1l/per_batch_npz/secworks_aes/full_batch_134.npz,2ffa04f78d74ff795e6b600be870f6a6d2780f21722767fb4d4b00b8546c2e16,PASS
575,secworks_aes,GENERALIZATION_TRAIN,135,8640,64,128,64,64,8192,128,results/circuitsage_hmac_v2_12c1/full_campaign_execution_12c1l/raw_batches/secworks_aes/batch_135/full_batch_135.csv,01daf1383c244bf8f35180c2e3ce1529002c62fde408125fb534ca2ec77e35f4,results/circuitsage_hmac_v2_12c1/full_campaign_execution_12c1l/per_batch_npz/secworks_aes/full_batch_135.npz,cdaebd6b6c49f57bd67a11fd3a0681fed3250a80525dd92e96d6c4f6a3850f02,PASS
576,secworks_aes,GENERALIZATION_TRAIN,136,8704,64,128,64,64,8192,126,results/circuitsage_hmac_v2_12c1/full_campaign_execution_12c1l/raw_batches/secworks_aes/batch_136/full_batch_136.csv,ad2b05594e20337c15c683c70ddc2213446b4c9479193144471ebed155760034,results/circuitsage_hmac_v2_12c1/full_campaign_execution_12c1l/per_batch_npz/secworks_aes/full_batch_136.npz,6a2eba0f12435f3d515a048bee7eba36be268febe744c022a74bda5820b2e8bd,PASS
577,secworks_aes,GENERALIZATION_TRAIN,137,8768,64,128,64,64,8192,128,results/circuitsage_hmac_v2_12c1/full_campaign_execution_12c1l/raw_batches/secworks_aes/batch_137/full_batch_137.csv,a759ed58f6987e7262a774711da7de3d54b1991421fb282798a184aca1696cb3,results/circuitsage_hmac_v2_12c1/full_campaign_execution_12c1l/per_batch_npz/secworks_aes/full_batch_137.npz,9f318589746f9d3241a785f072da361ce684cf0c67811e1a964aef5cd3fbfaa5,PASS
578,secworks_aes,GENERALIZATION_TRAIN,138,8832,64,128,64,64,8192,128,results/circuitsage_hmac_v2_12c1/full_campaign_execution_12c1l/raw_batches/secworks_aes/batch_138/full_batch_138.csv,ea08ad10c63796daf41cbfbaf766702e72d520969295ceb224f2dfc84e6be8c0,results/circuitsage_hmac_v2_12c1/full_campaign_execution_12c1l/per_batch_npz/secworks_aes/full_batch_138.npz,eadc5514f0ad24b3f9c5cee4b6fa024ff27f664c0e8ab960b0ba1bd89c302c35,PASS
579,secworks_aes,GENERALIZATION_TRAIN,139,8896,64,128,64,64,8192,127,results/circuitsage_hmac_v2_12c1/full_campaign_execution_12c1l/raw_batches/secworks_aes/batch_139/full_batch_139.csv,871835d0f09fc712c3d49e6dfbdece9b3006d922f0b1386cf9efb8e5f4faa604,results/circuitsage_hmac_v2_12c1/full_campaign_execution_12c1l/per_batch_npz/secworks_aes/full_batch_139.npz,b2cbc6f6f41d8d14065df29e7f742b79b56efb445f5963f5b78300ac3d590ac7,PASS
580,secworks_aes,GENERALIZATION_TRAIN,140,8960,64,128,64,64,8192,128,results/circuitsage_hmac_v2_12c1/full_campaign_execution_12c1l/raw_batches/secworks_aes/batch_140/full_batch_140.csv,ff6189d6688052a1afad7e1ddcfcf629e47f6f4f38bdb6f0d2120c073261ebbb,results/circuitsage_hmac_v2_12c1/full_campaign_execution_12c1l/per_batch_npz/secworks_aes/full_batch_140.npz,c6fefb93e0c03a70ae8c2748ef668bd1f4758754206df7126e010b8e59bfab83,PASS
581,secworks_aes,GENERALIZATION_TRAIN,141,9024,64,128,64,64,8192,128,results/circuitsage_hmac_v2_12c1/full_campaign_execution_12c1l/raw_batches/secworks_aes/batch_141/full_batch_141.csv,27da6ef3737e06732e3509bea00a7cf607bc861d73574f52c93d07b430a106ac,results/circuitsage_hmac_v2_12c1/full_campaign_execution_12c1l/per_batch_npz/secworks_aes/full_batch_141.npz,fec186d600e28ef0123e6b49a6af6697bd46575194164051f8c64fe27459254d,PASS
582,secworks_aes,GENERALIZATION_TRAIN,142,9088,64,128,64,64,8192,128,results/circuitsage_hmac_v2_12c1/full_campaign_execution_12c1l/raw_batches/secworks_aes/batch_142/full_batch_142.csv,52f4c1c6a5d9da53b1b165682aba11de297257538c8d949701132adb25d7d4ff,results/circuitsage_hmac_v2_12c1/full_campaign_execution_12c1l/per_batch_npz/secworks_aes/full_batch_142.npz,1c86ad6b4fb0755dd3ba33798e96f445915a0480d294c3f8dca1f234f209753d,PASS
583,secworks_aes,GENERALIZATION_TRAIN,143,9152,64,128,64,64,8192,71,results/circuitsage_hmac_v2_12c1/full_campaign_execution_12c1l/raw_batches/secworks_aes/batch_143/full_batch_143.csv,af392e9778989f31b3ac6fe7e34cb4d245757062d7b4e80367bf769d175942ff,results/circuitsage_hmac_v2_12c1/full_campaign_execution_12c1l/per_batch_npz/secworks_aes/full_batch_143.npz,c4041147bd72aef7019cc266424f33b76f1c2a6b08bd17fafdd21995248904a3,PASS
584,secworks_aes,GENERALIZATION_TRAIN,144,9216,64,128,64,64,8192,77,results/circuitsage_hmac_v2_12c1/full_campaign_execution_12c1l/raw_batches/secworks_aes/batch_144/full_batch_144.csv,c4170975045c92aa87fcadbced8d1fb70e41ec38fea7b94668da6091aa661699,results/circuitsage_hmac_v2_12c1/full_campaign_execution_12c1l/per_batch_npz/secworks_aes/full_batch_144.npz,ead6e54f32f7b4bf38755f37b205ac9662d4f5cc5d781ceeabc45acb3e0c8348,PASS
585,secworks_aes,GENERALIZATION_TRAIN,145,9280,64,128,64,64,8192,128,results/circuitsage_hmac_v2_12c1/full_campaign_execution_12c1l/raw_batches/secworks_aes/batch_145/full_batch_145.csv,1857410e9ef3cb59bb008515590cbb0a58b73c31d458bd6b42a7d5db4af3179a,results/circuitsage_hmac_v2_12c1/full_campaign_execution_12c1l/per_batch_npz/secworks_aes/full_batch_145.npz,c93020d6ff1ffd0cf18203e3685deebe7aeb92242f2bd4f25dd52f72c5c382d9,PASS
586,secworks_aes,GENERALIZATION_TRAIN,146,9344,64,128,64,64,8192,128,results/circuitsage_hmac_v2_12c1/full_campaign_execution_12c1l/raw_batches/secworks_aes/batch_146/full_batch_146.csv,51b37db5a1674c51f289e6c76c67f5d762415ef2beb29d4ace038828f3ed0436,results/circuitsage_hmac_v2_12c1/full_campaign_execution_12c1l/per_batch_npz/secworks_aes/full_batch_146.npz,11b74242a2f08f7a0925d58335a17fde17325fc414c974e7f86d0675660610da,PASS
587,secworks_aes,GENERALIZATION_TRAIN,147,9408,64,128,64,64,8192,128,results/circuitsage_hmac_v2_12c1/full_campaign_execution_12c1l/raw_batches/secworks_aes/batch_147/full_batch_147.csv,b3653bd4c5210eded318a3100986355f1d760d33cd0942c41918f61050f9f0fe,results/circuitsage_hmac_v2_12c1/full_campaign_execution_12c1l/per_batch_npz/secworks_aes/full_batch_147.npz,89ca3722a5c00635f2d1fbb584ae455fedcb53737ec66a1364bb1313c8b8534e,PASS
588,secworks_aes,GENERALIZATION_TRAIN,148,9472,64,128,64,64,8192,128,results/circuitsage_hmac_v2_12c1/full_campaign_execution_12c1l/raw_batches/secworks_aes/batch_148/full_batch_148.csv,3607bacf83292434ca92abea15772b0e8a7f693475facd50d7f7180f7a0dbe7b,results/circuitsage_hmac_v2_12c1/full_campaign_execution_12c1l/per_batch_npz/secworks_aes/full_batch_148.npz,3fc1419e4c2a5e17c230b3cccb57857dbe0e7bbc59e4fcb110a5c95fa54be251,PASS
589,secworks_aes,GENERALIZATION_TRAIN,149,9536,64,128,64,64,8192,128,results/circuitsage_hmac_v2_12c1/full_campaign_execution_12c1l/raw_batches/secworks_aes/batch_149/full_batch_149.csv,80fd6726b8331781c583fe9942b0a8029d290979a8010c7c306d701de2f9cb93,results/circuitsage_hmac_v2_12c1/full_campaign_execution_12c1l/per_batch_npz/secworks_aes/full_batch_149.npz,fef0a9cea184991954a3653e61a9daed59a72a3deece595bf87b160437f7da37,PASS
590,secworks_aes,GENERALIZATION_TRAIN,150,9600,64,128,64,64,8192,128,results/circuitsage_hmac_v2_12c1/full_campaign_execution_12c1l/raw_batches/secworks_aes/batch_150/full_batch_150.csv,4bec823b8b2b918f1c7ea680194aadb63f579897274cc0a28abb761b42c439da,results/circuitsage_hmac_v2_12c1/full_campaign_execution_12c1l/per_batch_npz/secworks_aes/full_batch_150.npz,80205e8388cd56cb603762591ab70e2f13c93f74e186d7a1516ed60bada9d347,PASS
591,secworks_aes,GENERALIZATION_TRAIN,151,9664,64,128,64,64,8192,128,results/circuitsage_hmac_v2_12c1/full_campaign_execution_12c1l/raw_batches/secworks_aes/batch_151/full_batch_151.csv,635f00007e224c921d0bc371d8e2d7a2107fb59e6dc838acc8fb79395c9874ea,results/circuitsage_hmac_v2_12c1/full_campaign_execution_12c1l/per_batch_npz/secworks_aes/full_batch_151.npz,0403fe511fbcddc24f840aaa9a54323790798ba082bc389a5e739d481ddd7858,PASS
592,secworks_aes,GENERALIZATION_TRAIN,152,9728,64,128,64,64,8192,128,results/circuitsage_hmac_v2_12c1/full_campaign_execution_12c1l/raw_batches/secworks_aes/batch_152/full_batch_152.csv,44a05bba0ac67bbee550e84e6e85bfaa31ed980417d08a5f1dbec3f3e671d65b,results/circuitsage_hmac_v2_12c1/full_campaign_execution_12c1l/per_batch_npz/secworks_aes/full_batch_152.npz,8dd0f993bcbfb02404c66af61b8dc2bd4788998ce54c179e878de558c3334efc,PASS
593,secworks_aes,GENERALIZATION_TRAIN,153,9792,64,128,64,64,8192,127,results/circuitsage_hmac_v2_12c1/full_campaign_execution_12c1l/raw_batches/secworks_aes/batch_153/full_batch_153.csv,71cfaaf0c425d875937d2d2db879a57807ed1824cef3ed588347934c0a07688b,results/circuitsage_hmac_v2_12c1/full_campaign_execution_12c1l/per_batch_npz/secworks_aes/full_batch_153.npz,c5010773f95defe7528e529754d8247c85b48ecadb8463975eaf17dfa4150295,PASS
594,secworks_aes,GENERALIZATION_TRAIN,154,9856,64,128,64,64,8192,128,results/circuitsage_hmac_v2_12c1/full_campaign_execution_12c1l/raw_batches/secworks_aes/batch_154/full_batch_154.csv,64a994dff3498135b11482ab2b1c046e7e93acf35a9fe940a36d1e732d05f3b8,results/circuitsage_hmac_v2_12c1/full_campaign_execution_12c1l/per_batch_npz/secworks_aes/full_batch_154.npz,ce8be972e985ad16bb74344b5fa1e0de9d68c718e8118bd25ccc03ad75cce3d4,PASS
595,secworks_aes,GENERALIZATION_TRAIN,155,9920,64,128,64,64,8192,128,results/circuitsage_hmac_v2_12c1/full_campaign_execution_12c1l/raw_batches/secworks_aes/batch_155/full_batch_155.csv,a7375f1aafac6255172bc480b358e94aed711f48afbefb7fdfe9633e9217fe32,results/circuitsage_hmac_v2_12c1/full_campaign_execution_12c1l/per_batch_npz/secworks_aes/full_batch_155.npz,cafad0e36a8d08bb6888b6138bde1fd3dcddca818847583e8767ab50bbd87833,PASS
596,secworks_aes,GENERALIZATION_TRAIN,156,9984,64,128,64,64,8192,128,results/circuitsage_hmac_v2_12c1/full_campaign_execution_12c1l/raw_batches/secworks_aes/batch_156/full_batch_156.csv,775f836ad26bc92f7aa2a86c2562e7dd1e802d9cde8347896d16520315cd91be,results/circuitsage_hmac_v2_12c1/full_campaign_execution_12c1l/per_batch_npz/secworks_aes/full_batch_156.npz,b7b739fe583e617ddb88483785d33c47ba7cda176320d403ed7640d148c180d0,PASS
597,secworks_aes,GENERALIZATION_TRAIN,157,10048,64,128,64,64,8192,104,results/circuitsage_hmac_v2_12c1/full_campaign_execution_12c1l/raw_batches/secworks_aes/batch_157/full_batch_157.csv,2045d66c9f7afeef0e20f7fb63b569127079c1cbd5b0529069d5453b55e07564,results/circuitsage_hmac_v2_12c1/full_campaign_execution_12c1l/per_batch_npz/secworks_aes/full_batch_157.npz,6b40964d7f808793f4d2926b7006590b35064a045de898049329e35fba670f3d,PASS
598,secworks_aes,GENERALIZATION_TRAIN,158,10112,64,128,64,64,8192,73,results/circuitsage_hmac_v2_12c1/full_campaign_execution_12c1l/raw_batches/secworks_aes/batch_158/full_batch_158.csv,2f5056acbb2cdb55216b42fc7ff2f5a896597c4da020277cd5aa1c471a8de481,results/circuitsage_hmac_v2_12c1/full_campaign_execution_12c1l/per_batch_npz/secworks_aes/full_batch_158.npz,f812f08c0b3ce5c572b9e9c3295caa7838530bcef0ffea6f56e87465c9c5c8ab,PASS
599,secworks_aes,GENERALIZATION_TRAIN,159,10176,64,128,64,64,8192,96,results/circuitsage_hmac_v2_12c1/full_campaign_execution_12c1l/raw_batches/secworks_aes/batch_159/full_batch_159.csv,bb8dbde121dc83013c2888b3da4b8c536526a1ad9425cd6e431fe211e0b6d850,results/circuitsage_hmac_v2_12c1/full_campaign_execution_12c1l/per_batch_npz/secworks_aes/full_batch_159.npz,175dbdf8c27c0cd03be01a9bbfe3355717e412dc58100d90270daf105700908f,PASS
600,secworks_aes,GENERALIZATION_TRAIN,160,10240,64,128,64,64,8192,127,results/circuitsage_hmac_v2_12c1/full_campaign_execution_12c1l/raw_batches/secworks_aes/batch_160/full_batch_160.csv,8081968a8140525fc7b9ba825a4759f12009acf4fabf405fafac33c317caed56,results/circuitsage_hmac_v2_12c1/full_campaign_execution_12c1l/per_batch_npz/secworks_aes/full_batch_160.npz,0de39c155037e4fbe1d2053c7285737ad786e775fc0032411b934393e558f527,PASS
601,secworks_aes,GENERALIZATION_TRAIN,161,10304,64,128,64,64,8192,128,results/circuitsage_hmac_v2_12c1/full_campaign_execution_12c1l/raw_batches/secworks_aes/batch_161/full_batch_161.csv,2422b84e6d4b1a50dfcccebdcb7893a40c9574ac58e5aa48bf775472ac614dd9,results/circuitsage_hmac_v2_12c1/full_campaign_execution_12c1l/per_batch_npz/secworks_aes/full_batch_161.npz,4f3d879ea1ed8e9d2e9d1fcb517eceddc6ddc29c86f917deef2f2e06dcf646a5,PASS
602,secworks_aes,GENERALIZATION_TRAIN,162,10368,64,128,64,64,8192,127,results/circuitsage_hmac_v2_12c1/full_campaign_execution_12c1l/raw_batches/secworks_aes/batch_162/full_batch_162.csv,5175a087b11560aaaf7144a1c7477df9a4fe1694ce4ce4adab85484172eaae16,results/circuitsage_hmac_v2_12c1/full_campaign_execution_12c1l/per_batch_npz/secworks_aes/full_batch_162.npz,f28e26998495da073d8dea960166378bce4adc607c2406044cd780e1b362ca42,PASS
603,secworks_aes,GENERALIZATION_TRAIN,163,10432,64,128,64,64,8192,128,results/circuitsage_hmac_v2_12c1/full_campaign_execution_12c1l/raw_batches/secworks_aes/batch_163/full_batch_163.csv,84b6ca0aa15a5c5d14a0065d07745ab40b98978776e0817e2ada7cf38aa4f135,results/circuitsage_hmac_v2_12c1/full_campaign_execution_12c1l/per_batch_npz/secworks_aes/full_batch_163.npz,57b0070d024688aa607b5a1f62de91c06d2bcc0f0cd698314138b86d0f6165f9,PASS
604,secworks_aes,GENERALIZATION_TRAIN,164,10496,64,128,64,64,8192,127,results/circuitsage_hmac_v2_12c1/full_campaign_execution_12c1l/raw_batches/secworks_aes/batch_164/full_batch_164.csv,0fee1da87e023ee3f588ce6297ee756cf2eaad119a5922a13f5e31f8add48e20,results/circuitsage_hmac_v2_12c1/full_campaign_execution_12c1l/per_batch_npz/secworks_aes/full_batch_164.npz,59d321ce6aeb6d56ad873c442c665829600c220bf1efe3cf3284fbd3a9abaaff,PASS
605,secworks_aes,GENERALIZATION_TRAIN,165,10560,64,128,64,64,8192,127,results/circuitsage_hmac_v2_12c1/full_campaign_execution_12c1l/raw_batches/secworks_aes/batch_165/full_batch_165.csv,ea3c1fac91d400d0bfe877b873930250d38880ce1915b69967fcca3f587322f7,results/circuitsage_hmac_v2_12c1/full_campaign_execution_12c1l/per_batch_npz/secworks_aes/full_batch_165.npz,63b708a2d5df9a3dec7d5254a731823f14fc45537c8973592f2adeac89cbee0c,PASS
606,secworks_aes,GENERALIZATION_TRAIN,166,10624,64,128,64,64,8192,128,results/circuitsage_hmac_v2_12c1/full_campaign_execution_12c1l/raw_batches/secworks_aes/batch_166/full_batch_166.csv,a8847169844b24f25115d5582156d92cfa5dd9cf84c082504961f512ab015d31,results/circuitsage_hmac_v2_12c1/full_campaign_execution_12c1l/per_batch_npz/secworks_aes/full_batch_166.npz,e2c5fbc4d58c8cfa8c3058713a30eb36415d95afa57cf1e1fcac4b55d412177f,PASS
607,secworks_aes,GENERALIZATION_TRAIN,167,10688,64,128,64,64,8192,127,results/circuitsage_hmac_v2_12c1/full_campaign_execution_12c1l/raw_batches/secworks_aes/batch_167/full_batch_167.csv,e0c28cc16fa8e447d1a0968b9cc3b4e86e0eb09fecebbfdf92822c5a7bd06325,results/circuitsage_hmac_v2_12c1/full_campaign_execution_12c1l/per_batch_npz/secworks_aes/full_batch_167.npz,b136819514e3e208f283a66b5c12d4fd689cb77f33790ce2ae117fad1e07eb24,PASS
608,secworks_aes,GENERALIZATION_TRAIN,168,10752,64,128,64,64,8192,128,results/circuitsage_hmac_v2_12c1/full_campaign_execution_12c1l/raw_batches/secworks_aes/batch_168/full_batch_168.csv,c6ab356a619c798da83c4dc3669a0d38e6325d1ce61953ad603c806b0bcb8e67,results/circuitsage_hmac_v2_12c1/full_campaign_execution_12c1l/per_batch_npz/secworks_aes/full_batch_168.npz,0f4f0e213a9f0f1e63342a75e38455ab1a2bbcab9b1a15294a39e4b61bc12f71,PASS
609,secworks_aes,GENERALIZATION_TRAIN,169,10816,64,128,64,64,8192,127,results/circuitsage_hmac_v2_12c1/full_campaign_execution_12c1l/raw_batches/secworks_aes/batch_169/full_batch_169.csv,a5c80b8c1912afce3d95961d700cdc2e5912588ddf70f539fc3fe9f1f1b65b00,results/circuitsage_hmac_v2_12c1/full_campaign_execution_12c1l/per_batch_npz/secworks_aes/full_batch_169.npz,76f8f29da4ec6471fb8a9ed018dc9b096415f031d9c49a55f5aa983548219831,PASS
610,secworks_aes,GENERALIZATION_TRAIN,170,10880,64,128,64,64,8192,128,results/circuitsage_hmac_v2_12c1/full_campaign_execution_12c1l/raw_batches/secworks_aes/batch_170/full_batch_170.csv,b8dcb8068792ed2691e59191264d1fe431c32e9cb98b7d84eab31a48feb6b136,results/circuitsage_hmac_v2_12c1/full_campaign_execution_12c1l/per_batch_npz/secworks_aes/full_batch_170.npz,7fbb68a0a0f4ae33770ef86a358fc8eddda69951775486b1bb0cbbda2cf3e39f,PASS
611,secworks_aes,GENERALIZATION_TRAIN,171,10944,64,128,64,64,8192,121,results/circuitsage_hmac_v2_12c1/full_campaign_execution_12c1l/raw_batches/secworks_aes/batch_171/full_batch_171.csv,7cec276cf03fa173ecb9db6ae001eacf255f5704008221c1692936942d89fc73,results/circuitsage_hmac_v2_12c1/full_campaign_execution_12c1l/per_batch_npz/secworks_aes/full_batch_171.npz,2d9f904e4e7209c413ec0f2a534a99af576cedacdb550f4b0760594b8ded1481,PASS
612,secworks_aes,GENERALIZATION_TRAIN,172,11008,64,128,64,64,8192,121,results/circuitsage_hmac_v2_12c1/full_campaign_execution_12c1l/raw_batches/secworks_aes/batch_172/full_batch_172.csv,7aebe7724a4866ffb3d458a3cb20c894794af8214c4792e9bec3fa7fa753347e,results/circuitsage_hmac_v2_12c1/full_campaign_execution_12c1l/per_batch_npz/secworks_aes/full_batch_172.npz,c5072706711d68c2c6154ea228b97e3fba29c894c68a27ea793a714d6d137c20,PASS
613,secworks_aes,GENERALIZATION_TRAIN,173,11072,64,128,64,64,8192,113,results/circuitsage_hmac_v2_12c1/full_campaign_execution_12c1l/raw_batches/secworks_aes/batch_173/full_batch_173.csv,7f3bc226339d0eabfcf354b89f05dc7dbbf6042fcc6c9e35c40908757467a4a6,results/circuitsage_hmac_v2_12c1/full_campaign_execution_12c1l/per_batch_npz/secworks_aes/full_batch_173.npz,38e54b459b04bb701ac630d36ad9dc190d1a3c758a42c0dad7712b56643b23e9,PASS
614,secworks_aes,GENERALIZATION_TRAIN,174,11136,64,128,64,64,8192,126,results/circuitsage_hmac_v2_12c1/full_campaign_execution_12c1l/raw_batches/secworks_aes/batch_174/full_batch_174.csv,c66200754af8e0121ff44d5e69b69fe0c1fe41d8abd79fb3a1e51bdacc28fb06,results/circuitsage_hmac_v2_12c1/full_campaign_execution_12c1l/per_batch_npz/secworks_aes/full_batch_174.npz,319324f28f1076f681e4de65e273b1c5ec800f7508508347af8a31e3b6a054bd,PASS
615,secworks_aes,GENERALIZATION_TRAIN,175,11200,64,128,64,64,8192,128,results/circuitsage_hmac_v2_12c1/full_campaign_execution_12c1l/raw_batches/secworks_aes/batch_175/full_batch_175.csv,2ae4d5ed6de2cb6cfae19b7503b1860e9db64204c6c23c485d30ef25e9e89212,results/circuitsage_hmac_v2_12c1/full_campaign_execution_12c1l/per_batch_npz/secworks_aes/full_batch_175.npz,5c2348dd60ed987b744099e5019938ec664fe985718fdd6c0d43b77a1c7eccdf,PASS
616,secworks_aes,GENERALIZATION_TRAIN,176,11264,64,128,64,64,8192,128,results/circuitsage_hmac_v2_12c1/full_campaign_execution_12c1l/raw_batches/secworks_aes/batch_176/full_batch_176.csv,17aad0983bbf8e02a7c864718a848b8d1543364f522be36c17039413e843b7bb,results/circuitsage_hmac_v2_12c1/full_campaign_execution_12c1l/per_batch_npz/secworks_aes/full_batch_176.npz,e94841ad1363418bfff4f5a6cf88e12c5cd0c3a68c9895fd3d10a67c32f2981c,PASS
617,secworks_aes,GENERALIZATION_TRAIN,177,11328,64,128,64,64,8192,128,results/circuitsage_hmac_v2_12c1/full_campaign_execution_12c1l/raw_batches/secworks_aes/batch_177/full_batch_177.csv,e5faed31883383dec96dfb96e0057686cc3b9870491efe948397b934967e990a,results/circuitsage_hmac_v2_12c1/full_campaign_execution_12c1l/per_batch_npz/secworks_aes/full_batch_177.npz,159df4d0c60e161ace1822490b08e0c81b0bc2ea739b644854d6fddca00efd0e,PASS
618,secworks_aes,GENERALIZATION_TRAIN,178,11392,64,128,64,64,8192,128,results/circuitsage_hmac_v2_12c1/full_campaign_execution_12c1l/raw_batches/secworks_aes/batch_178/full_batch_178.csv,13965f9413d71d0474072a708c8f801f6c9cd549b0c2c3a43b98549ae601be7b,results/circuitsage_hmac_v2_12c1/full_campaign_execution_12c1l/per_batch_npz/secworks_aes/full_batch_178.npz,c98a844807046866705d0ec265f2a29d97d34ae7d1dffa32b0dfa96ac30801e3,PASS
619,secworks_aes,GENERALIZATION_TRAIN,179,11456,64,128,64,64,8192,128,results/circuitsage_hmac_v2_12c1/full_campaign_execution_12c1l/raw_batches/secworks_aes/batch_179/full_batch_179.csv,173b1c17c631bb7b6ff5b7a3c4dce7ecbe011e02005fc037956329ea9102b890,results/circuitsage_hmac_v2_12c1/full_campaign_execution_12c1l/per_batch_npz/secworks_aes/full_batch_179.npz,511d6928452209cbd7493b8a2d80cc2079367a1d26916a9bff08d8d7ec389d57,PASS
620,secworks_aes,GENERALIZATION_TRAIN,180,11520,64,128,64,64,8192,65,results/circuitsage_hmac_v2_12c1/full_campaign_execution_12c1l/raw_batches/secworks_aes/batch_180/full_batch_180.csv,bea5e1ca85b6d12af332f67a8ecf36eb094886099bda13acf257d7573bb0af1b,results/circuitsage_hmac_v2_12c1/full_campaign_execution_12c1l/per_batch_npz/secworks_aes/full_batch_180.npz,90ae907182ee8516b9764132b535a09207a8dcaa75505f0e026d5e3c018c008d,PASS
621,secworks_aes,GENERALIZATION_TRAIN,181,11584,64,128,64,64,8192,85,results/circuitsage_hmac_v2_12c1/full_campaign_execution_12c1l/raw_batches/secworks_aes/batch_181/full_batch_181.csv,67c9de9c25f2ec6effb3d112a19b318baa419f03e8d3645719e0485ae29daa6a,results/circuitsage_hmac_v2_12c1/full_campaign_execution_12c1l/per_batch_npz/secworks_aes/full_batch_181.npz,654d678fdd564b4b787f98a0387687a5a1d55811de3d5135045a7b16fee9acbb,PASS
622,secworks_aes,GENERALIZATION_TRAIN,182,11648,64,128,64,64,8192,128,results/circuitsage_hmac_v2_12c1/full_campaign_execution_12c1l/raw_batches/secworks_aes/batch_182/full_batch_182.csv,1c7940258953ee7f4f0316c5d977f7df998490721af3a9f593f1c97f663270cd,results/circuitsage_hmac_v2_12c1/full_campaign_execution_12c1l/per_batch_npz/secworks_aes/full_batch_182.npz,e32ab719c368cdc48067b302a66c7a744a691c7f546e2c4f72a63cbfad6b8102,PASS
623,secworks_aes,GENERALIZATION_TRAIN,183,11712,64,128,64,64,8192,128,results/circuitsage_hmac_v2_12c1/full_campaign_execution_12c1l/raw_batches/secworks_aes/batch_183/full_batch_183.csv,8186bd7c6afbedcacfb2ec8e7fdc91f3412e73b935d7111715583b7bdd8679a1,results/circuitsage_hmac_v2_12c1/full_campaign_execution_12c1l/per_batch_npz/secworks_aes/full_batch_183.npz,af283d6e802e79842ee5c3e8fa6d74e182df1053fbfa53760fc8295f703b7543,PASS
624,secworks_aes,GENERALIZATION_TRAIN,184,11776,64,128,64,64,8192,128,results/circuitsage_hmac_v2_12c1/full_campaign_execution_12c1l/raw_batches/secworks_aes/batch_184/full_batch_184.csv,e8411e9f0f77e280a64d7e8f838a16194019890e233d58c32a0c1c2ac0127729,results/circuitsage_hmac_v2_12c1/full_campaign_execution_12c1l/per_batch_npz/secworks_aes/full_batch_184.npz,92ff67e77e646ae399a930d009886e6d4c0508314a521787ada7440d16bc7b29,PASS
625,secworks_aes,GENERALIZATION_TRAIN,185,11840,64,128,64,64,8192,128,results/circuitsage_hmac_v2_12c1/full_campaign_execution_12c1l/raw_batches/secworks_aes/batch_185/full_batch_185.csv,e6422a981aac8310d3eb62c459180abd17a7d638d9ea390b4d9e9a9773175862,results/circuitsage_hmac_v2_12c1/full_campaign_execution_12c1l/per_batch_npz/secworks_aes/full_batch_185.npz,a3df8924b3e1f52f60dc1f4b25d771d11c0b661d974be466f3efa7de8c9e5f8d,PASS
626,secworks_aes,GENERALIZATION_TRAIN,186,11904,64,128,64,64,8192,128,results/circuitsage_hmac_v2_12c1/full_campaign_execution_12c1l/raw_batches/secworks_aes/batch_186/full_batch_186.csv,2eb4562b7a76d90b996ccd8c98229b96491a2b874f037e0a4a995ad0aecd1e57,results/circuitsage_hmac_v2_12c1/full_campaign_execution_12c1l/per_batch_npz/secworks_aes/full_batch_186.npz,795fa02f1223c51a327a09d961017aab6a8418f149c34e8305e1bf70be50d786,PASS
627,secworks_aes,GENERALIZATION_TRAIN,187,11968,64,128,64,64,8192,128,results/circuitsage_hmac_v2_12c1/full_campaign_execution_12c1l/raw_batches/secworks_aes/batch_187/full_batch_187.csv,ac8012867d49ae7ed182b0a647d88459c1f6311d6dd5f8636ffd45e8580d9519,results/circuitsage_hmac_v2_12c1/full_campaign_execution_12c1l/per_batch_npz/secworks_aes/full_batch_187.npz,a86aba294b5b40eb5f1c2a3175d55f52d25d72ee5f65bb7b4585aa06903938ac,PASS
628,secworks_aes,GENERALIZATION_TRAIN,188,12032,64,128,64,64,8192,128,results/circuitsage_hmac_v2_12c1/full_campaign_execution_12c1l/raw_batches/secworks_aes/batch_188/full_batch_188.csv,c9829e82f12ee751a1cec69da383c5359cceac6713139b9507e63ae47a26186b,results/circuitsage_hmac_v2_12c1/full_campaign_execution_12c1l/per_batch_npz/secworks_aes/full_batch_188.npz,d32613e173d53bc186cd2f60df6d247a10d6dcd5404ffca9e3eb1eb43eef8405,PASS
629,secworks_aes,GENERALIZATION_TRAIN,189,12096,64,128,64,64,8192,128,results/circuitsage_hmac_v2_12c1/full_campaign_execution_12c1l/raw_batches/secworks_aes/batch_189/full_batch_189.csv,3b828a8333ef7d5ca40379386b5853cf8e15b074b23b7b2a28073f90e1aa3603,results/circuitsage_hmac_v2_12c1/full_campaign_execution_12c1l/per_batch_npz/secworks_aes/full_batch_189.npz,0193d8e28d8cffd28f0e88bcc42aa4988dadc3951c13fa5b56e196326756cd90,PASS
630,secworks_aes,GENERALIZATION_TRAIN,190,12160,64,128,64,64,8192,128,results/circuitsage_hmac_v2_12c1/full_campaign_execution_12c1l/raw_batches/secworks_aes/batch_190/full_batch_190.csv,70aebee1ee8439cc21d98c8c5b1d9b173fa8eb846baf73fc00cd26a10bd5d6e3,results/circuitsage_hmac_v2_12c1/full_campaign_execution_12c1l/per_batch_npz/secworks_aes/full_batch_190.npz,468852e2d0c210f72887edea1803ff1914b21d84d41cf21815c3ca6e1eafbd8b,PASS
631,secworks_aes,GENERALIZATION_TRAIN,191,12224,64,128,64,64,8192,128,results/circuitsage_hmac_v2_12c1/full_campaign_execution_12c1l/raw_batches/secworks_aes/batch_191/full_batch_191.csv,24aedd0b314d655e4245edf28a8a57a1cd8375a8d8e20229cc131479d3323376,results/circuitsage_hmac_v2_12c1/full_campaign_execution_12c1l/per_batch_npz/secworks_aes/full_batch_191.npz,ccb5e06ccfaa9c8404c4137fe160567d5fd7a920f7f331edcb1664bd5bb602da,PASS
632,secworks_aes,GENERALIZATION_TRAIN,192,12288,64,128,64,64,8192,128,results/circuitsage_hmac_v2_12c1/full_campaign_execution_12c1l/raw_batches/secworks_aes/batch_192/full_batch_192.csv,410c95bd0e090e4d523690dd5a1ac742e9144d825d11edded515d3ea16a43210,results/circuitsage_hmac_v2_12c1/full_campaign_execution_12c1l/per_batch_npz/secworks_aes/full_batch_192.npz,1aef4201189f66587683038e1f16f968a1eda52d56446725abd4934ba2766fcf,PASS
633,secworks_aes,GENERALIZATION_TRAIN,193,12352,64,128,64,64,8192,128,results/circuitsage_hmac_v2_12c1/full_campaign_execution_12c1l/raw_batches/secworks_aes/batch_193/full_batch_193.csv,856059dfce160615434671e3ba260ef314782c81827082ee7fae8bfb6a1c65a7,results/circuitsage_hmac_v2_12c1/full_campaign_execution_12c1l/per_batch_npz/secworks_aes/full_batch_193.npz,7d86a42b513acec06d2100d41d4099d6356a5e4e1c61c3f2cc51bc7edf197b60,PASS
634,secworks_aes,GENERALIZATION_TRAIN,194,12416,64,128,64,64,8192,105,results/circuitsage_hmac_v2_12c1/full_campaign_execution_12c1l/raw_batches/secworks_aes/batch_194/full_batch_194.csv,598a6be125456f6e48bd73a07627fdc8978c3f507649f9de25907cf14e825887,results/circuitsage_hmac_v2_12c1/full_campaign_execution_12c1l/per_batch_npz/secworks_aes/full_batch_194.npz,25db69b7516cadbe4cd978c463257478fc65470523a437631a3e5f41fee0cb46,PASS
635,secworks_aes,GENERALIZATION_TRAIN,195,12480,64,128,64,64,8192,64,results/circuitsage_hmac_v2_12c1/full_campaign_execution_12c1l/raw_batches/secworks_aes/batch_195/full_batch_195.csv,ff29f68c4a6be0243b5588dc07cdc39b9e78d1a9244da2144cd68aa614268aff,results/circuitsage_hmac_v2_12c1/full_campaign_execution_12c1l/per_batch_npz/secworks_aes/full_batch_195.npz,cab921e52b06b4c68b68a20b47692c496371a5437c150ac000857ba4d54eba51,PASS
636,secworks_aes,GENERALIZATION_TRAIN,196,12544,64,128,64,64,8192,110,results/circuitsage_hmac_v2_12c1/full_campaign_execution_12c1l/raw_batches/secworks_aes/batch_196/full_batch_196.csv,264df98ac3649b9e9dd11d654e62168b8bee02c985e6f455d48ca75804df489a,results/circuitsage_hmac_v2_12c1/full_campaign_execution_12c1l/per_batch_npz/secworks_aes/full_batch_196.npz,d1a64e13064987776c55e240c6106c6fc24b4d5d4ac8189bfee1775a1f4de44b,PASS
637,secworks_aes,GENERALIZATION_TRAIN,197,12608,64,128,64,64,8192,128,results/circuitsage_hmac_v2_12c1/full_campaign_execution_12c1l/raw_batches/secworks_aes/batch_197/full_batch_197.csv,b991d1498454a1f5ffa8c14dfdfb3da8233d50ac6029e467604d0c87628f9da1,results/circuitsage_hmac_v2_12c1/full_campaign_execution_12c1l/per_batch_npz/secworks_aes/full_batch_197.npz,9e8d89962ef30ca11e71ddefcc7bca4547976743ab88cd229a9155a5c7d06ea2,PASS
638,secworks_aes,GENERALIZATION_TRAIN,198,12672,64,128,64,64,8192,128,results/circuitsage_hmac_v2_12c1/full_campaign_execution_12c1l/raw_batches/secworks_aes/batch_198/full_batch_198.csv,9e14912c6b28400fd9c9e1d1a99bd7c8b05620f58a379370d5c296f4d5167897,results/circuitsage_hmac_v2_12c1/full_campaign_execution_12c1l/per_batch_npz/secworks_aes/full_batch_198.npz,761258777c11608344674efbfbc6ba6d8bf78beb7ea8145890f4848915f2589c,PASS
639,secworks_aes,GENERALIZATION_TRAIN,199,12736,64,128,64,64,8192,128,results/circuitsage_hmac_v2_12c1/full_campaign_execution_12c1l/raw_batches/secworks_aes/batch_199/full_batch_199.csv,acd4ccd114865f87a78e3e0ecaab8b8b8c052bdf27889afc6b1b415ba7562d9f,results/circuitsage_hmac_v2_12c1/full_campaign_execution_12c1l/per_batch_npz/secworks_aes/full_batch_199.npz,38fbf9cce29a6c7e4b018422c8a3b2b728101d12c26a30a69f805787108a97b1,PASS
640,secworks_aes,GENERALIZATION_TRAIN,200,12800,64,128,64,64,8192,128,results/circuitsage_hmac_v2_12c1/full_campaign_execution_12c1l/raw_batches/secworks_aes/batch_200/full_batch_200.csv,e41ebdc3f329bf5f4111b87471823e368b37543f5bae24e3c47bece7dec6f8b6,results/circuitsage_hmac_v2_12c1/full_campaign_execution_12c1l/per_batch_npz/secworks_aes/full_batch_200.npz,7e2f22d28768badf40c56509bb5fd6c4e449e54ce9754c99675091124a6b41eb,PASS
641,secworks_aes,GENERALIZATION_TRAIN,201,12864,64,128,64,64,8192,128,results/circuitsage_hmac_v2_12c1/full_campaign_execution_12c1l/raw_batches/secworks_aes/batch_201/full_batch_201.csv,ee7e8559f6cf514547e269a1208127b570cc37b0a6079393d1ab7bd64a289024,results/circuitsage_hmac_v2_12c1/full_campaign_execution_12c1l/per_batch_npz/secworks_aes/full_batch_201.npz,03cb31d4dbfb9fb109158317d13aee774323ca70e7a5f74e740b7b225a3c1125,PASS
642,secworks_aes,GENERALIZATION_TRAIN,202,12928,64,128,64,64,8192,128,results/circuitsage_hmac_v2_12c1/full_campaign_execution_12c1l/raw_batches/secworks_aes/batch_202/full_batch_202.csv,b72f241d0be5d293f6ec49502f2b6d8cd416fa45923fbe29ad7825ca685dab7d,results/circuitsage_hmac_v2_12c1/full_campaign_execution_12c1l/per_batch_npz/secworks_aes/full_batch_202.npz,4f07554bd3563772796c0d850f6043627023219fbe7c5797b254402e3fccc4ff,PASS
643,secworks_aes,GENERALIZATION_TRAIN,203,12992,64,128,64,64,8192,128,results/circuitsage_hmac_v2_12c1/full_campaign_execution_12c1l/raw_batches/secworks_aes/batch_203/full_batch_203.csv,0672df33eb6214f968eef4f62fb8a80642db95f695b9cf4f68d8a37d5649619f,results/circuitsage_hmac_v2_12c1/full_campaign_execution_12c1l/per_batch_npz/secworks_aes/full_batch_203.npz,d4b44588d106d1bd9a5e3d1d1fb70bacfce6bcc1e8df7f1a7b104777968df4df,PASS
644,secworks_aes,GENERALIZATION_TRAIN,204,13056,64,128,64,64,8192,128,results/circuitsage_hmac_v2_12c1/full_campaign_execution_12c1l/raw_batches/secworks_aes/batch_204/full_batch_204.csv,8746b82f65c5e9dd97c3f2e875d2344bff48cb31f9f1c63df288b01402982c8f,results/circuitsage_hmac_v2_12c1/full_campaign_execution_12c1l/per_batch_npz/secworks_aes/full_batch_204.npz,87b9f4da50450f6d74383560d885e153b62e6c70b896597e9ce3977afdc78287,PASS
645,secworks_aes,GENERALIZATION_TRAIN,205,13120,64,128,64,64,8192,128,results/circuitsage_hmac_v2_12c1/full_campaign_execution_12c1l/raw_batches/secworks_aes/batch_205/full_batch_205.csv,ba4199bda1942052ed1065e6010ad8531d5e059ef00f9527dbdc3aa39ee3cd0f,results/circuitsage_hmac_v2_12c1/full_campaign_execution_12c1l/per_batch_npz/secworks_aes/full_batch_205.npz,54614b6e6740195d1e67094a488b02c4f3c71e149dc04ab3b8f7021a2d2f0f10,PASS
646,secworks_aes,GENERALIZATION_TRAIN,206,13184,64,128,64,64,8192,128,results/circuitsage_hmac_v2_12c1/full_campaign_execution_12c1l/raw_batches/secworks_aes/batch_206/full_batch_206.csv,b77ed7c7701db0abfe5dba2b3df7e4d3b27361d34b237dac2e642e8b073639e5,results/circuitsage_hmac_v2_12c1/full_campaign_execution_12c1l/per_batch_npz/secworks_aes/full_batch_206.npz,bfee95d2055b50a796cd3114440925cec51772f07cec124a46ff1ee9ab3daa75,PASS
647,secworks_aes,GENERALIZATION_TRAIN,207,13248,64,128,64,64,8192,127,results/circuitsage_hmac_v2_12c1/full_campaign_execution_12c1l/raw_batches/secworks_aes/batch_207/full_batch_207.csv,ed44affdff68ad05e66e8888276b72f59fa406d296cd4032538f2ead38b7af0e,results/circuitsage_hmac_v2_12c1/full_campaign_execution_12c1l/per_batch_npz/secworks_aes/full_batch_207.npz,52c2bf9f85c744a974d1ad4c20a8b9a42d2eb36b6da90a1699203090928036c9,PASS
648,secworks_aes,GENERALIZATION_TRAIN,208,13312,64,128,64,64,8192,128,results/circuitsage_hmac_v2_12c1/full_campaign_execution_12c1l/raw_batches/secworks_aes/batch_208/full_batch_208.csv,460a53095b5ecdc5086033db442ddd421679bd9883cd55edecb84e2563d80fc4,results/circuitsage_hmac_v2_12c1/full_campaign_execution_12c1l/per_batch_npz/secworks_aes/full_batch_208.npz,1a2673a6a9cb879a8c5dd5f00bcec217426f9a407c8ad5fc4d7c61439b5ddf43,PASS
649,secworks_aes,GENERALIZATION_TRAIN,209,13376,64,128,64,64,8192,80,results/circuitsage_hmac_v2_12c1/full_campaign_execution_12c1l/raw_batches/secworks_aes/batch_209/full_batch_209.csv,4c9cbf80e86911f34e3687da651edde417e74c7818081ec2d6b0473c1ed4334d,results/circuitsage_hmac_v2_12c1/full_campaign_execution_12c1l/per_batch_npz/secworks_aes/full_batch_209.npz,dd14ecc35d5ade90ee1ffb7ebf790ca6bbcfd7c091b0484fb35e9da84148331c,PASS
650,secworks_aes,GENERALIZATION_TRAIN,210,13440,64,128,64,64,8192,71,results/circuitsage_hmac_v2_12c1/full_campaign_execution_12c1l/raw_batches/secworks_aes/batch_210/full_batch_210.csv,76f68a7e72ae6c9c30299df90d9dcda863d193071a915e9e58e09560e9d7cd56,results/circuitsage_hmac_v2_12c1/full_campaign_execution_12c1l/per_batch_npz/secworks_aes/full_batch_210.npz,be11aa9620bf98a8285b67b9bbd045a4849d6f1fd8f1d9d045c43386e8dec0b9,PASS
651,secworks_aes,GENERALIZATION_TRAIN,211,13504,64,128,64,64,8192,128,results/circuitsage_hmac_v2_12c1/full_campaign_execution_12c1l/raw_batches/secworks_aes/batch_211/full_batch_211.csv,8e9dda14fdfa7733bb5edb00a812b64d7178281f19cc00c149e54d346416ef17,results/circuitsage_hmac_v2_12c1/full_campaign_execution_12c1l/per_batch_npz/secworks_aes/full_batch_211.npz,9f42517a2c8126430608b277139ee8dfe4bd3b6f13d50ce5ddbd4687ea92b8fe,PASS
652,secworks_aes,GENERALIZATION_TRAIN,212,13568,64,128,64,64,8192,128,results/circuitsage_hmac_v2_12c1/full_campaign_execution_12c1l/raw_batches/secworks_aes/batch_212/full_batch_212.csv,47374165bd968115cceec4c58aba490999dd8235995a3720c3f0951fc5e6da74,results/circuitsage_hmac_v2_12c1/full_campaign_execution_12c1l/per_batch_npz/secworks_aes/full_batch_212.npz,31b476d553a0491eb92da0a4ac5dfad378247e78a5f87ffbaa0d73c6ff704835,PASS
653,secworks_aes,GENERALIZATION_TRAIN,213,13632,64,128,64,64,8192,128,results/circuitsage_hmac_v2_12c1/full_campaign_execution_12c1l/raw_batches/secworks_aes/batch_213/full_batch_213.csv,f8f4b5023a75309e857f894c1034c955321a65b72e16dc8b337360cef8c26fa1,results/circuitsage_hmac_v2_12c1/full_campaign_execution_12c1l/per_batch_npz/secworks_aes/full_batch_213.npz,0223b538db767a77cda10d4c5ce6be45e678f329ec571c72802a4af47ab61e00,PASS
654,secworks_aes,GENERALIZATION_TRAIN,214,13696,64,128,64,64,8192,128,results/circuitsage_hmac_v2_12c1/full_campaign_execution_12c1l/raw_batches/secworks_aes/batch_214/full_batch_214.csv,4a67c53e18215393be89b8f34a16930506b344e405619f9041f87d8d663aeae5,results/circuitsage_hmac_v2_12c1/full_campaign_execution_12c1l/per_batch_npz/secworks_aes/full_batch_214.npz,172ddce54ce688ff6d1e85e302a70891124071753477c32bc04bd941428f6f2c,PASS
655,secworks_aes,GENERALIZATION_TRAIN,215,13760,64,128,64,64,8192,128,results/circuitsage_hmac_v2_12c1/full_campaign_execution_12c1l/raw_batches/secworks_aes/batch_215/full_batch_215.csv,0675344d53e43b74b6038d462fcaf59044f2eeec0ea7e32b0bdb4bd7c0ae95c3,results/circuitsage_hmac_v2_12c1/full_campaign_execution_12c1l/per_batch_npz/secworks_aes/full_batch_215.npz,be182303881e7533d35cb427677af3b5b9794ab1ad27ee3d7a06b501c7b99606,PASS
656,secworks_aes,GENERALIZATION_TRAIN,216,13824,64,128,64,64,8192,128,results/circuitsage_hmac_v2_12c1/full_campaign_execution_12c1l/raw_batches/secworks_aes/batch_216/full_batch_216.csv,87d5d43acc58abaab36da861fdf5f3d0989647b8746c53a913fd17ba5bc2380f,results/circuitsage_hmac_v2_12c1/full_campaign_execution_12c1l/per_batch_npz/secworks_aes/full_batch_216.npz,19b9c7e6176bdfe1f02584ec2b28e42e5781f78e8653e59e800c977cce72815a,PASS
657,secworks_aes,GENERALIZATION_TRAIN,217,13888,64,128,64,64,8192,128,results/circuitsage_hmac_v2_12c1/full_campaign_execution_12c1l/raw_batches/secworks_aes/batch_217/full_batch_217.csv,d0325aab0ebcbeddb941cd16fc782bdc631263190a7523af19fff4d011d2099a,results/circuitsage_hmac_v2_12c1/full_campaign_execution_12c1l/per_batch_npz/secworks_aes/full_batch_217.npz,4e36d498d79f7616be664cf3b6cc5eac54c824a7b68b60d1e02066150ca0851a,PASS
658,secworks_aes,GENERALIZATION_TRAIN,218,13952,64,128,64,64,8192,128,results/circuitsage_hmac_v2_12c1/full_campaign_execution_12c1l/raw_batches/secworks_aes/batch_218/full_batch_218.csv,03f87db36a90d4e46565ea45e4d8962fe6db6b17a53e4aae02fcca1f051f0c35,results/circuitsage_hmac_v2_12c1/full_campaign_execution_12c1l/per_batch_npz/secworks_aes/full_batch_218.npz,00c3fee91aff90827b53f5f7f33e31a3e96faae5a836c9841a9552a0c36d8fc5,PASS
659,secworks_aes,GENERALIZATION_TRAIN,219,14016,64,128,64,64,8192,128,results/circuitsage_hmac_v2_12c1/full_campaign_execution_12c1l/raw_batches/secworks_aes/batch_219/full_batch_219.csv,96c5ca6d4345ed1355813f2d3930187b124f22dcde5df8fbea86bf0c526fa050,results/circuitsage_hmac_v2_12c1/full_campaign_execution_12c1l/per_batch_npz/secworks_aes/full_batch_219.npz,18b0b5be80af69ccd0329078097798fec675eced7a0946fd8ff1986b12034038,PASS
660,secworks_aes,GENERALIZATION_TRAIN,220,14080,64,128,64,64,8192,128,results/circuitsage_hmac_v2_12c1/full_campaign_execution_12c1l/raw_batches/secworks_aes/batch_220/full_batch_220.csv,cc1509db26342369367b60899a5bcc8f1ca9c8bf80b945d90a3c0f820cf8e5e3,results/circuitsage_hmac_v2_12c1/full_campaign_execution_12c1l/per_batch_npz/secworks_aes/full_batch_220.npz,2aae5d0dea481bbce4933d89d8fc21edf40562cafaea6fdc25aeb4c9ce5f3a37,PASS
661,secworks_aes,GENERALIZATION_TRAIN,221,14144,64,128,64,64,8192,128,results/circuitsage_hmac_v2_12c1/full_campaign_execution_12c1l/raw_batches/secworks_aes/batch_221/full_batch_221.csv,75c8c30a89490076828113264993bd7589ae6c8ac38ea476a1459e965e6e9944,results/circuitsage_hmac_v2_12c1/full_campaign_execution_12c1l/per_batch_npz/secworks_aes/full_batch_221.npz,078b612c9a07ffe82450ec73283b204dec9ec59ae0ff57fb07606193ceda93b4,PASS
662,secworks_aes,GENERALIZATION_TRAIN,222,14208,64,128,64,64,8192,128,results/circuitsage_hmac_v2_12c1/full_campaign_execution_12c1l/raw_batches/secworks_aes/batch_222/full_batch_222.csv,168c369f06109e3092f443ababadfcdebf9ccd6e3dee1c282650249b9759114f,results/circuitsage_hmac_v2_12c1/full_campaign_execution_12c1l/per_batch_npz/secworks_aes/full_batch_222.npz,f54461a29b142705818d91ee0ed282c341a15e8d7ddbeb567e8464ed62f87aeb,PASS
663,secworks_aes,GENERALIZATION_TRAIN,223,14272,64,128,64,64,8192,119,results/circuitsage_hmac_v2_12c1/full_campaign_execution_12c1l/raw_batches/secworks_aes/batch_223/full_batch_223.csv,ff44d140490ae974eaff9cb1c9e1fe5fb5de4f2b39c35f99549f289f8cdee873,results/circuitsage_hmac_v2_12c1/full_campaign_execution_12c1l/per_batch_npz/secworks_aes/full_batch_223.npz,c084e4760d9cc1f7ea154c46dcfdd61ebddaeb84f53334efd3f7c99a72b5f6f5,PASS
664,secworks_aes,GENERALIZATION_TRAIN,224,14336,64,128,64,64,8192,64,results/circuitsage_hmac_v2_12c1/full_campaign_execution_12c1l/raw_batches/secworks_aes/batch_224/full_batch_224.csv,2ab6800db58e9c04bf39cf28ce224844b640e23d61140d07c53f85d6deb39b5a,results/circuitsage_hmac_v2_12c1/full_campaign_execution_12c1l/per_batch_npz/secworks_aes/full_batch_224.npz,7346be88aadf061c3b8c7e693aa315c233d8980cd20764c022c721042531d5b3,PASS
665,secworks_aes,GENERALIZATION_TRAIN,225,14400,64,128,64,64,8192,96,results/circuitsage_hmac_v2_12c1/full_campaign_execution_12c1l/raw_batches/secworks_aes/batch_225/full_batch_225.csv,b6f94dddc61ae66159af6d4b655e89cebab5a79fd5dfc08d30df931e26d491f7,results/circuitsage_hmac_v2_12c1/full_campaign_execution_12c1l/per_batch_npz/secworks_aes/full_batch_225.npz,6c0b850d934d7860e8414607c242a6baebb1249b21d372596684869940d1fbab,PASS
666,secworks_aes,GENERALIZATION_TRAIN,226,14464,64,128,64,64,8192,128,results/circuitsage_hmac_v2_12c1/full_campaign_execution_12c1l/raw_batches/secworks_aes/batch_226/full_batch_226.csv,ebb13772b5512e92934d5fa70b6ec6f80cdc839cffd47c902d27231725fb3ef5,results/circuitsage_hmac_v2_12c1/full_campaign_execution_12c1l/per_batch_npz/secworks_aes/full_batch_226.npz,88164dc0eeeff28eda93f753fc6852059be0d31cb40e1ce9f11276882e0b2ad3,PASS
667,secworks_aes,GENERALIZATION_TRAIN,227,14528,64,128,64,64,8192,127,results/circuitsage_hmac_v2_12c1/full_campaign_execution_12c1l/raw_batches/secworks_aes/batch_227/full_batch_227.csv,70815f7fa9c8815237010ff66f319b92b7f4ec74ef703d2bebf5dafe07508ccd,results/circuitsage_hmac_v2_12c1/full_campaign_execution_12c1l/per_batch_npz/secworks_aes/full_batch_227.npz,a2661326a8942393c997da2060d187507bb0278680d8ab02a90dc7a91294bf7c,PASS
668,secworks_aes,GENERALIZATION_TRAIN,228,14592,64,128,64,64,8192,128,results/circuitsage_hmac_v2_12c1/full_campaign_execution_12c1l/raw_batches/secworks_aes/batch_228/full_batch_228.csv,6be8d68790e5eb8d3e20798aa5c80add235684afced5cfddb9fe4a24699f45bf,results/circuitsage_hmac_v2_12c1/full_campaign_execution_12c1l/per_batch_npz/secworks_aes/full_batch_228.npz,bb79f7d7e074c7a183bd288258a368aa089684c7636115bbebfebff30ac8ed84,PASS
669,secworks_aes,GENERALIZATION_TRAIN,229,14656,64,128,64,64,8192,128,results/circuitsage_hmac_v2_12c1/full_campaign_execution_12c1l/raw_batches/secworks_aes/batch_229/full_batch_229.csv,78ab72f4184ff9ad385660fce7d6f45802d73373f3ada145aed013d4a128db85,results/circuitsage_hmac_v2_12c1/full_campaign_execution_12c1l/per_batch_npz/secworks_aes/full_batch_229.npz,3382880b2f2bdcc7eac33dd947fd449acaf5286d9f8a308c2b3cafd86c25b097,PASS
670,secworks_aes,GENERALIZATION_TRAIN,230,14720,64,128,64,64,8192,128,results/circuitsage_hmac_v2_12c1/full_campaign_execution_12c1l/raw_batches/secworks_aes/batch_230/full_batch_230.csv,f7ba4652af9525a5e7b7a2b20a08990e4f8db9ce270dac89a87527089b6f92f7,results/circuitsage_hmac_v2_12c1/full_campaign_execution_12c1l/per_batch_npz/secworks_aes/full_batch_230.npz,180141789c49338d5abf785a5806b77bdf788118f6c40bb4f85f0804f0e03df0,PASS
671,secworks_aes,GENERALIZATION_TRAIN,231,14784,64,128,64,64,8192,128,results/circuitsage_hmac_v2_12c1/full_campaign_execution_12c1l/raw_batches/secworks_aes/batch_231/full_batch_231.csv,ef7ae1af6a74f3cdfc48eb190e43aaa9f9d52295f205e9816cc40d1107ed1c18,results/circuitsage_hmac_v2_12c1/full_campaign_execution_12c1l/per_batch_npz/secworks_aes/full_batch_231.npz,6d9185fa745d78221b8ed6297378a9de490e522f7f0386db6a20d29ba4e00990,PASS
672,secworks_aes,GENERALIZATION_TRAIN,232,14848,64,128,64,64,8192,128,results/circuitsage_hmac_v2_12c1/full_campaign_execution_12c1l/raw_batches/secworks_aes/batch_232/full_batch_232.csv,476c81f4a1a1e8f0e496afd01f22631f1b01997a959dec088c5ea2984cfda7c4,results/circuitsage_hmac_v2_12c1/full_campaign_execution_12c1l/per_batch_npz/secworks_aes/full_batch_232.npz,db36b434c0b772da44c2779f5f038da40217cfb76ec9669230608433beee3c89,PASS
673,secworks_aes,GENERALIZATION_TRAIN,233,14912,64,128,64,64,8192,127,results/circuitsage_hmac_v2_12c1/full_campaign_execution_12c1l/raw_batches/secworks_aes/batch_233/full_batch_233.csv,2a6f8f76a13fb89b76be79f3972dde252bf8fb7c5ead9b85bfefd1d3a98b5be3,results/circuitsage_hmac_v2_12c1/full_campaign_execution_12c1l/per_batch_npz/secworks_aes/full_batch_233.npz,62c3c407666ec5408d9db07de76740d13d7e97a15988d3c6545c19ec609b7105,PASS
674,secworks_aes,GENERALIZATION_TRAIN,234,14976,64,128,64,64,8192,127,results/circuitsage_hmac_v2_12c1/full_campaign_execution_12c1l/raw_batches/secworks_aes/batch_234/full_batch_234.csv,a35e578caf326d39730fd92831803096a6c176d9914f2db95b434e0a632f2899,results/circuitsage_hmac_v2_12c1/full_campaign_execution_12c1l/per_batch_npz/secworks_aes/full_batch_234.npz,4d38e5b77aa4870f6492580f92ef47fb877518575dc212b7498c5297326505e2,PASS
675,secworks_aes,GENERALIZATION_TRAIN,235,15040,64,128,64,64,8192,128,results/circuitsage_hmac_v2_12c1/full_campaign_execution_12c1l/raw_batches/secworks_aes/batch_235/full_batch_235.csv,c5fda6566c21e843016489d7d330d30229da02449fe6ea3f2de297fc6b6bdfc4,results/circuitsage_hmac_v2_12c1/full_campaign_execution_12c1l/per_batch_npz/secworks_aes/full_batch_235.npz,1525a6f8ed05d649aa803646fafad5cb42a3dbc3914f89e5e66814379b3e4307,PASS
676,secworks_aes,GENERALIZATION_TRAIN,236,15104,64,128,64,64,8192,128,results/circuitsage_hmac_v2_12c1/full_campaign_execution_12c1l/raw_batches/secworks_aes/batch_236/full_batch_236.csv,f3258375eefcbd54b7e75b94980d2647e505e92566779f5bfd85e712ff1704b3,results/circuitsage_hmac_v2_12c1/full_campaign_execution_12c1l/per_batch_npz/secworks_aes/full_batch_236.npz,f3755e4733d50e4fdc07bfebb039a17891bfa56625937cffe7acc01fa8fbe5d8,PASS
677,secworks_aes,GENERALIZATION_TRAIN,237,15168,64,128,64,64,8192,128,results/circuitsage_hmac_v2_12c1/full_campaign_execution_12c1l/raw_batches/secworks_aes/batch_237/full_batch_237.csv,c6bfd1da62f62c1e46062d8000a5f6bc7543e688fb1084647b31de9c4c3df84c,results/circuitsage_hmac_v2_12c1/full_campaign_execution_12c1l/per_batch_npz/secworks_aes/full_batch_237.npz,af71429495c1f571b2f1666581429fce769770d1d53883da76f42441dc37a91c,PASS
678,secworks_aes,GENERALIZATION_TRAIN,238,15232,64,128,64,64,8192,125,results/circuitsage_hmac_v2_12c1/full_campaign_execution_12c1l/raw_batches/secworks_aes/batch_238/full_batch_238.csv,079c82f732a0b05b7c4e075f03fe13d13dc19660dedc5f9cffe45eb7d6ddcc1f,results/circuitsage_hmac_v2_12c1/full_campaign_execution_12c1l/per_batch_npz/secworks_aes/full_batch_238.npz,fd83ed72cdc90f34e405912b87f2932e5e064499396e7e7aea463eaa3de94a85,PASS
679,secworks_aes,GENERALIZATION_TRAIN,239,15296,64,128,64,64,8192,128,results/circuitsage_hmac_v2_12c1/full_campaign_execution_12c1l/raw_batches/secworks_aes/batch_239/full_batch_239.csv,6fa397a1c517e0e08f2ca39e2f68c6d8bba4786ee34c7b091d5a38a455456577,results/circuitsage_hmac_v2_12c1/full_campaign_execution_12c1l/per_batch_npz/secworks_aes/full_batch_239.npz,4662736115f2b0537237513e38fbef1c4408b4a1b1bcff8de4261907ede39124,PASS
680,secworks_aes,GENERALIZATION_TRAIN,240,15360,64,128,64,64,8192,128,results/circuitsage_hmac_v2_12c1/full_campaign_execution_12c1l/raw_batches/secworks_aes/batch_240/full_batch_240.csv,6901ce3d2bfffe58a0c55a0959393aa2266801fa2f98cdf4b109645375b68648,results/circuitsage_hmac_v2_12c1/full_campaign_execution_12c1l/per_batch_npz/secworks_aes/full_batch_240.npz,8b4a7fa9c0450f4525f49b120626dd6107724741eaf49e6fd21cc4e8f160f6cb,PASS
681,secworks_aes,GENERALIZATION_TRAIN,241,15424,64,128,64,64,8192,128,results/circuitsage_hmac_v2_12c1/full_campaign_execution_12c1l/raw_batches/secworks_aes/batch_241/full_batch_241.csv,6ab16357521b288aa322a820ab45f2d18ada9e67948cecdd87f38aef1b6944a2,results/circuitsage_hmac_v2_12c1/full_campaign_execution_12c1l/per_batch_npz/secworks_aes/full_batch_241.npz,aa4c0e4d07478ba55a265580980271df7435f437610b9abb491220cdff540258,PASS
682,secworks_aes,GENERALIZATION_TRAIN,242,15488,64,128,64,64,8192,128,results/circuitsage_hmac_v2_12c1/full_campaign_execution_12c1l/raw_batches/secworks_aes/batch_242/full_batch_242.csv,b0641bca7d36130eef0374322d00970831643d660d867b956bd8b565fe59db12,results/circuitsage_hmac_v2_12c1/full_campaign_execution_12c1l/per_batch_npz/secworks_aes/full_batch_242.npz,88391c35f1c24083c94ba0c16c07d0492bbddb9525a62caa32023781a80e6857,PASS
683,secworks_aes,GENERALIZATION_TRAIN,243,15552,64,128,64,64,8192,128,results/circuitsage_hmac_v2_12c1/full_campaign_execution_12c1l/raw_batches/secworks_aes/batch_243/full_batch_243.csv,04eafe40da4425291bb25ad3dc95b24e753c24d74a24fff9bb7b6c46094cecc3,results/circuitsage_hmac_v2_12c1/full_campaign_execution_12c1l/per_batch_npz/secworks_aes/full_batch_243.npz,c2eb04a7237729402724f388450912202d1bb0ca54d45ce7037f4c5d0c653ead,PASS
684,secworks_aes,GENERALIZATION_TRAIN,244,15616,64,128,64,64,8192,121,results/circuitsage_hmac_v2_12c1/full_campaign_execution_12c1l/raw_batches/secworks_aes/batch_244/full_batch_244.csv,717630af2eee3ad5bdf4aa870788ff1fcd83f10901dbfa200087874c11376b7c,results/circuitsage_hmac_v2_12c1/full_campaign_execution_12c1l/per_batch_npz/secworks_aes/full_batch_244.npz,6c3462949b265b0d9f8022ec73f4f6facbbc72b9783b651312f8d40c63b8bd86,PASS
685,secworks_aes,GENERALIZATION_TRAIN,245,15680,64,128,64,64,8192,128,results/circuitsage_hmac_v2_12c1/full_campaign_execution_12c1l/raw_batches/secworks_aes/batch_245/full_batch_245.csv,59df1adc401456f5ca63b1eac05dec8c6f61228515afab266d2bae8a48dc32ec,results/circuitsage_hmac_v2_12c1/full_campaign_execution_12c1l/per_batch_npz/secworks_aes/full_batch_245.npz,47fc03e462dacbb3a45e007b4165960a4fae36b0f9287aba4ab31d3aa7025276,PASS
686,secworks_aes,GENERALIZATION_TRAIN,246,15744,64,128,64,64,8192,101,results/circuitsage_hmac_v2_12c1/full_campaign_execution_12c1l/raw_batches/secworks_aes/batch_246/full_batch_246.csv,4735152c9b21a637742171674f6d8958856d5486187dc917cf3f001781108fa2,results/circuitsage_hmac_v2_12c1/full_campaign_execution_12c1l/per_batch_npz/secworks_aes/full_batch_246.npz,c6ad97ae419b3170c0f27bd0abe314ce998a4a263360d95da9d78f875b753b8f,PASS
687,secworks_aes,GENERALIZATION_TRAIN,247,15808,64,128,64,64,8192,128,results/circuitsage_hmac_v2_12c1/full_campaign_execution_12c1l/raw_batches/secworks_aes/batch_247/full_batch_247.csv,c1b90fcc57f1647e3b41a581be063c3df6da8c8aa8517c0dba39cbbe983f1f7c,results/circuitsage_hmac_v2_12c1/full_campaign_execution_12c1l/per_batch_npz/secworks_aes/full_batch_247.npz,6b50ef246f69c9ea294557a1e82ecf1fb9c579d612e5c382bb3a37b061a03f9e,PASS
688,secworks_aes,GENERALIZATION_TRAIN,248,15872,64,128,64,64,8192,128,results/circuitsage_hmac_v2_12c1/full_campaign_execution_12c1l/raw_batches/secworks_aes/batch_248/full_batch_248.csv,aad56a369f80b427e2b773f013152ff35b2694a075a0931afb1846640dfa1c52,results/circuitsage_hmac_v2_12c1/full_campaign_execution_12c1l/per_batch_npz/secworks_aes/full_batch_248.npz,df628eebe93611d33846b7c4746bae7648edc1fc9c5a069327302bb448a156b9,PASS
689,secworks_aes,GENERALIZATION_TRAIN,249,15936,64,128,64,64,8192,128,results/circuitsage_hmac_v2_12c1/full_campaign_execution_12c1l/raw_batches/secworks_aes/batch_249/full_batch_249.csv,21dabbe2945f1de141ad1edbfca339e82473130e9bac75dad0615d733f9372a0,results/circuitsage_hmac_v2_12c1/full_campaign_execution_12c1l/per_batch_npz/secworks_aes/full_batch_249.npz,bb430f010c10b771120a4829f05d5540ea3ae083528cdb5d180515938c6cbb0f,PASS
690,secworks_aes,GENERALIZATION_TRAIN,250,16000,64,128,64,64,8192,128,results/circuitsage_hmac_v2_12c1/full_campaign_execution_12c1l/raw_batches/secworks_aes/batch_250/full_batch_250.csv,8316a93d5f131029463a55bad7e44aa2f44575672fc3b3aa16163e93a4fd552e,results/circuitsage_hmac_v2_12c1/full_campaign_execution_12c1l/per_batch_npz/secworks_aes/full_batch_250.npz,5b0765fbcbad1a4fad22e244bfabc5f09223f7705f7905aece343e6e55344002,PASS
691,secworks_aes,GENERALIZATION_TRAIN,251,16064,64,128,64,64,8192,128,results/circuitsage_hmac_v2_12c1/full_campaign_execution_12c1l/raw_batches/secworks_aes/batch_251/full_batch_251.csv,7b3a4472c986011704859140c88fcd39ccdc43d32799f9474aae6a51d429ff82,results/circuitsage_hmac_v2_12c1/full_campaign_execution_12c1l/per_batch_npz/secworks_aes/full_batch_251.npz,91aeb23560e0531172f4a049e51df8fcb9aa9e89f159c56c24a9e5ef3d8bc8c8,PASS
692,secworks_aes,GENERALIZATION_TRAIN,252,16128,64,128,64,64,8192,128,results/circuitsage_hmac_v2_12c1/full_campaign_execution_12c1l/raw_batches/secworks_aes/batch_252/full_batch_252.csv,ca5a37bc54c828f8affbd050125911a1cd63d5637b76fdb71fc48069790236bd,results/circuitsage_hmac_v2_12c1/full_campaign_execution_12c1l/per_batch_npz/secworks_aes/full_batch_252.npz,f211db33ff991a67ab49c39247ed69659df96f02d33ec148b39c50c22e6758fa,PASS
693,secworks_aes,GENERALIZATION_TRAIN,253,16192,64,128,64,64,8192,128,results/circuitsage_hmac_v2_12c1/full_campaign_execution_12c1l/raw_batches/secworks_aes/batch_253/full_batch_253.csv,681e15bef90f86c7ce9e49ec35bf4a5ab7a7e29bccd54f46b6956d60f69e5e64,results/circuitsage_hmac_v2_12c1/full_campaign_execution_12c1l/per_batch_npz/secworks_aes/full_batch_253.npz,a7d60c8de3e7ca51a9c76ca29e91f08db004663188a83dda437eb535215f00bc,PASS
694,secworks_aes,GENERALIZATION_TRAIN,254,16256,64,128,64,64,8192,128,results/circuitsage_hmac_v2_12c1/full_campaign_execution_12c1l/raw_batches/secworks_aes/batch_254/full_batch_254.csv,cc9bc100077bb11fb4f077ef87ea6574380a8d40ce0dfaa28248223ed9bda785,results/circuitsage_hmac_v2_12c1/full_campaign_execution_12c1l/per_batch_npz/secworks_aes/full_batch_254.npz,9197b20a25c0a131b7d3077f6393d41cd5a811da9592e528e9d964b0a0630908,PASS
695,secworks_aes,GENERALIZATION_TRAIN,255,16320,64,128,64,64,8192,128,results/circuitsage_hmac_v2_12c1/full_campaign_execution_12c1l/raw_batches/secworks_aes/batch_255/full_batch_255.csv,5eec1c76f4baedf59c579fdb2e417f0993c1f3b03f4e518bf8b8b29b36f3441f,results/circuitsage_hmac_v2_12c1/full_campaign_execution_12c1l/per_batch_npz/secworks_aes/full_batch_255.npz,7c76edab9c8fb54cd08cf71623a9878607f3ebc7c336c309b61937c98809590c,PASS
696,secworks_aes,GENERALIZATION_TRAIN,256,16384,64,128,64,64,8192,128,results/circuitsage_hmac_v2_12c1/full_campaign_execution_12c1l/raw_batches/secworks_aes/batch_256/full_batch_256.csv,004c6fd935ef1625d52ef5cffe674bc2d745143913adaa87187b09d10744b11c,results/circuitsage_hmac_v2_12c1/full_campaign_execution_12c1l/per_batch_npz/secworks_aes/full_batch_256.npz,8bc90d1789396fcefb5e235fd7300694b20c9f041324e13d7497af015043c457,PASS
697,secworks_aes,GENERALIZATION_TRAIN,257,16448,64,128,64,64,8192,128,results/circuitsage_hmac_v2_12c1/full_campaign_execution_12c1l/raw_batches/secworks_aes/batch_257/full_batch_257.csv,fd5bc4542ed2141a05535b292b2ca35b1021e0cdfc074f181704ae0797a3f943,results/circuitsage_hmac_v2_12c1/full_campaign_execution_12c1l/per_batch_npz/secworks_aes/full_batch_257.npz,66e2b6ffc817524cba0f39f73eadee8ca65dd7e78642d5633e4adc2658d66c78,PASS
698,secworks_aes,GENERALIZATION_TRAIN,258,16512,64,128,64,64,8192,128,results/circuitsage_hmac_v2_12c1/full_campaign_execution_12c1l/raw_batches/secworks_aes/batch_258/full_batch_258.csv,81fc32b18cb57673a0ead9fd485e9987418a90cbf08fcffe777cd58202e40563,results/circuitsage_hmac_v2_12c1/full_campaign_execution_12c1l/per_batch_npz/secworks_aes/full_batch_258.npz,bbca39fb4690b67755993b61d2e979739b5dd8f292ad664f6ddf7247774cd23a,PASS
699,secworks_aes,GENERALIZATION_TRAIN,259,16576,64,128,64,64,8192,128,results/circuitsage_hmac_v2_12c1/full_campaign_execution_12c1l/raw_batches/secworks_aes/batch_259/full_batch_259.csv,0c0027d92fd8224d2dd92ffed6288ce6f46090436b2765a5859aba465e075621,results/circuitsage_hmac_v2_12c1/full_campaign_execution_12c1l/per_batch_npz/secworks_aes/full_batch_259.npz,24a17ec7c22adea1cebdd87eb112b833431da26bec892888612623daf85320a0,PASS
700,secworks_aes,GENERALIZATION_TRAIN,260,16640,64,128,64,64,8192,128,results/circuitsage_hmac_v2_12c1/full_campaign_execution_12c1l/raw_batches/secworks_aes/batch_260/full_batch_260.csv,99e8ce6882b424eac6962566c15b4f727a4687d791255c304f915040ad471b18,results/circuitsage_hmac_v2_12c1/full_campaign_execution_12c1l/per_batch_npz/secworks_aes/full_batch_260.npz,435a59a59ce3bf33d0560db239b4dc70f580c9caa4512f1463c5b362d9efa467,PASS
701,secworks_aes,GENERALIZATION_TRAIN,261,16704,64,128,64,64,8192,128,results/circuitsage_hmac_v2_12c1/full_campaign_execution_12c1l/raw_batches/secworks_aes/batch_261/full_batch_261.csv,7d5fe12e1c9d674197dd0b9dcd669818afb1ed4e156c586b038c80ad6369db60,results/circuitsage_hmac_v2_12c1/full_campaign_execution_12c1l/per_batch_npz/secworks_aes/full_batch_261.npz,b171ac26f408f760b797e271f4d4cf5957d94a94c7841b258d37e1f88c9e085d,PASS
702,secworks_aes,GENERALIZATION_TRAIN,262,16768,64,128,64,64,8192,128,results/circuitsage_hmac_v2_12c1/full_campaign_execution_12c1l/raw_batches/secworks_aes/batch_262/full_batch_262.csv,d47b9f5ba9cf8581713e48fe3ee5ddaa712e7e69badb220dd5132859b277640c,results/circuitsage_hmac_v2_12c1/full_campaign_execution_12c1l/per_batch_npz/secworks_aes/full_batch_262.npz,e08c1d6d2ee28c04069cc081a4440d413d422dd0de57f132f2bfb34d61e79f6f,PASS
703,secworks_aes,GENERALIZATION_TRAIN,263,16832,64,128,64,64,8192,128,results/circuitsage_hmac_v2_12c1/full_campaign_execution_12c1l/raw_batches/secworks_aes/batch_263/full_batch_263.csv,3da56d785d023cace09482e91ca3b4b1af43b537d5c39fead08eb5d80feb2d32,results/circuitsage_hmac_v2_12c1/full_campaign_execution_12c1l/per_batch_npz/secworks_aes/full_batch_263.npz,74644b37f1826428bfbf1a109b84dc5aba9f14492f834315eb22b8cb5a4e42a4,PASS
704,secworks_aes,GENERALIZATION_TRAIN,264,16896,64,128,64,64,8192,128,results/circuitsage_hmac_v2_12c1/full_campaign_execution_12c1l/raw_batches/secworks_aes/batch_264/full_batch_264.csv,dd769eaa3abddcab3fae3bac5db9e42187e8ae100e569c350478a6e32bc95664,results/circuitsage_hmac_v2_12c1/full_campaign_execution_12c1l/per_batch_npz/secworks_aes/full_batch_264.npz,53392346dee10812c976f66f82ed4da5ec719ac39ab25b4b7beac7ab51195316,PASS
705,secworks_aes,GENERALIZATION_TRAIN,265,16960,64,128,64,64,8192,128,results/circuitsage_hmac_v2_12c1/full_campaign_execution_12c1l/raw_batches/secworks_aes/batch_265/full_batch_265.csv,40cd0ed400bae235676daaa783321055dca5ce3da6049b58ba656e1ad2d39734,results/circuitsage_hmac_v2_12c1/full_campaign_execution_12c1l/per_batch_npz/secworks_aes/full_batch_265.npz,84fda6a0c20bbf7e1c4bbaa7cb6b6a1db5d654069834c8db1f90f982b2d66758,PASS
706,secworks_aes,GENERALIZATION_TRAIN,266,17024,64,128,64,64,8192,128,results/circuitsage_hmac_v2_12c1/full_campaign_execution_12c1l/raw_batches/secworks_aes/batch_266/full_batch_266.csv,b288bb0518b31c4d6b59aca67b3beac2103dd17ecaa95900d997ad6673a666e6,results/circuitsage_hmac_v2_12c1/full_campaign_execution_12c1l/per_batch_npz/secworks_aes/full_batch_266.npz,207042021a271516ffec65410035dd779edb9024426defd67d0291e070f583b0,PASS
707,secworks_aes,GENERALIZATION_TRAIN,267,17088,64,128,64,64,8192,128,results/circuitsage_hmac_v2_12c1/full_campaign_execution_12c1l/raw_batches/secworks_aes/batch_267/full_batch_267.csv,a0122e2b71fd54e4ecc8eb66289413f0a73f8bf7c8cc86fe2862ddc276ebf090,results/circuitsage_hmac_v2_12c1/full_campaign_execution_12c1l/per_batch_npz/secworks_aes/full_batch_267.npz,3d1c335d2778dfb9f620f4e7932a2426de3375b8d701a442d190ea1a93b441bc,PASS
708,secworks_aes,GENERALIZATION_TRAIN,268,17152,64,128,64,64,8192,128,results/circuitsage_hmac_v2_12c1/full_campaign_execution_12c1l/raw_batches/secworks_aes/batch_268/full_batch_268.csv,a11177b6242ad3f128bee655b7c6166eae43d10594a547849291a694d2c57b8e,results/circuitsage_hmac_v2_12c1/full_campaign_execution_12c1l/per_batch_npz/secworks_aes/full_batch_268.npz,d91a3248899b06f4933644e3727ef6fea0b8aa71df90b6f9ae5e15900e027131,PASS
709,secworks_aes,GENERALIZATION_TRAIN,269,17216,64,128,64,64,8192,128,results/circuitsage_hmac_v2_12c1/full_campaign_execution_12c1l/raw_batches/secworks_aes/batch_269/full_batch_269.csv,b06a2700641740b12e82ad8e2ae1940d93460dea14b336599ccda60397c789a3,results/circuitsage_hmac_v2_12c1/full_campaign_execution_12c1l/per_batch_npz/secworks_aes/full_batch_269.npz,076f92e94b7dc845791d1cc117af01ad87b2f74ad0b45b789d5fa455de0173f5,PASS
710,secworks_aes,GENERALIZATION_TRAIN,270,17280,64,128,64,64,8192,128,results/circuitsage_hmac_v2_12c1/full_campaign_execution_12c1l/raw_batches/secworks_aes/batch_270/full_batch_270.csv,5eb5a4ee62fd86f8d49c9177de1a362db961fea320c3c8da35e108febf8610de,results/circuitsage_hmac_v2_12c1/full_campaign_execution_12c1l/per_batch_npz/secworks_aes/full_batch_270.npz,8bb1a49e8f7b15cf81395bdc71b85fd8794c96b1630aaef8d4317a30423f27b7,PASS
711,secworks_aes,GENERALIZATION_TRAIN,271,17344,64,128,64,64,8192,128,results/circuitsage_hmac_v2_12c1/full_campaign_execution_12c1l/raw_batches/secworks_aes/batch_271/full_batch_271.csv,a3d01ecb731b77f614e8cd28db32572304597a00ff84467bf2c31733347c3d70,results/circuitsage_hmac_v2_12c1/full_campaign_execution_12c1l/per_batch_npz/secworks_aes/full_batch_271.npz,daf2a3012b34747d78991f0951a7144625607571f0af792521641325c45b9971,PASS
712,secworks_aes,GENERALIZATION_TRAIN,272,17408,64,128,64,64,8192,128,results/circuitsage_hmac_v2_12c1/full_campaign_execution_12c1l/raw_batches/secworks_aes/batch_272/full_batch_272.csv,86ab49e141d36b4edf0d2f29a255af927f8b542e681ea0b5bec8327a486349ff,results/circuitsage_hmac_v2_12c1/full_campaign_execution_12c1l/per_batch_npz/secworks_aes/full_batch_272.npz,595e66f225c3bf6cbcb41d76e3104dcdd9f70a4dcf2845ecd83290d81125a1d4,PASS
713,secworks_aes,GENERALIZATION_TRAIN,273,17472,64,128,64,64,8192,128,results/circuitsage_hmac_v2_12c1/full_campaign_execution_12c1l/raw_batches/secworks_aes/batch_273/full_batch_273.csv,5a0688fec35789a0dbf0b470fa1e74a7852c69931a74d34cfa3b21ba88be87f6,results/circuitsage_hmac_v2_12c1/full_campaign_execution_12c1l/per_batch_npz/secworks_aes/full_batch_273.npz,ea430603b7a96a25f3b35f01a8625b5990c3a813b93132939cfc7bddd69b3c27,PASS
714,secworks_aes,GENERALIZATION_TRAIN,274,17536,64,128,64,64,8192,128,results/circuitsage_hmac_v2_12c1/full_campaign_execution_12c1l/raw_batches/secworks_aes/batch_274/full_batch_274.csv,dbeef2e8dce3b4b3ca880e3ff2c829a91dbe904288d780a31900860bf0f09565,results/circuitsage_hmac_v2_12c1/full_campaign_execution_12c1l/per_batch_npz/secworks_aes/full_batch_274.npz,a8d0cbacb79aabcbca0c123f007359e11c2acdf467f8556135a7441001ca79ac,PASS
715,secworks_aes,GENERALIZATION_TRAIN,275,17600,64,128,64,64,8192,128,results/circuitsage_hmac_v2_12c1/full_campaign_execution_12c1l/raw_batches/secworks_aes/batch_275/full_batch_275.csv,68de2627c596ccfe528118f454f258d811de8fbc6143aa70602cde6114197463,results/circuitsage_hmac_v2_12c1/full_campaign_execution_12c1l/per_batch_npz/secworks_aes/full_batch_275.npz,271825dcbef2aaaf35bc101fb56c25ff10ef0809862724796d23a4e765b2131d,PASS
716,secworks_aes,GENERALIZATION_TRAIN,276,17664,64,128,64,64,8192,128,results/circuitsage_hmac_v2_12c1/full_campaign_execution_12c1l/raw_batches/secworks_aes/batch_276/full_batch_276.csv,c6b4e30cc4ab9b1bd6158485e302b3cfb86d4fab8f09d2a4e6f9d36745c696ab,results/circuitsage_hmac_v2_12c1/full_campaign_execution_12c1l/per_batch_npz/secworks_aes/full_batch_276.npz,a1610dee6263e046c42e58d2543eab502ae9038dc8d6a49013c524e7870c7269,PASS
717,secworks_aes,GENERALIZATION_TRAIN,277,17728,64,128,64,64,8192,128,results/circuitsage_hmac_v2_12c1/full_campaign_execution_12c1l/raw_batches/secworks_aes/batch_277/full_batch_277.csv,839b9945e5347bb7382a59d76a12c8136859d2edb00e1a42b9f3e3553aea9064,results/circuitsage_hmac_v2_12c1/full_campaign_execution_12c1l/per_batch_npz/secworks_aes/full_batch_277.npz,0e8e8b17039edea4db595676836e78dfcdd030c87264df6d1d102642c7167c57,PASS
718,secworks_aes,GENERALIZATION_TRAIN,278,17792,64,128,64,64,8192,116,results/circuitsage_hmac_v2_12c1/full_campaign_execution_12c1l/raw_batches/secworks_aes/batch_278/full_batch_278.csv,900d9a4f8c723d3c7ccd1a4919e14e7f9ff29307c1274e6b3341196b29667a9f,results/circuitsage_hmac_v2_12c1/full_campaign_execution_12c1l/per_batch_npz/secworks_aes/full_batch_278.npz,cf50764d64ae1187cfcaecd650f530117475171a28f74327dd4513285ad53b4e,PASS
719,secworks_aes,GENERALIZATION_TRAIN,279,17856,64,128,64,64,8192,64,results/circuitsage_hmac_v2_12c1/full_campaign_execution_12c1l/raw_batches/secworks_aes/batch_279/full_batch_279.csv,dbe4287fa6bb14e953c173fa4c13b1a6865971b9f0c6f3db7522aa4a590a3998,results/circuitsage_hmac_v2_12c1/full_campaign_execution_12c1l/per_batch_npz/secworks_aes/full_batch_279.npz,095074bb381d22b8684e7b14108015fbd7a1152f38b513984e848e72757a888e,PASS
720,secworks_aes,GENERALIZATION_TRAIN,280,17920,64,128,64,64,8192,87,results/circuitsage_hmac_v2_12c1/full_campaign_execution_12c1l/raw_batches/secworks_aes/batch_280/full_batch_280.csv,b8ee50c7d055e37abe60cefa5e8cd8f00a0968dfaf9be8fa021e22f2cc1e9949,results/circuitsage_hmac_v2_12c1/full_campaign_execution_12c1l/per_batch_npz/secworks_aes/full_batch_280.npz,cef7a8db5d82489c911d6bfbaf1ee34eb74ab52d67fe4964fbbd8e145c9d7a9b,PASS
721,secworks_aes,GENERALIZATION_TRAIN,281,17984,64,128,64,64,8192,128,results/circuitsage_hmac_v2_12c1/full_campaign_execution_12c1l/raw_batches/secworks_aes/batch_281/full_batch_281.csv,92323cc7d75bc0f731940b99c55f9216553cb2f7b6d75c14ecd017c8a626316d,results/circuitsage_hmac_v2_12c1/full_campaign_execution_12c1l/per_batch_npz/secworks_aes/full_batch_281.npz,cc327812da5ca55575f1aa763905fcd64642d28b314283c5b6a20856822634cc,PASS
722,secworks_aes,GENERALIZATION_TRAIN,282,18048,64,128,64,64,8192,128,results/circuitsage_hmac_v2_12c1/full_campaign_execution_12c1l/raw_batches/secworks_aes/batch_282/full_batch_282.csv,603a0d438aa9da4de1269110ef602628da5a9ef0b99f64ca039c9795045c02dd,results/circuitsage_hmac_v2_12c1/full_campaign_execution_12c1l/per_batch_npz/secworks_aes/full_batch_282.npz,fa09d234faeb90ca1d36c7007ec8d7de3efca9c18edff8ae4f565ba63ca8d6ca,PASS
723,secworks_aes,GENERALIZATION_TRAIN,283,18112,64,128,64,64,8192,128,results/circuitsage_hmac_v2_12c1/full_campaign_execution_12c1l/raw_batches/secworks_aes/batch_283/full_batch_283.csv,7820d5ded07469d6ecaf5ebb31507b301087e436b0515310d3be5b1bccb9afb4,results/circuitsage_hmac_v2_12c1/full_campaign_execution_12c1l/per_batch_npz/secworks_aes/full_batch_283.npz,24c856cd5f3308833a145516710e53c22e3d0941466afaf17db6687bc568dda8,PASS
724,secworks_aes,GENERALIZATION_TRAIN,284,18176,64,128,64,64,8192,128,results/circuitsage_hmac_v2_12c1/full_campaign_execution_12c1l/raw_batches/secworks_aes/batch_284/full_batch_284.csv,680ecac152545a670fe2fcb8544c8e54a2c156bfec698cc46a1c08d5bc71ccd7,results/circuitsage_hmac_v2_12c1/full_campaign_execution_12c1l/per_batch_npz/secworks_aes/full_batch_284.npz,be2096c5f00b81545c62577eea5a65d55f9e8c02abd2ba8dd18cc2d3a33f4330,PASS
725,secworks_aes,GENERALIZATION_TRAIN,285,18240,64,128,64,64,8192,128,results/circuitsage_hmac_v2_12c1/full_campaign_execution_12c1l/raw_batches/secworks_aes/batch_285/full_batch_285.csv,df7ab6c7dbfe72b36cbf7f0a41f9dbd9605da3a98dd60a89c644155a6f5ab653,results/circuitsage_hmac_v2_12c1/full_campaign_execution_12c1l/per_batch_npz/secworks_aes/full_batch_285.npz,80e01ebc08837a836f100a1ee0720cd7721cad58d6f7fd2fbe7bc98687e01a3a,PASS
726,secworks_aes,GENERALIZATION_TRAIN,286,18304,64,128,64,64,8192,128,results/circuitsage_hmac_v2_12c1/full_campaign_execution_12c1l/raw_batches/secworks_aes/batch_286/full_batch_286.csv,8663be77461bf044e745dd7b9fc653cf33ccb48c8e33de8c1683d0d3f5dc3597,results/circuitsage_hmac_v2_12c1/full_campaign_execution_12c1l/per_batch_npz/secworks_aes/full_batch_286.npz,99376f8552b0125ec41724f06f99d1d2b68b5f3ff62642d4684534e5c77c3dec,PASS
727,secworks_aes,GENERALIZATION_TRAIN,287,18368,64,128,64,64,8192,128,results/circuitsage_hmac_v2_12c1/full_campaign_execution_12c1l/raw_batches/secworks_aes/batch_287/full_batch_287.csv,e3ce085af48fc68edbd0f36488750ef1feab61b638e3abbabaef440cf0d49d4c,results/circuitsage_hmac_v2_12c1/full_campaign_execution_12c1l/per_batch_npz/secworks_aes/full_batch_287.npz,12d1326b6e6bd0a298b883910ae854012872d4582538e38f7a0602367173ca1e,PASS
728,secworks_aes,GENERALIZATION_TRAIN,288,18432,64,128,64,64,8192,128,results/circuitsage_hmac_v2_12c1/full_campaign_execution_12c1l/raw_batches/secworks_aes/batch_288/full_batch_288.csv,6eb289f7388e5f5dcfdc219163b5f2fc55ed1ebb2f97a91f07a69bb09e034560,results/circuitsage_hmac_v2_12c1/full_campaign_execution_12c1l/per_batch_npz/secworks_aes/full_batch_288.npz,b58e53097dc0d3d927921bb74e2dbbc8284fe22b20f230fb471959a61b286cee,PASS
729,secworks_aes,GENERALIZATION_TRAIN,289,18496,64,128,64,64,8192,128,results/circuitsage_hmac_v2_12c1/full_campaign_execution_12c1l/raw_batches/secworks_aes/batch_289/full_batch_289.csv,f6a5a467b35cccb9b965f57c99e1e167d8490215a46091235c670572656e2eb5,results/circuitsage_hmac_v2_12c1/full_campaign_execution_12c1l/per_batch_npz/secworks_aes/full_batch_289.npz,f03ed3bbd553fa9d7942cbb8f382d868a197962937ad8d94d1838de7c298d56b,PASS
730,secworks_aes,GENERALIZATION_TRAIN,290,18560,64,128,64,64,8192,128,results/circuitsage_hmac_v2_12c1/full_campaign_execution_12c1l/raw_batches/secworks_aes/batch_290/full_batch_290.csv,8653b77b57a79125faaa2414c45ebf0d1c2e6a8151cdbd61ed2e5067d27818ef,results/circuitsage_hmac_v2_12c1/full_campaign_execution_12c1l/per_batch_npz/secworks_aes/full_batch_290.npz,ce47473809e34bb6372ff18b7bde3522902d0a422b70fb82ee93812f0e582660,PASS
731,secworks_aes,GENERALIZATION_TRAIN,291,18624,64,128,64,64,8192,128,results/circuitsage_hmac_v2_12c1/full_campaign_execution_12c1l/raw_batches/secworks_aes/batch_291/full_batch_291.csv,2f4f25bcb4b8cdc5f21fb954d10980f51f6ab5730d5bf51f522e7b75e608c346,results/circuitsage_hmac_v2_12c1/full_campaign_execution_12c1l/per_batch_npz/secworks_aes/full_batch_291.npz,5cc98b2650d363e53a04a396146270c14a65e90685616e04226fcfccd2e9d032,PASS
732,secworks_aes,GENERALIZATION_TRAIN,292,18688,64,128,64,64,8192,127,results/circuitsage_hmac_v2_12c1/full_campaign_execution_12c1l/raw_batches/secworks_aes/batch_292/full_batch_292.csv,0c74ce5f031c39aa8ddae1766d97625854ecff91befd735dee66fd00a83e66e3,results/circuitsage_hmac_v2_12c1/full_campaign_execution_12c1l/per_batch_npz/secworks_aes/full_batch_292.npz,dc7a98ed6e4e6dc716a7ec9b3ac8d78f882e552337130f376613a48f5466b6b7,PASS
733,secworks_aes,GENERALIZATION_TRAIN,293,18752,64,128,64,64,8192,122,results/circuitsage_hmac_v2_12c1/full_campaign_execution_12c1l/raw_batches/secworks_aes/batch_293/full_batch_293.csv,4773037017b9f4264d89800d0e01d99b104036b99834152cd02ab1de36fcc828,results/circuitsage_hmac_v2_12c1/full_campaign_execution_12c1l/per_batch_npz/secworks_aes/full_batch_293.npz,6004cfa36098d7d7f130332b40a9c6653d6cdf88507944bb6986aa4436d49c4b,PASS
734,secworks_aes,GENERALIZATION_TRAIN,294,18816,64,128,64,64,8192,120,results/circuitsage_hmac_v2_12c1/full_campaign_execution_12c1l/raw_batches/secworks_aes/batch_294/full_batch_294.csv,986a37534051200e83035a32a8bebd8894836c1f2e82a04670f6825c242e1885,results/circuitsage_hmac_v2_12c1/full_campaign_execution_12c1l/per_batch_npz/secworks_aes/full_batch_294.npz,db79ca215f8d554345db2b42c527ca8702b9f7155a5132775f9b63f7b55f7d7b,PASS
735,secworks_aes,GENERALIZATION_TRAIN,295,18880,64,128,64,64,8192,120,results/circuitsage_hmac_v2_12c1/full_campaign_execution_12c1l/raw_batches/secworks_aes/batch_295/full_batch_295.csv,5dd406f0fe97a86d52f150e1b190d4822d3b4ca6ed8d49dc1a0039228c4e96ae,results/circuitsage_hmac_v2_12c1/full_campaign_execution_12c1l/per_batch_npz/secworks_aes/full_batch_295.npz,45e20ff35f36cf237fc3f4f5c262982a108ec4b8717f13b4c916cccb4a473e5c,PASS
736,secworks_aes,GENERALIZATION_TRAIN,296,18944,64,128,64,64,8192,122,results/circuitsage_hmac_v2_12c1/full_campaign_execution_12c1l/raw_batches/secworks_aes/batch_296/full_batch_296.csv,eb00f529de3f45e77bb1bd65341b04e33d6043d989a68f12c19ce0429f977a05,results/circuitsage_hmac_v2_12c1/full_campaign_execution_12c1l/per_batch_npz/secworks_aes/full_batch_296.npz,28a67a8c1b782f7a312be0d6dd6dc7e955e7eec9b60a3c2413053f86960c6db1,PASS
737,secworks_aes,GENERALIZATION_TRAIN,297,19008,64,128,64,64,8192,119,results/circuitsage_hmac_v2_12c1/full_campaign_execution_12c1l/raw_batches/secworks_aes/batch_297/full_batch_297.csv,cb49855f996415ef8c187e9ff98da244ab92dd6f35998494fcf002a34abf4f92,results/circuitsage_hmac_v2_12c1/full_campaign_execution_12c1l/per_batch_npz/secworks_aes/full_batch_297.npz,b49701de7a3ac730529283ae27b21e29b67a8c12760a62855db9c73796206798,PASS
738,secworks_aes,GENERALIZATION_TRAIN,298,19072,64,128,64,64,8192,124,results/circuitsage_hmac_v2_12c1/full_campaign_execution_12c1l/raw_batches/secworks_aes/batch_298/full_batch_298.csv,f8fa4c1ffb21ca19b5ba8a29ef0949480f3f2285bc4fd86ca012b23141033c53,results/circuitsage_hmac_v2_12c1/full_campaign_execution_12c1l/per_batch_npz/secworks_aes/full_batch_298.npz,0a7e4305bb20854c23fffc1a7042d41994e41498be289ac7371cc04fbd92a6a1,PASS
739,secworks_aes,GENERALIZATION_TRAIN,299,19136,64,128,64,64,8192,119,results/circuitsage_hmac_v2_12c1/full_campaign_execution_12c1l/raw_batches/secworks_aes/batch_299/full_batch_299.csv,b25907d73259fbdd1b5c0e9e09fe180e8a9b1ef4cee1451c69bc34f2f59328c3,results/circuitsage_hmac_v2_12c1/full_campaign_execution_12c1l/per_batch_npz/secworks_aes/full_batch_299.npz,9dac1bfb03d5311fc14a5669210d9ab690a0c53d437a5b4d353e4da0ef52591c,PASS
740,secworks_aes,GENERALIZATION_TRAIN,300,19200,64,128,64,64,8192,118,results/circuitsage_hmac_v2_12c1/full_campaign_execution_12c1l/raw_batches/secworks_aes/batch_300/full_batch_300.csv,a7d340463c81c953cd73d8205d9e623daed8e3a87b393405dc1e5e9ad480fd3d,results/circuitsage_hmac_v2_12c1/full_campaign_execution_12c1l/per_batch_npz/secworks_aes/full_batch_300.npz,dc7a6f55a9316678b8155716319582581c3a1e40ca111ed9f618e8cfffc50e8f,PASS
741,secworks_aes,GENERALIZATION_TRAIN,301,19264,64,128,64,64,8192,118,results/circuitsage_hmac_v2_12c1/full_campaign_execution_12c1l/raw_batches/secworks_aes/batch_301/full_batch_301.csv,27be6108b454c5e972d0cc601bfc94ee562e35462c489a7ab0d039f06515f6e7,results/circuitsage_hmac_v2_12c1/full_campaign_execution_12c1l/per_batch_npz/secworks_aes/full_batch_301.npz,07c2f08cca978c1117333a3e8cf048bd4dc37fb64f7186cbd6c494febeb18b83,PASS
742,secworks_aes,GENERALIZATION_TRAIN,302,19328,64,128,64,64,8192,123,results/circuitsage_hmac_v2_12c1/full_campaign_execution_12c1l/raw_batches/secworks_aes/batch_302/full_batch_302.csv,b75332ebd1941e5f8991c8e9144461d18da43db63dd61db49cebfc2295a5c3bf,results/circuitsage_hmac_v2_12c1/full_campaign_execution_12c1l/per_batch_npz/secworks_aes/full_batch_302.npz,814dcd306b5f82070890b3db10d8209d9a3bf1fcaba4874018de6343523d8a51,PASS
743,secworks_aes,GENERALIZATION_TRAIN,303,19392,64,128,64,64,8192,118,results/circuitsage_hmac_v2_12c1/full_campaign_execution_12c1l/raw_batches/secworks_aes/batch_303/full_batch_303.csv,2838efb0724fb4252c4599f6aa3378812fd184586350164aea1ff4fe0f1f6b66,results/circuitsage_hmac_v2_12c1/full_campaign_execution_12c1l/per_batch_npz/secworks_aes/full_batch_303.npz,8085f1b225aaa4196564c1b2107d628b39d5ebe465b7d73959763d637a6a7146,PASS
744,secworks_aes,GENERALIZATION_TRAIN,304,19456,64,128,64,64,8192,122,results/circuitsage_hmac_v2_12c1/full_campaign_execution_12c1l/raw_batches/secworks_aes/batch_304/full_batch_304.csv,8c7a191755e7d6bf61e1d7e9af68821b2409d5cf40016a7a3fcc0d5496280ac4,results/circuitsage_hmac_v2_12c1/full_campaign_execution_12c1l/per_batch_npz/secworks_aes/full_batch_304.npz,ffdf5e872c8805d121a0c0445bdcc235f13c4177956e1fe34bf8a445fe9aedca,PASS
745,secworks_aes,GENERALIZATION_TRAIN,305,19520,64,128,64,64,8192,123,results/circuitsage_hmac_v2_12c1/full_campaign_execution_12c1l/raw_batches/secworks_aes/batch_305/full_batch_305.csv,954e1c41b37c534e104242745ec8d9c82ed7c84d78c88686390bcb3894bc1916,results/circuitsage_hmac_v2_12c1/full_campaign_execution_12c1l/per_batch_npz/secworks_aes/full_batch_305.npz,17e337fb262f7e43f0a953bc25487d85ec3f23b69a8bbb57a8278d88200d86a9,PASS
746,secworks_aes,GENERALIZATION_TRAIN,306,19584,64,128,64,64,8192,124,results/circuitsage_hmac_v2_12c1/full_campaign_execution_12c1l/raw_batches/secworks_aes/batch_306/full_batch_306.csv,8490024c9b7e989acca6168fd9e0d46f58d9929e65887cd9f621cbd5e0cc35c7,results/circuitsage_hmac_v2_12c1/full_campaign_execution_12c1l/per_batch_npz/secworks_aes/full_batch_306.npz,f70dfd3cab60455df709e84c41705ff40e3805e755354522d9d8a6da93c16eb8,PASS
747,secworks_aes,GENERALIZATION_TRAIN,307,19648,64,128,64,64,8192,122,results/circuitsage_hmac_v2_12c1/full_campaign_execution_12c1l/raw_batches/secworks_aes/batch_307/full_batch_307.csv,eda7daaaa395fbbc5f2b0801a48fea4cc9d997da6e48b137999a9f2c09233e5d,results/circuitsage_hmac_v2_12c1/full_campaign_execution_12c1l/per_batch_npz/secworks_aes/full_batch_307.npz,4bb35854e9e235ece861a2eba956e43e344e3fa859a6f48265a7a48fb7609e63,PASS
748,secworks_aes,GENERALIZATION_TRAIN,308,19712,64,128,64,64,8192,124,results/circuitsage_hmac_v2_12c1/full_campaign_execution_12c1l/raw_batches/secworks_aes/batch_308/full_batch_308.csv,5ff11eb8a20bc65fa8c74b9ec1554948a60b47a95c50cfe7614586fe9861eaee,results/circuitsage_hmac_v2_12c1/full_campaign_execution_12c1l/per_batch_npz/secworks_aes/full_batch_308.npz,1d5fac6d9735cd0c3fe39c9a32f7a227d30f1846d4315d2a989479ff6ec64ed1,PASS
749,secworks_aes,GENERALIZATION_TRAIN,309,19776,64,128,64,64,8192,126,results/circuitsage_hmac_v2_12c1/full_campaign_execution_12c1l/raw_batches/secworks_aes/batch_309/full_batch_309.csv,e70e082506b0b8da089daec9f759a4c88a694d6e9661865e6537f9f248934842,results/circuitsage_hmac_v2_12c1/full_campaign_execution_12c1l/per_batch_npz/secworks_aes/full_batch_309.npz,3be89ca6cc6b82829de954696a6cbffc956f3f30e2beb69afa4412b5b4dc11b8,PASS
750,secworks_aes,GENERALIZATION_TRAIN,310,19840,64,128,64,64,8192,120,results/circuitsage_hmac_v2_12c1/full_campaign_execution_12c1l/raw_batches/secworks_aes/batch_310/full_batch_310.csv,ea013c4bd6f3389917182eab16bf0cbe09400cdbbf53ad70424bfd3689d40320,results/circuitsage_hmac_v2_12c1/full_campaign_execution_12c1l/per_batch_npz/secworks_aes/full_batch_310.npz,9ed2546029e7a6141f796e971ad497c5ad3bd9d0615d8490471b2484277644ba,PASS
751,secworks_aes,GENERALIZATION_TRAIN,311,19904,64,128,64,64,8192,121,results/circuitsage_hmac_v2_12c1/full_campaign_execution_12c1l/raw_batches/secworks_aes/batch_311/full_batch_311.csv,b17f3076f4dc7125d0bf6a0b19c4f40d3bbdebe728e83ea2ceec992ea5cdd61a,results/circuitsage_hmac_v2_12c1/full_campaign_execution_12c1l/per_batch_npz/secworks_aes/full_batch_311.npz,e77dd2e0b79060cc941d2ba109b43b0427dd41b25bdd12711d2ebace2436ca79,PASS
752,secworks_aes,GENERALIZATION_TRAIN,312,19968,64,128,64,64,8192,120,results/circuitsage_hmac_v2_12c1/full_campaign_execution_12c1l/raw_batches/secworks_aes/batch_312/full_batch_312.csv,ffbaf9e0299b889eb90322f5f16581b456a1b47c0b559fa198cbe5fb74b6cb24,results/circuitsage_hmac_v2_12c1/full_campaign_execution_12c1l/per_batch_npz/secworks_aes/full_batch_312.npz,7a8c5fec687b58ff8be3bcb6290d6f5e8a9c13dc38504ad42a379ca2d533e158,PASS
753,secworks_aes,GENERALIZATION_TRAIN,313,20032,64,128,64,64,8192,124,results/circuitsage_hmac_v2_12c1/full_campaign_execution_12c1l/raw_batches/secworks_aes/batch_313/full_batch_313.csv,3a5c910bdb0d7d6824e53280dac789ffab839832e6430672d9c3b592f911811d,results/circuitsage_hmac_v2_12c1/full_campaign_execution_12c1l/per_batch_npz/secworks_aes/full_batch_313.npz,f24ee804c0df7da7606565276744c94b7ccc026d6c9c165cada7349c799ee280,PASS
754,secworks_aes,GENERALIZATION_TRAIN,314,20096,64,128,64,64,8192,124,results/circuitsage_hmac_v2_12c1/full_campaign_execution_12c1l/raw_batches/secworks_aes/batch_314/full_batch_314.csv,37598de5df27da065151d02edc114f77da1241fbda08480b2f8a7f3dd2aa6355,results/circuitsage_hmac_v2_12c1/full_campaign_execution_12c1l/per_batch_npz/secworks_aes/full_batch_314.npz,4140ab1dd5a1e55f2fde4cd89e22f6c501b8f9c8fe71edd9cdb65737090fa6a7,PASS
755,secworks_aes,GENERALIZATION_TRAIN,315,20160,64,128,64,64,8192,122,results/circuitsage_hmac_v2_12c1/full_campaign_execution_12c1l/raw_batches/secworks_aes/batch_315/full_batch_315.csv,81533bb6d8a54d3df2230b45320f422d81d506deb04b47b820e6a3f333788a72,results/circuitsage_hmac_v2_12c1/full_campaign_execution_12c1l/per_batch_npz/secworks_aes/full_batch_315.npz,514fe7afbcf05b5dd570a336b3df22e0c3bfbd9569d595ed7ae9131c6a762c5c,PASS
756,secworks_aes,GENERALIZATION_TRAIN,316,20224,64,128,64,64,8192,125,results/circuitsage_hmac_v2_12c1/full_campaign_execution_12c1l/raw_batches/secworks_aes/batch_316/full_batch_316.csv,4eefa710be6cd21375cd8b6eb2f422a6b9dcfe049ddb2ed45a9884f85f569669,results/circuitsage_hmac_v2_12c1/full_campaign_execution_12c1l/per_batch_npz/secworks_aes/full_batch_316.npz,c89133fbeb9212ffdb77957a031248dfb6082a5aab472a8bc59c216ffc685665,PASS
757,secworks_aes,GENERALIZATION_TRAIN,317,20288,64,128,64,64,8192,123,results/circuitsage_hmac_v2_12c1/full_campaign_execution_12c1l/raw_batches/secworks_aes/batch_317/full_batch_317.csv,f8b4fc43134456eb80349db3974a9eca9540f55035ae64cdc154c7d4d37e8b76,results/circuitsage_hmac_v2_12c1/full_campaign_execution_12c1l/per_batch_npz/secworks_aes/full_batch_317.npz,a3247b41236f728a458903271bdb02f70d1f72ddbb3637b9ebfb69d9c95f2df3,PASS
758,secworks_aes,GENERALIZATION_TRAIN,318,20352,64,128,64,64,8192,120,results/circuitsage_hmac_v2_12c1/full_campaign_execution_12c1l/raw_batches/secworks_aes/batch_318/full_batch_318.csv,2884254adb64f59be0358f72f0d43c27d9de68f10645abdebfabe7468bc15c63,results/circuitsage_hmac_v2_12c1/full_campaign_execution_12c1l/per_batch_npz/secworks_aes/full_batch_318.npz,c7959ca50c1edcf23e2a1f2f671cdedc597d13a059c00fac64e8c13e8afd356a,PASS
759,secworks_aes,GENERALIZATION_TRAIN,319,20416,64,128,64,64,8192,122,results/circuitsage_hmac_v2_12c1/full_campaign_execution_12c1l/raw_batches/secworks_aes/batch_319/full_batch_319.csv,cb4d83b9d00baeb54f6c7d704bc796ee15662a2095d3d374301f39ba7e8ab92c,results/circuitsage_hmac_v2_12c1/full_campaign_execution_12c1l/per_batch_npz/secworks_aes/full_batch_319.npz,e3ab03eb08700ec7aac1ec5a937e5c025e7beca85faa29e43b4365760d51f7f8,PASS
760,secworks_aes,GENERALIZATION_TRAIN,320,20480,64,128,64,64,8192,122,results/circuitsage_hmac_v2_12c1/full_campaign_execution_12c1l/raw_batches/secworks_aes/batch_320/full_batch_320.csv,3c02c1d2272c62e2599ed591f4e94c98685188ebad760aec77d02cf8f08d7a3d,results/circuitsage_hmac_v2_12c1/full_campaign_execution_12c1l/per_batch_npz/secworks_aes/full_batch_320.npz,4b611f65dd30f4b455f0197e7399de201a83cb36e683533b12625e58eadcabb8,PASS
761,secworks_aes,GENERALIZATION_TRAIN,321,20544,64,128,64,64,8192,125,results/circuitsage_hmac_v2_12c1/full_campaign_execution_12c1l/raw_batches/secworks_aes/batch_321/full_batch_321.csv,6817aba0dfdddc70a03c55cf54b90a057742fba20ef4d089c152ed074e716cde,results/circuitsage_hmac_v2_12c1/full_campaign_execution_12c1l/per_batch_npz/secworks_aes/full_batch_321.npz,c6ecbed973c1a5fae23e4357e03c4d0a48b53662f908a9f68cdf30cb2b14e045,PASS
762,secworks_aes,GENERALIZATION_TRAIN,322,20608,64,128,64,64,8192,118,results/circuitsage_hmac_v2_12c1/full_campaign_execution_12c1l/raw_batches/secworks_aes/batch_322/full_batch_322.csv,2fc47d3ba6ea856e13e0eb26f3d6cd1c23e37e34aaecfcd310a23dabcced8e77,results/circuitsage_hmac_v2_12c1/full_campaign_execution_12c1l/per_batch_npz/secworks_aes/full_batch_322.npz,e5df015eaa56f56b7694e2501bde106b0552c2366e88855a6edb91bf8fe7ffe9,PASS
763,secworks_aes,GENERALIZATION_TRAIN,323,20672,64,128,64,64,8192,122,results/circuitsage_hmac_v2_12c1/full_campaign_execution_12c1l/raw_batches/secworks_aes/batch_323/full_batch_323.csv,572de63ff530b80555f607b607b14adf1c800e55aea0b5925e167c7cbc50ecfd,results/circuitsage_hmac_v2_12c1/full_campaign_execution_12c1l/per_batch_npz/secworks_aes/full_batch_323.npz,9bf30ab2cd9bfe2cd9344e8ed8c67bf130326526a1ce049bf91b8fc798653d16,PASS
764,secworks_aes,GENERALIZATION_TRAIN,324,20736,64,128,64,64,8192,121,results/circuitsage_hmac_v2_12c1/full_campaign_execution_12c1l/raw_batches/secworks_aes/batch_324/full_batch_324.csv,582c44ccae8cde6c5388ffe3b4b4a8ad626c07982ba6f7bd7096c75b52804024,results/circuitsage_hmac_v2_12c1/full_campaign_execution_12c1l/per_batch_npz/secworks_aes/full_batch_324.npz,6bd2e1a75f0113f7b70c2dabe4ac19c00ecd1f2ad2a559deee4a6ef905f84e55,PASS
765,secworks_aes,GENERALIZATION_TRAIN,325,20800,64,128,64,64,8192,125,results/circuitsage_hmac_v2_12c1/full_campaign_execution_12c1l/raw_batches/secworks_aes/batch_325/full_batch_325.csv,4be2fcacb03490a721d9f86a69c98b546ed4ddae7fb236132469de0433feeb63,results/circuitsage_hmac_v2_12c1/full_campaign_execution_12c1l/per_batch_npz/secworks_aes/full_batch_325.npz,cf715a9c7862998d35d514d5aa7a9a4d4b3f5a2e3b413cd60ea3b4b6efd07101,PASS
766,secworks_aes,GENERALIZATION_TRAIN,326,20864,64,128,64,64,8192,125,results/circuitsage_hmac_v2_12c1/full_campaign_execution_12c1l/raw_batches/secworks_aes/batch_326/full_batch_326.csv,5b6eb1ef0db0f6e542f8d6ea80ceea63516c861db1c087342c515b9f1e0b4c79,results/circuitsage_hmac_v2_12c1/full_campaign_execution_12c1l/per_batch_npz/secworks_aes/full_batch_326.npz,8923105cb11d65549e51aefce2f9098eb0c472b30b1cc6cfe4fca5b5d5448d18,PASS
767,secworks_aes,GENERALIZATION_TRAIN,327,20928,64,128,64,64,8192,128,results/circuitsage_hmac_v2_12c1/full_campaign_execution_12c1l/raw_batches/secworks_aes/batch_327/full_batch_327.csv,eec3f3e35691bb24f27eaf9821abd32cb55a29d24894aa7a960db92c8d31d067,results/circuitsage_hmac_v2_12c1/full_campaign_execution_12c1l/per_batch_npz/secworks_aes/full_batch_327.npz,8833afc01ccc8be9d383447dc1ecd909d748f9197f31386a66e480bcbf8bf8a9,PASS
768,secworks_aes,GENERALIZATION_TRAIN,328,20992,64,128,64,64,8192,127,results/circuitsage_hmac_v2_12c1/full_campaign_execution_12c1l/raw_batches/secworks_aes/batch_328/full_batch_328.csv,1ebf8aac2b1de59a6d11b6feccac32494c86454a8949b75716228f07e831907f,results/circuitsage_hmac_v2_12c1/full_campaign_execution_12c1l/per_batch_npz/secworks_aes/full_batch_328.npz,df9c7df7c22b94c27a5c7280c41989f669c23b997af268ef785361451b2c5090,PASS
769,secworks_aes,GENERALIZATION_TRAIN,329,21056,64,128,64,64,8192,127,results/circuitsage_hmac_v2_12c1/full_campaign_execution_12c1l/raw_batches/secworks_aes/batch_329/full_batch_329.csv,31e3465e82c94d5b7bb787201e522d7af122ad22bc1625ca2f37996aa17f845f,results/circuitsage_hmac_v2_12c1/full_campaign_execution_12c1l/per_batch_npz/secworks_aes/full_batch_329.npz,d00d94a03d0999f40595ec4bf58c07c1d72b0b25507245c3aa74da37c377d765,PASS
770,secworks_aes,GENERALIZATION_TRAIN,330,21120,64,128,64,64,8192,128,results/circuitsage_hmac_v2_12c1/full_campaign_execution_12c1l/raw_batches/secworks_aes/batch_330/full_batch_330.csv,9bab75118b66d098c165cb5cd71df06ecda0c154b9ed393ffc1a35fd6704d435,results/circuitsage_hmac_v2_12c1/full_campaign_execution_12c1l/per_batch_npz/secworks_aes/full_batch_330.npz,e43440cf4770a236fde4fa695200b1e7db020679220b54311c464150c27249a8,PASS
771,secworks_aes,GENERALIZATION_TRAIN,331,21184,64,128,64,64,8192,128,results/circuitsage_hmac_v2_12c1/full_campaign_execution_12c1l/raw_batches/secworks_aes/batch_331/full_batch_331.csv,7752b9d0d48e5fe25246aa7a155ffc5e7c77a668059f9f3f536fe28433653554,results/circuitsage_hmac_v2_12c1/full_campaign_execution_12c1l/per_batch_npz/secworks_aes/full_batch_331.npz,821a7d9d2e7d2b9e8f54f9af1a6d43684fadb23d98c81632d850ac38fc63e186,PASS
772,secworks_aes,GENERALIZATION_TRAIN,332,21248,64,128,64,64,8192,128,results/circuitsage_hmac_v2_12c1/full_campaign_execution_12c1l/raw_batches/secworks_aes/batch_332/full_batch_332.csv,e64d79870f03b8dff3ab8fa867189a5636392faf623bf1fa715dbd3a81f58399,results/circuitsage_hmac_v2_12c1/full_campaign_execution_12c1l/per_batch_npz/secworks_aes/full_batch_332.npz,61b34594d7c41c7679b54f91d9c3ee5637dde7dc3fab20977a1af000e14344ea,PASS
773,secworks_aes,GENERALIZATION_TRAIN,333,21312,64,128,64,64,8192,128,results/circuitsage_hmac_v2_12c1/full_campaign_execution_12c1l/raw_batches/secworks_aes/batch_333/full_batch_333.csv,7217103927802743cde1d78fc8ea17ae91f697d7dd3799431f035f6fc921dc94,results/circuitsage_hmac_v2_12c1/full_campaign_execution_12c1l/per_batch_npz/secworks_aes/full_batch_333.npz,c10e68fbd93e06f2a2ae8027fd88718d0f084876f2e4da75e70fb3a460484f9a,PASS
774,secworks_aes,GENERALIZATION_TRAIN,334,21376,64,128,64,64,8192,128,results/circuitsage_hmac_v2_12c1/full_campaign_execution_12c1l/raw_batches/secworks_aes/batch_334/full_batch_334.csv,fe7e56356dcb9f961d91292c46b857dbf15b0649e8bf9404c216b27754f3c0ae,results/circuitsage_hmac_v2_12c1/full_campaign_execution_12c1l/per_batch_npz/secworks_aes/full_batch_334.npz,849a9df496ac258f1e144182b932408ac2ed14c514457ca40eef2900ab82a4b1,PASS
775,secworks_aes,GENERALIZATION_TRAIN,335,21440,64,128,64,64,8192,128,results/circuitsage_hmac_v2_12c1/full_campaign_execution_12c1l/raw_batches/secworks_aes/batch_335/full_batch_335.csv,0ecceb09c321cfcc63f829fb35f9a4e8dba3f88e25bcb58fdcec3f1f2cb9b38f,results/circuitsage_hmac_v2_12c1/full_campaign_execution_12c1l/per_batch_npz/secworks_aes/full_batch_335.npz,829266df32fc3302eb1fd0a0b26c6d95ee2f4463e5921eebcba234ce34d373c5,PASS
776,secworks_aes,GENERALIZATION_TRAIN,336,21504,64,128,64,64,8192,127,results/circuitsage_hmac_v2_12c1/full_campaign_execution_12c1l/raw_batches/secworks_aes/batch_336/full_batch_336.csv,7f7eb7cc84398f1fd2a8855c478a4d3e1084c5957e0e94477e862aa1d8a0f67b,results/circuitsage_hmac_v2_12c1/full_campaign_execution_12c1l/per_batch_npz/secworks_aes/full_batch_336.npz,b7e2e865226d5a5366ccae17effe7dc6153fd4c96266110ebc0c95ca60d00127,PASS
777,secworks_aes,GENERALIZATION_TRAIN,337,21568,64,128,64,64,8192,128,results/circuitsage_hmac_v2_12c1/full_campaign_execution_12c1l/raw_batches/secworks_aes/batch_337/full_batch_337.csv,f135f75c0b659e9cd324ccd95c2b524b62d86d88ce572aa95874470953ea3756,results/circuitsage_hmac_v2_12c1/full_campaign_execution_12c1l/per_batch_npz/secworks_aes/full_batch_337.npz,932a1f5e7b8961bce167375648332f1b2212de65726e6d4e9ec3efffc17c1fe2,PASS
778,secworks_aes,GENERALIZATION_TRAIN,338,21632,64,128,64,64,8192,128,results/circuitsage_hmac_v2_12c1/full_campaign_execution_12c1l/raw_batches/secworks_aes/batch_338/full_batch_338.csv,9399a81646ed313bbdf988a0dffea920e6fbbc34da37448ecce0098f2a40c160,results/circuitsage_hmac_v2_12c1/full_campaign_execution_12c1l/per_batch_npz/secworks_aes/full_batch_338.npz,3544b3d4a9d92bf6f3bc70c11bd8b511865be2302a5cf4f46703af3462f37116,PASS
779,secworks_aes,GENERALIZATION_TRAIN,339,21696,64,128,64,64,8192,128,results/circuitsage_hmac_v2_12c1/full_campaign_execution_12c1l/raw_batches/secworks_aes/batch_339/full_batch_339.csv,a19bd74ab19d62d3db2ec3733a844bd86310449a4d52dacb2535eb0159e55781,results/circuitsage_hmac_v2_12c1/full_campaign_execution_12c1l/per_batch_npz/secworks_aes/full_batch_339.npz,144d633bc978bbfd9bb0c99c6f169299a93b8aa1568b88577614b201e15a96ec,PASS
780,secworks_aes,GENERALIZATION_TRAIN,340,21760,64,128,64,64,8192,128,results/circuitsage_hmac_v2_12c1/full_campaign_execution_12c1l/raw_batches/secworks_aes/batch_340/full_batch_340.csv,34548ae885477672ef9e707ab324871ea2a1d5d388f43c75ebf1129062a6c5db,results/circuitsage_hmac_v2_12c1/full_campaign_execution_12c1l/per_batch_npz/secworks_aes/full_batch_340.npz,09899f3a4f9c2cf814d8724c55fc4dd8f57c15b21418a4f31eaa770c5018e6f1,PASS
781,secworks_aes,GENERALIZATION_TRAIN,341,21824,64,128,64,64,8192,128,results/circuitsage_hmac_v2_12c1/full_campaign_execution_12c1l/raw_batches/secworks_aes/batch_341/full_batch_341.csv,98c8afae5b6bfda54125eb46e67b8f3668f67ef95c97f7fab99f7497eafd3455,results/circuitsage_hmac_v2_12c1/full_campaign_execution_12c1l/per_batch_npz/secworks_aes/full_batch_341.npz,4f2019e231e5c7326f14ee0d3584ca8da8cfbd6c289f650fa4a07a41aa88618c,PASS
782,secworks_aes,GENERALIZATION_TRAIN,342,21888,64,128,64,64,8192,128,results/circuitsage_hmac_v2_12c1/full_campaign_execution_12c1l/raw_batches/secworks_aes/batch_342/full_batch_342.csv,56819b042a5faeb0a793cf1e953d19c006a8ed0f80d0c1b6977ec38213832f5e,results/circuitsage_hmac_v2_12c1/full_campaign_execution_12c1l/per_batch_npz/secworks_aes/full_batch_342.npz,255e9abeb2e0f929bb5a936c1c385699fb4641d10a10f6f9c573f5ab92c0118d,PASS
783,secworks_aes,GENERALIZATION_TRAIN,343,21952,64,128,64,64,8192,128,results/circuitsage_hmac_v2_12c1/full_campaign_execution_12c1l/raw_batches/secworks_aes/batch_343/full_batch_343.csv,f31fc39c77ae381bbe75ba9f36e0edc63fb0729dc14ce191320d48a5e17c28f7,results/circuitsage_hmac_v2_12c1/full_campaign_execution_12c1l/per_batch_npz/secworks_aes/full_batch_343.npz,de19175de6d86fed6ea1eda14c8d6adbdb24de8bad2ff25eeb291b7dace1e5e7,PASS
784,secworks_aes,GENERALIZATION_TRAIN,344,22016,64,128,64,64,8192,128,results/circuitsage_hmac_v2_12c1/full_campaign_execution_12c1l/raw_batches/secworks_aes/batch_344/full_batch_344.csv,ecd4f23b6c481eb2e0813ffbf4266efa34bce8b42166335814faba26e0ea39b9,results/circuitsage_hmac_v2_12c1/full_campaign_execution_12c1l/per_batch_npz/secworks_aes/full_batch_344.npz,f41c3edb979c22a459c686d4a056fae86d62ec028a17a2ec975cef3382fcbbc4,PASS
785,secworks_aes,GENERALIZATION_TRAIN,345,22080,64,128,64,64,8192,128,results/circuitsage_hmac_v2_12c1/full_campaign_execution_12c1l/raw_batches/secworks_aes/batch_345/full_batch_345.csv,e88d920af1a604869f1066a68a46c6a6711f68f886914ba3d127e46bf89a8ff3,results/circuitsage_hmac_v2_12c1/full_campaign_execution_12c1l/per_batch_npz/secworks_aes/full_batch_345.npz,d61f4cf7ba4b5c4b3cca818896e2b7b5c39c4746f901e191dfabf531f619926d,PASS
786,secworks_aes,GENERALIZATION_TRAIN,346,22144,64,128,64,64,8192,128,results/circuitsage_hmac_v2_12c1/full_campaign_execution_12c1l/raw_batches/secworks_aes/batch_346/full_batch_346.csv,ebdcf9c6e9d8f6f0b8493beaa31bdf959249b2f4a7aa7fc6c157b40c76606763,results/circuitsage_hmac_v2_12c1/full_campaign_execution_12c1l/per_batch_npz/secworks_aes/full_batch_346.npz,78e9e8b4194db0e0970088c52a6aecafb4eea1f4bf95b9b5267733221bcd9ca5,PASS
787,secworks_aes,GENERALIZATION_TRAIN,347,22208,64,128,64,64,8192,128,results/circuitsage_hmac_v2_12c1/full_campaign_execution_12c1l/raw_batches/secworks_aes/batch_347/full_batch_347.csv,9c4fc1158fc78a5b39309f828f81ba873b789c5c69014d18b2ec7c09e14175cd,results/circuitsage_hmac_v2_12c1/full_campaign_execution_12c1l/per_batch_npz/secworks_aes/full_batch_347.npz,108a6b292a8f9679427ab6c68c6ac131b6d5ab5d1961ed6e738eae1571a8c50d,PASS
788,secworks_aes,GENERALIZATION_TRAIN,348,22272,64,128,64,64,8192,128,results/circuitsage_hmac_v2_12c1/full_campaign_execution_12c1l/raw_batches/secworks_aes/batch_348/full_batch_348.csv,506b8563a5e7481b3b72cbb28d8ea5cb9afefa193f0b77385bb02c52435a353b,results/circuitsage_hmac_v2_12c1/full_campaign_execution_12c1l/per_batch_npz/secworks_aes/full_batch_348.npz,9b410123d285b1c0f031c83267317f0190efade256a0fa8b86d771c8f70774a7,PASS
789,secworks_aes,GENERALIZATION_TRAIN,349,22336,64,128,64,64,8192,128,results/circuitsage_hmac_v2_12c1/full_campaign_execution_12c1l/raw_batches/secworks_aes/batch_349/full_batch_349.csv,dabd1f4bd907503391ec446b48046c54c46f79cd2edf9176d4c3c19a8b58ca5b,results/circuitsage_hmac_v2_12c1/full_campaign_execution_12c1l/per_batch_npz/secworks_aes/full_batch_349.npz,29932621b40d5b123b29eee61323a314525138ff39749c97a76f4be02355cd83,PASS
790,secworks_aes,GENERALIZATION_TRAIN,350,22400,64,128,64,64,8192,125,results/circuitsage_hmac_v2_12c1/full_campaign_execution_12c1l/raw_batches/secworks_aes/batch_350/full_batch_350.csv,83c62f22621d1d7431d267445b552ff6be0fbed70cb05da032d6fb1ff58008ce,results/circuitsage_hmac_v2_12c1/full_campaign_execution_12c1l/per_batch_npz/secworks_aes/full_batch_350.npz,10f62f83143b10cb420e09ee0ee6fe873696211c1fab8cb0ddb0f2d5c2d98d06,PASS
791,secworks_aes,GENERALIZATION_TRAIN,351,22464,64,128,64,64,8192,128,results/circuitsage_hmac_v2_12c1/full_campaign_execution_12c1l/raw_batches/secworks_aes/batch_351/full_batch_351.csv,87b5eae9da591818b7d5afd37a4cc98c2d5bf2dca1b50fb83671645856e97427,results/circuitsage_hmac_v2_12c1/full_campaign_execution_12c1l/per_batch_npz/secworks_aes/full_batch_351.npz,50595d1edc305ab52cd4792245dbd8f6e1cb079f5a52036cee548c63eadfdd5e,PASS
792,secworks_aes,GENERALIZATION_TRAIN,352,22528,64,128,64,64,8192,128,results/circuitsage_hmac_v2_12c1/full_campaign_execution_12c1l/raw_batches/secworks_aes/batch_352/full_batch_352.csv,d4a9c0fdb251093727999060cea9dc9ee08482f60095bf92f8d787a86f8c88bf,results/circuitsage_hmac_v2_12c1/full_campaign_execution_12c1l/per_batch_npz/secworks_aes/full_batch_352.npz,fa4b78c924cc5e88e8f8c8f8b45950466d2f3cc3dbb1f03f4c8178a85b20decd,PASS
793,secworks_aes,GENERALIZATION_TRAIN,353,22592,64,128,64,64,8192,115,results/circuitsage_hmac_v2_12c1/full_campaign_execution_12c1l/raw_batches/secworks_aes/batch_353/full_batch_353.csv,bc480a94cf6518cbfe6ba294ca33965b4f7d9d8ef040e1a22a87be6036f9a952,results/circuitsage_hmac_v2_12c1/full_campaign_execution_12c1l/per_batch_npz/secworks_aes/full_batch_353.npz,79036772644bd4211f4930496e020f6d0d2d80cb332ffe801e501b2ebebcb176,PASS
794,secworks_aes,GENERALIZATION_TRAIN,354,22656,64,128,64,64,8192,114,results/circuitsage_hmac_v2_12c1/full_campaign_execution_12c1l/raw_batches/secworks_aes/batch_354/full_batch_354.csv,4e55520ecedbd5884589d410f65b7ec6b93920c4b1fb139287a0c7e9a1fe3a55,results/circuitsage_hmac_v2_12c1/full_campaign_execution_12c1l/per_batch_npz/secworks_aes/full_batch_354.npz,bf441b859c7af226a26f99383a6e3fb59968d96e68e9958689a98e298bcf476c,PASS
795,secworks_aes,GENERALIZATION_TRAIN,355,22720,64,128,64,64,8192,111,results/circuitsage_hmac_v2_12c1/full_campaign_execution_12c1l/raw_batches/secworks_aes/batch_355/full_batch_355.csv,65c461fb1c19f93a746f5cacb5a9b25d1706cc387f83aa83bfff7f642b26d851,results/circuitsage_hmac_v2_12c1/full_campaign_execution_12c1l/per_batch_npz/secworks_aes/full_batch_355.npz,e50d19d260ee245c91c98c07866fa7acb64f8b97017eecbe12e90abcf521de09,PASS
796,secworks_aes,GENERALIZATION_TRAIN,356,22784,64,128,64,64,8192,116,results/circuitsage_hmac_v2_12c1/full_campaign_execution_12c1l/raw_batches/secworks_aes/batch_356/full_batch_356.csv,9d7f90bf485009f37d4049f41a096d518dca7fc0f7f222b76cc808aa275314ad,results/circuitsage_hmac_v2_12c1/full_campaign_execution_12c1l/per_batch_npz/secworks_aes/full_batch_356.npz,1180f8f168a26d43e679b3944d3ccae6a563058761bb7a83e25e4a20d97a3aa1,PASS
797,secworks_aes,GENERALIZATION_TRAIN,357,22848,64,128,64,64,8192,115,results/circuitsage_hmac_v2_12c1/full_campaign_execution_12c1l/raw_batches/secworks_aes/batch_357/full_batch_357.csv,22f6fe5bbc3d1a07e617af15e20413b56fbe8ef7b6237f9d053a4d59ba7094e9,results/circuitsage_hmac_v2_12c1/full_campaign_execution_12c1l/per_batch_npz/secworks_aes/full_batch_357.npz,021c5c69b1fc94659b83530baaffccb94f1b49acf4eea3380a35dce6c13acbc8,PASS
798,secworks_aes,GENERALIZATION_TRAIN,358,22912,64,128,64,64,8192,117,results/circuitsage_hmac_v2_12c1/full_campaign_execution_12c1l/raw_batches/secworks_aes/batch_358/full_batch_358.csv,0c5bf92f97d01db43c1649550e1cdcd7ed2889988a1beda5c84c80ef65e634da,results/circuitsage_hmac_v2_12c1/full_campaign_execution_12c1l/per_batch_npz/secworks_aes/full_batch_358.npz,98947510f025fc4e8fd58d4fa70be8d732d9f867be6ec411da59f5f076a960f8,PASS
799,secworks_aes,GENERALIZATION_TRAIN,359,22976,64,128,64,64,8192,120,results/circuitsage_hmac_v2_12c1/full_campaign_execution_12c1l/raw_batches/secworks_aes/batch_359/full_batch_359.csv,1a32940d48d5482813fb86cd1fd135673e1e2b1ab400bbeaee9072848b0e6b74,results/circuitsage_hmac_v2_12c1/full_campaign_execution_12c1l/per_batch_npz/secworks_aes/full_batch_359.npz,5bcd77bad36f3ba765e24bc23d64429baa634d2bc6c031795cf4f96a01f90638,PASS
800,secworks_aes,GENERALIZATION_TRAIN,360,23040,64,128,64,64,8192,128,results/circuitsage_hmac_v2_12c1/full_campaign_execution_12c1l/raw_batches/secworks_aes/batch_360/full_batch_360.csv,a7d97b897292154aa0e609c18feb8bba6f3028161da1546696cf324099a15a63,results/circuitsage_hmac_v2_12c1/full_campaign_execution_12c1l/per_batch_npz/secworks_aes/full_batch_360.npz,3c4011739f4d989de81b5c6ae53d804690044f0836bc6a25003da9449e5a8b40,PASS
801,secworks_aes,GENERALIZATION_TRAIN,361,23104,64,128,64,64,8192,128,results/circuitsage_hmac_v2_12c1/full_campaign_execution_12c1l/raw_batches/secworks_aes/batch_361/full_batch_361.csv,8b7c461dfe99f2941f9f7ab5be9a5faf04e559f45d13ed0ed5c0c6a11cf69a50,results/circuitsage_hmac_v2_12c1/full_campaign_execution_12c1l/per_batch_npz/secworks_aes/full_batch_361.npz,67a137f1e66d7812610e130cc7cb5518d2428fbff5556b9e666706451078f0bd,PASS
802,secworks_aes,GENERALIZATION_TRAIN,362,23168,64,128,64,64,8192,128,results/circuitsage_hmac_v2_12c1/full_campaign_execution_12c1l/raw_batches/secworks_aes/batch_362/full_batch_362.csv,0c0ce249284dfd8e3be5eaad7f188a4d4e13f70f66756e59c7dd9fa18730bce2,results/circuitsage_hmac_v2_12c1/full_campaign_execution_12c1l/per_batch_npz/secworks_aes/full_batch_362.npz,aed7d04321b91fbe8bec0021830e30f521c2ca5cfcc1f22f0d16d1cb7f26f2b8,PASS
803,secworks_aes,GENERALIZATION_TRAIN,363,23232,64,128,64,64,8192,128,results/circuitsage_hmac_v2_12c1/full_campaign_execution_12c1l/raw_batches/secworks_aes/batch_363/full_batch_363.csv,b97ea69398954aadae552c1cd9b4c051db73caf5b4956aa85e90c55d549efcd5,results/circuitsage_hmac_v2_12c1/full_campaign_execution_12c1l/per_batch_npz/secworks_aes/full_batch_363.npz,7612f6ef116870418e71a452fccee092ff0352230b089133ae8175aa2c911a27,PASS
804,secworks_aes,GENERALIZATION_TRAIN,364,23296,64,128,64,64,8192,128,results/circuitsage_hmac_v2_12c1/full_campaign_execution_12c1l/raw_batches/secworks_aes/batch_364/full_batch_364.csv,a02fae254d6aff9a7b8b7e2bd94efbadb9f5a53b9d7c2ffbc62a49cfced165f7,results/circuitsage_hmac_v2_12c1/full_campaign_execution_12c1l/per_batch_npz/secworks_aes/full_batch_364.npz,967f51c52de9b8e45a9d54f77db374bbf09e11eb4cec3568b590ad7e5d0af3a3,PASS
805,secworks_aes,GENERALIZATION_TRAIN,365,23360,64,128,64,64,8192,128,results/circuitsage_hmac_v2_12c1/full_campaign_execution_12c1l/raw_batches/secworks_aes/batch_365/full_batch_365.csv,adfffca8dbb83249c17dbd43b4e3558c1399cbcdad6d5b0fcb5df0f44ccbaef3,results/circuitsage_hmac_v2_12c1/full_campaign_execution_12c1l/per_batch_npz/secworks_aes/full_batch_365.npz,a1325430548773bda09b62bea9b498ddd02323728e1bbb99ce97a3d36bd735c7,PASS
806,secworks_aes,GENERALIZATION_TRAIN,366,23424,64,128,64,64,8192,128,results/circuitsage_hmac_v2_12c1/full_campaign_execution_12c1l/raw_batches/secworks_aes/batch_366/full_batch_366.csv,0294e3f85d724f23099ded8a8d68aa188d4824aaf7c78ba7b8c68afe4173af0d,results/circuitsage_hmac_v2_12c1/full_campaign_execution_12c1l/per_batch_npz/secworks_aes/full_batch_366.npz,fdb87bb2d8abaced78bd84b75a6b526b0652318a326b057e90b436c432838d4e,PASS
807,secworks_aes,GENERALIZATION_TRAIN,367,23488,64,128,64,64,8192,128,results/circuitsage_hmac_v2_12c1/full_campaign_execution_12c1l/raw_batches/secworks_aes/batch_367/full_batch_367.csv,4f2b328ed84a0c4ec2672038c83902d39e9529c4f03c76a6d58815ba3db1d517,results/circuitsage_hmac_v2_12c1/full_campaign_execution_12c1l/per_batch_npz/secworks_aes/full_batch_367.npz,8db7a2b29daefbcd9dc9ebfc518df2d0bbdb9e12e714ddc1519b85e809dca4f0,PASS
808,secworks_aes,GENERALIZATION_TRAIN,368,23552,64,128,64,64,8192,128,results/circuitsage_hmac_v2_12c1/full_campaign_execution_12c1l/raw_batches/secworks_aes/batch_368/full_batch_368.csv,7efa0b002ba102ef713af9a4647c759f541b096dee85ecb5d13e22ff65812b47,results/circuitsage_hmac_v2_12c1/full_campaign_execution_12c1l/per_batch_npz/secworks_aes/full_batch_368.npz,0978ac2999d162b5af98a5b42fed969f9722e7d2ab6c38651aee5be028e4f5de,PASS
809,secworks_aes,GENERALIZATION_TRAIN,369,23616,64,128,64,64,8192,128,results/circuitsage_hmac_v2_12c1/full_campaign_execution_12c1l/raw_batches/secworks_aes/batch_369/full_batch_369.csv,541fce3fabd6afb3ca0e8ec67dbee91612b701913dc1000fe1c2c302d93cc1b1,results/circuitsage_hmac_v2_12c1/full_campaign_execution_12c1l/per_batch_npz/secworks_aes/full_batch_369.npz,0901522902ed9c11e765308c275887dc23abf6c2e28598ddbf6805c1883ac454,PASS
810,secworks_aes,GENERALIZATION_TRAIN,370,23680,64,128,64,64,8192,128,results/circuitsage_hmac_v2_12c1/full_campaign_execution_12c1l/raw_batches/secworks_aes/batch_370/full_batch_370.csv,753146be85cfa2943a3f57f8dd1f4e2a7ae91dc38390f9c10428855f63e24a7e,results/circuitsage_hmac_v2_12c1/full_campaign_execution_12c1l/per_batch_npz/secworks_aes/full_batch_370.npz,c7ce57e11c0fc59171492a6da0a778ec30bb3569180655f4a4f0023a0e104988,PASS
811,secworks_aes,GENERALIZATION_TRAIN,371,23744,64,128,64,64,8192,128,results/circuitsage_hmac_v2_12c1/full_campaign_execution_12c1l/raw_batches/secworks_aes/batch_371/full_batch_371.csv,e3920b591d6a69e68c4777b85b8e554e2b0327ddd6e9916eaae51b93a0aba6c2,results/circuitsage_hmac_v2_12c1/full_campaign_execution_12c1l/per_batch_npz/secworks_aes/full_batch_371.npz,91715236dde385ae5a523388a5b7e94b4f936bf1061519a31b1b83870f9ec534,PASS
812,secworks_aes,GENERALIZATION_TRAIN,372,23808,64,128,64,64,8192,128,results/circuitsage_hmac_v2_12c1/full_campaign_execution_12c1l/raw_batches/secworks_aes/batch_372/full_batch_372.csv,d987e083cb9016e1a6a7f17e600739beb5bb55bff6a1084b6b49b6a1330c9a23,results/circuitsage_hmac_v2_12c1/full_campaign_execution_12c1l/per_batch_npz/secworks_aes/full_batch_372.npz,371768e1737f1bd62344f6f0cfc7745cb91d9aeceda7b161379bb50d1c3975ea,PASS
813,secworks_aes,GENERALIZATION_TRAIN,373,23872,64,128,64,64,8192,128,results/circuitsage_hmac_v2_12c1/full_campaign_execution_12c1l/raw_batches/secworks_aes/batch_373/full_batch_373.csv,b603b931407a401bd3d6a29fb2d78e9ec30e43c15dd69d43005de0c4c96f37c3,results/circuitsage_hmac_v2_12c1/full_campaign_execution_12c1l/per_batch_npz/secworks_aes/full_batch_373.npz,657eb5fece796f386ea22124f9cb78d7b8dc7f2d06c93bde20a5dfac153ad9ed,PASS
814,secworks_aes,GENERALIZATION_TRAIN,374,23936,64,128,64,64,8192,128,results/circuitsage_hmac_v2_12c1/full_campaign_execution_12c1l/raw_batches/secworks_aes/batch_374/full_batch_374.csv,7699f9f4dfc704a3cc6326a99995e956eaf4a235bd7f1e009ba9509d724fb0d7,results/circuitsage_hmac_v2_12c1/full_campaign_execution_12c1l/per_batch_npz/secworks_aes/full_batch_374.npz,7b2210870bea0bccdcef4919a5215f7a85c0047cc8c676bbb91f1ed00f1ee119,PASS
815,secworks_aes,GENERALIZATION_TRAIN,375,24000,64,128,64,64,8192,128,results/circuitsage_hmac_v2_12c1/full_campaign_execution_12c1l/raw_batches/secworks_aes/batch_375/full_batch_375.csv,dfd8e712c49671ec4a95655a81e9975aa21b771fdcb93038a1fe6773c832e11f,results/circuitsage_hmac_v2_12c1/full_campaign_execution_12c1l/per_batch_npz/secworks_aes/full_batch_375.npz,0a4621655aa9a24db1260c7c604c3c3d872bac9ea754173f5b086177ed934b6e,PASS
816,secworks_aes,GENERALIZATION_TRAIN,376,24064,64,128,64,64,8192,128,results/circuitsage_hmac_v2_12c1/full_campaign_execution_12c1l/raw_batches/secworks_aes/batch_376/full_batch_376.csv,604d1aa2a183f4c3b5009095625239d38cf032cf4063f28555fdfc8fe78513d7,results/circuitsage_hmac_v2_12c1/full_campaign_execution_12c1l/per_batch_npz/secworks_aes/full_batch_376.npz,1b5ae501ec6ebd5c62498de67eae9a735c3caee4bdd5251832af98abe8c78a63,PASS
817,secworks_aes,GENERALIZATION_TRAIN,377,24128,64,128,64,64,8192,128,results/circuitsage_hmac_v2_12c1/full_campaign_execution_12c1l/raw_batches/secworks_aes/batch_377/full_batch_377.csv,054a454caddbf73d92598843a333370711f665817c00bc909863e0bd0020ea59,results/circuitsage_hmac_v2_12c1/full_campaign_execution_12c1l/per_batch_npz/secworks_aes/full_batch_377.npz,90f2d3ddf689f395ae3788a71eb6d0b3361df7456901fd57a5e0ea4464927a5d,PASS
818,secworks_aes,GENERALIZATION_TRAIN,378,24192,64,128,64,64,8192,128,results/circuitsage_hmac_v2_12c1/full_campaign_execution_12c1l/raw_batches/secworks_aes/batch_378/full_batch_378.csv,89b4995280d911d764290c714dd948f2dc78c2a96d246624a366dcb9ca16b0a0,results/circuitsage_hmac_v2_12c1/full_campaign_execution_12c1l/per_batch_npz/secworks_aes/full_batch_378.npz,f67c8116e52839c3b6e3d2c2d0301321f16b25aab8dc5b770c680f087980f51f,PASS
819,secworks_aes,GENERALIZATION_TRAIN,379,24256,64,128,64,64,8192,128,results/circuitsage_hmac_v2_12c1/full_campaign_execution_12c1l/raw_batches/secworks_aes/batch_379/full_batch_379.csv,043f624558bb9353117c445e53dc88bc17e844a42b252191227631698d465b11,results/circuitsage_hmac_v2_12c1/full_campaign_execution_12c1l/per_batch_npz/secworks_aes/full_batch_379.npz,64d9d8cf5f97ddd5b7487786ed1c55655bbfdc818053e9dbb2a5429c5fd74970,PASS
820,secworks_aes,GENERALIZATION_TRAIN,380,24320,64,128,64,64,8192,128,results/circuitsage_hmac_v2_12c1/full_campaign_execution_12c1l/raw_batches/secworks_aes/batch_380/full_batch_380.csv,cc855856d532345506bac127d773128ccb3616228ef50359ccffded3865d3272,results/circuitsage_hmac_v2_12c1/full_campaign_execution_12c1l/per_batch_npz/secworks_aes/full_batch_380.npz,b9f31d7b9f4f384582b75e8cbea5c7edd6ebef790353ab2029005b773d70cd81,PASS
821,secworks_aes,GENERALIZATION_TRAIN,381,24384,64,128,64,64,8192,128,results/circuitsage_hmac_v2_12c1/full_campaign_execution_12c1l/raw_batches/secworks_aes/batch_381/full_batch_381.csv,8d6324ebe38f68fba4b39b3a36a9517ed95dbb068a3f8f3296acd67744db3881,results/circuitsage_hmac_v2_12c1/full_campaign_execution_12c1l/per_batch_npz/secworks_aes/full_batch_381.npz,d6ba6f5b91c6f496097803a8341417604954889ddf34efa5b8198131e09a9698,PASS
822,secworks_aes,GENERALIZATION_TRAIN,382,24448,64,128,64,64,8192,128,results/circuitsage_hmac_v2_12c1/full_campaign_execution_12c1l/raw_batches/secworks_aes/batch_382/full_batch_382.csv,5b0d62db41ce289f499b50f603d2e1fd40c67f23f15493a85a99c1644e9aa9c5,results/circuitsage_hmac_v2_12c1/full_campaign_execution_12c1l/per_batch_npz/secworks_aes/full_batch_382.npz,9e435af98433f58c36a39156d047dab60508b657192bfe22f8f8d8aa0a0f5eda,PASS
823,secworks_aes,GENERALIZATION_TRAIN,383,24512,64,128,64,64,8192,128,results/circuitsage_hmac_v2_12c1/full_campaign_execution_12c1l/raw_batches/secworks_aes/batch_383/full_batch_383.csv,365bd1bf1e658554adb047c5e38272973dbdea1bb796cf03e0f974287d4e774b,results/circuitsage_hmac_v2_12c1/full_campaign_execution_12c1l/per_batch_npz/secworks_aes/full_batch_383.npz,4820012b605589fb41d8c5842260f34589a9964aef6c7450d706d11a826094a5,PASS
824,secworks_aes,GENERALIZATION_TRAIN,384,24576,64,128,64,64,8192,128,results/circuitsage_hmac_v2_12c1/full_campaign_execution_12c1l/raw_batches/secworks_aes/batch_384/full_batch_384.csv,308914ce8620cc6dab8d4f25ea792e3fc45c3e4d7b857d67f187e90dae2aa4f3,results/circuitsage_hmac_v2_12c1/full_campaign_execution_12c1l/per_batch_npz/secworks_aes/full_batch_384.npz,8f46658683d387d202d854f27ce5e79d7e63764e72d87e10cb0f3972a176467c,PASS
825,secworks_aes,GENERALIZATION_TRAIN,385,24640,64,128,64,64,8192,128,results/circuitsage_hmac_v2_12c1/full_campaign_execution_12c1l/raw_batches/secworks_aes/batch_385/full_batch_385.csv,4e1e786b061eef63a0e16dce95fdf7690549961539ebf2de25c5c9fbdde557e6,results/circuitsage_hmac_v2_12c1/full_campaign_execution_12c1l/per_batch_npz/secworks_aes/full_batch_385.npz,0d0e59bfe8e456d55347bad5c4f4c35f083064e8064566ffaa91af9975c3bea7,PASS
826,secworks_aes,GENERALIZATION_TRAIN,386,24704,64,128,64,64,8192,128,results/circuitsage_hmac_v2_12c1/full_campaign_execution_12c1l/raw_batches/secworks_aes/batch_386/full_batch_386.csv,0d76d57f744714b1124237e95117146183a9f1954e77a91ab82e0e9637c71238,results/circuitsage_hmac_v2_12c1/full_campaign_execution_12c1l/per_batch_npz/secworks_aes/full_batch_386.npz,cac50ad3dcdc786de7688357366207221edc0757f5e4186d9fd80a99b7a4f5a9,PASS
827,secworks_aes,GENERALIZATION_TRAIN,387,24768,64,128,64,64,8192,128,results/circuitsage_hmac_v2_12c1/full_campaign_execution_12c1l/raw_batches/secworks_aes/batch_387/full_batch_387.csv,ee9745ef1b4ce3be565ade1374e2c8319caaaf9e510a08b82985f541cb532468,results/circuitsage_hmac_v2_12c1/full_campaign_execution_12c1l/per_batch_npz/secworks_aes/full_batch_387.npz,209364535682b52d515905b10c80843c24a9b543abaf829eb2ea2cb7cc19d6fb,PASS
828,secworks_aes,GENERALIZATION_TRAIN,388,24832,64,128,64,64,8192,128,results/circuitsage_hmac_v2_12c1/full_campaign_execution_12c1l/raw_batches/secworks_aes/batch_388/full_batch_388.csv,bbc0a952da3eed82a50b643e4c69a050e2e6e99b9946640201f9c1bdece833d3,results/circuitsage_hmac_v2_12c1/full_campaign_execution_12c1l/per_batch_npz/secworks_aes/full_batch_388.npz,4a1b15fe58e9d65e79b22d528b12a992c28d05dfc9b7018f004d94ca53303dfe,PASS
829,secworks_aes,GENERALIZATION_TRAIN,389,24896,64,128,64,64,8192,128,results/circuitsage_hmac_v2_12c1/full_campaign_execution_12c1l/raw_batches/secworks_aes/batch_389/full_batch_389.csv,07b2c8ede7f7c87b07263d167e41bebb13777c90b03a74954709eae074cf761a,results/circuitsage_hmac_v2_12c1/full_campaign_execution_12c1l/per_batch_npz/secworks_aes/full_batch_389.npz,70c5b25f924c597a9d65d8e3ad6854f34efc888d00015e65d6632879c0a07f31,PASS
830,secworks_aes,GENERALIZATION_TRAIN,390,24960,64,128,64,64,8192,128,results/circuitsage_hmac_v2_12c1/full_campaign_execution_12c1l/raw_batches/secworks_aes/batch_390/full_batch_390.csv,868234de6414ea9d9abf68f74e17f5ec63008bfb3cdb61e7639af54c359a9dcb,results/circuitsage_hmac_v2_12c1/full_campaign_execution_12c1l/per_batch_npz/secworks_aes/full_batch_390.npz,8a84e039dae21560abf3f00ec687885fe951cddb9f1086541ffaec16b1a3ab6f,PASS
831,secworks_aes,GENERALIZATION_TRAIN,391,25024,64,128,64,64,8192,128,results/circuitsage_hmac_v2_12c1/full_campaign_execution_12c1l/raw_batches/secworks_aes/batch_391/full_batch_391.csv,04f14cb71330422dd86a33d0c4a9c1c1656e3e91c4e197a098dec00e7775ae50,results/circuitsage_hmac_v2_12c1/full_campaign_execution_12c1l/per_batch_npz/secworks_aes/full_batch_391.npz,1a137d78c64d7ffacf6cf22d2bfa819083bb2d582fc596679c7446d6c0ac7802,PASS
832,secworks_aes,GENERALIZATION_TRAIN,392,25088,64,128,64,64,8192,128,results/circuitsage_hmac_v2_12c1/full_campaign_execution_12c1l/raw_batches/secworks_aes/batch_392/full_batch_392.csv,251b2c9a2ab4a04c1202a6793f4c4e90fd8352023981996ebb14ee653c54a0a7,results/circuitsage_hmac_v2_12c1/full_campaign_execution_12c1l/per_batch_npz/secworks_aes/full_batch_392.npz,61e08e298c0e0d238755fb44ba465491b0422c67295d9f47018964330476a4ea,PASS
833,secworks_aes,GENERALIZATION_TRAIN,393,25152,64,128,64,64,8192,128,results/circuitsage_hmac_v2_12c1/full_campaign_execution_12c1l/raw_batches/secworks_aes/batch_393/full_batch_393.csv,62f5b1bc2c8671af946567b032d6efe6c4a1a033d389d5582a6a2f2fdb1b3eb7,results/circuitsage_hmac_v2_12c1/full_campaign_execution_12c1l/per_batch_npz/secworks_aes/full_batch_393.npz,6c685533fac44e27e881a5773c869e9b923622c214a4521a26aa7eb784fef1e9,PASS
834,secworks_aes,GENERALIZATION_TRAIN,394,25216,64,128,64,64,8192,128,results/circuitsage_hmac_v2_12c1/full_campaign_execution_12c1l/raw_batches/secworks_aes/batch_394/full_batch_394.csv,e415e3be814b7b644759f93957e4a85526f047a1607abd097b6810b99b8744e1,results/circuitsage_hmac_v2_12c1/full_campaign_execution_12c1l/per_batch_npz/secworks_aes/full_batch_394.npz,57dd467ce3ab9d7d8d4c08fbc2b41db21dcdff87a7a94604de0cab33b31fcdd3,PASS
835,secworks_aes,GENERALIZATION_TRAIN,395,25280,64,128,64,64,8192,128,results/circuitsage_hmac_v2_12c1/full_campaign_execution_12c1l/raw_batches/secworks_aes/batch_395/full_batch_395.csv,6cb6aab171f04b3eb6f2883b4a5c8cbd9a681f7d3b08a2957023b953f966f412,results/circuitsage_hmac_v2_12c1/full_campaign_execution_12c1l/per_batch_npz/secworks_aes/full_batch_395.npz,3e89d05dacd933f83690203e50b8dcfb75d5de2973be07c187c10b3af12af2a4,PASS
836,secworks_aes,GENERALIZATION_TRAIN,396,25344,64,128,64,64,8192,128,results/circuitsage_hmac_v2_12c1/full_campaign_execution_12c1l/raw_batches/secworks_aes/batch_396/full_batch_396.csv,3d8da01f077526b7c394a4f77242c6b8bb10bd5ce4bfd23efa8c19c637b3f0cd,results/circuitsage_hmac_v2_12c1/full_campaign_execution_12c1l/per_batch_npz/secworks_aes/full_batch_396.npz,7c091ddb1f6a342c9238374367b04ec22935d4c93e964ae2f55098c95fea5447,PASS
837,secworks_aes,GENERALIZATION_TRAIN,397,25408,64,128,64,64,8192,128,results/circuitsage_hmac_v2_12c1/full_campaign_execution_12c1l/raw_batches/secworks_aes/batch_397/full_batch_397.csv,470f88c3a7ea84c85c786a10d34aff3164fec3bfe23f62daabca1425946719b4,results/circuitsage_hmac_v2_12c1/full_campaign_execution_12c1l/per_batch_npz/secworks_aes/full_batch_397.npz,35a35353f20de1f93f3c61783754c97eee1b2c66e26805e31d93ac83ae2774a0,PASS
838,secworks_aes,GENERALIZATION_TRAIN,398,25472,64,128,64,64,8192,128,results/circuitsage_hmac_v2_12c1/full_campaign_execution_12c1l/raw_batches/secworks_aes/batch_398/full_batch_398.csv,6db6cd159281eafbe74c8673ab0444c663f0258230966f809ddf149b7579fc8a,results/circuitsage_hmac_v2_12c1/full_campaign_execution_12c1l/per_batch_npz/secworks_aes/full_batch_398.npz,24e794260e6b10c023e89c9a2a06f69a6e096113e69d916b0d0df86f26796ca2,PASS
839,secworks_aes,GENERALIZATION_TRAIN,399,25536,64,128,64,64,8192,128,results/circuitsage_hmac_v2_12c1/full_campaign_execution_12c1l/raw_batches/secworks_aes/batch_399/full_batch_399.csv,77ca37ec446753751af6c893a5567f19ac01723d01b23228ff5bdc5d5e9791de,results/circuitsage_hmac_v2_12c1/full_campaign_execution_12c1l/per_batch_npz/secworks_aes/full_batch_399.npz,04a5e72d6c72cf495bf80eccf893580ede9d7f1fbe88eedc7143e6171145bf7a,PASS
840,secworks_aes,GENERALIZATION_TRAIN,400,25600,64,128,64,64,8192,128,results/circuitsage_hmac_v2_12c1/full_campaign_execution_12c1l/raw_batches/secworks_aes/batch_400/full_batch_400.csv,6135b4840f998b2d4cd576f6eb0ba11704226338d0830567cf3a5a1e966ea884,results/circuitsage_hmac_v2_12c1/full_campaign_execution_12c1l/per_batch_npz/secworks_aes/full_batch_400.npz,15bda7bcdf1518fcb5011167e356110c210943ca4c2ec95c3c1ae916969886b5,PASS
841,secworks_aes,GENERALIZATION_TRAIN,401,25664,64,128,64,64,8192,128,results/circuitsage_hmac_v2_12c1/full_campaign_execution_12c1l/raw_batches/secworks_aes/batch_401/full_batch_401.csv,8c63e16482dfc74bfda8c4096fa32a08063e237bf49a674b02a99ada3adc574b,results/circuitsage_hmac_v2_12c1/full_campaign_execution_12c1l/per_batch_npz/secworks_aes/full_batch_401.npz,38d3b51eb09d77f8ab6666ecba24e0ea538a1c606b81e9c804e3264b3a844c5f,PASS
842,secworks_aes,GENERALIZATION_TRAIN,402,25728,64,128,64,64,8192,128,results/circuitsage_hmac_v2_12c1/full_campaign_execution_12c1l/raw_batches/secworks_aes/batch_402/full_batch_402.csv,505e31e73cb1ee93913937a211707fd88817c2b2ad7abc844873e181890b7c26,results/circuitsage_hmac_v2_12c1/full_campaign_execution_12c1l/per_batch_npz/secworks_aes/full_batch_402.npz,f47f1f957f2c6feb6f3dd6e1abcab64856d95c43a0afb10b9175887ccc7f04e8,PASS
843,secworks_aes,GENERALIZATION_TRAIN,403,25792,64,128,64,64,8192,128,results/circuitsage_hmac_v2_12c1/full_campaign_execution_12c1l/raw_batches/secworks_aes/batch_403/full_batch_403.csv,85a6d68450e50a65c40c56aebb73bbc532a85770a935546459e5f5e44f2d0f41,results/circuitsage_hmac_v2_12c1/full_campaign_execution_12c1l/per_batch_npz/secworks_aes/full_batch_403.npz,caf1c08482f8088aa8d8d1f8164a2585100bb358e4c83033c5cbdc8440aa0e14,PASS
844,secworks_aes,GENERALIZATION_TRAIN,404,25856,64,128,64,64,8192,128,results/circuitsage_hmac_v2_12c1/full_campaign_execution_12c1l/raw_batches/secworks_aes/batch_404/full_batch_404.csv,5e4a9cc3757f18d4cabe14d01857719dad53a30076918c2245062d6b3f5777ea,results/circuitsage_hmac_v2_12c1/full_campaign_execution_12c1l/per_batch_npz/secworks_aes/full_batch_404.npz,b5c12f7078b8cb97a1b8b88eeb261cc07ea68f7d9a4219f1e4ce470a2706e6f3,PASS
845,secworks_aes,GENERALIZATION_TRAIN,405,25920,64,128,64,64,8192,128,results/circuitsage_hmac_v2_12c1/full_campaign_execution_12c1l/raw_batches/secworks_aes/batch_405/full_batch_405.csv,060e6c07f866296c0251927a207b1c39e16475bef38c9d0849ff5348ca619b0b,results/circuitsage_hmac_v2_12c1/full_campaign_execution_12c1l/per_batch_npz/secworks_aes/full_batch_405.npz,b9c4e67f7e37e8a91236bd5adcb47b53985fba020549abe38beee1d3d07a1e63,PASS
846,secworks_aes,GENERALIZATION_TRAIN,406,25984,64,128,64,64,8192,126,results/circuitsage_hmac_v2_12c1/full_campaign_execution_12c1l/raw_batches/secworks_aes/batch_406/full_batch_406.csv,0e1670edfa63905542a9f6ac6228f475f973412790dd8ce5c5fada4e96372a59,results/circuitsage_hmac_v2_12c1/full_campaign_execution_12c1l/per_batch_npz/secworks_aes/full_batch_406.npz,c106a3f0b492b612e958e86e50d339bf5515fad12d72409e685aa8044b9a9500,PASS
847,secworks_aes,GENERALIZATION_TRAIN,407,26048,64,128,64,64,8192,125,results/circuitsage_hmac_v2_12c1/full_campaign_execution_12c1l/raw_batches/secworks_aes/batch_407/full_batch_407.csv,cff0851e0e9c32485ccd2cd5e94376ac014e8b94c141b37be49a693252411c03,results/circuitsage_hmac_v2_12c1/full_campaign_execution_12c1l/per_batch_npz/secworks_aes/full_batch_407.npz,829bd9743f6db01a440ea68bd5ae4bd6179b69dad2b4df8ff1cedc1bb9064cfe,PASS
848,secworks_aes,GENERALIZATION_TRAIN,408,26112,64,128,64,64,8192,128,results/circuitsage_hmac_v2_12c1/full_campaign_execution_12c1l/raw_batches/secworks_aes/batch_408/full_batch_408.csv,10b774a7b82f9a6564e9d185f80c382f211ed424c079cc9d00824cf683a1a9d0,results/circuitsage_hmac_v2_12c1/full_campaign_execution_12c1l/per_batch_npz/secworks_aes/full_batch_408.npz,6a21c652d3df4d82158178f816fbae85af4a48fb5182811a272b2ea19376d319,PASS
849,secworks_aes,GENERALIZATION_TRAIN,409,26176,64,128,64,64,8192,128,results/circuitsage_hmac_v2_12c1/full_campaign_execution_12c1l/raw_batches/secworks_aes/batch_409/full_batch_409.csv,fa04eba476c53c51a9d13fba03d8ca4da97b81f8d22e76ebe59b7a4f74042eea,results/circuitsage_hmac_v2_12c1/full_campaign_execution_12c1l/per_batch_npz/secworks_aes/full_batch_409.npz,7c084aad055009f9b107a8c8f0ae21418ac19033cc4a3dd93e7faa8dd9e590dd,PASS
850,secworks_aes,GENERALIZATION_TRAIN,410,26240,64,128,64,64,8192,128,results/circuitsage_hmac_v2_12c1/full_campaign_execution_12c1l/raw_batches/secworks_aes/batch_410/full_batch_410.csv,605c4bd512312809c6c37cabc6b80492a5732dc27817e4a1b87b82a0243ecc94,results/circuitsage_hmac_v2_12c1/full_campaign_execution_12c1l/per_batch_npz/secworks_aes/full_batch_410.npz,293f7707e14f9118d3237a0fa5508cc00c191aae5582b9dd3f9e868a093bc445,PASS
851,secworks_aes,GENERALIZATION_TRAIN,411,26304,64,128,64,64,8192,128,results/circuitsage_hmac_v2_12c1/full_campaign_execution_12c1l/raw_batches/secworks_aes/batch_411/full_batch_411.csv,d5b8ac8ebcfe4fe872c69f9f3c5222d7dc68007caa38b0221274549186ad16d3,results/circuitsage_hmac_v2_12c1/full_campaign_execution_12c1l/per_batch_npz/secworks_aes/full_batch_411.npz,49f4e69f5601aec3e21f78e5a221d1746a66613aafa77684f9cca00c69949466,PASS
852,secworks_aes,GENERALIZATION_TRAIN,412,26368,64,128,64,64,8192,125,results/circuitsage_hmac_v2_12c1/full_campaign_execution_12c1l/raw_batches/secworks_aes/batch_412/full_batch_412.csv,e01fc8f885ba712992a3da3f3bbedd7c0f4d54187a55f850632b2e7459486ae3,results/circuitsage_hmac_v2_12c1/full_campaign_execution_12c1l/per_batch_npz/secworks_aes/full_batch_412.npz,78d9477606fd80208612459856b4fff5306326c087ccb29f3df20ca36e841681,PASS
853,secworks_aes,GENERALIZATION_TRAIN,413,26432,64,128,64,64,8192,128,results/circuitsage_hmac_v2_12c1/full_campaign_execution_12c1l/raw_batches/secworks_aes/batch_413/full_batch_413.csv,b97c1543963d4feea3116dfb5f8d0f2999f81ad927f677d1f1650132f0d70448,results/circuitsage_hmac_v2_12c1/full_campaign_execution_12c1l/per_batch_npz/secworks_aes/full_batch_413.npz,b765d03d95a3fbf97b0557a19ba66505325acab4cc40f8e7fa7dc7978525bb1c,PASS
854,secworks_aes,GENERALIZATION_TRAIN,414,26496,64,128,64,64,8192,127,results/circuitsage_hmac_v2_12c1/full_campaign_execution_12c1l/raw_batches/secworks_aes/batch_414/full_batch_414.csv,3ed1002169986765ad847cec926f294dfbbbb53020232caeb0ddcf7e9f015987,results/circuitsage_hmac_v2_12c1/full_campaign_execution_12c1l/per_batch_npz/secworks_aes/full_batch_414.npz,6f7c638747e7582ecfae4c24115bb6f467cdbe2a9d21135e9cd3b0fdcf25e5b4,PASS
855,secworks_sha256,GENERALIZATION_CALIBRATION,0,0,64,128,64,64,8192,128,results/circuitsage_hmac_v2_12c1/full_campaign_execution_12c1l/raw_batches/secworks_sha256/batch_000/full_batch_000.csv,eb88dbff8140689de88473fb7aaa8b5144ca094b065b00344f5d69eaf72cdc02,results/circuitsage_hmac_v2_12c1/full_campaign_execution_12c1l/per_batch_npz/secworks_sha256/full_batch_000.npz,df0c5b862218974816332e5da1505f5030a78b4044ab9435baadef11792fa9e5,PASS
856,secworks_sha256,GENERALIZATION_CALIBRATION,1,64,64,128,64,64,8192,128,results/circuitsage_hmac_v2_12c1/full_campaign_execution_12c1l/raw_batches/secworks_sha256/batch_001/full_batch_001.csv,b70511ece87373e88878c2fdea98987e402ae3189179d4629f03422b5033cedb,results/circuitsage_hmac_v2_12c1/full_campaign_execution_12c1l/per_batch_npz/secworks_sha256/full_batch_001.npz,1c2af6a4640bfb43ea59d351530782cc6f32cb4711db7add81db3ec12a46a4e6,PASS
857,secworks_sha256,GENERALIZATION_CALIBRATION,2,128,64,128,64,64,8192,128,results/circuitsage_hmac_v2_12c1/full_campaign_execution_12c1l/raw_batches/secworks_sha256/batch_002/full_batch_002.csv,950ef2c4d042762bcbc42bc79db95f2086f665f98dfda0d0226a99327799b576,results/circuitsage_hmac_v2_12c1/full_campaign_execution_12c1l/per_batch_npz/secworks_sha256/full_batch_002.npz,59f5d9ceb0ef804055508088715b491bde03c7c4c289393557901109919fbc30,PASS
858,secworks_sha256,GENERALIZATION_CALIBRATION,3,192,64,128,64,64,8192,128,results/circuitsage_hmac_v2_12c1/full_campaign_execution_12c1l/raw_batches/secworks_sha256/batch_003/full_batch_003.csv,b79429b669c402a91b479b72bd6e3646a4f031a94e74c39efcfab281f36f6ec9,results/circuitsage_hmac_v2_12c1/full_campaign_execution_12c1l/per_batch_npz/secworks_sha256/full_batch_003.npz,9f7152d142c4a96e50c594a5cd28b657ebc1fa797531f248d583f13182ad8b40,PASS
859,secworks_sha256,GENERALIZATION_CALIBRATION,4,256,64,128,64,64,8192,128,results/circuitsage_hmac_v2_12c1/full_campaign_execution_12c1l/raw_batches/secworks_sha256/batch_004/full_batch_004.csv,a83a74d63ac5d7f089ff27c7a4358ab94bb6f449651ef30d086ebda6156f41a4,results/circuitsage_hmac_v2_12c1/full_campaign_execution_12c1l/per_batch_npz/secworks_sha256/full_batch_004.npz,ac42465249841f5311f8cbeb7bafd35e0a4cdd27fc3626a53bdab94313231217,PASS
860,secworks_sha256,GENERALIZATION_CALIBRATION,5,320,64,128,64,64,8192,128,results/circuitsage_hmac_v2_12c1/full_campaign_execution_12c1l/raw_batches/secworks_sha256/batch_005/full_batch_005.csv,6f49adccb02c6a8b0d95e41bdcac76e820f56f52d86d6eec23c7cd24d7e7d44a,results/circuitsage_hmac_v2_12c1/full_campaign_execution_12c1l/per_batch_npz/secworks_sha256/full_batch_005.npz,f7101009ddea7274180fc7adc9d315d6badbb7813aa92eae5730ad44ac75f942,PASS
861,secworks_sha256,GENERALIZATION_CALIBRATION,6,384,64,128,64,64,8192,128,results/circuitsage_hmac_v2_12c1/full_campaign_execution_12c1l/raw_batches/secworks_sha256/batch_006/full_batch_006.csv,6aaf4d147227ea6692f94defd23dae49059cf30e211c4e6fb49afa2c3e4c1bba,results/circuitsage_hmac_v2_12c1/full_campaign_execution_12c1l/per_batch_npz/secworks_sha256/full_batch_006.npz,569c14697c5148acee91a6925b72dcb0a8278f5906ff71445bdf9b696d363e97,PASS
862,secworks_sha256,GENERALIZATION_CALIBRATION,7,448,64,128,64,64,8192,128,results/circuitsage_hmac_v2_12c1/full_campaign_execution_12c1l/raw_batches/secworks_sha256/batch_007/full_batch_007.csv,93aca991076e510776ad78137aa88c8baf026362931cf374ab28455e520a6ff3,results/circuitsage_hmac_v2_12c1/full_campaign_execution_12c1l/per_batch_npz/secworks_sha256/full_batch_007.npz,e63c3acec7b7d5c4d441961420f3e199688cd2716cdd13ebcd9cdcc36d2bfc8d,PASS
863,secworks_sha256,GENERALIZATION_CALIBRATION,8,512,64,128,64,64,8192,128,results/circuitsage_hmac_v2_12c1/full_campaign_execution_12c1l/raw_batches/secworks_sha256/batch_008/full_batch_008.csv,863b802e74b35e304f3abd1f0e6630ed92f0be72f19b2495b36c8db73bdd3559,results/circuitsage_hmac_v2_12c1/full_campaign_execution_12c1l/per_batch_npz/secworks_sha256/full_batch_008.npz,26055be18992a61fd47ad30ac5f5cd057073b029acf54e9891c5c6b3ff5d42f6,PASS
864,secworks_sha256,GENERALIZATION_CALIBRATION,9,576,64,128,64,64,8192,128,results/circuitsage_hmac_v2_12c1/full_campaign_execution_12c1l/raw_batches/secworks_sha256/batch_009/full_batch_009.csv,05cbf874fbebc9e996f9136884b7b7508c4ec3aa40f640fdae0b3637eb244af9,results/circuitsage_hmac_v2_12c1/full_campaign_execution_12c1l/per_batch_npz/secworks_sha256/full_batch_009.npz,9d0d04ff0320f6a6d876e967e711c2724bb4176c111b8ebcb35f6cf72cc99ec9,PASS
865,secworks_sha256,GENERALIZATION_CALIBRATION,10,640,64,128,64,64,8192,128,results/circuitsage_hmac_v2_12c1/full_campaign_execution_12c1l/raw_batches/secworks_sha256/batch_010/full_batch_010.csv,3620d9b0f192f9febf6ba6344966b958e4f8480d2cc2ea6261e1980d0e898bb2,results/circuitsage_hmac_v2_12c1/full_campaign_execution_12c1l/per_batch_npz/secworks_sha256/full_batch_010.npz,a44074a77ba892f53e9351c38726708059f490a3ff43297f47f2085229426209,PASS
866,secworks_sha256,GENERALIZATION_CALIBRATION,11,704,64,128,64,64,8192,128,results/circuitsage_hmac_v2_12c1/full_campaign_execution_12c1l/raw_batches/secworks_sha256/batch_011/full_batch_011.csv,92cd0fbedcf8bb908586d0c268902f97d6271fa9e967b3a3f4023d592df32e9e,results/circuitsage_hmac_v2_12c1/full_campaign_execution_12c1l/per_batch_npz/secworks_sha256/full_batch_011.npz,bb0dc0cd73633f453ecdd34bf53b6993f8ab8fb3ddd3138943714290167cd03b,PASS
867,secworks_sha256,GENERALIZATION_CALIBRATION,12,768,64,128,64,64,8192,128,results/circuitsage_hmac_v2_12c1/full_campaign_execution_12c1l/raw_batches/secworks_sha256/batch_012/full_batch_012.csv,473f07fcbf49ff55080f86359b6a725a57a676f8ee76eadb21cea29d234fdc34,results/circuitsage_hmac_v2_12c1/full_campaign_execution_12c1l/per_batch_npz/secworks_sha256/full_batch_012.npz,9ff53973da328d07a7623f520f1a0e6f2349bb83722e804e07161eebdaf8f024,PASS
868,secworks_sha256,GENERALIZATION_CALIBRATION,13,832,64,128,64,64,8192,128,results/circuitsage_hmac_v2_12c1/full_campaign_execution_12c1l/raw_batches/secworks_sha256/batch_013/full_batch_013.csv,6af1f736e92ba8dc97affa8e054b704246c1f91798307f7f28080976001722bc,results/circuitsage_hmac_v2_12c1/full_campaign_execution_12c1l/per_batch_npz/secworks_sha256/full_batch_013.npz,67d9f4589dab8e0a8c2a348d15cd679f2626573bc56cf293c28f624226519bdb,PASS
869,secworks_sha256,GENERALIZATION_CALIBRATION,14,896,64,128,64,64,8192,128,results/circuitsage_hmac_v2_12c1/full_campaign_execution_12c1l/raw_batches/secworks_sha256/batch_014/full_batch_014.csv,e16f97a3bc3253f3b845a855ef028986d676a640af8822a1080613502777f92a,results/circuitsage_hmac_v2_12c1/full_campaign_execution_12c1l/per_batch_npz/secworks_sha256/full_batch_014.npz,49bef649dd45a9e2bcd385f0ae6890ac75345421b4f283180ee34d6730107f30,PASS
870,secworks_sha256,GENERALIZATION_CALIBRATION,15,960,64,128,64,64,8192,128,results/circuitsage_hmac_v2_12c1/full_campaign_execution_12c1l/raw_batches/secworks_sha256/batch_015/full_batch_015.csv,1296ff40fbae5243111af2323b9200f097bca15b453eca646aa9556c432f0eaa,results/circuitsage_hmac_v2_12c1/full_campaign_execution_12c1l/per_batch_npz/secworks_sha256/full_batch_015.npz,c57473fc007333248d6f95575d28b1a7722a6c50e6f7d665a527ed3d2972439f,PASS
871,secworks_sha256,GENERALIZATION_CALIBRATION,16,1024,64,128,64,64,8192,128,results/circuitsage_hmac_v2_12c1/full_campaign_execution_12c1l/raw_batches/secworks_sha256/batch_016/full_batch_016.csv,c9d84b74eb940ad7a9807a1dd07066a4d0cf5e5ea4313629282d3a8dcb8b7fbe,results/circuitsage_hmac_v2_12c1/full_campaign_execution_12c1l/per_batch_npz/secworks_sha256/full_batch_016.npz,eb76cb0f73e41785c01c9a1f3912d7c6cd8fa0dcffee05c808509e7deb263c8e,PASS
872,secworks_sha256,GENERALIZATION_CALIBRATION,17,1088,64,128,64,64,8192,128,results/circuitsage_hmac_v2_12c1/full_campaign_execution_12c1l/raw_batches/secworks_sha256/batch_017/full_batch_017.csv,5e3c6a934a55aa81ff80e4af4937f79f3edea34b548439fdbea6ad1fd832ecc2,results/circuitsage_hmac_v2_12c1/full_campaign_execution_12c1l/per_batch_npz/secworks_sha256/full_batch_017.npz,7879683f64ac476d253c0047b6cd4afd7613b0cde7f3e509f2b8d3aac231d86b,PASS
873,secworks_sha256,GENERALIZATION_CALIBRATION,18,1152,64,128,64,64,8192,128,results/circuitsage_hmac_v2_12c1/full_campaign_execution_12c1l/raw_batches/secworks_sha256/batch_018/full_batch_018.csv,4326f70e43d187e4592c3445925faf4ace093b1ffb13119ad2e939a79263582c,results/circuitsage_hmac_v2_12c1/full_campaign_execution_12c1l/per_batch_npz/secworks_sha256/full_batch_018.npz,5dafb1253f376eb1b07356650aa8da454e3e052a97c0246e63ac478f780cc110,PASS
874,secworks_sha256,GENERALIZATION_CALIBRATION,19,1216,64,128,64,64,8192,128,results/circuitsage_hmac_v2_12c1/full_campaign_execution_12c1l/raw_batches/secworks_sha256/batch_019/full_batch_019.csv,8bd2d6885feaf1ef9d6a5e5acf2ae6d7a272373eef2c206f95519f08083fa3d2,results/circuitsage_hmac_v2_12c1/full_campaign_execution_12c1l/per_batch_npz/secworks_sha256/full_batch_019.npz,c0e7833fce413a767b009593cb46e39892787e16c66109b84e0c1028153bc0d6,PASS
875,secworks_sha256,GENERALIZATION_CALIBRATION,20,1280,64,128,64,64,8192,128,results/circuitsage_hmac_v2_12c1/full_campaign_execution_12c1l/raw_batches/secworks_sha256/batch_020/full_batch_020.csv,86350f9eb7f47ace4e76d4e0562fd697de788f4ac6b038b2249700c16b6b3666,results/circuitsage_hmac_v2_12c1/full_campaign_execution_12c1l/per_batch_npz/secworks_sha256/full_batch_020.npz,1d74065de93ced34704f7e63254c97f85bd53aa21a6a33357ee904dce9d0db88,PASS
876,secworks_sha256,GENERALIZATION_CALIBRATION,21,1344,64,128,64,64,8192,128,results/circuitsage_hmac_v2_12c1/full_campaign_execution_12c1l/raw_batches/secworks_sha256/batch_021/full_batch_021.csv,23b621cb66dec965052c6021bfc9bfcade7d3774a83bb39328baa2f6bf3d371e,results/circuitsage_hmac_v2_12c1/full_campaign_execution_12c1l/per_batch_npz/secworks_sha256/full_batch_021.npz,2e26a8f70fb5a80e39c259d48d6719cd5f616fa31d7a7d5673a50e6619e1d06e,PASS
877,secworks_sha256,GENERALIZATION_CALIBRATION,22,1408,64,128,64,64,8192,128,results/circuitsage_hmac_v2_12c1/full_campaign_execution_12c1l/raw_batches/secworks_sha256/batch_022/full_batch_022.csv,712e0d664befdf31094eeb9eac5c675776f05b4a43ffdb6aa0aaacde8b1664e0,results/circuitsage_hmac_v2_12c1/full_campaign_execution_12c1l/per_batch_npz/secworks_sha256/full_batch_022.npz,c4d9240905298927647fade754b4bb9a62d5bbb25b43341a3eb65bffdd6c4f9a,PASS
878,secworks_sha256,GENERALIZATION_CALIBRATION,23,1472,64,128,64,64,8192,128,results/circuitsage_hmac_v2_12c1/full_campaign_execution_12c1l/raw_batches/secworks_sha256/batch_023/full_batch_023.csv,9e97da037416b204ff3a5354c5ecbbe808c39ad2d7f198d419d0557574ff94e8,results/circuitsage_hmac_v2_12c1/full_campaign_execution_12c1l/per_batch_npz/secworks_sha256/full_batch_023.npz,9f1cb440845bb88c0ef82774c2c984ab7b3f1699c5ef5af8401d7e61814da763,PASS
879,secworks_sha256,GENERALIZATION_CALIBRATION,24,1536,64,128,64,64,8192,113,results/circuitsage_hmac_v2_12c1/full_campaign_execution_12c1l/raw_batches/secworks_sha256/batch_024/full_batch_024.csv,676097bc6cfb30402579a3866335f6a8d1d1eac7d09c07fa887eafd600950cc1,results/circuitsage_hmac_v2_12c1/full_campaign_execution_12c1l/per_batch_npz/secworks_sha256/full_batch_024.npz,c9b7adde16d780de7537c98aaf4fc8cd9e69e17d83da7a5c846a7eee4dc3755b,PASS
880,secworks_sha256,GENERALIZATION_CALIBRATION,25,1600,64,128,64,64,8192,109,results/circuitsage_hmac_v2_12c1/full_campaign_execution_12c1l/raw_batches/secworks_sha256/batch_025/full_batch_025.csv,c3aa5a41a34dbce6395ee395d0a01dbaaad201a8ccb64ac1c9ae5f7afa895f29,results/circuitsage_hmac_v2_12c1/full_campaign_execution_12c1l/per_batch_npz/secworks_sha256/full_batch_025.npz,49e4f0bc8bd3589e61144a1c3ada5de93a5522336be3e7987bf82e088c7c6612,PASS
881,secworks_sha256,GENERALIZATION_CALIBRATION,26,1664,64,128,64,64,8192,106,results/circuitsage_hmac_v2_12c1/full_campaign_execution_12c1l/raw_batches/secworks_sha256/batch_026/full_batch_026.csv,e203b35bd7d6584545ab3336112fd2b10e40f00469e730358c996ba6df5c5948,results/circuitsage_hmac_v2_12c1/full_campaign_execution_12c1l/per_batch_npz/secworks_sha256/full_batch_026.npz,11309cdb3404e9a5a852fc661f8d69240a2a835297d9786e3cf81f31f7ae313a,PASS
882,secworks_sha256,GENERALIZATION_CALIBRATION,27,1728,64,128,64,64,8192,126,results/circuitsage_hmac_v2_12c1/full_campaign_execution_12c1l/raw_batches/secworks_sha256/batch_027/full_batch_027.csv,e37155f55706dc2c2be6bb50e628ab49d260e39266a2d60d6098e3dc8f0dccc3,results/circuitsage_hmac_v2_12c1/full_campaign_execution_12c1l/per_batch_npz/secworks_sha256/full_batch_027.npz,e6bc1b573c0e702f25484fb23980ab0d7846d623520c6f697f6475724ce2ef0a,PASS
883,secworks_sha256,GENERALIZATION_CALIBRATION,28,1792,64,128,64,64,8192,112,results/circuitsage_hmac_v2_12c1/full_campaign_execution_12c1l/raw_batches/secworks_sha256/batch_028/full_batch_028.csv,3cdd39ebdbfb9571286b8489912ef136b4ccfcdb9109404e5d161774b32f2abb,results/circuitsage_hmac_v2_12c1/full_campaign_execution_12c1l/per_batch_npz/secworks_sha256/full_batch_028.npz,0fa40aa1ebd3b80074207b1d31b1b5e7db4cb9c6af416c85d702ebea1f86ba94,PASS
884,secworks_sha256,GENERALIZATION_CALIBRATION,29,1856,64,128,64,64,8192,102,results/circuitsage_hmac_v2_12c1/full_campaign_execution_12c1l/raw_batches/secworks_sha256/batch_029/full_batch_029.csv,12a06e3b15a6ce12ee04d3e67778277aad4543c03e27f4cd4db0f883e5507e16,results/circuitsage_hmac_v2_12c1/full_campaign_execution_12c1l/per_batch_npz/secworks_sha256/full_batch_029.npz,7ea0b893bf675baf4883a5d2e46768f6147f47361647dd5ee2d87eefd6de441f,PASS
885,secworks_sha256,GENERALIZATION_CALIBRATION,30,1920,64,128,64,64,8192,126,results/circuitsage_hmac_v2_12c1/full_campaign_execution_12c1l/raw_batches/secworks_sha256/batch_030/full_batch_030.csv,ec07ae329ca28c94a356dd056847321750c555b4d4c0b19639293b3ec9907a25,results/circuitsage_hmac_v2_12c1/full_campaign_execution_12c1l/per_batch_npz/secworks_sha256/full_batch_030.npz,a1c7f275ec7e02e45292fe5734117b6b872db2217f9edcbac972a4a472705153,PASS
886,secworks_sha256,GENERALIZATION_CALIBRATION,31,1984,64,128,64,64,8192,102,results/circuitsage_hmac_v2_12c1/full_campaign_execution_12c1l/raw_batches/secworks_sha256/batch_031/full_batch_031.csv,5bfc10657ac01488c33877e6ef42c18e393005bb11a626ebff064ed518ad2739,results/circuitsage_hmac_v2_12c1/full_campaign_execution_12c1l/per_batch_npz/secworks_sha256/full_batch_031.npz,4795ba86431a770dcc2fb7e1e66577cb6071fa3ad58d660c047f8ef0b414517c,PASS
887,secworks_sha256,GENERALIZATION_CALIBRATION,32,2048,64,128,64,64,8192,97,results/circuitsage_hmac_v2_12c1/full_campaign_execution_12c1l/raw_batches/secworks_sha256/batch_032/full_batch_032.csv,6c2a9a203f677baf0233e76bff4afda9bb508e2a4cefb30387e902c348b5aa59,results/circuitsage_hmac_v2_12c1/full_campaign_execution_12c1l/per_batch_npz/secworks_sha256/full_batch_032.npz,48e6472b225771992400ef0c1d8027198e45a1e7b29d7fa8eda46e0247886def,PASS
888,secworks_sha256,GENERALIZATION_CALIBRATION,33,2112,64,128,64,64,8192,120,results/circuitsage_hmac_v2_12c1/full_campaign_execution_12c1l/raw_batches/secworks_sha256/batch_033/full_batch_033.csv,141d6d63b3ec77009a0100faeac108175653380a022fec52151059b78bede195,results/circuitsage_hmac_v2_12c1/full_campaign_execution_12c1l/per_batch_npz/secworks_sha256/full_batch_033.npz,52d49d15864bc2ee8588427088dedaa57bc64b462ff5a5424c5c7dbdba6a9dab,PASS
889,secworks_sha256,GENERALIZATION_CALIBRATION,34,2176,64,128,64,64,8192,95,results/circuitsage_hmac_v2_12c1/full_campaign_execution_12c1l/raw_batches/secworks_sha256/batch_034/full_batch_034.csv,6dc70179c1900003677a719191a6307c1fb170ed365fc1a83497e1e69edf54cf,results/circuitsage_hmac_v2_12c1/full_campaign_execution_12c1l/per_batch_npz/secworks_sha256/full_batch_034.npz,2d8387cd52c7e698e5b435b1ffb2eb9d71f3141f071513ed97b0385346db6565,PASS
890,secworks_sha256,GENERALIZATION_CALIBRATION,35,2240,64,128,64,64,8192,103,results/circuitsage_hmac_v2_12c1/full_campaign_execution_12c1l/raw_batches/secworks_sha256/batch_035/full_batch_035.csv,59b9843881ff81d48bb5fe1e159d1f69ae4a100c3c3fc533a1526cf3b605b720,results/circuitsage_hmac_v2_12c1/full_campaign_execution_12c1l/per_batch_npz/secworks_sha256/full_batch_035.npz,c7dcc9e72b0df3b14ba00bbdda40b6f8af8119e4fe20f3a9193766ed8e01c074,PASS
891,secworks_sha256,GENERALIZATION_CALIBRATION,36,2304,64,128,64,64,8192,123,results/circuitsage_hmac_v2_12c1/full_campaign_execution_12c1l/raw_batches/secworks_sha256/batch_036/full_batch_036.csv,ac81316ea430b01ad43b5156e05564bddad172b6401f24dea02d826902ac9659,results/circuitsage_hmac_v2_12c1/full_campaign_execution_12c1l/per_batch_npz/secworks_sha256/full_batch_036.npz,e479a69eeaf4b550633d8b1cb68d123ad7b13fb68e89e3a893cb27049d4147fa,PASS
892,secworks_sha256,GENERALIZATION_CALIBRATION,37,2368,64,128,64,64,8192,107,results/circuitsage_hmac_v2_12c1/full_campaign_execution_12c1l/raw_batches/secworks_sha256/batch_037/full_batch_037.csv,eb5143b4196855a5ab21833e7e8ae92cb932ea588234512cb49975abd44bde8b,results/circuitsage_hmac_v2_12c1/full_campaign_execution_12c1l/per_batch_npz/secworks_sha256/full_batch_037.npz,6a44e8a2a130ca44edd6774d7541f0b4bdfcbebab7960f7ae68acbc990108ed4,PASS
893,secworks_sha256,GENERALIZATION_CALIBRATION,38,2432,64,128,64,64,8192,103,results/circuitsage_hmac_v2_12c1/full_campaign_execution_12c1l/raw_batches/secworks_sha256/batch_038/full_batch_038.csv,b22f80d67c98a9de40d652a900d550237c3f2492792279bd0951a991faaa59be,results/circuitsage_hmac_v2_12c1/full_campaign_execution_12c1l/per_batch_npz/secworks_sha256/full_batch_038.npz,ae51d63e50fe3f8a96647db6a4af04bbc628af9ee7e6b5f2daca8b0d7e94a86e,PASS
894,secworks_sha256,GENERALIZATION_CALIBRATION,39,2496,64,128,64,64,8192,123,results/circuitsage_hmac_v2_12c1/full_campaign_execution_12c1l/raw_batches/secworks_sha256/batch_039/full_batch_039.csv,7cc9441213eeca8cbe72de153ee055f117de2b78258b5c5a6593346055ffbffc,results/circuitsage_hmac_v2_12c1/full_campaign_execution_12c1l/per_batch_npz/secworks_sha256/full_batch_039.npz,1a48c1c5dbff251e751408a08f104b7c2f1357f49f7989b96622f253253fded2,PASS
895,secworks_sha256,GENERALIZATION_CALIBRATION,40,2560,64,128,64,64,8192,103,results/circuitsage_hmac_v2_12c1/full_campaign_execution_12c1l/raw_batches/secworks_sha256/batch_040/full_batch_040.csv,f1b7bdf922ac90ad449f67d2bd28ca4c713a3a391349c1f16ce6f5bffe25d128,results/circuitsage_hmac_v2_12c1/full_campaign_execution_12c1l/per_batch_npz/secworks_sha256/full_batch_040.npz,a12734f16324acd6a929ab910de214c6b78e19f25e2b4590d15b842aae52deb1,PASS
896,secworks_sha256,GENERALIZATION_CALIBRATION,41,2624,64,128,64,64,8192,100,results/circuitsage_hmac_v2_12c1/full_campaign_execution_12c1l/raw_batches/secworks_sha256/batch_041/full_batch_041.csv,5bbcf41d564614112e60c59dcfd6ef064ce32effac280fbbe4e061f69c1847ac,results/circuitsage_hmac_v2_12c1/full_campaign_execution_12c1l/per_batch_npz/secworks_sha256/full_batch_041.npz,6ed5cf13332973d3a3237fca9216b2ef335f7265d3d6d376a21225fe5aef7983,PASS
897,secworks_sha256,GENERALIZATION_CALIBRATION,42,2688,64,128,64,64,8192,119,results/circuitsage_hmac_v2_12c1/full_campaign_execution_12c1l/raw_batches/secworks_sha256/batch_042/full_batch_042.csv,8d9f9b75ad94323d5d523d4ad915d78e321ea1060a0f1017e6f259c41bdf3fc4,results/circuitsage_hmac_v2_12c1/full_campaign_execution_12c1l/per_batch_npz/secworks_sha256/full_batch_042.npz,ca7ee842c065126dc91307332d74f5615a97ca508cbef7606f108e1f6a544a10,PASS
898,secworks_sha256,GENERALIZATION_CALIBRATION,43,2752,64,128,64,64,8192,102,results/circuitsage_hmac_v2_12c1/full_campaign_execution_12c1l/raw_batches/secworks_sha256/batch_043/full_batch_043.csv,e5a95ce1fba06ba3dc7175f53d77d15a3c590c51a9c5371e5890d7041d38a883,results/circuitsage_hmac_v2_12c1/full_campaign_execution_12c1l/per_batch_npz/secworks_sha256/full_batch_043.npz,43dfb3690df9ef073083f34d9e4be2e55fdba8890ab5383f0d51b2a43db9f7fa,PASS
899,secworks_sha256,GENERALIZATION_CALIBRATION,44,2816,64,128,64,64,8192,110,results/circuitsage_hmac_v2_12c1/full_campaign_execution_12c1l/raw_batches/secworks_sha256/batch_044/full_batch_044.csv,6912a1d7fdd6c35fe1d93ef5a263f6ef684a5467fa1433252dd8a7c750b420b0,results/circuitsage_hmac_v2_12c1/full_campaign_execution_12c1l/per_batch_npz/secworks_sha256/full_batch_044.npz,43b557977e782488cda13dad608313d0b83a1e9ca94ac3968dec724190ead072,PASS
900,secworks_sha256,GENERALIZATION_CALIBRATION,45,2880,64,128,64,64,8192,125,results/circuitsage_hmac_v2_12c1/full_campaign_execution_12c1l/raw_batches/secworks_sha256/batch_045/full_batch_045.csv,0c2fc228b56c8f0a48ebdc38f7d829b16ee505a0e9754f5c7767953332759371,results/circuitsage_hmac_v2_12c1/full_campaign_execution_12c1l/per_batch_npz/secworks_sha256/full_batch_045.npz,b878f2baef7bde4b9ecd476b83a89416cf8b441c3f9b4180c2dedf734ffecb10,PASS
901,secworks_sha256,GENERALIZATION_CALIBRATION,46,2944,64,128,64,64,8192,101,results/circuitsage_hmac_v2_12c1/full_campaign_execution_12c1l/raw_batches/secworks_sha256/batch_046/full_batch_046.csv,f629dc2b0ac62d5853f93d1885ab7163736e73010adbe487acf55f4f9209d70b,results/circuitsage_hmac_v2_12c1/full_campaign_execution_12c1l/per_batch_npz/secworks_sha256/full_batch_046.npz,1cc46ac0fab5686b784195b465ab1e6a54835ea56bbe1d03f9e9eaa84d7da86f,PASS
902,secworks_sha256,GENERALIZATION_CALIBRATION,47,3008,64,128,64,64,8192,124,results/circuitsage_hmac_v2_12c1/full_campaign_execution_12c1l/raw_batches/secworks_sha256/batch_047/full_batch_047.csv,7c9747adaaadc9be8798b6ced135928029213b117d1fd616faabef2eb55f3ef0,results/circuitsage_hmac_v2_12c1/full_campaign_execution_12c1l/per_batch_npz/secworks_sha256/full_batch_047.npz,3804f7c1ef93f1a380098155d2c6df96ce98d3f24a9bcdbdb0f909773d1dcda7,PASS
903,secworks_sha256,GENERALIZATION_CALIBRATION,48,3072,64,128,64,64,8192,128,results/circuitsage_hmac_v2_12c1/full_campaign_execution_12c1l/raw_batches/secworks_sha256/batch_048/full_batch_048.csv,87ea2e074c1224fc9a5b76c7fabecc2525c1863f68fce8e05acf05e3d1029c21,results/circuitsage_hmac_v2_12c1/full_campaign_execution_12c1l/per_batch_npz/secworks_sha256/full_batch_048.npz,668582c0cf6fa06dbdf73efcb394b6369a2f40b6475eb213c3d07f95d1ec5ffd,PASS
904,secworks_sha256,GENERALIZATION_CALIBRATION,49,3136,64,128,64,64,8192,128,results/circuitsage_hmac_v2_12c1/full_campaign_execution_12c1l/raw_batches/secworks_sha256/batch_049/full_batch_049.csv,101b5b8dc72eada7ce036ce2f8b245efea2a0d950e7773c68f4fa6afc7655ea1,results/circuitsage_hmac_v2_12c1/full_campaign_execution_12c1l/per_batch_npz/secworks_sha256/full_batch_049.npz,925711d6dba3a377480a3e73227192d703dec85ca862f127546223ddeba36641,PASS
905,secworks_sha256,GENERALIZATION_CALIBRATION,50,3200,64,128,64,64,8192,128,results/circuitsage_hmac_v2_12c1/full_campaign_execution_12c1l/raw_batches/secworks_sha256/batch_050/full_batch_050.csv,cfe17a155bfc3abc146219a5456db47796035d4bd1c30253a1e3e6bc650f5297,results/circuitsage_hmac_v2_12c1/full_campaign_execution_12c1l/per_batch_npz/secworks_sha256/full_batch_050.npz,577ad7861e17c1618dda53d8969623a92e4935649c74c03155bf99ac15383854,PASS
906,secworks_sha256,GENERALIZATION_CALIBRATION,51,3264,64,128,64,64,8192,128,results/circuitsage_hmac_v2_12c1/full_campaign_execution_12c1l/raw_batches/secworks_sha256/batch_051/full_batch_051.csv,2e2a945bf01915389a2435a782a436cb865b9ae2dd70590bd47a21642f97b10c,results/circuitsage_hmac_v2_12c1/full_campaign_execution_12c1l/per_batch_npz/secworks_sha256/full_batch_051.npz,cb21f4418d79c01afc5313ebf788dbe7c759d92e253d79f116d876f381f81f2b,PASS
907,secworks_sha256,GENERALIZATION_CALIBRATION,52,3328,64,128,64,64,8192,128,results/circuitsage_hmac_v2_12c1/full_campaign_execution_12c1l/raw_batches/secworks_sha256/batch_052/full_batch_052.csv,337767d6153f9cdd088a9d25b9c933c7bd24c0c9b2de5338784b961c2d1e9219,results/circuitsage_hmac_v2_12c1/full_campaign_execution_12c1l/per_batch_npz/secworks_sha256/full_batch_052.npz,ebc980d5486a8d13579a61e0761c70f93f137c50016c077625ce20a50cd1a73e,PASS
908,secworks_sha256,GENERALIZATION_CALIBRATION,53,3392,64,128,64,64,8192,128,results/circuitsage_hmac_v2_12c1/full_campaign_execution_12c1l/raw_batches/secworks_sha256/batch_053/full_batch_053.csv,875fd083c8004fa965f6adead66a5754d9e97644ba9b435ca5efad7d43b2845b,results/circuitsage_hmac_v2_12c1/full_campaign_execution_12c1l/per_batch_npz/secworks_sha256/full_batch_053.npz,5ecf9635b1fd6200430c737108c49bdf46826df60eb6b4a5251e1a2f7abdab4e,PASS
909,secworks_sha256,GENERALIZATION_CALIBRATION,54,3456,64,128,64,64,8192,128,results/circuitsage_hmac_v2_12c1/full_campaign_execution_12c1l/raw_batches/secworks_sha256/batch_054/full_batch_054.csv,cb0e0a33b0d8fbdbd5d0c8a1568fe67a166a1e1336be93db6138f1975df6357e,results/circuitsage_hmac_v2_12c1/full_campaign_execution_12c1l/per_batch_npz/secworks_sha256/full_batch_054.npz,58931dd9381b115f9585d9b6397f9922127dba2b3f98808bb2289ae66baa432e,PASS
910,secworks_sha256,GENERALIZATION_CALIBRATION,55,3520,64,128,64,64,8192,128,results/circuitsage_hmac_v2_12c1/full_campaign_execution_12c1l/raw_batches/secworks_sha256/batch_055/full_batch_055.csv,1df90913da9d5f5d68f19603f168b5605ceb8ce617544b7a7e9906c3a3484962,results/circuitsage_hmac_v2_12c1/full_campaign_execution_12c1l/per_batch_npz/secworks_sha256/full_batch_055.npz,cbe4b4d7e96a43ac6454d53c2dd6dce5dace0429fd85c5a8b2bac2ca2b1a06d5,PASS
911,secworks_sha256,GENERALIZATION_CALIBRATION,56,3584,64,128,64,64,8192,128,results/circuitsage_hmac_v2_12c1/full_campaign_execution_12c1l/raw_batches/secworks_sha256/batch_056/full_batch_056.csv,abe65c8ebe03a38061c603589d58441db3ef41cbe8c325aa306b5105d3f5f2e0,results/circuitsage_hmac_v2_12c1/full_campaign_execution_12c1l/per_batch_npz/secworks_sha256/full_batch_056.npz,b9c35f9c4d3f34f9859b280049b263be86226baa9f99b318806b4e2ad1cda64f,PASS
912,secworks_sha256,GENERALIZATION_CALIBRATION,57,3648,64,128,64,64,8192,128,results/circuitsage_hmac_v2_12c1/full_campaign_execution_12c1l/raw_batches/secworks_sha256/batch_057/full_batch_057.csv,7d82e5cf7a3e74520262a9a86e0c8b5c934f87061b57579c5ccc583e44368d16,results/circuitsage_hmac_v2_12c1/full_campaign_execution_12c1l/per_batch_npz/secworks_sha256/full_batch_057.npz,472189f5d11ec93bd312ada0c3b0ec067c84af101ede5c47b4334fb62e81763f,PASS
913,secworks_sha256,GENERALIZATION_CALIBRATION,58,3712,64,128,64,64,8192,128,results/circuitsage_hmac_v2_12c1/full_campaign_execution_12c1l/raw_batches/secworks_sha256/batch_058/full_batch_058.csv,850982f2b26b2d677bb6addc7505185c43e19484a2ea4e1ed6f7785c00212c76,results/circuitsage_hmac_v2_12c1/full_campaign_execution_12c1l/per_batch_npz/secworks_sha256/full_batch_058.npz,225322ba0376e6b3702f5b7fcb711dfc2699bc3bfe8abea9329dc3a7d8049cea,PASS
914,secworks_sha256,GENERALIZATION_CALIBRATION,59,3776,64,128,64,64,8192,128,results/circuitsage_hmac_v2_12c1/full_campaign_execution_12c1l/raw_batches/secworks_sha256/batch_059/full_batch_059.csv,fe78afff985785f10eacb56b4651dbea30c5e30d2f530c99c9ffed107b09c4bb,results/circuitsage_hmac_v2_12c1/full_campaign_execution_12c1l/per_batch_npz/secworks_sha256/full_batch_059.npz,bca7dd863e6b96d8d92655c93f87dd2a4541a2788ecbe652d99919085477498e,PASS
915,secworks_sha256,GENERALIZATION_CALIBRATION,60,3840,64,128,64,64,8192,128,results/circuitsage_hmac_v2_12c1/full_campaign_execution_12c1l/raw_batches/secworks_sha256/batch_060/full_batch_060.csv,8f939cd8595bc5f30cdd7975ebbea8f170cfebd6ae252976a18a8ef8113003f6,results/circuitsage_hmac_v2_12c1/full_campaign_execution_12c1l/per_batch_npz/secworks_sha256/full_batch_060.npz,c21d7d248097d1b51560a55d2d0f2149316086c0a6af3bb3117e75f2d2c88fbc,PASS
916,secworks_sha256,GENERALIZATION_CALIBRATION,61,3904,64,128,64,64,8192,128,results/circuitsage_hmac_v2_12c1/full_campaign_execution_12c1l/raw_batches/secworks_sha256/batch_061/full_batch_061.csv,2d52663a3150e7f0b1c912be561e78ec8087d5f0233a9e61f5139d4f1cef3adf,results/circuitsage_hmac_v2_12c1/full_campaign_execution_12c1l/per_batch_npz/secworks_sha256/full_batch_061.npz,873e1720da9171d524a34bcb83f93269db6380443318a461cb98cfd9a99bcf85,PASS
917,secworks_sha256,GENERALIZATION_CALIBRATION,62,3968,64,128,64,64,8192,128,results/circuitsage_hmac_v2_12c1/full_campaign_execution_12c1l/raw_batches/secworks_sha256/batch_062/full_batch_062.csv,cc873c921e3c145746b059b65e64fc0a060f1331bb2c6096c6bad86256b3510c,results/circuitsage_hmac_v2_12c1/full_campaign_execution_12c1l/per_batch_npz/secworks_sha256/full_batch_062.npz,2ebc0ac0faffe8b50ca138382c7256b39d84cb2e218aa4689fcdf5cb08c9e16b,PASS
918,secworks_sha256,GENERALIZATION_CALIBRATION,63,4032,64,128,64,64,8192,128,results/circuitsage_hmac_v2_12c1/full_campaign_execution_12c1l/raw_batches/secworks_sha256/batch_063/full_batch_063.csv,10c1630a2cce0fa56912cbba850460bef468553c48f36da91b25765fa3bbe82f,results/circuitsage_hmac_v2_12c1/full_campaign_execution_12c1l/per_batch_npz/secworks_sha256/full_batch_063.npz,c006298e91134b8c1119079f11b88833653d3ebc99512b98bd10877cb970c2d5,PASS
919,secworks_sha256,GENERALIZATION_CALIBRATION,64,4096,64,128,64,64,8192,128,results/circuitsage_hmac_v2_12c1/full_campaign_execution_12c1l/raw_batches/secworks_sha256/batch_064/full_batch_064.csv,cdc86a604885ed670b18c0074ea39af72a5225202e14264dbe5afd69314acbef,results/circuitsage_hmac_v2_12c1/full_campaign_execution_12c1l/per_batch_npz/secworks_sha256/full_batch_064.npz,dd60926f6e7a2dd25e520a872dae8053d90f9ee2c95e8871d5a083d84745389e,PASS
920,secworks_sha256,GENERALIZATION_CALIBRATION,65,4160,64,128,64,64,8192,128,results/circuitsage_hmac_v2_12c1/full_campaign_execution_12c1l/raw_batches/secworks_sha256/batch_065/full_batch_065.csv,a460861daa25bcd19c83ecca8f40ded75a6df28bcb83a36a9e62df2e456f359a,results/circuitsage_hmac_v2_12c1/full_campaign_execution_12c1l/per_batch_npz/secworks_sha256/full_batch_065.npz,0101cf165c33e6c76b1bdd16f28c745158e5f62a051e1a56e9abeebc9bb6db95,PASS
921,secworks_sha256,GENERALIZATION_CALIBRATION,66,4224,64,128,64,64,8192,128,results/circuitsage_hmac_v2_12c1/full_campaign_execution_12c1l/raw_batches/secworks_sha256/batch_066/full_batch_066.csv,9d9eb2a1f651f404dad1a55ae170642c3a82bf317a8182fe5aadff917facf945,results/circuitsage_hmac_v2_12c1/full_campaign_execution_12c1l/per_batch_npz/secworks_sha256/full_batch_066.npz,fe19b5f7681f23eb009889ea9a6f773658f5ce39c4c26f7d07ae8475e8acb55d,PASS
922,secworks_sha256,GENERALIZATION_CALIBRATION,67,4288,64,128,64,64,8192,128,results/circuitsage_hmac_v2_12c1/full_campaign_execution_12c1l/raw_batches/secworks_sha256/batch_067/full_batch_067.csv,b92f24c02032cdc0d3ba9a98344488d174a195cc21ecf243c0ac5cad95abf586,results/circuitsage_hmac_v2_12c1/full_campaign_execution_12c1l/per_batch_npz/secworks_sha256/full_batch_067.npz,e5eb4ff5f5d691366925532208d7b2226a58ed480e0cb4e0bf12b7565b46739a,PASS
923,secworks_sha256,GENERALIZATION_CALIBRATION,68,4352,64,128,64,64,8192,128,results/circuitsage_hmac_v2_12c1/full_campaign_execution_12c1l/raw_batches/secworks_sha256/batch_068/full_batch_068.csv,c3e88dc8f3cd71a1e379ce4919602495363718e4aa841bc28aa6852b306e54dc,results/circuitsage_hmac_v2_12c1/full_campaign_execution_12c1l/per_batch_npz/secworks_sha256/full_batch_068.npz,857f20363d675bec63b187bccfef43428ce8f0be7519201a3236329924b735ad,PASS
924,secworks_sha256,GENERALIZATION_CALIBRATION,69,4416,64,128,64,64,8192,128,results/circuitsage_hmac_v2_12c1/full_campaign_execution_12c1l/raw_batches/secworks_sha256/batch_069/full_batch_069.csv,79045dc977d88319ad96a9973ec8523816b9a78e33aaa2a318f8aac2f3e75fc7,results/circuitsage_hmac_v2_12c1/full_campaign_execution_12c1l/per_batch_npz/secworks_sha256/full_batch_069.npz,dac3745630fe83ff0bfa119a330947300502429e39c7bfe9b0abd0d81b55d7ee,PASS
925,secworks_sha256,GENERALIZATION_CALIBRATION,70,4480,64,128,64,64,8192,128,results/circuitsage_hmac_v2_12c1/full_campaign_execution_12c1l/raw_batches/secworks_sha256/batch_070/full_batch_070.csv,ed202dc38dbc2f938326d3340e206ee99e05e26c5197f727a96a46806a2894af,results/circuitsage_hmac_v2_12c1/full_campaign_execution_12c1l/per_batch_npz/secworks_sha256/full_batch_070.npz,08dd257cceabe0dfeecc82d8fe80a1c7405249a80d746fff914dd8bd32282c09,PASS
926,secworks_sha256,GENERALIZATION_CALIBRATION,71,4544,64,128,64,64,8192,128,results/circuitsage_hmac_v2_12c1/full_campaign_execution_12c1l/raw_batches/secworks_sha256/batch_071/full_batch_071.csv,11bda4c2cfca40312d951fba7955fd32c4e71b668f0f28c66c9112ecebd715d6,results/circuitsage_hmac_v2_12c1/full_campaign_execution_12c1l/per_batch_npz/secworks_sha256/full_batch_071.npz,814cb1526854f317970ed84eb0ff8c236dcbc0acf7bb5d28474c985124ed85e9,PASS
927,secworks_sha256,GENERALIZATION_CALIBRATION,72,4608,64,128,64,64,8192,124,results/circuitsage_hmac_v2_12c1/full_campaign_execution_12c1l/raw_batches/secworks_sha256/batch_072/full_batch_072.csv,0ccb658903db026a1bda003c542426f5844cd248c976c84a028417840f24424a,results/circuitsage_hmac_v2_12c1/full_campaign_execution_12c1l/per_batch_npz/secworks_sha256/full_batch_072.npz,694d031970d340b0045505e7d641323abf16acb60aa92caf503b0a807e23754b,PASS
928,secworks_sha256,GENERALIZATION_CALIBRATION,73,4672,64,128,64,64,8192,128,results/circuitsage_hmac_v2_12c1/full_campaign_execution_12c1l/raw_batches/secworks_sha256/batch_073/full_batch_073.csv,ca101e8f6cc3f84bb60324fc831e4e57b1a0dbef8a53cec1f4b88a9bf25e9831,results/circuitsage_hmac_v2_12c1/full_campaign_execution_12c1l/per_batch_npz/secworks_sha256/full_batch_073.npz,25f0fb7babdce5ed1f14666b8e17fce29a559650bdb6647f9d5a7fd6d8a422a3,PASS
929,secworks_sha256,GENERALIZATION_CALIBRATION,74,4736,64,128,64,64,8192,128,results/circuitsage_hmac_v2_12c1/full_campaign_execution_12c1l/raw_batches/secworks_sha256/batch_074/full_batch_074.csv,d89fe6829ec902a6b055db932711f9d083d9673084db47a1e9edd70a470b12ca,results/circuitsage_hmac_v2_12c1/full_campaign_execution_12c1l/per_batch_npz/secworks_sha256/full_batch_074.npz,b510fa9f4e67bc55972f72755ca6047525866e35760a1181744675f0200b3b98,PASS
930,secworks_sha256,GENERALIZATION_CALIBRATION,75,4800,64,128,64,64,8192,128,results/circuitsage_hmac_v2_12c1/full_campaign_execution_12c1l/raw_batches/secworks_sha256/batch_075/full_batch_075.csv,9f305ab164853407475a8832e9fadd44754ee58607b91e0ba75b900b79c75cc7,results/circuitsage_hmac_v2_12c1/full_campaign_execution_12c1l/per_batch_npz/secworks_sha256/full_batch_075.npz,0735b3c05a28ac9c9fc922ad719af665351be777b74804a1014316275596ff32,PASS
931,secworks_sha256,GENERALIZATION_CALIBRATION,76,4864,64,128,64,64,8192,124,results/circuitsage_hmac_v2_12c1/full_campaign_execution_12c1l/raw_batches/secworks_sha256/batch_076/full_batch_076.csv,5e3af19dc1d157af119c2a912464895bdd80119d27983a1c67be61c119294466,results/circuitsage_hmac_v2_12c1/full_campaign_execution_12c1l/per_batch_npz/secworks_sha256/full_batch_076.npz,4821fdd64ed676471948f87bffe701298776d1c5d8213f78298ae167d0fd9ddc,PASS
932,secworks_sha256,GENERALIZATION_CALIBRATION,77,4928,64,128,64,64,8192,128,results/circuitsage_hmac_v2_12c1/full_campaign_execution_12c1l/raw_batches/secworks_sha256/batch_077/full_batch_077.csv,f6093f5f81b53f7f0fe21e03d8cc4ea217399d0a9203e430bde5d292dd1de2c6,results/circuitsage_hmac_v2_12c1/full_campaign_execution_12c1l/per_batch_npz/secworks_sha256/full_batch_077.npz,a1f0ad6297a1f7533e30a08e8366e41fe094ca0d5d041eb41ab80b0a1ba2797a,PASS
933,secworks_sha256,GENERALIZATION_CALIBRATION,78,4992,64,128,64,64,8192,128,results/circuitsage_hmac_v2_12c1/full_campaign_execution_12c1l/raw_batches/secworks_sha256/batch_078/full_batch_078.csv,abb947db4a107eb5e60c07dc655c11980e88aa220b503e6d06e66738a21ded25,results/circuitsage_hmac_v2_12c1/full_campaign_execution_12c1l/per_batch_npz/secworks_sha256/full_batch_078.npz,e52a5780e0b48dd227afb0d51f02b56824326d44a458e7957d12593da9e0b515,PASS
934,secworks_sha256,GENERALIZATION_CALIBRATION,79,5056,64,128,64,64,8192,128,results/circuitsage_hmac_v2_12c1/full_campaign_execution_12c1l/raw_batches/secworks_sha256/batch_079/full_batch_079.csv,a97ffe9266f82d583f965d8273c5b56be8fdcc7170b1e02a429a3bee8ef05814,results/circuitsage_hmac_v2_12c1/full_campaign_execution_12c1l/per_batch_npz/secworks_sha256/full_batch_079.npz,79ec555fd124c97d5437814be3e31dae3e98a5e9178d2b0bc9e22223126aa5bf,PASS
935,secworks_sha256,GENERALIZATION_CALIBRATION,80,5120,64,128,64,64,8192,128,results/circuitsage_hmac_v2_12c1/full_campaign_execution_12c1l/raw_batches/secworks_sha256/batch_080/full_batch_080.csv,7df0dca9d140f84cdaedefe699ece1832b3a792262564e006c3135cb82537ffb,results/circuitsage_hmac_v2_12c1/full_campaign_execution_12c1l/per_batch_npz/secworks_sha256/full_batch_080.npz,84e1bcb0af8e60401bba9dbf3ec7258e6badcfc5ec65d5a7f1577210d672a3b2,PASS
936,secworks_sha256,GENERALIZATION_CALIBRATION,81,5184,64,128,64,64,8192,128,results/circuitsage_hmac_v2_12c1/full_campaign_execution_12c1l/raw_batches/secworks_sha256/batch_081/full_batch_081.csv,5e501347fbc3c0b21762e4b7533ba457e2379ad2bced6a1f169445a3635f766b,results/circuitsage_hmac_v2_12c1/full_campaign_execution_12c1l/per_batch_npz/secworks_sha256/full_batch_081.npz,5bcedda42a2b8ba9835822a680ab321e8c3c60deaf865f53f5161579a26a613d,PASS
937,secworks_sha256,GENERALIZATION_CALIBRATION,82,5248,64,128,64,64,8192,128,results/circuitsage_hmac_v2_12c1/full_campaign_execution_12c1l/raw_batches/secworks_sha256/batch_082/full_batch_082.csv,88449085d835aefa95dd263ea69337c9c27b9101e52ad726818fa84b96b7c97a,results/circuitsage_hmac_v2_12c1/full_campaign_execution_12c1l/per_batch_npz/secworks_sha256/full_batch_082.npz,dc6f1efa0325d44018b7d131639ad2334e47c647b3e1fcf83a512c9f3c4f2bbb,PASS
938,secworks_sha256,GENERALIZATION_CALIBRATION,83,5312,64,128,64,64,8192,128,results/circuitsage_hmac_v2_12c1/full_campaign_execution_12c1l/raw_batches/secworks_sha256/batch_083/full_batch_083.csv,e5372ab9521221d9bf4027e8d561c1656117ab696c07a2fdbdd0a24b863e46a2,results/circuitsage_hmac_v2_12c1/full_campaign_execution_12c1l/per_batch_npz/secworks_sha256/full_batch_083.npz,0760bb9484b00ea335eee498c50bfd0a8c9dd8b00fdc42cb3d9757c556712a21,PASS
939,secworks_sha256,GENERALIZATION_CALIBRATION,84,5376,64,128,64,64,8192,128,results/circuitsage_hmac_v2_12c1/full_campaign_execution_12c1l/raw_batches/secworks_sha256/batch_084/full_batch_084.csv,b1f3ac1c6055ce1ea8037360ed2dbf1c19f7ef861db4f4ac8aa7be2f6b7f0e75,results/circuitsage_hmac_v2_12c1/full_campaign_execution_12c1l/per_batch_npz/secworks_sha256/full_batch_084.npz,950d584d97fe25f85367c447cf5583420970678948dd9e3a937f027c8d698f97,PASS
940,secworks_sha256,GENERALIZATION_CALIBRATION,85,5440,64,128,64,64,8192,128,results/circuitsage_hmac_v2_12c1/full_campaign_execution_12c1l/raw_batches/secworks_sha256/batch_085/full_batch_085.csv,6af3c23ba697bbb4509824353488593d35d273418f2061d6fe19268b2b3f92c0,results/circuitsage_hmac_v2_12c1/full_campaign_execution_12c1l/per_batch_npz/secworks_sha256/full_batch_085.npz,6244ee02fc7430c124d678155957fffd18eb5659ac03dc9ed7012aceb036e022,PASS
941,secworks_sha256,GENERALIZATION_CALIBRATION,86,5504,64,128,64,64,8192,107,results/circuitsage_hmac_v2_12c1/full_campaign_execution_12c1l/raw_batches/secworks_sha256/batch_086/full_batch_086.csv,2b1284f9935132b99472c430f3c9216a679eb6bdc4bcb74603cd32835f803ff3,results/circuitsage_hmac_v2_12c1/full_campaign_execution_12c1l/per_batch_npz/secworks_sha256/full_batch_086.npz,64dab83b59fdc4ad07ab022112c9ef0abcaa62cedc02627c831a3367d8a8daf9,PASS
942,secworks_sha256,GENERALIZATION_CALIBRATION,87,5568,64,128,64,64,8192,126,results/circuitsage_hmac_v2_12c1/full_campaign_execution_12c1l/raw_batches/secworks_sha256/batch_087/full_batch_087.csv,dbc1df87156f7ece5ae55f922f3e25d8b5d695fa967e6a20d14dfd6c0d8acf21,results/circuitsage_hmac_v2_12c1/full_campaign_execution_12c1l/per_batch_npz/secworks_sha256/full_batch_087.npz,4966e6f287e610a506fe691362aed4853b2ec160d024a45aa4febcd24cddbe38,PASS
943,secworks_sha256,GENERALIZATION_CALIBRATION,88,5632,64,128,64,64,8192,128,results/circuitsage_hmac_v2_12c1/full_campaign_execution_12c1l/raw_batches/secworks_sha256/batch_088/full_batch_088.csv,3156e5deeba3d63768a3a53a47e4e21237bede7fbee3941004068398b88f1036,results/circuitsage_hmac_v2_12c1/full_campaign_execution_12c1l/per_batch_npz/secworks_sha256/full_batch_088.npz,9e8107dbd2b9b3950b2e3aac553ffa43ea026eb40d574e1d41ede0066dd1b142,PASS
944,secworks_sha256,GENERALIZATION_CALIBRATION,89,5696,64,128,64,64,8192,128,results/circuitsage_hmac_v2_12c1/full_campaign_execution_12c1l/raw_batches/secworks_sha256/batch_089/full_batch_089.csv,3f19e5a543f6b0176fae089c52615891981e65dad1fdbb0cb5c784a0c99b68fc,results/circuitsage_hmac_v2_12c1/full_campaign_execution_12c1l/per_batch_npz/secworks_sha256/full_batch_089.npz,d56fce1321f13b7e8d43c051b019df8dd53d8f50bbac321e4f13cf36efae4c93,PASS
945,secworks_sha256,GENERALIZATION_CALIBRATION,90,5760,64,128,64,64,8192,128,results/circuitsage_hmac_v2_12c1/full_campaign_execution_12c1l/raw_batches/secworks_sha256/batch_090/full_batch_090.csv,3231b3149f8b1313f5b20807c3c5e67f523318077247ebfaf0ceb8e826a88b50,results/circuitsage_hmac_v2_12c1/full_campaign_execution_12c1l/per_batch_npz/secworks_sha256/full_batch_090.npz,ef70cdbf48ae0148e76a4c6513a591e62b3118051922ffe265f752d8633c7770,PASS
946,secworks_sha256,GENERALIZATION_CALIBRATION,91,5824,64,128,64,64,8192,128,results/circuitsage_hmac_v2_12c1/full_campaign_execution_12c1l/raw_batches/secworks_sha256/batch_091/full_batch_091.csv,7e31f359e2163128c64f0dff6a6f3358fc1134b0d9265685e8920f225b8c1441,results/circuitsage_hmac_v2_12c1/full_campaign_execution_12c1l/per_batch_npz/secworks_sha256/full_batch_091.npz,125653176493e69302fa5d2c09a11f0b7efd70820395119e3919cd5e7b31ea82,PASS
947,secworks_sha256,GENERALIZATION_CALIBRATION,92,5888,64,128,64,64,8192,128,results/circuitsage_hmac_v2_12c1/full_campaign_execution_12c1l/raw_batches/secworks_sha256/batch_092/full_batch_092.csv,c2dfd2568acb6d4d4d363c6a6d7b8eb5dcdeea0480347d14614f4ff0bcbd8f91,results/circuitsage_hmac_v2_12c1/full_campaign_execution_12c1l/per_batch_npz/secworks_sha256/full_batch_092.npz,199c2f928b23f7ccd30df8c1044f6d8398e093ef1324a308b5a2d8c788ee044b,PASS
948,secworks_sha256,GENERALIZATION_CALIBRATION,93,5952,64,128,64,64,8192,128,results/circuitsage_hmac_v2_12c1/full_campaign_execution_12c1l/raw_batches/secworks_sha256/batch_093/full_batch_093.csv,66d89b38e4a387899337ac80e968462cb50089a0f39b00ff23df6516942157ff,results/circuitsage_hmac_v2_12c1/full_campaign_execution_12c1l/per_batch_npz/secworks_sha256/full_batch_093.npz,7c8646bb7cdcb68594e15684b827d2ac5b0fca76cbe5da0d434eb7ba2430248b,PASS
949,secworks_sha256,GENERALIZATION_CALIBRATION,94,6016,64,128,64,64,8192,124,results/circuitsage_hmac_v2_12c1/full_campaign_execution_12c1l/raw_batches/secworks_sha256/batch_094/full_batch_094.csv,cb95cc4574f86206d5725013984c3b00c45a16eab0e030cb00f7edb9fd758ea2,results/circuitsage_hmac_v2_12c1/full_campaign_execution_12c1l/per_batch_npz/secworks_sha256/full_batch_094.npz,739fdd282e9a4c7c89eff2aed23533877e6d0fd9c5abca0e9354da3b79d57322,PASS
950,secworks_sha256,GENERALIZATION_CALIBRATION,95,6080,64,128,64,64,8192,127,results/circuitsage_hmac_v2_12c1/full_campaign_execution_12c1l/raw_batches/secworks_sha256/batch_095/full_batch_095.csv,0213897911d6b94c17329fa8ad4b8a15d06ee66cc917cdc7b5ffb18f06594b2e,results/circuitsage_hmac_v2_12c1/full_campaign_execution_12c1l/per_batch_npz/secworks_sha256/full_batch_095.npz,5fa0f41a53cdccb9ba9fb2420d5800a629c0c8a81ca6e1b6fbb9afac0b689901,PASS
951,secworks_sha256,GENERALIZATION_CALIBRATION,96,6144,64,128,64,64,8192,128,results/circuitsage_hmac_v2_12c1/full_campaign_execution_12c1l/raw_batches/secworks_sha256/batch_096/full_batch_096.csv,5ae6c41ca8676db9516b5229804d570875af19b456961b6f07efe812641b05b4,results/circuitsage_hmac_v2_12c1/full_campaign_execution_12c1l/per_batch_npz/secworks_sha256/full_batch_096.npz,4d9c0188ff06a8eef0b3ba58e3b1b2597942058509c0bbc119c361199f5a649d,PASS
952,secworks_sha256,GENERALIZATION_CALIBRATION,97,6208,64,128,64,64,8192,128,results/circuitsage_hmac_v2_12c1/full_campaign_execution_12c1l/raw_batches/secworks_sha256/batch_097/full_batch_097.csv,58f1458030f99e66db7577cba66f9957d2f7e4d67bf1a66417b5f56c2f4ca3f4,results/circuitsage_hmac_v2_12c1/full_campaign_execution_12c1l/per_batch_npz/secworks_sha256/full_batch_097.npz,f0138a48dd7412f3b0abc29cabf2248784b7142400b8125ef129a65508df5cee,PASS
953,secworks_sha256,GENERALIZATION_CALIBRATION,98,6272,64,128,64,64,8192,128,results/circuitsage_hmac_v2_12c1/full_campaign_execution_12c1l/raw_batches/secworks_sha256/batch_098/full_batch_098.csv,ba98c3366ddcbb3fbf79555a3c4a285edb0ce90a257c2ce73aa7ba80d0466b19,results/circuitsage_hmac_v2_12c1/full_campaign_execution_12c1l/per_batch_npz/secworks_sha256/full_batch_098.npz,c961131c1262428ab771649eeed7f141cae6e73921d4c1e7382b977fcab898ec,PASS
954,secworks_sha256,GENERALIZATION_CALIBRATION,99,6336,64,128,64,64,8192,65,results/circuitsage_hmac_v2_12c1/full_campaign_execution_12c1l/raw_batches/secworks_sha256/batch_099/full_batch_099.csv,21b760ec5605dbdfe8fb36e041b0ac27abd478c107cfef160800a87306d2ed20,results/circuitsage_hmac_v2_12c1/full_campaign_execution_12c1l/per_batch_npz/secworks_sha256/full_batch_099.npz,9134402de0bd8fc25204f6cbc0bbc6a5d3e2272ebe78ee178ef73c39c0034794,PASS
955,secworks_sha256,GENERALIZATION_CALIBRATION,100,6400,64,128,64,64,8192,64,results/circuitsage_hmac_v2_12c1/full_campaign_execution_12c1l/raw_batches/secworks_sha256/batch_100/full_batch_100.csv,b71c75fbf5658da62857f7cd7965679ed8484b2df51946f543db6de15747ca4f,results/circuitsage_hmac_v2_12c1/full_campaign_execution_12c1l/per_batch_npz/secworks_sha256/full_batch_100.npz,dabbe38b0a4e910469d7ee1ed56369a2e4bc1a571cbce98e44336d0459b9c32a,PASS
956,secworks_sha256,GENERALIZATION_CALIBRATION,101,6464,64,128,64,64,8192,64,results/circuitsage_hmac_v2_12c1/full_campaign_execution_12c1l/raw_batches/secworks_sha256/batch_101/full_batch_101.csv,975a52f90c3239d7b7f06c519f4c7996ea5c33746d32c7654852c324020f4d9e,results/circuitsage_hmac_v2_12c1/full_campaign_execution_12c1l/per_batch_npz/secworks_sha256/full_batch_101.npz,19facde0bd127101a4ae039476210b72b7d14368c01534dbb5550b2adfd839e9,PASS
957,secworks_sha256,GENERALIZATION_CALIBRATION,102,6528,64,128,64,64,8192,64,results/circuitsage_hmac_v2_12c1/full_campaign_execution_12c1l/raw_batches/secworks_sha256/batch_102/full_batch_102.csv,3a7079945c19b0a0a546500feedc246b71bc7d9c9f77c82f8c249079f8611593,results/circuitsage_hmac_v2_12c1/full_campaign_execution_12c1l/per_batch_npz/secworks_sha256/full_batch_102.npz,355dae821eb967f5189fa143703cb44dca0c348a66e22c9089a25c4eab0f9479,PASS
958,secworks_sha256,GENERALIZATION_CALIBRATION,103,6592,64,128,64,64,8192,64,results/circuitsage_hmac_v2_12c1/full_campaign_execution_12c1l/raw_batches/secworks_sha256/batch_103/full_batch_103.csv,e83d125b8b77e34137316dfefbc645d37594a6130a7dcc93d084646e794918ff,results/circuitsage_hmac_v2_12c1/full_campaign_execution_12c1l/per_batch_npz/secworks_sha256/full_batch_103.npz,5a1cb55dc3c46909871adf68e26633094ca3d27062b21ac037dd55c1552cf409,PASS
959,secworks_sha256,GENERALIZATION_CALIBRATION,104,6656,64,128,64,64,8192,64,results/circuitsage_hmac_v2_12c1/full_campaign_execution_12c1l/raw_batches/secworks_sha256/batch_104/full_batch_104.csv,e0d5574e60c1db9dcc80d46c3f700975623d1ff688b11b0c6dd655fd63f8ed03,results/circuitsage_hmac_v2_12c1/full_campaign_execution_12c1l/per_batch_npz/secworks_sha256/full_batch_104.npz,522dc6f49657bfd48c0f45db5ca9cc8f6183f00139fc22184164e612969099fe,PASS
960,secworks_sha256,GENERALIZATION_CALIBRATION,105,6720,64,128,64,64,8192,64,results/circuitsage_hmac_v2_12c1/full_campaign_execution_12c1l/raw_batches/secworks_sha256/batch_105/full_batch_105.csv,33194c38d8311204d55f601b9a871e0fbf12c2f8f00e67a14ef4fed4a720c720,results/circuitsage_hmac_v2_12c1/full_campaign_execution_12c1l/per_batch_npz/secworks_sha256/full_batch_105.npz,29253418756b7e8b1edc7e48f9fdd6640e031518798de35e4281f89ed0796571,PASS
961,secworks_sha256,GENERALIZATION_CALIBRATION,106,6784,64,128,64,64,8192,64,results/circuitsage_hmac_v2_12c1/full_campaign_execution_12c1l/raw_batches/secworks_sha256/batch_106/full_batch_106.csv,eb3e1f3e25d1a97c767139f76e5dff036dfe24fe634e8f277eef368deb21a833,results/circuitsage_hmac_v2_12c1/full_campaign_execution_12c1l/per_batch_npz/secworks_sha256/full_batch_106.npz,63901b3f3406f2f7a93cb37a72ac36120069fc86d8ea9426d3614231dc0da3f2,PASS
962,secworks_sha256,GENERALIZATION_CALIBRATION,107,6848,64,128,64,64,8192,127,results/circuitsage_hmac_v2_12c1/full_campaign_execution_12c1l/raw_batches/secworks_sha256/batch_107/full_batch_107.csv,2b44512dc8bec9ae7a56f028ebc4edc3f74b6cba0c3bacfcf2056604a01899dc,results/circuitsage_hmac_v2_12c1/full_campaign_execution_12c1l/per_batch_npz/secworks_sha256/full_batch_107.npz,1798f46d3f20c7e33b2e60dc328de81f356b8a4eb364913bc2dd9d19c2dbfb9e,PASS
963,secworks_sha256,GENERALIZATION_CALIBRATION,108,6912,64,128,64,64,8192,128,results/circuitsage_hmac_v2_12c1/full_campaign_execution_12c1l/raw_batches/secworks_sha256/batch_108/full_batch_108.csv,17490398e9720efc8afcbe8c38400307bf4391f1bc870bc31f60b9369289aab1,results/circuitsage_hmac_v2_12c1/full_campaign_execution_12c1l/per_batch_npz/secworks_sha256/full_batch_108.npz,067900d75bf525c5f6cb29243d2f2142ceca2b09be1169a6f902640e49bc817c,PASS
964,secworks_sha256,GENERALIZATION_CALIBRATION,109,6976,64,128,64,64,8192,128,results/circuitsage_hmac_v2_12c1/full_campaign_execution_12c1l/raw_batches/secworks_sha256/batch_109/full_batch_109.csv,251b57544fc84dc9d143f65f4f4054f86c3728b209a86c5613e83a232d0af771,results/circuitsage_hmac_v2_12c1/full_campaign_execution_12c1l/per_batch_npz/secworks_sha256/full_batch_109.npz,e16fe6711b64c916e56c68528404565fc7efa19ef97977beeb65d9aba0cb46cf,PASS
965,secworks_sha256,GENERALIZATION_CALIBRATION,110,7040,64,128,64,64,8192,128,results/circuitsage_hmac_v2_12c1/full_campaign_execution_12c1l/raw_batches/secworks_sha256/batch_110/full_batch_110.csv,1ef950e61fe8c56c4a912170547b8531cc171468368bafb2fe3133aad3af009d,results/circuitsage_hmac_v2_12c1/full_campaign_execution_12c1l/per_batch_npz/secworks_sha256/full_batch_110.npz,18194cb6c53147697ded12ab6d3fc0f4ab7db7bdbf0b9ba06a96c849cfb0f5c1,PASS
966,secworks_sha256,GENERALIZATION_CALIBRATION,111,7104,64,128,64,64,8192,125,results/circuitsage_hmac_v2_12c1/full_campaign_execution_12c1l/raw_batches/secworks_sha256/batch_111/full_batch_111.csv,0e72330ee02e206111492d23c6eb170f384c413f7685459a784a7386deb5b3ca,results/circuitsage_hmac_v2_12c1/full_campaign_execution_12c1l/per_batch_npz/secworks_sha256/full_batch_111.npz,01a5887e76d80f5646419159b76b8a71d3dcf69acfe9a9d852f1aa49aa0ef559,PASS
967,secworks_sha256,GENERALIZATION_CALIBRATION,112,7168,64,128,64,64,8192,128,results/circuitsage_hmac_v2_12c1/full_campaign_execution_12c1l/raw_batches/secworks_sha256/batch_112/full_batch_112.csv,7bbd89725d2472976b0e0bd62fa7d5c74e21ca85ac4926a21a88fc3ab8707153,results/circuitsage_hmac_v2_12c1/full_campaign_execution_12c1l/per_batch_npz/secworks_sha256/full_batch_112.npz,fb229717a5145207d8d0827e2d5eee7956aaf12dce19f32a7db217fbbaf079ef,PASS
968,secworks_sha256,GENERALIZATION_CALIBRATION,113,7232,64,128,64,64,8192,128,results/circuitsage_hmac_v2_12c1/full_campaign_execution_12c1l/raw_batches/secworks_sha256/batch_113/full_batch_113.csv,4335e7cd15f79aba7ab298d84d6ac9ee096fa4e9a4c62bc8606481860b9037a0,results/circuitsage_hmac_v2_12c1/full_campaign_execution_12c1l/per_batch_npz/secworks_sha256/full_batch_113.npz,8cc6c7bc9bb271222fdb4ac4e7a62a1efd0674cad2a4b672bebcefc8f65bf57c,PASS
969,secworks_sha256,GENERALIZATION_CALIBRATION,114,7296,64,128,64,64,8192,128,results/circuitsage_hmac_v2_12c1/full_campaign_execution_12c1l/raw_batches/secworks_sha256/batch_114/full_batch_114.csv,31fd24e48b5fec40228d90a2093cc01847f77d80427b00bd3b2c72f214b523dd,results/circuitsage_hmac_v2_12c1/full_campaign_execution_12c1l/per_batch_npz/secworks_sha256/full_batch_114.npz,d086ce48a3e0373241049475f8cf4bb24773d48b86f18f41530669724cf4dbcb,PASS
970,secworks_sha256,GENERALIZATION_CALIBRATION,115,7360,64,128,64,64,8192,128,results/circuitsage_hmac_v2_12c1/full_campaign_execution_12c1l/raw_batches/secworks_sha256/batch_115/full_batch_115.csv,a92892909bd320db64253aba27688eb1ae10eca21309565ff23e9ce047dcc376,results/circuitsage_hmac_v2_12c1/full_campaign_execution_12c1l/per_batch_npz/secworks_sha256/full_batch_115.npz,ae840339298d81d8a254b00f89d0b20b78881465c9c1e8251b1d33b8bdf401e0,PASS
971,secworks_sha256,GENERALIZATION_CALIBRATION,116,7424,64,128,64,64,8192,128,results/circuitsage_hmac_v2_12c1/full_campaign_execution_12c1l/raw_batches/secworks_sha256/batch_116/full_batch_116.csv,71081a186a49a0944eee1e2fce03a748cbbe8057c7ecabbac83b98b38ba311b4,results/circuitsage_hmac_v2_12c1/full_campaign_execution_12c1l/per_batch_npz/secworks_sha256/full_batch_116.npz,9651b59f5197845d1fcf06ab751a662e3774edec5037c67192b806c6def8c652,PASS
972,secworks_sha256,GENERALIZATION_CALIBRATION,117,7488,64,128,64,64,8192,128,results/circuitsage_hmac_v2_12c1/full_campaign_execution_12c1l/raw_batches/secworks_sha256/batch_117/full_batch_117.csv,2c5417c854249926b0093fd1351b0d7c7e48898be8f799db78be9a06b53e4676,results/circuitsage_hmac_v2_12c1/full_campaign_execution_12c1l/per_batch_npz/secworks_sha256/full_batch_117.npz,becf1fdb8dfe60564b266518459c7532a441b948b85f6505c1689240ec0b62d5,PASS
973,secworks_sha256,GENERALIZATION_CALIBRATION,118,7552,64,128,64,64,8192,128,results/circuitsage_hmac_v2_12c1/full_campaign_execution_12c1l/raw_batches/secworks_sha256/batch_118/full_batch_118.csv,4f15e565ef6c1b32016fbbc1c00690d9d4659e2b72a3ced5b6837ae913322463,results/circuitsage_hmac_v2_12c1/full_campaign_execution_12c1l/per_batch_npz/secworks_sha256/full_batch_118.npz,d7e269f6ccc715aba7bd1cdd22f3c470fa11ec8127557a876478b3ec50adf187,PASS
974,secworks_sha256,GENERALIZATION_CALIBRATION,119,7616,64,128,64,64,8192,128,results/circuitsage_hmac_v2_12c1/full_campaign_execution_12c1l/raw_batches/secworks_sha256/batch_119/full_batch_119.csv,223c473b2b7923547145fa95207400ea5cc8a48e9bfba00420889f1763fb70d5,results/circuitsage_hmac_v2_12c1/full_campaign_execution_12c1l/per_batch_npz/secworks_sha256/full_batch_119.npz,aa8ad15ad904be7a2e789db2a8f0418d4d9418dba310f7d96873b6f026fdaa18,PASS
975,secworks_sha256,GENERALIZATION_CALIBRATION,120,7680,64,128,64,64,8192,128,results/circuitsage_hmac_v2_12c1/full_campaign_execution_12c1l/raw_batches/secworks_sha256/batch_120/full_batch_120.csv,93887ed71ef3315a466fd1165541bac0c0d46008138ed5edc1204e2f83cdafe7,results/circuitsage_hmac_v2_12c1/full_campaign_execution_12c1l/per_batch_npz/secworks_sha256/full_batch_120.npz,1ff639b5e5cc25efea17d3eb025e8050174c54f34c985922b646c5163c5953c7,PASS
976,secworks_sha256,GENERALIZATION_CALIBRATION,121,7744,64,128,64,64,8192,128,results/circuitsage_hmac_v2_12c1/full_campaign_execution_12c1l/raw_batches/secworks_sha256/batch_121/full_batch_121.csv,1c758746d783a0f30ac27b5fb5c89f84aa03aea986961ed88d31f60b8985e8e9,results/circuitsage_hmac_v2_12c1/full_campaign_execution_12c1l/per_batch_npz/secworks_sha256/full_batch_121.npz,bf3a68bb7ec17c5b396e2acae047057a70a1f51eac0b87459a15a45d53b38238,PASS
977,secworks_sha256,GENERALIZATION_CALIBRATION,122,7808,64,128,64,64,8192,128,results/circuitsage_hmac_v2_12c1/full_campaign_execution_12c1l/raw_batches/secworks_sha256/batch_122/full_batch_122.csv,a965cd5af1c67a16a6dcc041c30ad16a345127e66848d227be4f3d601980fe3f,results/circuitsage_hmac_v2_12c1/full_campaign_execution_12c1l/per_batch_npz/secworks_sha256/full_batch_122.npz,765cc7c0a9d29ead00aa664aa24e4d9c146675c301511ed68b9fb41b7207ed18,PASS
978,secworks_sha256,GENERALIZATION_CALIBRATION,123,7872,64,128,64,64,8192,128,results/circuitsage_hmac_v2_12c1/full_campaign_execution_12c1l/raw_batches/secworks_sha256/batch_123/full_batch_123.csv,4b4d706524884225079e851eff6582f90e1593e424bc81eb7fc3dbdbc5956845,results/circuitsage_hmac_v2_12c1/full_campaign_execution_12c1l/per_batch_npz/secworks_sha256/full_batch_123.npz,780b40cb65cd59569c22b12c02ef68cabcec2323d27301ed4e59646f18737685,PASS
979,secworks_sha256,GENERALIZATION_CALIBRATION,124,7936,64,128,64,64,8192,128,results/circuitsage_hmac_v2_12c1/full_campaign_execution_12c1l/raw_batches/secworks_sha256/batch_124/full_batch_124.csv,582802488a3d34e0e21c79a77b7e0861f9df9bc9ee6d785a9950debe31ffa304,results/circuitsage_hmac_v2_12c1/full_campaign_execution_12c1l/per_batch_npz/secworks_sha256/full_batch_124.npz,2632cfa107d5901f84237c23c6dd02aa1b41db7935e03f9eb79c3dca66a219f7,PASS
980,secworks_sha256,GENERALIZATION_CALIBRATION,125,8000,64,128,64,64,8192,128,results/circuitsage_hmac_v2_12c1/full_campaign_execution_12c1l/raw_batches/secworks_sha256/batch_125/full_batch_125.csv,e03686fdc4f41e1bdca144959e8fa97dedf3813b36a31f0f42d574e39cdf5449,results/circuitsage_hmac_v2_12c1/full_campaign_execution_12c1l/per_batch_npz/secworks_sha256/full_batch_125.npz,341aaa95ed31c8603ea42a8800a76074ee10dbe9639b84936abb4027ea9df0a9,PASS
981,secworks_sha256,GENERALIZATION_CALIBRATION,126,8064,64,128,64,64,8192,128,results/circuitsage_hmac_v2_12c1/full_campaign_execution_12c1l/raw_batches/secworks_sha256/batch_126/full_batch_126.csv,7979474794fed0459347181a6239b03470068b11ee92e097b5b8c386a21d7450,results/circuitsage_hmac_v2_12c1/full_campaign_execution_12c1l/per_batch_npz/secworks_sha256/full_batch_126.npz,a42e18e9c7daef53576c8c3c6b078d44291eaea2622888996350ad942c742d2e,PASS
982,secworks_sha256,GENERALIZATION_CALIBRATION,127,8128,64,128,64,64,8192,128,results/circuitsage_hmac_v2_12c1/full_campaign_execution_12c1l/raw_batches/secworks_sha256/batch_127/full_batch_127.csv,ce4246a4fde9a54af33f46c54f0ec5c4647ec609953205083906dd325be77636,results/circuitsage_hmac_v2_12c1/full_campaign_execution_12c1l/per_batch_npz/secworks_sha256/full_batch_127.npz,4f308b6c52e0449e393347ea32f40b01849e931c229b0f63f003eb5eb8e30702,PASS
983,secworks_sha256,GENERALIZATION_CALIBRATION,128,8192,64,128,64,64,8192,128,results/circuitsage_hmac_v2_12c1/full_campaign_execution_12c1l/raw_batches/secworks_sha256/batch_128/full_batch_128.csv,63bd7832a15d75d7a259085e6d747a74f334befceaf78bfadb55f389949db1eb,results/circuitsage_hmac_v2_12c1/full_campaign_execution_12c1l/per_batch_npz/secworks_sha256/full_batch_128.npz,26948ea26678181e42547faa054a6fc70580e23f478a28a28c9bde0403be288c,PASS
984,secworks_sha256,GENERALIZATION_CALIBRATION,129,8256,64,128,64,64,8192,128,results/circuitsage_hmac_v2_12c1/full_campaign_execution_12c1l/raw_batches/secworks_sha256/batch_129/full_batch_129.csv,617ace8ea4be46d4ce189508c263dccbf33a373d1472e234f95911c47a8a9173,results/circuitsage_hmac_v2_12c1/full_campaign_execution_12c1l/per_batch_npz/secworks_sha256/full_batch_129.npz,33f62e00cd88ebf7bf1d6735e8ea1e4543d9034fd397226c7fd0cf87bc9bac59,PASS
985,secworks_sha256,GENERALIZATION_CALIBRATION,130,8320,64,128,64,64,8192,128,results/circuitsage_hmac_v2_12c1/full_campaign_execution_12c1l/raw_batches/secworks_sha256/batch_130/full_batch_130.csv,b3d1d6e53ccd29e5682eca9348b424708c985d75fc4875f6cd257f9a615e1ced,results/circuitsage_hmac_v2_12c1/full_campaign_execution_12c1l/per_batch_npz/secworks_sha256/full_batch_130.npz,6455985255a5bb06d70c4068eedaabbed612c01aeb6160988c4874b9c704d2fc,PASS
986,secworks_sha256,GENERALIZATION_CALIBRATION,131,8384,64,128,64,64,8192,128,results/circuitsage_hmac_v2_12c1/full_campaign_execution_12c1l/raw_batches/secworks_sha256/batch_131/full_batch_131.csv,159dbd9bb1075df20f8fd0f44e9e1a73031ba19488a95e19ff0a9f48725231ce,results/circuitsage_hmac_v2_12c1/full_campaign_execution_12c1l/per_batch_npz/secworks_sha256/full_batch_131.npz,62b609cea2b430560615c61dc5862268f726ce79d3b03a3f9bf0eaa544995c28,PASS
987,secworks_sha256,GENERALIZATION_CALIBRATION,132,8448,64,128,64,64,8192,128,results/circuitsage_hmac_v2_12c1/full_campaign_execution_12c1l/raw_batches/secworks_sha256/batch_132/full_batch_132.csv,127e79c27d7dc4839324b0f21059e0b8e2954849884d9f11b3c25d00e86ffc3d,results/circuitsage_hmac_v2_12c1/full_campaign_execution_12c1l/per_batch_npz/secworks_sha256/full_batch_132.npz,d0907ca542181c45b59eafbff0f154d8ec08b0acf06bc6dcb2290d007afe6f89,PASS
988,secworks_sha256,GENERALIZATION_CALIBRATION,133,8512,64,128,64,64,8192,128,results/circuitsage_hmac_v2_12c1/full_campaign_execution_12c1l/raw_batches/secworks_sha256/batch_133/full_batch_133.csv,cd18b3a91233cd0451f7fbf5f94238faf64d5b1c5467a40c2422a31486512ed0,results/circuitsage_hmac_v2_12c1/full_campaign_execution_12c1l/per_batch_npz/secworks_sha256/full_batch_133.npz,5d07c58b71947f1c73b12d174693801ec7fce6cfd651d941a668e2676b3d2e7d,PASS
989,secworks_sha256,GENERALIZATION_CALIBRATION,134,8576,64,128,64,64,8192,128,results/circuitsage_hmac_v2_12c1/full_campaign_execution_12c1l/raw_batches/secworks_sha256/batch_134/full_batch_134.csv,1f0d6257ffe3e5a6598b9d9504bff4fa3b4bdb11cee07360b98c33a8a0c0ec9a,results/circuitsage_hmac_v2_12c1/full_campaign_execution_12c1l/per_batch_npz/secworks_sha256/full_batch_134.npz,c66c674ce192b9e52f7811ea07a2769b6984fff7286f13cd5dcbf3b4e8f36ce0,PASS
990,secworks_sha256,GENERALIZATION_CALIBRATION,135,8640,64,128,64,64,8192,128,results/circuitsage_hmac_v2_12c1/full_campaign_execution_12c1l/raw_batches/secworks_sha256/batch_135/full_batch_135.csv,a650b4b285455762524086aeca81d8b4643dd1a0bbce2a8516bf7a115f9e6d8a,results/circuitsage_hmac_v2_12c1/full_campaign_execution_12c1l/per_batch_npz/secworks_sha256/full_batch_135.npz,c4bef69fe33bb6c2423096aefec6a4c224a529891a3700c5991ea7f0a44a4413,PASS
991,secworks_sha256,GENERALIZATION_CALIBRATION,136,8704,64,128,64,64,8192,128,results/circuitsage_hmac_v2_12c1/full_campaign_execution_12c1l/raw_batches/secworks_sha256/batch_136/full_batch_136.csv,f651269a4524626ff2f266014f0041beba1bf139442f60752b5436af7567594b,results/circuitsage_hmac_v2_12c1/full_campaign_execution_12c1l/per_batch_npz/secworks_sha256/full_batch_136.npz,e6693dfde82ddc2ef9b2b249253b2e00812f9aceea86820676abfb6c35f154c2,PASS
992,secworks_sha256,GENERALIZATION_CALIBRATION,137,8768,64,128,64,64,8192,128,results/circuitsage_hmac_v2_12c1/full_campaign_execution_12c1l/raw_batches/secworks_sha256/batch_137/full_batch_137.csv,439a39ff6a371ef5d2d86331444479b1d6ceaad3ea22134f230275dd6f991160,results/circuitsage_hmac_v2_12c1/full_campaign_execution_12c1l/per_batch_npz/secworks_sha256/full_batch_137.npz,e9e0511feba69a72213d7e0f7453c302a5159684b6ee1122076b3cab054d3e6a,PASS
993,secworks_sha256,GENERALIZATION_CALIBRATION,138,8832,64,128,64,64,8192,128,results/circuitsage_hmac_v2_12c1/full_campaign_execution_12c1l/raw_batches/secworks_sha256/batch_138/full_batch_138.csv,be620460df6ac92769f07c82e6ca27dd3e13c00145c7c3636f43151d96dfd4e6,results/circuitsage_hmac_v2_12c1/full_campaign_execution_12c1l/per_batch_npz/secworks_sha256/full_batch_138.npz,35a40263dbcde943f5589532a3d6cddf966d5d7ebf5735598432804c3e436a10,PASS
994,secworks_sha256,GENERALIZATION_CALIBRATION,139,8896,64,128,64,64,8192,128,results/circuitsage_hmac_v2_12c1/full_campaign_execution_12c1l/raw_batches/secworks_sha256/batch_139/full_batch_139.csv,9e726a0ff8bfa624ed2641786507144c20c5bd4bb331f9938035986d8a0e63c8,results/circuitsage_hmac_v2_12c1/full_campaign_execution_12c1l/per_batch_npz/secworks_sha256/full_batch_139.npz,31ea096ceb6bee0dad373b94ddb202c80ed1fdb459aee0bff949481e4b0b998b,PASS
995,secworks_sha256,GENERALIZATION_CALIBRATION,140,8960,64,128,64,64,8192,128,results/circuitsage_hmac_v2_12c1/full_campaign_execution_12c1l/raw_batches/secworks_sha256/batch_140/full_batch_140.csv,addf28b927db54cce7b1293681675eee9fdc225b3553460dc6197c48e001613e,results/circuitsage_hmac_v2_12c1/full_campaign_execution_12c1l/per_batch_npz/secworks_sha256/full_batch_140.npz,503ba53cf4ef412cc8f3eb337bc13209903d886c34006b3ccd3b25cfcc04193e,PASS
996,secworks_sha256,GENERALIZATION_CALIBRATION,141,9024,64,128,64,64,8192,128,results/circuitsage_hmac_v2_12c1/full_campaign_execution_12c1l/raw_batches/secworks_sha256/batch_141/full_batch_141.csv,28d6438e9f7730d96ca7536b11ea29fc645539365047696ed2b8c7e2f44f7bfa,results/circuitsage_hmac_v2_12c1/full_campaign_execution_12c1l/per_batch_npz/secworks_sha256/full_batch_141.npz,8a779bebfb21bc06ed54b2e0d66965edc37232d5897eaab25c3631b4f96d3836,PASS
997,secworks_sha256,GENERALIZATION_CALIBRATION,142,9088,37,74,64,64,4736,73,results/circuitsage_hmac_v2_12c1/full_campaign_execution_12c1l/raw_batches/secworks_sha256/batch_142/full_batch_142.csv,42b937b2069e4d5a95d671c0fcdbffee9b20210cee8022fb1a38369a6df49b6e,results/circuitsage_hmac_v2_12c1/full_campaign_execution_12c1l/per_batch_npz/secworks_sha256/full_batch_142.npz,86ea5052e852db3978309425f24cb715dace020b24b77c518fb0f6c24fde58bc,PASS
