candidate_id,replicate,combined_detection_recall
EM_TOPOLOGY_4X64_T24,0,0.5332031250
EM_TOPOLOGY_4X64_T24,1,0.5546875000
EM_TOPOLOGY_4X64_T24,2,0.4609375000
EM_TOPOLOGY_4X64_T24,3,0.4023437500
EM_TOPOLOGY_4X64_T24,4,0.4980468750
EM_TOPOLOGY_4X64_T24,5,0.4882812500
EM_TOPOLOGY_4X64_T24,6,0.4609375000
EM_TOPOLOGY_4X64_T24,7,0.5000000000
EM_TOPOLOGY_4X64_T24,8,0.5019531250
EM_TOPOLOGY_4X64_T24,9,0.4726562500
EM_TOPOLOGY_4X64_T24,10,0.5156250000
EM_TOPOLOGY_4X64_T24,11,0.5234375000
EM_TOPOLOGY_4X64_T24,12,0.4980468750
EM_TOPOLOGY_4X64_T24,13,0.5507812500
EM_TOPOLOGY_4X64_T24,14,0.5507812500
EM_TOPOLOGY_4X64_T24,15,0.5136718750
EM_TOPOLOGY_4X64_T24,16,0.4804687500
EM_TOPOLOGY_4X64_T24,17,0.4921875000
EM_TOPOLOGY_4X64_T24,18,0.5351562500
EM_TOPOLOGY_4X64_T24,19,0.4609375000
EM_TOPOLOGY_4X64_T24,20,0.5117187500
EM_TOPOLOGY_4X64_T24,21,0.5468750000
EM_TOPOLOGY_4X64_T24,22,0.5058593750
EM_TOPOLOGY_4X64_T24,23,0.5410156250
EM_TOPOLOGY_4X64_T24,24,0.5136718750
EM_TOPOLOGY_4X64_T24,25,0.5039062500
EM_TOPOLOGY_4X64_T24,26,0.4511718750
EM_TOPOLOGY_4X64_T24,27,0.4707031250
EM_TOPOLOGY_4X64_T24,28,0.4843750000
EM_TOPOLOGY_4X64_T24,29,0.4824218750
EM_TOPOLOGY_4X64_T24,30,0.5292968750
EM_TOPOLOGY_4X64_T24,31,0.5390625000
EM_TOPOLOGY_4X64_T24,32,0.5136718750
EM_TOPOLOGY_4X64_T24,33,0.4667968750
EM_TOPOLOGY_4X64_T24,34,0.5000000000
EM_TOPOLOGY_4X64_T24,35,0.5585937500
EM_TOPOLOGY_4X64_T24,36,0.4667968750
EM_TOPOLOGY_4X64_T24,37,0.4511718750
EM_TOPOLOGY_4X64_T24,38,0.4414062500
EM_TOPOLOGY_4X64_T24,39,0.5312500000
EM_TOPOLOGY_4X64_T24,40,0.5312500000
EM_TOPOLOGY_4X64_T24,41,0.4824218750
EM_TOPOLOGY_4X64_T24,42,0.4746093750
EM_TOPOLOGY_4X64_T24,43,0.4648437500
EM_TOPOLOGY_4X64_T24,44,0.4531250000
EM_TOPOLOGY_4X64_T24,45,0.5507812500
EM_TOPOLOGY_4X64_T24,46,0.4882812500
EM_TOPOLOGY_4X64_T24,47,0.5097656250
EM_TOPOLOGY_4X64_T24,48,0.4785156250
EM_TOPOLOGY_4X64_T24,49,0.4726562500
EM_TOPOLOGY_4X64_T24,50,0.5312500000
EM_TOPOLOGY_4X64_T24,51,0.5019531250
EM_TOPOLOGY_4X64_T24,52,0.4667968750
EM_TOPOLOGY_4X64_T24,53,0.4960937500
EM_TOPOLOGY_4X64_T24,54,0.5488281250
EM_TOPOLOGY_4X64_T24,55,0.5175781250
EM_TOPOLOGY_4X64_T24,56,0.5468750000
EM_TOPOLOGY_4X64_T24,57,0.4667968750
EM_TOPOLOGY_4X64_T24,58,0.4921875000
EM_TOPOLOGY_4X64_T24,59,0.5078125000
EM_TOPOLOGY_4X64_T24,60,0.4628906250
EM_TOPOLOGY_4X64_T24,61,0.4882812500
EM_TOPOLOGY_4X64_T24,62,0.5136718750
EM_TOPOLOGY_4X64_T24,63,0.4785156250
EM_TOPOLOGY_4X64_T24,64,0.4667968750
EM_TOPOLOGY_4X64_T24,65,0.5312500000
EM_TOPOLOGY_4X64_T24,66,0.4980468750
EM_TOPOLOGY_4X64_T24,67,0.4902343750
EM_TOPOLOGY_4X64_T24,68,0.5273437500
EM_TOPOLOGY_4X64_T24,69,0.5449218750
EM_TOPOLOGY_4X64_T24,70,0.4609375000
EM_TOPOLOGY_4X64_T24,71,0.5351562500
EM_TOPOLOGY_4X64_T24,72,0.5097656250
EM_TOPOLOGY_4X64_T24,73,0.4902343750
EM_TOPOLOGY_4X64_T24,74,0.4882812500
EM_TOPOLOGY_4X64_T24,75,0.5019531250
EM_TOPOLOGY_4X64_T24,76,0.4511718750
EM_TOPOLOGY_4X64_T24,77,0.4941406250
EM_TOPOLOGY_4X64_T24,78,0.4726562500
EM_TOPOLOGY_4X64_T24,79,0.5156250000
EM_TOPOLOGY_4X64_T24,80,0.4863281250
EM_TOPOLOGY_4X64_T24,81,0.4843750000
EM_TOPOLOGY_4X64_T24,82,0.5117187500
EM_TOPOLOGY_4X64_T24,83,0.4960937500
EM_TOPOLOGY_4X64_T24,84,0.4960937500
EM_TOPOLOGY_4X64_T24,85,0.5000000000
EM_TOPOLOGY_4X64_T24,86,0.5117187500
EM_TOPOLOGY_4X64_T24,87,0.4960937500
EM_TOPOLOGY_4X64_T24,88,0.5371093750
EM_TOPOLOGY_4X64_T24,89,0.5156250000
EM_TOPOLOGY_4X64_T24,90,0.5351562500
EM_TOPOLOGY_4X64_T24,91,0.5468750000
EM_TOPOLOGY_4X64_T24,92,0.4531250000
EM_TOPOLOGY_4X64_T24,93,0.4902343750
EM_TOPOLOGY_4X64_T24,94,0.5253906250
EM_TOPOLOGY_4X64_T24,95,0.4843750000
EM_TOPOLOGY_4X64_T24,96,0.4492187500
EM_TOPOLOGY_4X64_T24,97,0.5019531250
EM_TOPOLOGY_4X64_T24,98,0.4960937500
EM_TOPOLOGY_4X64_T24,99,0.4589843750
EM_TOPOLOGY_4X64_T24,100,0.4785156250
EM_TOPOLOGY_4X64_T24,101,0.5605468750
EM_TOPOLOGY_4X64_T24,102,0.4609375000
EM_TOPOLOGY_4X64_T24,103,0.4472656250
EM_TOPOLOGY_4X64_T24,104,0.5410156250
EM_TOPOLOGY_4X64_T24,105,0.5156250000
EM_TOPOLOGY_4X64_T24,106,0.4960937500
EM_TOPOLOGY_4X64_T24,107,0.4765625000
EM_TOPOLOGY_4X64_T24,108,0.5546875000
EM_TOPOLOGY_4X64_T24,109,0.5156250000
EM_TOPOLOGY_4X64_T24,110,0.4687500000
EM_TOPOLOGY_4X64_T24,111,0.4726562500
EM_TOPOLOGY_4X64_T24,112,0.4960937500
EM_TOPOLOGY_4X64_T24,113,0.5175781250
EM_TOPOLOGY_4X64_T24,114,0.5175781250
EM_TOPOLOGY_4X64_T24,115,0.5234375000
EM_TOPOLOGY_4X64_T24,116,0.4960937500
EM_TOPOLOGY_4X64_T24,117,0.5292968750
EM_TOPOLOGY_4X64_T24,118,0.5351562500
EM_TOPOLOGY_4X64_T24,119,0.5273437500
EM_TOPOLOGY_4X64_T24,120,0.4453125000
EM_TOPOLOGY_4X64_T24,121,0.4882812500
EM_TOPOLOGY_4X64_T24,122,0.4648437500
EM_TOPOLOGY_4X64_T24,123,0.4921875000
EM_TOPOLOGY_4X64_T24,124,0.5058593750
EM_TOPOLOGY_4X64_T24,125,0.4609375000
EM_TOPOLOGY_4X64_T24,126,0.5039062500
EM_TOPOLOGY_4X64_T24,127,0.5078125000
EM_TOPOLOGY_4X64_T24,128,0.5703125000
EM_TOPOLOGY_4X64_T24,129,0.5000000000
EM_TOPOLOGY_4X64_T24,130,0.5136718750
EM_TOPOLOGY_4X64_T24,131,0.4785156250
EM_TOPOLOGY_4X64_T24,132,0.5332031250
EM_TOPOLOGY_4X64_T24,133,0.5117187500
EM_TOPOLOGY_4X64_T24,134,0.4843750000
EM_TOPOLOGY_4X64_T24,135,0.5195312500
EM_TOPOLOGY_4X64_T24,136,0.4746093750
EM_TOPOLOGY_4X64_T24,137,0.5273437500
EM_TOPOLOGY_4X64_T24,138,0.4531250000
EM_TOPOLOGY_4X64_T24,139,0.5156250000
EM_TOPOLOGY_4X64_T24,140,0.5175781250
EM_TOPOLOGY_4X64_T24,141,0.4843750000
EM_TOPOLOGY_4X64_T24,142,0.5039062500
EM_TOPOLOGY_4X64_T24,143,0.5175781250
EM_TOPOLOGY_4X64_T24,144,0.5078125000
EM_TOPOLOGY_4X64_T24,145,0.4550781250
EM_TOPOLOGY_4X64_T24,146,0.4843750000
EM_TOPOLOGY_4X64_T24,147,0.5078125000
EM_TOPOLOGY_4X64_T24,148,0.4296875000
EM_TOPOLOGY_4X64_T24,149,0.4824218750
EM_TOPOLOGY_4X64_T24,150,0.5312500000
EM_TOPOLOGY_4X64_T24,151,0.4882812500
EM_TOPOLOGY_4X64_T24,152,0.5371093750
EM_TOPOLOGY_4X64_T24,153,0.4804687500
EM_TOPOLOGY_4X64_T24,154,0.5078125000
EM_TOPOLOGY_4X64_T24,155,0.5488281250
EM_TOPOLOGY_4X64_T24,156,0.5097656250
EM_TOPOLOGY_4X64_T24,157,0.4648437500
EM_TOPOLOGY_4X64_T24,158,0.4765625000
EM_TOPOLOGY_4X64_T24,159,0.5039062500
EM_TOPOLOGY_4X64_T24,160,0.4960937500
EM_TOPOLOGY_4X64_T24,161,0.4921875000
EM_TOPOLOGY_4X64_T24,162,0.4804687500
EM_TOPOLOGY_4X64_T24,163,0.4941406250
EM_TOPOLOGY_4X64_T24,164,0.5058593750
EM_TOPOLOGY_4X64_T24,165,0.4882812500
EM_TOPOLOGY_4X64_T24,166,0.4921875000
EM_TOPOLOGY_4X64_T24,167,0.4863281250
EM_TOPOLOGY_4X64_T24,168,0.5156250000
EM_TOPOLOGY_4X64_T24,169,0.4472656250
EM_TOPOLOGY_4X64_T24,170,0.5351562500
EM_TOPOLOGY_4X64_T24,171,0.4746093750
EM_TOPOLOGY_4X64_T24,172,0.5136718750
EM_TOPOLOGY_4X64_T24,173,0.5468750000
EM_TOPOLOGY_4X64_T24,174,0.5566406250
EM_TOPOLOGY_4X64_T24,175,0.4687500000
EM_TOPOLOGY_4X64_T24,176,0.5371093750
EM_TOPOLOGY_4X64_T24,177,0.4980468750
EM_TOPOLOGY_4X64_T24,178,0.5019531250
EM_TOPOLOGY_4X64_T24,179,0.4453125000
EM_TOPOLOGY_4X64_T24,180,0.4453125000
EM_TOPOLOGY_4X64_T24,181,0.4863281250
EM_TOPOLOGY_4X64_T24,182,0.4609375000
EM_TOPOLOGY_4X64_T24,183,0.5468750000
EM_TOPOLOGY_4X64_T24,184,0.4667968750
EM_TOPOLOGY_4X64_T24,185,0.4882812500
EM_TOPOLOGY_4X64_T24,186,0.5039062500
EM_TOPOLOGY_4X64_T24,187,0.4726562500
EM_TOPOLOGY_4X64_T24,188,0.5019531250
EM_TOPOLOGY_4X64_T24,189,0.5214843750
EM_TOPOLOGY_4X64_T24,190,0.4765625000
EM_TOPOLOGY_4X64_T24,191,0.4863281250
EM_TOPOLOGY_4X64_T24,192,0.4863281250
EM_TOPOLOGY_4X64_T24,193,0.4902343750
EM_TOPOLOGY_4X64_T24,194,0.5234375000
EM_TOPOLOGY_4X64_T24,195,0.5292968750
EM_TOPOLOGY_4X64_T24,196,0.4375000000
EM_TOPOLOGY_4X64_T24,197,0.4472656250
EM_TOPOLOGY_4X64_T24,198,0.4609375000
EM_TOPOLOGY_4X64_T24,199,0.4843750000
EM_TOPOLOGY_4X64_T24,200,0.5039062500
EM_TOPOLOGY_4X64_T24,201,0.5000000000
EM_TOPOLOGY_4X64_T24,202,0.4648437500
EM_TOPOLOGY_4X64_T24,203,0.4941406250
EM_TOPOLOGY_4X64_T24,204,0.4570312500
EM_TOPOLOGY_4X64_T24,205,0.5000000000
EM_TOPOLOGY_4X64_T24,206,0.5136718750
EM_TOPOLOGY_4X64_T24,207,0.4609375000
EM_TOPOLOGY_4X64_T24,208,0.4746093750
EM_TOPOLOGY_4X64_T24,209,0.4531250000
EM_TOPOLOGY_4X64_T24,210,0.5000000000
EM_TOPOLOGY_4X64_T24,211,0.5039062500
EM_TOPOLOGY_4X64_T24,212,0.5234375000
EM_TOPOLOGY_4X64_T24,213,0.4746093750
EM_TOPOLOGY_4X64_T24,214,0.4570312500
EM_TOPOLOGY_4X64_T24,215,0.4921875000
EM_TOPOLOGY_4X64_T24,216,0.5253906250
EM_TOPOLOGY_4X64_T24,217,0.4609375000
EM_TOPOLOGY_4X64_T24,218,0.5605468750
EM_TOPOLOGY_4X64_T24,219,0.5527343750
EM_TOPOLOGY_4X64_T24,220,0.4648437500
EM_TOPOLOGY_4X64_T24,221,0.5332031250
EM_TOPOLOGY_4X64_T24,222,0.5156250000
EM_TOPOLOGY_4X64_T24,223,0.5000000000
EM_TOPOLOGY_4X64_T24,224,0.5117187500
EM_TOPOLOGY_4X64_T24,225,0.5019531250
EM_TOPOLOGY_4X64_T24,226,0.5058593750
EM_TOPOLOGY_4X64_T24,227,0.4902343750
EM_TOPOLOGY_4X64_T24,228,0.5566406250
EM_TOPOLOGY_4X64_T24,229,0.4570312500
EM_TOPOLOGY_4X64_T24,230,0.4824218750
EM_TOPOLOGY_4X64_T24,231,0.5507812500
EM_TOPOLOGY_4X64_T24,232,0.4980468750
EM_TOPOLOGY_4X64_T24,233,0.5039062500
EM_TOPOLOGY_4X64_T24,234,0.5175781250
EM_TOPOLOGY_4X64_T24,235,0.5175781250
EM_TOPOLOGY_4X64_T24,236,0.5019531250
EM_TOPOLOGY_4X64_T24,237,0.4921875000
EM_TOPOLOGY_4X64_T24,238,0.4765625000
EM_TOPOLOGY_4X64_T24,239,0.5175781250
EM_TOPOLOGY_4X64_T24,240,0.5351562500
EM_TOPOLOGY_4X64_T24,241,0.4921875000
EM_TOPOLOGY_4X64_T24,242,0.5292968750
EM_TOPOLOGY_4X64_T24,243,0.4960937500
EM_TOPOLOGY_4X64_T24,244,0.5039062500
EM_TOPOLOGY_4X64_T24,245,0.5214843750
EM_TOPOLOGY_4X64_T24,246,0.5234375000
EM_TOPOLOGY_4X64_T24,247,0.4960937500
EM_TOPOLOGY_4X64_T24,248,0.4785156250
EM_TOPOLOGY_4X64_T24,249,0.5234375000
EM_TOPOLOGY_4X64_T24,250,0.5078125000
EM_TOPOLOGY_4X64_T24,251,0.4960937500
EM_TOPOLOGY_4X64_T24,252,0.5605468750
EM_TOPOLOGY_4X64_T24,253,0.4394531250
EM_TOPOLOGY_4X64_T24,254,0.5292968750
EM_TOPOLOGY_4X64_T24,255,0.5156250000
EM_TOPOLOGY_4X64_T24,256,0.5039062500
EM_TOPOLOGY_4X64_T24,257,0.4648437500
EM_TOPOLOGY_4X64_T24,258,0.4726562500
EM_TOPOLOGY_4X64_T24,259,0.5039062500
EM_TOPOLOGY_4X64_T24,260,0.5351562500
EM_TOPOLOGY_4X64_T24,261,0.4785156250
EM_TOPOLOGY_4X64_T24,262,0.5546875000
EM_TOPOLOGY_4X64_T24,263,0.5175781250
EM_TOPOLOGY_4X64_T24,264,0.4785156250
EM_TOPOLOGY_4X64_T24,265,0.4609375000
EM_TOPOLOGY_4X64_T24,266,0.4648437500
EM_TOPOLOGY_4X64_T24,267,0.5507812500
EM_TOPOLOGY_4X64_T24,268,0.4902343750
EM_TOPOLOGY_4X64_T24,269,0.4980468750
EM_TOPOLOGY_4X64_T24,270,0.5097656250
EM_TOPOLOGY_4X64_T24,271,0.5156250000
EM_TOPOLOGY_4X64_T24,272,0.5175781250
EM_TOPOLOGY_4X64_T24,273,0.5371093750
EM_TOPOLOGY_4X64_T24,274,0.4394531250
EM_TOPOLOGY_4X64_T24,275,0.4941406250
EM_TOPOLOGY_4X64_T24,276,0.5078125000
EM_TOPOLOGY_4X64_T24,277,0.5000000000
EM_TOPOLOGY_4X64_T24,278,0.4765625000
EM_TOPOLOGY_4X64_T24,279,0.5156250000
EM_TOPOLOGY_4X64_T24,280,0.4921875000
EM_TOPOLOGY_4X64_T24,281,0.4941406250
EM_TOPOLOGY_4X64_T24,282,0.5175781250
EM_TOPOLOGY_4X64_T24,283,0.4902343750
EM_TOPOLOGY_4X64_T24,284,0.4726562500
EM_TOPOLOGY_4X64_T24,285,0.4785156250
EM_TOPOLOGY_4X64_T24,286,0.4589843750
EM_TOPOLOGY_4X64_T24,287,0.5253906250
EM_TOPOLOGY_4X64_T24,288,0.5859375000
EM_TOPOLOGY_4X64_T24,289,0.4843750000
EM_TOPOLOGY_4X64_T24,290,0.4843750000
EM_TOPOLOGY_4X64_T24,291,0.5097656250
EM_TOPOLOGY_4X64_T24,292,0.5117187500
EM_TOPOLOGY_4X64_T24,293,0.4960937500
EM_TOPOLOGY_4X64_T24,294,0.4941406250
EM_TOPOLOGY_4X64_T24,295,0.5136718750
EM_TOPOLOGY_4X64_T24,296,0.5234375000
EM_TOPOLOGY_4X64_T24,297,0.5019531250
EM_TOPOLOGY_4X64_T24,298,0.4824218750
EM_TOPOLOGY_4X64_T24,299,0.4980468750
EM_TOPOLOGY_4X64_T24,300,0.6074218750
EM_TOPOLOGY_4X64_T24,301,0.4863281250
EM_TOPOLOGY_4X64_T24,302,0.4882812500
EM_TOPOLOGY_4X64_T24,303,0.5468750000
EM_TOPOLOGY_4X64_T24,304,0.5585937500
EM_TOPOLOGY_4X64_T24,305,0.5117187500
EM_TOPOLOGY_4X64_T24,306,0.5332031250
EM_TOPOLOGY_4X64_T24,307,0.4824218750
EM_TOPOLOGY_4X64_T24,308,0.5039062500
EM_TOPOLOGY_4X64_T24,309,0.4824218750
EM_TOPOLOGY_4X64_T24,310,0.5371093750
EM_TOPOLOGY_4X64_T24,311,0.4843750000
EM_TOPOLOGY_4X64_T24,312,0.5097656250
EM_TOPOLOGY_4X64_T24,313,0.5390625000
EM_TOPOLOGY_4X64_T24,314,0.4355468750
EM_TOPOLOGY_4X64_T24,315,0.5156250000
EM_TOPOLOGY_4X64_T24,316,0.4570312500
EM_TOPOLOGY_4X64_T24,317,0.5117187500
EM_TOPOLOGY_4X64_T24,318,0.5449218750
EM_TOPOLOGY_4X64_T24,319,0.5507812500
EM_TOPOLOGY_4X64_T24,320,0.5371093750
EM_TOPOLOGY_4X64_T24,321,0.4726562500
EM_TOPOLOGY_4X64_T24,322,0.4746093750
EM_TOPOLOGY_4X64_T24,323,0.4863281250
EM_TOPOLOGY_4X64_T24,324,0.5566406250
EM_TOPOLOGY_4X64_T24,325,0.4726562500
EM_TOPOLOGY_4X64_T24,326,0.5058593750
EM_TOPOLOGY_4X64_T24,327,0.5058593750
EM_TOPOLOGY_4X64_T24,328,0.4824218750
EM_TOPOLOGY_4X64_T24,329,0.5136718750
EM_TOPOLOGY_4X64_T24,330,0.4941406250
EM_TOPOLOGY_4X64_T24,331,0.5039062500
EM_TOPOLOGY_4X64_T24,332,0.5703125000
EM_TOPOLOGY_4X64_T24,333,0.5429687500
EM_TOPOLOGY_4X64_T24,334,0.4746093750
EM_TOPOLOGY_4X64_T24,335,0.4355468750
EM_TOPOLOGY_4X64_T24,336,0.4628906250
EM_TOPOLOGY_4X64_T24,337,0.4941406250
EM_TOPOLOGY_4X64_T24,338,0.5449218750
EM_TOPOLOGY_4X64_T24,339,0.5058593750
EM_TOPOLOGY_4X64_T24,340,0.4785156250
EM_TOPOLOGY_4X64_T24,341,0.4667968750
EM_TOPOLOGY_4X64_T24,342,0.5000000000
EM_TOPOLOGY_4X64_T24,343,0.5234375000
EM_TOPOLOGY_4X64_T24,344,0.5000000000
EM_TOPOLOGY_4X64_T24,345,0.5214843750
EM_TOPOLOGY_4X64_T24,346,0.5156250000
EM_TOPOLOGY_4X64_T24,347,0.5390625000
EM_TOPOLOGY_4X64_T24,348,0.5136718750
EM_TOPOLOGY_4X64_T24,349,0.5000000000
EM_TOPOLOGY_4X64_T24,350,0.4941406250
EM_TOPOLOGY_4X64_T24,351,0.4687500000
EM_TOPOLOGY_4X64_T24,352,0.5117187500
EM_TOPOLOGY_4X64_T24,353,0.4863281250
EM_TOPOLOGY_4X64_T24,354,0.5058593750
EM_TOPOLOGY_4X64_T24,355,0.4707031250
EM_TOPOLOGY_4X64_T24,356,0.4960937500
EM_TOPOLOGY_4X64_T24,357,0.5507812500
EM_TOPOLOGY_4X64_T24,358,0.5214843750
EM_TOPOLOGY_4X64_T24,359,0.4414062500
EM_TOPOLOGY_4X64_T24,360,0.4589843750
EM_TOPOLOGY_4X64_T24,361,0.5078125000
EM_TOPOLOGY_4X64_T24,362,0.4746093750
EM_TOPOLOGY_4X64_T24,363,0.4804687500
EM_TOPOLOGY_4X64_T24,364,0.4843750000
EM_TOPOLOGY_4X64_T24,365,0.5097656250
EM_TOPOLOGY_4X64_T24,366,0.5371093750
EM_TOPOLOGY_4X64_T24,367,0.5253906250
EM_TOPOLOGY_4X64_T24,368,0.5546875000
EM_TOPOLOGY_4X64_T24,369,0.5253906250
EM_TOPOLOGY_4X64_T24,370,0.5097656250
EM_TOPOLOGY_4X64_T24,371,0.5703125000
EM_TOPOLOGY_4X64_T24,372,0.5195312500
EM_TOPOLOGY_4X64_T24,373,0.5390625000
EM_TOPOLOGY_4X64_T24,374,0.4921875000
EM_TOPOLOGY_4X64_T24,375,0.5136718750
EM_TOPOLOGY_4X64_T24,376,0.5019531250
EM_TOPOLOGY_4X64_T24,377,0.4609375000
EM_TOPOLOGY_4X64_T24,378,0.5175781250
EM_TOPOLOGY_4X64_T24,379,0.5136718750
EM_TOPOLOGY_4X64_T24,380,0.4609375000
EM_TOPOLOGY_4X64_T24,381,0.4882812500
EM_TOPOLOGY_4X64_T24,382,0.5371093750
EM_TOPOLOGY_4X64_T24,383,0.5312500000
EM_TOPOLOGY_4X64_T24,384,0.5390625000
EM_TOPOLOGY_4X64_T24,385,0.5214843750
EM_TOPOLOGY_4X64_T24,386,0.4355468750
EM_TOPOLOGY_4X64_T24,387,0.4511718750
EM_TOPOLOGY_4X64_T24,388,0.4921875000
EM_TOPOLOGY_4X64_T24,389,0.4941406250
EM_TOPOLOGY_4X64_T24,390,0.5000000000
EM_TOPOLOGY_4X64_T24,391,0.5253906250
EM_TOPOLOGY_4X64_T24,392,0.4980468750
EM_TOPOLOGY_4X64_T24,393,0.5175781250
EM_TOPOLOGY_4X64_T24,394,0.4316406250
EM_TOPOLOGY_4X64_T24,395,0.4609375000
EM_TOPOLOGY_4X64_T24,396,0.5000000000
EM_TOPOLOGY_4X64_T24,397,0.4472656250
EM_TOPOLOGY_4X64_T24,398,0.4492187500
EM_TOPOLOGY_4X64_T24,399,0.5058593750
EM_TOPOLOGY_4X64_T24,400,0.5058593750
EM_TOPOLOGY_4X64_T24,401,0.5214843750
EM_TOPOLOGY_4X64_T24,402,0.5078125000
EM_TOPOLOGY_4X64_T24,403,0.5429687500
EM_TOPOLOGY_4X64_T24,404,0.5234375000
EM_TOPOLOGY_4X64_T24,405,0.5097656250
EM_TOPOLOGY_4X64_T24,406,0.4960937500
EM_TOPOLOGY_4X64_T24,407,0.5664062500
EM_TOPOLOGY_4X64_T24,408,0.5136718750
EM_TOPOLOGY_4X64_T24,409,0.4882812500
EM_TOPOLOGY_4X64_T24,410,0.4667968750
EM_TOPOLOGY_4X64_T24,411,0.4921875000
EM_TOPOLOGY_4X64_T24,412,0.4921875000
EM_TOPOLOGY_4X64_T24,413,0.5351562500
EM_TOPOLOGY_4X64_T24,414,0.5351562500
EM_TOPOLOGY_4X64_T24,415,0.5351562500
EM_TOPOLOGY_4X64_T24,416,0.5195312500
EM_TOPOLOGY_4X64_T24,417,0.4980468750
EM_TOPOLOGY_4X64_T24,418,0.5214843750
EM_TOPOLOGY_4X64_T24,419,0.4628906250
EM_TOPOLOGY_4X64_T24,420,0.4492187500
EM_TOPOLOGY_4X64_T24,421,0.4550781250
EM_TOPOLOGY_4X64_T24,422,0.4980468750
EM_TOPOLOGY_4X64_T24,423,0.5136718750
EM_TOPOLOGY_4X64_T24,424,0.4707031250
EM_TOPOLOGY_4X64_T24,425,0.5136718750
EM_TOPOLOGY_4X64_T24,426,0.4667968750
EM_TOPOLOGY_4X64_T24,427,0.5078125000
EM_TOPOLOGY_4X64_T24,428,0.5078125000
EM_TOPOLOGY_4X64_T24,429,0.5000000000
EM_TOPOLOGY_4X64_T24,430,0.4941406250
EM_TOPOLOGY_4X64_T24,431,0.5019531250
EM_TOPOLOGY_4X64_T24,432,0.5117187500
EM_TOPOLOGY_4X64_T24,433,0.5234375000
EM_TOPOLOGY_4X64_T24,434,0.5214843750
EM_TOPOLOGY_4X64_T24,435,0.4980468750
EM_TOPOLOGY_4X64_T24,436,0.4707031250
EM_TOPOLOGY_4X64_T24,437,0.4648437500
EM_TOPOLOGY_4X64_T24,438,0.5292968750
EM_TOPOLOGY_4X64_T24,439,0.5312500000
EM_TOPOLOGY_4X64_T24,440,0.5585937500
EM_TOPOLOGY_4X64_T24,441,0.4843750000
EM_TOPOLOGY_4X64_T24,442,0.4472656250
EM_TOPOLOGY_4X64_T24,443,0.5039062500
EM_TOPOLOGY_4X64_T24,444,0.5136718750
EM_TOPOLOGY_4X64_T24,445,0.4921875000
EM_TOPOLOGY_4X64_T24,446,0.5058593750
EM_TOPOLOGY_4X64_T24,447,0.5390625000
EM_TOPOLOGY_4X64_T24,448,0.5234375000
EM_TOPOLOGY_4X64_T24,449,0.4707031250
EM_TOPOLOGY_4X64_T24,450,0.4980468750
EM_TOPOLOGY_4X64_T24,451,0.4863281250
EM_TOPOLOGY_4X64_T24,452,0.5664062500
EM_TOPOLOGY_4X64_T24,453,0.4785156250
EM_TOPOLOGY_4X64_T24,454,0.4453125000
EM_TOPOLOGY_4X64_T24,455,0.4589843750
EM_TOPOLOGY_4X64_T24,456,0.5234375000
EM_TOPOLOGY_4X64_T24,457,0.4648437500
EM_TOPOLOGY_4X64_T24,458,0.4921875000
EM_TOPOLOGY_4X64_T24,459,0.5195312500
EM_TOPOLOGY_4X64_T24,460,0.4902343750
EM_TOPOLOGY_4X64_T24,461,0.5566406250
EM_TOPOLOGY_4X64_T24,462,0.5117187500
EM_TOPOLOGY_4X64_T24,463,0.4902343750
EM_TOPOLOGY_4X64_T24,464,0.5234375000
EM_TOPOLOGY_4X64_T24,465,0.4707031250
EM_TOPOLOGY_4X64_T24,466,0.4980468750
EM_TOPOLOGY_4X64_T24,467,0.5410156250
EM_TOPOLOGY_4X64_T24,468,0.4824218750
EM_TOPOLOGY_4X64_T24,469,0.5117187500
EM_TOPOLOGY_4X64_T24,470,0.4687500000
EM_TOPOLOGY_4X64_T24,471,0.5156250000
EM_TOPOLOGY_4X64_T24,472,0.4804687500
EM_TOPOLOGY_4X64_T24,473,0.4433593750
EM_TOPOLOGY_4X64_T24,474,0.4960937500
EM_TOPOLOGY_4X64_T24,475,0.4667968750
EM_TOPOLOGY_4X64_T24,476,0.4902343750
EM_TOPOLOGY_4X64_T24,477,0.5136718750
EM_TOPOLOGY_4X64_T24,478,0.4960937500
EM_TOPOLOGY_4X64_T24,479,0.4863281250
EM_TOPOLOGY_4X64_T24,480,0.5175781250
EM_TOPOLOGY_4X64_T24,481,0.5175781250
EM_TOPOLOGY_4X64_T24,482,0.5527343750
EM_TOPOLOGY_4X64_T24,483,0.5097656250
EM_TOPOLOGY_4X64_T24,484,0.5546875000
EM_TOPOLOGY_4X64_T24,485,0.4863281250
EM_TOPOLOGY_4X64_T24,486,0.5136718750
EM_TOPOLOGY_4X64_T24,487,0.4023437500
EM_TOPOLOGY_4X64_T24,488,0.5019531250
EM_TOPOLOGY_4X64_T24,489,0.5292968750
EM_TOPOLOGY_4X64_T24,490,0.4980468750
EM_TOPOLOGY_4X64_T24,491,0.5000000000
EM_TOPOLOGY_4X64_T24,492,0.5136718750
EM_TOPOLOGY_4X64_T24,493,0.4726562500
EM_TOPOLOGY_4X64_T24,494,0.5136718750
EM_TOPOLOGY_4X64_T24,495,0.5175781250
EM_TOPOLOGY_4X64_T24,496,0.4804687500
EM_TOPOLOGY_4X64_T24,497,0.4707031250
EM_TOPOLOGY_4X64_T24,498,0.5078125000
EM_TOPOLOGY_4X64_T24,499,0.5078125000
EM_TOPOLOGY_4X64_T24,500,0.4804687500
EM_TOPOLOGY_4X64_T24,501,0.5058593750
EM_TOPOLOGY_4X64_T24,502,0.5429687500
EM_TOPOLOGY_4X64_T24,503,0.5488281250
EM_TOPOLOGY_4X64_T24,504,0.4960937500
EM_TOPOLOGY_4X64_T24,505,0.5058593750
EM_TOPOLOGY_4X64_T24,506,0.5136718750
EM_TOPOLOGY_4X64_T24,507,0.4628906250
EM_TOPOLOGY_4X64_T24,508,0.5039062500
EM_TOPOLOGY_4X64_T24,509,0.5351562500
EM_TOPOLOGY_4X64_T24,510,0.4355468750
EM_TOPOLOGY_4X64_T24,511,0.4355468750
EM_TOPOLOGY_4X64_T24,512,0.4433593750
EM_TOPOLOGY_4X64_T24,513,0.4960937500
EM_TOPOLOGY_4X64_T24,514,0.4863281250
EM_TOPOLOGY_4X64_T24,515,0.5761718750
EM_TOPOLOGY_4X64_T24,516,0.4746093750
EM_TOPOLOGY_4X64_T24,517,0.4921875000
EM_TOPOLOGY_4X64_T24,518,0.5195312500
EM_TOPOLOGY_4X64_T24,519,0.4707031250
EM_TOPOLOGY_4X64_T24,520,0.5156250000
EM_TOPOLOGY_4X64_T24,521,0.4140625000
EM_TOPOLOGY_4X64_T24,522,0.4804687500
EM_TOPOLOGY_4X64_T24,523,0.4843750000
EM_TOPOLOGY_4X64_T24,524,0.5332031250
EM_TOPOLOGY_4X64_T24,525,0.4609375000
EM_TOPOLOGY_4X64_T24,526,0.5175781250
EM_TOPOLOGY_4X64_T24,527,0.5449218750
EM_TOPOLOGY_4X64_T24,528,0.5156250000
EM_TOPOLOGY_4X64_T24,529,0.4570312500
EM_TOPOLOGY_4X64_T24,530,0.4570312500
EM_TOPOLOGY_4X64_T24,531,0.5390625000
EM_TOPOLOGY_4X64_T24,532,0.4843750000
EM_TOPOLOGY_4X64_T24,533,0.5097656250
EM_TOPOLOGY_4X64_T24,534,0.5742187500
EM_TOPOLOGY_4X64_T24,535,0.4609375000
EM_TOPOLOGY_4X64_T24,536,0.4765625000
EM_TOPOLOGY_4X64_T24,537,0.5058593750
EM_TOPOLOGY_4X64_T24,538,0.5527343750
EM_TOPOLOGY_4X64_T24,539,0.5468750000
EM_TOPOLOGY_4X64_T24,540,0.4667968750
EM_TOPOLOGY_4X64_T24,541,0.4941406250
EM_TOPOLOGY_4X64_T24,542,0.4726562500
EM_TOPOLOGY_4X64_T24,543,0.4648437500
EM_TOPOLOGY_4X64_T24,544,0.4667968750
EM_TOPOLOGY_4X64_T24,545,0.4980468750
EM_TOPOLOGY_4X64_T24,546,0.5371093750
EM_TOPOLOGY_4X64_T24,547,0.5273437500
EM_TOPOLOGY_4X64_T24,548,0.4667968750
EM_TOPOLOGY_4X64_T24,549,0.5273437500
EM_TOPOLOGY_4X64_T24,550,0.4335937500
EM_TOPOLOGY_4X64_T24,551,0.4941406250
EM_TOPOLOGY_4X64_T24,552,0.5429687500
EM_TOPOLOGY_4X64_T24,553,0.5292968750
EM_TOPOLOGY_4X64_T24,554,0.4843750000
EM_TOPOLOGY_4X64_T24,555,0.5214843750
EM_TOPOLOGY_4X64_T24,556,0.4941406250
EM_TOPOLOGY_4X64_T24,557,0.5078125000
EM_TOPOLOGY_4X64_T24,558,0.4648437500
EM_TOPOLOGY_4X64_T24,559,0.5234375000
EM_TOPOLOGY_4X64_T24,560,0.5781250000
EM_TOPOLOGY_4X64_T24,561,0.4843750000
EM_TOPOLOGY_4X64_T24,562,0.5175781250
EM_TOPOLOGY_4X64_T24,563,0.4843750000
EM_TOPOLOGY_4X64_T24,564,0.5175781250
EM_TOPOLOGY_4X64_T24,565,0.4980468750
EM_TOPOLOGY_4X64_T24,566,0.5000000000
EM_TOPOLOGY_4X64_T24,567,0.4648437500
EM_TOPOLOGY_4X64_T24,568,0.5234375000
EM_TOPOLOGY_4X64_T24,569,0.5449218750
EM_TOPOLOGY_4X64_T24,570,0.4960937500
EM_TOPOLOGY_4X64_T24,571,0.5058593750
EM_TOPOLOGY_4X64_T24,572,0.5195312500
EM_TOPOLOGY_4X64_T24,573,0.5195312500
EM_TOPOLOGY_4X64_T24,574,0.5195312500
EM_TOPOLOGY_4X64_T24,575,0.5175781250
EM_TOPOLOGY_4X64_T24,576,0.5351562500
EM_TOPOLOGY_4X64_T24,577,0.4628906250
EM_TOPOLOGY_4X64_T24,578,0.5039062500
EM_TOPOLOGY_4X64_T24,579,0.5507812500
EM_TOPOLOGY_4X64_T24,580,0.4746093750
EM_TOPOLOGY_4X64_T24,581,0.4628906250
EM_TOPOLOGY_4X64_T24,582,0.5351562500
EM_TOPOLOGY_4X64_T24,583,0.5019531250
EM_TOPOLOGY_4X64_T24,584,0.4433593750
EM_TOPOLOGY_4X64_T24,585,0.5292968750
EM_TOPOLOGY_4X64_T24,586,0.5214843750
EM_TOPOLOGY_4X64_T24,587,0.5214843750
EM_TOPOLOGY_4X64_T24,588,0.5332031250
EM_TOPOLOGY_4X64_T24,589,0.4921875000
EM_TOPOLOGY_4X64_T24,590,0.4804687500
EM_TOPOLOGY_4X64_T24,591,0.5722656250
EM_TOPOLOGY_4X64_T24,592,0.5195312500
EM_TOPOLOGY_4X64_T24,593,0.4980468750
EM_TOPOLOGY_4X64_T24,594,0.4550781250
EM_TOPOLOGY_4X64_T24,595,0.5019531250
EM_TOPOLOGY_4X64_T24,596,0.5605468750
EM_TOPOLOGY_4X64_T24,597,0.5195312500
EM_TOPOLOGY_4X64_T24,598,0.4785156250
EM_TOPOLOGY_4X64_T24,599,0.5253906250
EM_TOPOLOGY_4X64_T24,600,0.5156250000
EM_TOPOLOGY_4X64_T24,601,0.5097656250
EM_TOPOLOGY_4X64_T24,602,0.5468750000
EM_TOPOLOGY_4X64_T24,603,0.4843750000
EM_TOPOLOGY_4X64_T24,604,0.4765625000
EM_TOPOLOGY_4X64_T24,605,0.5136718750
EM_TOPOLOGY_4X64_T24,606,0.4550781250
EM_TOPOLOGY_4X64_T24,607,0.5136718750
EM_TOPOLOGY_4X64_T24,608,0.5507812500
EM_TOPOLOGY_4X64_T24,609,0.5058593750
EM_TOPOLOGY_4X64_T24,610,0.5156250000
EM_TOPOLOGY_4X64_T24,611,0.4921875000
EM_TOPOLOGY_4X64_T24,612,0.4707031250
EM_TOPOLOGY_4X64_T24,613,0.5390625000
EM_TOPOLOGY_4X64_T24,614,0.4531250000
EM_TOPOLOGY_4X64_T24,615,0.4843750000
EM_TOPOLOGY_4X64_T24,616,0.5039062500
EM_TOPOLOGY_4X64_T24,617,0.4667968750
EM_TOPOLOGY_4X64_T24,618,0.4960937500
EM_TOPOLOGY_4X64_T24,619,0.4648437500
EM_TOPOLOGY_4X64_T24,620,0.4765625000
EM_TOPOLOGY_4X64_T24,621,0.5039062500
EM_TOPOLOGY_4X64_T24,622,0.5273437500
EM_TOPOLOGY_4X64_T24,623,0.4394531250
EM_TOPOLOGY_4X64_T24,624,0.5312500000
EM_TOPOLOGY_4X64_T24,625,0.4628906250
EM_TOPOLOGY_4X64_T24,626,0.4902343750
EM_TOPOLOGY_4X64_T24,627,0.5195312500
EM_TOPOLOGY_4X64_T24,628,0.5312500000
EM_TOPOLOGY_4X64_T24,629,0.5039062500
EM_TOPOLOGY_4X64_T24,630,0.5214843750
EM_TOPOLOGY_4X64_T24,631,0.5253906250
EM_TOPOLOGY_4X64_T24,632,0.5117187500
EM_TOPOLOGY_4X64_T24,633,0.4921875000
EM_TOPOLOGY_4X64_T24,634,0.5332031250
EM_TOPOLOGY_4X64_T24,635,0.4765625000
EM_TOPOLOGY_4X64_T24,636,0.4648437500
EM_TOPOLOGY_4X64_T24,637,0.4726562500
EM_TOPOLOGY_4X64_T24,638,0.4804687500
EM_TOPOLOGY_4X64_T24,639,0.4824218750
EM_TOPOLOGY_4X64_T24,640,0.4238281250
EM_TOPOLOGY_4X64_T24,641,0.5253906250
EM_TOPOLOGY_4X64_T24,642,0.4785156250
EM_TOPOLOGY_4X64_T24,643,0.4570312500
EM_TOPOLOGY_4X64_T24,644,0.4765625000
EM_TOPOLOGY_4X64_T24,645,0.4960937500
EM_TOPOLOGY_4X64_T24,646,0.6210937500
EM_TOPOLOGY_4X64_T24,647,0.4746093750
EM_TOPOLOGY_4X64_T24,648,0.5234375000
EM_TOPOLOGY_4X64_T24,649,0.5117187500
EM_TOPOLOGY_4X64_T24,650,0.4746093750
EM_TOPOLOGY_4X64_T24,651,0.5195312500
EM_TOPOLOGY_4X64_T24,652,0.5722656250
EM_TOPOLOGY_4X64_T24,653,0.5781250000
EM_TOPOLOGY_4X64_T24,654,0.5273437500
EM_TOPOLOGY_4X64_T24,655,0.4667968750
EM_TOPOLOGY_4X64_T24,656,0.5156250000
EM_TOPOLOGY_4X64_T24,657,0.4511718750
EM_TOPOLOGY_4X64_T24,658,0.5078125000
EM_TOPOLOGY_4X64_T24,659,0.4492187500
EM_TOPOLOGY_4X64_T24,660,0.5214843750
EM_TOPOLOGY_4X64_T24,661,0.5390625000
EM_TOPOLOGY_4X64_T24,662,0.4667968750
EM_TOPOLOGY_4X64_T24,663,0.5058593750
EM_TOPOLOGY_4X64_T24,664,0.5312500000
EM_TOPOLOGY_4X64_T24,665,0.4980468750
EM_TOPOLOGY_4X64_T24,666,0.4746093750
EM_TOPOLOGY_4X64_T24,667,0.5351562500
EM_TOPOLOGY_4X64_T24,668,0.5156250000
EM_TOPOLOGY_4X64_T24,669,0.5019531250
EM_TOPOLOGY_4X64_T24,670,0.4941406250
EM_TOPOLOGY_4X64_T24,671,0.5078125000
EM_TOPOLOGY_4X64_T24,672,0.4628906250
EM_TOPOLOGY_4X64_T24,673,0.4882812500
EM_TOPOLOGY_4X64_T24,674,0.4921875000
EM_TOPOLOGY_4X64_T24,675,0.4843750000
EM_TOPOLOGY_4X64_T24,676,0.5664062500
EM_TOPOLOGY_4X64_T24,677,0.5195312500
EM_TOPOLOGY_4X64_T24,678,0.4960937500
EM_TOPOLOGY_4X64_T24,679,0.4863281250
EM_TOPOLOGY_4X64_T24,680,0.5019531250
EM_TOPOLOGY_4X64_T24,681,0.4746093750
EM_TOPOLOGY_4X64_T24,682,0.5410156250
EM_TOPOLOGY_4X64_T24,683,0.4960937500
EM_TOPOLOGY_4X64_T24,684,0.5097656250
EM_TOPOLOGY_4X64_T24,685,0.4707031250
EM_TOPOLOGY_4X64_T24,686,0.4746093750
EM_TOPOLOGY_4X64_T24,687,0.5332031250
EM_TOPOLOGY_4X64_T24,688,0.4746093750
EM_TOPOLOGY_4X64_T24,689,0.4589843750
EM_TOPOLOGY_4X64_T24,690,0.5136718750
EM_TOPOLOGY_4X64_T24,691,0.5039062500
EM_TOPOLOGY_4X64_T24,692,0.4648437500
EM_TOPOLOGY_4X64_T24,693,0.4628906250
EM_TOPOLOGY_4X64_T24,694,0.5273437500
EM_TOPOLOGY_4X64_T24,695,0.5371093750
EM_TOPOLOGY_4X64_T24,696,0.4804687500
EM_TOPOLOGY_4X64_T24,697,0.5156250000
EM_TOPOLOGY_4X64_T24,698,0.5000000000
EM_TOPOLOGY_4X64_T24,699,0.4707031250
EM_TOPOLOGY_4X64_T24,700,0.4843750000
EM_TOPOLOGY_4X64_T24,701,0.4980468750
EM_TOPOLOGY_4X64_T24,702,0.4746093750
EM_TOPOLOGY_4X64_T24,703,0.5273437500
EM_TOPOLOGY_4X64_T24,704,0.4453125000
EM_TOPOLOGY_4X64_T24,705,0.5175781250
EM_TOPOLOGY_4X64_T24,706,0.5253906250
EM_TOPOLOGY_4X64_T24,707,0.4550781250
EM_TOPOLOGY_4X64_T24,708,0.5546875000
EM_TOPOLOGY_4X64_T24,709,0.5371093750
EM_TOPOLOGY_4X64_T24,710,0.5117187500
EM_TOPOLOGY_4X64_T24,711,0.5273437500
EM_TOPOLOGY_4X64_T24,712,0.5371093750
EM_TOPOLOGY_4X64_T24,713,0.4980468750
EM_TOPOLOGY_4X64_T24,714,0.5214843750
EM_TOPOLOGY_4X64_T24,715,0.4589843750
EM_TOPOLOGY_4X64_T24,716,0.5039062500
EM_TOPOLOGY_4X64_T24,717,0.4667968750
EM_TOPOLOGY_4X64_T24,718,0.5019531250
EM_TOPOLOGY_4X64_T24,719,0.4765625000
EM_TOPOLOGY_4X64_T24,720,0.4726562500
EM_TOPOLOGY_4X64_T24,721,0.5546875000
EM_TOPOLOGY_4X64_T24,722,0.5039062500
EM_TOPOLOGY_4X64_T24,723,0.4882812500
EM_TOPOLOGY_4X64_T24,724,0.5097656250
EM_TOPOLOGY_4X64_T24,725,0.5136718750
EM_TOPOLOGY_4X64_T24,726,0.4707031250
EM_TOPOLOGY_4X64_T24,727,0.4335937500
EM_TOPOLOGY_4X64_T24,728,0.5449218750
EM_TOPOLOGY_4X64_T24,729,0.5214843750
EM_TOPOLOGY_4X64_T24,730,0.5078125000
EM_TOPOLOGY_4X64_T24,731,0.4570312500
EM_TOPOLOGY_4X64_T24,732,0.4882812500
EM_TOPOLOGY_4X64_T24,733,0.4648437500
EM_TOPOLOGY_4X64_T24,734,0.4902343750
EM_TOPOLOGY_4X64_T24,735,0.4453125000
EM_TOPOLOGY_4X64_T24,736,0.5097656250
EM_TOPOLOGY_4X64_T24,737,0.5097656250
EM_TOPOLOGY_4X64_T24,738,0.5156250000
EM_TOPOLOGY_4X64_T24,739,0.5234375000
EM_TOPOLOGY_4X64_T24,740,0.4687500000
EM_TOPOLOGY_4X64_T24,741,0.5019531250
EM_TOPOLOGY_4X64_T24,742,0.5410156250
EM_TOPOLOGY_4X64_T24,743,0.5019531250
EM_TOPOLOGY_4X64_T24,744,0.4765625000
EM_TOPOLOGY_4X64_T24,745,0.5292968750
EM_TOPOLOGY_4X64_T24,746,0.5097656250
EM_TOPOLOGY_4X64_T24,747,0.4960937500
EM_TOPOLOGY_4X64_T24,748,0.5429687500
EM_TOPOLOGY_4X64_T24,749,0.5312500000
EM_TOPOLOGY_4X64_T24,750,0.5097656250
EM_TOPOLOGY_4X64_T24,751,0.4941406250
EM_TOPOLOGY_4X64_T24,752,0.4765625000
EM_TOPOLOGY_4X64_T24,753,0.5390625000
EM_TOPOLOGY_4X64_T24,754,0.5078125000
EM_TOPOLOGY_4X64_T24,755,0.4433593750
EM_TOPOLOGY_4X64_T24,756,0.4785156250
EM_TOPOLOGY_4X64_T24,757,0.4472656250
EM_TOPOLOGY_4X64_T24,758,0.4746093750
EM_TOPOLOGY_4X64_T24,759,0.4824218750
EM_TOPOLOGY_4X64_T24,760,0.5019531250
EM_TOPOLOGY_4X64_T24,761,0.4746093750
EM_TOPOLOGY_4X64_T24,762,0.5332031250
EM_TOPOLOGY_4X64_T24,763,0.5039062500
EM_TOPOLOGY_4X64_T24,764,0.4765625000
EM_TOPOLOGY_4X64_T24,765,0.4726562500
EM_TOPOLOGY_4X64_T24,766,0.4921875000
EM_TOPOLOGY_4X64_T24,767,0.4785156250
EM_TOPOLOGY_4X64_T24,768,0.4843750000
EM_TOPOLOGY_4X64_T24,769,0.4843750000
EM_TOPOLOGY_4X64_T24,770,0.5019531250
EM_TOPOLOGY_4X64_T24,771,0.5234375000
EM_TOPOLOGY_4X64_T24,772,0.4960937500
EM_TOPOLOGY_4X64_T24,773,0.4082031250
EM_TOPOLOGY_4X64_T24,774,0.4453125000
EM_TOPOLOGY_4X64_T24,775,0.4941406250
EM_TOPOLOGY_4X64_T24,776,0.4824218750
EM_TOPOLOGY_4X64_T24,777,0.5292968750
EM_TOPOLOGY_4X64_T24,778,0.5019531250
EM_TOPOLOGY_4X64_T24,779,0.5527343750
EM_TOPOLOGY_4X64_T24,780,0.5546875000
EM_TOPOLOGY_4X64_T24,781,0.5292968750
EM_TOPOLOGY_4X64_T24,782,0.4843750000
EM_TOPOLOGY_4X64_T24,783,0.4687500000
EM_TOPOLOGY_4X64_T24,784,0.5371093750
EM_TOPOLOGY_4X64_T24,785,0.4980468750
EM_TOPOLOGY_4X64_T24,786,0.4511718750
EM_TOPOLOGY_4X64_T24,787,0.4804687500
EM_TOPOLOGY_4X64_T24,788,0.5058593750
EM_TOPOLOGY_4X64_T24,789,0.4667968750
EM_TOPOLOGY_4X64_T24,790,0.4843750000
EM_TOPOLOGY_4X64_T24,791,0.5097656250
EM_TOPOLOGY_4X64_T24,792,0.5312500000
EM_TOPOLOGY_4X64_T24,793,0.5273437500
EM_TOPOLOGY_4X64_T24,794,0.4921875000
EM_TOPOLOGY_4X64_T24,795,0.4863281250
EM_TOPOLOGY_4X64_T24,796,0.5234375000
EM_TOPOLOGY_4X64_T24,797,0.5156250000
EM_TOPOLOGY_4X64_T24,798,0.4804687500
EM_TOPOLOGY_4X64_T24,799,0.4453125000
EM_TOPOLOGY_4X64_T24,800,0.4824218750
EM_TOPOLOGY_4X64_T24,801,0.4667968750
EM_TOPOLOGY_4X64_T24,802,0.4980468750
EM_TOPOLOGY_4X64_T24,803,0.5156250000
EM_TOPOLOGY_4X64_T24,804,0.4921875000
EM_TOPOLOGY_4X64_T24,805,0.4960937500
EM_TOPOLOGY_4X64_T24,806,0.5117187500
EM_TOPOLOGY_4X64_T24,807,0.5390625000
EM_TOPOLOGY_4X64_T24,808,0.4843750000
EM_TOPOLOGY_4X64_T24,809,0.5195312500
EM_TOPOLOGY_4X64_T24,810,0.5136718750
EM_TOPOLOGY_4X64_T24,811,0.5136718750
EM_TOPOLOGY_4X64_T24,812,0.4804687500
EM_TOPOLOGY_4X64_T24,813,0.5507812500
EM_TOPOLOGY_4X64_T24,814,0.5351562500
EM_TOPOLOGY_4X64_T24,815,0.5058593750
EM_TOPOLOGY_4X64_T24,816,0.5136718750
EM_TOPOLOGY_4X64_T24,817,0.4570312500
EM_TOPOLOGY_4X64_T24,818,0.5000000000
EM_TOPOLOGY_4X64_T24,819,0.4707031250
EM_TOPOLOGY_4X64_T24,820,0.5605468750
EM_TOPOLOGY_4X64_T24,821,0.4589843750
EM_TOPOLOGY_4X64_T24,822,0.5527343750
EM_TOPOLOGY_4X64_T24,823,0.4804687500
EM_TOPOLOGY_4X64_T24,824,0.4550781250
EM_TOPOLOGY_4X64_T24,825,0.5058593750
EM_TOPOLOGY_4X64_T24,826,0.5156250000
EM_TOPOLOGY_4X64_T24,827,0.5273437500
EM_TOPOLOGY_4X64_T24,828,0.5136718750
EM_TOPOLOGY_4X64_T24,829,0.4921875000
EM_TOPOLOGY_4X64_T24,830,0.4746093750
EM_TOPOLOGY_4X64_T24,831,0.5410156250
EM_TOPOLOGY_4X64_T24,832,0.5449218750
EM_TOPOLOGY_4X64_T24,833,0.5253906250
EM_TOPOLOGY_4X64_T24,834,0.5000000000
EM_TOPOLOGY_4X64_T24,835,0.5078125000
EM_TOPOLOGY_4X64_T24,836,0.4941406250
EM_TOPOLOGY_4X64_T24,837,0.5000000000
EM_TOPOLOGY_4X64_T24,838,0.5136718750
EM_TOPOLOGY_4X64_T24,839,0.5234375000
EM_TOPOLOGY_4X64_T24,840,0.4375000000
EM_TOPOLOGY_4X64_T24,841,0.4882812500
EM_TOPOLOGY_4X64_T24,842,0.5019531250
EM_TOPOLOGY_4X64_T24,843,0.5019531250
EM_TOPOLOGY_4X64_T24,844,0.5156250000
EM_TOPOLOGY_4X64_T24,845,0.4746093750
EM_TOPOLOGY_4X64_T24,846,0.5078125000
EM_TOPOLOGY_4X64_T24,847,0.5117187500
EM_TOPOLOGY_4X64_T24,848,0.4785156250
EM_TOPOLOGY_4X64_T24,849,0.5000000000
EM_TOPOLOGY_4X64_T24,850,0.5058593750
EM_TOPOLOGY_4X64_T24,851,0.4863281250
EM_TOPOLOGY_4X64_T24,852,0.4179687500
EM_TOPOLOGY_4X64_T24,853,0.5078125000
EM_TOPOLOGY_4X64_T24,854,0.4882812500
EM_TOPOLOGY_4X64_T24,855,0.4824218750
EM_TOPOLOGY_4X64_T24,856,0.4746093750
EM_TOPOLOGY_4X64_T24,857,0.5039062500
EM_TOPOLOGY_4X64_T24,858,0.5234375000
EM_TOPOLOGY_4X64_T24,859,0.5195312500
EM_TOPOLOGY_4X64_T24,860,0.4863281250
EM_TOPOLOGY_4X64_T24,861,0.4570312500
EM_TOPOLOGY_4X64_T24,862,0.5214843750
EM_TOPOLOGY_4X64_T24,863,0.5214843750
EM_TOPOLOGY_4X64_T24,864,0.5097656250
EM_TOPOLOGY_4X64_T24,865,0.5039062500
EM_TOPOLOGY_4X64_T24,866,0.4824218750
EM_TOPOLOGY_4X64_T24,867,0.5097656250
EM_TOPOLOGY_4X64_T24,868,0.4570312500
EM_TOPOLOGY_4X64_T24,869,0.4882812500
EM_TOPOLOGY_4X64_T24,870,0.5117187500
EM_TOPOLOGY_4X64_T24,871,0.4687500000
EM_TOPOLOGY_4X64_T24,872,0.4628906250
EM_TOPOLOGY_4X64_T24,873,0.4472656250
EM_TOPOLOGY_4X64_T24,874,0.5429687500
EM_TOPOLOGY_4X64_T24,875,0.5097656250
EM_TOPOLOGY_4X64_T24,876,0.5214843750
EM_TOPOLOGY_4X64_T24,877,0.4609375000
EM_TOPOLOGY_4X64_T24,878,0.4902343750
EM_TOPOLOGY_4X64_T24,879,0.5429687500
EM_TOPOLOGY_4X64_T24,880,0.4726562500
EM_TOPOLOGY_4X64_T24,881,0.4648437500
EM_TOPOLOGY_4X64_T24,882,0.4746093750
EM_TOPOLOGY_4X64_T24,883,0.4980468750
EM_TOPOLOGY_4X64_T24,884,0.5136718750
EM_TOPOLOGY_4X64_T24,885,0.4863281250
EM_TOPOLOGY_4X64_T24,886,0.4511718750
EM_TOPOLOGY_4X64_T24,887,0.4960937500
EM_TOPOLOGY_4X64_T24,888,0.4667968750
EM_TOPOLOGY_4X64_T24,889,0.4667968750
EM_TOPOLOGY_4X64_T24,890,0.4804687500
EM_TOPOLOGY_4X64_T24,891,0.5253906250
EM_TOPOLOGY_4X64_T24,892,0.4843750000
EM_TOPOLOGY_4X64_T24,893,0.4863281250
EM_TOPOLOGY_4X64_T24,894,0.4726562500
EM_TOPOLOGY_4X64_T24,895,0.4882812500
EM_TOPOLOGY_4X64_T24,896,0.4960937500
EM_TOPOLOGY_4X64_T24,897,0.4824218750
EM_TOPOLOGY_4X64_T24,898,0.4570312500
EM_TOPOLOGY_4X64_T24,899,0.4882812500
EM_TOPOLOGY_4X64_T24,900,0.5058593750
EM_TOPOLOGY_4X64_T24,901,0.5078125000
EM_TOPOLOGY_4X64_T24,902,0.4628906250
EM_TOPOLOGY_4X64_T24,903,0.4902343750
EM_TOPOLOGY_4X64_T24,904,0.5429687500
EM_TOPOLOGY_4X64_T24,905,0.5078125000
EM_TOPOLOGY_4X64_T24,906,0.5312500000
EM_TOPOLOGY_4X64_T24,907,0.5097656250
EM_TOPOLOGY_4X64_T24,908,0.4980468750
EM_TOPOLOGY_4X64_T24,909,0.5058593750
EM_TOPOLOGY_4X64_T24,910,0.4921875000
EM_TOPOLOGY_4X64_T24,911,0.5097656250
EM_TOPOLOGY_4X64_T24,912,0.5058593750
EM_TOPOLOGY_4X64_T24,913,0.4609375000
EM_TOPOLOGY_4X64_T24,914,0.4941406250
EM_TOPOLOGY_4X64_T24,915,0.5253906250
EM_TOPOLOGY_4X64_T24,916,0.5039062500
EM_TOPOLOGY_4X64_T24,917,0.4863281250
EM_TOPOLOGY_4X64_T24,918,0.5292968750
EM_TOPOLOGY_4X64_T24,919,0.4921875000
EM_TOPOLOGY_4X64_T24,920,0.5058593750
EM_TOPOLOGY_4X64_T24,921,0.5019531250
EM_TOPOLOGY_4X64_T24,922,0.4785156250
EM_TOPOLOGY_4X64_T24,923,0.5175781250
EM_TOPOLOGY_4X64_T24,924,0.5000000000
EM_TOPOLOGY_4X64_T24,925,0.4980468750
EM_TOPOLOGY_4X64_T24,926,0.4882812500
EM_TOPOLOGY_4X64_T24,927,0.5175781250
EM_TOPOLOGY_4X64_T24,928,0.5117187500
EM_TOPOLOGY_4X64_T24,929,0.4589843750
EM_TOPOLOGY_4X64_T24,930,0.4980468750
EM_TOPOLOGY_4X64_T24,931,0.4804687500
EM_TOPOLOGY_4X64_T24,932,0.4882812500
EM_TOPOLOGY_4X64_T24,933,0.5078125000
EM_TOPOLOGY_4X64_T24,934,0.5058593750
EM_TOPOLOGY_4X64_T24,935,0.5332031250
EM_TOPOLOGY_4X64_T24,936,0.5136718750
EM_TOPOLOGY_4X64_T24,937,0.5234375000
EM_TOPOLOGY_4X64_T24,938,0.4296875000
EM_TOPOLOGY_4X64_T24,939,0.5136718750
EM_TOPOLOGY_4X64_T24,940,0.4570312500
EM_TOPOLOGY_4X64_T24,941,0.5078125000
EM_TOPOLOGY_4X64_T24,942,0.4472656250
EM_TOPOLOGY_4X64_T24,943,0.4804687500
EM_TOPOLOGY_4X64_T24,944,0.5371093750
EM_TOPOLOGY_4X64_T24,945,0.5371093750
EM_TOPOLOGY_4X64_T24,946,0.4667968750
EM_TOPOLOGY_4X64_T24,947,0.4980468750
EM_TOPOLOGY_4X64_T24,948,0.5644531250
EM_TOPOLOGY_4X64_T24,949,0.4941406250
EM_TOPOLOGY_4X64_T24,950,0.5058593750
EM_TOPOLOGY_4X64_T24,951,0.4941406250
EM_TOPOLOGY_4X64_T24,952,0.5019531250
EM_TOPOLOGY_4X64_T24,953,0.4902343750
EM_TOPOLOGY_4X64_T24,954,0.4804687500
EM_TOPOLOGY_4X64_T24,955,0.5019531250
EM_TOPOLOGY_4X64_T24,956,0.4648437500
EM_TOPOLOGY_4X64_T24,957,0.4902343750
EM_TOPOLOGY_4X64_T24,958,0.4746093750
EM_TOPOLOGY_4X64_T24,959,0.5039062500
EM_TOPOLOGY_4X64_T24,960,0.4765625000
EM_TOPOLOGY_4X64_T24,961,0.4960937500
EM_TOPOLOGY_4X64_T24,962,0.5234375000
EM_TOPOLOGY_4X64_T24,963,0.5332031250
EM_TOPOLOGY_4X64_T24,964,0.4296875000
EM_TOPOLOGY_4X64_T24,965,0.4843750000
EM_TOPOLOGY_4X64_T24,966,0.4980468750
EM_TOPOLOGY_4X64_T24,967,0.4882812500
EM_TOPOLOGY_4X64_T24,968,0.5273437500
EM_TOPOLOGY_4X64_T24,969,0.4433593750
EM_TOPOLOGY_4X64_T24,970,0.5273437500
EM_TOPOLOGY_4X64_T24,971,0.5253906250
EM_TOPOLOGY_4X64_T24,972,0.5019531250
EM_TOPOLOGY_4X64_T24,973,0.4824218750
EM_TOPOLOGY_4X64_T24,974,0.4921875000
EM_TOPOLOGY_4X64_T24,975,0.5371093750
EM_TOPOLOGY_4X64_T24,976,0.5175781250
EM_TOPOLOGY_4X64_T24,977,0.5371093750
EM_TOPOLOGY_4X64_T24,978,0.4492187500
EM_TOPOLOGY_4X64_T24,979,0.4960937500
EM_TOPOLOGY_4X64_T24,980,0.5292968750
EM_TOPOLOGY_4X64_T24,981,0.4785156250
EM_TOPOLOGY_4X64_T24,982,0.5039062500
EM_TOPOLOGY_4X64_T24,983,0.5078125000
EM_TOPOLOGY_4X64_T24,984,0.4746093750
EM_TOPOLOGY_4X64_T24,985,0.5019531250
EM_TOPOLOGY_4X64_T24,986,0.4843750000
EM_TOPOLOGY_4X64_T24,987,0.5058593750
EM_TOPOLOGY_4X64_T24,988,0.5332031250
EM_TOPOLOGY_4X64_T24,989,0.5253906250
EM_TOPOLOGY_4X64_T24,990,0.5332031250
EM_TOPOLOGY_4X64_T24,991,0.5488281250
EM_TOPOLOGY_4X64_T24,992,0.5253906250
EM_TOPOLOGY_4X64_T24,993,0.4550781250
EM_TOPOLOGY_4X64_T24,994,0.5253906250
EM_TOPOLOGY_4X64_T24,995,0.5351562500
EM_TOPOLOGY_4X64_T24,996,0.5292968750
EM_TOPOLOGY_4X64_T24,997,0.5000000000
EM_TOPOLOGY_4X64_T24,998,0.5117187500
EM_TOPOLOGY_4X64_T24,999,0.4707031250
EM_STATE_CHECKPOINT_2X64_T32,0,0.5332031250
EM_STATE_CHECKPOINT_2X64_T32,1,0.5546875000
EM_STATE_CHECKPOINT_2X64_T32,2,0.4609375000
EM_STATE_CHECKPOINT_2X64_T32,3,0.4023437500
EM_STATE_CHECKPOINT_2X64_T32,4,0.4980468750
EM_STATE_CHECKPOINT_2X64_T32,5,0.4882812500
EM_STATE_CHECKPOINT_2X64_T32,6,0.4609375000
EM_STATE_CHECKPOINT_2X64_T32,7,0.5000000000
EM_STATE_CHECKPOINT_2X64_T32,8,0.5019531250
EM_STATE_CHECKPOINT_2X64_T32,9,0.4726562500
EM_STATE_CHECKPOINT_2X64_T32,10,0.5156250000
EM_STATE_CHECKPOINT_2X64_T32,11,0.5234375000
EM_STATE_CHECKPOINT_2X64_T32,12,0.4980468750
EM_STATE_CHECKPOINT_2X64_T32,13,0.5507812500
EM_STATE_CHECKPOINT_2X64_T32,14,0.5507812500
EM_STATE_CHECKPOINT_2X64_T32,15,0.5136718750
EM_STATE_CHECKPOINT_2X64_T32,16,0.4804687500
EM_STATE_CHECKPOINT_2X64_T32,17,0.4921875000
EM_STATE_CHECKPOINT_2X64_T32,18,0.5351562500
EM_STATE_CHECKPOINT_2X64_T32,19,0.4609375000
EM_STATE_CHECKPOINT_2X64_T32,20,0.5117187500
EM_STATE_CHECKPOINT_2X64_T32,21,0.5468750000
EM_STATE_CHECKPOINT_2X64_T32,22,0.5058593750
EM_STATE_CHECKPOINT_2X64_T32,23,0.5410156250
EM_STATE_CHECKPOINT_2X64_T32,24,0.5136718750
EM_STATE_CHECKPOINT_2X64_T32,25,0.5039062500
EM_STATE_CHECKPOINT_2X64_T32,26,0.4511718750
EM_STATE_CHECKPOINT_2X64_T32,27,0.4707031250
EM_STATE_CHECKPOINT_2X64_T32,28,0.4843750000
EM_STATE_CHECKPOINT_2X64_T32,29,0.4824218750
EM_STATE_CHECKPOINT_2X64_T32,30,0.5292968750
EM_STATE_CHECKPOINT_2X64_T32,31,0.5390625000
EM_STATE_CHECKPOINT_2X64_T32,32,0.5136718750
EM_STATE_CHECKPOINT_2X64_T32,33,0.4667968750
EM_STATE_CHECKPOINT_2X64_T32,34,0.5000000000
EM_STATE_CHECKPOINT_2X64_T32,35,0.5585937500
EM_STATE_CHECKPOINT_2X64_T32,36,0.4667968750
EM_STATE_CHECKPOINT_2X64_T32,37,0.4511718750
EM_STATE_CHECKPOINT_2X64_T32,38,0.4414062500
EM_STATE_CHECKPOINT_2X64_T32,39,0.5312500000
EM_STATE_CHECKPOINT_2X64_T32,40,0.5312500000
EM_STATE_CHECKPOINT_2X64_T32,41,0.4824218750
EM_STATE_CHECKPOINT_2X64_T32,42,0.4746093750
EM_STATE_CHECKPOINT_2X64_T32,43,0.4648437500
EM_STATE_CHECKPOINT_2X64_T32,44,0.4531250000
EM_STATE_CHECKPOINT_2X64_T32,45,0.5507812500
EM_STATE_CHECKPOINT_2X64_T32,46,0.4882812500
EM_STATE_CHECKPOINT_2X64_T32,47,0.5097656250
EM_STATE_CHECKPOINT_2X64_T32,48,0.4785156250
EM_STATE_CHECKPOINT_2X64_T32,49,0.4726562500
EM_STATE_CHECKPOINT_2X64_T32,50,0.5312500000
EM_STATE_CHECKPOINT_2X64_T32,51,0.5019531250
EM_STATE_CHECKPOINT_2X64_T32,52,0.4667968750
EM_STATE_CHECKPOINT_2X64_T32,53,0.4960937500
EM_STATE_CHECKPOINT_2X64_T32,54,0.5488281250
EM_STATE_CHECKPOINT_2X64_T32,55,0.5175781250
EM_STATE_CHECKPOINT_2X64_T32,56,0.5468750000
EM_STATE_CHECKPOINT_2X64_T32,57,0.4667968750
EM_STATE_CHECKPOINT_2X64_T32,58,0.4921875000
EM_STATE_CHECKPOINT_2X64_T32,59,0.5078125000
EM_STATE_CHECKPOINT_2X64_T32,60,0.4628906250
EM_STATE_CHECKPOINT_2X64_T32,61,0.4882812500
EM_STATE_CHECKPOINT_2X64_T32,62,0.5136718750
EM_STATE_CHECKPOINT_2X64_T32,63,0.4785156250
EM_STATE_CHECKPOINT_2X64_T32,64,0.4667968750
EM_STATE_CHECKPOINT_2X64_T32,65,0.5312500000
EM_STATE_CHECKPOINT_2X64_T32,66,0.4980468750
EM_STATE_CHECKPOINT_2X64_T32,67,0.4902343750
EM_STATE_CHECKPOINT_2X64_T32,68,0.5273437500
EM_STATE_CHECKPOINT_2X64_T32,69,0.5449218750
EM_STATE_CHECKPOINT_2X64_T32,70,0.4609375000
EM_STATE_CHECKPOINT_2X64_T32,71,0.5351562500
EM_STATE_CHECKPOINT_2X64_T32,72,0.5097656250
EM_STATE_CHECKPOINT_2X64_T32,73,0.4902343750
EM_STATE_CHECKPOINT_2X64_T32,74,0.4882812500
EM_STATE_CHECKPOINT_2X64_T32,75,0.5019531250
EM_STATE_CHECKPOINT_2X64_T32,76,0.4511718750
EM_STATE_CHECKPOINT_2X64_T32,77,0.4941406250
EM_STATE_CHECKPOINT_2X64_T32,78,0.4726562500
EM_STATE_CHECKPOINT_2X64_T32,79,0.5156250000
EM_STATE_CHECKPOINT_2X64_T32,80,0.4863281250
EM_STATE_CHECKPOINT_2X64_T32,81,0.4843750000
EM_STATE_CHECKPOINT_2X64_T32,82,0.5117187500
EM_STATE_CHECKPOINT_2X64_T32,83,0.4960937500
EM_STATE_CHECKPOINT_2X64_T32,84,0.4960937500
EM_STATE_CHECKPOINT_2X64_T32,85,0.5000000000
EM_STATE_CHECKPOINT_2X64_T32,86,0.5117187500
EM_STATE_CHECKPOINT_2X64_T32,87,0.4960937500
EM_STATE_CHECKPOINT_2X64_T32,88,0.5371093750
EM_STATE_CHECKPOINT_2X64_T32,89,0.5156250000
EM_STATE_CHECKPOINT_2X64_T32,90,0.5351562500
EM_STATE_CHECKPOINT_2X64_T32,91,0.5468750000
EM_STATE_CHECKPOINT_2X64_T32,92,0.4531250000
EM_STATE_CHECKPOINT_2X64_T32,93,0.4902343750
EM_STATE_CHECKPOINT_2X64_T32,94,0.5253906250
EM_STATE_CHECKPOINT_2X64_T32,95,0.4843750000
EM_STATE_CHECKPOINT_2X64_T32,96,0.4492187500
EM_STATE_CHECKPOINT_2X64_T32,97,0.5019531250
EM_STATE_CHECKPOINT_2X64_T32,98,0.4960937500
EM_STATE_CHECKPOINT_2X64_T32,99,0.4589843750
EM_STATE_CHECKPOINT_2X64_T32,100,0.4785156250
EM_STATE_CHECKPOINT_2X64_T32,101,0.5605468750
EM_STATE_CHECKPOINT_2X64_T32,102,0.4609375000
EM_STATE_CHECKPOINT_2X64_T32,103,0.4472656250
EM_STATE_CHECKPOINT_2X64_T32,104,0.5410156250
EM_STATE_CHECKPOINT_2X64_T32,105,0.5156250000
EM_STATE_CHECKPOINT_2X64_T32,106,0.4960937500
EM_STATE_CHECKPOINT_2X64_T32,107,0.4765625000
EM_STATE_CHECKPOINT_2X64_T32,108,0.5546875000
EM_STATE_CHECKPOINT_2X64_T32,109,0.5156250000
EM_STATE_CHECKPOINT_2X64_T32,110,0.4687500000
EM_STATE_CHECKPOINT_2X64_T32,111,0.4726562500
EM_STATE_CHECKPOINT_2X64_T32,112,0.4960937500
EM_STATE_CHECKPOINT_2X64_T32,113,0.5175781250
EM_STATE_CHECKPOINT_2X64_T32,114,0.5175781250
EM_STATE_CHECKPOINT_2X64_T32,115,0.5234375000
EM_STATE_CHECKPOINT_2X64_T32,116,0.4960937500
EM_STATE_CHECKPOINT_2X64_T32,117,0.5292968750
EM_STATE_CHECKPOINT_2X64_T32,118,0.5351562500
EM_STATE_CHECKPOINT_2X64_T32,119,0.5273437500
EM_STATE_CHECKPOINT_2X64_T32,120,0.4453125000
EM_STATE_CHECKPOINT_2X64_T32,121,0.4882812500
EM_STATE_CHECKPOINT_2X64_T32,122,0.4648437500
EM_STATE_CHECKPOINT_2X64_T32,123,0.4921875000
EM_STATE_CHECKPOINT_2X64_T32,124,0.5058593750
EM_STATE_CHECKPOINT_2X64_T32,125,0.4609375000
EM_STATE_CHECKPOINT_2X64_T32,126,0.5039062500
EM_STATE_CHECKPOINT_2X64_T32,127,0.5078125000
EM_STATE_CHECKPOINT_2X64_T32,128,0.5703125000
EM_STATE_CHECKPOINT_2X64_T32,129,0.5000000000
EM_STATE_CHECKPOINT_2X64_T32,130,0.5136718750
EM_STATE_CHECKPOINT_2X64_T32,131,0.4785156250
EM_STATE_CHECKPOINT_2X64_T32,132,0.5332031250
EM_STATE_CHECKPOINT_2X64_T32,133,0.5117187500
EM_STATE_CHECKPOINT_2X64_T32,134,0.4843750000
EM_STATE_CHECKPOINT_2X64_T32,135,0.5195312500
EM_STATE_CHECKPOINT_2X64_T32,136,0.4746093750
EM_STATE_CHECKPOINT_2X64_T32,137,0.5273437500
EM_STATE_CHECKPOINT_2X64_T32,138,0.4531250000
EM_STATE_CHECKPOINT_2X64_T32,139,0.5156250000
EM_STATE_CHECKPOINT_2X64_T32,140,0.5175781250
EM_STATE_CHECKPOINT_2X64_T32,141,0.4843750000
EM_STATE_CHECKPOINT_2X64_T32,142,0.5039062500
EM_STATE_CHECKPOINT_2X64_T32,143,0.5175781250
EM_STATE_CHECKPOINT_2X64_T32,144,0.5078125000
EM_STATE_CHECKPOINT_2X64_T32,145,0.4550781250
EM_STATE_CHECKPOINT_2X64_T32,146,0.4843750000
EM_STATE_CHECKPOINT_2X64_T32,147,0.5078125000
EM_STATE_CHECKPOINT_2X64_T32,148,0.4296875000
EM_STATE_CHECKPOINT_2X64_T32,149,0.4824218750
EM_STATE_CHECKPOINT_2X64_T32,150,0.5312500000
EM_STATE_CHECKPOINT_2X64_T32,151,0.4882812500
EM_STATE_CHECKPOINT_2X64_T32,152,0.5371093750
EM_STATE_CHECKPOINT_2X64_T32,153,0.4804687500
EM_STATE_CHECKPOINT_2X64_T32,154,0.5078125000
EM_STATE_CHECKPOINT_2X64_T32,155,0.5488281250
EM_STATE_CHECKPOINT_2X64_T32,156,0.5097656250
EM_STATE_CHECKPOINT_2X64_T32,157,0.4648437500
EM_STATE_CHECKPOINT_2X64_T32,158,0.4765625000
EM_STATE_CHECKPOINT_2X64_T32,159,0.5039062500
EM_STATE_CHECKPOINT_2X64_T32,160,0.4960937500
EM_STATE_CHECKPOINT_2X64_T32,161,0.4921875000
EM_STATE_CHECKPOINT_2X64_T32,162,0.4804687500
EM_STATE_CHECKPOINT_2X64_T32,163,0.4941406250
EM_STATE_CHECKPOINT_2X64_T32,164,0.5058593750
EM_STATE_CHECKPOINT_2X64_T32,165,0.4882812500
EM_STATE_CHECKPOINT_2X64_T32,166,0.4921875000
EM_STATE_CHECKPOINT_2X64_T32,167,0.4863281250
EM_STATE_CHECKPOINT_2X64_T32,168,0.5156250000
EM_STATE_CHECKPOINT_2X64_T32,169,0.4472656250
EM_STATE_CHECKPOINT_2X64_T32,170,0.5351562500
EM_STATE_CHECKPOINT_2X64_T32,171,0.4746093750
EM_STATE_CHECKPOINT_2X64_T32,172,0.5136718750
EM_STATE_CHECKPOINT_2X64_T32,173,0.5468750000
EM_STATE_CHECKPOINT_2X64_T32,174,0.5566406250
EM_STATE_CHECKPOINT_2X64_T32,175,0.4687500000
EM_STATE_CHECKPOINT_2X64_T32,176,0.5371093750
EM_STATE_CHECKPOINT_2X64_T32,177,0.4980468750
EM_STATE_CHECKPOINT_2X64_T32,178,0.5019531250
EM_STATE_CHECKPOINT_2X64_T32,179,0.4453125000
EM_STATE_CHECKPOINT_2X64_T32,180,0.4453125000
EM_STATE_CHECKPOINT_2X64_T32,181,0.4863281250
EM_STATE_CHECKPOINT_2X64_T32,182,0.4609375000
EM_STATE_CHECKPOINT_2X64_T32,183,0.5468750000
EM_STATE_CHECKPOINT_2X64_T32,184,0.4667968750
EM_STATE_CHECKPOINT_2X64_T32,185,0.4882812500
EM_STATE_CHECKPOINT_2X64_T32,186,0.5039062500
EM_STATE_CHECKPOINT_2X64_T32,187,0.4726562500
EM_STATE_CHECKPOINT_2X64_T32,188,0.5019531250
EM_STATE_CHECKPOINT_2X64_T32,189,0.5214843750
EM_STATE_CHECKPOINT_2X64_T32,190,0.4765625000
EM_STATE_CHECKPOINT_2X64_T32,191,0.4863281250
EM_STATE_CHECKPOINT_2X64_T32,192,0.4863281250
EM_STATE_CHECKPOINT_2X64_T32,193,0.4902343750
EM_STATE_CHECKPOINT_2X64_T32,194,0.5234375000
EM_STATE_CHECKPOINT_2X64_T32,195,0.5292968750
EM_STATE_CHECKPOINT_2X64_T32,196,0.4375000000
EM_STATE_CHECKPOINT_2X64_T32,197,0.4472656250
EM_STATE_CHECKPOINT_2X64_T32,198,0.4609375000
EM_STATE_CHECKPOINT_2X64_T32,199,0.4843750000
EM_STATE_CHECKPOINT_2X64_T32,200,0.5039062500
EM_STATE_CHECKPOINT_2X64_T32,201,0.5000000000
EM_STATE_CHECKPOINT_2X64_T32,202,0.4648437500
EM_STATE_CHECKPOINT_2X64_T32,203,0.4941406250
EM_STATE_CHECKPOINT_2X64_T32,204,0.4570312500
EM_STATE_CHECKPOINT_2X64_T32,205,0.5000000000
EM_STATE_CHECKPOINT_2X64_T32,206,0.5136718750
EM_STATE_CHECKPOINT_2X64_T32,207,0.4609375000
EM_STATE_CHECKPOINT_2X64_T32,208,0.4746093750
EM_STATE_CHECKPOINT_2X64_T32,209,0.4531250000
EM_STATE_CHECKPOINT_2X64_T32,210,0.5000000000
EM_STATE_CHECKPOINT_2X64_T32,211,0.5039062500
EM_STATE_CHECKPOINT_2X64_T32,212,0.5234375000
EM_STATE_CHECKPOINT_2X64_T32,213,0.4746093750
EM_STATE_CHECKPOINT_2X64_T32,214,0.4570312500
EM_STATE_CHECKPOINT_2X64_T32,215,0.4921875000
EM_STATE_CHECKPOINT_2X64_T32,216,0.5253906250
EM_STATE_CHECKPOINT_2X64_T32,217,0.4609375000
EM_STATE_CHECKPOINT_2X64_T32,218,0.5605468750
EM_STATE_CHECKPOINT_2X64_T32,219,0.5527343750
EM_STATE_CHECKPOINT_2X64_T32,220,0.4648437500
EM_STATE_CHECKPOINT_2X64_T32,221,0.5332031250
EM_STATE_CHECKPOINT_2X64_T32,222,0.5156250000
EM_STATE_CHECKPOINT_2X64_T32,223,0.5000000000
EM_STATE_CHECKPOINT_2X64_T32,224,0.5117187500
EM_STATE_CHECKPOINT_2X64_T32,225,0.5019531250
EM_STATE_CHECKPOINT_2X64_T32,226,0.5058593750
EM_STATE_CHECKPOINT_2X64_T32,227,0.4902343750
EM_STATE_CHECKPOINT_2X64_T32,228,0.5566406250
EM_STATE_CHECKPOINT_2X64_T32,229,0.4570312500
EM_STATE_CHECKPOINT_2X64_T32,230,0.4824218750
EM_STATE_CHECKPOINT_2X64_T32,231,0.5507812500
EM_STATE_CHECKPOINT_2X64_T32,232,0.4980468750
EM_STATE_CHECKPOINT_2X64_T32,233,0.5039062500
EM_STATE_CHECKPOINT_2X64_T32,234,0.5175781250
EM_STATE_CHECKPOINT_2X64_T32,235,0.5175781250
EM_STATE_CHECKPOINT_2X64_T32,236,0.5019531250
EM_STATE_CHECKPOINT_2X64_T32,237,0.4921875000
EM_STATE_CHECKPOINT_2X64_T32,238,0.4765625000
EM_STATE_CHECKPOINT_2X64_T32,239,0.5175781250
EM_STATE_CHECKPOINT_2X64_T32,240,0.5351562500
EM_STATE_CHECKPOINT_2X64_T32,241,0.4921875000
EM_STATE_CHECKPOINT_2X64_T32,242,0.5292968750
EM_STATE_CHECKPOINT_2X64_T32,243,0.4960937500
EM_STATE_CHECKPOINT_2X64_T32,244,0.5039062500
EM_STATE_CHECKPOINT_2X64_T32,245,0.5214843750
EM_STATE_CHECKPOINT_2X64_T32,246,0.5234375000
EM_STATE_CHECKPOINT_2X64_T32,247,0.4960937500
EM_STATE_CHECKPOINT_2X64_T32,248,0.4785156250
EM_STATE_CHECKPOINT_2X64_T32,249,0.5234375000
EM_STATE_CHECKPOINT_2X64_T32,250,0.5078125000
EM_STATE_CHECKPOINT_2X64_T32,251,0.4960937500
EM_STATE_CHECKPOINT_2X64_T32,252,0.5605468750
EM_STATE_CHECKPOINT_2X64_T32,253,0.4394531250
EM_STATE_CHECKPOINT_2X64_T32,254,0.5292968750
EM_STATE_CHECKPOINT_2X64_T32,255,0.5156250000
EM_STATE_CHECKPOINT_2X64_T32,256,0.5039062500
EM_STATE_CHECKPOINT_2X64_T32,257,0.4648437500
EM_STATE_CHECKPOINT_2X64_T32,258,0.4726562500
EM_STATE_CHECKPOINT_2X64_T32,259,0.5039062500
EM_STATE_CHECKPOINT_2X64_T32,260,0.5351562500
EM_STATE_CHECKPOINT_2X64_T32,261,0.4785156250
EM_STATE_CHECKPOINT_2X64_T32,262,0.5546875000
EM_STATE_CHECKPOINT_2X64_T32,263,0.5175781250
EM_STATE_CHECKPOINT_2X64_T32,264,0.4785156250
EM_STATE_CHECKPOINT_2X64_T32,265,0.4609375000
EM_STATE_CHECKPOINT_2X64_T32,266,0.4648437500
EM_STATE_CHECKPOINT_2X64_T32,267,0.5507812500
EM_STATE_CHECKPOINT_2X64_T32,268,0.4902343750
EM_STATE_CHECKPOINT_2X64_T32,269,0.4980468750
EM_STATE_CHECKPOINT_2X64_T32,270,0.5097656250
EM_STATE_CHECKPOINT_2X64_T32,271,0.5156250000
EM_STATE_CHECKPOINT_2X64_T32,272,0.5175781250
EM_STATE_CHECKPOINT_2X64_T32,273,0.5371093750
EM_STATE_CHECKPOINT_2X64_T32,274,0.4394531250
EM_STATE_CHECKPOINT_2X64_T32,275,0.4941406250
EM_STATE_CHECKPOINT_2X64_T32,276,0.5078125000
EM_STATE_CHECKPOINT_2X64_T32,277,0.5000000000
EM_STATE_CHECKPOINT_2X64_T32,278,0.4765625000
EM_STATE_CHECKPOINT_2X64_T32,279,0.5156250000
EM_STATE_CHECKPOINT_2X64_T32,280,0.4921875000
EM_STATE_CHECKPOINT_2X64_T32,281,0.4941406250
EM_STATE_CHECKPOINT_2X64_T32,282,0.5175781250
EM_STATE_CHECKPOINT_2X64_T32,283,0.4902343750
EM_STATE_CHECKPOINT_2X64_T32,284,0.4726562500
EM_STATE_CHECKPOINT_2X64_T32,285,0.4785156250
EM_STATE_CHECKPOINT_2X64_T32,286,0.4589843750
EM_STATE_CHECKPOINT_2X64_T32,287,0.5253906250
EM_STATE_CHECKPOINT_2X64_T32,288,0.5859375000
EM_STATE_CHECKPOINT_2X64_T32,289,0.4843750000
EM_STATE_CHECKPOINT_2X64_T32,290,0.4843750000
EM_STATE_CHECKPOINT_2X64_T32,291,0.5097656250
EM_STATE_CHECKPOINT_2X64_T32,292,0.5117187500
EM_STATE_CHECKPOINT_2X64_T32,293,0.4960937500
EM_STATE_CHECKPOINT_2X64_T32,294,0.4941406250
EM_STATE_CHECKPOINT_2X64_T32,295,0.5136718750
EM_STATE_CHECKPOINT_2X64_T32,296,0.5234375000
EM_STATE_CHECKPOINT_2X64_T32,297,0.5019531250
EM_STATE_CHECKPOINT_2X64_T32,298,0.4824218750
EM_STATE_CHECKPOINT_2X64_T32,299,0.4980468750
EM_STATE_CHECKPOINT_2X64_T32,300,0.6074218750
EM_STATE_CHECKPOINT_2X64_T32,301,0.4863281250
EM_STATE_CHECKPOINT_2X64_T32,302,0.4882812500
EM_STATE_CHECKPOINT_2X64_T32,303,0.5468750000
EM_STATE_CHECKPOINT_2X64_T32,304,0.5585937500
EM_STATE_CHECKPOINT_2X64_T32,305,0.5117187500
EM_STATE_CHECKPOINT_2X64_T32,306,0.5332031250
EM_STATE_CHECKPOINT_2X64_T32,307,0.4824218750
EM_STATE_CHECKPOINT_2X64_T32,308,0.5039062500
EM_STATE_CHECKPOINT_2X64_T32,309,0.4824218750
EM_STATE_CHECKPOINT_2X64_T32,310,0.5371093750
EM_STATE_CHECKPOINT_2X64_T32,311,0.4843750000
EM_STATE_CHECKPOINT_2X64_T32,312,0.5097656250
EM_STATE_CHECKPOINT_2X64_T32,313,0.5390625000
EM_STATE_CHECKPOINT_2X64_T32,314,0.4355468750
EM_STATE_CHECKPOINT_2X64_T32,315,0.5156250000
EM_STATE_CHECKPOINT_2X64_T32,316,0.4570312500
EM_STATE_CHECKPOINT_2X64_T32,317,0.5117187500
EM_STATE_CHECKPOINT_2X64_T32,318,0.5449218750
EM_STATE_CHECKPOINT_2X64_T32,319,0.5507812500
EM_STATE_CHECKPOINT_2X64_T32,320,0.5371093750
EM_STATE_CHECKPOINT_2X64_T32,321,0.4726562500
EM_STATE_CHECKPOINT_2X64_T32,322,0.4746093750
EM_STATE_CHECKPOINT_2X64_T32,323,0.4863281250
EM_STATE_CHECKPOINT_2X64_T32,324,0.5566406250
EM_STATE_CHECKPOINT_2X64_T32,325,0.4726562500
EM_STATE_CHECKPOINT_2X64_T32,326,0.5058593750
EM_STATE_CHECKPOINT_2X64_T32,327,0.5058593750
EM_STATE_CHECKPOINT_2X64_T32,328,0.4824218750
EM_STATE_CHECKPOINT_2X64_T32,329,0.5136718750
EM_STATE_CHECKPOINT_2X64_T32,330,0.4941406250
EM_STATE_CHECKPOINT_2X64_T32,331,0.5039062500
EM_STATE_CHECKPOINT_2X64_T32,332,0.5703125000
EM_STATE_CHECKPOINT_2X64_T32,333,0.5429687500
EM_STATE_CHECKPOINT_2X64_T32,334,0.4746093750
EM_STATE_CHECKPOINT_2X64_T32,335,0.4355468750
EM_STATE_CHECKPOINT_2X64_T32,336,0.4628906250
EM_STATE_CHECKPOINT_2X64_T32,337,0.4941406250
EM_STATE_CHECKPOINT_2X64_T32,338,0.5449218750
EM_STATE_CHECKPOINT_2X64_T32,339,0.5058593750
EM_STATE_CHECKPOINT_2X64_T32,340,0.4785156250
EM_STATE_CHECKPOINT_2X64_T32,341,0.4667968750
EM_STATE_CHECKPOINT_2X64_T32,342,0.5000000000
EM_STATE_CHECKPOINT_2X64_T32,343,0.5234375000
EM_STATE_CHECKPOINT_2X64_T32,344,0.5000000000
EM_STATE_CHECKPOINT_2X64_T32,345,0.5214843750
EM_STATE_CHECKPOINT_2X64_T32,346,0.5156250000
EM_STATE_CHECKPOINT_2X64_T32,347,0.5390625000
EM_STATE_CHECKPOINT_2X64_T32,348,0.5136718750
EM_STATE_CHECKPOINT_2X64_T32,349,0.5000000000
EM_STATE_CHECKPOINT_2X64_T32,350,0.4941406250
EM_STATE_CHECKPOINT_2X64_T32,351,0.4687500000
EM_STATE_CHECKPOINT_2X64_T32,352,0.5117187500
EM_STATE_CHECKPOINT_2X64_T32,353,0.4863281250
EM_STATE_CHECKPOINT_2X64_T32,354,0.5058593750
EM_STATE_CHECKPOINT_2X64_T32,355,0.4707031250
EM_STATE_CHECKPOINT_2X64_T32,356,0.4960937500
EM_STATE_CHECKPOINT_2X64_T32,357,0.5507812500
EM_STATE_CHECKPOINT_2X64_T32,358,0.5214843750
EM_STATE_CHECKPOINT_2X64_T32,359,0.4414062500
EM_STATE_CHECKPOINT_2X64_T32,360,0.4589843750
EM_STATE_CHECKPOINT_2X64_T32,361,0.5078125000
EM_STATE_CHECKPOINT_2X64_T32,362,0.4746093750
EM_STATE_CHECKPOINT_2X64_T32,363,0.4804687500
EM_STATE_CHECKPOINT_2X64_T32,364,0.4843750000
EM_STATE_CHECKPOINT_2X64_T32,365,0.5097656250
EM_STATE_CHECKPOINT_2X64_T32,366,0.5371093750
EM_STATE_CHECKPOINT_2X64_T32,367,0.5253906250
EM_STATE_CHECKPOINT_2X64_T32,368,0.5546875000
EM_STATE_CHECKPOINT_2X64_T32,369,0.5253906250
EM_STATE_CHECKPOINT_2X64_T32,370,0.5097656250
EM_STATE_CHECKPOINT_2X64_T32,371,0.5703125000
EM_STATE_CHECKPOINT_2X64_T32,372,0.5195312500
EM_STATE_CHECKPOINT_2X64_T32,373,0.5390625000
EM_STATE_CHECKPOINT_2X64_T32,374,0.4921875000
EM_STATE_CHECKPOINT_2X64_T32,375,0.5136718750
EM_STATE_CHECKPOINT_2X64_T32,376,0.5019531250
EM_STATE_CHECKPOINT_2X64_T32,377,0.4609375000
EM_STATE_CHECKPOINT_2X64_T32,378,0.5175781250
EM_STATE_CHECKPOINT_2X64_T32,379,0.5136718750
EM_STATE_CHECKPOINT_2X64_T32,380,0.4609375000
EM_STATE_CHECKPOINT_2X64_T32,381,0.4882812500
EM_STATE_CHECKPOINT_2X64_T32,382,0.5371093750
EM_STATE_CHECKPOINT_2X64_T32,383,0.5312500000
EM_STATE_CHECKPOINT_2X64_T32,384,0.5390625000
EM_STATE_CHECKPOINT_2X64_T32,385,0.5214843750
EM_STATE_CHECKPOINT_2X64_T32,386,0.4355468750
EM_STATE_CHECKPOINT_2X64_T32,387,0.4511718750
EM_STATE_CHECKPOINT_2X64_T32,388,0.4921875000
EM_STATE_CHECKPOINT_2X64_T32,389,0.4941406250
EM_STATE_CHECKPOINT_2X64_T32,390,0.5000000000
EM_STATE_CHECKPOINT_2X64_T32,391,0.5253906250
EM_STATE_CHECKPOINT_2X64_T32,392,0.4980468750
EM_STATE_CHECKPOINT_2X64_T32,393,0.5175781250
EM_STATE_CHECKPOINT_2X64_T32,394,0.4316406250
EM_STATE_CHECKPOINT_2X64_T32,395,0.4609375000
EM_STATE_CHECKPOINT_2X64_T32,396,0.5000000000
EM_STATE_CHECKPOINT_2X64_T32,397,0.4472656250
EM_STATE_CHECKPOINT_2X64_T32,398,0.4492187500
EM_STATE_CHECKPOINT_2X64_T32,399,0.5058593750
EM_STATE_CHECKPOINT_2X64_T32,400,0.5058593750
EM_STATE_CHECKPOINT_2X64_T32,401,0.5214843750
EM_STATE_CHECKPOINT_2X64_T32,402,0.5078125000
EM_STATE_CHECKPOINT_2X64_T32,403,0.5429687500
EM_STATE_CHECKPOINT_2X64_T32,404,0.5234375000
EM_STATE_CHECKPOINT_2X64_T32,405,0.5097656250
EM_STATE_CHECKPOINT_2X64_T32,406,0.4960937500
EM_STATE_CHECKPOINT_2X64_T32,407,0.5664062500
EM_STATE_CHECKPOINT_2X64_T32,408,0.5136718750
EM_STATE_CHECKPOINT_2X64_T32,409,0.4882812500
EM_STATE_CHECKPOINT_2X64_T32,410,0.4667968750
EM_STATE_CHECKPOINT_2X64_T32,411,0.4921875000
EM_STATE_CHECKPOINT_2X64_T32,412,0.4921875000
EM_STATE_CHECKPOINT_2X64_T32,413,0.5351562500
EM_STATE_CHECKPOINT_2X64_T32,414,0.5351562500
EM_STATE_CHECKPOINT_2X64_T32,415,0.5351562500
EM_STATE_CHECKPOINT_2X64_T32,416,0.5195312500
EM_STATE_CHECKPOINT_2X64_T32,417,0.4980468750
EM_STATE_CHECKPOINT_2X64_T32,418,0.5214843750
EM_STATE_CHECKPOINT_2X64_T32,419,0.4628906250
EM_STATE_CHECKPOINT_2X64_T32,420,0.4492187500
EM_STATE_CHECKPOINT_2X64_T32,421,0.4550781250
EM_STATE_CHECKPOINT_2X64_T32,422,0.4980468750
EM_STATE_CHECKPOINT_2X64_T32,423,0.5136718750
EM_STATE_CHECKPOINT_2X64_T32,424,0.4707031250
EM_STATE_CHECKPOINT_2X64_T32,425,0.5136718750
EM_STATE_CHECKPOINT_2X64_T32,426,0.4667968750
EM_STATE_CHECKPOINT_2X64_T32,427,0.5078125000
EM_STATE_CHECKPOINT_2X64_T32,428,0.5078125000
EM_STATE_CHECKPOINT_2X64_T32,429,0.5000000000
EM_STATE_CHECKPOINT_2X64_T32,430,0.4941406250
EM_STATE_CHECKPOINT_2X64_T32,431,0.5019531250
EM_STATE_CHECKPOINT_2X64_T32,432,0.5117187500
EM_STATE_CHECKPOINT_2X64_T32,433,0.5234375000
EM_STATE_CHECKPOINT_2X64_T32,434,0.5214843750
EM_STATE_CHECKPOINT_2X64_T32,435,0.4980468750
EM_STATE_CHECKPOINT_2X64_T32,436,0.4707031250
EM_STATE_CHECKPOINT_2X64_T32,437,0.4648437500
EM_STATE_CHECKPOINT_2X64_T32,438,0.5292968750
EM_STATE_CHECKPOINT_2X64_T32,439,0.5312500000
EM_STATE_CHECKPOINT_2X64_T32,440,0.5585937500
EM_STATE_CHECKPOINT_2X64_T32,441,0.4843750000
EM_STATE_CHECKPOINT_2X64_T32,442,0.4472656250
EM_STATE_CHECKPOINT_2X64_T32,443,0.5039062500
EM_STATE_CHECKPOINT_2X64_T32,444,0.5136718750
EM_STATE_CHECKPOINT_2X64_T32,445,0.4921875000
EM_STATE_CHECKPOINT_2X64_T32,446,0.5058593750
EM_STATE_CHECKPOINT_2X64_T32,447,0.5390625000
EM_STATE_CHECKPOINT_2X64_T32,448,0.5234375000
EM_STATE_CHECKPOINT_2X64_T32,449,0.4707031250
EM_STATE_CHECKPOINT_2X64_T32,450,0.4980468750
EM_STATE_CHECKPOINT_2X64_T32,451,0.4863281250
EM_STATE_CHECKPOINT_2X64_T32,452,0.5664062500
EM_STATE_CHECKPOINT_2X64_T32,453,0.4785156250
EM_STATE_CHECKPOINT_2X64_T32,454,0.4453125000
EM_STATE_CHECKPOINT_2X64_T32,455,0.4589843750
EM_STATE_CHECKPOINT_2X64_T32,456,0.5234375000
EM_STATE_CHECKPOINT_2X64_T32,457,0.4648437500
EM_STATE_CHECKPOINT_2X64_T32,458,0.4921875000
EM_STATE_CHECKPOINT_2X64_T32,459,0.5195312500
EM_STATE_CHECKPOINT_2X64_T32,460,0.4902343750
EM_STATE_CHECKPOINT_2X64_T32,461,0.5566406250
EM_STATE_CHECKPOINT_2X64_T32,462,0.5117187500
EM_STATE_CHECKPOINT_2X64_T32,463,0.4902343750
EM_STATE_CHECKPOINT_2X64_T32,464,0.5234375000
EM_STATE_CHECKPOINT_2X64_T32,465,0.4707031250
EM_STATE_CHECKPOINT_2X64_T32,466,0.4980468750
EM_STATE_CHECKPOINT_2X64_T32,467,0.5410156250
EM_STATE_CHECKPOINT_2X64_T32,468,0.4824218750
EM_STATE_CHECKPOINT_2X64_T32,469,0.5117187500
EM_STATE_CHECKPOINT_2X64_T32,470,0.4687500000
EM_STATE_CHECKPOINT_2X64_T32,471,0.5156250000
EM_STATE_CHECKPOINT_2X64_T32,472,0.4804687500
EM_STATE_CHECKPOINT_2X64_T32,473,0.4433593750
EM_STATE_CHECKPOINT_2X64_T32,474,0.4960937500
EM_STATE_CHECKPOINT_2X64_T32,475,0.4667968750
EM_STATE_CHECKPOINT_2X64_T32,476,0.4902343750
EM_STATE_CHECKPOINT_2X64_T32,477,0.5136718750
EM_STATE_CHECKPOINT_2X64_T32,478,0.4960937500
EM_STATE_CHECKPOINT_2X64_T32,479,0.4863281250
EM_STATE_CHECKPOINT_2X64_T32,480,0.5175781250
EM_STATE_CHECKPOINT_2X64_T32,481,0.5175781250
EM_STATE_CHECKPOINT_2X64_T32,482,0.5527343750
EM_STATE_CHECKPOINT_2X64_T32,483,0.5097656250
EM_STATE_CHECKPOINT_2X64_T32,484,0.5546875000
EM_STATE_CHECKPOINT_2X64_T32,485,0.4863281250
EM_STATE_CHECKPOINT_2X64_T32,486,0.5136718750
EM_STATE_CHECKPOINT_2X64_T32,487,0.4023437500
EM_STATE_CHECKPOINT_2X64_T32,488,0.5019531250
EM_STATE_CHECKPOINT_2X64_T32,489,0.5292968750
EM_STATE_CHECKPOINT_2X64_T32,490,0.4980468750
EM_STATE_CHECKPOINT_2X64_T32,491,0.5000000000
EM_STATE_CHECKPOINT_2X64_T32,492,0.5136718750
EM_STATE_CHECKPOINT_2X64_T32,493,0.4726562500
EM_STATE_CHECKPOINT_2X64_T32,494,0.5136718750
EM_STATE_CHECKPOINT_2X64_T32,495,0.5175781250
EM_STATE_CHECKPOINT_2X64_T32,496,0.4804687500
EM_STATE_CHECKPOINT_2X64_T32,497,0.4707031250
EM_STATE_CHECKPOINT_2X64_T32,498,0.5078125000
EM_STATE_CHECKPOINT_2X64_T32,499,0.5078125000
EM_STATE_CHECKPOINT_2X64_T32,500,0.4804687500
EM_STATE_CHECKPOINT_2X64_T32,501,0.5058593750
EM_STATE_CHECKPOINT_2X64_T32,502,0.5429687500
EM_STATE_CHECKPOINT_2X64_T32,503,0.5488281250
EM_STATE_CHECKPOINT_2X64_T32,504,0.4960937500
EM_STATE_CHECKPOINT_2X64_T32,505,0.5058593750
EM_STATE_CHECKPOINT_2X64_T32,506,0.5136718750
EM_STATE_CHECKPOINT_2X64_T32,507,0.4628906250
EM_STATE_CHECKPOINT_2X64_T32,508,0.5039062500
EM_STATE_CHECKPOINT_2X64_T32,509,0.5351562500
EM_STATE_CHECKPOINT_2X64_T32,510,0.4355468750
EM_STATE_CHECKPOINT_2X64_T32,511,0.4355468750
EM_STATE_CHECKPOINT_2X64_T32,512,0.4433593750
EM_STATE_CHECKPOINT_2X64_T32,513,0.4960937500
EM_STATE_CHECKPOINT_2X64_T32,514,0.4863281250
EM_STATE_CHECKPOINT_2X64_T32,515,0.5761718750
EM_STATE_CHECKPOINT_2X64_T32,516,0.4746093750
EM_STATE_CHECKPOINT_2X64_T32,517,0.4921875000
EM_STATE_CHECKPOINT_2X64_T32,518,0.5195312500
EM_STATE_CHECKPOINT_2X64_T32,519,0.4707031250
EM_STATE_CHECKPOINT_2X64_T32,520,0.5156250000
EM_STATE_CHECKPOINT_2X64_T32,521,0.4140625000
EM_STATE_CHECKPOINT_2X64_T32,522,0.4804687500
EM_STATE_CHECKPOINT_2X64_T32,523,0.4843750000
EM_STATE_CHECKPOINT_2X64_T32,524,0.5332031250
EM_STATE_CHECKPOINT_2X64_T32,525,0.4609375000
EM_STATE_CHECKPOINT_2X64_T32,526,0.5175781250
EM_STATE_CHECKPOINT_2X64_T32,527,0.5449218750
EM_STATE_CHECKPOINT_2X64_T32,528,0.5156250000
EM_STATE_CHECKPOINT_2X64_T32,529,0.4570312500
EM_STATE_CHECKPOINT_2X64_T32,530,0.4570312500
EM_STATE_CHECKPOINT_2X64_T32,531,0.5390625000
EM_STATE_CHECKPOINT_2X64_T32,532,0.4843750000
EM_STATE_CHECKPOINT_2X64_T32,533,0.5097656250
EM_STATE_CHECKPOINT_2X64_T32,534,0.5742187500
EM_STATE_CHECKPOINT_2X64_T32,535,0.4609375000
EM_STATE_CHECKPOINT_2X64_T32,536,0.4765625000
EM_STATE_CHECKPOINT_2X64_T32,537,0.5058593750
EM_STATE_CHECKPOINT_2X64_T32,538,0.5527343750
EM_STATE_CHECKPOINT_2X64_T32,539,0.5468750000
EM_STATE_CHECKPOINT_2X64_T32,540,0.4667968750
EM_STATE_CHECKPOINT_2X64_T32,541,0.4941406250
EM_STATE_CHECKPOINT_2X64_T32,542,0.4726562500
EM_STATE_CHECKPOINT_2X64_T32,543,0.4648437500
EM_STATE_CHECKPOINT_2X64_T32,544,0.4667968750
EM_STATE_CHECKPOINT_2X64_T32,545,0.4980468750
EM_STATE_CHECKPOINT_2X64_T32,546,0.5371093750
EM_STATE_CHECKPOINT_2X64_T32,547,0.5273437500
EM_STATE_CHECKPOINT_2X64_T32,548,0.4667968750
EM_STATE_CHECKPOINT_2X64_T32,549,0.5273437500
EM_STATE_CHECKPOINT_2X64_T32,550,0.4335937500
EM_STATE_CHECKPOINT_2X64_T32,551,0.4941406250
EM_STATE_CHECKPOINT_2X64_T32,552,0.5429687500
EM_STATE_CHECKPOINT_2X64_T32,553,0.5292968750
EM_STATE_CHECKPOINT_2X64_T32,554,0.4843750000
EM_STATE_CHECKPOINT_2X64_T32,555,0.5214843750
EM_STATE_CHECKPOINT_2X64_T32,556,0.4941406250
EM_STATE_CHECKPOINT_2X64_T32,557,0.5078125000
EM_STATE_CHECKPOINT_2X64_T32,558,0.4648437500
EM_STATE_CHECKPOINT_2X64_T32,559,0.5234375000
EM_STATE_CHECKPOINT_2X64_T32,560,0.5781250000
EM_STATE_CHECKPOINT_2X64_T32,561,0.4843750000
EM_STATE_CHECKPOINT_2X64_T32,562,0.5175781250
EM_STATE_CHECKPOINT_2X64_T32,563,0.4843750000
EM_STATE_CHECKPOINT_2X64_T32,564,0.5175781250
EM_STATE_CHECKPOINT_2X64_T32,565,0.4980468750
EM_STATE_CHECKPOINT_2X64_T32,566,0.5000000000
EM_STATE_CHECKPOINT_2X64_T32,567,0.4648437500
EM_STATE_CHECKPOINT_2X64_T32,568,0.5234375000
EM_STATE_CHECKPOINT_2X64_T32,569,0.5449218750
EM_STATE_CHECKPOINT_2X64_T32,570,0.4960937500
EM_STATE_CHECKPOINT_2X64_T32,571,0.5058593750
EM_STATE_CHECKPOINT_2X64_T32,572,0.5195312500
EM_STATE_CHECKPOINT_2X64_T32,573,0.5195312500
EM_STATE_CHECKPOINT_2X64_T32,574,0.5195312500
EM_STATE_CHECKPOINT_2X64_T32,575,0.5175781250
EM_STATE_CHECKPOINT_2X64_T32,576,0.5351562500
EM_STATE_CHECKPOINT_2X64_T32,577,0.4628906250
EM_STATE_CHECKPOINT_2X64_T32,578,0.5039062500
EM_STATE_CHECKPOINT_2X64_T32,579,0.5507812500
EM_STATE_CHECKPOINT_2X64_T32,580,0.4746093750
EM_STATE_CHECKPOINT_2X64_T32,581,0.4628906250
EM_STATE_CHECKPOINT_2X64_T32,582,0.5351562500
EM_STATE_CHECKPOINT_2X64_T32,583,0.5019531250
EM_STATE_CHECKPOINT_2X64_T32,584,0.4433593750
EM_STATE_CHECKPOINT_2X64_T32,585,0.5292968750
EM_STATE_CHECKPOINT_2X64_T32,586,0.5214843750
EM_STATE_CHECKPOINT_2X64_T32,587,0.5214843750
EM_STATE_CHECKPOINT_2X64_T32,588,0.5332031250
EM_STATE_CHECKPOINT_2X64_T32,589,0.4921875000
EM_STATE_CHECKPOINT_2X64_T32,590,0.4804687500
EM_STATE_CHECKPOINT_2X64_T32,591,0.5722656250
EM_STATE_CHECKPOINT_2X64_T32,592,0.5195312500
EM_STATE_CHECKPOINT_2X64_T32,593,0.4980468750
EM_STATE_CHECKPOINT_2X64_T32,594,0.4550781250
EM_STATE_CHECKPOINT_2X64_T32,595,0.5019531250
EM_STATE_CHECKPOINT_2X64_T32,596,0.5605468750
EM_STATE_CHECKPOINT_2X64_T32,597,0.5195312500
EM_STATE_CHECKPOINT_2X64_T32,598,0.4785156250
EM_STATE_CHECKPOINT_2X64_T32,599,0.5253906250
EM_STATE_CHECKPOINT_2X64_T32,600,0.5156250000
EM_STATE_CHECKPOINT_2X64_T32,601,0.5097656250
EM_STATE_CHECKPOINT_2X64_T32,602,0.5468750000
EM_STATE_CHECKPOINT_2X64_T32,603,0.4843750000
EM_STATE_CHECKPOINT_2X64_T32,604,0.4765625000
EM_STATE_CHECKPOINT_2X64_T32,605,0.5136718750
EM_STATE_CHECKPOINT_2X64_T32,606,0.4550781250
EM_STATE_CHECKPOINT_2X64_T32,607,0.5136718750
EM_STATE_CHECKPOINT_2X64_T32,608,0.5507812500
EM_STATE_CHECKPOINT_2X64_T32,609,0.5058593750
EM_STATE_CHECKPOINT_2X64_T32,610,0.5156250000
EM_STATE_CHECKPOINT_2X64_T32,611,0.4921875000
EM_STATE_CHECKPOINT_2X64_T32,612,0.4707031250
EM_STATE_CHECKPOINT_2X64_T32,613,0.5390625000
EM_STATE_CHECKPOINT_2X64_T32,614,0.4531250000
EM_STATE_CHECKPOINT_2X64_T32,615,0.4843750000
EM_STATE_CHECKPOINT_2X64_T32,616,0.5039062500
EM_STATE_CHECKPOINT_2X64_T32,617,0.4667968750
EM_STATE_CHECKPOINT_2X64_T32,618,0.4960937500
EM_STATE_CHECKPOINT_2X64_T32,619,0.4648437500
EM_STATE_CHECKPOINT_2X64_T32,620,0.4765625000
EM_STATE_CHECKPOINT_2X64_T32,621,0.5039062500
EM_STATE_CHECKPOINT_2X64_T32,622,0.5273437500
EM_STATE_CHECKPOINT_2X64_T32,623,0.4394531250
EM_STATE_CHECKPOINT_2X64_T32,624,0.5312500000
EM_STATE_CHECKPOINT_2X64_T32,625,0.4628906250
EM_STATE_CHECKPOINT_2X64_T32,626,0.4902343750
EM_STATE_CHECKPOINT_2X64_T32,627,0.5195312500
EM_STATE_CHECKPOINT_2X64_T32,628,0.5312500000
EM_STATE_CHECKPOINT_2X64_T32,629,0.5039062500
EM_STATE_CHECKPOINT_2X64_T32,630,0.5214843750
EM_STATE_CHECKPOINT_2X64_T32,631,0.5253906250
EM_STATE_CHECKPOINT_2X64_T32,632,0.5117187500
EM_STATE_CHECKPOINT_2X64_T32,633,0.4921875000
EM_STATE_CHECKPOINT_2X64_T32,634,0.5332031250
EM_STATE_CHECKPOINT_2X64_T32,635,0.4765625000
EM_STATE_CHECKPOINT_2X64_T32,636,0.4648437500
EM_STATE_CHECKPOINT_2X64_T32,637,0.4726562500
EM_STATE_CHECKPOINT_2X64_T32,638,0.4804687500
EM_STATE_CHECKPOINT_2X64_T32,639,0.4824218750
EM_STATE_CHECKPOINT_2X64_T32,640,0.4238281250
EM_STATE_CHECKPOINT_2X64_T32,641,0.5253906250
EM_STATE_CHECKPOINT_2X64_T32,642,0.4785156250
EM_STATE_CHECKPOINT_2X64_T32,643,0.4570312500
EM_STATE_CHECKPOINT_2X64_T32,644,0.4765625000
EM_STATE_CHECKPOINT_2X64_T32,645,0.4960937500
EM_STATE_CHECKPOINT_2X64_T32,646,0.6210937500
EM_STATE_CHECKPOINT_2X64_T32,647,0.4746093750
EM_STATE_CHECKPOINT_2X64_T32,648,0.5234375000
EM_STATE_CHECKPOINT_2X64_T32,649,0.5117187500
EM_STATE_CHECKPOINT_2X64_T32,650,0.4746093750
EM_STATE_CHECKPOINT_2X64_T32,651,0.5195312500
EM_STATE_CHECKPOINT_2X64_T32,652,0.5722656250
EM_STATE_CHECKPOINT_2X64_T32,653,0.5781250000
EM_STATE_CHECKPOINT_2X64_T32,654,0.5273437500
EM_STATE_CHECKPOINT_2X64_T32,655,0.4667968750
EM_STATE_CHECKPOINT_2X64_T32,656,0.5156250000
EM_STATE_CHECKPOINT_2X64_T32,657,0.4511718750
EM_STATE_CHECKPOINT_2X64_T32,658,0.5078125000
EM_STATE_CHECKPOINT_2X64_T32,659,0.4492187500
EM_STATE_CHECKPOINT_2X64_T32,660,0.5214843750
EM_STATE_CHECKPOINT_2X64_T32,661,0.5390625000
EM_STATE_CHECKPOINT_2X64_T32,662,0.4667968750
EM_STATE_CHECKPOINT_2X64_T32,663,0.5058593750
EM_STATE_CHECKPOINT_2X64_T32,664,0.5312500000
EM_STATE_CHECKPOINT_2X64_T32,665,0.4980468750
EM_STATE_CHECKPOINT_2X64_T32,666,0.4746093750
EM_STATE_CHECKPOINT_2X64_T32,667,0.5351562500
EM_STATE_CHECKPOINT_2X64_T32,668,0.5156250000
EM_STATE_CHECKPOINT_2X64_T32,669,0.5019531250
EM_STATE_CHECKPOINT_2X64_T32,670,0.4941406250
EM_STATE_CHECKPOINT_2X64_T32,671,0.5078125000
EM_STATE_CHECKPOINT_2X64_T32,672,0.4628906250
EM_STATE_CHECKPOINT_2X64_T32,673,0.4882812500
EM_STATE_CHECKPOINT_2X64_T32,674,0.4921875000
EM_STATE_CHECKPOINT_2X64_T32,675,0.4843750000
EM_STATE_CHECKPOINT_2X64_T32,676,0.5664062500
EM_STATE_CHECKPOINT_2X64_T32,677,0.5195312500
EM_STATE_CHECKPOINT_2X64_T32,678,0.4960937500
EM_STATE_CHECKPOINT_2X64_T32,679,0.4863281250
EM_STATE_CHECKPOINT_2X64_T32,680,0.5019531250
EM_STATE_CHECKPOINT_2X64_T32,681,0.4746093750
EM_STATE_CHECKPOINT_2X64_T32,682,0.5410156250
EM_STATE_CHECKPOINT_2X64_T32,683,0.4960937500
EM_STATE_CHECKPOINT_2X64_T32,684,0.5097656250
EM_STATE_CHECKPOINT_2X64_T32,685,0.4707031250
EM_STATE_CHECKPOINT_2X64_T32,686,0.4746093750
EM_STATE_CHECKPOINT_2X64_T32,687,0.5332031250
EM_STATE_CHECKPOINT_2X64_T32,688,0.4746093750
EM_STATE_CHECKPOINT_2X64_T32,689,0.4589843750
EM_STATE_CHECKPOINT_2X64_T32,690,0.5136718750
EM_STATE_CHECKPOINT_2X64_T32,691,0.5039062500
EM_STATE_CHECKPOINT_2X64_T32,692,0.4648437500
EM_STATE_CHECKPOINT_2X64_T32,693,0.4628906250
EM_STATE_CHECKPOINT_2X64_T32,694,0.5273437500
EM_STATE_CHECKPOINT_2X64_T32,695,0.5371093750
EM_STATE_CHECKPOINT_2X64_T32,696,0.4804687500
EM_STATE_CHECKPOINT_2X64_T32,697,0.5156250000
EM_STATE_CHECKPOINT_2X64_T32,698,0.5000000000
EM_STATE_CHECKPOINT_2X64_T32,699,0.4707031250
EM_STATE_CHECKPOINT_2X64_T32,700,0.4843750000
EM_STATE_CHECKPOINT_2X64_T32,701,0.4980468750
EM_STATE_CHECKPOINT_2X64_T32,702,0.4746093750
EM_STATE_CHECKPOINT_2X64_T32,703,0.5273437500
EM_STATE_CHECKPOINT_2X64_T32,704,0.4453125000
EM_STATE_CHECKPOINT_2X64_T32,705,0.5175781250
EM_STATE_CHECKPOINT_2X64_T32,706,0.5253906250
EM_STATE_CHECKPOINT_2X64_T32,707,0.4550781250
EM_STATE_CHECKPOINT_2X64_T32,708,0.5546875000
EM_STATE_CHECKPOINT_2X64_T32,709,0.5371093750
EM_STATE_CHECKPOINT_2X64_T32,710,0.5117187500
EM_STATE_CHECKPOINT_2X64_T32,711,0.5273437500
EM_STATE_CHECKPOINT_2X64_T32,712,0.5371093750
EM_STATE_CHECKPOINT_2X64_T32,713,0.4980468750
EM_STATE_CHECKPOINT_2X64_T32,714,0.5214843750
EM_STATE_CHECKPOINT_2X64_T32,715,0.4589843750
EM_STATE_CHECKPOINT_2X64_T32,716,0.5039062500
EM_STATE_CHECKPOINT_2X64_T32,717,0.4667968750
EM_STATE_CHECKPOINT_2X64_T32,718,0.5019531250
EM_STATE_CHECKPOINT_2X64_T32,719,0.4765625000
EM_STATE_CHECKPOINT_2X64_T32,720,0.4726562500
EM_STATE_CHECKPOINT_2X64_T32,721,0.5546875000
EM_STATE_CHECKPOINT_2X64_T32,722,0.5039062500
EM_STATE_CHECKPOINT_2X64_T32,723,0.4882812500
EM_STATE_CHECKPOINT_2X64_T32,724,0.5097656250
EM_STATE_CHECKPOINT_2X64_T32,725,0.5136718750
EM_STATE_CHECKPOINT_2X64_T32,726,0.4707031250
EM_STATE_CHECKPOINT_2X64_T32,727,0.4335937500
EM_STATE_CHECKPOINT_2X64_T32,728,0.5449218750
EM_STATE_CHECKPOINT_2X64_T32,729,0.5214843750
EM_STATE_CHECKPOINT_2X64_T32,730,0.5078125000
EM_STATE_CHECKPOINT_2X64_T32,731,0.4570312500
EM_STATE_CHECKPOINT_2X64_T32,732,0.4882812500
EM_STATE_CHECKPOINT_2X64_T32,733,0.4648437500
EM_STATE_CHECKPOINT_2X64_T32,734,0.4902343750
EM_STATE_CHECKPOINT_2X64_T32,735,0.4453125000
EM_STATE_CHECKPOINT_2X64_T32,736,0.5097656250
EM_STATE_CHECKPOINT_2X64_T32,737,0.5097656250
EM_STATE_CHECKPOINT_2X64_T32,738,0.5156250000
EM_STATE_CHECKPOINT_2X64_T32,739,0.5234375000
EM_STATE_CHECKPOINT_2X64_T32,740,0.4687500000
EM_STATE_CHECKPOINT_2X64_T32,741,0.5019531250
EM_STATE_CHECKPOINT_2X64_T32,742,0.5410156250
EM_STATE_CHECKPOINT_2X64_T32,743,0.5019531250
EM_STATE_CHECKPOINT_2X64_T32,744,0.4765625000
EM_STATE_CHECKPOINT_2X64_T32,745,0.5292968750
EM_STATE_CHECKPOINT_2X64_T32,746,0.5097656250
EM_STATE_CHECKPOINT_2X64_T32,747,0.4960937500
EM_STATE_CHECKPOINT_2X64_T32,748,0.5429687500
EM_STATE_CHECKPOINT_2X64_T32,749,0.5312500000
EM_STATE_CHECKPOINT_2X64_T32,750,0.5097656250
EM_STATE_CHECKPOINT_2X64_T32,751,0.4941406250
EM_STATE_CHECKPOINT_2X64_T32,752,0.4765625000
EM_STATE_CHECKPOINT_2X64_T32,753,0.5390625000
EM_STATE_CHECKPOINT_2X64_T32,754,0.5078125000
EM_STATE_CHECKPOINT_2X64_T32,755,0.4433593750
EM_STATE_CHECKPOINT_2X64_T32,756,0.4785156250
EM_STATE_CHECKPOINT_2X64_T32,757,0.4472656250
EM_STATE_CHECKPOINT_2X64_T32,758,0.4746093750
EM_STATE_CHECKPOINT_2X64_T32,759,0.4824218750
EM_STATE_CHECKPOINT_2X64_T32,760,0.5019531250
EM_STATE_CHECKPOINT_2X64_T32,761,0.4746093750
EM_STATE_CHECKPOINT_2X64_T32,762,0.5332031250
EM_STATE_CHECKPOINT_2X64_T32,763,0.5039062500
EM_STATE_CHECKPOINT_2X64_T32,764,0.4765625000
EM_STATE_CHECKPOINT_2X64_T32,765,0.4726562500
EM_STATE_CHECKPOINT_2X64_T32,766,0.4921875000
EM_STATE_CHECKPOINT_2X64_T32,767,0.4785156250
EM_STATE_CHECKPOINT_2X64_T32,768,0.4843750000
EM_STATE_CHECKPOINT_2X64_T32,769,0.4843750000
EM_STATE_CHECKPOINT_2X64_T32,770,0.5019531250
EM_STATE_CHECKPOINT_2X64_T32,771,0.5234375000
EM_STATE_CHECKPOINT_2X64_T32,772,0.4960937500
EM_STATE_CHECKPOINT_2X64_T32,773,0.4082031250
EM_STATE_CHECKPOINT_2X64_T32,774,0.4453125000
EM_STATE_CHECKPOINT_2X64_T32,775,0.4941406250
EM_STATE_CHECKPOINT_2X64_T32,776,0.4824218750
EM_STATE_CHECKPOINT_2X64_T32,777,0.5292968750
EM_STATE_CHECKPOINT_2X64_T32,778,0.5019531250
EM_STATE_CHECKPOINT_2X64_T32,779,0.5527343750
EM_STATE_CHECKPOINT_2X64_T32,780,0.5546875000
EM_STATE_CHECKPOINT_2X64_T32,781,0.5292968750
EM_STATE_CHECKPOINT_2X64_T32,782,0.4843750000
EM_STATE_CHECKPOINT_2X64_T32,783,0.4687500000
EM_STATE_CHECKPOINT_2X64_T32,784,0.5371093750
EM_STATE_CHECKPOINT_2X64_T32,785,0.4980468750
EM_STATE_CHECKPOINT_2X64_T32,786,0.4511718750
EM_STATE_CHECKPOINT_2X64_T32,787,0.4804687500
EM_STATE_CHECKPOINT_2X64_T32,788,0.5058593750
EM_STATE_CHECKPOINT_2X64_T32,789,0.4667968750
EM_STATE_CHECKPOINT_2X64_T32,790,0.4843750000
EM_STATE_CHECKPOINT_2X64_T32,791,0.5097656250
EM_STATE_CHECKPOINT_2X64_T32,792,0.5312500000
EM_STATE_CHECKPOINT_2X64_T32,793,0.5273437500
EM_STATE_CHECKPOINT_2X64_T32,794,0.4921875000
EM_STATE_CHECKPOINT_2X64_T32,795,0.4863281250
EM_STATE_CHECKPOINT_2X64_T32,796,0.5234375000
EM_STATE_CHECKPOINT_2X64_T32,797,0.5156250000
EM_STATE_CHECKPOINT_2X64_T32,798,0.4804687500
EM_STATE_CHECKPOINT_2X64_T32,799,0.4453125000
EM_STATE_CHECKPOINT_2X64_T32,800,0.4824218750
EM_STATE_CHECKPOINT_2X64_T32,801,0.4667968750
EM_STATE_CHECKPOINT_2X64_T32,802,0.4980468750
EM_STATE_CHECKPOINT_2X64_T32,803,0.5156250000
EM_STATE_CHECKPOINT_2X64_T32,804,0.4921875000
EM_STATE_CHECKPOINT_2X64_T32,805,0.4960937500
EM_STATE_CHECKPOINT_2X64_T32,806,0.5117187500
EM_STATE_CHECKPOINT_2X64_T32,807,0.5390625000
EM_STATE_CHECKPOINT_2X64_T32,808,0.4843750000
EM_STATE_CHECKPOINT_2X64_T32,809,0.5195312500
EM_STATE_CHECKPOINT_2X64_T32,810,0.5136718750
EM_STATE_CHECKPOINT_2X64_T32,811,0.5136718750
EM_STATE_CHECKPOINT_2X64_T32,812,0.4804687500
EM_STATE_CHECKPOINT_2X64_T32,813,0.5507812500
EM_STATE_CHECKPOINT_2X64_T32,814,0.5351562500
EM_STATE_CHECKPOINT_2X64_T32,815,0.5058593750
EM_STATE_CHECKPOINT_2X64_T32,816,0.5136718750
EM_STATE_CHECKPOINT_2X64_T32,817,0.4570312500
EM_STATE_CHECKPOINT_2X64_T32,818,0.5000000000
EM_STATE_CHECKPOINT_2X64_T32,819,0.4707031250
EM_STATE_CHECKPOINT_2X64_T32,820,0.5605468750
EM_STATE_CHECKPOINT_2X64_T32,821,0.4589843750
EM_STATE_CHECKPOINT_2X64_T32,822,0.5527343750
EM_STATE_CHECKPOINT_2X64_T32,823,0.4804687500
EM_STATE_CHECKPOINT_2X64_T32,824,0.4550781250
EM_STATE_CHECKPOINT_2X64_T32,825,0.5058593750
EM_STATE_CHECKPOINT_2X64_T32,826,0.5156250000
EM_STATE_CHECKPOINT_2X64_T32,827,0.5273437500
EM_STATE_CHECKPOINT_2X64_T32,828,0.5136718750
EM_STATE_CHECKPOINT_2X64_T32,829,0.4921875000
EM_STATE_CHECKPOINT_2X64_T32,830,0.4746093750
EM_STATE_CHECKPOINT_2X64_T32,831,0.5410156250
EM_STATE_CHECKPOINT_2X64_T32,832,0.5449218750
EM_STATE_CHECKPOINT_2X64_T32,833,0.5253906250
EM_STATE_CHECKPOINT_2X64_T32,834,0.5000000000
EM_STATE_CHECKPOINT_2X64_T32,835,0.5078125000
EM_STATE_CHECKPOINT_2X64_T32,836,0.4941406250
EM_STATE_CHECKPOINT_2X64_T32,837,0.5000000000
EM_STATE_CHECKPOINT_2X64_T32,838,0.5136718750
EM_STATE_CHECKPOINT_2X64_T32,839,0.5234375000
EM_STATE_CHECKPOINT_2X64_T32,840,0.4375000000
EM_STATE_CHECKPOINT_2X64_T32,841,0.4882812500
EM_STATE_CHECKPOINT_2X64_T32,842,0.5019531250
EM_STATE_CHECKPOINT_2X64_T32,843,0.5019531250
EM_STATE_CHECKPOINT_2X64_T32,844,0.5156250000
EM_STATE_CHECKPOINT_2X64_T32,845,0.4746093750
EM_STATE_CHECKPOINT_2X64_T32,846,0.5078125000
EM_STATE_CHECKPOINT_2X64_T32,847,0.5117187500
EM_STATE_CHECKPOINT_2X64_T32,848,0.4785156250
EM_STATE_CHECKPOINT_2X64_T32,849,0.5000000000
EM_STATE_CHECKPOINT_2X64_T32,850,0.5058593750
EM_STATE_CHECKPOINT_2X64_T32,851,0.4863281250
EM_STATE_CHECKPOINT_2X64_T32,852,0.4179687500
EM_STATE_CHECKPOINT_2X64_T32,853,0.5078125000
EM_STATE_CHECKPOINT_2X64_T32,854,0.4882812500
EM_STATE_CHECKPOINT_2X64_T32,855,0.4824218750
EM_STATE_CHECKPOINT_2X64_T32,856,0.4746093750
EM_STATE_CHECKPOINT_2X64_T32,857,0.5039062500
EM_STATE_CHECKPOINT_2X64_T32,858,0.5234375000
EM_STATE_CHECKPOINT_2X64_T32,859,0.5195312500
EM_STATE_CHECKPOINT_2X64_T32,860,0.4863281250
EM_STATE_CHECKPOINT_2X64_T32,861,0.4570312500
EM_STATE_CHECKPOINT_2X64_T32,862,0.5214843750
EM_STATE_CHECKPOINT_2X64_T32,863,0.5214843750
EM_STATE_CHECKPOINT_2X64_T32,864,0.5097656250
EM_STATE_CHECKPOINT_2X64_T32,865,0.5039062500
EM_STATE_CHECKPOINT_2X64_T32,866,0.4824218750
EM_STATE_CHECKPOINT_2X64_T32,867,0.5097656250
EM_STATE_CHECKPOINT_2X64_T32,868,0.4570312500
EM_STATE_CHECKPOINT_2X64_T32,869,0.4882812500
EM_STATE_CHECKPOINT_2X64_T32,870,0.5117187500
EM_STATE_CHECKPOINT_2X64_T32,871,0.4687500000
EM_STATE_CHECKPOINT_2X64_T32,872,0.4628906250
EM_STATE_CHECKPOINT_2X64_T32,873,0.4472656250
EM_STATE_CHECKPOINT_2X64_T32,874,0.5429687500
EM_STATE_CHECKPOINT_2X64_T32,875,0.5097656250
EM_STATE_CHECKPOINT_2X64_T32,876,0.5214843750
EM_STATE_CHECKPOINT_2X64_T32,877,0.4609375000
EM_STATE_CHECKPOINT_2X64_T32,878,0.4902343750
EM_STATE_CHECKPOINT_2X64_T32,879,0.5429687500
EM_STATE_CHECKPOINT_2X64_T32,880,0.4726562500
EM_STATE_CHECKPOINT_2X64_T32,881,0.4648437500
EM_STATE_CHECKPOINT_2X64_T32,882,0.4746093750
EM_STATE_CHECKPOINT_2X64_T32,883,0.4980468750
EM_STATE_CHECKPOINT_2X64_T32,884,0.5136718750
EM_STATE_CHECKPOINT_2X64_T32,885,0.4863281250
EM_STATE_CHECKPOINT_2X64_T32,886,0.4511718750
EM_STATE_CHECKPOINT_2X64_T32,887,0.4960937500
EM_STATE_CHECKPOINT_2X64_T32,888,0.4667968750
EM_STATE_CHECKPOINT_2X64_T32,889,0.4667968750
EM_STATE_CHECKPOINT_2X64_T32,890,0.4804687500
EM_STATE_CHECKPOINT_2X64_T32,891,0.5253906250
EM_STATE_CHECKPOINT_2X64_T32,892,0.4843750000
EM_STATE_CHECKPOINT_2X64_T32,893,0.4863281250
EM_STATE_CHECKPOINT_2X64_T32,894,0.4726562500
EM_STATE_CHECKPOINT_2X64_T32,895,0.4882812500
EM_STATE_CHECKPOINT_2X64_T32,896,0.4960937500
EM_STATE_CHECKPOINT_2X64_T32,897,0.4824218750
EM_STATE_CHECKPOINT_2X64_T32,898,0.4570312500
EM_STATE_CHECKPOINT_2X64_T32,899,0.4882812500
EM_STATE_CHECKPOINT_2X64_T32,900,0.5058593750
EM_STATE_CHECKPOINT_2X64_T32,901,0.5078125000
EM_STATE_CHECKPOINT_2X64_T32,902,0.4628906250
EM_STATE_CHECKPOINT_2X64_T32,903,0.4902343750
EM_STATE_CHECKPOINT_2X64_T32,904,0.5429687500
EM_STATE_CHECKPOINT_2X64_T32,905,0.5078125000
EM_STATE_CHECKPOINT_2X64_T32,906,0.5312500000
EM_STATE_CHECKPOINT_2X64_T32,907,0.5097656250
EM_STATE_CHECKPOINT_2X64_T32,908,0.4980468750
EM_STATE_CHECKPOINT_2X64_T32,909,0.5058593750
EM_STATE_CHECKPOINT_2X64_T32,910,0.4921875000
EM_STATE_CHECKPOINT_2X64_T32,911,0.5097656250
EM_STATE_CHECKPOINT_2X64_T32,912,0.5058593750
EM_STATE_CHECKPOINT_2X64_T32,913,0.4609375000
EM_STATE_CHECKPOINT_2X64_T32,914,0.4941406250
EM_STATE_CHECKPOINT_2X64_T32,915,0.5253906250
EM_STATE_CHECKPOINT_2X64_T32,916,0.5039062500
EM_STATE_CHECKPOINT_2X64_T32,917,0.4863281250
EM_STATE_CHECKPOINT_2X64_T32,918,0.5292968750
EM_STATE_CHECKPOINT_2X64_T32,919,0.4921875000
EM_STATE_CHECKPOINT_2X64_T32,920,0.5058593750
EM_STATE_CHECKPOINT_2X64_T32,921,0.5019531250
EM_STATE_CHECKPOINT_2X64_T32,922,0.4785156250
EM_STATE_CHECKPOINT_2X64_T32,923,0.5175781250
EM_STATE_CHECKPOINT_2X64_T32,924,0.5000000000
EM_STATE_CHECKPOINT_2X64_T32,925,0.4980468750
EM_STATE_CHECKPOINT_2X64_T32,926,0.4882812500
EM_STATE_CHECKPOINT_2X64_T32,927,0.5175781250
EM_STATE_CHECKPOINT_2X64_T32,928,0.5117187500
EM_STATE_CHECKPOINT_2X64_T32,929,0.4589843750
EM_STATE_CHECKPOINT_2X64_T32,930,0.4980468750
EM_STATE_CHECKPOINT_2X64_T32,931,0.4804687500
EM_STATE_CHECKPOINT_2X64_T32,932,0.4882812500
EM_STATE_CHECKPOINT_2X64_T32,933,0.5078125000
EM_STATE_CHECKPOINT_2X64_T32,934,0.5058593750
EM_STATE_CHECKPOINT_2X64_T32,935,0.5332031250
EM_STATE_CHECKPOINT_2X64_T32,936,0.5136718750
EM_STATE_CHECKPOINT_2X64_T32,937,0.5234375000
EM_STATE_CHECKPOINT_2X64_T32,938,0.4296875000
EM_STATE_CHECKPOINT_2X64_T32,939,0.5136718750
EM_STATE_CHECKPOINT_2X64_T32,940,0.4570312500
EM_STATE_CHECKPOINT_2X64_T32,941,0.5078125000
EM_STATE_CHECKPOINT_2X64_T32,942,0.4472656250
EM_STATE_CHECKPOINT_2X64_T32,943,0.4804687500
EM_STATE_CHECKPOINT_2X64_T32,944,0.5371093750
EM_STATE_CHECKPOINT_2X64_T32,945,0.5371093750
EM_STATE_CHECKPOINT_2X64_T32,946,0.4667968750
EM_STATE_CHECKPOINT_2X64_T32,947,0.4980468750
EM_STATE_CHECKPOINT_2X64_T32,948,0.5644531250
EM_STATE_CHECKPOINT_2X64_T32,949,0.4941406250
EM_STATE_CHECKPOINT_2X64_T32,950,0.5058593750
EM_STATE_CHECKPOINT_2X64_T32,951,0.4941406250
EM_STATE_CHECKPOINT_2X64_T32,952,0.5019531250
EM_STATE_CHECKPOINT_2X64_T32,953,0.4902343750
EM_STATE_CHECKPOINT_2X64_T32,954,0.4804687500
EM_STATE_CHECKPOINT_2X64_T32,955,0.5019531250
EM_STATE_CHECKPOINT_2X64_T32,956,0.4648437500
EM_STATE_CHECKPOINT_2X64_T32,957,0.4902343750
EM_STATE_CHECKPOINT_2X64_T32,958,0.4746093750
EM_STATE_CHECKPOINT_2X64_T32,959,0.5039062500
EM_STATE_CHECKPOINT_2X64_T32,960,0.4765625000
EM_STATE_CHECKPOINT_2X64_T32,961,0.4960937500
EM_STATE_CHECKPOINT_2X64_T32,962,0.5234375000
EM_STATE_CHECKPOINT_2X64_T32,963,0.5332031250
EM_STATE_CHECKPOINT_2X64_T32,964,0.4296875000
EM_STATE_CHECKPOINT_2X64_T32,965,0.4843750000
EM_STATE_CHECKPOINT_2X64_T32,966,0.4980468750
EM_STATE_CHECKPOINT_2X64_T32,967,0.4882812500
EM_STATE_CHECKPOINT_2X64_T32,968,0.5273437500
EM_STATE_CHECKPOINT_2X64_T32,969,0.4433593750
EM_STATE_CHECKPOINT_2X64_T32,970,0.5273437500
EM_STATE_CHECKPOINT_2X64_T32,971,0.5253906250
EM_STATE_CHECKPOINT_2X64_T32,972,0.5019531250
EM_STATE_CHECKPOINT_2X64_T32,973,0.4824218750
EM_STATE_CHECKPOINT_2X64_T32,974,0.4921875000
EM_STATE_CHECKPOINT_2X64_T32,975,0.5371093750
EM_STATE_CHECKPOINT_2X64_T32,976,0.5175781250
EM_STATE_CHECKPOINT_2X64_T32,977,0.5371093750
EM_STATE_CHECKPOINT_2X64_T32,978,0.4492187500
EM_STATE_CHECKPOINT_2X64_T32,979,0.4960937500
EM_STATE_CHECKPOINT_2X64_T32,980,0.5292968750
EM_STATE_CHECKPOINT_2X64_T32,981,0.4785156250
EM_STATE_CHECKPOINT_2X64_T32,982,0.5039062500
EM_STATE_CHECKPOINT_2X64_T32,983,0.5078125000
EM_STATE_CHECKPOINT_2X64_T32,984,0.4746093750
EM_STATE_CHECKPOINT_2X64_T32,985,0.5019531250
EM_STATE_CHECKPOINT_2X64_T32,986,0.4843750000
EM_STATE_CHECKPOINT_2X64_T32,987,0.5058593750
EM_STATE_CHECKPOINT_2X64_T32,988,0.5332031250
EM_STATE_CHECKPOINT_2X64_T32,989,0.5253906250
EM_STATE_CHECKPOINT_2X64_T32,990,0.5332031250
EM_STATE_CHECKPOINT_2X64_T32,991,0.5488281250
EM_STATE_CHECKPOINT_2X64_T32,992,0.5253906250
EM_STATE_CHECKPOINT_2X64_T32,993,0.4550781250
EM_STATE_CHECKPOINT_2X64_T32,994,0.5253906250
EM_STATE_CHECKPOINT_2X64_T32,995,0.5351562500
EM_STATE_CHECKPOINT_2X64_T32,996,0.5292968750
EM_STATE_CHECKPOINT_2X64_T32,997,0.5000000000
EM_STATE_CHECKPOINT_2X64_T32,998,0.5117187500
EM_STATE_CHECKPOINT_2X64_T32,999,0.4707031250
EM_TESTPOINT_4X64_T16,0,0.7792968750
EM_TESTPOINT_4X64_T16,1,0.7636718750
EM_TESTPOINT_4X64_T16,2,0.7421875000
EM_TESTPOINT_4X64_T16,3,0.7246093750
EM_TESTPOINT_4X64_T16,4,0.7597656250
EM_TESTPOINT_4X64_T16,5,0.7753906250
EM_TESTPOINT_4X64_T16,6,0.7656250000
EM_TESTPOINT_4X64_T16,7,0.7851562500
EM_TESTPOINT_4X64_T16,8,0.7695312500
EM_TESTPOINT_4X64_T16,9,0.7636718750
EM_TESTPOINT_4X64_T16,10,0.7871093750
EM_TESTPOINT_4X64_T16,11,0.8183593750
EM_TESTPOINT_4X64_T16,12,0.7871093750
EM_TESTPOINT_4X64_T16,13,0.7871093750
EM_TESTPOINT_4X64_T16,14,0.7773437500
EM_TESTPOINT_4X64_T16,15,0.7832031250
EM_TESTPOINT_4X64_T16,16,0.7480468750
EM_TESTPOINT_4X64_T16,17,0.7714843750
EM_TESTPOINT_4X64_T16,18,0.7519531250
EM_TESTPOINT_4X64_T16,19,0.7421875000
EM_TESTPOINT_4X64_T16,20,0.7695312500
EM_TESTPOINT_4X64_T16,21,0.7812500000
EM_TESTPOINT_4X64_T16,22,0.7402343750
EM_TESTPOINT_4X64_T16,23,0.7812500000
EM_TESTPOINT_4X64_T16,24,0.7246093750
EM_TESTPOINT_4X64_T16,25,0.7636718750
EM_TESTPOINT_4X64_T16,26,0.7363281250
EM_TESTPOINT_4X64_T16,27,0.7675781250
EM_TESTPOINT_4X64_T16,28,0.7617187500
EM_TESTPOINT_4X64_T16,29,0.7558593750
EM_TESTPOINT_4X64_T16,30,0.7890625000
EM_TESTPOINT_4X64_T16,31,0.7734375000
EM_TESTPOINT_4X64_T16,32,0.7695312500
EM_TESTPOINT_4X64_T16,33,0.7187500000
EM_TESTPOINT_4X64_T16,34,0.7929687500
EM_TESTPOINT_4X64_T16,35,0.7832031250
EM_TESTPOINT_4X64_T16,36,0.7246093750
EM_TESTPOINT_4X64_T16,37,0.7539062500
EM_TESTPOINT_4X64_T16,38,0.7460937500
EM_TESTPOINT_4X64_T16,39,0.8046875000
EM_TESTPOINT_4X64_T16,40,0.7968750000
EM_TESTPOINT_4X64_T16,41,0.7558593750
EM_TESTPOINT_4X64_T16,42,0.7402343750
EM_TESTPOINT_4X64_T16,43,0.7089843750
EM_TESTPOINT_4X64_T16,44,0.7558593750
EM_TESTPOINT_4X64_T16,45,0.7949218750
EM_TESTPOINT_4X64_T16,46,0.7851562500
EM_TESTPOINT_4X64_T16,47,0.7714843750
EM_TESTPOINT_4X64_T16,48,0.7460937500
EM_TESTPOINT_4X64_T16,49,0.7519531250
EM_TESTPOINT_4X64_T16,50,0.7812500000
EM_TESTPOINT_4X64_T16,51,0.7597656250
EM_TESTPOINT_4X64_T16,52,0.7460937500
EM_TESTPOINT_4X64_T16,53,0.7597656250
EM_TESTPOINT_4X64_T16,54,0.7636718750
EM_TESTPOINT_4X64_T16,55,0.7578125000
EM_TESTPOINT_4X64_T16,56,0.7695312500
EM_TESTPOINT_4X64_T16,57,0.7500000000
EM_TESTPOINT_4X64_T16,58,0.7441406250
EM_TESTPOINT_4X64_T16,59,0.7578125000
EM_TESTPOINT_4X64_T16,60,0.7363281250
EM_TESTPOINT_4X64_T16,61,0.7402343750
EM_TESTPOINT_4X64_T16,62,0.7519531250
EM_TESTPOINT_4X64_T16,63,0.7519531250
EM_TESTPOINT_4X64_T16,64,0.7382812500
EM_TESTPOINT_4X64_T16,65,0.7656250000
EM_TESTPOINT_4X64_T16,66,0.7539062500
EM_TESTPOINT_4X64_T16,67,0.7441406250
EM_TESTPOINT_4X64_T16,68,0.7695312500
EM_TESTPOINT_4X64_T16,69,0.7753906250
EM_TESTPOINT_4X64_T16,70,0.7441406250
EM_TESTPOINT_4X64_T16,71,0.7558593750
EM_TESTPOINT_4X64_T16,72,0.7792968750
EM_TESTPOINT_4X64_T16,73,0.7832031250
EM_TESTPOINT_4X64_T16,74,0.7343750000
EM_TESTPOINT_4X64_T16,75,0.7695312500
EM_TESTPOINT_4X64_T16,76,0.7343750000
EM_TESTPOINT_4X64_T16,77,0.7460937500
EM_TESTPOINT_4X64_T16,78,0.7421875000
EM_TESTPOINT_4X64_T16,79,0.7460937500
EM_TESTPOINT_4X64_T16,80,0.7539062500
EM_TESTPOINT_4X64_T16,81,0.7675781250
EM_TESTPOINT_4X64_T16,82,0.7539062500
EM_TESTPOINT_4X64_T16,83,0.7792968750
EM_TESTPOINT_4X64_T16,84,0.7539062500
EM_TESTPOINT_4X64_T16,85,0.7500000000
EM_TESTPOINT_4X64_T16,86,0.7753906250
EM_TESTPOINT_4X64_T16,87,0.7402343750
EM_TESTPOINT_4X64_T16,88,0.7519531250
EM_TESTPOINT_4X64_T16,89,0.7324218750
EM_TESTPOINT_4X64_T16,90,0.7558593750
EM_TESTPOINT_4X64_T16,91,0.7480468750
EM_TESTPOINT_4X64_T16,92,0.7714843750
EM_TESTPOINT_4X64_T16,93,0.7246093750
EM_TESTPOINT_4X64_T16,94,0.7753906250
EM_TESTPOINT_4X64_T16,95,0.7617187500
EM_TESTPOINT_4X64_T16,96,0.7148437500
EM_TESTPOINT_4X64_T16,97,0.7285156250
EM_TESTPOINT_4X64_T16,98,0.7929687500
EM_TESTPOINT_4X64_T16,99,0.7597656250
EM_TESTPOINT_4X64_T16,100,0.7226562500
EM_TESTPOINT_4X64_T16,101,0.7773437500
EM_TESTPOINT_4X64_T16,102,0.7519531250
EM_TESTPOINT_4X64_T16,103,0.7500000000
EM_TESTPOINT_4X64_T16,104,0.7480468750
EM_TESTPOINT_4X64_T16,105,0.7421875000
EM_TESTPOINT_4X64_T16,106,0.7636718750
EM_TESTPOINT_4X64_T16,107,0.7578125000
EM_TESTPOINT_4X64_T16,108,0.8027343750
EM_TESTPOINT_4X64_T16,109,0.7578125000
EM_TESTPOINT_4X64_T16,110,0.7539062500
EM_TESTPOINT_4X64_T16,111,0.7402343750
EM_TESTPOINT_4X64_T16,112,0.7734375000
EM_TESTPOINT_4X64_T16,113,0.7324218750
EM_TESTPOINT_4X64_T16,114,0.7675781250
EM_TESTPOINT_4X64_T16,115,0.7812500000
EM_TESTPOINT_4X64_T16,116,0.7675781250
EM_TESTPOINT_4X64_T16,117,0.7871093750
EM_TESTPOINT_4X64_T16,118,0.7519531250
EM_TESTPOINT_4X64_T16,119,0.7617187500
EM_TESTPOINT_4X64_T16,120,0.7480468750
EM_TESTPOINT_4X64_T16,121,0.7519531250
EM_TESTPOINT_4X64_T16,122,0.7500000000
EM_TESTPOINT_4X64_T16,123,0.7851562500
EM_TESTPOINT_4X64_T16,124,0.7343750000
EM_TESTPOINT_4X64_T16,125,0.7636718750
EM_TESTPOINT_4X64_T16,126,0.7656250000
EM_TESTPOINT_4X64_T16,127,0.7695312500
EM_TESTPOINT_4X64_T16,128,0.7890625000
EM_TESTPOINT_4X64_T16,129,0.7539062500
EM_TESTPOINT_4X64_T16,130,0.7519531250
EM_TESTPOINT_4X64_T16,131,0.7324218750
EM_TESTPOINT_4X64_T16,132,0.7695312500
EM_TESTPOINT_4X64_T16,133,0.7792968750
EM_TESTPOINT_4X64_T16,134,0.7636718750
EM_TESTPOINT_4X64_T16,135,0.7656250000
EM_TESTPOINT_4X64_T16,136,0.7578125000
EM_TESTPOINT_4X64_T16,137,0.7734375000
EM_TESTPOINT_4X64_T16,138,0.7207031250
EM_TESTPOINT_4X64_T16,139,0.7558593750
EM_TESTPOINT_4X64_T16,140,0.7968750000
EM_TESTPOINT_4X64_T16,141,0.7558593750
EM_TESTPOINT_4X64_T16,142,0.7734375000
EM_TESTPOINT_4X64_T16,143,0.7578125000
EM_TESTPOINT_4X64_T16,144,0.7832031250
EM_TESTPOINT_4X64_T16,145,0.7363281250
EM_TESTPOINT_4X64_T16,146,0.7578125000
EM_TESTPOINT_4X64_T16,147,0.7539062500
EM_TESTPOINT_4X64_T16,148,0.7187500000
EM_TESTPOINT_4X64_T16,149,0.7734375000
EM_TESTPOINT_4X64_T16,150,0.7871093750
EM_TESTPOINT_4X64_T16,151,0.7304687500
EM_TESTPOINT_4X64_T16,152,0.8027343750
EM_TESTPOINT_4X64_T16,153,0.7519531250
EM_TESTPOINT_4X64_T16,154,0.7480468750
EM_TESTPOINT_4X64_T16,155,0.7734375000
EM_TESTPOINT_4X64_T16,156,0.7441406250
EM_TESTPOINT_4X64_T16,157,0.7402343750
EM_TESTPOINT_4X64_T16,158,0.7382812500
EM_TESTPOINT_4X64_T16,159,0.7753906250
EM_TESTPOINT_4X64_T16,160,0.7519531250
EM_TESTPOINT_4X64_T16,161,0.7695312500
EM_TESTPOINT_4X64_T16,162,0.7636718750
EM_TESTPOINT_4X64_T16,163,0.7382812500
EM_TESTPOINT_4X64_T16,164,0.7558593750
EM_TESTPOINT_4X64_T16,165,0.7480468750
EM_TESTPOINT_4X64_T16,166,0.7597656250
EM_TESTPOINT_4X64_T16,167,0.7734375000
EM_TESTPOINT_4X64_T16,168,0.7675781250
EM_TESTPOINT_4X64_T16,169,0.7304687500
EM_TESTPOINT_4X64_T16,170,0.8007812500
EM_TESTPOINT_4X64_T16,171,0.7539062500
EM_TESTPOINT_4X64_T16,172,0.7285156250
EM_TESTPOINT_4X64_T16,173,0.7792968750
EM_TESTPOINT_4X64_T16,174,0.8007812500
EM_TESTPOINT_4X64_T16,175,0.7558593750
EM_TESTPOINT_4X64_T16,176,0.7832031250
EM_TESTPOINT_4X64_T16,177,0.7597656250
EM_TESTPOINT_4X64_T16,178,0.7714843750
EM_TESTPOINT_4X64_T16,179,0.7597656250
EM_TESTPOINT_4X64_T16,180,0.7363281250
EM_TESTPOINT_4X64_T16,181,0.7539062500
EM_TESTPOINT_4X64_T16,182,0.7656250000
EM_TESTPOINT_4X64_T16,183,0.7753906250
EM_TESTPOINT_4X64_T16,184,0.7539062500
EM_TESTPOINT_4X64_T16,185,0.7421875000
EM_TESTPOINT_4X64_T16,186,0.7441406250
EM_TESTPOINT_4X64_T16,187,0.7363281250
EM_TESTPOINT_4X64_T16,188,0.7597656250
EM_TESTPOINT_4X64_T16,189,0.7773437500
EM_TESTPOINT_4X64_T16,190,0.7460937500
EM_TESTPOINT_4X64_T16,191,0.7851562500
EM_TESTPOINT_4X64_T16,192,0.7363281250
EM_TESTPOINT_4X64_T16,193,0.7558593750
EM_TESTPOINT_4X64_T16,194,0.7578125000
EM_TESTPOINT_4X64_T16,195,0.7851562500
EM_TESTPOINT_4X64_T16,196,0.7343750000
EM_TESTPOINT_4X64_T16,197,0.7441406250
EM_TESTPOINT_4X64_T16,198,0.7324218750
EM_TESTPOINT_4X64_T16,199,0.7539062500
EM_TESTPOINT_4X64_T16,200,0.7734375000
EM_TESTPOINT_4X64_T16,201,0.7500000000
EM_TESTPOINT_4X64_T16,202,0.7304687500
EM_TESTPOINT_4X64_T16,203,0.7402343750
EM_TESTPOINT_4X64_T16,204,0.7421875000
EM_TESTPOINT_4X64_T16,205,0.7578125000
EM_TESTPOINT_4X64_T16,206,0.7636718750
EM_TESTPOINT_4X64_T16,207,0.7597656250
EM_TESTPOINT_4X64_T16,208,0.7480468750
EM_TESTPOINT_4X64_T16,209,0.7363281250
EM_TESTPOINT_4X64_T16,210,0.7382812500
EM_TESTPOINT_4X64_T16,211,0.7968750000
EM_TESTPOINT_4X64_T16,212,0.7734375000
EM_TESTPOINT_4X64_T16,213,0.7207031250
EM_TESTPOINT_4X64_T16,214,0.7285156250
EM_TESTPOINT_4X64_T16,215,0.7519531250
EM_TESTPOINT_4X64_T16,216,0.7675781250
EM_TESTPOINT_4X64_T16,217,0.7519531250
EM_TESTPOINT_4X64_T16,218,0.7773437500
EM_TESTPOINT_4X64_T16,219,0.7714843750
EM_TESTPOINT_4X64_T16,220,0.7460937500
EM_TESTPOINT_4X64_T16,221,0.7851562500
EM_TESTPOINT_4X64_T16,222,0.7812500000
EM_TESTPOINT_4X64_T16,223,0.7558593750
EM_TESTPOINT_4X64_T16,224,0.7500000000
EM_TESTPOINT_4X64_T16,225,0.7402343750
EM_TESTPOINT_4X64_T16,226,0.7675781250
EM_TESTPOINT_4X64_T16,227,0.7773437500
EM_TESTPOINT_4X64_T16,228,0.7988281250
EM_TESTPOINT_4X64_T16,229,0.7792968750
EM_TESTPOINT_4X64_T16,230,0.7558593750
EM_TESTPOINT_4X64_T16,231,0.7890625000
EM_TESTPOINT_4X64_T16,232,0.7714843750
EM_TESTPOINT_4X64_T16,233,0.7675781250
EM_TESTPOINT_4X64_T16,234,0.7656250000
EM_TESTPOINT_4X64_T16,235,0.7812500000
EM_TESTPOINT_4X64_T16,236,0.7558593750
EM_TESTPOINT_4X64_T16,237,0.7753906250
EM_TESTPOINT_4X64_T16,238,0.7558593750
EM_TESTPOINT_4X64_T16,239,0.7714843750
EM_TESTPOINT_4X64_T16,240,0.7812500000
EM_TESTPOINT_4X64_T16,241,0.7617187500
EM_TESTPOINT_4X64_T16,242,0.7636718750
EM_TESTPOINT_4X64_T16,243,0.7597656250
EM_TESTPOINT_4X64_T16,244,0.7597656250
EM_TESTPOINT_4X64_T16,245,0.7597656250
EM_TESTPOINT_4X64_T16,246,0.7792968750
EM_TESTPOINT_4X64_T16,247,0.7617187500
EM_TESTPOINT_4X64_T16,248,0.7441406250
EM_TESTPOINT_4X64_T16,249,0.7812500000
EM_TESTPOINT_4X64_T16,250,0.7500000000
EM_TESTPOINT_4X64_T16,251,0.7656250000
EM_TESTPOINT_4X64_T16,252,0.7988281250
EM_TESTPOINT_4X64_T16,253,0.7207031250
EM_TESTPOINT_4X64_T16,254,0.7636718750
EM_TESTPOINT_4X64_T16,255,0.7929687500
EM_TESTPOINT_4X64_T16,256,0.7500000000
EM_TESTPOINT_4X64_T16,257,0.7500000000
EM_TESTPOINT_4X64_T16,258,0.7714843750
EM_TESTPOINT_4X64_T16,259,0.7734375000
EM_TESTPOINT_4X64_T16,260,0.7851562500
EM_TESTPOINT_4X64_T16,261,0.7539062500
EM_TESTPOINT_4X64_T16,262,0.7597656250
EM_TESTPOINT_4X64_T16,263,0.7714843750
EM_TESTPOINT_4X64_T16,264,0.7421875000
EM_TESTPOINT_4X64_T16,265,0.7695312500
EM_TESTPOINT_4X64_T16,266,0.7382812500
EM_TESTPOINT_4X64_T16,267,0.7773437500
EM_TESTPOINT_4X64_T16,268,0.7519531250
EM_TESTPOINT_4X64_T16,269,0.7675781250
EM_TESTPOINT_4X64_T16,270,0.7578125000
EM_TESTPOINT_4X64_T16,271,0.7246093750
EM_TESTPOINT_4X64_T16,272,0.7500000000
EM_TESTPOINT_4X64_T16,273,0.7500000000
EM_TESTPOINT_4X64_T16,274,0.7246093750
EM_TESTPOINT_4X64_T16,275,0.7812500000
EM_TESTPOINT_4X64_T16,276,0.7402343750
EM_TESTPOINT_4X64_T16,277,0.7675781250
EM_TESTPOINT_4X64_T16,278,0.7265625000
EM_TESTPOINT_4X64_T16,279,0.7871093750
EM_TESTPOINT_4X64_T16,280,0.7695312500
EM_TESTPOINT_4X64_T16,281,0.7421875000
EM_TESTPOINT_4X64_T16,282,0.7480468750
EM_TESTPOINT_4X64_T16,283,0.7578125000
EM_TESTPOINT_4X64_T16,284,0.7597656250
EM_TESTPOINT_4X64_T16,285,0.7343750000
EM_TESTPOINT_4X64_T16,286,0.7480468750
EM_TESTPOINT_4X64_T16,287,0.7578125000
EM_TESTPOINT_4X64_T16,288,0.7792968750
EM_TESTPOINT_4X64_T16,289,0.7460937500
EM_TESTPOINT_4X64_T16,290,0.7578125000
EM_TESTPOINT_4X64_T16,291,0.7597656250
EM_TESTPOINT_4X64_T16,292,0.7363281250
EM_TESTPOINT_4X64_T16,293,0.7695312500
EM_TESTPOINT_4X64_T16,294,0.7734375000
EM_TESTPOINT_4X64_T16,295,0.7773437500
EM_TESTPOINT_4X64_T16,296,0.7578125000
EM_TESTPOINT_4X64_T16,297,0.7812500000
EM_TESTPOINT_4X64_T16,298,0.7597656250
EM_TESTPOINT_4X64_T16,299,0.7304687500
EM_TESTPOINT_4X64_T16,300,0.8066406250
EM_TESTPOINT_4X64_T16,301,0.7226562500
EM_TESTPOINT_4X64_T16,302,0.7519531250
EM_TESTPOINT_4X64_T16,303,0.7851562500
EM_TESTPOINT_4X64_T16,304,0.7734375000
EM_TESTPOINT_4X64_T16,305,0.7832031250
EM_TESTPOINT_4X64_T16,306,0.7773437500
EM_TESTPOINT_4X64_T16,307,0.7656250000
EM_TESTPOINT_4X64_T16,308,0.7558593750
EM_TESTPOINT_4X64_T16,309,0.7675781250
EM_TESTPOINT_4X64_T16,310,0.7851562500
EM_TESTPOINT_4X64_T16,311,0.7714843750
EM_TESTPOINT_4X64_T16,312,0.7617187500
EM_TESTPOINT_4X64_T16,313,0.7851562500
EM_TESTPOINT_4X64_T16,314,0.7656250000
EM_TESTPOINT_4X64_T16,315,0.7734375000
EM_TESTPOINT_4X64_T16,316,0.7285156250
EM_TESTPOINT_4X64_T16,317,0.7929687500
EM_TESTPOINT_4X64_T16,318,0.7753906250
EM_TESTPOINT_4X64_T16,319,0.7949218750
EM_TESTPOINT_4X64_T16,320,0.7812500000
EM_TESTPOINT_4X64_T16,321,0.7382812500
EM_TESTPOINT_4X64_T16,322,0.7929687500
EM_TESTPOINT_4X64_T16,323,0.7539062500
EM_TESTPOINT_4X64_T16,324,0.8203125000
EM_TESTPOINT_4X64_T16,325,0.7656250000
EM_TESTPOINT_4X64_T16,326,0.7441406250
EM_TESTPOINT_4X64_T16,327,0.7734375000
EM_TESTPOINT_4X64_T16,328,0.7285156250
EM_TESTPOINT_4X64_T16,329,0.7773437500
EM_TESTPOINT_4X64_T16,330,0.7617187500
EM_TESTPOINT_4X64_T16,331,0.7851562500
EM_TESTPOINT_4X64_T16,332,0.8066406250
EM_TESTPOINT_4X64_T16,333,0.7656250000
EM_TESTPOINT_4X64_T16,334,0.7480468750
EM_TESTPOINT_4X64_T16,335,0.7324218750
EM_TESTPOINT_4X64_T16,336,0.7656250000
EM_TESTPOINT_4X64_T16,337,0.7539062500
EM_TESTPOINT_4X64_T16,338,0.7871093750
EM_TESTPOINT_4X64_T16,339,0.7734375000
EM_TESTPOINT_4X64_T16,340,0.7343750000
EM_TESTPOINT_4X64_T16,341,0.7441406250
EM_TESTPOINT_4X64_T16,342,0.7636718750
EM_TESTPOINT_4X64_T16,343,0.7578125000
EM_TESTPOINT_4X64_T16,344,0.7656250000
EM_TESTPOINT_4X64_T16,345,0.7500000000
EM_TESTPOINT_4X64_T16,346,0.7617187500
EM_TESTPOINT_4X64_T16,347,0.7792968750
EM_TESTPOINT_4X64_T16,348,0.7421875000
EM_TESTPOINT_4X64_T16,349,0.7617187500
EM_TESTPOINT_4X64_T16,350,0.7480468750
EM_TESTPOINT_4X64_T16,351,0.7792968750
EM_TESTPOINT_4X64_T16,352,0.7656250000
EM_TESTPOINT_4X64_T16,353,0.7304687500
EM_TESTPOINT_4X64_T16,354,0.7363281250
EM_TESTPOINT_4X64_T16,355,0.7753906250
EM_TESTPOINT_4X64_T16,356,0.7656250000
EM_TESTPOINT_4X64_T16,357,0.7636718750
EM_TESTPOINT_4X64_T16,358,0.7636718750
EM_TESTPOINT_4X64_T16,359,0.7558593750
EM_TESTPOINT_4X64_T16,360,0.7500000000
EM_TESTPOINT_4X64_T16,361,0.7832031250
EM_TESTPOINT_4X64_T16,362,0.7265625000
EM_TESTPOINT_4X64_T16,363,0.7871093750
EM_TESTPOINT_4X64_T16,364,0.7519531250
EM_TESTPOINT_4X64_T16,365,0.7695312500
EM_TESTPOINT_4X64_T16,366,0.7558593750
EM_TESTPOINT_4X64_T16,367,0.7617187500
EM_TESTPOINT_4X64_T16,368,0.8007812500
EM_TESTPOINT_4X64_T16,369,0.7910156250
EM_TESTPOINT_4X64_T16,370,0.7597656250
EM_TESTPOINT_4X64_T16,371,0.7988281250
EM_TESTPOINT_4X64_T16,372,0.7578125000
EM_TESTPOINT_4X64_T16,373,0.7910156250
EM_TESTPOINT_4X64_T16,374,0.7636718750
EM_TESTPOINT_4X64_T16,375,0.7539062500
EM_TESTPOINT_4X64_T16,376,0.7597656250
EM_TESTPOINT_4X64_T16,377,0.7382812500
EM_TESTPOINT_4X64_T16,378,0.7695312500
EM_TESTPOINT_4X64_T16,379,0.7363281250
EM_TESTPOINT_4X64_T16,380,0.7675781250
EM_TESTPOINT_4X64_T16,381,0.7812500000
EM_TESTPOINT_4X64_T16,382,0.7871093750
EM_TESTPOINT_4X64_T16,383,0.7832031250
EM_TESTPOINT_4X64_T16,384,0.7812500000
EM_TESTPOINT_4X64_T16,385,0.7656250000
EM_TESTPOINT_4X64_T16,386,0.7187500000
EM_TESTPOINT_4X64_T16,387,0.7363281250
EM_TESTPOINT_4X64_T16,388,0.7402343750
EM_TESTPOINT_4X64_T16,389,0.7812500000
EM_TESTPOINT_4X64_T16,390,0.7441406250
EM_TESTPOINT_4X64_T16,391,0.7675781250
EM_TESTPOINT_4X64_T16,392,0.7714843750
EM_TESTPOINT_4X64_T16,393,0.7773437500
EM_TESTPOINT_4X64_T16,394,0.7363281250
EM_TESTPOINT_4X64_T16,395,0.7460937500
EM_TESTPOINT_4X64_T16,396,0.7753906250
EM_TESTPOINT_4X64_T16,397,0.7187500000
EM_TESTPOINT_4X64_T16,398,0.7324218750
EM_TESTPOINT_4X64_T16,399,0.7539062500
EM_TESTPOINT_4X64_T16,400,0.7714843750
EM_TESTPOINT_4X64_T16,401,0.7617187500
EM_TESTPOINT_4X64_T16,402,0.7792968750
EM_TESTPOINT_4X64_T16,403,0.7714843750
EM_TESTPOINT_4X64_T16,404,0.7636718750
EM_TESTPOINT_4X64_T16,405,0.7792968750
EM_TESTPOINT_4X64_T16,406,0.7578125000
EM_TESTPOINT_4X64_T16,407,0.7851562500
EM_TESTPOINT_4X64_T16,408,0.7675781250
EM_TESTPOINT_4X64_T16,409,0.7480468750
EM_TESTPOINT_4X64_T16,410,0.7480468750
EM_TESTPOINT_4X64_T16,411,0.7558593750
EM_TESTPOINT_4X64_T16,412,0.7441406250
EM_TESTPOINT_4X64_T16,413,0.8007812500
EM_TESTPOINT_4X64_T16,414,0.7734375000
EM_TESTPOINT_4X64_T16,415,0.7851562500
EM_TESTPOINT_4X64_T16,416,0.7558593750
EM_TESTPOINT_4X64_T16,417,0.7871093750
EM_TESTPOINT_4X64_T16,418,0.7949218750
EM_TESTPOINT_4X64_T16,419,0.7363281250
EM_TESTPOINT_4X64_T16,420,0.7343750000
EM_TESTPOINT_4X64_T16,421,0.7246093750
EM_TESTPOINT_4X64_T16,422,0.7460937500
EM_TESTPOINT_4X64_T16,423,0.7656250000
EM_TESTPOINT_4X64_T16,424,0.7441406250
EM_TESTPOINT_4X64_T16,425,0.7832031250
EM_TESTPOINT_4X64_T16,426,0.7167968750
EM_TESTPOINT_4X64_T16,427,0.7480468750
EM_TESTPOINT_4X64_T16,428,0.7695312500
EM_TESTPOINT_4X64_T16,429,0.7460937500
EM_TESTPOINT_4X64_T16,430,0.7597656250
EM_TESTPOINT_4X64_T16,431,0.7636718750
EM_TESTPOINT_4X64_T16,432,0.7851562500
EM_TESTPOINT_4X64_T16,433,0.7578125000
EM_TESTPOINT_4X64_T16,434,0.7753906250
EM_TESTPOINT_4X64_T16,435,0.7617187500
EM_TESTPOINT_4X64_T16,436,0.7421875000
EM_TESTPOINT_4X64_T16,437,0.7421875000
EM_TESTPOINT_4X64_T16,438,0.7402343750
EM_TESTPOINT_4X64_T16,439,0.7910156250
EM_TESTPOINT_4X64_T16,440,0.8046875000
EM_TESTPOINT_4X64_T16,441,0.7500000000
EM_TESTPOINT_4X64_T16,442,0.7226562500
EM_TESTPOINT_4X64_T16,443,0.7695312500
EM_TESTPOINT_4X64_T16,444,0.7617187500
EM_TESTPOINT_4X64_T16,445,0.7714843750
EM_TESTPOINT_4X64_T16,446,0.7714843750
EM_TESTPOINT_4X64_T16,447,0.7792968750
EM_TESTPOINT_4X64_T16,448,0.7773437500
EM_TESTPOINT_4X64_T16,449,0.7812500000
EM_TESTPOINT_4X64_T16,450,0.7734375000
EM_TESTPOINT_4X64_T16,451,0.7363281250
EM_TESTPOINT_4X64_T16,452,0.7832031250
EM_TESTPOINT_4X64_T16,453,0.7460937500
EM_TESTPOINT_4X64_T16,454,0.7363281250
EM_TESTPOINT_4X64_T16,455,0.7480468750
EM_TESTPOINT_4X64_T16,456,0.7656250000
EM_TESTPOINT_4X64_T16,457,0.7031250000
EM_TESTPOINT_4X64_T16,458,0.7382812500
EM_TESTPOINT_4X64_T16,459,0.7578125000
EM_TESTPOINT_4X64_T16,460,0.7675781250
EM_TESTPOINT_4X64_T16,461,0.7832031250
EM_TESTPOINT_4X64_T16,462,0.7753906250
EM_TESTPOINT_4X64_T16,463,0.7207031250
EM_TESTPOINT_4X64_T16,464,0.7597656250
EM_TESTPOINT_4X64_T16,465,0.7539062500
EM_TESTPOINT_4X64_T16,466,0.7421875000
EM_TESTPOINT_4X64_T16,467,0.7871093750
EM_TESTPOINT_4X64_T16,468,0.7402343750
EM_TESTPOINT_4X64_T16,469,0.7812500000
EM_TESTPOINT_4X64_T16,470,0.7363281250
EM_TESTPOINT_4X64_T16,471,0.7753906250
EM_TESTPOINT_4X64_T16,472,0.7343750000
EM_TESTPOINT_4X64_T16,473,0.7539062500
EM_TESTPOINT_4X64_T16,474,0.7792968750
EM_TESTPOINT_4X64_T16,475,0.7441406250
EM_TESTPOINT_4X64_T16,476,0.7910156250
EM_TESTPOINT_4X64_T16,477,0.7617187500
EM_TESTPOINT_4X64_T16,478,0.7832031250
EM_TESTPOINT_4X64_T16,479,0.7832031250
EM_TESTPOINT_4X64_T16,480,0.7617187500
EM_TESTPOINT_4X64_T16,481,0.7675781250
EM_TESTPOINT_4X64_T16,482,0.7773437500
EM_TESTPOINT_4X64_T16,483,0.7792968750
EM_TESTPOINT_4X64_T16,484,0.7988281250
EM_TESTPOINT_4X64_T16,485,0.7539062500
EM_TESTPOINT_4X64_T16,486,0.7734375000
EM_TESTPOINT_4X64_T16,487,0.7500000000
EM_TESTPOINT_4X64_T16,488,0.7832031250
EM_TESTPOINT_4X64_T16,489,0.7851562500
EM_TESTPOINT_4X64_T16,490,0.7480468750
EM_TESTPOINT_4X64_T16,491,0.7402343750
EM_TESTPOINT_4X64_T16,492,0.7753906250
EM_TESTPOINT_4X64_T16,493,0.7070312500
EM_TESTPOINT_4X64_T16,494,0.7949218750
EM_TESTPOINT_4X64_T16,495,0.7558593750
EM_TESTPOINT_4X64_T16,496,0.7500000000
EM_TESTPOINT_4X64_T16,497,0.7265625000
EM_TESTPOINT_4X64_T16,498,0.7812500000
EM_TESTPOINT_4X64_T16,499,0.7617187500
EM_TESTPOINT_4X64_T16,500,0.7617187500
EM_TESTPOINT_4X64_T16,501,0.7617187500
EM_TESTPOINT_4X64_T16,502,0.7753906250
EM_TESTPOINT_4X64_T16,503,0.7656250000
EM_TESTPOINT_4X64_T16,504,0.7636718750
EM_TESTPOINT_4X64_T16,505,0.7500000000
EM_TESTPOINT_4X64_T16,506,0.7871093750
EM_TESTPOINT_4X64_T16,507,0.7578125000
EM_TESTPOINT_4X64_T16,508,0.7812500000
EM_TESTPOINT_4X64_T16,509,0.7714843750
EM_TESTPOINT_4X64_T16,510,0.7324218750
EM_TESTPOINT_4X64_T16,511,0.7246093750
EM_TESTPOINT_4X64_T16,512,0.7597656250
EM_TESTPOINT_4X64_T16,513,0.7519531250
EM_TESTPOINT_4X64_T16,514,0.7382812500
EM_TESTPOINT_4X64_T16,515,0.7988281250
EM_TESTPOINT_4X64_T16,516,0.7539062500
EM_TESTPOINT_4X64_T16,517,0.7539062500
EM_TESTPOINT_4X64_T16,518,0.8066406250
EM_TESTPOINT_4X64_T16,519,0.7558593750
EM_TESTPOINT_4X64_T16,520,0.7871093750
EM_TESTPOINT_4X64_T16,521,0.7246093750
EM_TESTPOINT_4X64_T16,522,0.7519531250
EM_TESTPOINT_4X64_T16,523,0.7578125000
EM_TESTPOINT_4X64_T16,524,0.7714843750
EM_TESTPOINT_4X64_T16,525,0.7441406250
EM_TESTPOINT_4X64_T16,526,0.7460937500
EM_TESTPOINT_4X64_T16,527,0.7773437500
EM_TESTPOINT_4X64_T16,528,0.7832031250
EM_TESTPOINT_4X64_T16,529,0.7402343750
EM_TESTPOINT_4X64_T16,530,0.7089843750
EM_TESTPOINT_4X64_T16,531,0.7734375000
EM_TESTPOINT_4X64_T16,532,0.7519531250
EM_TESTPOINT_4X64_T16,533,0.7460937500
EM_TESTPOINT_4X64_T16,534,0.8007812500
EM_TESTPOINT_4X64_T16,535,0.7578125000
EM_TESTPOINT_4X64_T16,536,0.7519531250
EM_TESTPOINT_4X64_T16,537,0.7792968750
EM_TESTPOINT_4X64_T16,538,0.7675781250
EM_TESTPOINT_4X64_T16,539,0.7617187500
EM_TESTPOINT_4X64_T16,540,0.7617187500
EM_TESTPOINT_4X64_T16,541,0.7324218750
EM_TESTPOINT_4X64_T16,542,0.7656250000
EM_TESTPOINT_4X64_T16,543,0.7363281250
EM_TESTPOINT_4X64_T16,544,0.7480468750
EM_TESTPOINT_4X64_T16,545,0.7500000000
EM_TESTPOINT_4X64_T16,546,0.7734375000
EM_TESTPOINT_4X64_T16,547,0.7578125000
EM_TESTPOINT_4X64_T16,548,0.7363281250
EM_TESTPOINT_4X64_T16,549,0.7597656250
EM_TESTPOINT_4X64_T16,550,0.7402343750
EM_TESTPOINT_4X64_T16,551,0.7617187500
EM_TESTPOINT_4X64_T16,552,0.7617187500
EM_TESTPOINT_4X64_T16,553,0.7753906250
EM_TESTPOINT_4X64_T16,554,0.7460937500
EM_TESTPOINT_4X64_T16,555,0.7695312500
EM_TESTPOINT_4X64_T16,556,0.7402343750
EM_TESTPOINT_4X64_T16,557,0.7851562500
EM_TESTPOINT_4X64_T16,558,0.7421875000
EM_TESTPOINT_4X64_T16,559,0.8046875000
EM_TESTPOINT_4X64_T16,560,0.7929687500
EM_TESTPOINT_4X64_T16,561,0.7265625000
EM_TESTPOINT_4X64_T16,562,0.7753906250
EM_TESTPOINT_4X64_T16,563,0.7480468750
EM_TESTPOINT_4X64_T16,564,0.7402343750
EM_TESTPOINT_4X64_T16,565,0.7675781250
EM_TESTPOINT_4X64_T16,566,0.7324218750
EM_TESTPOINT_4X64_T16,567,0.7500000000
EM_TESTPOINT_4X64_T16,568,0.7910156250
EM_TESTPOINT_4X64_T16,569,0.7968750000
EM_TESTPOINT_4X64_T16,570,0.7656250000
EM_TESTPOINT_4X64_T16,571,0.7773437500
EM_TESTPOINT_4X64_T16,572,0.7832031250
EM_TESTPOINT_4X64_T16,573,0.7890625000
EM_TESTPOINT_4X64_T16,574,0.7617187500
EM_TESTPOINT_4X64_T16,575,0.7871093750
EM_TESTPOINT_4X64_T16,576,0.7871093750
EM_TESTPOINT_4X64_T16,577,0.7480468750
EM_TESTPOINT_4X64_T16,578,0.7656250000
EM_TESTPOINT_4X64_T16,579,0.7910156250
EM_TESTPOINT_4X64_T16,580,0.7402343750
EM_TESTPOINT_4X64_T16,581,0.7187500000
EM_TESTPOINT_4X64_T16,582,0.7753906250
EM_TESTPOINT_4X64_T16,583,0.7734375000
EM_TESTPOINT_4X64_T16,584,0.7675781250
EM_TESTPOINT_4X64_T16,585,0.7597656250
EM_TESTPOINT_4X64_T16,586,0.7656250000
EM_TESTPOINT_4X64_T16,587,0.7656250000
EM_TESTPOINT_4X64_T16,588,0.7871093750
EM_TESTPOINT_4X64_T16,589,0.7265625000
EM_TESTPOINT_4X64_T16,590,0.7812500000
EM_TESTPOINT_4X64_T16,591,0.7792968750
EM_TESTPOINT_4X64_T16,592,0.7832031250
EM_TESTPOINT_4X64_T16,593,0.7480468750
EM_TESTPOINT_4X64_T16,594,0.7558593750
EM_TESTPOINT_4X64_T16,595,0.7832031250
EM_TESTPOINT_4X64_T16,596,0.7968750000
EM_TESTPOINT_4X64_T16,597,0.7617187500
EM_TESTPOINT_4X64_T16,598,0.7363281250
EM_TESTPOINT_4X64_T16,599,0.7617187500
EM_TESTPOINT_4X64_T16,600,0.7675781250
EM_TESTPOINT_4X64_T16,601,0.7578125000
EM_TESTPOINT_4X64_T16,602,0.8027343750
EM_TESTPOINT_4X64_T16,603,0.7460937500
EM_TESTPOINT_4X64_T16,604,0.7656250000
EM_TESTPOINT_4X64_T16,605,0.7812500000
EM_TESTPOINT_4X64_T16,606,0.7558593750
EM_TESTPOINT_4X64_T16,607,0.7832031250
EM_TESTPOINT_4X64_T16,608,0.8183593750
EM_TESTPOINT_4X64_T16,609,0.7441406250
EM_TESTPOINT_4X64_T16,610,0.7500000000
EM_TESTPOINT_4X64_T16,611,0.7695312500
EM_TESTPOINT_4X64_T16,612,0.7558593750
EM_TESTPOINT_4X64_T16,613,0.7851562500
EM_TESTPOINT_4X64_T16,614,0.7207031250
EM_TESTPOINT_4X64_T16,615,0.7558593750
EM_TESTPOINT_4X64_T16,616,0.7558593750
EM_TESTPOINT_4X64_T16,617,0.7304687500
EM_TESTPOINT_4X64_T16,618,0.7578125000
EM_TESTPOINT_4X64_T16,619,0.7636718750
EM_TESTPOINT_4X64_T16,620,0.7460937500
EM_TESTPOINT_4X64_T16,621,0.7460937500
EM_TESTPOINT_4X64_T16,622,0.7714843750
EM_TESTPOINT_4X64_T16,623,0.7265625000
EM_TESTPOINT_4X64_T16,624,0.7773437500
EM_TESTPOINT_4X64_T16,625,0.7363281250
EM_TESTPOINT_4X64_T16,626,0.7832031250
EM_TESTPOINT_4X64_T16,627,0.7714843750
EM_TESTPOINT_4X64_T16,628,0.7734375000
EM_TESTPOINT_4X64_T16,629,0.7382812500
EM_TESTPOINT_4X64_T16,630,0.7910156250
EM_TESTPOINT_4X64_T16,631,0.7734375000
EM_TESTPOINT_4X64_T16,632,0.7675781250
EM_TESTPOINT_4X64_T16,633,0.7343750000
EM_TESTPOINT_4X64_T16,634,0.7636718750
EM_TESTPOINT_4X64_T16,635,0.7714843750
EM_TESTPOINT_4X64_T16,636,0.7265625000
EM_TESTPOINT_4X64_T16,637,0.7636718750
EM_TESTPOINT_4X64_T16,638,0.7695312500
EM_TESTPOINT_4X64_T16,639,0.7539062500
EM_TESTPOINT_4X64_T16,640,0.7324218750
EM_TESTPOINT_4X64_T16,641,0.7812500000
EM_TESTPOINT_4X64_T16,642,0.7519531250
EM_TESTPOINT_4X64_T16,643,0.7187500000
EM_TESTPOINT_4X64_T16,644,0.7304687500
EM_TESTPOINT_4X64_T16,645,0.7636718750
EM_TESTPOINT_4X64_T16,646,0.8222656250
EM_TESTPOINT_4X64_T16,647,0.7148437500
EM_TESTPOINT_4X64_T16,648,0.7539062500
EM_TESTPOINT_4X64_T16,649,0.7714843750
EM_TESTPOINT_4X64_T16,650,0.7285156250
EM_TESTPOINT_4X64_T16,651,0.7441406250
EM_TESTPOINT_4X64_T16,652,0.7929687500
EM_TESTPOINT_4X64_T16,653,0.8046875000
EM_TESTPOINT_4X64_T16,654,0.7832031250
EM_TESTPOINT_4X64_T16,655,0.7304687500
EM_TESTPOINT_4X64_T16,656,0.7851562500
EM_TESTPOINT_4X64_T16,657,0.7382812500
EM_TESTPOINT_4X64_T16,658,0.7675781250
EM_TESTPOINT_4X64_T16,659,0.7636718750
EM_TESTPOINT_4X64_T16,660,0.7500000000
EM_TESTPOINT_4X64_T16,661,0.8007812500
EM_TESTPOINT_4X64_T16,662,0.7636718750
EM_TESTPOINT_4X64_T16,663,0.7402343750
EM_TESTPOINT_4X64_T16,664,0.7871093750
EM_TESTPOINT_4X64_T16,665,0.7265625000
EM_TESTPOINT_4X64_T16,666,0.7441406250
EM_TESTPOINT_4X64_T16,667,0.7929687500
EM_TESTPOINT_4X64_T16,668,0.7695312500
EM_TESTPOINT_4X64_T16,669,0.7734375000
EM_TESTPOINT_4X64_T16,670,0.7324218750
EM_TESTPOINT_4X64_T16,671,0.7558593750
EM_TESTPOINT_4X64_T16,672,0.7519531250
EM_TESTPOINT_4X64_T16,673,0.7480468750
EM_TESTPOINT_4X64_T16,674,0.7734375000
EM_TESTPOINT_4X64_T16,675,0.7441406250
EM_TESTPOINT_4X64_T16,676,0.7910156250
EM_TESTPOINT_4X64_T16,677,0.7773437500
EM_TESTPOINT_4X64_T16,678,0.7656250000
EM_TESTPOINT_4X64_T16,679,0.7460937500
EM_TESTPOINT_4X64_T16,680,0.7773437500
EM_TESTPOINT_4X64_T16,681,0.7519531250
EM_TESTPOINT_4X64_T16,682,0.7734375000
EM_TESTPOINT_4X64_T16,683,0.7597656250
EM_TESTPOINT_4X64_T16,684,0.7636718750
EM_TESTPOINT_4X64_T16,685,0.7617187500
EM_TESTPOINT_4X64_T16,686,0.7851562500
EM_TESTPOINT_4X64_T16,687,0.7832031250
EM_TESTPOINT_4X64_T16,688,0.7382812500
EM_TESTPOINT_4X64_T16,689,0.7539062500
EM_TESTPOINT_4X64_T16,690,0.7578125000
EM_TESTPOINT_4X64_T16,691,0.7480468750
EM_TESTPOINT_4X64_T16,692,0.7460937500
EM_TESTPOINT_4X64_T16,693,0.7441406250
EM_TESTPOINT_4X64_T16,694,0.7871093750
EM_TESTPOINT_4X64_T16,695,0.7656250000
EM_TESTPOINT_4X64_T16,696,0.7656250000
EM_TESTPOINT_4X64_T16,697,0.7539062500
EM_TESTPOINT_4X64_T16,698,0.7558593750
EM_TESTPOINT_4X64_T16,699,0.7636718750
EM_TESTPOINT_4X64_T16,700,0.7304687500
EM_TESTPOINT_4X64_T16,701,0.7734375000
EM_TESTPOINT_4X64_T16,702,0.7519531250
EM_TESTPOINT_4X64_T16,703,0.7753906250
EM_TESTPOINT_4X64_T16,704,0.7500000000
EM_TESTPOINT_4X64_T16,705,0.7636718750
EM_TESTPOINT_4X64_T16,706,0.7714843750
EM_TESTPOINT_4X64_T16,707,0.7500000000
EM_TESTPOINT_4X64_T16,708,0.7968750000
EM_TESTPOINT_4X64_T16,709,0.7675781250
EM_TESTPOINT_4X64_T16,710,0.7714843750
EM_TESTPOINT_4X64_T16,711,0.7949218750
EM_TESTPOINT_4X64_T16,712,0.7890625000
EM_TESTPOINT_4X64_T16,713,0.7617187500
EM_TESTPOINT_4X64_T16,714,0.7441406250
EM_TESTPOINT_4X64_T16,715,0.7148437500
EM_TESTPOINT_4X64_T16,716,0.7558593750
EM_TESTPOINT_4X64_T16,717,0.7402343750
EM_TESTPOINT_4X64_T16,718,0.7539062500
EM_TESTPOINT_4X64_T16,719,0.7421875000
EM_TESTPOINT_4X64_T16,720,0.7500000000
EM_TESTPOINT_4X64_T16,721,0.7871093750
EM_TESTPOINT_4X64_T16,722,0.7617187500
EM_TESTPOINT_4X64_T16,723,0.7460937500
EM_TESTPOINT_4X64_T16,724,0.7617187500
EM_TESTPOINT_4X64_T16,725,0.7773437500
EM_TESTPOINT_4X64_T16,726,0.7597656250
EM_TESTPOINT_4X64_T16,727,0.7246093750
EM_TESTPOINT_4X64_T16,728,0.7871093750
EM_TESTPOINT_4X64_T16,729,0.7734375000
EM_TESTPOINT_4X64_T16,730,0.7539062500
EM_TESTPOINT_4X64_T16,731,0.7324218750
EM_TESTPOINT_4X64_T16,732,0.7656250000
EM_TESTPOINT_4X64_T16,733,0.7382812500
EM_TESTPOINT_4X64_T16,734,0.7714843750
EM_TESTPOINT_4X64_T16,735,0.7519531250
EM_TESTPOINT_4X64_T16,736,0.7421875000
EM_TESTPOINT_4X64_T16,737,0.7519531250
EM_TESTPOINT_4X64_T16,738,0.7617187500
EM_TESTPOINT_4X64_T16,739,0.7812500000
EM_TESTPOINT_4X64_T16,740,0.7148437500
EM_TESTPOINT_4X64_T16,741,0.7578125000
EM_TESTPOINT_4X64_T16,742,0.7714843750
EM_TESTPOINT_4X64_T16,743,0.7500000000
EM_TESTPOINT_4X64_T16,744,0.7500000000
EM_TESTPOINT_4X64_T16,745,0.7753906250
EM_TESTPOINT_4X64_T16,746,0.7773437500
EM_TESTPOINT_4X64_T16,747,0.7421875000
EM_TESTPOINT_4X64_T16,748,0.8046875000
EM_TESTPOINT_4X64_T16,749,0.7753906250
EM_TESTPOINT_4X64_T16,750,0.7539062500
EM_TESTPOINT_4X64_T16,751,0.7578125000
EM_TESTPOINT_4X64_T16,752,0.7500000000
EM_TESTPOINT_4X64_T16,753,0.8007812500
EM_TESTPOINT_4X64_T16,754,0.7382812500
EM_TESTPOINT_4X64_T16,755,0.7226562500
EM_TESTPOINT_4X64_T16,756,0.7597656250
EM_TESTPOINT_4X64_T16,757,0.7050781250
EM_TESTPOINT_4X64_T16,758,0.7441406250
EM_TESTPOINT_4X64_T16,759,0.7382812500
EM_TESTPOINT_4X64_T16,760,0.7714843750
EM_TESTPOINT_4X64_T16,761,0.7539062500
EM_TESTPOINT_4X64_T16,762,0.7734375000
EM_TESTPOINT_4X64_T16,763,0.7734375000
EM_TESTPOINT_4X64_T16,764,0.7558593750
EM_TESTPOINT_4X64_T16,765,0.7539062500
EM_TESTPOINT_4X64_T16,766,0.7402343750
EM_TESTPOINT_4X64_T16,767,0.7187500000
EM_TESTPOINT_4X64_T16,768,0.7656250000
EM_TESTPOINT_4X64_T16,769,0.7421875000
EM_TESTPOINT_4X64_T16,770,0.7812500000
EM_TESTPOINT_4X64_T16,771,0.7500000000
EM_TESTPOINT_4X64_T16,772,0.7812500000
EM_TESTPOINT_4X64_T16,773,0.7148437500
EM_TESTPOINT_4X64_T16,774,0.7226562500
EM_TESTPOINT_4X64_T16,775,0.7558593750
EM_TESTPOINT_4X64_T16,776,0.7441406250
EM_TESTPOINT_4X64_T16,777,0.7734375000
EM_TESTPOINT_4X64_T16,778,0.7617187500
EM_TESTPOINT_4X64_T16,779,0.7968750000
EM_TESTPOINT_4X64_T16,780,0.7910156250
EM_TESTPOINT_4X64_T16,781,0.7714843750
EM_TESTPOINT_4X64_T16,782,0.7382812500
EM_TESTPOINT_4X64_T16,783,0.7695312500
EM_TESTPOINT_4X64_T16,784,0.7460937500
EM_TESTPOINT_4X64_T16,785,0.7597656250
EM_TESTPOINT_4X64_T16,786,0.7597656250
EM_TESTPOINT_4X64_T16,787,0.7695312500
EM_TESTPOINT_4X64_T16,788,0.7734375000
EM_TESTPOINT_4X64_T16,789,0.7460937500
EM_TESTPOINT_4X64_T16,790,0.7382812500
EM_TESTPOINT_4X64_T16,791,0.7714843750
EM_TESTPOINT_4X64_T16,792,0.7890625000
EM_TESTPOINT_4X64_T16,793,0.7773437500
EM_TESTPOINT_4X64_T16,794,0.7519531250
EM_TESTPOINT_4X64_T16,795,0.7363281250
EM_TESTPOINT_4X64_T16,796,0.7734375000
EM_TESTPOINT_4X64_T16,797,0.7792968750
EM_TESTPOINT_4X64_T16,798,0.7480468750
EM_TESTPOINT_4X64_T16,799,0.7617187500
EM_TESTPOINT_4X64_T16,800,0.7832031250
EM_TESTPOINT_4X64_T16,801,0.7226562500
EM_TESTPOINT_4X64_T16,802,0.7597656250
EM_TESTPOINT_4X64_T16,803,0.7753906250
EM_TESTPOINT_4X64_T16,804,0.7500000000
EM_TESTPOINT_4X64_T16,805,0.7519531250
EM_TESTPOINT_4X64_T16,806,0.7792968750
EM_TESTPOINT_4X64_T16,807,0.7871093750
EM_TESTPOINT_4X64_T16,808,0.7675781250
EM_TESTPOINT_4X64_T16,809,0.7910156250
EM_TESTPOINT_4X64_T16,810,0.7558593750
EM_TESTPOINT_4X64_T16,811,0.7480468750
EM_TESTPOINT_4X64_T16,812,0.7480468750
EM_TESTPOINT_4X64_T16,813,0.7695312500
EM_TESTPOINT_4X64_T16,814,0.7656250000
EM_TESTPOINT_4X64_T16,815,0.7500000000
EM_TESTPOINT_4X64_T16,816,0.7343750000
EM_TESTPOINT_4X64_T16,817,0.7597656250
EM_TESTPOINT_4X64_T16,818,0.7343750000
EM_TESTPOINT_4X64_T16,819,0.7480468750
EM_TESTPOINT_4X64_T16,820,0.8027343750
EM_TESTPOINT_4X64_T16,821,0.7656250000
EM_TESTPOINT_4X64_T16,822,0.7910156250
EM_TESTPOINT_4X64_T16,823,0.7421875000
EM_TESTPOINT_4X64_T16,824,0.7187500000
EM_TESTPOINT_4X64_T16,825,0.7597656250
EM_TESTPOINT_4X64_T16,826,0.7597656250
EM_TESTPOINT_4X64_T16,827,0.7480468750
EM_TESTPOINT_4X64_T16,828,0.7753906250
EM_TESTPOINT_4X64_T16,829,0.7675781250
EM_TESTPOINT_4X64_T16,830,0.7421875000
EM_TESTPOINT_4X64_T16,831,0.7714843750
EM_TESTPOINT_4X64_T16,832,0.7871093750
EM_TESTPOINT_4X64_T16,833,0.7597656250
EM_TESTPOINT_4X64_T16,834,0.7773437500
EM_TESTPOINT_4X64_T16,835,0.7558593750
EM_TESTPOINT_4X64_T16,836,0.7558593750
EM_TESTPOINT_4X64_T16,837,0.7792968750
EM_TESTPOINT_4X64_T16,838,0.7714843750
EM_TESTPOINT_4X64_T16,839,0.7695312500
EM_TESTPOINT_4X64_T16,840,0.7187500000
EM_TESTPOINT_4X64_T16,841,0.7812500000
EM_TESTPOINT_4X64_T16,842,0.7441406250
EM_TESTPOINT_4X64_T16,843,0.7656250000
EM_TESTPOINT_4X64_T16,844,0.7734375000
EM_TESTPOINT_4X64_T16,845,0.7460937500
EM_TESTPOINT_4X64_T16,846,0.8007812500
EM_TESTPOINT_4X64_T16,847,0.8046875000
EM_TESTPOINT_4X64_T16,848,0.7695312500
EM_TESTPOINT_4X64_T16,849,0.7480468750
EM_TESTPOINT_4X64_T16,850,0.7480468750
EM_TESTPOINT_4X64_T16,851,0.7246093750
EM_TESTPOINT_4X64_T16,852,0.6816406250
EM_TESTPOINT_4X64_T16,853,0.7578125000
EM_TESTPOINT_4X64_T16,854,0.7421875000
EM_TESTPOINT_4X64_T16,855,0.7675781250
EM_TESTPOINT_4X64_T16,856,0.7617187500
EM_TESTPOINT_4X64_T16,857,0.7402343750
EM_TESTPOINT_4X64_T16,858,0.7519531250
EM_TESTPOINT_4X64_T16,859,0.7636718750
EM_TESTPOINT_4X64_T16,860,0.7578125000
EM_TESTPOINT_4X64_T16,861,0.7128906250
EM_TESTPOINT_4X64_T16,862,0.7773437500
EM_TESTPOINT_4X64_T16,863,0.7656250000
EM_TESTPOINT_4X64_T16,864,0.7460937500
EM_TESTPOINT_4X64_T16,865,0.7832031250
EM_TESTPOINT_4X64_T16,866,0.7636718750
EM_TESTPOINT_4X64_T16,867,0.7382812500
EM_TESTPOINT_4X64_T16,868,0.7363281250
EM_TESTPOINT_4X64_T16,869,0.7480468750
EM_TESTPOINT_4X64_T16,870,0.7480468750
EM_TESTPOINT_4X64_T16,871,0.7949218750
EM_TESTPOINT_4X64_T16,872,0.7265625000
EM_TESTPOINT_4X64_T16,873,0.7402343750
EM_TESTPOINT_4X64_T16,874,0.7695312500
EM_TESTPOINT_4X64_T16,875,0.7382812500
EM_TESTPOINT_4X64_T16,876,0.7617187500
EM_TESTPOINT_4X64_T16,877,0.7031250000
EM_TESTPOINT_4X64_T16,878,0.7617187500
EM_TESTPOINT_4X64_T16,879,0.7949218750
EM_TESTPOINT_4X64_T16,880,0.7363281250
EM_TESTPOINT_4X64_T16,881,0.7343750000
EM_TESTPOINT_4X64_T16,882,0.7734375000
EM_TESTPOINT_4X64_T16,883,0.7714843750
EM_TESTPOINT_4X64_T16,884,0.7597656250
EM_TESTPOINT_4X64_T16,885,0.7480468750
EM_TESTPOINT_4X64_T16,886,0.7460937500
EM_TESTPOINT_4X64_T16,887,0.7636718750
EM_TESTPOINT_4X64_T16,888,0.7460937500
EM_TESTPOINT_4X64_T16,889,0.7460937500
EM_TESTPOINT_4X64_T16,890,0.7675781250
EM_TESTPOINT_4X64_T16,891,0.8007812500
EM_TESTPOINT_4X64_T16,892,0.7402343750
EM_TESTPOINT_4X64_T16,893,0.7441406250
EM_TESTPOINT_4X64_T16,894,0.7226562500
EM_TESTPOINT_4X64_T16,895,0.7402343750
EM_TESTPOINT_4X64_T16,896,0.7539062500
EM_TESTPOINT_4X64_T16,897,0.7578125000
EM_TESTPOINT_4X64_T16,898,0.7382812500
EM_TESTPOINT_4X64_T16,899,0.7597656250
EM_TESTPOINT_4X64_T16,900,0.7539062500
EM_TESTPOINT_4X64_T16,901,0.7500000000
EM_TESTPOINT_4X64_T16,902,0.7539062500
EM_TESTPOINT_4X64_T16,903,0.7441406250
EM_TESTPOINT_4X64_T16,904,0.7753906250
EM_TESTPOINT_4X64_T16,905,0.7714843750
EM_TESTPOINT_4X64_T16,906,0.7910156250
EM_TESTPOINT_4X64_T16,907,0.7539062500
EM_TESTPOINT_4X64_T16,908,0.7714843750
EM_TESTPOINT_4X64_T16,909,0.7617187500
EM_TESTPOINT_4X64_T16,910,0.7636718750
EM_TESTPOINT_4X64_T16,911,0.7656250000
EM_TESTPOINT_4X64_T16,912,0.7597656250
EM_TESTPOINT_4X64_T16,913,0.7324218750
EM_TESTPOINT_4X64_T16,914,0.7500000000
EM_TESTPOINT_4X64_T16,915,0.7734375000
EM_TESTPOINT_4X64_T16,916,0.7656250000
EM_TESTPOINT_4X64_T16,917,0.7382812500
EM_TESTPOINT_4X64_T16,918,0.7832031250
EM_TESTPOINT_4X64_T16,919,0.7656250000
EM_TESTPOINT_4X64_T16,920,0.7636718750
EM_TESTPOINT_4X64_T16,921,0.7558593750
EM_TESTPOINT_4X64_T16,922,0.7695312500
EM_TESTPOINT_4X64_T16,923,0.7753906250
EM_TESTPOINT_4X64_T16,924,0.7402343750
EM_TESTPOINT_4X64_T16,925,0.7421875000
EM_TESTPOINT_4X64_T16,926,0.7402343750
EM_TESTPOINT_4X64_T16,927,0.7695312500
EM_TESTPOINT_4X64_T16,928,0.7480468750
EM_TESTPOINT_4X64_T16,929,0.7382812500
EM_TESTPOINT_4X64_T16,930,0.7656250000
EM_TESTPOINT_4X64_T16,931,0.7441406250
EM_TESTPOINT_4X64_T16,932,0.7402343750
EM_TESTPOINT_4X64_T16,933,0.7890625000
EM_TESTPOINT_4X64_T16,934,0.7382812500
EM_TESTPOINT_4X64_T16,935,0.7773437500
EM_TESTPOINT_4X64_T16,936,0.7558593750
EM_TESTPOINT_4X64_T16,937,0.7636718750
EM_TESTPOINT_4X64_T16,938,0.7500000000
EM_TESTPOINT_4X64_T16,939,0.7480468750
EM_TESTPOINT_4X64_T16,940,0.7578125000
EM_TESTPOINT_4X64_T16,941,0.7714843750
EM_TESTPOINT_4X64_T16,942,0.7109375000
EM_TESTPOINT_4X64_T16,943,0.7558593750
EM_TESTPOINT_4X64_T16,944,0.7539062500
EM_TESTPOINT_4X64_T16,945,0.8066406250
EM_TESTPOINT_4X64_T16,946,0.7421875000
EM_TESTPOINT_4X64_T16,947,0.7675781250
EM_TESTPOINT_4X64_T16,948,0.7558593750
EM_TESTPOINT_4X64_T16,949,0.7343750000
EM_TESTPOINT_4X64_T16,950,0.7851562500
EM_TESTPOINT_4X64_T16,951,0.7597656250
EM_TESTPOINT_4X64_T16,952,0.7558593750
EM_TESTPOINT_4X64_T16,953,0.7656250000
EM_TESTPOINT_4X64_T16,954,0.7636718750
EM_TESTPOINT_4X64_T16,955,0.7636718750
EM_TESTPOINT_4X64_T16,956,0.7089843750
EM_TESTPOINT_4X64_T16,957,0.7656250000
EM_TESTPOINT_4X64_T16,958,0.7636718750
EM_TESTPOINT_4X64_T16,959,0.7500000000
EM_TESTPOINT_4X64_T16,960,0.7304687500
EM_TESTPOINT_4X64_T16,961,0.7421875000
EM_TESTPOINT_4X64_T16,962,0.7460937500
EM_TESTPOINT_4X64_T16,963,0.7753906250
EM_TESTPOINT_4X64_T16,964,0.6992187500
EM_TESTPOINT_4X64_T16,965,0.7656250000
EM_TESTPOINT_4X64_T16,966,0.7480468750
EM_TESTPOINT_4X64_T16,967,0.7578125000
EM_TESTPOINT_4X64_T16,968,0.7910156250
EM_TESTPOINT_4X64_T16,969,0.7441406250
EM_TESTPOINT_4X64_T16,970,0.7617187500
EM_TESTPOINT_4X64_T16,971,0.7792968750
EM_TESTPOINT_4X64_T16,972,0.7636718750
EM_TESTPOINT_4X64_T16,973,0.7207031250
EM_TESTPOINT_4X64_T16,974,0.7597656250
EM_TESTPOINT_4X64_T16,975,0.7539062500
EM_TESTPOINT_4X64_T16,976,0.7656250000
EM_TESTPOINT_4X64_T16,977,0.7832031250
EM_TESTPOINT_4X64_T16,978,0.7207031250
EM_TESTPOINT_4X64_T16,979,0.7695312500
EM_TESTPOINT_4X64_T16,980,0.7714843750
EM_TESTPOINT_4X64_T16,981,0.7675781250
EM_TESTPOINT_4X64_T16,982,0.7773437500
EM_TESTPOINT_4X64_T16,983,0.7558593750
EM_TESTPOINT_4X64_T16,984,0.7539062500
EM_TESTPOINT_4X64_T16,985,0.7929687500
EM_TESTPOINT_4X64_T16,986,0.7324218750
EM_TESTPOINT_4X64_T16,987,0.7617187500
EM_TESTPOINT_4X64_T16,988,0.7597656250
EM_TESTPOINT_4X64_T16,989,0.7636718750
EM_TESTPOINT_4X64_T16,990,0.7753906250
EM_TESTPOINT_4X64_T16,991,0.7929687500
EM_TESTPOINT_4X64_T16,992,0.7773437500
EM_TESTPOINT_4X64_T16,993,0.7382812500
EM_TESTPOINT_4X64_T16,994,0.7695312500
EM_TESTPOINT_4X64_T16,995,0.7617187500
EM_TESTPOINT_4X64_T16,996,0.7656250000
EM_TESTPOINT_4X64_T16,997,0.7617187500
EM_TESTPOINT_4X64_T16,998,0.7871093750
EM_TESTPOINT_4X64_T16,999,0.7460937500
